Workbook
Name JanActual: #REF!
Name JanActual2: #REF!
Name JanExpected: #REF!
Name JanExpectedDelta: #REF!
Name JanExpectedPercent: #REF!
Name JanExpPercent: #REF!
Name JanForecasted: #REF!
Name JanForecastedDelta: #REF!
Name JanForecastedPercent: #REF!
Name portfolio: Sites!$B$1:$B$1
Name Year: Sites!#REF!

Sheet Littlefield Solar
A1: {=portfolio} -> Walden Renewables Dev't LLC | D1: Year to Date Actual v. Expected | G1: Year to Date Actual v. Forecasted
A2: Total
A3: Site | B3: State | C3: Actual | D3: Expected | E3: Delta | F3: % | G3: Forecasted | H3: Delta | I3: %
A4: {=Sites[Site]} -> ME: Wells - Littlefield Solar | B4: {=Sites[State]} -> MAINE | C4: =SUM('1st Qtr'!C4, '2nd Qtr'!C4, '3rd Qtr'!C4, '4th Qtr'!C4) -> 7557850 | D4: =SUM('1st Qtr'!D4, '2nd Qtr'!D4, '3rd Qtr'!D4, '4th Qtr'!D4) -> 7995642.9 | E4: =IF(AND(ISNUMBER(C4),ISNUMBER(D4)), C4-D4, "") -> -437792.91 | F4: =IFERROR(E4/D4, "") -> -0.054753934 | G4: =SUM('1st Qtr'!G4,'2nd Qtr'!G4,'3rd Qtr'!G4,'4th Qtr'!G4) -> 8153367.3 | H4: =SUM('1st Qtr'!H4, '2nd Qtr'!H4, '3rd Qtr'!H4, '4th Qtr'!H4) -> -595517.26 | I4: =IFERROR(H4/G4, "") -> -0.073039426
A7: Month | C7: Actual | D7: Expected | E7: Delta | F7: % | G7: Forecasted | H7: Delta | I7: % | J7: Notes | K7: Service Requests
A8: January | C8: 213608 | D8: 396501.9 | E8: =IF(AND(ISNUMBER(C8),ISNUMBER(D8)), C8-D8, "") -> -182893.9 | F8: =IFERROR(E8/D8, "") -> -0.46126866 | G8: 419715.6 | H8: =IF(AND(ISNUMBER(C8),ISNUMBER(G8)), C8-G8, "") -> -206107.6 | I8: =IFERROR(H8/G8, "") -> -0.4910649 | J8: 1. Inverter 22 was offline on 01/10, 01/25 to 01/27, 01/29, 01/31 | K8: 1. SR079744
A9: Fabruary | C9: 623639 | D9: 682847 | E9: =IF(AND(ISNUMBER(C9),ISNUMBER(D9)), C9-D9, "") -> -59208 | F9: =IFERROR(E9/D9, "") -> -0.086707564 | G9: 571610.7 | H9: =IF(AND(ISNUMBER(C9),ISNUMBER(G9)), C9-G9, "") -> 52028.3 | I9: =IFERROR(H9/G9, "") -> 0.091020514 | J9: 1.Inverter 22 was offline on 02/02. The technician reset it on the same day, and it is back online. | K9: 1.SR079744
A10: March | C10: 608153.01 | D10: 622451.05 | E10: =IF(AND(ISNUMBER(C10),ISNUMBER(D10)), C10-D10, "") -> -14298.049 | F10: =IFERROR(E10/D10, "") -> -0.02297056 | G10: 759786.62 | H10: =IF(AND(ISNUMBER(C10),ISNUMBER(G10)), C10-G10, "") -> -151633.61 | I10: =IFERROR(H10/G10, "") -> -0.19957395 | J10: 1. Inverter 32 started late on 03/06 & was offline on 03/15 & back online on 03/16. 2. Site is offline from 03/23 at 20:00 to 03/27 at 10:00. | K10: 1. SR081601 2. SR082608
A11: April | C11: 698240 | D11: 705102 | E11: =IF(AND(ISNUMBER(C11),ISNUMBER(D11)), C11-D11, "") -> -6862 | F11: =IFERROR(E11/D11, "") -> -0.0097319253 | G11: 788000 | H11: =IF(AND(ISNUMBER(C11),ISNUMBER(G11)), C11-G11, "") -> -89760 | I11: =IFERROR(H11/G11, "") -> -0.11390863 | J11: 1. Site is offline due to storm from 04/04/24 at 05:00AM and back online at 13:00 on 04/08/24. 2. Inverter 31 is offline from 13:00 to 15:15 on 04/08/24. 3. Inverter 22 is offline due to "Insolation fault" on 04/13 from 07:00AM to 11:15AM. 4. Inverter 20 is derating about 43kW and reporting "fan fail" from 04/13 and need to replace fan. 5. Inverter 5 is offline from 07:00AM to 11:45AM on 04/17/24. 6. Inverter 33 is derating about 17kW and reporting "potential fan fault" on 04/18/24. | K11: 1. SR083080 2. SR083205 3. SR083378 4. SR083431 5. SR083539 6. SR083601
A12: May | C12: 872100 | D12: 680511 | E12: =IF(AND(ISNUMBER(C12),ISNUMBER(D12)), C12-D12, "") -> 191589 | F12: =IFERROR(E12/D12, "") -> 0.28153696 | G12: 917000 | H12: =IF(AND(ISNUMBER(C12),ISNUMBER(G12)), C12-G12, "") -> -44900 | I12: =IFERROR(H12/G12, "") -> -0.048964013 | J12: 1. Inverter 20 tripped offline at 15:15 on 05/21/24 and back online at 07:00AM on 05/31/24. 2. Inverter 32 late started on 05/06/24 due to an insulation fault 3. The weather station stopped communicating on 05/24 at 15:00, and a technician reset the Weather Station DAS and restored communication on 05/31 at 8:30 AM. Due to this, the expected energy values are low compared to the previous month. | K12: 1. SR084988 2. SR081601 3. SR085273
A13: June | C13: 894535 | D13: 903324.7 | E13: =IF(AND(ISNUMBER(C13),ISNUMBER(D13)), C13-D13, "") -> -8789.7 | F13: =IFERROR(E13/D13, "") -> -0.0097303882 | G13: 880592.6 | H13: =IF(AND(ISNUMBER(C13),ISNUMBER(G13)), C13-G13, "") -> 13942.4 | I13: =IFERROR(H13/G13, "") -> 0.015832974 | J13: 1. Site was offline from 6pm of 06/23 and back online at 2pm of 06/24, it was offline due to the recloser being open from the customer's end 2. Inverters 21, 22 & 31 have started late i.e., at 10am on 06/27 | K13: 1. SR086772 2. SR086893
A14: July | C14: 916545 | D14: 922407.79 | E14: =IF(AND(ISNUMBER(C14),ISNUMBER(D14)), C14-D14, "") -> -5862.79 | F14: =IFERROR(E14/D14, "") -> -0.0063559632 | G14: 935829.2 | H14: =IF(AND(ISNUMBER(C14),ISNUMBER(G14)), C14-G14, "") -> -19284.2 | I14: =IFERROR(H14/G14, "") -> -0.020606538 | J14: 1.The main breaker on pad 1 had tripped, pad 2 was still running at 15:30pm on 07/01 and back online at 10:15 on 07/02. 2.Inverter 20 is underproducing 30kW compared to its peers | K14: 1.SR087219 2.SR089524
A15: August | C15: 849701 | D15: 861890.23 | E15: =IF(AND(ISNUMBER(C15),ISNUMBER(D15)), C15-D15, "") -> -12189.235 | F15: =IFERROR(E15/D15, "") -> -0.014142445 | G15: 890773.33 | H15: =IF(AND(ISNUMBER(C15),ISNUMBER(G15)), C15-G15, "") -> -41072.33 | I15: =IFERROR(H15/G15, "") -> -0.046108621 | J15: 1.Inverter 21 didn't start production on 08/05 & 08/06 until 13:00pm. 2. Inverter 20 is underproducing 30kW compared to its peers | K15: 1.SR088651 2.SR089524
A16: September | C16: 849139 | D16: 862028.83 | E16: =IF(AND(ISNUMBER(C16),ISNUMBER(D16)), C16-D16, "") -> -12889.832 | F16: =IFERROR(E16/D16, "") -> -0.014952901 | G16: 741173.82 | H16: =IF(AND(ISNUMBER(C16),ISNUMBER(G16)), C16-G16, "") -> 107965.18 | I16: =IFERROR(H16/G16, "") -> 0.14566783
A17: October | C17: 410147.07 | D17: 439864.9 | E17: =IF(AND(ISNUMBER(C17),ISNUMBER(D17)), C17-D17, "") -> -29717.826 | F17: =IFERROR(E17/D17, "") -> -0.067561257 | G17: 551121.9 | H17: =IF(AND(ISNUMBER(C17),ISNUMBER(G17)), C17-G17, "") -> -140974.83 | I17: =IFERROR(H17/G17, "") -> -0.25579609 | J17: 1.Site tripped offline at 09:00 on 10/18 and back online at 08:00 on 10/23 and again site tripped offline at 15:00 on 10/23 throught out the month | K17: 1.SR092197,SR092330
A18: November | C18: 357413.93 | D18: 496853 | E18: =IF(AND(ISNUMBER(C18),ISNUMBER(D18)), C18-D18, "") -> -139439.07 | F18: =IFERROR(E18/D18, "") -> -0.28064453 | G18: 433798.9 | H18: =IF(AND(ISNUMBER(C18),ISNUMBER(G18)), C18-G18, "") -> -76384.974 | I18: =IFERROR(H18/G18, "") -> -0.17608384 | J18: 1. Site offline from 10/23 and back online at 12:30PM on 11/04. | K18: 1. SR092197
A19: December | C19: 264629 | D19: 421860.5 | E19: =IF(AND(ISNUMBER(C19),ISNUMBER(D19)), C19-D19, "") -> -157231.5 | F19: =IFERROR(E19/D19, "") -> -0.3727097 | G19: 263964.6 | H19: =IF(AND(ISNUMBER(C19),ISNUMBER(G19)), C19-G19, "") -> 664.4 | I19: =IFERROR(H19/G19, "") -> 0.0025170042 | J19: 1. Inverter 20 tripped offline at 13:45 on 12/13 and back online at 09:45 on 12/16 2. Inverter 22 was offline on 12/31 due to isolation fault and was back online the next day | K19: 1. SR094612 2. SR095180

Sheet Year to Date
A1: {=portfolio} -> Walden Renewables Dev't LLC | D1: Year to Date Actual v. Expected | G1: Year to Date Actual v. Forecasted
A2: Total | C2: =SUM(C4:C60) -> 7557850 | D2: =SUM(D4:D60) -> 7995642.9 | E2: =C2-D2 -> -437792.91 | F2: =IFERROR(E2/D2, 0) -> -0.054753934 | G2: =SUM(G4:G60) -> 8153367.3 | H2: =C2-G2 -> -595517.26 | I2: =IFERROR(H2/G2, 0) -> -0.073039426
A3: Site | B3: State | C3: Actual | D3: Expected | E3: Delta | F3: % | G3: Forecasted | H3: Delta | I3: %
A4: {=Sites[Site]} -> ME: Wells - Littlefield Solar | B4: {=Sites[State]} -> MAINE | C4: =SUM('1st Qtr'!C4, '2nd Qtr'!C4, '3rd Qtr'!C4, '4th Qtr'!C4) -> 7557850 | D4: =SUM('1st Qtr'!D4, '2nd Qtr'!D4, '3rd Qtr'!D4, '4th Qtr'!D4) -> 7995642.9 | E4: =IF(AND(ISNUMBER(C4),ISNUMBER(D4)), C4-D4, "") -> -437792.91 | F4: =IFERROR(E4/D4, "") -> -0.054753934 | G4: =SUM('1st Qtr'!G4,'2nd Qtr'!G4,'3rd Qtr'!G4,'4th Qtr'!G4) -> 8153367.3 | H4: =SUM('1st Qtr'!H4, '2nd Qtr'!H4, '3rd Qtr'!H4, '4th Qtr'!H4) -> -595517.26 | I4: =IFERROR(H4/G4, "") -> -0.073039426

Sheet 1st Qtr
A1: {=portfolio} -> Walden Renewables Dev't LLC | D1: 1st Quarter Actual v. Expected | G1: 1st Quarter Actual v. Forecasted
A2: Total | C2: =SUM(C4:C68) -> 1445400 | D2: =SUM(D4:D68) -> 1701800 | E2: =C2-D2 -> -256399.95 | F2: =IFERROR(E2/D2, 0) -> -0.15066398 | G2: =SUM(G4:G68) -> 1751112.9 | H2: =C2-G2 -> -305712.92 | I2: =IFERROR(H2/G2, 0) -> -0.17458207
A3: Site | B3: State | C3: Actual | D3: Expected | E3: Delta | F3: % | G3: Forecasted | H3: Delta | I3: %
A4: {=Sites[Site]} -> ME: Wells - Littlefield Solar | B4: {=Sites[State]} -> MAINE | C4: =SUM(Jan!C4, Feb!C4, Mar!C4) -> 1445400 | D4: =SUM(Jan!D4, Feb!D4, Mar!D4) -> 1701800 | E4: =IF(AND(ISNUMBER(C4),ISNUMBER(D4)), C4-D4, "") -> -256399.95 | F4: =IFERROR(E4/D4, "") -> -0.15066398 | G4: =SUM(Jan!G4, Feb!G4, Mar!G4) -> 1751112.9 | H4: =SUM(Jan!H4, Feb!H4, Mar!H4) -> -305712.91 | I4: =IFERROR(H4/G4, "") -> -0.17458207

Sheet 2nd Qtr
A1: {=portfolio} -> Walden Renewables Dev't LLC | D1: 2nd Quarter Actual v. Expected | G1: 2nd Quarter Actual v. Forecasted
A2: Total | C2: =SUM(C4:C90) -> 2464875 | D2: =SUM(D4:D90) -> 2288937.7 | E2: =C2-D2 -> 175937.3 | F2: =IFERROR(E2/D2, 0) -> 0.076864172 | G2: =SUM(G4:G90) -> 2585592.6 | H2: =C2-G2 -> -120717.6 | I2: =IFERROR(H2/G2, 0) -> -0.046688562
A3: Site | B3: State | C3: Actual | D3: Expected | E3: Delta | F3: % | G3: Forecasted | H3: Delta | I3: %
A4: {=Sites[Site]} -> ME: Wells - Littlefield Solar | B4: {=Sites[State]} -> MAINE | C4: =SUM(Apr!C4, May!C4, Jun!C4) -> 2464875 | D4: =SUM(Apr!D4, May!D4, Jun!D4) -> 2288937.7 | E4: =IF(AND(ISNUMBER(C4),ISNUMBER(D4)), C4-D4, "") -> 175937.3 | F4: =IFERROR(E4/D4, "") -> 0.076864172 | G4: =SUM(Apr!G4,May!G4,Jun!G4) -> 2585592.6 | H4: =SUM(Apr!H4, May!H4, Jun!H4) -> -120717.6 | I4: =IFERROR(H4/G4, "") -> -0.046688562

Sheet 3rd Qtr
A1: {=portfolio} -> Walden Renewables Dev't LLC | D1: 3rd Quarter Actual v. Expected | G1: 3rd Quarter Actual v. Forecasted
A2: Total | C2: =SUM(C4:C89) -> 2615385 | D2: =SUM(D4:D89) -> 2646326.9 | E2: =C2-D2 -> -30941.857 | F2: =IFERROR(E2/D2, 0) -> -0.011692379 | G2: =SUM(G4:G89) -> 2567776.3 | H2: =C2-G2 -> 47608.65 | I2: =IFERROR(H2/G2, 0) -> 0.018540809
A3: Site | B3: State | C3: Actual | D3: Expected | E3: Delta | F3: % | G3: Forecasted | H3: Delta | I3: %
A4: {=Sites[Site]} -> ME: Wells - Littlefield Solar | B4: {=Sites[State]} -> MAINE | C4: =SUM(Jul!C4, Aug!C4, Sep!C4) -> 2615385 | D4: =SUM(Jul!D4, Aug!D4, Sep!D4) -> 2646326.9 | E4: =IF(AND(ISNUMBER(C4),ISNUMBER(D4)), C4-D4, "") -> -30941.857 | F4: =IFERROR(E4/D4, "") -> -0.011692379 | G4: =SUM(Jul!G4,Aug!G4,Sep!G4) -> 2567776.3 | H4: =SUM(Jul!H4, Aug!H4, Sep!H4) -> 47608.65 | I4: =IFERROR(H4/G4, "") -> 0.018540809

Sheet 4th Qtr
A1: {=portfolio} -> Walden Renewables Dev't LLC | D1: 4th Quarter Actual v. Expected | G1: 4th Quarter Actual v. Forecasted
A2: Total | C2: =SUM(C4:C89) -> 1032190 | D2: =SUM(D4:D89) -> 1358578.4 | E2: =C2-D2 -> -326388.4 | F2: =IFERROR(E2/D2, 0) -> -0.24024259 | G2: =SUM(G4:G89) -> 1248885.4 | H2: =C2-G2 -> -216695.4 | I2: =IFERROR(H2/G2, 0) -> -0.17351104
A3: Site | B3: State | C3: Actual | D3: Expected | E3: Delta | F3: % | G3: Forecasted | H3: Delta | I3: %
A4: {=Sites[Site]} -> ME: Wells - Littlefield Solar | B4: {=Sites[State]} -> MAINE | C4: =SUM(Oct!C4, Nov!C4, Dec!C4) -> 1032190 | D4: =SUM(Oct!D4, Nov!D4, Dec!D4) -> 1358578.4 | E4: =IF(AND(ISNUMBER(C4),ISNUMBER(D4)), C4-D4, "") -> -326388.4 | F4: =IFERROR(E4/D4, "") -> -0.24024259 | G4: =SUM(Oct!G4,Nov!G4,Dec!G4) -> 1248885.4 | H4: =SUM(Oct!H4, Nov!H4, Dec!H4) -> -216695.4 | I4: =IFERROR(H4/G4, "") -> -0.17351104

Sheet Jan
A1: {=portfolio} -> Walden Renewables Dev't LLC | D1: January Actual v. Expected | G1: January Actual v. Forecasted
A2: Total | C2: =SUM(C4:C89) -> 213608 | D2: =SUM(D4:D89) -> 396501.9 | E2: =C2-D2 -> -182893.9 | F2: =IFERROR(E2/D2, 0) -> -0.46126866 | G2: =SUM(G4:G89) -> 419715.6 | H2: =C2-G2 -> -206107.6 | I2: =IFERROR(H2/G2, 0) -> -0.4910649
A3: Site | B3: State | C3: Actual | D3: Expected | E3: Delta | F3: % | G3: Forecasted | H3: Delta | I3: % | J3: Notes | K3: Service Requests
A4: {=Sites[Site]} -> ME: Wells - Littlefield Solar | B4: {=Sites[State]} -> MAINE | C4: 213608 | D4: 396501.9 | E4: =IF(AND(ISNUMBER(C4),ISNUMBER(D4)), C4-D4, "") -> -182893.9 | F4: =IFERROR(E4/D4, "") -> -0.46126866 | G4: 419715.6 | H4: =IF(AND(ISNUMBER(C4),ISNUMBER(G4)), C4-G4, "") -> -206107.6 | I4: =IFERROR(H4/G4, "") -> -0.4910649 | J4: 1. Inverter 22 was offline on 01/10, 01/25 to 01/27, 01/29, 01/31 | K4: 1. SR079744
E5: =IF(AND(ISNUMBER(C5),ISNUMBER(D5)), C5-D5, "") | F5: =IFERROR(E5/D5, "") | H5: =IF(AND(ISNUMBER(C5),ISNUMBER(G5)), C5-G5, "") | I5: =IFERROR(H5/G5, "")
E6: =IF(AND(ISNUMBER(C6),ISNUMBER(D6)), C6-D6, "") | F6: =IFERROR(E6/D6, "") | H6: =IF(AND(ISNUMBER(C6),ISNUMBER(G6)), C6-G6, "") | I6: =IFERROR(H6/G6, "")

Sheet Feb
A1: {=portfolio} -> Walden Renewables Dev't LLC | D1: February Actual v. Expected | G1: February Actual v. Forecasted
A2: Total | C2: =SUM(C4:C85) -> 623639 | D2: =SUM(D4:D85) -> 682847 | E2: =C2-D2 -> -59208 | F2: =IFERROR(E2/D2, 0) -> -0.086707564 | G2: =SUM(G4:G85) -> 571610.7 | H2: =C2-G2 -> 52028.3 | I2: =IFERROR(H2/G2, 0) -> 0.091020514 | J2: =IF(AND(TODAY()>DATE(2024, 2, 1), COUNTA(Sites[Site])<>(COUNT(C:C)-1)), "Some sites are missing actual data; if new sites were added, make sure they are aligned correctly (including prior months!)", "")
A3: Site | B3: State | C3: Actual | D3: Expected | E3: Delta | F3: % | G3: Forecasted | H3: Delta | I3: % | J3: Notes | K3: Service Requests
A4: {=Sites[Site]} -> ME: Wells - Littlefield Solar | B4: {=Sites[State]} -> MAINE | C4: 623639 | D4: 682847 | E4: =IF(AND(ISNUMBER(C4),ISNUMBER(D4)), C4-D4, "") -> -59208 | F4: =IFERROR(E4/D4, "") -> -0.086707564 | G4: 571610.7 | H4: =IF(AND(ISNUMBER(C4),ISNUMBER(G4)), C4-G4, "") -> 52028.3 | I4: =IFERROR(H4/G4, "") -> 0.091020514 | J4: 1.Inverter 22 was offline on 02/02. The technician reset it on the same day, and it is back online. | K4: 1.SR079744

Sheet Mar
A1: {=portfolio} -> Walden Renewables Dev't LLC | D1: March Actual v. Expected | G1: March Actual v. Forecasted
A2: Total | C2: =SUM(C4:C90) -> 608153.01 | D2: =SUM(D4:D90) -> 622451.05 | E2: =C2-D2 -> -14298.049 | F2: =IFERROR(E2/D2, 0) -> -0.02297056 | G2: =SUM(G4:G90) -> 759786.62 | H2: =C2-G2 -> -151633.61 | I2: =IFERROR(H2/G2, 0) -> -0.19957395 | J2: =IF(AND(TODAY()>DATE(2024, 3, 1), COUNTA(Sites[Site])<>(COUNT(C:C)-1)), "Some sites are missing actual data; if new sites were added, make sure they are aligned correctly (including prior months!)", "")
A3: Site | B3: State | C3: Actual | D3: Expected | E3: Delta | F3: % | G3: Forecasted | H3: Delta | I3: % | J3: Notes | K3: Service Requests
A4: {=Sites[Site]} -> ME: Wells - Littlefield Solar | B4: {=Sites[State]} -> MAINE | C4: 608153.01 | D4: 622451.05 | E4: =IF(AND(ISNUMBER(C4),ISNUMBER(D4)), C4-D4, "") -> -14298.049 | F4: =IFERROR(E4/D4, "") -> -0.02297056 | G4: 759786.62 | H4: =IF(AND(ISNUMBER(C4),ISNUMBER(G4)), C4-G4, "") -> -151633.61 | I4: =IFERROR(H4/G4, "") -> -0.19957395 | J4: 1. Inverter 32 started late on 03/06 & was offline on 03/15 & back online on 03/16. 2. Site is offline from 03/23 at 20:00 to 03/27 at 10:00. | K4: 1. SR081601 2. SR082608
E5: =IF(AND(ISNUMBER(C5),ISNUMBER(D5)), C5-D5, "") | F5: =IFERROR(E5/D5, "") | H5: =IF(AND(ISNUMBER(C5),ISNUMBER(G5)), C5-G5, "") | I5: =IFERROR(H5/G5, "")

Sheet Apr
A1: {=portfolio} -> Walden Renewables Dev't LLC | D1: April Actual v. Expected | G1: April Actual v. Forecasted
A2: Total | C2: =SUM(C4:C90) -> 698240 | D2: =SUM(D4:D90) -> 705102 | E2: =C2-D2 -> -6862 | F2: =IFERROR(E2/D2, 0) -> -0.0097319253 | G2: =SUM(G4:G90) -> 788000 | H2: =C2-G2 -> -89760 | I2: =IFERROR(H2/G2, 0) -> -0.11390863 | J2: =IF(AND(TODAY()>DATE(2024, 4, 1), COUNTA(Sites[Site])<>(COUNT(C:C)-1)), "Some sites are missing actual data; if new sites were added, make sure they are aligned correctly (including prior months!)", "")
A3: Site | B3: State | C3: Actual | D3: Expected | E3: Delta | F3: % | G3: Forecasted | H3: Delta | I3: % | J3: Notes | K3: Service Requests
A4: {=Sites[Site]} -> ME: Wells - Littlefield Solar | B4: {=Sites[State]} -> MAINE | C4: 698240 | D4: 705102 | E4: =IF(AND(ISNUMBER(C4),ISNUMBER(D4)), C4-D4, "") -> -6862 | F4: =IFERROR(E4/D4, "") -> -0.0097319253 | G4: 788000 | H4: =IF(AND(ISNUMBER(C4),ISNUMBER(G4)), C4-G4, "") -> -89760 | I4: =IFERROR(H4/G4, "") -> -0.11390863 | J4: 1. Site is offline due to storm from 04/04/24 at 05:00AM and back online at 13:00 on 04/08/24. 2. Inverter 31 is offline from 13:00 to 15:15 on 04/08/24. 3. Inverter 22 is offline due to "Insolation fault" on 04/13 from 07:00AM to 11:15AM. 4. Inverter 20 is derating about 43kW and reporting "fan fail" from 04/13 and need to replace fan. 5. Inverter 5 is offline from 07:00AM to 11:45AM on 04/17/24. 6. Inverter 33 is derating about 17kW and reporting "potential fan fault" on 04/18/24. | K4: 1. SR083080 2. SR083205 3. SR083378 4. SR083431 5. SR083539 6. SR083601
E5: =IF(AND(ISNUMBER(C5),ISNUMBER(D5)), C5-D5, "") | F5: =IFERROR(E5/D5, "") | H5: =IF(AND(ISNUMBER(C5),ISNUMBER(G5)), C5-G5, "") | I5: =IFERROR(H5/G5, "")

Sheet May
A1: {=portfolio} -> Walden Renewables Dev't LLC | D1: May Actual v. Expected | G1: May Actual v. Forecasted
A2: Total | C2: =SUM(C4:C90) -> 872100 | D2: =SUM(D4:D90) -> 680511 | E2: =C2-D2 -> 191589 | F2: =IFERROR(E2/D2, 0) -> 0.28153696 | G2: =SUM(G4:G90) -> 917000 | H2: =C2-G2 -> -44900 | I2: =IFERROR(H2/G2, 0) -> -0.048964013 | J2: =IF(AND(TODAY()>DATE(2024, 5, 1), COUNTA(Sites[Site])<>(COUNT(C:C)-1)), "Some sites are missing actual data; if new sites were added, make sure they are aligned correctly (including prior months!)", "")
A3: Site | B3: State | C3: Actual | D3: Expected | E3: Delta | F3: % | G3: Forecasted | H3: Delta | I3: % | J3: Notes | K3: Service Requests
A4: {=Sites[Site]} -> ME: Wells - Littlefield Solar | B4: {=Sites[State]} -> MAINE | C4: 872100 | D4: 680511 | E4: =IF(AND(ISNUMBER(C4),ISNUMBER(D4)), C4-D4, "") -> 191589 | F4: =IFERROR(E4/D4, "") -> 0.28153696 | G4: 917000 | H4: =IF(AND(ISNUMBER(C4),ISNUMBER(G4)), C4-G4, "") -> -44900 | I4: =IFERROR(H4/G4, "") -> -0.048964013 | J4: 1. Inverter 20 tripped offline at 15:15 on 05/21/24 and back online at 07:00AM on 05/31/24. 2. Inverter 32 late started on 05/06/24 due to an insulation fault 3. The weather station stopped communicating on 05/24 at 15:00, and a technician reset the Weather Station DAS and restored communication on 05/31 at 8:30 AM. Due to this, the expected energy values are low compared to the previous month. | K4: 1. SR084988 2. SR081601 3. SR085273
E5: =IF(AND(ISNUMBER(C5),ISNUMBER(D5)), C5-D5, "") | F5: =IFERROR(E5/D5, "") | H5: =IF(AND(ISNUMBER(C5),ISNUMBER(G5)), C5-G5, "") | I5: =IFERROR(H5/G5, "")

Sheet Jun
A1: {=portfolio} -> Walden Renewables Dev't LLC | D1: June Actual v. Expected | G1: June Actual v. Forecasted
A2: Total | C2: =SUM(C4:C90) -> 894535 | D2: =SUM(D4:D90) -> 903324.7 | E2: =C2-D2 -> -8789.7 | F2: =IFERROR(E2/D2, 0) -> -0.0097303882 | G2: =SUM(G4:G90) -> 880592.6 | H2: =C2-G2 -> 13942.4 | I2: =IFERROR(H2/G2, 0) -> 0.015832974 | J2: =IF(AND(TODAY()>DATE(2024, 6, 1), COUNTA(Sites[Site])<>(COUNT(C:C)-1)), "Some sites are missing actual data; if new sites were added, make sure they are aligned correctly (including prior months!)", "")
A3: Site | B3: State | C3: Actual | D3: Expected | E3: Delta | F3: % | G3: Forecasted | H3: Delta | I3: % | J3: Notes | K3: Service Requests
A4: {=Sites[Site]} -> ME: Wells - Littlefield Solar | B4: {=Sites[State]} -> MAINE | C4: 894535 | D4: 903324.7 | E4: =IF(AND(ISNUMBER(C4),ISNUMBER(D4)), C4-D4, "") -> -8789.7 | F4: =IFERROR(E4/D4, "") -> -0.0097303882 | G4: 880592.6 | H4: =IF(AND(ISNUMBER(C4),ISNUMBER(G4)), C4-G4, "") -> 13942.4 | I4: =IFERROR(H4/G4, "") -> 0.015832974 | J4: 1. Site was offline from 6pm of 06/23 and back online at 2pm of 06/24, it was offline due to the recloser being open from the customer's end 2. Inverters 21, 22 & 31 have started late i.e., at 10am on 06/27 | K4: 1. SR086772 2. SR086893
E5: =IF(AND(ISNUMBER(C5),ISNUMBER(D5)), C5-D5, "") | F5: =IFERROR(E5/D5, "") | H5: =IF(AND(ISNUMBER(C5),ISNUMBER(G5)), C5-G5, "") | I5: =IFERROR(H5/G5, "")

Sheet Jul
A1: {=portfolio} -> Walden Renewables Dev't LLC | D1: July Actual v. Expected | G1: July Actual v. Forecasted
A2: Total | C2: =SUM(C4:C90) -> 916545 | D2: =SUM(D4:D90) -> 922407.79 | E2: =C2-D2 -> -5862.79 | F2: =IFERROR(E2/D2, 0) -> -0.0063559632 | G2: =SUM(G4:G90) -> 935829.2 | H2: =C2-G2 -> -19284.2 | I2: =IFERROR(H2/G2, 0) -> -0.020606538 | J2: =IF(AND(TODAY()>DATE(2024, 7, 1), COUNTA(Sites[Site])<>(COUNT(C:C)-1)), "Some sites are missing actual data; if new sites were added, make sure they are aligned correctly (including prior months!)", "")
A3: Site | B3: State | C3: Actual | D3: Expected | E3: Delta | F3: % | G3: Forecasted | H3: Delta | I3: % | J3: Notes | K3: Service Requests
A4: {=Sites[Site]} -> ME: Wells - Littlefield Solar | B4: {=Sites[State]} -> MAINE | C4: 916545 | D4: 922407.79 | E4: =IF(AND(ISNUMBER(C4),ISNUMBER(D4)), C4-D4, "") -> -5862.79 | F4: =IFERROR(E4/D4, "") -> -0.0063559632 | G4: 935829.2 | H4: =IF(AND(ISNUMBER(C4),ISNUMBER(G4)), C4-G4, "") -> -19284.2 | I4: =IFERROR(H4/G4, "") -> -0.020606538 | J4: 1.The main breaker on pad 1 had tripped, pad 2 was still running at 15:30pm on 07/01 and back online at 10:15 on 07/02. 2.Inverter 20 is underproducing 30kW compared to its peers | K4: 1.SR087219 2.SR089524
E5: =IF(AND(ISNUMBER(C5),ISNUMBER(D5)), C5-D5, "") | F5: =IFERROR(E5/D5, "") | H5: =IF(AND(ISNUMBER(C5),ISNUMBER(G5)), C5-G5, "") | I5: =IFERROR(H5/G5, "")

Sheet Aug
A1: {=portfolio} -> Walden Renewables Dev't LLC | D1: August Actual v. Expected | G1: August Actual v. Forecasted
A2: Total | C2: =SUM(C4:C30) -> 849701 | D2: =SUM(D4:D30) -> 861890.23 | E2: =C2-D2 -> -12189.235 | F2: =IFERROR(E2/D2, 0) -> -0.014142445 | G2: =SUM(G4:G30) -> 890773.33 | H2: =C2-G2 -> -41072.33 | I2: =IFERROR(H2/G2, 0) -> -0.046108621 | J2: =IF(AND(TODAY()>DATE(2024, 8, 1), COUNTA(Sites[Site])<>(COUNT(C:C)-1)), "Some sites are missing actual data; if new sites were added, make sure they are aligned correctly (including prior months!)", "")
A3: Site | B3: State | C3: Actual | D3: Expected | E3: Delta | F3: % | G3: Forecasted | H3: Delta | I3: % | J3: Notes | K3: Service Requests
A4: {=Sites[Site]} -> ME: Wells - Littlefield Solar | B4: {=Sites[State]} -> MAINE | C4: 849701 | D4: 861890.23 | E4: =IF(AND(ISNUMBER(C4),ISNUMBER(D4)), C4-D4, "") -> -12189.235 | F4: =IFERROR(E4/D4, "") -> -0.014142445 | G4: 890773.33 | H4: =IF(AND(ISNUMBER(C4),ISNUMBER(G4)), C4-G4, "") -> -41072.33 | I4: =IFERROR(H4/G4, "") -> -0.046108621 | J4: 1.Inverter 21 didn't start production on 08/05 & 08/06 until 13:00pm. 2. Inverter 20 is underproducing 30kW compared to its peers | K4: 1.SR088651 2.SR089524

Sheet Sep
A1: {=portfolio} -> Walden Renewables Dev't LLC | D1: September Actual v. Expected | G1: September Actual v. Forecasted
A2: Total | C2: =SUM(C4:C90) -> 849139 | D2: =SUM(D4:D90) -> 862028.83 | E2: =C2-D2 -> -12889.832 | F2: =IFERROR(E2/D2, 0) -> -0.014952901 | G2: =SUM(G4:G90) -> 741173.82 | H2: =C2-G2 -> 107965.18 | I2: =IFERROR(H2/G2, 0) -> 0.14566783 | J2: =IF(AND(TODAY()>DATE(2024, 9, 1), COUNTA(Sites[Site])<>(COUNT(C:C)-1)), "Some sites are missing actual data; if new sites were added, make sure they are aligned correctly (including prior months!)", "")
A3: Site | B3: State | C3: Actual | D3: Expected | E3: Delta | F3: % | G3: Forecasted | H3: Delta | I3: % | J3: Notes | K3: Service Requests
A4: {=Sites[Site]} -> ME: Wells - Littlefield Solar | B4: {=Sites[State]} -> MAINE | C4: 849139 | D4: 862028.83 | E4: =IF(AND(ISNUMBER(C4),ISNUMBER(D4)), C4-D4, "") -> -12889.832 | F4: =IFERROR(E4/D4, "") -> -0.014952901 | G4: 741173.82 | H4: =IF(AND(ISNUMBER(C4),ISNUMBER(G4)), C4-G4, "") -> 107965.18 | I4: =IFERROR(H4/G4, "") -> 0.14566783
E5: =IF(AND(ISNUMBER(C5),ISNUMBER(D5)), C5-D5, "") | F5: =IFERROR(E5/D5, "") | H5: =IF(AND(ISNUMBER(C5),ISNUMBER(G5)), C5-G5, "") | I5: =IFERROR(H5/G5, "")

Sheet Oct
A1: {=portfolio} -> Walden Renewables Dev't LLC | D1: October Actual v. Expected | G1: October Actual v. Forecasted
A2: Total | C2: =SUM(C4:C90) -> 410147.07 | D2: =SUM(D4:D90) -> 439864.9 | E2: =C2-D2 -> -29717.826 | F2: =IFERROR(E2/D2, 0) -> -0.067561257 | G2: =SUM(G4:G90) -> 551121.9 | H2: =C2-G2 -> -140974.83 | I2: =IFERROR(H2/G2, 0) -> -0.25579609 | J2: =IF(AND(TODAY()>DATE(2024, 10, 1), COUNTA(Sites[Site])<>(COUNT(C:C)-1)), "Some sites are missing actual data; if new sites were added, make sure they are aligned correctly (including prior months!)", "")
A3: Site | B3: State | C3: Actual | D3: Expected | E3: Delta | F3: % | G3: Forecasted | H3: Delta | I3: % | J3: Notes | K3: Service Requests
A4: {=Sites[Site]} -> ME: Wells - Littlefield Solar | B4: {=Sites[State]} -> MAINE | C4: 410147.07 | D4: 439864.9 | E4: =IF(AND(ISNUMBER(C4),ISNUMBER(D4)), C4-D4, "") -> -29717.826 | F4: =IFERROR(E4/D4, "") -> -0.067561257 | G4: 551121.9 | H4: =IF(AND(ISNUMBER(C4),ISNUMBER(G4)), C4-G4, "") -> -140974.83 | I4: =IFERROR(H4/G4, "") -> -0.25579609 | J4: 1.Site tripped offline at 09:00 on 10/18 and back online at 08:00 on 10/23 and again site tripped offline at 15:00 on 10/23 throught out the month | K4: 1.SR092197,SR092330
E5: =IF(AND(ISNUMBER(C5),ISNUMBER(D5)), C5-D5, "") | F5: =IFERROR(E5/D5, "") | H5: =IF(AND(ISNUMBER(C5),ISNUMBER(G5)), C5-G5, "") | I5: =IFERROR(H5/G5, "")

Sheet Nov
A1: {=portfolio} -> Walden Renewables Dev't LLC | D1: November Actual v. Expected | G1: November Actual v. Forecasted
A2: Total | C2: =SUM(C4:C90) -> 357413.93 | D2: =SUM(D4:D90) -> 496853 | E2: =C2-D2 -> -139439.07 | F2: =IFERROR(E2/D2, 0) -> -0.28064453 | G2: =SUM(G4:G90) -> 433798.9 | H2: =C2-G2 -> -76384.974 | I2: =IFERROR(H2/G2, 0) -> -0.17608384 | J2: =IF(AND(TODAY()>DATE(2024, 11, 1), COUNTA(Sites[Site])<>(COUNT(C:C)-1)), "Some sites are missing actual data; if new sites were added, make sure they are aligned correctly (including prior months!)", "")
A3: Site | B3: State | C3: Actual | D3: Expected | E3: Delta | F3: % | G3: Forecasted | H3: Delta | I3: % | J3: Notes | K3: Service Requests
A4: {=Sites[Site]} -> ME: Wells - Littlefield Solar | B4: {=Sites[State]} -> MAINE | C4: 357413.93 | D4: 496853 | E4: =IF(AND(ISNUMBER(C4),ISNUMBER(D4)), C4-D4, "") -> -139439.07 | F4: =IFERROR(E4/D4, "") -> -0.28064453 | G4: 433798.9 | H4: =IF(AND(ISNUMBER(C4),ISNUMBER(G4)), C4-G4, "") -> -76384.974 | I4: =IFERROR(H4/G4, "") -> -0.17608384 | J4: 1. Site offline from 10/23 and back online at 12:30PM on 11/04. | K4: 1. SR092197
E5: =IF(AND(ISNUMBER(C5),ISNUMBER(D5)), C5-D5, "") | F5: =IFERROR(E5/D5, "") | H5: =IF(AND(ISNUMBER(C5),ISNUMBER(G5)), C5-G5, "") | I5: =IFERROR(H5/G5, "")

Sheet Dec
A1: {=portfolio} -> Walden Renewables Dev't LLC | D1: December Actual v. Expected | G1: December Actual v. Forecasted
A2: Total | C2: =SUM(C4:C90) -> 264629 | D2: =SUM(D4:D90) -> 421860.5 | E2: =C2-D2 -> -157231.5 | F2: =IFERROR(E2/D2, 0) -> -0.3727097 | G2: =SUM(G4:G90) -> 263964.6 | H2: =C2-G2 -> 664.4 | I2: =IFERROR(H2/G2, 0) -> 0.0025170042 | J2: =IF(AND(TODAY()>DATE(2024, 12, 1), COUNTA(Sites[Site])<>(COUNT(C:C)-1)), "Some sites are missing actual data; if new sites were added, make sure they are aligned correctly (including prior months!)", "")
A3: Site | B3: State | C3: Actual | D3: Expected | E3: Delta | F3: % | G3: Forecasted | H3: Delta | I3: % | J3: Notes | K3: Service Requests
A4: {=Sites[Site]} -> ME: Wells - Littlefield Solar | B4: {=Sites[State]} -> MAINE | C4: 264629 | D4: 421860.5 | E4: =IF(AND(ISNUMBER(C4),ISNUMBER(D4)), C4-D4, "") -> -157231.5 | F4: =IFERROR(E4/D4, "") -> -0.3727097 | G4: 263964.6 | H4: =IF(AND(ISNUMBER(C4),ISNUMBER(G4)), C4-G4, "") -> 664.4 | I4: =IFERROR(H4/G4, "") -> 0.0025170042 | J4: 1. Inverter 20 tripped offline at 13:45 on 12/13 and back online at 09:45 on 12/16 2. Inverter 22 was offline on 12/31 due to isolation fault and was back online the next day | K4: 1. SR094612 2. SR095180
E5: =IF(AND(ISNUMBER(C5),ISNUMBER(D5)), C5-D5, "") | F5: =IFERROR(E5/D5, "") | H5: =IF(AND(ISNUMBER(C5),ISNUMBER(G5)), C5-G5, "") | I5: =IFERROR(H5/G5, "")

Sheet Sites
A1: Portfolio: | B1: Walden Renewables Dev't LLC
A3: Site DAS Name | B3: Site | C3: State | D3: Update | E3: DAS
A4: Littlefield Solar | B4: ME: Wells - Littlefield Solar | C4: MAINE | D4: AEF | E4: PowerTrack
