Workbook
Name JanActual: #REF!
Name JanActual2: #REF!
Name JanExpected: #REF!
Name JanExpectedDelta: #REF!
Name JanExpectedPercent: #REF!
Name JanExpPercent: #REF!
Name JanForecasted: #REF!
Name JanForecastedDelta: #REF!
Name JanForecastedPercent: #REF!
Name portfolio: Sites!$B$1:$B$1
Name Year: Sites!#REF!

Sheet Year to Date
A1: {=portfolio} -> Walden Liberty | D1: Year to Date Actual v. Expected | G1: Year to Date Actual v. Forecasted
A2: Total | C2: =SUM(C4:C77) -> 1013297 | D2: =SUM(D4:D77) -> 0 | E2: =C2-D2 -> 1013297 | F2: =IFERROR(E2/D2, 0) -> 0 | G2: =SUM(G4:G77) -> 0 | H2: =C2-G2 -> 1013297 | I2: =IFERROR(H2/G2, 0) -> 0
A3: Site | B3: State | C3: Actual | D3: Expected | E3: Delta | F3: % | G3: Forecasted | H3: Delta | I3: %
A4: {=Sites[Site]} -> CCC College | B4: {=Sites[State]} -> MA | C4: =SUM('1st Qtr'!C4, '2nd Qtr'!C4, '3rd Qtr'!C4, '4th Qtr'!C4) -> 809556 | D4: =SUM('1st Qtr'!D4, '2nd Qtr'!D4, '3rd Qtr'!D4, '4th Qtr'!D4) -> 0 | E4: =IF(AND(ISNUMBER(C4),ISNUMBER(D4)), C4-D4, "") -> 809556 | F4: =IFERROR(E4/D4, "") | G4: =SUM('1st Qtr'!G4, '2nd Qtr'!G4, '3rd Qtr'!G4, '4th Qtr'!G4) -> 0 | H4: =SUM('1st Qtr'!H4, '2nd Qtr'!H4, '3rd Qtr'!H4, '4th Qtr'!H4) -> 809556 | I4: =IFERROR(H4/G4, "")
A5: Walden Liberty | B5: MA | C5: =SUM('1st Qtr'!C5, '2nd Qtr'!C5, '3rd Qtr'!C5, '4th Qtr'!C5) -> 203741 | D5: =SUM(Jan!D5, Feb!D5, Mar!D5) -> 0 | E5: =IF(AND(ISNUMBER(C5),ISNUMBER(D5)), C5-D5, "") -> 203741 | F5: =IFERROR(E5/D5, "") | G5: =SUM('1st Qtr'!G5, '2nd Qtr'!G5, '3rd Qtr'!G5, '4th Qtr'!G5) -> 0 | H5: =SUM('1st Qtr'!H5, '2nd Qtr'!H5, '3rd Qtr'!H5, '4th Qtr'!H5) -> 203741 | I5: =IFERROR(H5/G5, "")

Sheet 1st Qtr
A1: {=portfolio} -> Walden Liberty | D1: 1st Quarter Actual v. Expected | G1: 1st Quarter Actual v. Forecasted
A2: Total | C2: =SUM(C4:C77) -> 194142 | D2: =SUM(D4:D77) -> 0 | E2: =C2-D2 -> 194142 | F2: =IFERROR(E2/D2, 0) -> 0 | G2: =SUM(G4:G77) -> 0 | H2: =C2-G2 -> 194142 | I2: =IFERROR(H2/G2, 0) -> 0
A3: Site | B3: State | C3: Actual | D3: Expected | E3: Delta | F3: % | G3: Forecasted | H3: Delta | I3: %
A4: {=Sites[Site]} -> CCC College | B4: {=Sites[State]} -> MA | C4: =SUM(Jan!C4, Feb!C4, Mar!C4) -> 152797 | D4: =SUM(Jan!D4, Feb!D4, Mar!D4) -> 0 | E4: =IF(AND(ISNUMBER(C4),ISNUMBER(D4)), C4-D4, "") -> 152797 | F4: =IFERROR(E4/D4, "") | G4: =SUM(Jan!G4, Feb!G4, Mar!G4) -> 0 | H4: =SUM(Jan!H4, Feb!H4, Mar!H4) -> 152797 | I4: =IFERROR(H4/G4, "")
A5: Walden Liberty | B5: MA | C5: =SUM(Jan!C5, Feb!C5, Mar!C5) -> 41345 | D5: =SUM(Jan!D5, Feb!D5, Mar!D5) -> 0 | E5: =IF(AND(ISNUMBER(C5),ISNUMBER(D5)), C5-D5, "") -> 41345 | F5: =IFERROR(E5/D5, "") | G5: =SUM(Jan!G5, Feb!G5, Mar!G5) -> 0 | H5: =SUM(Jan!H5, Feb!H5, Mar!H5) -> 41345 | I5: =IFERROR(H5/G5, "")

Sheet 2nd Qtr
A1: {=portfolio} -> Walden Liberty | D1: 2nd Quarter Actual v. Expected | G1: 2nd Quarter Actual v. Forecasted
A2: Total | C2: =SUM(C4:C77) -> 334241 | D2: =SUM(D4:D77) -> 0 | E2: =C2-D2 -> 334241 | F2: =IFERROR(E2/D2, 0) -> 0 | G2: =SUM(G4:G77) -> 0 | H2: =C2-G2 -> 334241 | I2: =IFERROR(H2/G2, 0) -> 0
A3: Site | B3: State | C3: Actual | D3: Expected | E3: Delta | F3: % | G3: Forecasted | H3: Delta | I3: %
A4: {=Sites[Site]} -> CCC College | B4: {=Sites[State]} -> MA | C4: =SUM(Apr!C4, May!C4, Jun!C4) -> 248784 | D4: =SUM(Apr!D4, May!D4, Jun!D4) -> 0 | E4: =IF(AND(ISNUMBER(C4),ISNUMBER(D4)), C4-D4, "") -> 248784 | F4: =IFERROR(E4/D4, "") | G4: =SUM(Apr!G4, May!G4, Jun!G4) -> 0 | H4: =SUM(Apr!H4, May!H4, Jun!H4) -> 248784 | I4: =IFERROR(H4/G4, "")
A5: Walden Liberty | B5: MA | C5: =SUM(Apr!C5, May!C5, Jun!C5) -> 85457 | D5: =SUM(Apr!D5, May!D5, Jun!D5) -> 0 | E5: =IF(AND(ISNUMBER(C5),ISNUMBER(D5)), C5-D5, "") -> 85457 | F5: =IFERROR(E5/D5, "") | G5: =SUM(Apr!G5, May!G5, Jun!G5) -> 0 | H5: =SUM(Apr!H5, May!H5, Jun!H5) -> 85457 | I5: =IFERROR(H5/G5, "")

Sheet 3rd Qtr
A1: {=portfolio} -> Walden Liberty | D1: 3rd Quarter Actual v. Expected | G1: 3rd Quarter Actual v. Forecasted
A2: Total | C2: =SUM(C4:C77) -> 290872 | D2: =SUM(D4:D77) -> 0 | E2: =C2-D2 -> 290872 | F2: =IFERROR(E2/D2, 0) -> 0 | G2: =SUM(G4:G77) -> 0 | H2: =C2-G2 -> 290872 | I2: =IFERROR(H2/G2, 0) -> 0
A3: Site | B3: State | C3: Actual | D3: Expected | E3: Delta | F3: % | G3: Forecasted | H3: Delta | I3: %
A4: {=Sites[Site]} -> CCC College | B4: {=Sites[State]} -> MA | C4: =SUM(Jul!C4, Aug!C4, Sep!C4) -> 242112 | D4: =SUM(Jul!D4, Aug!D4, Sep!D4) -> 0 | E4: =IF(AND(ISNUMBER(C4),ISNUMBER(D4)), C4-D4, "") -> 242112 | F4: =IFERROR(E4/D4, "") | G4: =SUM(Jul!G4,Aug!G4,Sep!G4) -> 0 | H4: =SUM(Jul!H4, Aug!H4, Sep!H4) -> 242112 | I4: =IFERROR(H4/G4, "")
A5: Walden Liberty | B5: MA | C5: =SUM(Jul!C5, Aug!C5, Sep!C5) -> 48760 | D5: =SUM(Jul!D5, Aug!D5, Sep!D5) -> 0 | E5: =IF(AND(ISNUMBER(C5),ISNUMBER(D5)), C5-D5, "") -> 48760 | F5: =IFERROR(E5/D5, "") | G5: =SUM(Jul!G5,Aug!G5,Sep!G5) -> 0 | H5: =SUM(Jul!H5, Aug!H5, Sep!H5) -> 48760 | I5: =IFERROR(H5/G5, "")

Sheet 4th Qtr
A1: {=portfolio} -> Walden Liberty | D1: 4th Quarter Actual v. Expected | G1: 4th Quarter Actual v. Forecasted
A2: Total | C2: =SUM(C4:C77) -> 194042 | D2: =SUM(D4:D77) -> 0 | E2: =C2-D2 -> 194042 | F2: =IFERROR(E2/D2, 0) -> 0 | G2: =SUM(G4:G77) -> 0 | H2: =C2-G2 -> 194042 | I2: =IFERROR(H2/G2, 0) -> 0
A3: Site | B3: State | C3: Actual | D3: Expected | E3: Delta | F3: % | G3: Forecasted | H3: Delta | I3: %
A4: {=Sites[Site]} -> CCC College | B4: {=Sites[State]} -> MA | C4: =SUM(Oct!C4, Nov!C4, Dec!C4) -> 165863 | D4: =SUM(Oct!D4, Nov!D4, Dec!D4) -> 0 | E4: =IF(AND(ISNUMBER(C4),ISNUMBER(D4)), C4-D4, "") -> 165863 | F4: =IFERROR(E4/D4, "") | G4: =SUM(Oct!G4,Nov!G4,Dec!G4) -> 0 | H4: =SUM(Oct!H4, Nov!H4, Dec!H4) -> 165863 | I4: =IFERROR(H4/G4, "")
A5: Walden Liberty | B5: MA | C5: =SUM(Oct!C5, Nov!C5, Dec!C5) -> 28179 | D5: =SUM(Oct!D5, Nov!D5, Dec!D5) -> 0 | E5: =IF(AND(ISNUMBER(C5),ISNUMBER(D5)), C5-D5, "") -> 28179 | F5: =IFERROR(E5/D5, "") | G5: =SUM(Oct!G5,Nov!G5,Dec!G5) -> 0 | H5: =SUM(Oct!H5, Nov!H5, Dec!H5) -> 28179 | I5: =IFERROR(H5/G5, "")

Sheet Jan
A1: {=portfolio} -> Walden Liberty | D1: January Actual v. Expected | G1: January Actual v. Forecasted
A2: Total | C2: =SUM(C4:C76) -> 39051 | D2: =SUM(D4:D76) -> 0 | E2: =C2-D2 -> 39051 | F2: =IFERROR(E2/D2, 0) -> 0 | G2: =SUM(G4:G76) -> 0 | H2: =C2-G2 -> 39051 | I2: =IFERROR(H2/G2, 0) -> 0 | J2: =IF(AND(TODAY()>DATE(2024, 1, 1), COUNTA(Sites[Site])<>(COUNT(C:C)-1)), "Some sites are missing actual data; if new sites were added, make sure they are aligned correctly (including prior months!)", "")
A3: Site | B3: State | C3: Actual | D3: Expected | E3: Delta | F3: % | G3: Forecasted | H3: Delta | I3: % | J3: Notes | K3: Service Requests
A4: {=Sites[Site]} -> CCC College | B4: {=Sites[State]} -> MA | C4: 34113 | D4: 0 | E4: =IF(AND(ISNUMBER(C4),ISNUMBER(D4)), C4-D4, "") -> 34113 | F4: =IFERROR(E4/D4, "") | G4: 0 | H4: =IF(AND(ISNUMBER(C4),ISNUMBER(G4)), C4-G4, "") -> 34113 | I4: =IFERROR(H4/G4, "")
A5: Walden Liberty | B5: MA | C5: 4938 | D5: 0 | E5: =IF(AND(ISNUMBER(C5),ISNUMBER(D5)), C5-D5, "") -> 4938 | F5: =IFERROR(E5/D5, "") | G5: 0 | H5: =IF(AND(ISNUMBER(C5),ISNUMBER(G5)), C5-G5, "") -> 4938 | I5: =IFERROR(H5/G5, "")

Sheet Feb
A1: {=portfolio} -> Walden Liberty | D1: February Actual v. Expected | G1: February Actual v. Forecasted
A2: Total | C2: =SUM(C4:C77) -> 68716 | D2: =SUM(D4:D77) -> 0 | E2: =C2-D2 -> 68716 | F2: =IFERROR(E2/D2, 0) -> 0 | G2: =SUM(G4:G77) -> 0 | H2: =C2-G2 -> 68716 | I2: =IFERROR(H2/G2, 0) -> 0 | J2: =IF(AND(TODAY()>DATE(2024, 2, 1), COUNTA(Sites[Site])<>(COUNT(C:C)-1)), "Some sites are missing actual data; if new sites were added, make sure they are aligned correctly (including prior months!)", "")
A3: Site | B3: State | C3: Actual | D3: Expected | E3: Delta | F3: % | G3: Forecasted | H3: Delta | I3: % | J3: Notes | K3: Service Requests
A4: {=Sites[Site]} -> CCC College | B4: {=Sites[State]} -> MA | C4: 53834 | D4: 0 | E4: =IF(AND(ISNUMBER(C4),ISNUMBER(D4)), C4-D4, "") -> 53834 | F4: =IFERROR(E4/D4, "") | G4: 0 | H4: =IF(AND(ISNUMBER(C4),ISNUMBER(G4)), C4-G4, "") -> 53834 | I4: =IFERROR(H4/G4, "")
A5: Walden Liberty | B5: MA | C5: 14882 | D5: 0 | E5: =IF(AND(ISNUMBER(C5),ISNUMBER(D5)), C5-D5, "") -> 14882 | F5: =IFERROR(E5/D5, "") | G5: 0 | H5: =IF(AND(ISNUMBER(C5),ISNUMBER(G5)), C5-G5, "") -> 14882 | I5: =IFERROR(H5/G5, "")

Sheet Mar
A1: {=portfolio} -> Walden Liberty | D1: March Actual v. Expected | G1: March Actual v. Forecasted
A2: Total | C2: =SUM(C4:C77) -> 86375 | D2: =SUM(D4:D77) -> 0 | E2: =C2-D2 -> 86375 | F2: =IFERROR(E2/D2, 0) -> 0 | G2: =SUM(G4:G77) -> 0 | H2: =C2-G2 -> 86375 | I2: =IFERROR(H2/G2, 0) -> 0 | J2: =IF(AND(TODAY()>DATE(2024, 3, 1), COUNTA(Sites[Site])<>(COUNT(C:C)-1)), "Some sites are missing actual data; if new sites were added, make sure they are aligned correctly (including prior months!)", "")
A3: Site | B3: State | C3: Actual | D3: Expected | E3: Delta | F3: % | G3: Forecasted | H3: Delta | I3: % | J3: Notes | K3: Service Requests
A4: {=Sites[Site]} -> CCC College | B4: {=Sites[State]} -> MA | C4: 64850 | D4: 0 | E4: =IF(AND(ISNUMBER(C4),ISNUMBER(D4)), C4-D4, "") -> 64850 | F4: =IFERROR(E4/D4, "") | G4: 0 | H4: =IF(AND(ISNUMBER(C4),ISNUMBER(G4)), C4-G4, "") -> 64850 | I4: =IFERROR(H4/G4, "")
A5: Walden Liberty | B5: MA | C5: 21525 | D5: 0 | E5: =IF(AND(ISNUMBER(C5),ISNUMBER(D5)), C5-D5, "") -> 21525 | F5: =IFERROR(E5/D5, "") | G5: 0 | H5: =IF(AND(ISNUMBER(C5),ISNUMBER(G5)), C5-G5, "") -> 21525 | I5: =IFERROR(H5/G5, "")

Sheet Apr
A1: {=portfolio} -> Walden Liberty | D1: April Actual v. Expected | G1: April Actual v. Forecasted
A2: Total | C2: =SUM(C4:C77) -> 91941 | D2: =SUM(D4:D77) -> 0 | E2: =C2-D2 -> 91941 | F2: =IFERROR(E2/D2, 0) -> 0 | G2: =SUM(G4:G77) -> 0 | H2: =C2-G2 -> 91941 | I2: =IFERROR(H2/G2, 0) -> 0 | J2: =IF(AND(TODAY()>DATE(2024, 4, 1), COUNTA(Sites[Site])<>(COUNT(C:C)-1)), "Some sites are missing actual data; if new sites were added, make sure they are aligned correctly (including prior months!)", "")
A3: Site | B3: State | C3: Actual | D3: Expected | E3: Delta | F3: % | G3: Forecasted | H3: Delta | I3: % | J3: Notes | K3: Service Requests
A4: {=Sites[Site]} -> CCC College | B4: {=Sites[State]} -> MA | C4: 67078 | D4: 0 | E4: =IF(AND(ISNUMBER(C4),ISNUMBER(D4)), C4-D4, "") -> 67078 | F4: =IFERROR(E4/D4, "") | G4: 0 | H4: =IF(AND(ISNUMBER(C4),ISNUMBER(G4)), C4-G4, "") -> 67078 | I4: =IFERROR(H4/G4, "")
A5: Walden Liberty | B5: MA | C5: 24863 | D5: 0 | E5: =IF(AND(ISNUMBER(C5),ISNUMBER(D5)), C5-D5, "") -> 24863 | F5: =IFERROR(E5/D5, "") | G5: 0 | H5: =IF(AND(ISNUMBER(C5),ISNUMBER(G5)), C5-G5, "") -> 24863 | I5: =IFERROR(H5/G5, "")

Sheet May
A1: {=portfolio} -> Walden Liberty | D1: May Actual v. Expected | G1: May Actual v. Forecasted
A2: Total | C2: =SUM(C4:C77) -> 114024 | D2: =SUM(D4:D77) -> 0 | E2: =C2-D2 -> 114024 | F2: =IFERROR(E2/D2, 0) -> 0 | G2: =SUM(G4:G77) -> 0 | H2: =C2-G2 -> 114024 | I2: =IFERROR(H2/G2, 0) -> 0 | J2: =IF(AND(TODAY()>DATE(2024, 5, 1), COUNTA(Sites[Site])<>(COUNT(C:C)-1)), "Some sites are missing actual data; if new sites were added, make sure they are aligned correctly (including prior months!)", "")
A3: Site | B3: State | C3: Actual | D3: Expected | E3: Delta | F3: % | G3: Forecasted | H3: Delta | I3: % | J3: Notes | K3: Service Requests
A4: {=Sites[Site]} -> CCC College | B4: {=Sites[State]} -> MA | C4: 85060 | D4: 0 | E4: =IF(AND(ISNUMBER(C4),ISNUMBER(D4)), C4-D4, "") -> 85060 | F4: =IFERROR(E4/D4, "") | G4: 0 | H4: =IF(AND(ISNUMBER(C4),ISNUMBER(G4)), C4-G4, "") -> 85060 | I4: =IFERROR(H4/G4, "")
A5: Walden Liberty | B5: MA | C5: 28964 | D5: 0 | E5: =IF(AND(ISNUMBER(C5),ISNUMBER(D5)), C5-D5, "") -> 28964 | F5: =IFERROR(E5/D5, "") | G5: 0 | H5: =IF(AND(ISNUMBER(C5),ISNUMBER(G5)), C5-G5, "") -> 28964 | I5: =IFERROR(H5/G5, "")

Sheet Jun
A1: {=portfolio} -> Walden Liberty | D1: June Actual v. Expected | G1: June Actual v. Forecasted
A2: Total | C2: =SUM(C4:C77) -> 128276 | D2: =SUM(D4:D77) -> 0 | E2: =C2-D2 -> 128276 | F2: =IFERROR(E2/D2, 0) -> 0 | G2: =SUM(G4:G77) -> 0 | H2: =C2-G2 -> 128276 | I2: =IFERROR(H2/G2, 0) -> 0 | J2: =IF(AND(TODAY()>DATE(2024, 6, 1), COUNTA(Sites[Site])<>(COUNT(C:C)-1)), "Some sites are missing actual data; if new sites were added, make sure they are aligned correctly (including prior months!)", "")
A3: Site | B3: State | C3: Actual | D3: Expected | E3: Delta | F3: % | G3: Forecasted | H3: Delta | I3: % | J3: Notes | K3: Service Requests
A4: {=Sites[Site]} -> CCC College | B4: {=Sites[State]} -> MA | C4: 96646 | D4: 0 | E4: =IF(AND(ISNUMBER(C4),ISNUMBER(D4)), C4-D4, "") -> 96646 | F4: =IFERROR(E4/D4, "") | G4: 0 | H4: =IF(AND(ISNUMBER(C4),ISNUMBER(G4)), C4-G4, "") -> 96646 | I4: =IFERROR(H4/G4, "")
A5: Walden Liberty | B5: MA | C5: 31630 | D5: 0 | E5: =IF(AND(ISNUMBER(C5),ISNUMBER(D5)), C5-D5, "") -> 31630 | F5: =IFERROR(E5/D5, "") | G5: 0 | H5: =IF(AND(ISNUMBER(C5),ISNUMBER(G5)), C5-G5, "") -> 31630 | I5: =IFERROR(H5/G5, "")

Sheet Jul
A1: {=portfolio} -> Walden Liberty | D1: July Actual v. Expected | G1: July Actual v. Forecasted
A2: Total | C2: =SUM(C4:C77) -> 107263 | D2: =SUM(D4:D77) -> 0 | E2: =C2-D2 -> 107263 | F2: =IFERROR(E2/D2, 0) -> 0 | G2: =SUM(G4:G77) -> 0 | H2: =C2-G2 -> 107263 | I2: =IFERROR(H2/G2, 0) -> 0 | J2: =IF(AND(TODAY()>DATE(2024, 7, 1), COUNTA(Sites[Site])<>(COUNT(C:C)-1)), "Some sites are missing actual data; if new sites were added, make sure they are aligned correctly (including prior months!)", "")
A3: Site | B3: State | C3: Actual | D3: Expected | E3: Delta | F3: % | G3: Forecasted | H3: Delta | I3: % | J3: Notes | K3: Service Requests
A4: {=Sites[Site]} -> CCC College | B4: {=Sites[State]} -> MA | C4: 84955 | D4: 0 | E4: =IF(AND(ISNUMBER(C4),ISNUMBER(D4)), C4-D4, "") -> 84955 | F4: =IFERROR(E4/D4, "") | G4: 0 | H4: =IF(AND(ISNUMBER(C4),ISNUMBER(G4)), C4-G4, "") -> 84955 | I4: =IFERROR(H4/G4, "")
A5: Walden Liberty | B5: MA | C5: 22308 | D5: 0 | E5: =IF(AND(ISNUMBER(C5),ISNUMBER(D5)), C5-D5, "") -> 22308 | F5: =IFERROR(E5/D5, "") | G5: 0 | H5: =IF(AND(ISNUMBER(C5),ISNUMBER(G5)), C5-G5, "") -> 22308 | I5: =IFERROR(H5/G5, "") | J5: 1. Inverter 1 derating approximately 225kW from 07/17 | K5: 1. SR087933

Sheet Aug
A1: {=portfolio} -> Walden Liberty | D1: August Actual v. Expected | G1: August Actual v. Forecasted
A2: Total | C2: =SUM(C4:C77) -> 100113 | D2: =SUM(D4:D77) -> 0 | E2: =C2-D2 -> 100113 | F2: =IFERROR(E2/D2, 0) -> 0 | G2: =SUM(G4:G77) -> 0 | H2: =C2-G2 -> 100113 | I2: =IFERROR(H2/G2, 0) -> 0 | J2: =IF(AND(TODAY()>DATE(2024, 8, 1), COUNTA(Sites[Site])<>(COUNT(C:C)-1)), "Some sites are missing actual data; if new sites were added, make sure they are aligned correctly (including prior months!)", "")
A3: Site | B3: State | C3: Actual | D3: Expected | E3: Delta | F3: % | G3: Forecasted | H3: Delta | I3: % | J3: Notes | K3: Service Requests
A4: {=Sites[Site]} -> CCC College | B4: {=Sites[State]} -> MA | C4: 85973 | D4: 0 | E4: =IF(AND(ISNUMBER(C4),ISNUMBER(D4)), C4-D4, "") -> 85973 | F4: =IFERROR(E4/D4, "") | G4: 0 | H4: =IF(AND(ISNUMBER(C4),ISNUMBER(G4)), C4-G4, "") -> 85973 | I4: =IFERROR(H4/G4, "")
A5: Walden Liberty | B5: MA | C5: 14140 | D5: 0 | E5: =IF(AND(ISNUMBER(C5),ISNUMBER(D5)), C5-D5, "") -> 14140 | F5: =IFERROR(E5/D5, "") | G5: 0 | H5: =IF(AND(ISNUMBER(C5),ISNUMBER(G5)), C5-G5, "") -> 14140 | I5: =IFERROR(H5/G5, "") | J5: 1. Inverter 1 derating approximately 225kW from 07/17. 2. Inverter tripped offline at 12PM on 08/24 and back online on 08/25. | K5: 1. SR087933 2. SR089494

Sheet Sep
A1: {=portfolio} -> Walden Liberty | D1: September Actual v. Expected | G1: September Actual v. Forecasted
A2: Total | C2: =SUM(C4:C77) -> 83496 | D2: =SUM(D4:D77) -> 0 | E2: =C2-D2 -> 83496 | F2: =IFERROR(E2/D2, 0) -> 0 | G2: =SUM(G4:G77) -> 0 | H2: =C2-G2 -> 83496 | I2: =IFERROR(H2/G2, 0) -> 0 | J2: =IF(AND(TODAY()>DATE(2024, 9, 1), COUNTA(Sites[Site])<>(COUNT(C:C)-1)), "Some sites are missing actual data; if new sites were added, make sure they are aligned correctly (including prior months!)", "")
A3: Site | B3: State | C3: Actual | D3: Expected | E3: Delta | F3: % | G3: Forecasted | H3: Delta | I3: % | J3: Notes | K3: Service Requests
A4: {=Sites[Site]} -> CCC College | B4: {=Sites[State]} -> MA | C4: 71184 | D4: 0 | E4: =IF(AND(ISNUMBER(C4),ISNUMBER(D4)), C4-D4, "") -> 71184 | F4: =IFERROR(E4/D4, "") | G4: 0 | H4: =IF(AND(ISNUMBER(C4),ISNUMBER(G4)), C4-G4, "") -> 71184 | I4: =IFERROR(H4/G4, "")
A5: Walden Liberty | B5: MA | C5: 12312 | D5: 0 | E5: =IF(AND(ISNUMBER(C5),ISNUMBER(D5)), C5-D5, "") -> 12312 | F5: =IFERROR(E5/D5, "") | G5: 0 | H5: =IF(AND(ISNUMBER(C5),ISNUMBER(G5)), C5-G5, "") -> 12312 | I5: =IFERROR(H5/G5, "") | J5: 1. Inverter 1 derating approximately 225kW from 07/17. 2. Site tripped offline at 06:00PM on 09/15 and back online at 12PM on 09/16 | K5: 1. SR087933 2. SR090605

Sheet Oct
A1: {=portfolio} -> Walden Liberty | D1: October Actual v. Expected | G1: October Actual v. Forecasted
A2: Total | C2: =SUM(C4:C77) -> 85937 | D2: =SUM(D4:D77) -> 0 | E2: =C2-D2 -> 85937 | F2: =IFERROR(E2/D2, 0) -> 0 | G2: =SUM(G4:G77) -> 0 | H2: =C2-G2 -> 85937 | I2: =IFERROR(H2/G2, 0) -> 0 | J2: =IF(AND(TODAY()>DATE(2024, 10, 1), COUNTA(Sites[Site])<>(COUNT(C:C)-1)), "Some sites are missing actual data; if new sites were added, make sure they are aligned correctly (including prior months!)", "")
A3: Site | B3: State | C3: Actual | D3: Expected | E3: Delta | F3: % | G3: Forecasted | H3: Delta | I3: % | J3: Notes | K3: Service Requests
A4: {=Sites[Site]} -> CCC College | B4: {=Sites[State]} -> MA | C4: 72951 | D4: 0 | E4: =IF(AND(ISNUMBER(C4),ISNUMBER(D4)), C4-D4, "") -> 72951 | F4: =IFERROR(E4/D4, "") | G4: 0 | H4: =IF(AND(ISNUMBER(C4),ISNUMBER(G4)), C4-G4, "") -> 72951 | I4: =IFERROR(H4/G4, "")
A5: Walden Liberty | B5: MA | C5: 12986 | D5: 0 | E5: =IF(AND(ISNUMBER(C5),ISNUMBER(D5)), C5-D5, "") -> 12986 | F5: =IFERROR(E5/D5, "") | G5: 0 | H5: =IF(AND(ISNUMBER(C5),ISNUMBER(G5)), C5-G5, "") -> 12986 | I5: =IFERROR(H5/G5, "") | J5: 1. Inverter is derating at 50KW approximetly 175KW down due to an fan issue | K5: 1. SR087933

Sheet Nov
A1: {=portfolio} -> Walden Liberty | D1: November Actual v. Expected | G1: November Actual v. Forecasted
A2: Total | C2: =SUM(C4:C77) -> 63488 | D2: =SUM(D4:D77) -> 0 | E2: =C2-D2 -> 63488 | F2: =IFERROR(E2/D2, 0) -> 0 | G2: =SUM(G4:G77) -> 0 | H2: =C2-G2 -> 63488 | I2: =IFERROR(H2/G2, 0) -> 0 | J2: =IF(AND(TODAY()>DATE(2024, 11, 1), COUNTA(Sites[Site])<>(COUNT(C:C)-1)), "Some sites are missing actual data; if new sites were added, make sure they are aligned correctly (including prior months!)", "")
A3: Site | B3: State | C3: Actual | D3: Expected | E3: Delta | F3: % | G3: Forecasted | H3: Delta | I3: % | J3: Notes | K3: Service Requests
A4: {=Sites[Site]} -> CCC College | B4: {=Sites[State]} -> MA | C4: 53675 | D4: 0 | E4: =IF(AND(ISNUMBER(C4),ISNUMBER(D4)), C4-D4, "") -> 53675 | F4: =IFERROR(E4/D4, "") | G4: 0 | H4: =IF(AND(ISNUMBER(C4),ISNUMBER(G4)), C4-G4, "") -> 53675 | I4: =IFERROR(H4/G4, "")
A5: Walden Liberty | B5: MA | C5: 9813 | D5: 0 | E5: =IF(AND(ISNUMBER(C5),ISNUMBER(D5)), C5-D5, "") -> 9813 | F5: =IFERROR(E5/D5, "") | G5: 0 | H5: =IF(AND(ISNUMBER(C5),ISNUMBER(G5)), C5-G5, "") -> 9813 | I5: =IFERROR(H5/G5, "") | J5: 1. Inverter is derating at 50KW approximetly 175KW down due to an fan issue | K5: 1. SR087933

Sheet Dec
A1: {=portfolio} -> Walden Liberty | D1: December Actual v. Expected | G1: December Actual v. Forecasted
A2: Total | C2: =SUM(C4:C77) -> 44617 | D2: =SUM(D4:D77) -> 0 | E2: =C2-D2 -> 44617 | F2: =IFERROR(E2/D2, 0) -> 0 | G2: =SUM(G4:G77) -> 0 | H2: =C2-G2 -> 44617 | I2: =IFERROR(H2/G2, 0) -> 0 | J2: =IF(AND(TODAY()>DATE(2024, 12, 1), COUNTA(Sites[Site])<>(COUNT(C:C)-1)), "Some sites are missing actual data; if new sites were added, make sure they are aligned correctly (including prior months!)", "")
A3: Site | B3: State | C3: Actual | D3: Expected | E3: Delta | F3: % | G3: Forecasted | H3: Delta | I3: % | J3: Notes | K3: Service Requests
A4: {=Sites[Site]} -> CCC College | B4: {=Sites[State]} -> MA | C4: 39237 | D4: 0 | E4: =IF(AND(ISNUMBER(C4),ISNUMBER(D4)), C4-D4, "") -> 39237 | F4: =IFERROR(E4/D4, "") | G4: 0 | H4: =IF(AND(ISNUMBER(C4),ISNUMBER(G4)), C4-G4, "") -> 39237 | I4: =IFERROR(H4/G4, "") | J4: 1. Inverter 2 tripped offline at 10:20AM on 12/10/2024 and back online at 11:05AM on 12/11 | K4: 1.SR094315
A5: Walden Liberty | B5: MA | C5: 5380 | D5: 0 | E5: =IF(AND(ISNUMBER(C5),ISNUMBER(D5)), C5-D5, "") -> 5380 | F5: =IFERROR(E5/D5, "") | G5: 0 | H5: =IF(AND(ISNUMBER(C5),ISNUMBER(G5)), C5-G5, "") -> 5380 | I5: =IFERROR(H5/G5, "") | J5: 1. Inverter 1 is derating at 50KW approximetly 175KW down due to an fan issue. 2. Inverter 1 tripped offline at 12:00PM on 12/20/2024 and back online at 11:20AM on 12/26. | K5: 1. SR087933 2. SR095038

Sheet Sheet1

Sheet Sites
A1: Portfolio: | B1: Walden Liberty
A3: Site DAS Name | B3: Site | C3: State | D3: Update | E3: DAS
A4: Cape Cod Community College | B4: CCC College | C4: MA | D4: A | E4: SolrenView
A5: Walden Liberty Solar LLC | B5: Walden Liberty | C5: MA | D5: A | E5: SolrenView
