Workbook
Name JanActual: #REF!
Name JanActual2: #REF!
Name JanExpected: #REF!
Name JanExpectedDelta: #REF!
Name JanExpectedPercent: #REF!
Name JanExpPercent: #REF!
Name JanForecasted: #REF!
Name JanForecastedDelta: #REF!
Name JanForecastedPercent: #REF!
Name portfolio: Sites!$B$1:$B$1
Name Year: Sites!#REF!

Sheet Year to Date
A1: {=portfolio} -> Generate Capital | E1: Year to Date Actual v. Expected | H1: Year to Date Actual v. Forecasted | K1: YtD Availability
A2: Total | D2: =SUM(D4:D200) -> 2.6538566e+08 | E2: =SUM(E4:E138) -> 86991351 | F2: =D2-E2 -> 1.7839431e+08 | G2: =IFERROR(F2/E2, 0) -> 2.0507132 | H2: =SUM(H4:H138) -> 2.1453042e+08 | I2: =D2-H2 -> 50855239 | J2: =IFERROR(I2/H2, 0) -> 0.23705374
A3: Site | B3: State | C3: SOL# | D3: Actual | E3: Expected | F3: Delta | G3: % | H3: Forecasted | I3: Delta | J3: % | K3: Site Availability
A4: {=Sites[Site]} -> Farmer | B4: {=Sites[State]} -> AZ | C4: =Sites[[#This Row],[SOL'#]] -> SOL-10748 | D4: =SUM('1st Qtr'!D4, '2nd Qtr'!D4, '3rd Qtr'!D4, '4th Qtr'!D4) -> 129168.86 | E4: =SUM('1st Qtr'!E4, '2nd Qtr'!E4, '3rd Qtr'!E4, '4th Qtr'!E4) -> 37285.274 | F4: =IF(AND(ISNUMBER(D4),ISNUMBER(E4)), D4-E4, "") -> 91883.589 | G4: =IFERROR(F4/E4, "") -> 2.4643399 | H4: =SUM('1st Qtr'!H4+'2nd Qtr'!H4+'3rd Qtr'!H4+'4th Qtr'!H4) -> 122327.51 | I4: =SUM('1st Qtr'!I4, '2nd Qtr'!I4, '3rd Qtr'!I4, '4th Qtr'!I4) -> 6841.3574 | J4: =IFERROR(I4/H4, "") -> 0.055926567 | K4: =IFERROR(AVERAGE(Jan!K4, Feb!K4, Mar!K4, Apr!K4, May!K4, Jun!K4, Jul!K4, Aug!K4, Sep!K4, Oct!K4, Nov!K4, Dec!K4),"") -> 0.9996124
A5: Fulton | B5: AZ | C5: =Sites[[#This Row],[SOL'#]] -> SOL-10749 | D5: =SUM('1st Qtr'!D5, '2nd Qtr'!D5, '3rd Qtr'!D5, '4th Qtr'!D5) -> 500073 | E5: =SUM('1st Qtr'!E5, '2nd Qtr'!E5, '3rd Qtr'!E5, '4th Qtr'!E5) -> 241816.75 | F5: =IF(AND(ISNUMBER(D5),ISNUMBER(E5)), D5-E5, "") -> 258256.25 | G5: =IFERROR(F5/E5, "") -> 1.0679833 | H5: =SUM('1st Qtr'!H5+'2nd Qtr'!H5+'3rd Qtr'!H5+'4th Qtr'!H5) -> 595510.1 | I5: =SUM('1st Qtr'!I5, '2nd Qtr'!I5, '3rd Qtr'!I5, '4th Qtr'!I5) -> -95437.1 | J5: =IFERROR(I5/H5, "") -> -0.16026109 | K5: =IFERROR(AVERAGE(Jan!K5, Feb!K5, Mar!K5, Apr!K5, May!K5, Jun!K5, Jul!K5, Aug!K5, Sep!K5, Oct!K5, Nov!K5, Dec!K5),"") -> 0.9966893
A6: JFK Elementary | B6: AZ | C6: =Sites[[#This Row],[SOL'#]] -> SOL-10758 | D6: =SUM('1st Qtr'!D6, '2nd Qtr'!D6, '3rd Qtr'!D6, '4th Qtr'!D6) -> -1029121.7 | E6: =SUM('1st Qtr'!E6, '2nd Qtr'!E6, '3rd Qtr'!E6, '4th Qtr'!E6) -> 0 | F6: =IF(AND(ISNUMBER(D6),ISNUMBER(E6)), D6-E6, "") -> -1029121.7 | G6: =IFERROR(F6/E6, "") | H6: =SUM('1st Qtr'!H6+'2nd Qtr'!H6+'3rd Qtr'!H6+'4th Qtr'!H6) -> 180722 | I6: =SUM('1st Qtr'!I6, '2nd Qtr'!I6, '3rd Qtr'!I6, '4th Qtr'!I6) -> -1209843.7 | J6: =IFERROR(I6/H6, "") -> -6.6945013 | K6: =IFERROR(AVERAGE(Jan!K6, Feb!K6, Mar!K6, Apr!K6, May!K6, Jun!K6, Jul!K6, Aug!K6, Sep!K6, Oct!K6, Nov!K6, Dec!K6),"") -> 0.74997377
A7: Noble | B7: AZ | C7: =Sites[[#This Row],[SOL'#]] -> SOL-10750 | D7: =SUM('1st Qtr'!D7, '2nd Qtr'!D7, '3rd Qtr'!D7, '4th Qtr'!D7) -> 98780.804 | E7: =SUM('1st Qtr'!E7, '2nd Qtr'!E7, '3rd Qtr'!E7, '4th Qtr'!E7) -> 62997.764 | F7: =IF(AND(ISNUMBER(D7),ISNUMBER(E7)), D7-E7, "") -> 35783.04 | G7: =IFERROR(F7/E7, "") -> 0.56800492 | H7: =SUM('1st Qtr'!H7+'2nd Qtr'!H7+'3rd Qtr'!H7+'4th Qtr'!H7) -> 137640.33 | I7: =SUM('1st Qtr'!I7, '2nd Qtr'!I7, '3rd Qtr'!I7, '4th Qtr'!I7) -> -38859.526 | J7: =IFERROR(I7/H7, "") -> -0.2823266 | K7: =IFERROR(AVERAGE(Jan!K7, Feb!K7, Mar!K7, Apr!K7, May!K7, Jun!K7, Jul!K7, Aug!K7, Sep!K7, Oct!K7, Nov!K7, Dec!K7),"") -> 0.9610567
A8: Parking 3 | B8: AZ | C8: =Sites[[#This Row],[SOL'#]] -> SOL-10751 | D8: =SUM('1st Qtr'!D8, '2nd Qtr'!D8, '3rd Qtr'!D8, '4th Qtr'!D8) -> 270270.01 | E8: =SUM('1st Qtr'!E8, '2nd Qtr'!E8, '3rd Qtr'!E8, '4th Qtr'!E8) -> 138991.53 | F8: =IF(AND(ISNUMBER(D8),ISNUMBER(E8)), D8-E8, "") -> 131278.48 | G8: =IFERROR(F8/E8, "") -> 0.94450708 | H8: =SUM('1st Qtr'!H8+'2nd Qtr'!H8+'3rd Qtr'!H8+'4th Qtr'!H8) -> 296249.62 | I8: =SUM('1st Qtr'!I8, '2nd Qtr'!I8, '3rd Qtr'!I8, '4th Qtr'!I8) -> -25979.606 | J8: =IFERROR(I8/H8, "") -> -0.087694986 | K8: =IFERROR(AVERAGE(Jan!K8, Feb!K8, Mar!K8, Apr!K8, May!K8, Jun!K8, Jul!K8, Aug!K8, Sep!K8, Oct!K8, Nov!K8, Dec!K8),"") -> 0.90212869
A9: PE East | B9: AZ | C9: =Sites[[#This Row],[SOL'#]] -> SOL-10752 | D9: =SUM('1st Qtr'!D9, '2nd Qtr'!D9, '3rd Qtr'!D9, '4th Qtr'!D9) -> 287786.01 | E9: =SUM('1st Qtr'!E9, '2nd Qtr'!E9, '3rd Qtr'!E9, '4th Qtr'!E9) -> 100252.46 | F9: =IF(AND(ISNUMBER(D9),ISNUMBER(E9)), D9-E9, "") -> 187533.55 | G9: =IFERROR(F9/E9, "") -> 1.8706129 | H9: =SUM('1st Qtr'!H9+'2nd Qtr'!H9+'3rd Qtr'!H9+'4th Qtr'!H9) -> 291561.8 | I9: =SUM('1st Qtr'!I9, '2nd Qtr'!I9, '3rd Qtr'!I9, '4th Qtr'!I9) -> -3775.7904 | J9: =IFERROR(I9/H9, "") -> -0.012950223 | K9: =IFERROR(AVERAGE(Jan!K9, Feb!K9, Mar!K9, Apr!K9, May!K9, Jun!K9, Jul!K9, Aug!K9, Sep!K9, Oct!K9, Nov!K9, Dec!K9),"") -> 0.99930198
A10: Schwada | B10: AZ | C10: =Sites[[#This Row],[SOL'#]] -> SOL-10753 | D10: =SUM('1st Qtr'!D10, '2nd Qtr'!D10, '3rd Qtr'!D10, '4th Qtr'!D10) -> 126800.16 | E10: =SUM('1st Qtr'!E10, '2nd Qtr'!E10, '3rd Qtr'!E10, '4th Qtr'!E10) -> 41274.715 | F10: =IF(AND(ISNUMBER(D10),ISNUMBER(E10)), D10-E10, "") -> 85525.447 | G10: =IFERROR(F10/E10, "") -> 2.0721027 | H10: =SUM('1st Qtr'!H10+'2nd Qtr'!H10+'3rd Qtr'!H10+'4th Qtr'!H10) -> 125830 | I10: =SUM('1st Qtr'!I10, '2nd Qtr'!I10, '3rd Qtr'!I10, '4th Qtr'!I10) -> 970.16214 | J10: =IFERROR(I10/H10, "") -> 0.0077101021 | K10: =IFERROR(AVERAGE(Jan!K10, Feb!K10, Mar!K10, Apr!K10, May!K10, Jun!K10, Jul!K10, Aug!K10, Sep!K10, Oct!K10, Nov!K10, Dec!K10),"") -> 0.99354839
A11: Starshine | B11: AZ | C11: =Sites[[#This Row],[SOL'#]] -> SOL-10757 | D11: =SUM('1st Qtr'!D11, '2nd Qtr'!D11, '3rd Qtr'!D11, '4th Qtr'!D11) -> -940287.28 | E11: =SUM('1st Qtr'!E11, '2nd Qtr'!E11, '3rd Qtr'!E11, '4th Qtr'!E11) -> 0 | F11: =IF(AND(ISNUMBER(D11),ISNUMBER(E11)), D11-E11, "") -> -940287.28 | G11: =IFERROR(F11/E11, "") | H11: =SUM('1st Qtr'!H11+'2nd Qtr'!H11+'3rd Qtr'!H11+'4th Qtr'!H11) -> 93543 | I11: =SUM('1st Qtr'!I11, '2nd Qtr'!I11, '3rd Qtr'!I11, '4th Qtr'!I11) -> -1033830.3 | J11: =IFERROR(I11/H11, "") -> -11.051926 | K11: =IFERROR(AVERAGE(Jan!K11, Feb!K11, Mar!K11, Apr!K11, May!K11, Jun!K11, Jul!K11, Aug!K11, Sep!K11, Oct!K11, Nov!K11, Dec!K11),"") -> 0.66234191
A12: Yuma Airport | B12: AZ | C12: =Sites[[#This Row],[SOL'#]] -> SOL-10754 | D12: =SUM('1st Qtr'!D12, '2nd Qtr'!D12, '3rd Qtr'!D12, '4th Qtr'!D12) -> 748529 | E12: =SUM('1st Qtr'!E12, '2nd Qtr'!E12, '3rd Qtr'!E12, '4th Qtr'!E12) -> 910308.38 | F12: =IF(AND(ISNUMBER(D12),ISNUMBER(E12)), D12-E12, "") -> -161779.38 | G12: =IFERROR(F12/E12, "") -> -0.17771931 | H12: =SUM('1st Qtr'!H12+'2nd Qtr'!H12+'3rd Qtr'!H12+'4th Qtr'!H12) -> 759063 | I12: =SUM('1st Qtr'!I12, '2nd Qtr'!I12, '3rd Qtr'!I12, '4th Qtr'!I12) -> -10534 | J12: =IFERROR(I12/H12, "") -> -0.013877636 | K12: =IFERROR(AVERAGE(Jan!K12, Feb!K12, Mar!K12, Apr!K12, May!K12, Jun!K12, Jul!K12, Aug!K12, Sep!K12, Oct!K12, Nov!K12, Dec!K12),"") -> 1
A13: Kinsman | B13: OH | C13: =Sites[[#This Row],[SOL'#]] -> SOL-10762 | D13: =SUM('1st Qtr'!D13, '2nd Qtr'!D13, '3rd Qtr'!D13, '4th Qtr'!D13) -> 844175.11 | E13: =SUM('1st Qtr'!E13, '2nd Qtr'!E13, '3rd Qtr'!E13, '4th Qtr'!E13) -> 1089511.4 | F13: =IF(AND(ISNUMBER(D13),ISNUMBER(E13)), D13-E13, "") -> -245336.25 | G13: =IFERROR(F13/E13, "") -> -0.22518008 | H13: =SUM('1st Qtr'!H13+'2nd Qtr'!H13+'3rd Qtr'!H13+'4th Qtr'!H13) -> 1039848 | I13: =SUM('1st Qtr'!I13, '2nd Qtr'!I13, '3rd Qtr'!I13, '4th Qtr'!I13) -> -195672.89 | J13: =IFERROR(I13/H13, "") -> -0.18817451 | K13: =IFERROR(AVERAGE(Jan!K13, Feb!K13, Mar!K13, Apr!K13, May!K13, Jun!K13, Jul!K13, Aug!K13, Sep!K13, Oct!K13, Nov!K13, Dec!K13),"") -> 0.98598175
A14: Wooster | B14: OH | C14: =Sites[[#This Row],[SOL'#]] -> SOL-10763 | D14: =SUM('1st Qtr'!D14, '2nd Qtr'!D14, '3rd Qtr'!D14, '4th Qtr'!D14) -> 178790.75 | E14: =SUM('1st Qtr'!E14, '2nd Qtr'!E14, '3rd Qtr'!E14, '4th Qtr'!E14) -> 0 | F14: =IF(AND(ISNUMBER(D14),ISNUMBER(E14)), D14-E14, "") -> 178790.75 | G14: =IFERROR(F14/E14, "") | H14: =SUM('1st Qtr'!H14+'2nd Qtr'!H14+'3rd Qtr'!H14+'4th Qtr'!H14) -> 242411 | I14: =SUM('1st Qtr'!I14, '2nd Qtr'!I14, '3rd Qtr'!I14, '4th Qtr'!I14) -> -63620.25 | J14: =IFERROR(I14/H14, "") -> -0.26244787 | K14: =IFERROR(AVERAGE(Jan!K14, Feb!K14, Mar!K14, Apr!K14, May!K14, Jun!K14, Jul!K14, Aug!K14, Sep!K14, Oct!K14, Nov!K14, Dec!K14),"") -> 1
A15: Globe Gila CC | B15: AZ | C15: =Sites[[#This Row],[SOL'#]] -> SOL-10755 | D15: =SUM('1st Qtr'!D15, '2nd Qtr'!D15, '3rd Qtr'!D15, '4th Qtr'!D15) -> -1358643.4 | E15: =SUM('1st Qtr'!E15, '2nd Qtr'!E15, '3rd Qtr'!E15, '4th Qtr'!E15) -> 48461.452 | F15: =IF(AND(ISNUMBER(D15),ISNUMBER(E15)), D15-E15, "") -> -1407104.9 | G15: =IFERROR(F15/E15, "") -> -29.035549 | H15: =SUM('1st Qtr'!H15+'2nd Qtr'!H15+'3rd Qtr'!H15+'4th Qtr'!H15) -> 166022 | I15: =SUM('1st Qtr'!I15, '2nd Qtr'!I15, '3rd Qtr'!I15, '4th Qtr'!I15) -> -1524665.4 | J15: =IFERROR(I15/H15, "") -> -9.1835143 | K15: =IFERROR(AVERAGE(Jan!K15, Feb!K15, Mar!K15, Apr!K15, May!K15, Jun!K15, Jul!K15, Aug!K15, Sep!K15, Oct!K15, Nov!K15, Dec!K15),"") -> 0.99992132
A16: Payson Gila CC | B16: AZ | C16: =Sites[[#This Row],[SOL'#]] -> SOL-10756 | D16: =SUM('1st Qtr'!D16, '2nd Qtr'!D16, '3rd Qtr'!D16, '4th Qtr'!D16) -> 98918.258 | E16: =SUM('1st Qtr'!E16, '2nd Qtr'!E16, '3rd Qtr'!E16, '4th Qtr'!E16) -> 25114.707 | F16: =IF(AND(ISNUMBER(D16),ISNUMBER(E16)), D16-E16, "") -> 73803.551 | G16: =IFERROR(F16/E16, "") -> 2.9386586 | H16: =SUM('1st Qtr'!H16+'2nd Qtr'!H16+'3rd Qtr'!H16+'4th Qtr'!H16) -> 128723 | I16: =SUM('1st Qtr'!I16, '2nd Qtr'!I16, '3rd Qtr'!I16, '4th Qtr'!I16) -> -29804.742 | J16: =IFERROR(I16/H16, "") -> -0.2315417 | K16: =IFERROR(AVERAGE(Jan!K16, Feb!K16, Mar!K16, Apr!K16, May!K16, Jun!K16, Jul!K16, Aug!K16, Sep!K16, Oct!K16, Nov!K16, Dec!K16),"") -> 0.99790884
... A138: Ridgeway #2 | B138: NY | C138: =Sites[[#This Row],[SOL'#]] -> SOL-11027 | D138: =SUM('1st Qtr'!D138, '2nd Qtr'!D138, '3rd Qtr'!D138, '4th Qtr'!D138) -> 3747929.4 | E138: =SUM('1st Qtr'!E138, '2nd Qtr'!E138, '3rd Qtr'!E138, '4th Qtr'!E138) -> 0 | F138: =IF(AND(ISNUMBER(D138),ISNUMBER(E138)), D138-E138, "") -> 3747929.4 | G138: =IFERROR(F138/E138, "") | H138: =SUM('1st Qtr'!H138+'2nd Qtr'!H138+'3rd Qtr'!H138+'4th Qtr'!H138) -> 1798380 | I138: =SUM('1st Qtr'!I138, '2nd Qtr'!I138, '3rd Qtr'!I138, '4th Qtr'!I138) -> 1949549.4 | J138: =IFERROR(I138/H138, "") -> 1.0840587 | K138: =IFERROR(AVERAGE(Jan!K138, Feb!K138, Mar!K138, Apr!K138, May!K138, Jun!K138, Jul!K138, Aug!K138, Sep!K138, Oct!K138, Nov!K138, Dec!K138),"")
A139: Spencer | B139: NY | C139: =Sites[[#This Row],[SOL'#]] -> SOL-11017 | D139: =SUM('1st Qtr'!D139, '2nd Qtr'!D139, '3rd Qtr'!D139, '4th Qtr'!D139) -> 6238595.8 | E139: =SUM('1st Qtr'!E139, '2nd Qtr'!E139, '3rd Qtr'!E139, '4th Qtr'!E139) -> 0 | F139: =IF(AND(ISNUMBER(D139),ISNUMBER(E139)), D139-E139, "") -> 6238595.8 | G139: =IFERROR(F139/E139, "") | H139: =SUM('1st Qtr'!H139+'2nd Qtr'!H139+'3rd Qtr'!H139+'4th Qtr'!H139) -> 3451000 | I139: =SUM('1st Qtr'!I139, '2nd Qtr'!I139, '3rd Qtr'!I139, '4th Qtr'!I139) -> 2787595.8 | K139: =IFERROR(AVERAGE(Jan!K139, Feb!K139, Mar!K139, Apr!K139, May!K139, Jun!K139, Jul!K139, Aug!K139, Sep!K139, Oct!K139, Nov!K139, Dec!K139),"")
A140: Reisender | B140: NY | C140: ='1st Qtr'!C140 -> SOL-10886 | D140: =SUM('1st Qtr'!D140, '2nd Qtr'!D140, '3rd Qtr'!D140, '4th Qtr'!D140) -> 1447640 | E140: =SUM('1st Qtr'!E140, '2nd Qtr'!E140, '3rd Qtr'!E140, '4th Qtr'!E140) -> 1469154.3 | F140: =IF(AND(ISNUMBER(D140),ISNUMBER(E140)), D140-E140, "") -> -21514.28 | G140: =IFERROR(F140/E140, "") -> -0.01464399 | H140: =SUM('1st Qtr'!H140+'2nd Qtr'!H140+'3rd Qtr'!H140+'4th Qtr'!H140) -> 1500075 | I140: =SUM('1st Qtr'!I140, '2nd Qtr'!I140, '3rd Qtr'!I140, '4th Qtr'!I140) -> -52435 | K140: =IFERROR(AVERAGE(Jan!K140, Feb!K140, Mar!K140, Apr!K140, May!K140, Jun!K140, Jul!K140, Aug!K140, Sep!K140, Oct!K140, Nov!K140, Dec!K140),"")
A141: Finney | B141: NY | C141: =Sites[[#This Row],[SOL'#]] -> SOL-10999 | D141: =SUM('1st Qtr'!D141, '2nd Qtr'!D141, '3rd Qtr'!D141, '4th Qtr'!D141) -> 3289070 | E141: =SUM('1st Qtr'!E141, '2nd Qtr'!E141, '3rd Qtr'!E141, '4th Qtr'!E141) -> 0 | F141: =IF(AND(ISNUMBER(D141),ISNUMBER(E141)), D141-E141, "") -> 3289070 | G141: =IFERROR(F141/E141, "") | H141: =SUM('1st Qtr'!H141+'2nd Qtr'!H141+'3rd Qtr'!H141+'4th Qtr'!H141) -> 3307438 | I141: =SUM('1st Qtr'!I141, '2nd Qtr'!I141, '3rd Qtr'!I141, '4th Qtr'!I141) -> -334948 | K141: =IFERROR(AVERAGE(Jan!K141, Feb!K141, Mar!K141, Apr!K141, May!K141, Jun!K141, Jul!K141, Aug!K141, Sep!K141, Oct!K141, Nov!K141, Dec!K141),"")
A142: Davis Solar | B142: NY | C142: =Sites[[#This Row],[SOL'#]] -> SOL-10958 | D142: =SUM('1st Qtr'!D142, '2nd Qtr'!D142, '3rd Qtr'!D142, '4th Qtr'!D142) -> 1996108 | E142: =SUM('1st Qtr'!E142, '2nd Qtr'!E142, '3rd Qtr'!E142, '4th Qtr'!E142) -> 3366819.1 | F142: =IF(AND(ISNUMBER(D142),ISNUMBER(E142)), D142-E142, "") -> -1370711.1 | G142: =IFERROR(F142/E142, "") -> -0.40712348 | H142: =SUM('1st Qtr'!H142+'2nd Qtr'!H142+'3rd Qtr'!H142+'4th Qtr'!H142) -> 3688372 | I142: =SUM('1st Qtr'!I142, '2nd Qtr'!I142, '3rd Qtr'!I142, '4th Qtr'!I142) -> -915105 | K142: =IFERROR(AVERAGE(Jan!K142, Feb!K142, Mar!K142, Apr!K142, May!K142, Jun!K142, Jul!K142, Aug!K142, Sep!K142, Oct!K142, Nov!K142, Dec!K142),"") -> 0.62107122
A143: Genesee | B143: NY | C143: =Sites[[#This Row],[SOL'#]] -> SOL-10951 | D143: =SUM('1st Qtr'!D143, '2nd Qtr'!D143, '3rd Qtr'!D143, '4th Qtr'!D143) -> 3457864.9 | E143: =SUM('1st Qtr'!E143, '2nd Qtr'!E143, '3rd Qtr'!E143, '4th Qtr'!E143) -> 0 | F143: =IF(AND(ISNUMBER(D143),ISNUMBER(E143)), D143-E143, "") -> 3457864.9 | G143: =IFERROR(F143/E143, "") | H143: =SUM('1st Qtr'!H143+'2nd Qtr'!H143+'3rd Qtr'!H143+'4th Qtr'!H143) -> 2677368 | I143: =SUM('1st Qtr'!I143, '2nd Qtr'!I143, '3rd Qtr'!I143, '4th Qtr'!I143) -> 780496.9 | K143: =IFERROR(AVERAGE(Jan!K143, Feb!K143, Mar!K143, Apr!K143, May!K143, Jun!K143, Jul!K143, Aug!K143, Sep!K143, Oct!K143, Nov!K143, Dec!K143),"")
A144: Landau I | B144: NY | C144: =Sites[[#This Row],[SOL'#]] -> SOL-10891 | D144: =SUM('1st Qtr'!D144, '2nd Qtr'!D144, '3rd Qtr'!D144, '4th Qtr'!D144) -> 1343756 | E144: =SUM('1st Qtr'!E144, '2nd Qtr'!E144, '3rd Qtr'!E144, '4th Qtr'!E144) -> 0 | F144: =IF(AND(ISNUMBER(D144),ISNUMBER(E144)), D144-E144, "") -> 1343756 | G144: =IFERROR(F144/E144, "") | H144: =SUM('1st Qtr'!H144+'2nd Qtr'!H144+'3rd Qtr'!H144+'4th Qtr'!H144) -> 1214601 | I144: =SUM('1st Qtr'!I144, '2nd Qtr'!I144, '3rd Qtr'!I144, '4th Qtr'!I144) -> 129155 | K144: =IFERROR(AVERAGE(Jan!K144, Feb!K144, Mar!K144, Apr!K144, May!K144, Jun!K144, Jul!K144, Aug!K144, Sep!K144, Oct!K144, Nov!K144, Dec!K144),"")
A145: Landau II | B145: NY | C145: =Sites[[#This Row],[SOL'#]] -> SOL-10895 | D145: =SUM('1st Qtr'!D145, '2nd Qtr'!D145, '3rd Qtr'!D145, '4th Qtr'!D145) -> 1148070 | E145: =SUM('1st Qtr'!E145, '2nd Qtr'!E145, '3rd Qtr'!E145, '4th Qtr'!E145) -> 0 | F145: =IF(AND(ISNUMBER(D145),ISNUMBER(E145)), D145-E145, "") -> 1148070 | G145: =IFERROR(F145/E145, "") | H145: =SUM('1st Qtr'!H145+'2nd Qtr'!H145+'3rd Qtr'!H145+'4th Qtr'!H145) -> 2553284 | I145: =SUM('1st Qtr'!I145, '2nd Qtr'!I145, '3rd Qtr'!I145, '4th Qtr'!I145) -> -1405214 | K145: =IFERROR(AVERAGE(Jan!K145, Feb!K145, Mar!K145, Apr!K145, May!K145, Jun!K145, Jul!K145, Aug!K145, Sep!K145, Oct!K145, Nov!K145, Dec!K145),"")
A146: New Beginnings | B146: NY | C146: =Sites[[#This Row],[SOL'#]] -> SOL-10890 | D146: =SUM('1st Qtr'!D146, '2nd Qtr'!D146, '3rd Qtr'!D146, '4th Qtr'!D146) -> 1366080 | E146: =SUM('1st Qtr'!E146, '2nd Qtr'!E146, '3rd Qtr'!E146, '4th Qtr'!E146) -> 1419126.4 | F146: =IF(AND(ISNUMBER(D146),ISNUMBER(E146)), D146-E146, "") -> -53046.37 | G146: =IFERROR(F146/E146, "") -> -0.037379596 | H146: =SUM('1st Qtr'!H146+'2nd Qtr'!H146+'3rd Qtr'!H146+'4th Qtr'!H146) -> 1567327 | I146: =SUM('1st Qtr'!I146, '2nd Qtr'!I146, '3rd Qtr'!I146, '4th Qtr'!I146) -> -194180.21 | K146: =IFERROR(AVERAGE(Jan!K146, Feb!K146, Mar!K146, Apr!K146, May!K146, Jun!K146, Jul!K146, Aug!K146, Sep!K146, Oct!K146, Nov!K146, Dec!K146),"")
A147: Guilin Farm Solar | B147: NY | C147: =Sites[[#This Row],[SOL'#]] -> SOL-10998 | D147: =SUM('1st Qtr'!D147, '2nd Qtr'!D147, '3rd Qtr'!D147, '4th Qtr'!D147) -> 3832471 | E147: =SUM('1st Qtr'!E147, '2nd Qtr'!E147, '3rd Qtr'!E147, '4th Qtr'!E147) -> 3956414 | F147: =IF(AND(ISNUMBER(D147),ISNUMBER(E147)), D147-E147, "") -> -123943 | G147: =IFERROR(F147/E147, "") -> -0.031327106 | H147: =SUM('1st Qtr'!H147+'2nd Qtr'!H147+'3rd Qtr'!H147+'4th Qtr'!H147) -> 4351974.9 | I147: =SUM('1st Qtr'!I147, '2nd Qtr'!I147, '3rd Qtr'!I147, '4th Qtr'!I147) -> -519503.9 | K147: =IFERROR(AVERAGE(Jan!K147, Feb!K147, Mar!K147, Apr!K147, May!K147, Jun!K147, Jul!K147, Aug!K147, Sep!K147, Oct!K147, Nov!K147, Dec!K147),"")
A148: Brodhead Solar | B148: NY | C148: =Sites[[#This Row],[SOL'#]] -> SOL-10899 | D148: =SUM('1st Qtr'!D148, '2nd Qtr'!D148, '3rd Qtr'!D148, '4th Qtr'!D148) -> 1831518 | E148: =SUM('1st Qtr'!E148, '2nd Qtr'!E148, '3rd Qtr'!E148, '4th Qtr'!E148) -> 1928514.5 | F148: =IF(AND(ISNUMBER(D148),ISNUMBER(E148)), D148-E148, "") -> -96996.5 | G148: =IFERROR(F148/E148, "") -> -0.050295966 | H148: =SUM('1st Qtr'!H148+'2nd Qtr'!H148+'3rd Qtr'!H148+'4th Qtr'!H148) -> 1971095.9 | I148: =SUM('1st Qtr'!I148, '2nd Qtr'!I148, '3rd Qtr'!I148, '4th Qtr'!I148) -> -139577.9 | K148: =IFERROR(AVERAGE(Jan!K148, Feb!K148, Mar!K148, Apr!K148, May!K148, Jun!K148, Jul!K148, Aug!K148, Sep!K148, Oct!K148, Nov!K148, Dec!K148),"")
A149: Svenski | B149: NY | C149: =Sites[[#This Row],[SOL'#]] -> SOL-10894 | D149: =SUM('1st Qtr'!D149, '2nd Qtr'!D149, '3rd Qtr'!D149, '4th Qtr'!D149) -> 1330592 | E149: =SUM('1st Qtr'!E149, '2nd Qtr'!E149, '3rd Qtr'!E149, '4th Qtr'!E149) -> 0 | F149: =IF(AND(ISNUMBER(D149),ISNUMBER(E149)), D149-E149, "") -> 1330592 | G149: =IFERROR(F149/E149, "") | H149: =SUM('1st Qtr'!H149+'2nd Qtr'!H149+'3rd Qtr'!H149+'4th Qtr'!H149) -> 1225802 | I149: =SUM('1st Qtr'!I149, '2nd Qtr'!I149, '3rd Qtr'!I149, '4th Qtr'!I149) -> 104790 | K149: =IFERROR(AVERAGE(Jan!K149, Feb!K149, Mar!K149, Apr!K149, May!K149, Jun!K149, Jul!K149, Aug!K149, Sep!K149, Oct!K149, Nov!K149, Dec!K149),"")
A150: Bantam | B150: NY | C150: =Sites[[#This Row],[SOL'#]] -> SOL-10986 | D150: =SUM('1st Qtr'!D150, '2nd Qtr'!D150, '3rd Qtr'!D150, '4th Qtr'!D150) -> 3406880 | E150: =SUM('1st Qtr'!E150, '2nd Qtr'!E150, '3rd Qtr'!E150, '4th Qtr'!E150) -> 0 | F150: =IF(AND(ISNUMBER(D150),ISNUMBER(E150)), D150-E150, "") -> 3406880 | G150: =IFERROR(F150/E150, "") | H150: =SUM('1st Qtr'!H150+'2nd Qtr'!H150+'3rd Qtr'!H150+'4th Qtr'!H150) -> 3409269 | I150: =SUM('1st Qtr'!I150, '2nd Qtr'!I150, '3rd Qtr'!I150, '4th Qtr'!I150) -> -2389 | K150: =IFERROR(AVERAGE(Jan!K150, Feb!K150, Mar!K150, Apr!K150, May!K150, Jun!K150, Jul!K150, Aug!K150, Sep!K150, Oct!K150, Nov!K150, Dec!K150),"")
A151: Bogart | B151: NY | C151: =Sites[[#This Row],[SOL'#]] -> SOL-10887 | D151: =SUM('1st Qtr'!D151, '2nd Qtr'!D151, '3rd Qtr'!D151, '4th Qtr'!D151) -> 1131450 | E151: =SUM('1st Qtr'!E151, '2nd Qtr'!E151, '3rd Qtr'!E151, '4th Qtr'!E151) -> 1478092.9 | F151: =IF(AND(ISNUMBER(D151),ISNUMBER(E151)), D151-E151, "") -> -346642.85 | G151: =IFERROR(F151/E151, "") -> -0.23452035 | H151: =SUM('1st Qtr'!H151+'2nd Qtr'!H151+'3rd Qtr'!H151+'4th Qtr'!H151) -> 1540873 | I151: =SUM('1st Qtr'!I151, '2nd Qtr'!I151, '3rd Qtr'!I151, '4th Qtr'!I151) -> -409423 | K151: =IFERROR(AVERAGE(Jan!K151, Feb!K151, Mar!K151, Apr!K151, May!K151, Jun!K151, Jul!K151, Aug!K151, Sep!K151, Oct!K151, Nov!K151, Dec!K151),"")
A152: Dubois | B152: NY | C152: =Sites[[#This Row],[SOL'#]] -> SOL-10892 | D152: =SUM('1st Qtr'!D152, '2nd Qtr'!D152, '3rd Qtr'!D152, '4th Qtr'!D152) -> 1424205 | E152: =SUM('1st Qtr'!E152, '2nd Qtr'!E152, '3rd Qtr'!E152, '4th Qtr'!E152) -> 0 | F152: =IF(AND(ISNUMBER(D152),ISNUMBER(E152)), D152-E152, "") -> 1424205 | G152: =IFERROR(F152/E152, "") | H152: =SUM('1st Qtr'!H152+'2nd Qtr'!H152+'3rd Qtr'!H152+'4th Qtr'!H152) -> 848352 | I152: =SUM('1st Qtr'!I152, '2nd Qtr'!I152, '3rd Qtr'!I152, '4th Qtr'!I152) -> 235198 | K152: =IFERROR(AVERAGE(Jan!K152, Feb!K152, Mar!K152, Apr!K152, May!K152, Jun!K152, Jul!K152, Aug!K152, Sep!K152, Oct!K152, Nov!K152, Dec!K152),"")
... A160: Drinkwater | B160: NY | C160: =Sites[[#This Row],[SOL'#]] -> SOL-10896 | D160: =SUM('1st Qtr'!D160, '2nd Qtr'!D160, '3rd Qtr'!D160, '4th Qtr'!D160) -> 1641661 | E160: =SUM('1st Qtr'!E160, '2nd Qtr'!E160, '3rd Qtr'!E160, '4th Qtr'!E160) -> 0 | F160: =IF(AND(ISNUMBER(D160),ISNUMBER(E160)), D160-E160, "") -> 1641661 | G160: =IFERROR(F160/E160, "") | H160: =SUM('1st Qtr'!H160+'2nd Qtr'!H160+'3rd Qtr'!H160+'4th Qtr'!H160) -> 1245202 | I160: =SUM('1st Qtr'!I160, '2nd Qtr'!I160, '3rd Qtr'!I160, '4th Qtr'!I160) -> 396459 | K160: =IFERROR(AVERAGE(Jan!K160, Feb!K160, Mar!K160, Apr!K160, May!K160, Jun!K160, Jul!K160, Aug!K160, Sep!K160, Oct!K160, Nov!K160, Dec!K160),"")
A161: Altamont | B161: NY | C161: SOL-11085 | D161: =SUM('1st Qtr'!D161, '2nd Qtr'!D161, '3rd Qtr'!D161, '4th Qtr'!D161) -> 3647157 | E161: =SUM('1st Qtr'!E161, '2nd Qtr'!E161, '3rd Qtr'!E161, '4th Qtr'!E161) -> 3978255 | F161: =IF(AND(ISNUMBER(D161),ISNUMBER(E161)), D161-E161, "") -> -331098.02 | G161: =IFERROR(F161/E161, "") -> -0.083226947 | H161: =SUM('1st Qtr'!H161+'2nd Qtr'!H161+'3rd Qtr'!H161+'4th Qtr'!H161) -> 4036770.1 | I161: =SUM('1st Qtr'!I161, '2nd Qtr'!I161, '3rd Qtr'!I161, '4th Qtr'!I161) -> -52988.7 | K161: =IFERROR(AVERAGE(Jan!K161, Feb!K161, Mar!K161, Apr!K161, May!K161, Jun!K161, Jul!K161, Aug!K161, Sep!K161, Oct!K161, Nov!K161, Dec!K161),"") -> 0.59117325

Sheet 1st Qtr
A1: {=portfolio} -> Generate Capital | E1: 1st Quarter Actual v. Expected | H1: 1st Quarter Actual v. Forecasted | K1: Q1 Availability
A2: Total | D2: =SUM(D4:D138) -> 43033145 | E2: =SUM(E4:E138) -> 17967144 | F2: =D2-E2 -> 25066001 | G2: =IFERROR(F2/E2, 0) -> 1.3951022 | H2: =SUM(H4:H138) -> 43989265 | I2: =D2-H2 -> -956119.74 | J2: =IFERROR(I2/H2, 0) -> -0.021735297
A3: Site | B3: State | C3: SOL# | D3: Actual | E3: Expected | F3: Delta | G3: % | H3: Forecasted | I3: Delta | J3: % | K3: Site Availability
A4: {=Sites[Site]} -> Farmer | B4: {=Sites[State]} -> AZ | C4: =Sites[[#This Row],[SOL'#]] -> SOL-10748 | D4: =SUM(Jan!D4, Feb!D4, Mar!D4) -> 32706.188 | E4: =SUM(Jan!E4, Feb!E4, Mar!E4) -> 0 | F4: =IF(AND(ISNUMBER(D4),ISNUMBER(E4)), D4-E4, "") -> 32706.188 | G4: =IFERROR(F4/E4, "") | H4: =SUM(Jan!H4, Feb!H4, Mar!H4) -> 31200.866 | I4: =SUM(Jan!I4, Feb!I4, Mar!I4) -> 1505.3216 | J4: =IFERROR(I4/H4, "") -> 0.048246149 | K4: =IFERROR(AVERAGE(Jan!K4, Feb!K4, Mar!K4),"") -> 1
A5: Fulton | B5: AZ | C5: =Sites[[#This Row],[SOL'#]] -> SOL-10749 | D5: =SUM(Jan!D5, Feb!D5, Mar!D5) -> 107842 | E5: =SUM(Jan!E5, Feb!E5, Mar!E5) -> 0 | F5: =IF(AND(ISNUMBER(D5),ISNUMBER(E5)), D5-E5, "") -> 107842 | G5: =IFERROR(F5/E5, "") | H5: =SUM(Jan!H5, Feb!H5, Mar!H5) -> 130168.14 | I5: =SUM(Jan!I5, Feb!I5, Mar!I5) -> -22326.14 | J5: =IFERROR(I5/H5, "") -> -0.1715177 | K5: =IFERROR(AVERAGE(Jan!K5, Feb!K5, Mar!K5),"") -> 1
A6: JFK Elementary | B6: AZ | C6: =Sites[[#This Row],[SOL'#]] -> SOL-10758 | D6: =SUM(Jan!D6, Feb!D6, Mar!D6) -> -1179066.6 | E6: =SUM(Jan!E6, Feb!E6, Mar!E6) -> 0 | F6: =IF(AND(ISNUMBER(D6),ISNUMBER(E6)), D6-E6, "") -> -1179066.6 | G6: =IFERROR(F6/E6, "") | H6: =SUM(Jan!H6, Feb!H6, Mar!H6) -> 48788 | I6: =SUM(Jan!I6, Feb!I6, Mar!I6) -> -1227854.6 | J6: =IFERROR(I6/H6, "") -> -25.167143 | K6: =IFERROR(AVERAGE(Jan!K6, Feb!K6, Mar!K6),"") -> 1
A7: Noble | B7: AZ | C7: =Sites[[#This Row],[SOL'#]] -> SOL-10750 | D7: =SUM(Jan!D7, Feb!D7, Mar!D7) -> 31148.188 | E7: =SUM(Jan!E7, Feb!E7, Mar!E7) -> 0 | F7: =IF(AND(ISNUMBER(D7),ISNUMBER(E7)), D7-E7, "") -> 31148.188 | G7: =IFERROR(F7/E7, "") | H7: =SUM(Jan!H7, Feb!H7, Mar!H7) -> 34362.62 | I7: =SUM(Jan!I7, Feb!I7, Mar!I7) -> -3214.4318 | J7: =IFERROR(I7/H7, "") -> -0.093544434 | K7: =IFERROR(AVERAGE(Jan!K7, Feb!K7, Mar!K7),"") -> 1
A8: Parking 3 | B8: AZ | C8: =Sites[[#This Row],[SOL'#]] -> SOL-10751 | D8: =SUM(Jan!D8, Feb!D8, Mar!D8) -> 72830.711 | E8: =SUM(Jan!E8, Feb!E8, Mar!E8) -> 0 | F8: =IF(AND(ISNUMBER(D8),ISNUMBER(E8)), D8-E8, "") -> 72830.711 | G8: =IFERROR(F8/E8, "") | H8: =SUM(Jan!H8, Feb!H8, Mar!H8) -> 75774.7 | I8: =SUM(Jan!I8, Feb!I8, Mar!I8) -> -2943.989 | J8: =IFERROR(I8/H8, "") -> -0.038851873 | K8: =IFERROR(AVERAGE(Jan!K8, Feb!K8, Mar!K8),"") -> 1
A9: PE East | B9: AZ | C9: =Sites[[#This Row],[SOL'#]] -> SOL-10752 | D9: =SUM(Jan!D9, Feb!D9, Mar!D9) -> 74341.755 | E9: =SUM(Jan!E9, Feb!E9, Mar!E9) -> 0 | F9: =IF(AND(ISNUMBER(D9),ISNUMBER(E9)), D9-E9, "") -> 74341.755 | G9: =IFERROR(F9/E9, "") | H9: =SUM(Jan!H9, Feb!H9, Mar!H9) -> 75686.65 | I9: =SUM(Jan!I9, Feb!I9, Mar!I9) -> -1344.8953 | J9: =IFERROR(I9/H9, "") -> -0.017769254 | K9: =IFERROR(AVERAGE(Jan!K9, Feb!K9, Mar!K9),"") -> 1
A10: Schwada | B10: AZ | C10: =Sites[[#This Row],[SOL'#]] -> SOL-10753 | D10: =SUM(Jan!D10, Feb!D10, Mar!D10) -> 32098.435 | E10: =SUM(Jan!E10, Feb!E10, Mar!E10) -> 0 | F10: =IF(AND(ISNUMBER(D10),ISNUMBER(E10)), D10-E10, "") -> 32098.435 | G10: =IFERROR(F10/E10, "") | H10: =SUM(Jan!H10, Feb!H10, Mar!H10) -> 32349 | I10: =SUM(Jan!I10, Feb!I10, Mar!I10) -> -250.56529 | J10: =IFERROR(I10/H10, "") -> -0.0077456889 | K10: =IFERROR(AVERAGE(Jan!K10, Feb!K10, Mar!K10),"") -> 1
A11: Starshine | B11: AZ | C11: =Sites[[#This Row],[SOL'#]] -> SOL-10757 | D11: =SUM(Jan!D11, Feb!D11, Mar!D11) -> 14150.6 | E11: =SUM(Jan!E11, Feb!E11, Mar!E11) -> 0 | F11: =IF(AND(ISNUMBER(D11),ISNUMBER(E11)), D11-E11, "") -> 14150.6 | G11: =IFERROR(F11/E11, "") | H11: =SUM(Jan!H11, Feb!H11, Mar!H11) -> 19968 | I11: =SUM(Jan!I11, Feb!I11, Mar!I11) -> -5817.4004 | J11: =IFERROR(I11/H11, "") -> -0.29133616 | K11: =IFERROR(AVERAGE(Jan!K11, Feb!K11, Mar!K11),"") -> 1
A12: Yuma Airport | B12: AZ | C12: =Sites[[#This Row],[SOL'#]] -> SOL-10754 | D12: =SUM(Jan!D12, Feb!D12, Mar!D12) -> 197991 | E12: =SUM(Jan!E12, Feb!E12, Mar!E12) -> 251330.95 | F12: =IF(AND(ISNUMBER(D12),ISNUMBER(E12)), D12-E12, "") -> -53339.95 | G12: =IFERROR(F12/E12, "") -> -0.21222993 | H12: =SUM(Jan!H12, Feb!H12, Mar!H12) -> 206622 | I12: =SUM(Jan!I12, Feb!I12, Mar!I12) -> -8631 | J12: =IFERROR(I12/H12, "") -> -0.041771931 | K12: =IFERROR(AVERAGE(Jan!K12, Feb!K12, Mar!K12),"") -> 1
A13: Kinsman | B13: OH | C13: =Sites[[#This Row],[SOL'#]] -> SOL-10762 | D13: =SUM(Jan!D13, Feb!D13, Mar!D13) -> 192798.97 | E13: =SUM(Jan!E13, Feb!E13, Mar!E13) -> 215347.16 | F13: =IF(AND(ISNUMBER(D13),ISNUMBER(E13)), D13-E13, "") -> -22548.191 | G13: =IFERROR(F13/E13, "") -> -0.10470624 | H13: =SUM(Jan!H13, Feb!H13, Mar!H13) -> 205726 | I13: =SUM(Jan!I13, Feb!I13, Mar!I13) -> -12927.031 | J13: =IFERROR(I13/H13, "") -> -0.062836157 | K13: =IFERROR(AVERAGE(Jan!K13, Feb!K13, Mar!K13),"") -> 0.95440437
A14: Wooster | B14: OH | C14: =Sites[[#This Row],[SOL'#]] -> SOL-10763 | D14: =SUM(Jan!D14, Feb!D14, Mar!D14) -> 41860.5 | E14: =SUM(Jan!E14, Feb!E14, Mar!E14) -> 0 | F14: =IF(AND(ISNUMBER(D14),ISNUMBER(E14)), D14-E14, "") -> 41860.5 | G14: =IFERROR(F14/E14, "") | H14: =SUM(Jan!H14, Feb!H14, Mar!H14) -> 46251 | I14: =SUM(Jan!I14, Feb!I14, Mar!I14) -> -4390.5 | J14: =IFERROR(I14/H14, "") -> -0.094927677 | K14: =IFERROR(AVERAGE(Jan!K14, Feb!K14, Mar!K14),"") -> 1
A15: Globe Gila CC | B15: AZ | C15: =Sites[[#This Row],[SOL'#]] -> SOL-10755 | D15: =SUM(Jan!D15, Feb!D15, Mar!D15) -> 37604.585 | E15: =SUM(Jan!E15, Feb!E15, Mar!E15) -> 24701.2 | F15: =IF(AND(ISNUMBER(D15),ISNUMBER(E15)), D15-E15, "") -> 12903.385 | G15: =IFERROR(F15/E15, "") -> 0.52237887 | H15: =SUM(Jan!H15, Feb!H15, Mar!H15) -> 37905 | I15: =SUM(Jan!I15, Feb!I15, Mar!I15) -> -300.41497 | J15: =IFERROR(I15/H15, "") -> -0.0079254709 | K15: =IFERROR(AVERAGE(Jan!K15, Feb!K15, Mar!K15),"") -> 0.99973773
A16: Payson Gila CC | B16: AZ | C16: =Sites[[#This Row],[SOL'#]] -> SOL-10756 | D16: =SUM(Jan!D16, Feb!D16, Mar!D16) -> 25234.584 | E16: =SUM(Jan!E16, Feb!E16, Mar!E16) -> 0 | F16: =IF(AND(ISNUMBER(D16),ISNUMBER(E16)), D16-E16, "") -> 25234.584 | G16: =IFERROR(F16/E16, "") | H16: =SUM(Jan!H16, Feb!H16, Mar!H16) -> 29085 | I16: =SUM(Jan!I16, Feb!I16, Mar!I16) -> -3850.4157 | J16: =IFERROR(I16/H16, "") -> -0.13238493 | K16: =IFERROR(AVERAGE(Jan!K16, Feb!K16, Mar!K16),"") -> 1
... A62: QMOA | B62: NY | C62: =Sites[[#This Row],[SOL'#]] -> SOL-10415 | D62: =SUM(Jan!D62, Feb!D62, Mar!D62) -> 9674.6 | E62: =SUM(Jan!E62, Feb!E62, Mar!E62) -> 0 | F62: =IF(AND(ISNUMBER(D62),ISNUMBER(E62)), D62-E62, "") -> 9674.6 | G62: =IFERROR(F62/E62, "") | H62: =SUM(Jan!H62, Feb!H62, Mar!H62) -> 11837.222 | I62: =SUM(Jan!I62, Feb!I62, Mar!I62) -> -2162.622 | J62: =IFERROR(I62/H62, "") -> -0.18269675 | K62: =IFERROR(AVERAGE(Jan!K62, Feb!K62, Mar!K62),"") -> 0.972999
A63: X024 | B63: NY | C63: =Sites[[#This Row],[SOL'#]] -> SOL-10419 | D63: =SUM(Jan!D63, Feb!D63, Mar!D63) -> 38634.912 | E63: =SUM(Jan!E63, Feb!E63, Mar!E63) -> 51601.59 | F63: =IF(AND(ISNUMBER(D63),ISNUMBER(E63)), D63-E63, "") -> -12966.677 | G63: =IFERROR(F63/E63, "") -> -0.25128446 | H63: =SUM(Jan!H63, Feb!H63, Mar!H63) -> 38352 | I63: =SUM(Jan!I63, Feb!I63, Mar!I63) -> 282.9125 | J63: =IFERROR(I63/H63, "") -> 0.0073767339 | K63: =IFERROR(AVERAGE(Jan!K63, Feb!K63, Mar!K63),"") -> 0.9278809 | O63: IF(COUNTA(Jan!K64, Feb!K64, Mar!K64)," ",SUM(Jan!K64, Feb!K64, Mar!K64))/3
A64: X026 | B64: NY | C64: =Sites[[#This Row],[SOL'#]] -> SOL-10420 | D64: =SUM(Jan!D64, Feb!D64, Mar!D64) -> 30231.2 | E64: =SUM(Jan!E64, Feb!E64, Mar!E64) -> 41023.51 | F64: =IF(AND(ISNUMBER(D64),ISNUMBER(E64)), D64-E64, "") -> -10792.31 | G64: =IFERROR(F64/E64, "") -> -0.26307622 | H64: =SUM(Jan!H64, Feb!H64, Mar!H64) -> 53576.53 | I64: =SUM(Jan!I64, Feb!I64, Mar!I64) -> -23345.33 | J64: =IFERROR(I64/H64, "") -> -0.435738 | K64: =IFERROR(AVERAGE(Jan!K64, Feb!K64, Mar!K64),"") | O64: =IF(COUNTA(Jan!K64, Feb!K64, Mar!K64)," ",SUM(Jan!K64, Feb!K64, Mar!K64))/3 -> 0
A65: X090 | B65: NY | C65: =Sites[[#This Row],[SOL'#]] -> SOL-10925 | D65: =SUM(Jan!D65, Feb!D65, Mar!D65) -> 30633.648 | E65: =SUM(Jan!E65, Feb!E65, Mar!E65) -> 27558.474 | F65: =IF(AND(ISNUMBER(D65),ISNUMBER(E65)), D65-E65, "") -> 3075.1744 | G65: =IFERROR(F65/E65, "") -> 0.11158725 | H65: =SUM(Jan!H65, Feb!H65, Mar!H65) -> 35328 | I65: =SUM(Jan!I65, Feb!I65, Mar!I65) -> -4694.3516 | J65: =IFERROR(I65/H65, "") -> -0.13287906 | K65: =IFERROR(AVERAGE(Jan!K65, Feb!K65, Mar!K65),"")
A66: X117 | B66: NY | C66: =Sites[[#This Row],[SOL'#]] -> SOL-10422 | D66: =SUM(Jan!D66, Feb!D66, Mar!D66) -> 23648.8 | E66: =SUM(Jan!E66, Feb!E66, Mar!E66) -> 35151.579 | F66: =IF(AND(ISNUMBER(D66),ISNUMBER(E66)), D66-E66, "") -> -11502.779 | G66: =IFERROR(F66/E66, "") -> -0.32723364 | H66: =SUM(Jan!H66, Feb!H66, Mar!H66) -> 59162.86 | I66: =SUM(Jan!I66, Feb!I66, Mar!I66) -> -35514.06 | J66: =IFERROR(I66/H66, "") -> -0.60027625 | K66: =IFERROR(AVERAGE(Jan!K66, Feb!K66, Mar!K66),"")
A67: X125 | B67: NY | C67: =Sites[[#This Row],[SOL'#]] -> SOL-10423 | D67: =SUM(Jan!D67, Feb!D67, Mar!D67) -> 47490.219 | E67: =SUM(Jan!E67, Feb!E67, Mar!E67) -> 60381.86 | F67: =IF(AND(ISNUMBER(D67),ISNUMBER(E67)), D67-E67, "") -> -12891.641 | G67: =IFERROR(F67/E67, "") -> -0.21350189 | H67: =SUM(Jan!H67, Feb!H67, Mar!H67) -> 43137.52 | I67: =SUM(Jan!I67, Feb!I67, Mar!I67) -> 4352.6987 | J67: =IFERROR(I67/H67, "") -> 0.10090285 | K67: =IFERROR(AVERAGE(Jan!K67, Feb!K67, Mar!K67),"")
A68: X134 | B68: NY | C68: =Sites[[#This Row],[SOL'#]] -> SOL-10424 | D68: =SUM(Jan!D68, Feb!D68, Mar!D68) -> 44627.344 | E68: =SUM(Jan!E68, Feb!E68, Mar!E68) -> 0 | F68: =IF(AND(ISNUMBER(D68),ISNUMBER(E68)), D68-E68, "") -> 44627.344 | G68: =IFERROR(F68/E68, "") | H68: =SUM(Jan!H68, Feb!H68, Mar!H68) -> 0 | I68: =SUM(Jan!I68, Feb!I68, Mar!I68) -> 44627.344 | J68: =IFERROR(I68/H68, "") | K68: =IFERROR(AVERAGE(Jan!K68, Feb!K68, Mar!K68),"")
A69: X135 | B69: NY | C69: =Sites[[#This Row],[SOL'#]] -> SOL-10425 | D69: =SUM(Jan!D69, Feb!D69, Mar!D69) -> 35026.578 | E69: =SUM(Jan!E69, Feb!E69, Mar!E69) -> 0 | F69: =IF(AND(ISNUMBER(D69),ISNUMBER(E69)), D69-E69, "") -> 35026.578 | G69: =IFERROR(F69/E69, "") | H69: =SUM(Jan!H69, Feb!H69, Mar!H69) -> 0 | I69: =SUM(Jan!I69, Feb!I69, Mar!I69) -> 35026.578 | J69: =IFERROR(I69/H69, "") | K69: =IFERROR(AVERAGE(Jan!K69, Feb!K69, Mar!K69),"")
A70: X139 JHS 222 | B70: NY | C70: =Sites[[#This Row],[SOL'#]] -> SOL-10426 | D70: =SUM(Jan!D70, Feb!D70, Mar!D70) -> 57659.3 | E70: =SUM(Jan!E70, Feb!E70, Mar!E70) -> 67980.32 | F70: =IF(AND(ISNUMBER(D70),ISNUMBER(E70)), D70-E70, "") -> -10321.02 | G70: =IFERROR(F70/E70, "") -> -0.15182365 | H70: =SUM(Jan!H70, Feb!H70, Mar!H70) -> 60317 | I70: =SUM(Jan!I70, Feb!I70, Mar!I70) -> -2657.7002 | J70: =IFERROR(I70/H70, "") -> -0.044062208 | K70: =IFERROR(AVERAGE(Jan!K70, Feb!K70, Mar!K70),"") -> 0.99797803
A71: X140 | B71: NY | C71: =Sites[[#This Row],[SOL'#]] -> SOL-10926 | D71: =SUM(Jan!D71, Feb!D71, Mar!D71) -> 31019.895 | E71: =SUM(Jan!E71, Feb!E71, Mar!E71) -> 30916.939 | F71: =IF(AND(ISNUMBER(D71),ISNUMBER(E71)), D71-E71, "") -> 102.95578 | G71: =IFERROR(F71/E71, "") -> 0.0033300766 | H71: =SUM(Jan!H71, Feb!H71, Mar!H71) -> 36808.678 | I71: =SUM(Jan!I71, Feb!I71, Mar!I71) -> -5788.7832 | J71: =IFERROR(I71/H71, "") -> -0.15726681 | K71: =IFERROR(AVERAGE(Jan!K71, Feb!K71, Mar!K71),"") -> 0
A72: X166 | B72: NY | C72: =Sites[[#This Row],[SOL'#]] -> SOL-10427 | D72: =SUM(Jan!D72, Feb!D72, Mar!D72) -> 34206 | E72: =SUM(Jan!E72, Feb!E72, Mar!E72) -> 40811.386 | F72: =IF(AND(ISNUMBER(D72),ISNUMBER(E72)), D72-E72, "") -> -6605.386 | G72: =IFERROR(F72/E72, "") -> -0.16185155 | H72: =SUM(Jan!H72, Feb!H72, Mar!H72) -> 0 | I72: =SUM(Jan!I72, Feb!I72, Mar!I72) -> 34206 | J72: =IFERROR(I72/H72, "") | K72: =IFERROR(AVERAGE(Jan!K72, Feb!K72, Mar!K72),"")
A73: Murphy | B73: MN | C73: =Sites[[#This Row],[SOL'#]] -> SOL-10094 | D73: =SUM(Jan!D73, Feb!D73, Mar!D73) -> 1633280 | E73: =SUM(Jan!E73, Feb!E73, Mar!E73) -> 1972653.5 | F73: =IF(AND(ISNUMBER(D73),ISNUMBER(E73)), D73-E73, "") -> -339373.5 | G73: =IFERROR(F73/E73, "") -> -0.17203908 | H73: =SUM(Jan!H73, Feb!H73, Mar!H73) -> 2001538.9 | I73: =SUM(Jan!I73, Feb!I73, Mar!I73) -> -368258.9 | J73: =IFERROR(I73/H73, "") -> -0.18398788 | K73: =IFERROR(AVERAGE(Jan!K73, Feb!K73, Mar!K73),"") -> 0.95532627
A74: Terning | B74: MN | C74: =Sites[[#This Row],[SOL'#]] -> SOL-10093 | D74: =SUM(Jan!D74, Feb!D74, Mar!D74) -> 1735581.9 | E74: =SUM(Jan!E74, Feb!E74, Mar!E74) -> 2080164.3 | F74: =IF(AND(ISNUMBER(D74),ISNUMBER(E74)), D74-E74, "") -> -344582.42 | G74: =IFERROR(F74/E74, "") -> -0.16565154 | H74: =SUM(Jan!H74, Feb!H74, Mar!H74) -> 1899129.7 | I74: =SUM(Jan!I74, Feb!I74, Mar!I74) -> -163547.82 | J74: =IFERROR(I74/H74, "") -> -0.086117244 | K74: =IFERROR(AVERAGE(Jan!K74, Feb!K74, Mar!K74),"") -> 0.98567737
A75: Boas Road 04 | B75: NY | C75: =Sites[[#This Row],[SOL'#]] -> SOL-10908 | D75: =SUM(Jan!D75, Feb!D75, Mar!D75) -> 526966 | E75: =SUM(Jan!E75, Feb!E75, Mar!E75) -> 584293.79 | F75: =IF(AND(ISNUMBER(D75),ISNUMBER(E75)), D75-E75, "") -> -57327.79 | G75: =IFERROR(F75/E75, "") -> -0.098114666 | H75: =SUM(Jan!H75, Feb!H75, Mar!H75) -> 681203.91 | I75: =SUM(Jan!I75, Feb!I75, Mar!I75) -> -154237.91 | J75: =IFERROR(I75/H75, "") -> -0.22641959 | K75: =IFERROR(AVERAGE(Jan!K75, Feb!K75, Mar!K75),"") -> 0.94646667
A76: Kelly Bridge Farm | B76: NY | C76: =Sites[[#This Row],[SOL'#]] -> SOL-10911 | D76: =SUM(Jan!D76, Feb!D76, Mar!D76) -> 610490 | E76: =SUM(Jan!E76, Feb!E76, Mar!E76) -> 575148.26 | F76: =IF(AND(ISNUMBER(D76),ISNUMBER(E76)), D76-E76, "") -> 35341.74 | G76: =IFERROR(F76/E76, "") -> 0.061448052 | H76: =SUM(Jan!H76, Feb!H76, Mar!H76) -> 663561.21 | I76: =SUM(Jan!I76, Feb!I76, Mar!I76) -> -53071.21 | J76: =IFERROR(I76/H76, "") -> -0.079979374 | K76: =IFERROR(AVERAGE(Jan!K76, Feb!K76, Mar!K76),"") -> 0.9675
... A160: Drinkwater | B160: NY | C160: =Sites[[#This Row],[SOL'#]] -> SOL-10896 | D160: =SUM(Jan!D160, Feb!D160, Mar!D160) -> 0 | E160: =SUM(Jan!E160, Feb!E160, Mar!E160) -> 0 | F160: =IF(AND(ISNUMBER(D160),ISNUMBER(E160)), D160-E160, "") -> 0 | G160: =IFERROR(F160/E160, "") | H160: =SUM(Jan!H160, Feb!H160, Mar!H160) -> 0 | I160: =SUM(Jan!I160, Feb!I160, Mar!I160) -> 0 | J160: =IFERROR(I160/H160, "") | K160: =IFERROR(AVERAGE(Jan!K160, Feb!K160, Mar!K160),"")
A161: Altamont | B161: NY | C161: SOL-11085 | D161: =SUM(Jan!D161, Feb!D161, Mar!D161) -> 0 | E161: =SUM(Jan!E161, Feb!E161, Mar!E161) -> 0 | F161: =IF(AND(ISNUMBER(D161),ISNUMBER(E161)), D161-E161, "") -> 0 | G161: =IFERROR(F161/E161, "") | H161: =SUM(Jan!H161, Feb!H161, Mar!H161) -> 0 | I161: =SUM(Jan!I161, Feb!I161, Mar!I161) -> 0 | J161: =IFERROR(I161/H161, "") | K161: =IFERROR(AVERAGE(Jan!K161, Feb!K161, Mar!K161),"") -> 0

Sheet 2nd Qtr
A1: {=portfolio} -> Generate Capital | E1: 2nd Quarter Actual v. Expected | H1: 2nd Quarter Actual v. Forecasted | K1: Q2 Availability
A2: Total | D2: =SUM(D4:D100) -> 50973996 | E2: =SUM(E4:E100) -> 23156312 | F2: =D2-E2 -> 27817684 | G2: =IFERROR(F2/E2, 0) -> 1.2013003 | H2: =SUM(H4:H100) -> 46730431 | I2: =D2-H2 -> 4243564.8 | J2: =IFERROR(I2/H2, 0) -> 0.09080945
A3: Site | B3: State | C3: SOL# | D3: Actual | E3: Expected | F3: Delta | G3: % | H3: Forecasted | I3: Delta | J3: % | K3: Site Availability
A4: {=Sites[Site]} -> Farmer | B4: {=Sites[State]} -> AZ | C4: =Sites[[#This Row],[SOL'#]] -> SOL-10748 | D4: =SUM(Apr!D4, May!D4, Jun!D4) -> 43015.561 | E4: =SUM(Apr!E4, May!E4, Jun!E4) -> 4619.663 | F4: =IF(AND(ISNUMBER(D4),ISNUMBER(E4)), D4-E4, "") -> 38395.898 | G4: =IFERROR(F4/E4, "") -> 8.3114067 | H4: =SUM(Apr!H4, May!H4, Jun!H4) -> 40656.85 | I4: =SUM(Apr!I4, May!I4, Jun!I4) -> 2358.7112 | J4: =IFERROR(I4/H4, "") -> 0.058015098 | K4: =IFERROR(AVERAGE(Apr!K4,May!K4,Jun!K4),"") -> 1
A5: Fulton | B5: AZ | C5: =Sites[[#This Row],[SOL'#]] -> SOL-10749 | D5: =SUM(Apr!D5, May!D5, Jun!D5) -> 195784.25 | E5: =SUM(Apr!E5, May!E5, Jun!E5) -> 32871.56 | F5: =IF(AND(ISNUMBER(D5),ISNUMBER(E5)), D5-E5, "") -> 162912.69 | G5: =IFERROR(F5/E5, "") -> 4.9560377 | H5: =SUM(Apr!H5, May!H5, Jun!H5) -> 221317.44 | I5: =SUM(Apr!I5, May!I5, Jun!I5) -> -25533.19 | J5: =IFERROR(I5/H5, "") -> -0.11536908 | K5: =IFERROR(AVERAGE(Apr!K5,May!K5,Jun!K5),"") -> 1
A6: JFK Elementary | B6: AZ | C6: =Sites[[#This Row],[SOL'#]] -> SOL-10758 | D6: =SUM(Apr!D6, May!D6, Jun!D6) -> 66638.204 | E6: =SUM(Apr!E6, May!E6, Jun!E6) -> 0 | F6: =IF(AND(ISNUMBER(D6),ISNUMBER(E6)), D6-E6, "") -> 66638.204 | G6: =IFERROR(F6/E6, "") | H6: =SUM(Apr!H6, May!H6, Jun!H6) -> 58079 | I6: =SUM(Apr!I6, May!I6, Jun!I6) -> 8559.2036 | J6: =IFERROR(I6/H6, "") -> 0.14737175 | K6: =IFERROR(AVERAGE(Apr!K6,May!K6,Jun!K6),"") -> 0.83333333
A7: Noble | B7: AZ | C7: =Sites[[#This Row],[SOL'#]] -> SOL-10750 | D7: =SUM(Apr!D7, May!D7, Jun!D7) -> 28784.061 | E7: =SUM(Apr!E7, May!E7, Jun!E7) -> 7863.594 | F7: =IF(AND(ISNUMBER(D7),ISNUMBER(E7)), D7-E7, "") -> 20920.467 | G7: =IFERROR(F7/E7, "") -> 2.6604206 | H7: =SUM(Apr!H7, May!H7, Jun!H7) -> 45648.84 | I7: =SUM(Apr!I7, May!I7, Jun!I7) -> -16864.779 | J7: =IFERROR(I7/H7, "") -> -0.36944594 | K7: =IFERROR(AVERAGE(Apr!K7,May!K7,Jun!K7),"") -> 0.99183673
A8: Parking 3 | B8: AZ | C8: =Sites[[#This Row],[SOL'#]] -> SOL-10751 | D8: =SUM(Apr!D8, May!D8, Jun!D8) -> 91309.238 | E8: =SUM(Apr!E8, May!E8, Jun!E8) -> 19878.29 | F8: =IF(AND(ISNUMBER(D8),ISNUMBER(E8)), D8-E8, "") -> 71430.948 | G8: =IFERROR(F8/E8, "") -> 3.5934151 | H8: =SUM(Apr!H8, May!H8, Jun!H8) -> 98753.6 | I8: =SUM(Apr!I8, May!I8, Jun!I8) -> -7444.3622 | J8: =IFERROR(I8/H8, "") -> -0.075383198 | K8: =IFERROR(AVERAGE(Apr!K8,May!K8,Jun!K8),"") -> 0.9
A9: PE East | B9: AZ | C9: =Sites[[#This Row],[SOL'#]] -> SOL-10752 | D9: =SUM(Apr!D9, May!D9, Jun!D9) -> 97023.621 | E9: =SUM(Apr!E9, May!E9, Jun!E9) -> 13998.62 | F9: =IF(AND(ISNUMBER(D9),ISNUMBER(E9)), D9-E9, "") -> 83025.001 | G9: =IFERROR(F9/E9, "") -> 5.9309418 | H9: =SUM(Apr!H9, May!H9, Jun!H9) -> 98159.94 | I9: =SUM(Apr!I9, May!I9, Jun!I9) -> -1136.3192 | J9: =IFERROR(I9/H9, "") -> -0.011576201 | K9: =IFERROR(AVERAGE(Apr!K9,May!K9,Jun!K9),"") -> 0.99767327
A10: Schwada | B10: AZ | C10: =Sites[[#This Row],[SOL'#]] -> SOL-10753 | D10: =SUM(Apr!D10, May!D10, Jun!D10) -> 43708.489 | E10: =SUM(Apr!E10, May!E10, Jun!E10) -> 5763.341 | F10: =IF(AND(ISNUMBER(D10),ISNUMBER(E10)), D10-E10, "") -> 37945.148 | G10: =IFERROR(F10/E10, "") -> 6.5838804 | H10: =SUM(Apr!H10, May!H10, Jun!H10) -> 42109 | I10: =SUM(Apr!I10, May!I10, Jun!I10) -> 1599.4891 | J10: =IFERROR(I10/H10, "") -> 0.037984496 | K10: =IFERROR(AVERAGE(Apr!K10,May!K10,Jun!K10),"") -> 1
A11: Starshine | B11: AZ | C11: =Sites[[#This Row],[SOL'#]] -> SOL-10757 | D11: =SUM(Apr!D11, May!D11, Jun!D11) -> -988879.3 | E11: =SUM(Apr!E11, May!E11, Jun!E11) -> 0 | F11: =IF(AND(ISNUMBER(D11),ISNUMBER(E11)), D11-E11, "") -> -988879.3 | G11: =IFERROR(F11/E11, "") | H11: =SUM(Apr!H11, May!H11, Jun!H11) -> 35234 | I11: =SUM(Apr!I11, May!I11, Jun!I11) -> -1024113.3 | J11: =IFERROR(I11/H11, "") -> -29.066053 | K11: =IFERROR(AVERAGE(Apr!K11,May!K11,Jun!K11),"") -> 0.77739987
A12: Yuma Airport | B12: AZ | C12: =Sites[[#This Row],[SOL'#]] -> SOL-10754 | D12: =SUM(Apr!D12, May!D12, Jun!D12) -> 252815 | E12: =SUM(Apr!E12, May!E12, Jun!E12) -> 295661.99 | F12: =IF(AND(ISNUMBER(D12),ISNUMBER(E12)), D12-E12, "") -> -42846.99 | G12: =IFERROR(F12/E12, "") -> -0.14491883 | H12: =SUM(Apr!H12, May!H12, Jun!H12) -> 252289 | I12: =SUM(Apr!I12, May!I12, Jun!I12) -> 526 | J12: =IFERROR(I12/H12, "") -> 0.0020849106 | K12: =IFERROR(AVERAGE(Apr!K12,May!K12,Jun!K12),"") -> 1
A13: Kinsman | B13: OH | C13: =Sites[[#This Row],[SOL'#]] -> SOL-10762 | D13: =SUM(Apr!D13, May!D13, Jun!D13) -> 309245.97 | E13: =SUM(Apr!E13, May!E13, Jun!E13) -> 379438.3 | F13: =IF(AND(ISNUMBER(D13),ISNUMBER(E13)), D13-E13, "") -> -70192.331 | G13: =IFERROR(F13/E13, "") -> -0.18499011 | H13: =SUM(Apr!H13, May!H13, Jun!H13) -> 372182 | I13: =SUM(Apr!I13, May!I13, Jun!I13) -> -62936.031 | J13: =IFERROR(I13/H13, "") -> -0.16910015 | K13: =IFERROR(AVERAGE(Apr!K13,May!K13,Jun!K13),"") -> 1
A14: Wooster | B14: OH | C14: =Sites[[#This Row],[SOL'#]] -> SOL-10763 | D14: =SUM(Apr!D14, May!D14, Jun!D14) -> 67831.5 | E14: =SUM(Apr!E14, May!E14, Jun!E14) -> 0 | F14: =IF(AND(ISNUMBER(D14),ISNUMBER(E14)), D14-E14, "") -> 67831.5 | G14: =IFERROR(F14/E14, "") | H14: =SUM(Apr!H14, May!H14, Jun!H14) -> 89122 | I14: =SUM(Apr!I14, May!I14, Jun!I14) -> -21290.5 | J14: =IFERROR(I14/H14, "") -> -0.23889163 | K14: =IFERROR(AVERAGE(Apr!K14,May!K14,Jun!K14),"") -> 1
A15: Globe Gila CC | B15: AZ | C15: =Sites[[#This Row],[SOL'#]] -> SOL-10755 | D15: =SUM(Apr!D15, May!D15, Jun!D15) -> -1455820.2 | E15: =SUM(Apr!E15, May!E15, Jun!E15) -> 23760.252 | F15: =IF(AND(ISNUMBER(D15),ISNUMBER(E15)), D15-E15, "") -> -1479580.4 | G15: =IFERROR(F15/E15, "") -> -62.271243 | H15: =SUM(Apr!H15, May!H15, Jun!H15) -> 60212 | I15: =SUM(Apr!I15, May!I15, Jun!I15) -> -1516032.2 | J15: =IFERROR(I15/H15, "") -> -25.17824 | K15: =IFERROR(AVERAGE(Apr!K15,May!K15,Jun!K15),"") -> 1
A16: Payson Gila CC | B16: AZ | C16: =Sites[[#This Row],[SOL'#]] -> SOL-10756 | D16: =SUM(Apr!D16, May!D16, Jun!D16) -> 41672.571 | E16: =SUM(Apr!E16, May!E16, Jun!E16) -> 3463.349 | F16: =IF(AND(ISNUMBER(D16),ISNUMBER(E16)), D16-E16, "") -> 38209.222 | G16: =IFERROR(F16/E16, "") -> 11.032449 | H16: =SUM(Apr!H16, May!H16, Jun!H16) -> 46661 | I16: =SUM(Apr!I16, May!I16, Jun!I16) -> -4988.4286 | J16: =IFERROR(I16/H16, "") -> -0.10690788 | K16: =IFERROR(AVERAGE(Apr!K16,May!K16,Jun!K16),"") -> 1
... A160: Drinkwater | B160: NY | C160: =Sites[[#This Row],[SOL'#]] -> SOL-10896 | D160: =SUM(Apr!D160, May!D160, Jun!D160) -> 410647 | E160: =SUM(Apr!E160, May!E160, Jun!E160) -> 0 | F160: =IF(AND(ISNUMBER(D160),ISNUMBER(E160)), D160-E160, "") -> 410647 | G160: =IFERROR(F160/E160, "") | H160: =SUM(Apr!H160, May!H160, Jun!H160) -> 0 | I160: =SUM(Apr!I160, May!I160, Jun!I160) -> 410647 | J160: =IFERROR(I160/H160, "") | K160: =IFERROR(AVERAGE(Apr!K160,May!K160,Jun!K160),"")
A161: Altamont | B161: NY | C161: SOL-11085 | D161: =SUM(Apr!D161, May!D161, Jun!D161) -> 892354 | E161: =SUM(Apr!E161, May!E161, Jun!E161) -> 1062738.2 | F161: =IF(AND(ISNUMBER(D161),ISNUMBER(E161)), D161-E161, "") -> -170384.22 | G161: =IFERROR(F161/E161, "") -> -0.16032567 | H161: =SUM(Apr!H161, May!H161, Jun!H161) -> 1593579.8 | I161: =SUM(Apr!I161, May!I161, Jun!I161) -> 0 | J161: =IFERROR(I161/H161, "") -> 0 | K161: =IFERROR(AVERAGE(Apr!K161,May!K161,Jun!K161),"") -> 0.6417296

Sheet 3rd Qtr
A1: {=portfolio} -> Generate Capital | E1: 3rd Quarter Actual v. Expected | H1: 3rd Quarter Actual v. Forecasted | K1: Q3 Availability
A2: Total | D2: =SUM(D4:D100) -> 53836025 | E2: =SUM(E4:E100) -> 21762903 | F2: =D2-E2 -> 32073122 | G2: =IFERROR(F2/E2, 0) -> 1.473752 | H2: =SUM(H4:H100) -> 59267580 | I2: =D2-H2 -> -5431555.3 | J2: =IFERROR(I2/H2, 0) -> -0.091644628
A3: Site | B3: State | C3: SOL# | D3: Actual | E3: Expected | F3: Delta | G3: % | H3: Forecasted | I3: Delta | J3: % | K3: Site Availability
A4: {=Sites[Site]} -> Farmer | B4: {=Sites[State]} -> AZ | C4: =Sites[[#This Row],[SOL'#]] -> SOL-10748 | D4: =SUM(Jul!D4, Aug!D4, Sep!D4) -> 41095.12 | E4: =SUM(Jul!E4, Aug!E4, Sep!E4) -> 24870.055 | F4: =IF(AND(ISNUMBER(D4),ISNUMBER(E4)), D4-E4, "") -> 16225.065 | G4: =IFERROR(F4/E4, "") -> 0.65239361 | H4: =SUM(Jul!H4,Aug!H4,Sep!H4) -> 39065.49 | I4: =SUM(Jul!I4, Aug!I4, Sep!I4) -> 2029.6301 | J4: =IFERROR(I4/H4, "") -> 0.051954553 | K4: =IFERROR(AVERAGE(Jul!K4, Aug!K4, Sep!K4),"") -> 0.998708
A5: Fulton | B5: AZ | C5: =Sites[[#This Row],[SOL'#]] -> SOL-10749 | D5: =SUM(Jul!D5, Aug!D5, Sep!D5) -> 159935.75 | E5: =SUM(Jul!E5, Aug!E5, Sep!E5) -> 164812.4 | F5: =IF(AND(ISNUMBER(D5),ISNUMBER(E5)), D5-E5, "") -> -4876.65 | G5: =IFERROR(F5/E5, "") -> -0.029589096 | H5: =SUM(Jul!H5,Aug!H5,Sep!H5) -> 194976.14 | I5: =SUM(Jul!I5, Aug!I5, Sep!I5) -> -35040.39 | J5: =IFERROR(I5/H5, "") -> -0.1797163 | K5: =IFERROR(AVERAGE(Jul!K5, Aug!K5, Sep!K5),"") -> 1
A6: JFK Elementary | B6: AZ | C6: =Sites[[#This Row],[SOL'#]] -> SOL-10758 | D6: =SUM(Jul!D6, Aug!D6, Sep!D6) -> 62748.989 | E6: =SUM(Jul!E6, Aug!E6, Sep!E6) -> 0 | F6: =IF(AND(ISNUMBER(D6),ISNUMBER(E6)), D6-E6, "") -> 62748.989 | G6: =IFERROR(F6/E6, "") | H6: =SUM(Jul!H6,Aug!H6,Sep!H6) -> 56143 | I6: =SUM(Jul!I6, Aug!I6, Sep!I6) -> 6605.9891 | J6: =IFERROR(I6/H6, "") -> 0.11766363 | K6: =IFERROR(AVERAGE(Jul!K6, Aug!K6, Sep!K6),"") -> 0.49991257
A7: Noble | B7: AZ | C7: =Sites[[#This Row],[SOL'#]] -> SOL-10750 | D7: =SUM(Jul!D7, Aug!D7, Sep!D7) -> 28010.874 | E7: =SUM(Jul!E7, Aug!E7, Sep!E7) -> 42057.23 | F7: =IF(AND(ISNUMBER(D7),ISNUMBER(E7)), D7-E7, "") -> -14046.356 | G7: =IFERROR(F7/E7, "") -> -0.33398197 | H7: =SUM(Jul!H7,Aug!H7,Sep!H7) -> 44891.67 | I7: =SUM(Jul!I7, Aug!I7, Sep!I7) -> -16880.796 | J7: =IFERROR(I7/H7, "") -> -0.37603405 | K7: =IFERROR(AVERAGE(Jul!K7, Aug!K7, Sep!K7),"") -> 0.89985763
A8: Parking 3 | B8: AZ | C8: =Sites[[#This Row],[SOL'#]] -> SOL-10751 | D8: =SUM(Jul!D8, Aug!D8, Sep!D8) -> 75718.458 | E8: =SUM(Jul!E8, Aug!E8, Sep!E8) -> 95719.27 | F8: =IF(AND(ISNUMBER(D8),ISNUMBER(E8)), D8-E8, "") -> -20000.812 | G8: =IFERROR(F8/E8, "") -> -0.20895283 | H8: =SUM(Jul!H8,Aug!H8,Sep!H8) -> 95629.77 | I8: =SUM(Jul!I8, Aug!I8, Sep!I8) -> -19911.312 | J8: =IFERROR(I8/H8, "") -> -0.20821249 | K8: =IFERROR(AVERAGE(Jul!K8, Aug!K8, Sep!K8),"") -> 0.77521877
A9: PE East | B9: AZ | C9: =Sites[[#This Row],[SOL'#]] -> SOL-10752 | D9: =SUM(Jul!D9, Aug!D9, Sep!D9) -> 89283.253 | E9: =SUM(Jul!E9, Aug!E9, Sep!E9) -> 69083.06 | F9: =IF(AND(ISNUMBER(D9),ISNUMBER(E9)), D9-E9, "") -> 20200.193 | G9: =IFERROR(F9/E9, "") -> 0.29240443 | H9: =SUM(Jul!H9,Aug!H9,Sep!H9) -> 90548.3 | I9: =SUM(Jul!I9, Aug!I9, Sep!I9) -> -1265.047 | J9: =IFERROR(I9/H9, "") -> -0.013970964 | K9: =IFERROR(AVERAGE(Jul!K9, Aug!K9, Sep!K9),"") -> 1
A10: Schwada | B10: AZ | C10: =Sites[[#This Row],[SOL'#]] -> SOL-10753 | D10: =SUM(Jul!D10, Aug!D10, Sep!D10) -> 40493.995 | E10: =SUM(Jul!E10, Aug!E10, Sep!E10) -> 28442.035 | F10: =IF(AND(ISNUMBER(D10),ISNUMBER(E10)), D10-E10, "") -> 12051.96 | G10: =IFERROR(F10/E10, "") -> 0.42373762 | H10: =SUM(Jul!H10,Aug!H10,Sep!H10) -> 40256 | I10: =SUM(Jul!I10, Aug!I10, Sep!I10) -> 237.99536 | J10: =IFERROR(I10/H10, "") -> 0.0059120468 | K10: =IFERROR(AVERAGE(Jul!K10, Aug!K10, Sep!K10),"") -> 1
A11: Starshine | B11: AZ | C11: =Sites[[#This Row],[SOL'#]] -> SOL-10757 | D11: =SUM(Jul!D11, Aug!D11, Sep!D11) -> 27372.207 | E11: =SUM(Jul!E11, Aug!E11, Sep!E11) -> 0 | F11: =IF(AND(ISNUMBER(D11),ISNUMBER(E11)), D11-E11, "") -> 27372.207 | G11: =IFERROR(F11/E11, "") | H11: =SUM(Jul!H11,Aug!H11,Sep!H11) -> 30120 | I11: =SUM(Jul!I11, Aug!I11, Sep!I11) -> -2747.7934 | J11: =IFERROR(I11/H11, "") -> -0.091228201 | K11: =IFERROR(AVERAGE(Jul!K11, Aug!K11, Sep!K11),"") -> 0.32490117
A12: Yuma Airport | B12: AZ | C12: =Sites[[#This Row],[SOL'#]] -> SOL-10754 | D12: =SUM(Jul!D12, Aug!D12, Sep!D12) -> 235675 | E12: =SUM(Jul!E12, Aug!E12, Sep!E12) -> 273384.67 | F12: =IF(AND(ISNUMBER(D12),ISNUMBER(E12)), D12-E12, "") -> -37709.67 | G12: =IFERROR(F12/E12, "") -> -0.1379363 | H12: =SUM(Jul!H12,Aug!H12,Sep!H12) -> 230676 | I12: =SUM(Jul!I12, Aug!I12, Sep!I12) -> 4999 | J12: =IFERROR(I12/H12, "") -> 0.021671088 | K12: =IFERROR(AVERAGE(Jul!K12, Aug!K12, Sep!K12),"") -> 1
A13: Kinsman | B13: OH | C13: =Sites[[#This Row],[SOL'#]] -> SOL-10762 | D13: =SUM(Jul!D13, Aug!D13, Sep!D13) -> 265232.62 | E13: =SUM(Jul!E13, Aug!E13, Sep!E13) -> 383034.7 | F13: =IF(AND(ISNUMBER(D13),ISNUMBER(E13)), D13-E13, "") -> -117802.08 | G13: =IFERROR(F13/E13, "") -> -0.30754936 | H13: =SUM(Jul!H13,Aug!H13,Sep!H13) -> 374505 | I13: =SUM(Jul!I13, Aug!I13, Sep!I13) -> -109272.38 | J13: =IFERROR(I13/H13, "") -> -0.29177815 | K13: =IFERROR(AVERAGE(Jul!K13, Aug!K13, Sep!K13),"") -> 1
A14: Wooster | B14: OH | C14: =Sites[[#This Row],[SOL'#]] -> SOL-10763 | D14: =SUM(Jul!D14, Aug!D14, Sep!D14) -> 60024 | E14: =SUM(Jul!E14, Aug!E14, Sep!E14) -> 0 | F14: =IF(AND(ISNUMBER(D14),ISNUMBER(E14)), D14-E14, "") -> 60024 | G14: =IFERROR(F14/E14, "") | H14: =SUM(Jul!H14,Aug!H14,Sep!H14) -> 87418 | I14: =SUM(Jul!I14, Aug!I14, Sep!I14) -> -27394 | J14: =IFERROR(I14/H14, "") -> -0.31336796 | K14: =IFERROR(AVERAGE(Jul!K14, Aug!K14, Sep!K14),"") -> 1
A15: Globe Gila CC | B15: AZ | C15: =Sites[[#This Row],[SOL'#]] -> SOL-10755 | D15: =SUM(Jul!D15, Aug!D15, Sep!D15) -> 48062.895 | E15: =SUM(Jul!E15, Aug!E15, Sep!E15) -> 0 | F15: =IF(AND(ISNUMBER(D15),ISNUMBER(E15)), D15-E15, "") -> 48062.895 | G15: =IFERROR(F15/E15, "") | H15: =SUM(Jul!H15,Aug!H15,Sep!H15) -> 53157 | I15: =SUM(Jul!I15, Aug!I15, Sep!I15) -> -5094.1046 | J15: =IFERROR(I15/H15, "") -> -0.095831303 | K15: =IFERROR(AVERAGE(Jul!K15, Aug!K15, Sep!K15),"") -> 1
A16: Payson Gila CC | B16: AZ | C16: =Sites[[#This Row],[SOL'#]] -> SOL-10756 | D16: =SUM(Jul!D16, Aug!D16, Sep!D16) -> 22466.126 | E16: =SUM(Jul!E16, Aug!E16, Sep!E16) -> 17170.503 | F16: =IF(AND(ISNUMBER(D16),ISNUMBER(E16)), D16-E16, "") -> 5295.6229 | G16: =IFERROR(F16/E16, "") -> 0.30841397 | H16: =SUM(Jul!H16,Aug!H16,Sep!H16) -> 41733 | I16: =SUM(Jul!I16, Aug!I16, Sep!I16) -> -19266.874 | J16: =IFERROR(I16/H16, "") -> -0.46167 | K16: =IFERROR(AVERAGE(Jul!K16, Aug!K16, Sep!K16),"") -> 0.99419193
... A160: Drinkwater | B160: NY | C160: =Sites[[#This Row],[SOL'#]] -> SOL-10896 | D160: =SUM(Jul!D160, Aug!D160, Sep!D160) -> 1231014 | E160: =SUM(Jul!E160, Aug!E160, Sep!E160) -> 0 | F160: =IF(AND(ISNUMBER(D160),ISNUMBER(E160)), D160-E160, "") -> 1231014 | G160: =IFERROR(F160/E160, "") | H160: =SUM(Jul!H160,Aug!H160,Sep!H160) -> 1245202 | I160: =SUM(Jul!I160, Aug!I160, Sep!I160) -> -14188 | J160: =IFERROR(I160/H160, "") -> -0.011394135 | K160: =IFERROR(AVERAGE(Jul!K160, Aug!K160, Sep!K160),"")
A161: Altamont | B161: NY | C161: SOL-11085 | D161: =SUM(Jul!D161, Aug!D161, Sep!D161) -> 2058946 | E161: =SUM(Jul!E161, Aug!E161, Sep!E161) -> 2159800.4 | F161: =IF(AND(ISNUMBER(D161),ISNUMBER(E161)), D161-E161, "") -> -100854.4 | G161: =IFERROR(F161/E161, "") -> -0.046696167 | H161: =SUM(Jul!H161,Aug!H161,Sep!H161) -> 2020093.6 | I161: =SUM(Jul!I161, Aug!I161, Sep!I161) -> -52988.7 | J161: =IFERROR(I161/H161, "") -> -0.026230814 | K161: =IFERROR(AVERAGE(Jul!K161, Aug!K161, Sep!K161),"") -> 0.99551457

Sheet 4th Qtr
A1: {=portfolio} -> Generate Capital | E1: 4th Quarter Actual v. Expected | H1: 4th Quarter Actual v. Forecasted | K1: Q4 Availability
A2: Total | D2: =SUM(D4:D100) -> 3619914.1 | E2: =SUM(E4:E100) -> 3732929.8 | F2: =D2-E2 -> -113015.75 | G2: =IFERROR(F2/E2, 0) -> -0.030275349 | H2: =SUM(H4:H100) -> 3268905.7 | I2: =D2-H2 -> 351008.4 | J2: =IFERROR(I2/H2, 0) -> 0.10737795
A3: Site | B3: State | C3: SOL# | D3: Actual | E3: Expected | F3: Delta | G3: % | H3: Forecasted | I3: Delta | J3: % | K3: Site Availability
A4: {=Sites[Site]} -> Farmer | B4: {=Sites[State]} -> AZ | C4: =Sites[[#This Row],[SOL'#]] -> SOL-10748 | D4: =SUM(Oct!D4, Nov!D4, Dec!D4) -> 12351.995 | E4: =SUM(Oct!E4, Nov!E4, Dec!E4) -> 7795.556 | F4: =IF(AND(ISNUMBER(D4),ISNUMBER(E4)), D4-E4, "") -> 4556.4386 | G4: =IFERROR(F4/E4, "") -> 0.5844918 | H4: =SUM(Oct!H4,Nov!H4,Dec!H4) -> 11404.3 | I4: =SUM(Oct!I4, Nov!I4, Dec!I4) -> 947.69455 | J4: =IFERROR(I4/H4, "") -> 0.083099756 | K4: =IFERROR(AVERAGE(Oct!K4, Nov!K4, Dec!K4),"") -> 1
A5: Fulton | B5: AZ | C5: =Sites[[#This Row],[SOL'#]] -> SOL-10749 | D5: =SUM(Oct!D5, Nov!D5, Dec!D5) -> 36511 | E5: =SUM(Oct!E5, Nov!E5, Dec!E5) -> 44132.79 | F5: =IF(AND(ISNUMBER(D5),ISNUMBER(E5)), D5-E5, "") -> -7621.79 | G5: =IFERROR(F5/E5, "") -> -0.1727013 | H5: =SUM(Oct!H5,Nov!H5,Dec!H5) -> 49048.38 | I5: =SUM(Oct!I5, Nov!I5, Dec!I5) -> -12537.38 | J5: =IFERROR(I5/H5, "") -> -0.25561252 | K5: =IFERROR(AVERAGE(Oct!K5, Nov!K5, Dec!K5),"") -> 0.966893
A6: JFK Elementary | B6: AZ | C6: =Sites[[#This Row],[SOL'#]] -> SOL-10758 | D6: =SUM(Oct!D6, Nov!D6, Dec!D6) -> 20557.688 | E6: =SUM(Oct!E6, Nov!E6, Dec!E6) -> 0 | F6: =IF(AND(ISNUMBER(D6),ISNUMBER(E6)), D6-E6, "") -> 20557.688 | G6: =IFERROR(F6/E6, "") | H6: =SUM(Oct!H6,Nov!H6,Dec!H6) -> 17712 | I6: =SUM(Oct!I6, Nov!I6, Dec!I6) -> 2845.6879 | J6: =IFERROR(I6/H6, "") -> 0.1606644 | K6: =IFERROR(AVERAGE(Oct!K6, Nov!K6, Dec!K6),"") -> 0.5
A7: Noble | B7: AZ | C7: =Sites[[#This Row],[SOL'#]] -> SOL-10750 | D7: =SUM(Oct!D7, Nov!D7, Dec!D7) -> 10837.68 | E7: =SUM(Oct!E7, Nov!E7, Dec!E7) -> 13076.94 | F7: =IF(AND(ISNUMBER(D7),ISNUMBER(E7)), D7-E7, "") -> -2239.2595 | G7: =IFERROR(F7/E7, "") -> -0.17123727 | H7: =SUM(Oct!H7,Nov!H7,Dec!H7) -> 12737.2 | I7: =SUM(Oct!I7, Nov!I7, Dec!I7) -> -1899.5195 | J7: =IFERROR(I7/H7, "") -> -0.14913164 | K7: =IFERROR(AVERAGE(Oct!K7, Nov!K7, Dec!K7),"") -> 0.9354839
A8: Parking 3 | B8: AZ | C8: =Sites[[#This Row],[SOL'#]] -> SOL-10751 | D8: =SUM(Oct!D8, Nov!D8, Dec!D8) -> 30411.607 | E8: =SUM(Oct!E8, Nov!E8, Dec!E8) -> 23393.97 | F8: =IF(AND(ISNUMBER(D8),ISNUMBER(E8)), D8-E8, "") -> 7017.637 | G8: =IFERROR(F8/E8, "") -> 0.29997632 | H8: =SUM(Oct!H8,Nov!H8,Dec!H8) -> 26091.55 | I8: =SUM(Oct!I8, Nov!I8, Dec!I8) -> 4320.057 | J8: =IFERROR(I8/H8, "") -> 0.16557303 | K8: =IFERROR(AVERAGE(Oct!K8, Nov!K8, Dec!K8),"") -> 0.9956306
A9: PE East | B9: AZ | C9: =Sites[[#This Row],[SOL'#]] -> SOL-10752 | D9: =SUM(Oct!D9, Nov!D9, Dec!D9) -> 27137.381 | E9: =SUM(Oct!E9, Nov!E9, Dec!E9) -> 17170.78 | F9: =IF(AND(ISNUMBER(D9),ISNUMBER(E9)), D9-E9, "") -> 9966.6012 | G9: =IFERROR(F9/E9, "") -> 0.58043963 | H9: =SUM(Oct!H9,Nov!H9,Dec!H9) -> 27166.91 | I9: =SUM(Oct!I9, Nov!I9, Dec!I9) -> -29.528849 | J9: =IFERROR(I9/H9, "") -> -0.0010869418 | K9: =IFERROR(AVERAGE(Oct!K9, Nov!K9, Dec!K9),"") -> 1
A10: Schwada | B10: AZ | C10: =Sites[[#This Row],[SOL'#]] -> SOL-10753 | D10: =SUM(Oct!D10, Nov!D10, Dec!D10) -> 10499.243 | E10: =SUM(Oct!E10, Nov!E10, Dec!E10) -> 7069.339 | F10: =IF(AND(ISNUMBER(D10),ISNUMBER(E10)), D10-E10, "") -> 3429.904 | G10: =IFERROR(F10/E10, "") -> 0.48518029 | H10: =SUM(Oct!H10,Nov!H10,Dec!H10) -> 11116 | I10: =SUM(Oct!I10, Nov!I10, Dec!I10) -> -616.75704 | J10: =IFERROR(I10/H10, "") -> -0.055483721 | K10: =IFERROR(AVERAGE(Oct!K10, Nov!K10, Dec!K10),"") -> 0.9354839
A11: Starshine | B11: AZ | C11: =Sites[[#This Row],[SOL'#]] -> SOL-10757 | D11: =SUM(Oct!D11, Nov!D11, Dec!D11) -> 7069.2122 | E11: =SUM(Oct!E11, Nov!E11, Dec!E11) -> 0 | F11: =IF(AND(ISNUMBER(D11),ISNUMBER(E11)), D11-E11, "") -> 7069.2122 | G11: =IFERROR(F11/E11, "") | H11: =SUM(Oct!H11,Nov!H11,Dec!H11) -> 8221 | I11: =SUM(Oct!I11, Nov!I11, Dec!I11) -> -1151.7878 | J11: =IFERROR(I11/H11, "") -> -0.14010313 | K11: =IFERROR(AVERAGE(Oct!K11, Nov!K11, Dec!K11),"") -> 0.316516
A12: Yuma Airport | B12: AZ | C12: =Sites[[#This Row],[SOL'#]] -> SOL-10754 | D12: =SUM(Oct!D12, Nov!D12, Dec!D12) -> 62048 | E12: =SUM(Oct!E12, Nov!E12, Dec!E12) -> 89930.77 | F12: =IF(AND(ISNUMBER(D12),ISNUMBER(E12)), D12-E12, "") -> -27882.77 | G12: =IFERROR(F12/E12, "") -> -0.31004705 | H12: =SUM(Oct!H12,Nov!H12,Dec!H12) -> 69476 | I12: =SUM(Oct!I12, Nov!I12, Dec!I12) -> -7428 | J12: =IFERROR(I12/H12, "") -> -0.10691462 | K12: =IFERROR(AVERAGE(Oct!K12, Nov!K12, Dec!K12),"") -> 1
A13: Kinsman | B13: OH | C13: =Sites[[#This Row],[SOL'#]] -> SOL-10762 | D13: =SUM(Oct!D13, Nov!D13, Dec!D13) -> 76897.547 | E13: =SUM(Oct!E13, Nov!E13, Dec!E13) -> 111691.2 | F13: =IF(AND(ISNUMBER(D13),ISNUMBER(E13)), D13-E13, "") -> -34793.653 | G13: =IFERROR(F13/E13, "") -> -0.31151651 | H13: =SUM(Oct!H13,Nov!H13,Dec!H13) -> 87435 | I13: =SUM(Oct!I13, Nov!I13, Dec!I13) -> -10537.453 | J13: =IFERROR(I13/H13, "") -> -0.12051756 | K13: =IFERROR(AVERAGE(Oct!K13, Nov!K13, Dec!K13),"") -> 0.9966044
A14: Wooster | B14: OH | C14: =Sites[[#This Row],[SOL'#]] -> SOL-10763 | D14: =SUM(Oct!D14, Nov!D14, Dec!D14) -> 9074.75 | E14: =SUM(Oct!E14, Nov!E14, Dec!E14) -> 0 | F14: =IF(AND(ISNUMBER(D14),ISNUMBER(E14)), D14-E14, "") -> 9074.75 | G14: =IFERROR(F14/E14, "") | H14: =SUM(Oct!H14,Nov!H14,Dec!H14) -> 19620 | I14: =SUM(Oct!I14, Nov!I14, Dec!I14) -> -10545.25 | J14: =IFERROR(I14/H14, "") -> -0.53747452 | K14: =IFERROR(AVERAGE(Oct!K14, Nov!K14, Dec!K14),"") -> 1
A15: Globe Gila CC | B15: AZ | C15: =Sites[[#This Row],[SOL'#]] -> SOL-10755 | D15: =SUM(Oct!D15, Nov!D15, Dec!D15) -> 11509.275 | E15: =SUM(Oct!E15, Nov!E15, Dec!E15) -> 0 | F15: =IF(AND(ISNUMBER(D15),ISNUMBER(E15)), D15-E15, "") -> 11509.275 | G15: =IFERROR(F15/E15, "") | H15: =SUM(Oct!H15,Nov!H15,Dec!H15) -> 14748 | I15: =SUM(Oct!I15, Nov!I15, Dec!I15) -> -3238.7254 | J15: =IFERROR(I15/H15, "") -> -0.21960438 | K15: =IFERROR(AVERAGE(Oct!K15, Nov!K15, Dec!K15),"") -> 1
A16: Payson Gila CC | B16: AZ | C16: =Sites[[#This Row],[SOL'#]] -> SOL-10756 | D16: =SUM(Oct!D16, Nov!D16, Dec!D16) -> 9544.9763 | E16: =SUM(Oct!E16, Nov!E16, Dec!E16) -> 4480.855 | F16: =IF(AND(ISNUMBER(D16),ISNUMBER(E16)), D16-E16, "") -> 5064.1213 | G16: =IFERROR(F16/E16, "") -> 1.1301685 | H16: =SUM(Oct!H16,Nov!H16,Dec!H16) -> 11244 | I16: =SUM(Oct!I16, Nov!I16, Dec!I16) -> -1699.0237 | J16: =IFERROR(I16/H16, "") -> -0.15110492 | K16: =IFERROR(AVERAGE(Oct!K16, Nov!K16, Dec!K16),"") -> 0.9965126
... A160: Drinkwater | B160: NY | C160: =Sites[[#This Row],[SOL'#]] -> SOL-10896 | D160: =SUM(Oct!D160, Nov!D160, Dec!D160) -> 0 | E160: =SUM(Oct!E160, Nov!E160, Dec!E160) -> 0 | F160: =IF(AND(ISNUMBER(D160),ISNUMBER(E160)), D160-E160, "") -> 0 | G160: =IFERROR(F160/E160, "") | H160: =SUM(Oct!H160,Nov!H160,Dec!H160) -> 0 | I160: =SUM(Oct!I160, Nov!I160, Dec!I160) -> 0 | J160: =IFERROR(I160/H160, "") | K160: =IFERROR(AVERAGE(Oct!K160, Nov!K160, Dec!K160),"")
A161: Altamont | B161: NY | C161: SOL-11085 | D161: =SUM(Oct!D161, Nov!D161, Dec!D161) -> 695857 | E161: =SUM(Oct!E161, Nov!E161, Dec!E161) -> 755716.4 | F161: =IF(AND(ISNUMBER(D161),ISNUMBER(E161)), D161-E161, "") -> -59859.4 | G161: =IFERROR(F161/E161, "") -> -0.079208814 | H161: =SUM(Oct!H161,Nov!H161,Dec!H161) -> 423096.7 | I161: =SUM(Oct!I161, Nov!I161, Dec!I161) -> 0 | J161: =IFERROR(I161/H161, "") -> 0 | K161: =IFERROR(AVERAGE(Oct!K161, Nov!K161, Dec!K161),"") -> 1

Sheet Jan
A1: {=portfolio} -> Generate Capital | E1: January Actual v. Expected | H1: January Actual v. Forecasted | K1: January Availability
A2: Total | D2: =SUM(D4:D137) -> 6036713.6 | E2: =SUM(E4:E137) -> 2852220.9 | F2: =D2-E2 -> 3184492.7 | G2: =IFERROR(F2/E2, 0) -> 1.1164958 | H2: =SUM(H4:H137) -> 10548236 | I2: =D2-H2 -> -4511522.5 | J2: =IFERROR(I2/H2, 0) -> -0.42770398 | L2: =IF(AND(TODAY()>DATE(2024, 1, 1), COUNTA(Sites[Site])<>(COUNT(D:D)-1)), "Some sites are missing actual data; if new sites were added, make sure they are aligned correctly (including prior months!)", "") -> Some sites are missing actual data; if new sites were added, make sure they are aligned correctly (including prior months!)
A3: Site | B3: State | C3: SOL# | D3: Actual | E3: Expected | F3: Delta | G3: % | H3: Forecasted | I3: Delta | J3: % | K3: Site Availability | L3: Notes | M3: Service Requests
A4: {=Sites[Site]} -> Farmer | B4: {=Sites[State]} -> AZ | C4: =Sites[[#This Row],[SOL'#]] -> SOL-10748 | D4: 9019.8056 | F4: =IF(AND(ISNUMBER(D4),ISNUMBER(E4)), D4-E4, "") | G4: =IFERROR(F4/E4, "") | H4: 9006.592 | I4: =IF(AND(ISNUMBER(D4),ISNUMBER(H4)), D4-H4, "") -> 13.213567 | J4: =IFERROR(I4/H4, "") -> 0.0014670995 | K4: 1
A5: Fulton | B5: AZ | C5: =Sites[[#This Row],[SOL'#]] -> SOL-10749 | D5: 29434.75 | F5: =IF(AND(ISNUMBER(D5),ISNUMBER(E5)), D5-E5, "") | G5: =IFERROR(F5/E5, "") | H5: 37171.28 | I5: =IF(AND(ISNUMBER(D5),ISNUMBER(H5)), D5-H5, "") -> -7736.53 | J5: =IFERROR(I5/H5, "") -> -0.20813192 | K5: 1
A6: JFK Elementary | B6: AZ | C6: =Sites[[#This Row],[SOL'#]] -> SOL-10758 | D6: 15656.707 | E6: 0 | F6: =IF(AND(ISNUMBER(D6),ISNUMBER(E6)), D6-E6, "") -> 15656.707 | G6: =IFERROR(F6/E6, "") | H6: 15355 | I6: =IF(AND(ISNUMBER(D6),ISNUMBER(H6)), D6-H6, "") -> 301.70698 | J6: =IFERROR(I6/H6, "") -> 0.019648778 | K6: 1
A7: Noble | B7: AZ | C7: =Sites[[#This Row],[SOL'#]] -> SOL-10750 | D7: 8806.2478 | F7: =IF(AND(ISNUMBER(D7),ISNUMBER(E7)), D7-E7, "") | G7: =IFERROR(F7/E7, "") | H7: 10511.28 | I7: =IF(AND(ISNUMBER(D7),ISNUMBER(H7)), D7-H7, "") -> -1705.0322 | J7: =IFERROR(I7/H7, "") -> -0.16220976 | K7: 1
A8: Parking 3 | B8: AZ | C8: =Sites[[#This Row],[SOL'#]] -> SOL-10751 | D8: 16586.797 | F8: =IF(AND(ISNUMBER(D8),ISNUMBER(E8)), D8-E8, "") | G8: =IFERROR(F8/E8, "") | H8: 21555.37 | I8: =IF(AND(ISNUMBER(D8),ISNUMBER(H8)), D8-H8, "") -> -4968.5733 | J8: =IFERROR(I8/H8, "") -> -0.23050281 | K8: 1 | L8: 1.Inverter 1.1 is offline from 01/05 and back online on 01/17 at 10:45AM 2. Inverter 1.1 is offline from 07:00AM on 01/20 and back online at 11:00 on 01/22 | M8: 1.SR079991 2.SR080358
A9: PE East | B9: AZ | C9: =Sites[[#This Row],[SOL'#]] -> SOL-10752 | D9: 20730.183 | F9: =IF(AND(ISNUMBER(D9),ISNUMBER(E9)), D9-E9, "") | G9: =IFERROR(F9/E9, "") | H9: 22830.6 | I9: =IF(AND(ISNUMBER(D9),ISNUMBER(H9)), D9-H9, "") -> -2100.4166 | J9: =IFERROR(I9/H9, "") -> -0.092000063 | K9: 1
A10: Schwada | B10: AZ | C10: =Sites[[#This Row],[SOL'#]] -> SOL-10753 | D10: 8912.9888 | F10: =IF(AND(ISNUMBER(D10),ISNUMBER(E10)), D10-E10, "") | G10: =IFERROR(F10/E10, "") | H10: 10042 | I10: =IF(AND(ISNUMBER(D10),ISNUMBER(H10)), D10-H10, "") -> -1129.0112 | J10: =IFERROR(I10/H10, "") -> -0.11242892 | K10: 1
A11: Starshine | B11: AZ | C11: =Sites[[#This Row],[SOL'#]] -> SOL-10757 | D11: 3747.2089 | E11: 0 | F11: =IF(AND(ISNUMBER(D11),ISNUMBER(E11)), D11-E11, "") -> 3747.2089 | G11: =IFERROR(F11/E11, "") | H11: 5668 | I11: =IF(AND(ISNUMBER(D11),ISNUMBER(H11)), D11-H11, "") -> -1920.7911 | J11: =IFERROR(I11/H11, "") -> -0.33888339 | K11: 1 | L11: 1.Site did not started on 01/25 and started late on 01/27. | M11: 1.SR080480
A12: Yuma Airport | B12: AZ | C12: =Sites[[#This Row],[SOL'#]] -> SOL-10754 | D12: 52995 | E12: 74566.16 | F12: =IF(AND(ISNUMBER(D12),ISNUMBER(E12)), D12-E12, "") -> -21571.16 | G12: =IFERROR(F12/E12, "") -> -0.28928887 | H12: 62836 | I12: =IF(AND(ISNUMBER(D12),ISNUMBER(H12)), D12-H12, "") -> -9841 | J12: =IFERROR(I12/H12, "") -> -0.15661404 | K12: 1
A13: Kinsman | B13: OH | C13: =Sites[[#This Row],[SOL'#]] -> SOL-10762 | D13: 20047.789 | E13: 33380.34 | F13: =IF(AND(ISNUMBER(D13),ISNUMBER(E13)), D13-E13, "") -> -13332.551 | G13: =IFERROR(F13/E13, "") -> -0.39941328 | H13: 52574 | I13: =IF(AND(ISNUMBER(D13),ISNUMBER(H13)), D13-H13, "") -> -32526.211 | J13: =IFERROR(I13/H13, "") -> -0.61867484 | K13: 0.8709677 | L13: 1. Inveter B did not started for production 1/15 and 1/24. | M13: 1. SR080237
A14: Wooster | B14: OH | C14: =Sites[[#This Row],[SOL'#]] -> SOL-10763 | D14: 6323.25 | E14: 0 | F14: =IF(AND(ISNUMBER(D14),ISNUMBER(E14)), D14-E14, "") -> 6323.25 | G14: =IFERROR(F14/E14, "") | H14: 11652 | I14: =IF(AND(ISNUMBER(D14),ISNUMBER(H14)), D14-H14, "") -> -5328.75 | J14: =IFERROR(I14/H14, "") -> -0.45732492 | K14: 1
A15: Globe Gila CC | B15: AZ | C15: =Sites[[#This Row],[SOL'#]] -> SOL-10755 | D15: 10382.836 | E15: 7229.718 | F15: =IF(AND(ISNUMBER(D15),ISNUMBER(E15)), D15-E15, "") -> 3153.1178 | G15: =IFERROR(F15/E15, "") -> 0.43613289 | H15: 11007 | I15: =IF(AND(ISNUMBER(D15),ISNUMBER(H15)), D15-H15, "") -> -624.16422 | J15: =IFERROR(I15/H15, "") -> -0.056706116 | K15: 1
A16: Payson Gila CC | B16: AZ | C16: =Sites[[#This Row],[SOL'#]] -> SOL-10756 | D16: 6804.6063 | F16: =IF(AND(ISNUMBER(D16),ISNUMBER(E16)), D16-E16, "") | G16: =IFERROR(F16/E16, "") | H16: 8158 | I16: =IF(AND(ISNUMBER(D16),ISNUMBER(H16)), D16-H16, "") -> -1353.3937 | J16: =IFERROR(I16/H16, "") -> -0.16589774 | K16: 1
A17: SCNM | B17: AZ | C17: =Sites[[#This Row],[SOL'#]] -> SOL-10760 | D17: 51680.32 | F17: =IF(AND(ISNUMBER(D17),ISNUMBER(E17)), D17-E17, "") | G17: =IFERROR(F17/E17, "") | H17: 54453 | I17: =IF(AND(ISNUMBER(D17),ISNUMBER(H17)), D17-H17, "") -> -2772.68 | J17: =IFERROR(I17/H17, "") -> -0.050918774 | K17: 1
A18: Sequoia Charter School | B18: AZ | C18: =Sites[[#This Row],[SOL'#]] -> SOL-10759 | D18: 20768 | E18: 0 | F18: =IF(AND(ISNUMBER(D18),ISNUMBER(E18)), D18-E18, "") -> 20768 | G18: =IFERROR(F18/E18, "") | H18: 32604 | I18: =IF(AND(ISNUMBER(D18),ISNUMBER(H18)), D18-H18, "") -> -11836 | J18: =IFERROR(I18/H18, "") -> -0.36302294 | K18: 1
A19: RCAB | B19: MA | C19: =Sites[[#This Row],[SOL'#]] -> SOL-10838 | D19: 23135 | E19: 43481.12 | F19: =IF(AND(ISNUMBER(D19),ISNUMBER(E19)), D19-E19, "") -> -20346.12 | G19: =IFERROR(F19/E19, "") -> -0.46792999 | H19: 46237.45 | I19: =IF(AND(ISNUMBER(D19),ISNUMBER(H19)), D19-H19, "") -> -23102.45 | J19: =IFERROR(I19/H19, "") -> -0.49964801 | K19: 1
A20: Spectro Coatings | B20: MA | C20: =Sites[[#This Row],[SOL'#]] -> SOL-10074 | D20: 5510.625 | E20: 12146.73 | F20: =IF(AND(ISNUMBER(D20),ISNUMBER(E20)), D20-E20, "") -> -6636.105 | G20: =IFERROR(F20/E20, "") -> -0.54632852 | H20: 11421.63 | I20: =IF(AND(ISNUMBER(D20),ISNUMBER(H20)), D20-H20, "") -> -5911.005 | J20: =IFERROR(I20/H20, "") -> -0.51752727 | K20: 0.9020955 | L20: 1. Site was offline on 1/22 at 15:30 and back online on 1/23 11:45. | M20: 1. SR080401
A21: K026 | B21: NY | C21: =Sites[[#This Row],[SOL'#]] -> SOL-10356 | D21: 7049.125 | E21: 12398.04 | F21: =IF(AND(ISNUMBER(D21),ISNUMBER(E21)), D21-E21, "") -> -5348.915 | G21: =IFERROR(F21/E21, "") -> -0.43143231 | H21: 11167.42 | I21: =IF(AND(ISNUMBER(D21),ISNUMBER(H21)), D21-H21, "") -> -4118.295 | J21: =IFERROR(I21/H21, "") -> -0.36877766 | K21: 0.9989919
A22: K041 | B22: NY | C22: =Sites[[#This Row],[SOL'#]] -> SOL-10357 | D22: 2400.5967 | E22: 9772.249 | F22: =IF(AND(ISNUMBER(D22),ISNUMBER(E22)), D22-E22, "") -> -7371.6523 | G22: =IFERROR(F22/E22, "") -> -0.75434553 | H22: 9924 | I22: =IF(AND(ISNUMBER(D22),ISNUMBER(H22)), D22-H22, "") -> -7523.4033 | J22: =IFERROR(I22/H22, "") -> -0.75810191 | K22: 0.4677419 | L22: 1. Site started production from 1/18 | M22: 1. SR079892
A23: K043 | B23: NY | C23: =Sites[[#This Row],[SOL'#]] -> SOL-10358 | D23: 7037.3281 | E23: 10909.38 | F23: =IF(AND(ISNUMBER(D23),ISNUMBER(E23)), D23-E23, "") -> -3872.0519 | G23: =IFERROR(F23/E23, "") -> -0.35492868 | H23: 2303 | I23: =IF(AND(ISNUMBER(D23),ISNUMBER(H23)), D23-H23, "") -> 4734.3281 | J23: =IFERROR(I23/H23, "") -> 2.0557222 | K23: 0.907899
A24: K058 | B24: NY | C24: =Sites[[#This Row],[SOL'#]] -> SOL-10360 | D24: 5262.6875 | E24: 8705.562 | F24: =IF(AND(ISNUMBER(D24),ISNUMBER(E24)), D24-E24, "") -> -3442.8745 | G24: =IFERROR(F24/E24, "") -> -0.39547987 | H24: 9193.089 | I24: =IF(AND(ISNUMBER(D24),ISNUMBER(H24)), D24-H24, "") -> -3930.4015 | J24: =IFERROR(I24/H24, "") -> -0.42753872 | K24: 0.9969108
A25: K115 | B25: NY | C25: =Sites[[#This Row],[SOL'#]] -> SOL-10361 | D25: 1496.6526 | E25: 5139.646 | F25: =IF(AND(ISNUMBER(D25),ISNUMBER(E25)), D25-E25, "") -> -3642.9934 | G25: =IFERROR(F25/E25, "") -> -0.7088024 | H25: 5622 | I25: =IF(AND(ISNUMBER(D25),ISNUMBER(H25)), D25-H25, "") -> -4125.3474 | J25: =IFERROR(I25/H25, "") -> -0.73378645 | K25: 0.8746682 | L25: 1. Ongoing construction to the array on the roof. 70 percent of the array is offline for construction | M25: 1. SR077214
A26: K152 | B26: NY | C26: =Sites[[#This Row],[SOL'#]] -> SOL-10362 | D26: 1927.1875 | E26: 3008.157 | F26: =IF(AND(ISNUMBER(D26),ISNUMBER(E26)), D26-E26, "") -> -1080.9695 | G26: =IFERROR(F26/E26, "") -> -0.3593461 | H26: 3567 | I26: =IF(AND(ISNUMBER(D26),ISNUMBER(H26)), D26-H26, "") -> -1639.8125 | J26: =IFERROR(I26/H26, "") -> -0.45971755 | K26: 1
A27: K166 | B27: NY | C27: =Sites[[#This Row],[SOL'#]] -> SOL-10363 | D27: 7390.625 | E27: 11891.79 | F27: =IF(AND(ISNUMBER(D27),ISNUMBER(E27)), D27-E27, "") -> -4501.165 | G27: =IFERROR(F27/E27, "") -> -0.3785103 | H27: 12186.2 | I27: =IF(AND(ISNUMBER(D27),ISNUMBER(H27)), D27-H27, "") -> -4795.575 | J27: =IFERROR(I27/H27, "") -> -0.39352505 | K27: 1
A28: K206 | B28: NY | C28: =Sites[[#This Row],[SOL'#]] -> SOL-10927 | D28: 4600.7712 | E28: 7372.882 | F28: =IF(AND(ISNUMBER(D28),ISNUMBER(E28)), D28-E28, "") -> -2772.1108 | G28: =IFERROR(F28/E28, "") -> -0.3759874 | H28: 6894 | I28: =IF(AND(ISNUMBER(D28),ISNUMBER(H28)), D28-H28, "") -> -2293.2288 | J28: =IFERROR(I28/H28, "") -> -0.33264125 | K28: 0.976043
A29: K251 | B29: NY | C29: =Sites[[#This Row],[SOL'#]] -> SOL-10365 | D29: 4966.375 | E29: 7470.177 | F29: =IF(AND(ISNUMBER(D29),ISNUMBER(E29)), D29-E29, "") -> -2503.802 | G29: =IFERROR(F29/E29, "") -> -0.33517305 | H29: 8568.624 | I29: =IF(AND(ISNUMBER(D29),ISNUMBER(H29)), D29-H29, "") -> -3602.249 | J29: =IFERROR(I29/H29, "") -> -0.42039994 | K29: 1
A30: K269 | B30: NY | C30: =Sites[[#This Row],[SOL'#]] -> SOL-10366 | D30: 4328.3125 | F30: =IF(AND(ISNUMBER(D30),ISNUMBER(E30)), D30-E30, "") | G30: =IFERROR(F30/E30, "") | H30: 7801.017 | I30: =IF(AND(ISNUMBER(D30),ISNUMBER(H30)), D30-H30, "") -> -3472.7045 | J30: =IFERROR(I30/H30, "") -> -0.44516048 | K30: 1
A31: K273 | B31: NY | C31: =Sites[[#This Row],[SOL'#]] -> SOL-10367 | D31: 5062.0312 | F31: =IF(AND(ISNUMBER(D31),ISNUMBER(E31)), D31-E31, "") | G31: =IFERROR(F31/E31, "") | H31: 9546 | I31: =IF(AND(ISNUMBER(D31),ISNUMBER(H31)), D31-H31, "") -> -4483.9688 | J31: =IFERROR(I31/H31, "") -> -0.46972227 | K31: 1
A32: K287 | B32: NY | C32: =Sites[[#This Row],[SOL'#]] -> SOL-10919 | D32: 3720.0499 | E32: 5460.035 | F32: =IF(AND(ISNUMBER(D32),ISNUMBER(E32)), D32-E32, "") -> -1739.9851 | G32: =IFERROR(F32/E32, "") -> -0.31867654 | H32: 7303 | I32: =IF(AND(ISNUMBER(D32),ISNUMBER(H32)), D32-H32, "") -> -3582.9501 | J32: =IFERROR(I32/H32, "") -> -0.49061346 | K32: 0.9988876
A33: K298 | B33: NY | C33: =Sites[[#This Row],[SOL'#]] -> SOL-10368 | D33: 3421.0781 | E33: 7008.588 | F33: =IF(AND(ISNUMBER(D33),ISNUMBER(E33)), D33-E33, "") -> -3587.5099 | G33: =IFERROR(F33/E33, "") -> -0.51187342 | H33: 6119 | I33: =IF(AND(ISNUMBER(D33),ISNUMBER(H33)), D33-H33, "") -> -2697.9219 | J33: =IFERROR(I33/H33, "") -> -0.44090895 | K33: 0.9979166 | L33: 1. Inverter 1 primary unit offline on 01/19/2024 & back online 01/25/2024 at 10:00. | M33: 1. SR080472
A34: K335 | B34: NY | C34: =Sites[[#This Row],[SOL'#]] -> SOL-10370 | D34: 4100.5625 | E34: 7358.259 | F34: =IF(AND(ISNUMBER(D34),ISNUMBER(E34)), D34-E34, "") -> -3257.6965 | G34: =IFERROR(F34/E34, "") -> -0.44272653 | H34: 8179 | I34: =IF(AND(ISNUMBER(D34),ISNUMBER(H34)), D34-H34, "") -> -4078.4375 | J34: =IFERROR(I34/H34, "") -> -0.49864745 | K34: 1
A35: K345 | B35: NY | C35: =Sites[[#This Row],[SOL'#]] -> SOL-10920 | D35: 4561.3008 | E35: 5473.367 | F35: =IF(AND(ISNUMBER(D35),ISNUMBER(E35)), D35-E35, "") -> -912.06622 | G35: =IFERROR(F35/E35, "") -> -0.16663714 | H35: 6910 | I35: =IF(AND(ISNUMBER(D35),ISNUMBER(H35)), D35-H35, "") -> -2348.6992 | J35: =IFERROR(I35/H35, "") -> -0.33989858 | K35: 0.8727238 | L35: 1. Site tripped offline on 01/11 at 8:15 and back online at 11:15, but inverter 2 again tripped offline 2. Inverter 2 tripped offline on 01/11 at 11:45 and back online on 01/12 | M35: 1. SR080156 2. SR080165
A36: K445 | B36: NY | C36: =Sites[[#This Row],[SOL'#]] -> SOL-10373 | D36: 4488.8066 | E36: 7748.832 | F36: =IF(AND(ISNUMBER(D36),ISNUMBER(E36)), D36-E36, "") -> -3260.0254 | G36: =IFERROR(F36/E36, "") -> -0.42071184 | H36: 6851 | I36: =IF(AND(ISNUMBER(D36),ISNUMBER(H36)), D36-H36, "") -> -2362.1934 | J36: =IFERROR(I36/H36, "") -> -0.34479541 | K36: 1
A37: K495 | B37: NY | C37: =Sites[[#This Row],[SOL'#]] -> SOL-10374 | D37: 20449.188 | E37: 18604.06 | F37: =IF(AND(ISNUMBER(D37),ISNUMBER(E37)), D37-E37, "") -> 1845.1275 | G37: =IFERROR(F37/E37, "") -> 0.099178755 | H37: 33557 | I37: =IF(AND(ISNUMBER(D37),ISNUMBER(H37)), D37-H37, "") -> -13107.812 | J37: =IFERROR(I37/H37, "") -> -0.39061336 | K37: 0.9256582 | L37: 1. Inverter 4 tripped offline at 10:50 at 01/17 & back online on 01/20/2024. 2. Inverter 8 left unit offline on 01/07/2024 & back online at 01/08/2024 and also left unit offline from 01/16 to 01/22 | M37: 1.SR080297 2.SR080299
A38: M020 | B38: NY | C38: =Sites[[#This Row],[SOL'#]] -> SOL-10380 | D38: 4382.6562 | E38: 7052.359 | F38: =IF(AND(ISNUMBER(D38),ISNUMBER(E38)), D38-E38, "") -> -2669.7028 | G38: =IFERROR(F38/E38, "") -> -0.37855457 | H38: 9125 | I38: =IF(AND(ISNUMBER(D38),ISNUMBER(H38)), D38-H38, "") -> -4742.3438 | J38: =IFERROR(I38/H38, "") -> -0.5197089 | K38: 0.8907274
A39: M092 | B39: NY | C39: =Sites[[#This Row],[SOL'#]] -> SOL-10383 | D39: 4470.75 | E39: 7217.819 | F39: =IF(AND(ISNUMBER(D39),ISNUMBER(E39)), D39-E39, "") -> -2747.069 | G39: =IFERROR(F39/E39, "") -> -0.38059544 | H39: 8219.643 | I39: =IF(AND(ISNUMBER(D39),ISNUMBER(H39)), D39-H39, "") -> -3748.893 | J39: =IFERROR(I39/H39, "") -> -0.45608952 | K39: 0.9989247
A40: M143 | B40: NY | C40: =Sites[[#This Row],[SOL'#]] -> SOL-10384 | D40: 4964.5 | E40: 7892.974 | F40: =IF(AND(ISNUMBER(D40),ISNUMBER(E40)), D40-E40, "") -> -2928.474 | G40: =IFERROR(F40/E40, "") -> -0.37102289 | H40: 8746.566 | I40: =IF(AND(ISNUMBER(D40),ISNUMBER(H40)), D40-H40, "") -> -3782.066 | J40: =IFERROR(I40/H40, "") -> -0.43240582 | K40: 1
A41: M144 | B41: NY | C41: =Sites[[#This Row],[SOL'#]] -> SOL-10385 | D41: 7482.3594 | E41: 0 | F41: =IF(AND(ISNUMBER(D41),ISNUMBER(E41)), D41-E41, "") -> 7482.3594 | G41: =IFERROR(F41/E41, "") | H41: 13644 | I41: =IF(AND(ISNUMBER(D41),ISNUMBER(H41)), D41-H41, "") -> -6161.6406 | J41: =IFERROR(I41/H41, "") -> -0.45160075 | K41: 0.9136912
A42: M167 | B42: NY | C42: =Sites[[#This Row],[SOL'#]] -> SOL-10386 | D42: 4433.8252 | E42: 5656.819 | F42: =IF(AND(ISNUMBER(D42),ISNUMBER(E42)), D42-E42, "") -> -1222.9938 | G42: =IFERROR(F42/E42, "") -> -0.21619815 | H42: 8147.03 | I42: =IF(AND(ISNUMBER(D42),ISNUMBER(H42)), D42-H42, "") -> -3713.2048 | J42: =IFERROR(I42/H42, "") -> -0.45577404 | K42: 1
A43: M188 | B43: NY | C43: =Sites[[#This Row],[SOL'#]] -> SOL-10387 | D43: 3879.9297 | E43: 0 | F43: =IF(AND(ISNUMBER(D43),ISNUMBER(E43)), D43-E43, "") -> 3879.9297 | G43: =IFERROR(F43/E43, "") | H43: 6981 | I43: =IF(AND(ISNUMBER(D43),ISNUMBER(H43)), D43-H43, "") -> -3101.0703 | J43: =IFERROR(I43/H43, "") -> -0.44421577 | K43: 0.8951014
A44: EMHC | B44: NY | C44: =Sites[[#This Row],[SOL'#]] -> SOL-10351 | D44: 910.98822 | E44: 1511.392 | F44: =IF(AND(ISNUMBER(D44),ISNUMBER(E44)), D44-E44, "") -> -600.40378 | G44: =IFERROR(F44/E44, "") -> -0.39725219 | H44: 2331.074 | I44: =IF(AND(ISNUMBER(D44),ISNUMBER(H44)), D44-H44, "") -> -1420.0858 | J44: =IFERROR(I44/H44, "") -> -0.60919807 | K44: 0.9946628
A45: Q008 | B45: NY | C45: =Sites[[#This Row],[SOL'#]] -> SOL-10397 | D45: 6839.0312 | E45: 9522.769 | F45: =IF(AND(ISNUMBER(D45),ISNUMBER(E45)), D45-E45, "") -> -2683.7378 | G45: =IFERROR(F45/E45, "") -> -0.28182325 | H45: 10992 | I45: =IF(AND(ISNUMBER(D45),ISNUMBER(H45)), D45-H45, "") -> -4152.9688 | J45: =IFERROR(I45/H45, "") -> -0.37781739 | K45: 0.9001651
A46: Q018 | B46: NY | C46: =Sites[[#This Row],[SOL'#]] -> SOL-10398 | D46: 4357.5 | E46: 5639.943 | F46: =IF(AND(ISNUMBER(D46),ISNUMBER(E46)), D46-E46, "") -> -1282.443 | G46: =IFERROR(F46/E46, "") -> -0.22738581 | H46: 6715.959 | I46: =IF(AND(ISNUMBER(D46),ISNUMBER(H46)), D46-H46, "") -> -2358.459 | J46: =IFERROR(I46/H46, "") -> -0.35117233 | K46: 1
A47: Q021 | B47: NY | C47: =Sites[[#This Row],[SOL'#]] -> SOL-10399 | D47: 3435.6875 | E47: 6008.808 | F47: =IF(AND(ISNUMBER(D47),ISNUMBER(E47)), D47-E47, "") -> -2573.1205 | G47: =IFERROR(F47/E47, "") -> -0.42822478 | H47: 5249.951 | I47: =IF(AND(ISNUMBER(D47),ISNUMBER(H47)), D47-H47, "") -> -1814.2635 | J47: =IFERROR(I47/H47, "") -> -0.34557723 | K47: 1
A48: Q025 | B48: NY | C48: =Sites[[#This Row],[SOL'#]] -> SOL-10400 | D48: 6042.5 | E48: 9148.84 | F48: =IF(AND(ISNUMBER(D48),ISNUMBER(E48)), D48-E48, "") -> -3106.34 | G48: =IFERROR(F48/E48, "") -> -0.33953376 | H48: 7767 | I48: =IF(AND(ISNUMBER(D48),ISNUMBER(H48)), D48-H48, "") -> -1724.5 | J48: =IFERROR(I48/H48, "") -> -0.2220291 | K48: 0.9988876
A49: Q074 | B49: NY | C49: =Sites[[#This Row],[SOL'#]] -> SOL-10402 | D49: 3737.7188 | E49: 5120.8 | F49: =IF(AND(ISNUMBER(D49),ISNUMBER(E49)), D49-E49, "") -> -1383.0813 | G49: =IFERROR(F49/E49, "") -> -0.27009085 | H49: 6065.492 | I49: =IF(AND(ISNUMBER(D49),ISNUMBER(H49)), D49-H49, "") -> -2327.7733 | J49: =IFERROR(I49/H49, "") -> -0.3837732 | K49: 0.9968783
... A52: Q157 | B52: NY | C52: =Sites[[#This Row],[SOL'#]] -> SOL-10404 | D52: 4902.4375 | E52: 8720.945 | F52: =IF(AND(ISNUMBER(D52),ISNUMBER(E52)), D52-E52, "") -> -3818.5075 | G52: =IFERROR(F52/E52, "") -> -0.43785479 | H52: 9246.6 | I52: =IF(AND(ISNUMBER(D52),ISNUMBER(H52)), D52-H52, "") -> -4344.1625 | J52: =IFERROR(I52/H52, "") -> -0.46981188 | K52: 0.9936524
A53: Q192 | B53: NY | C53: =Sites[[#This Row],[SOL'#]] -> SOL-10406 | D53: 8347.5 | E53: 13350 | F53: =IF(AND(ISNUMBER(D53),ISNUMBER(E53)), D53-E53, "") -> -5002.5 | G53: =IFERROR(F53/E53, "") -> -0.3747191 | H53: 13980.45 | I53: =IF(AND(ISNUMBER(D53),ISNUMBER(H53)), D53-H53, "") -> -5632.95 | J53: =IFERROR(I53/H53, "") -> -0.40291622 | K53: 1 | L53: 1. Inverter 3 primary unit is offline on 12/11/2024 & back online on 01/02/2024. | M53: 1. SR079120
A54: Q210 | B54: NY | C54: =Sites[[#This Row],[SOL'#]] -> SOL-10407 | D54: 6315.875 | E54: 9204.338 | F54: =IF(AND(ISNUMBER(D54),ISNUMBER(E54)), D54-E54, "") -> -2888.463 | G54: =IFERROR(F54/E54, "") -> -0.3138154 | H54: 11622 | I54: =IF(AND(ISNUMBER(D54),ISNUMBER(H54)), D54-H54, "") -> -5306.125 | J54: =IFERROR(I54/H54, "") -> -0.45655868 | K54: 1 | L54: 1. Inverter 3 left unit tripped offline on 01/10/2024. | M54: 1.SR080789
A55: Q229 | B55: NY | C55: =Sites[[#This Row],[SOL'#]] -> SOL-10408 | D55: 2660.5313 | E55: 3950.594 | F55: =IF(AND(ISNUMBER(D55),ISNUMBER(E55)), D55-E55, "") -> -1290.0627 | G55: =IFERROR(F55/E55, "") -> -0.32654906 | H55: 3705.68 | I55: =IF(AND(ISNUMBER(D55),ISNUMBER(H55)), D55-H55, "") -> -1045.1487 | J55: =IFERROR(I55/H55, "") -> -0.28203967 | K55: 0.9956989
A56: Q231 | B56: NY | C56: =Sites[[#This Row],[SOL'#]] -> SOL-10870 | D56: 11460.875 | E56: 21002.59 | F56: =IF(AND(ISNUMBER(D56),ISNUMBER(E56)), D56-E56, "") -> -9541.715 | G56: =IFERROR(F56/E56, "") -> -0.45431135 | H56: 16899 | I56: =IF(AND(ISNUMBER(D56),ISNUMBER(H56)), D56-H56, "") -> -5438.125 | J56: =IFERROR(I56/H56, "") -> -0.32180159 | K56: 1
A57: Q405 | B57: NY | C57: =Sites[[#This Row],[SOL'#]] -> SOL-10409 | D57: 12294.25 | E57: 18722.73 | F57: =IF(AND(ISNUMBER(D57),ISNUMBER(E57)), D57-E57, "") -> -6428.48 | G57: =IFERROR(F57/E57, "") -> -0.34335164 | H57: 20882.47 | I57: =IF(AND(ISNUMBER(D57),ISNUMBER(H57)), D57-H57, "") -> -8588.22 | J57: =IFERROR(I57/H57, "") -> -0.41126457 | K57: 1 | L57: 1. Inverters 3 & 4 are offline on 01/24/2024 & back online on 01/29/2024. | M57: 1.SR080430
A58: Q435 | B58: NY | C58: =Sites[[#This Row],[SOL'#]] -> SOL-10923 | F58: =IF(AND(ISNUMBER(D58),ISNUMBER(E58)), D58-E58, "") | G58: =IFERROR(F58/E58, "") | H58: 25692 | I58: =IF(AND(ISNUMBER(D58),ISNUMBER(H58)), D58-H58, "") | J58: =IFERROR(I58/H58, "") | K58: 0 | L58: 1. Site is offline due to transformer issue | M58: 1. SR077239
A59: Q485 | B59: NY | C59: =Sites[[#This Row],[SOL'#]] -> SOL-10869 | D59: 12481.439 | E59: 12754.8 | F59: =IF(AND(ISNUMBER(D59),ISNUMBER(E59)), D59-E59, "") -> -273.36055 | G59: =IFERROR(F59/E59, "") -> -0.021431974 | H59: 23947.88 | I59: =IF(AND(ISNUMBER(D59),ISNUMBER(H59)), D59-H59, "") -> -11466.441 | J59: =IFERROR(I59/H59, "") -> -0.47880817 | K59: 1 | L59: 1. Inverter 3 right unit offline from 01/25 to 01/31. 2. Inverter 1 left unit offline from 01/25 to 01/31. | M59: 1. SR080476. 2. SR080477
A60: Q490 | B60: NY | C60: =Sites[[#This Row],[SOL'#]] -> SOL-10411 | D60: 10238.144 | F60: =IF(AND(ISNUMBER(D60),ISNUMBER(E60)), D60-E60, "") | G60: =IFERROR(F60/E60, "") | H60: 16931.4 | I60: =IF(AND(ISNUMBER(D60),ISNUMBER(H60)), D60-H60, "") -> -6693.256 | J60: =IFERROR(I60/H60, "") -> -0.39531616 | K60: 1 | L60: 1.Inverter 10 is offline on 01/23/2024 & back onlline on 01/24/2024 at 10:00. | M60: 1.SR080431
A61: Q620 | B61: NY | C61: =Sites[[#This Row],[SOL'#]] -> SOL-10867 | D61: 15903 | E61: 23742.06 | F61: =IF(AND(ISNUMBER(D61),ISNUMBER(E61)), D61-E61, "") -> -7839.06 | G61: =IFERROR(F61/E61, "") -> -0.33017607 | H61: 27418.85 | I61: =IF(AND(ISNUMBER(D61),ISNUMBER(H61)), D61-H61, "") -> -11515.85 | J61: =IFERROR(I61/H61, "") -> -0.41999756 | K61: 1
A62: QMOA | B62: NY | C62: =Sites[[#This Row],[SOL'#]] -> SOL-10415 | D62: 1546.1 | E62: 0 | F62: =IF(AND(ISNUMBER(D62),ISNUMBER(E62)), D62-E62, "") -> 1546.1 | G62: =IFERROR(F62/E62, "") | H62: 2946.827 | I62: =IF(AND(ISNUMBER(D62),ISNUMBER(H62)), D62-H62, "") -> -1400.727 | J62: =IFERROR(I62/H62, "") -> -0.47533398 | K62: 0.9679032
A63: X024 | B63: NY | C63: =Sites[[#This Row],[SOL'#]] -> SOL-10419 | D63: 5421.5053 | E63: 10176.28 | F63: =IF(AND(ISNUMBER(D63),ISNUMBER(E63)), D63-E63, "") -> -4754.7747 | G63: =IFERROR(F63/E63, "") -> -0.46724095 | H63: 8671 | I63: =IF(AND(ISNUMBER(D63),ISNUMBER(H63)), D63-H63, "") -> -3249.4947 | J63: =IFERROR(I63/H63, "") -> -0.37475432 | K63: 0.9219715
A64: X026 | B64: NY | C64: =Sites[[#This Row],[SOL'#]] -> SOL-10420 | D64: 4766.9 | E64: 7713.94 | F64: =IF(AND(ISNUMBER(D64),ISNUMBER(E64)), D64-E64, "") -> -2947.04 | G64: =IFERROR(F64/E64, "") -> -0.38204082 | H64: 14664.49 | I64: =IF(AND(ISNUMBER(D64),ISNUMBER(H64)), D64-H64, "") -> -9897.59 | J64: =IFERROR(I64/H64, "") -> -0.67493585
A65: X090 | B65: NY | C65: =Sites[[#This Row],[SOL'#]] -> SOL-10925 | D65: 4671.9453 | E65: 4641.697 | F65: =IF(AND(ISNUMBER(D65),ISNUMBER(E65)), D65-E65, "") -> 30.248313 | G65: =IFERROR(F65/E65, "") -> 0.0065166495 | H65: 9177 | I65: =IF(AND(ISNUMBER(D65),ISNUMBER(H65)), D65-H65, "") -> -4505.0547 | J65: =IFERROR(I65/H65, "") -> -0.49090713
A66: X117 | B66: NY | C66: =Sites[[#This Row],[SOL'#]] -> SOL-10422 | D66: 3429.2 | E66: 6689.229 | F66: =IF(AND(ISNUMBER(D66),ISNUMBER(E66)), D66-E66, "") -> -3260.029 | G66: =IFERROR(F66/E66, "") -> -0.48735497 | H66: 16899.22 | I66: =IF(AND(ISNUMBER(D66),ISNUMBER(H66)), D66-H66, "") -> -13470.02 | J66: =IFERROR(I66/H66, "") -> -0.79707939
A67: X125 | B67: NY | C67: =Sites[[#This Row],[SOL'#]] -> SOL-10423 | D67: 7318.9688 | E67: 11623.7 | F67: =IF(AND(ISNUMBER(D67),ISNUMBER(E67)), D67-E67, "") -> -4304.7313 | G67: =IFERROR(F67/E67, "") -> -0.37034088 | H67: 10537.29 | I67: =IF(AND(ISNUMBER(D67),ISNUMBER(H67)), D67-H67, "") -> -3218.3213 | J67: =IFERROR(I67/H67, "") -> -0.3054221
A68: X134 | B68: NY | C68: =Sites[[#This Row],[SOL'#]] -> SOL-10424 | D68: 6696.25 | E68: 0 | F68: =IF(AND(ISNUMBER(D68),ISNUMBER(E68)), D68-E68, "") -> 6696.25 | G68: =IFERROR(F68/E68, "") | H68: 0 | I68: =IF(AND(ISNUMBER(D68),ISNUMBER(H68)), D68-H68, "") -> 6696.25 | J68: =IFERROR(I68/H68, "")
A69: X135 | B69: NY | C69: =Sites[[#This Row],[SOL'#]] -> SOL-10425 | D69: 5327.8438 | E69: 0 | F69: =IF(AND(ISNUMBER(D69),ISNUMBER(E69)), D69-E69, "") -> 5327.8438 | G69: =IFERROR(F69/E69, "") | H69: 0 | I69: =IF(AND(ISNUMBER(D69),ISNUMBER(H69)), D69-H69, "") -> 5327.8438 | J69: =IFERROR(I69/H69, "")
A70: X139 JHS 222 | B70: NY | C70: =Sites[[#This Row],[SOL'#]] -> SOL-10426 | D70: 8332.7037 | E70: 11815.57 | F70: =IF(AND(ISNUMBER(D70),ISNUMBER(E70)), D70-E70, "") -> -3482.8663 | G70: =IFERROR(F70/E70, "") -> -0.29476922 | H70: 12346 | I70: =IF(AND(ISNUMBER(D70),ISNUMBER(H70)), D70-H70, "") -> -4013.2963 | J70: =IFERROR(I70/H70, "") -> -0.32506855 | K70: 1
A71: X140 | B71: NY | C71: =Sites[[#This Row],[SOL'#]] -> SOL-10926 | D71: 3985.2209 | E71: 5392.449 | F71: =IF(AND(ISNUMBER(D71),ISNUMBER(E71)), D71-E71, "") -> -1407.2281 | G71: =IFERROR(F71/E71, "") -> -0.2609627 | H71: 8279.678 | I71: =IF(AND(ISNUMBER(D71),ISNUMBER(H71)), D71-H71, "") -> -4294.4571 | J71: =IFERROR(I71/H71, "") -> -0.5186744 | K71: 0
A72: X166 | B72: NY | C72: =Sites[[#This Row],[SOL'#]] -> SOL-10427 | D72: 5046.4 | E72: 7824.426 | F72: =IF(AND(ISNUMBER(D72),ISNUMBER(E72)), D72-E72, "") -> -2778.026 | G72: =IFERROR(F72/E72, "") -> -0.35504534 | H72: 0 | I72: =IF(AND(ISNUMBER(D72),ISNUMBER(H72)), D72-H72, "") -> 5046.4 | J72: =IFERROR(I72/H72, "")
A73: Murphy | B73: MN | C73: =Sites[[#This Row],[SOL'#]] -> SOL-10094 | D73: 286090 | E73: 414785.1 | F73: =IF(AND(ISNUMBER(D73),ISNUMBER(E73)), D73-E73, "") -> -128695.1 | G73: =IFERROR(F73/E73, "") -> -0.31026934 | H73: 517448 | I73: =IF(AND(ISNUMBER(D73),ISNUMBER(H73)), D73-H73, "") -> -231358 | J73: =IFERROR(I73/H73, "") -> -0.44711353 | K73: 0.9538146 | L73: 1.Inverter 3 was offline on 01/04 and back online on 01/05 2. Inverter 3 was offline on 01/09 and back online on 01/11. 3. Inverter 3 is offline on 01/14 and started on 01/15 at 10:30 | M73: 1.SR079935 2.SR080108 3.SR080204
A74: Terning | B74: MN | C74: =Sites[[#This Row],[SOL'#]] -> SOL-10093 | D74: 283485 | E74: 410301.4 | F74: =IF(AND(ISNUMBER(D74),ISNUMBER(E74)), D74-E74, "") -> -126816.4 | G74: =IFERROR(F74/E74, "") -> -0.30908108 | H74: 468856.2 | I74: =IF(AND(ISNUMBER(D74),ISNUMBER(H74)), D74-H74, "") -> -185371.2 | J74: =IFERROR(I74/H74, "") -> -0.39536899 | K74: 0.9991398
A75: Boas Road 04 | B75: NY | C75: =Sites[[#This Row],[SOL'#]] -> SOL-10908 | D75: 65712 | E75: 0 | F75: =IF(AND(ISNUMBER(D75),ISNUMBER(E75)), D75-E75, "") -> 65712 | G75: =IFERROR(F75/E75, "") | H75: 155843.77 | I75: =IF(AND(ISNUMBER(D75),ISNUMBER(H75)), D75-H75, "") -> -90131.77 | J75: =IFERROR(I75/H75, "") -> -0.57834696 | K75: 0.9291
A76: Kelly Bridge Farm | B76: NY | C76: =Sites[[#This Row],[SOL'#]] -> SOL-10911 | D76: 84933 | E76: 0 | F76: =IF(AND(ISNUMBER(D76),ISNUMBER(E76)), D76-E76, "") -> 84933 | G76: =IFERROR(F76/E76, "") | H76: 145062.13 | I76: =IF(AND(ISNUMBER(D76),ISNUMBER(H76)), D76-H76, "") -> -60129.13 | J76: =IFERROR(I76/H76, "") -> -0.41450605 | K76: 0.9842 | L76: 1.Site is offline from 2:20pm and back online at 4:00pm on 01/14 2.Inverter 15 tripped offline on 01/15 at 13:15 and back online 01/17 | M76: 1. SR080213 2. SR080245
A77: Pool Brook Road | B77: NY | C77: =Sites[[#This Row],[SOL'#]] -> SOL-10909 | D77: 55579 | E77: 0 | F77: =IF(AND(ISNUMBER(D77),ISNUMBER(E77)), D77-E77, "") -> 55579 | G77: =IFERROR(F77/E77, "") | H77: 144547.3 | I77: =IF(AND(ISNUMBER(D77),ISNUMBER(H77)), D77-H77, "") -> -88968.3 | J77: =IFERROR(I77/H77, "") -> -0.6154961 | K77: 0.9865
A78: Sackett Lake | B78: NY | C78: =Sites[[#This Row],[SOL'#]] -> SOL-10910 | D78: 88409 | E78: 0 | F78: =IF(AND(ISNUMBER(D78),ISNUMBER(E78)), D78-E78, "") -> 88409 | G78: =IFERROR(F78/E78, "") | H78: 169154.27 | I78: =IF(AND(ISNUMBER(D78),ISNUMBER(H78)), D78-H78, "") -> -80745.27 | J78: =IFERROR(I78/H78, "") -> -0.47734692 | K78: 0.9074 | L78: 1. Inverter 1 is offline on 01/18 at 9:45 AM and had multiple tripping on 01/19 2. inverter 1 is tripped offline on 01/30 and back online from afternoon. | M78: 1. SR080313 2. SR080606
A79: Burritt Road | B79: NY | C79: =Sites[[#This Row],[SOL'#]] -> SOL-10913 | D79: 72810 | E79: 97923.36 | F79: =IF(AND(ISNUMBER(D79),ISNUMBER(E79)), D79-E79, "") -> -25113.36 | G79: =IFERROR(F79/E79, "") -> -0.25645934 | H79: 112535.15 | I79: =IF(AND(ISNUMBER(D79),ISNUMBER(H79)), D79-H79, "") -> -39725.15 | J79: =IFERROR(I79/H79, "") -> -0.35300215 | K79: 0.9979
A80: Villa Roma 1 | B80: NY | C80: =Sites[[#This Row],[SOL'#]] -> SOL-10914 | D80: 8879 | E80: 74159.11 | F80: =IF(AND(ISNUMBER(D80),ISNUMBER(E80)), D80-E80, "") -> -65280.11 | G80: =IFERROR(F80/E80, "") -> -0.88027095 | H80: 118883.5 | I80: =IF(AND(ISNUMBER(D80),ISNUMBER(H80)), D80-H80, "") -> -110004.5 | J80: =IFERROR(I80/H80, "") -> -0.92531344 | L80: 1. Site was de-energized for meter work on 01/03 at 09:50 till 12:15 and again on 01/23 at 10:15 to 12:45. | M80: 1. SR079733
A81: Villa Roma 2 | B81: NY | C81: =Sites[[#This Row],[SOL'#]] -> SOL-10915 | D81: 67057 | E81: 110773.82 | F81: =IF(AND(ISNUMBER(D81),ISNUMBER(E81)), D81-E81, "") -> -43716.82 | G81: =IFERROR(F81/E81, "") -> -0.39464939 | H81: 115878.35 | I81: =IF(AND(ISNUMBER(D81),ISNUMBER(H81)), D81-H81, "") -> -48821.35 | J81: =IFERROR(I81/H81, "") -> -0.42131554 | L81: 1. Meter removed for repair work, here the presented energy was inverter cummulative energy. 2. Inverter 1 tripped offline on 01/19 and self resolved next day | M81: 1.SR079721 2. SR080323
A82: Washington 1 | B82: NY | C82: =Sites[[#This Row],[SOL'#]] -> SOL-10912 | D82: 55740 | E82: 109395.46 | F82: =IF(AND(ISNUMBER(D82),ISNUMBER(E82)), D82-E82, "") -> -53655.46 | G82: =IFERROR(F82/E82, "") -> -0.49047246 | H82: 107420.17 | I82: =IF(AND(ISNUMBER(D82),ISNUMBER(H82)), D82-H82, "") -> -51680.17 | J82: =IFERROR(I82/H82, "") -> -0.48110304 | L82: 1. Inverter 2 is offline from 12/28/2023 to 01/09 till 10:20 AM. | M82: 1.SR079785
A83: Washington 3 | B83: NY | C83: =Sites[[#This Row],[SOL'#]] -> SOL-10828 | D83: 48791 | E83: 117227.81 | F83: =IF(AND(ISNUMBER(D83),ISNUMBER(E83)), D83-E83, "") -> -68436.81 | G83: =IFERROR(F83/E83, "") -> -0.5837933 | H83: 130931.08 | I83: =IF(AND(ISNUMBER(D83),ISNUMBER(H83)), D83-H83, "") -> -82140.08 | J83: =IFERROR(I83/H83, "") -> -0.62735357 | L83: 1.Inverter 2 is started late on 01/01 at 13:45 2.Inverter 1 started late at 12:50, but inverter 2 is offline on 01/15 and back online on 01/18. 3.Inverter 1 tripped offline on 01/17 and back online at 14:05 and on 01/18 4. Inverter 1 tripped offline on 11:55 on 01/21 and back online on 01/22 at 11:45. | M83: 1.SR079852 2.SR080228 3.SR080288 4.SR080372
A84: Washington 4 | B84: NY | C84: =Sites[[#This Row],[SOL'#]] -> SOL-10829 | D84: 81604 | E84: 0 | F84: =IF(AND(ISNUMBER(D84),ISNUMBER(E84)), D84-E84, "") -> 81604 | G84: =IFERROR(F84/E84, "") | H84: 131400.47 | I84: =IF(AND(ISNUMBER(D84),ISNUMBER(H84)), D84-H84, "") -> -49796.47 | J84: =IFERROR(I84/H84, "") -> -0.37896721 | L84: 1.Inverter 2 tripped offline at 12:10 on 01/22 and back online 01/23 | M84: 1.SR080393
A85: Big Tree | B85: NY | C85: =Sites[[#This Row],[SOL'#]] -> SOL-10966 | D85: 32655 | E85: 0 | F85: =IF(AND(ISNUMBER(D85),ISNUMBER(E85)), D85-E85, "") -> 32655 | G85: =IFERROR(F85/E85, "") | H85: 107924 | I85: =IF(AND(ISNUMBER(D85),ISNUMBER(H85)), D85-H85, "") -> -75269 | J85: =IFERROR(I85/H85, "") -> -0.69742597
A86: Canoga | B86: NY | C86: =Sites[[#This Row],[SOL'#]] -> SOL-10965 | D86: 219933 | E86: 0 | F86: =IF(AND(ISNUMBER(D86),ISNUMBER(E86)), D86-E86, "") -> 219933 | G86: =IFERROR(F86/E86, "") | H86: 383890.22 | I86: =IF(AND(ISNUMBER(D86),ISNUMBER(H86)), D86-H86, "") -> -163957.22 | J86: =IFERROR(I86/H86, "") -> -0.42709403 | K86: 0.9893 | L86: 1. Inverter 3 is tripped offline at 13:30 and 15:10 on 01/17 2.Inverter 4 has tripped offline at 14:00 to 15:40 on 01/18 3.Inverter 3 tripped offline at 13:15 on 01/21 and back online the next day. | M86: 1.SR080300 2.SR080324 3.SR080374
A87: County Route 84 | B87: NY | C87: =Sites[[#This Row],[SOL'#]] -> SOL-10967 | D87: 240973 | E87: 0 | F87: =IF(AND(ISNUMBER(D87),ISNUMBER(E87)), D87-E87, "") -> 240973 | G87: =IFERROR(F87/E87, "") | H87: 474659.05 | I87: =IF(AND(ISNUMBER(D87),ISNUMBER(H87)), D87-H87, "") -> -233686.05 | J87: =IFERROR(I87/H87, "") -> -0.49232402 | K87: 0.9603 | L87: 1.Inverter 1 tripped offline at 10:25 and back online at 15:35 on 01/13 and started late production at 12:45 on 01/17 and at 12:30 on 01/18 and back online on 01/19 at 15:40. 2. Inverter 2 tripped offline at 11:50 on 01/18 and back online on 01/19 at 15:40. 3. Inverter 1 is started late 12:40 on 01/24 and tripped offline at 09:35 to 14:40 on 01/30 and started late production on 01/31. | M87: 1.SR080192 2.SR080319 3.SR080447
A88: Donati | B88: NY | C88: =Sites[[#This Row],[SOL'#]] -> SOL-10968 | D88: 82618 | E88: 0 | F88: =IF(AND(ISNUMBER(D88),ISNUMBER(E88)), D88-E88, "") -> 82618 | G88: =IFERROR(F88/E88, "") | H88: 157357.19 | I88: =IF(AND(ISNUMBER(D88),ISNUMBER(H88)), D88-H88, "") -> -74739.19 | J88: =IFERROR(I88/H88, "") -> -0.4749652 | K88: 1 | L88: 1.Site tripped offline at 8:35am and back online at 16:55 on 01/17. | M88: 1. SR080280
A89: Henrietta | B89: NY | C89: =Sites[[#This Row],[SOL'#]] -> SOL-10972 | D89: 149508 | E89: 0 | F89: =IF(AND(ISNUMBER(D89),ISNUMBER(E89)), D89-E89, "") -> 149508 | G89: =IFERROR(F89/E89, "") | H89: 231860 | I89: =IF(AND(ISNUMBER(D89),ISNUMBER(H89)), D89-H89, "") -> -82352 | J89: =IFERROR(I89/H89, "") -> -0.35517985 | K89: 1 | L89: 1.Inverter 4 started late production on 01/01 at 14:05. | M89: 1.SR079788
A90: NY 70 | B90: NY | C90: =Sites[[#This Row],[SOL'#]] -> SOL-10970 | D90: 202299 | E90: 0 | F90: =IF(AND(ISNUMBER(D90),ISNUMBER(E90)), D90-E90, "") -> 202299 | G90: =IFERROR(F90/E90, "") | H90: 360230 | I90: =IF(AND(ISNUMBER(D90),ISNUMBER(H90)), D90-H90, "") -> -157931 | J90: =IFERROR(I90/H90, "") -> -0.43841712 | K90: 0.9982 | L90: 1. Site tripped offline on 01/03/2024 at 7:35 & back online on 01/04/2024 at 16:25. 2. Site tripped offline at 01/09/2024 at 18:20 & back online on 01/10/2024 at 23:40. | M90: 1. SR079887 2. SR080113
A91: Reid | B91: NY | C91: =Sites[[#This Row],[SOL'#]] -> SOL-10991 | D91: 161556.07 | E91: 184058 | F91: =IF(AND(ISNUMBER(D91),ISNUMBER(E91)), D91-E91, "") -> -22501.929 | G91: =IFERROR(F91/E91, "") -> -0.12225456 | H91: 265223 | I91: =IF(AND(ISNUMBER(D91),ISNUMBER(H91)), D91-H91, "") -> -103666.93 | J91: =IFERROR(I91/H91, "") -> -0.39086704 | K91: 1
A92: Sangolqui | B92: NY | C92: =Sites[[#This Row],[SOL'#]] -> SOL-10975 | D92: 76404 | E92: 0 | F92: =IF(AND(ISNUMBER(D92),ISNUMBER(E92)), D92-E92, "") -> 76404 | G92: =IFERROR(F92/E92, "") | H92: 152738.63 | I92: =IF(AND(ISNUMBER(D92),ISNUMBER(H92)), D92-H92, "") -> -76334.63 | J92: =IFERROR(I92/H92, "") -> -0.49977291 | K92: 0.9818 | L92: 1. Site tripped at 08:35 am on 01/17/2024 & back online 01/18/2024 at 8:00. | M92: 1. SR080284
A93: State Highway 17B | B93: NY | C93: =Sites[[#This Row],[SOL'#]] -> SOL-10988 | D93: 175181 | E93: 0 | F93: =IF(AND(ISNUMBER(D93),ISNUMBER(E93)), D93-E93, "") -> 175181 | G93: =IFERROR(F93/E93, "") | H93: 323774 | I93: =IF(AND(ISNUMBER(D93),ISNUMBER(H93)), D93-H93, "") -> -148593 | J93: =IFERROR(I93/H93, "") -> -0.4589405 | L93: 1. Site tripped offline on 01/13 at 11:00 & back online at 14:20. 2. Inverter 2 tripped offine on 01/14/2023 at 11:50 & back online at 02/04/2024. | M93: 1. SR080181 2. SR080203
A94: State Route 14A | B94: NY | C94: =Sites[[#This Row],[SOL'#]] -> SOL-10997 | D94: 251217 | E94: 0 | F94: =IF(AND(ISNUMBER(D94),ISNUMBER(E94)), D94-E94, "") -> 251217 | G94: =IFERROR(F94/E94, "") | H94: 347615 | I94: =IF(AND(ISNUMBER(D94),ISNUMBER(H94)), D94-H94, "") -> -96398 | J94: =IFERROR(I94/H94, "") -> -0.27731254 | L94: 1. Site tripped offline on 01/9 at 20:50 and back onlineon 01/10 10:25 | M94: 1. SR080114
A95: West Creek | B95: NY | C95: =Sites[[#This Row],[SOL'#]] -> SOL-10995 | D95: 204956 | E95: 0 | F95: =IF(AND(ISNUMBER(D95),ISNUMBER(E95)), D95-E95, "") -> 204956 | G95: =IFERROR(F95/E95, "") | H95: 298444 | I95: =IF(AND(ISNUMBER(D95),ISNUMBER(H95)), D95-H95, "") -> -93488 | J95: =IFERROR(I95/H95, "") -> -0.3132514 | L95: 1. Site tripped offline on 01/20/2024 & back online at 01/23/2024 at 12:40 | M95: 1. SR080356
A96: Wildflower | B96: NY | C96: =Sites[[#This Row],[SOL'#]] -> SOL-10982 | D96: 222902 | E96: 0 | F96: =IF(AND(ISNUMBER(D96),ISNUMBER(E96)), D96-E96, "") -> 222902 | G96: =IFERROR(F96/E96, "") | H96: 406945 | I96: =IF(AND(ISNUMBER(D96),ISNUMBER(H96)), D96-H96, "") -> -184043 | J96: =IFERROR(I96/H96, "") -> -0.45225522 | L96: 1. Inverter 3 tripped offline on 01/09/2023 at 11:00 & back online at 01/11/2024 at 11:00 & again offline on 01/12/2023 & back online 13:00. | M96: 1. SR080091.
A97: Glen Mary 1 | B97: NY | C97: =Sites[[#This Row],[SOL'#]] -> SOL-10993 | D97: 221993 | E97: 0 | F97: =IF(AND(ISNUMBER(D97),ISNUMBER(E97)), D97-E97, "") -> 221993 | G97: =IFERROR(F97/E97, "") | H97: 0 | I97: =IF(AND(ISNUMBER(D97),ISNUMBER(H97)), D97-H97, "") -> 221993 | J97: =IFERROR(I97/H97, "") | K97: 0.9994
A98: Glen Mary 2 | B98: NY | C98: =Sites[[#This Row],[SOL'#]] -> SOL-10994 | D98: 98372 | E98: 0 | F98: =IF(AND(ISNUMBER(D98),ISNUMBER(E98)), D98-E98, "") -> 98372 | G98: =IFERROR(F98/E98, "") | H98: 172436.09 | I98: =IF(AND(ISNUMBER(D98),ISNUMBER(H98)), D98-H98, "") -> -74064.09 | J98: =IFERROR(I98/H98, "") -> -0.42951618 | K98: 1
A99: Telegraph 1 | B99: NY | C99: =Sites[[#This Row],[SOL'#]] -> SOL-11003 | D99: 148343 | E99: 0 | F99: =IF(AND(ISNUMBER(D99),ISNUMBER(E99)), D99-E99, "") -> 148343 | G99: =IFERROR(F99/E99, "") | H99: 287459.52 | I99: =IF(AND(ISNUMBER(D99),ISNUMBER(H99)), D99-H99, "") -> -139116.52 | J99: =IFERROR(I99/H99, "") -> -0.48395169 | K99: 1 | L99: 1. Site tripped offline on 01/04/2023 at 14:45 & back online at EOD 2. Site tripped offline on 01/03 and back online at 10:40 AM | M99: 1. SR079959 2. SR079882
A100: Telegraph 2 | B100: NY | C100: =Sites[[#This Row],[SOL'#]] -> SOL-11004 | D100: 80574 | E100: 0 | F100: =IF(AND(ISNUMBER(D100),ISNUMBER(E100)), D100-E100, "") -> 80574 | G100: =IFERROR(F100/E100, "") | H100: 147363.93 | I100: =IF(AND(ISNUMBER(D100),ISNUMBER(H100)), D100-H100, "") -> -66789.93 | J100: =IFERROR(I100/H100, "") -> -0.45323119 | K100: 1 | L100: 1. Site tripped offline on 01/04/2023 at 14:45 & back online at EOD 2. Site tripped offline on 01/03 and back online at 10:40 AM | M100: 1. SR079960 2. SR079883
A101: Cafferty Hill | B101: NY | C101: =Sites[[#This Row],[SOL'#]] -> SOL-10996 | D101: 205816 | E101: 0 | F101: =IF(AND(ISNUMBER(D101),ISNUMBER(E101)), D101-E101, "") -> 205816 | G101: =IFERROR(F101/E101, "") | H101: 375018.52 | I101: =IF(AND(ISNUMBER(D101),ISNUMBER(H101)), D101-H101, "") -> -169202.52 | J101: =IFERROR(I101/H101, "") -> -0.45118444 | K101: 1
A102: Dunkleman | B102: NY | C102: =Sites[[#This Row],[SOL'#]] -> SOL-11008 | D102: 92488 | E102: 0 | F102: =IF(AND(ISNUMBER(D102),ISNUMBER(E102)), D102-E102, "") -> 92488 | G102: =IFERROR(F102/E102, "") | H102: 371573.6 | I102: =IF(AND(ISNUMBER(D102),ISNUMBER(H102)), D102-H102, "") -> -279085.6 | J102: =IFERROR(I102/H102, "") -> -0.75109104 | K102: 0.742 | L102: 1. Site offline due to transformer tripping issue from 01/29 2. Site tripped offline on 01/09 at 15:00 and back online 01/12 at 16:00. 3. Inverter 1 tripped offline due to ground fault multiples in this month. | M102: 1. SR080591 2. SR080107 3. SR080268
...

Sheet Feb
A1: {=portfolio} -> Generate Capital | E1: February Actual v. Expected | H1: February Actual v. Forecasted | K1: Febuary Availability
A2: Total | D2: =SUM(D4:D137) -> 16656261 | E2: =SUM(E4:E137) -> 6655131.5 | F2: =D2-E2 -> 10001129 | G2: =IFERROR(F2/E2, 0) -> 1.5027696 | H2: =SUM(H4:H137) -> 14015193 | I2: =D2-H2 -> 2641067.6 | J2: =IFERROR(I2/H2, 0) -> 0.18844318 | L2: =IF(AND(TODAY()>DATE(2024, 2, 1), COUNTA(Sites[Site])<>(COUNT(D:D)-1)), "Some sites are missing actual data; if new sites were added, make sure they are aligned correctly (including prior months!)", "") -> Some sites are missing actual data; if new sites were added, make sure they are aligned correctly (including prior months!)
A3: Site | B3: State | C3: SOL# | D3: Actual | E3: Expected | F3: Delta | G3: % | H3: Forecasted | I3: Delta | J3: % | K3: Site Availability | L3: Notes | M3: Service Requests
A4: {=Sites[Site]} -> Farmer | B4: {=Sites[State]} -> AZ | C4: =Sites[[#This Row],[SOL'#]] -> SOL-10748 | D4: 10378.013 | F4: =IF(AND(ISNUMBER(D4),ISNUMBER(E4)), D4-E4, "") | G4: =IFERROR(F4/E4, "") | H4: 9682.674 | I4: =IF(AND(ISNUMBER(D4),ISNUMBER(H4)), D4-H4, "") -> 695.33897 | J4: =IFERROR(I4/H4, "") -> 0.071812701 | K4: 1
A5: Fulton | B5: AZ | C5: =Sites[[#This Row],[SOL'#]] -> SOL-10749 | D5: 30613.5 | F5: =IF(AND(ISNUMBER(D5),ISNUMBER(E5)), D5-E5, "") | G5: =IFERROR(F5/E5, "") | H5: 37732.37 | I5: =IF(AND(ISNUMBER(D5),ISNUMBER(H5)), D5-H5, "") -> -7118.87 | J5: =IFERROR(I5/H5, "") -> -0.18866745 | K5: 1 | L5: 1. Inverter was offline on 02/12 and back online on 02/13 2. The inverter was offline on 02/23 and came back online on 02/26. | M5: 1. SR080937 2. SR081271
A6: JFK Elementary | B6: AZ | C6: =Sites[[#This Row],[SOL'#]] -> SOL-10758 | D6: 16543.202 | E6: 0 | F6: =IF(AND(ISNUMBER(D6),ISNUMBER(E6)), D6-E6, "") -> 16543.202 | G6: =IFERROR(F6/E6, "") | H6: 15108 | I6: =IF(AND(ISNUMBER(D6),ISNUMBER(H6)), D6-H6, "") -> 1435.2017 | J6: =IFERROR(I6/H6, "") -> 0.094996139 | K6: 1
A7: Noble | B7: AZ | C7: =Sites[[#This Row],[SOL'#]] -> SOL-10750 | D7: 9896.6206 | F7: =IF(AND(ISNUMBER(D7),ISNUMBER(E7)), D7-E7, "") | G7: =IFERROR(F7/E7, "") | H7: 9896.2 | I7: =IF(AND(ISNUMBER(D7),ISNUMBER(H7)), D7-H7, "") -> 0.42063367 | J7: =IFERROR(I7/H7, "") -> 4.2504564e-05 | K7: 1
A8: Parking 3 | B8: AZ | C8: =Sites[[#This Row],[SOL'#]] -> SOL-10751 | D8: 24635.157 | F8: =IF(AND(ISNUMBER(D8),ISNUMBER(E8)), D8-E8, "") | G8: =IFERROR(F8/E8, "") | H8: 23896.19 | I8: =IF(AND(ISNUMBER(D8),ISNUMBER(H8)), D8-H8, "") -> 738.96692 | J8: =IFERROR(I8/H8, "") -> 0.030924048 | K8: 1 | L8: 1. The inverter 1.1 is offline on 02/08 and back online on 02/09. | M8: 1. SR080873
A9: PE East | B9: AZ | C9: =Sites[[#This Row],[SOL'#]] -> SOL-10752 | D9: 23621.373 | F9: =IF(AND(ISNUMBER(D9),ISNUMBER(E9)), D9-E9, "") | G9: =IFERROR(F9/E9, "") | H9: 23259.97 | I9: =IF(AND(ISNUMBER(D9),ISNUMBER(H9)), D9-H9, "") -> 361.40332 | J9: =IFERROR(I9/H9, "") -> 0.015537566 | K9: 1
A10: Schwada | B10: AZ | C10: =Sites[[#This Row],[SOL'#]] -> SOL-10753 | D10: 10153.234 | F10: =IF(AND(ISNUMBER(D10),ISNUMBER(E10)), D10-E10, "") | G10: =IFERROR(F10/E10, "") | H10: 10204 | I10: =IF(AND(ISNUMBER(D10),ISNUMBER(H10)), D10-H10, "") -> -50.766158 | J10: =IFERROR(I10/H10, "") -> -0.0049751233 | K10: 1
A11: Starshine | B11: AZ | C11: =Sites[[#This Row],[SOL'#]] -> SOL-10757 | D11: 3146.5938 | E11: 0 | F11: =IF(AND(ISNUMBER(D11),ISNUMBER(E11)), D11-E11, "") -> 3146.5938 | G11: =IFERROR(F11/E11, "") | H11: 6328 | I11: =IF(AND(ISNUMBER(D11),ISNUMBER(H11)), D11-H11, "") -> -3181.4062 | J11: =IFERROR(I11/H11, "") -> -0.50275067 | K11: 1 | L11: 1. Site is offline on 02/07, 02/10, 02/14, 02/17, 02/21, 02/23 to 02/25 | M11: 1. SR081005
A12: Yuma Airport | B12: AZ | C12: =Sites[[#This Row],[SOL'#]] -> SOL-10754 | D12: 64193 | E12: 78368.52 | F12: =IF(AND(ISNUMBER(D12),ISNUMBER(E12)), D12-E12, "") -> -14175.52 | G12: =IFERROR(F12/E12, "") -> -0.18088283 | H12: 59338 | I12: =IF(AND(ISNUMBER(D12),ISNUMBER(H12)), D12-H12, "") -> 4855 | J12: =IFERROR(I12/H12, "") -> 0.081819407 | K12: 1
A13: Kinsman | B13: OH | C13: =Sites[[#This Row],[SOL'#]] -> SOL-10762 | D13: 84185.891 | E13: 88452.35 | F13: =IF(AND(ISNUMBER(D13),ISNUMBER(E13)), D13-E13, "") -> -4266.4594 | G13: =IFERROR(F13/E13, "") -> -0.048234551 | H13: 62296 | I13: =IF(AND(ISNUMBER(D13),ISNUMBER(H13)), D13-H13, "") -> 21889.891 | J13: =IFERROR(I13/H13, "") -> 0.35138517 | K13: 0.9976218
A14: Wooster | B14: OH | C14: =Sites[[#This Row],[SOL'#]] -> SOL-10763 | D14: 16957.75 | E14: 0 | F14: =IF(AND(ISNUMBER(D14),ISNUMBER(E14)), D14-E14, "") -> 16957.75 | G14: =IFERROR(F14/E14, "") | H14: 13354 | I14: =IF(AND(ISNUMBER(D14),ISNUMBER(H14)), D14-H14, "") -> 3603.75 | J14: =IFERROR(I14/H14, "") -> 0.26986296 | K14: 1
A15: Globe Gila CC | B15: AZ | C15: =Sites[[#This Row],[SOL'#]] -> SOL-10755 | D15: 11714.483 | E15: 7871.748 | F15: =IF(AND(ISNUMBER(D15),ISNUMBER(E15)), D15-E15, "") -> 3842.7352 | G15: =IFERROR(F15/E15, "") -> 0.48816797 | H15: 10665 | I15: =IF(AND(ISNUMBER(D15),ISNUMBER(H15)), D15-H15, "") -> 1049.4832 | J15: =IFERROR(I15/H15, "") -> 0.098404428 | K15: 1
A16: Payson Gila CC | B16: AZ | C16: =Sites[[#This Row],[SOL'#]] -> SOL-10756 | D16: 7699.9961 | F16: =IF(AND(ISNUMBER(D16),ISNUMBER(E16)), D16-E16, "") | G16: =IFERROR(F16/E16, "") | H16: 8752 | I16: =IF(AND(ISNUMBER(D16),ISNUMBER(H16)), D16-H16, "") -> -1052.0039 | J16: =IFERROR(I16/H16, "") -> -0.12020154 | K16: 1
A17: SCNM | B17: AZ | C17: =Sites[[#This Row],[SOL'#]] -> SOL-10760 | D17: 56041 | F17: =IF(AND(ISNUMBER(D17),ISNUMBER(E17)), D17-E17, "") | G17: =IFERROR(F17/E17, "") | H17: 54018 | I17: =IF(AND(ISNUMBER(D17),ISNUMBER(H17)), D17-H17, "") -> 2023 | J17: =IFERROR(I17/H17, "") -> 0.037450479 | K17: 1 | L17: 1. Inverter 2 has been underperforming by 40kW compared to inverter 1 since 02/09. | M17: 1. SR081066
A18: Sequoia Charter School | B18: AZ | C18: =Sites[[#This Row],[SOL'#]] -> SOL-10759 | D18: 25607.43 | E18: 0 | F18: =IF(AND(ISNUMBER(D18),ISNUMBER(E18)), D18-E18, "") -> 25607.43 | G18: =IFERROR(F18/E18, "") | H18: 34134 | I18: =IF(AND(ISNUMBER(D18),ISNUMBER(H18)), D18-H18, "") -> -8526.57 | J18: =IFERROR(I18/H18, "") -> -0.24979698 | K18: 1
A19: RCAB | B19: MA | C19: =Sites[[#This Row],[SOL'#]] -> SOL-10838 | D19: 63236 | E19: 78953.95 | F19: =IF(AND(ISNUMBER(D19),ISNUMBER(E19)), D19-E19, "") -> -15717.95 | G19: =IFERROR(F19/E19, "") -> -0.19907744 | H19: 62537.46 | I19: =IF(AND(ISNUMBER(D19),ISNUMBER(H19)), D19-H19, "") -> 698.54 | J19: =IFERROR(I19/H19, "") -> 0.011169945 | K19: 1
A20: Spectro Coatings | B20: MA | C20: =Sites[[#This Row],[SOL'#]] -> SOL-10074 | D20: 11878.5 | E20: 25057.18 | F20: =IF(AND(ISNUMBER(D20),ISNUMBER(E20)), D20-E20, "") -> -13178.68 | G20: =IFERROR(F20/E20, "") -> -0.52594426 | H20: 16306.91 | I20: =IF(AND(ISNUMBER(D20),ISNUMBER(H20)), D20-H20, "") -> -4428.41 | J20: =IFERROR(I20/H20, "") -> -0.27156647 | K20: 0.974184 | L20: 1. The site was offline on 02/13, and the technician reset the inverters' AC disconnects, bringing it back online on 02/22 at 13:00. 2. All the inverters tripped offline on 02/25, and the technician reset them, bringing them back online on 02/26 at 9:00. | M20: 1. SR080401 2. SR081307
A21: K026 | B21: NY | C21: =Sites[[#This Row],[SOL'#]] -> SOL-10356 | D21: 14883.333 | E21: 23285.08 | F21: =IF(AND(ISNUMBER(D21),ISNUMBER(E21)), D21-E21, "") -> -8401.7466 | G21: =IFERROR(F21/E21, "") -> -0.36082103 | H21: 15247.28 | I21: =IF(AND(ISNUMBER(D21),ISNUMBER(H21)), D21-H21, "") -> -363.94657 | J21: =IFERROR(I21/H21, "") -> -0.023869606 | K21: 0.9603647
A22: K041 | B22: NY | C22: =Sites[[#This Row],[SOL'#]] -> SOL-10357 | D22: 12699.726 | E22: 17589.95 | F22: =IF(AND(ISNUMBER(D22),ISNUMBER(E22)), D22-E22, "") -> -4890.2244 | G22: =IFERROR(F22/E22, "") -> -0.27801241 | H22: 13859 | I22: =IF(AND(ISNUMBER(D22),ISNUMBER(H22)), D22-H22, "") -> -1159.2744 | J22: =IFERROR(I22/H22, "") -> -0.083647768 | K22: 0.9988506
A23: K043 | B23: NY | C23: =Sites[[#This Row],[SOL'#]] -> SOL-10358 | D23: 13738.875 | E23: 19314.28 | F23: =IF(AND(ISNUMBER(D23),ISNUMBER(E23)), D23-E23, "") -> -5575.405 | G23: =IFERROR(F23/E23, "") -> -0.2886675 | H23: 3061 | I23: =IF(AND(ISNUMBER(D23),ISNUMBER(H23)), D23-H23, "") -> 10677.875 | J23: =IFERROR(I23/H23, "") -> 3.4883616 | K23: 0.9084453
A24: K058 | B24: NY | C24: =Sites[[#This Row],[SOL'#]] -> SOL-10360 | D24: 11751.812 | E24: 16058.48 | F24: =IF(AND(ISNUMBER(D24),ISNUMBER(E24)), D24-E24, "") -> -4306.6675 | G24: =IFERROR(F24/E24, "") -> -0.2681865 | H24: 12065.67 | I24: =IF(AND(ISNUMBER(D24),ISNUMBER(H24)), D24-H24, "") -> -313.8575 | J24: =IFERROR(I24/H24, "") -> -0.026012439 | K24: 0.969236
A25: K115 | B25: NY | C25: =Sites[[#This Row],[SOL'#]] -> SOL-10361 | D25: 2969.1287 | E25: 8398.146 | F25: =IF(AND(ISNUMBER(D25),ISNUMBER(E25)), D25-E25, "") -> -5429.0173 | G25: =IFERROR(F25/E25, "") -> -0.64645427 | H25: 7525.798 | I25: =IF(AND(ISNUMBER(D25),ISNUMBER(H25)), D25-H25, "") -> -4556.6693 | J25: =IFERROR(I25/H25, "") -> -0.60547325 | K25: 0.8830734 | L25: 1. Ongoing construction to the array on the roof. 70 percent of the array is offline for construction | M25: 1. SR077214
A26: K152 | B26: NY | C26: =Sites[[#This Row],[SOL'#]] -> SOL-10362 | D26: 4632.0781 | E26: 5853.167 | F26: =IF(AND(ISNUMBER(D26),ISNUMBER(E26)), D26-E26, "") -> -1221.0889 | G26: =IFERROR(F26/E26, "") -> -0.2086202 | H26: 4676 | I26: =IF(AND(ISNUMBER(D26),ISNUMBER(H26)), D26-H26, "") -> -43.921875 | J26: =IFERROR(I26/H26, "") -> -0.0093930443 | K26: 0.9665119
A27: K166 | B27: NY | C27: =Sites[[#This Row],[SOL'#]] -> SOL-10363 | D27: 16586.375 | E27: 22508.54 | F27: =IF(AND(ISNUMBER(D27),ISNUMBER(E27)), D27-E27, "") -> -5922.165 | G27: =IFERROR(F27/E27, "") -> -0.26310747 | H27: 16499.9 | I27: =IF(AND(ISNUMBER(D27),ISNUMBER(H27)), D27-H27, "") -> 86.475 | J27: =IFERROR(I27/H27, "") -> 0.0052409409 | K27: 0.9963622
A28: K206 | B28: NY | C28: =Sites[[#This Row],[SOL'#]] -> SOL-10927 | D28: 9460.9243 | E28: 13021.06 | F28: =IF(AND(ISNUMBER(D28),ISNUMBER(E28)), D28-E28, "") -> -3560.1357 | G28: =IFERROR(F28/E28, "") -> -0.27341366 | H28: 9232 | I28: =IF(AND(ISNUMBER(D28),ISNUMBER(H28)), D28-H28, "") -> 228.92432 | J28: =IFERROR(I28/H28, "") -> 0.024796828 | K28: 0.9779809
A29: K251 | B29: NY | C29: =Sites[[#This Row],[SOL'#]] -> SOL-10365 | D29: 10884.625 | E29: 14018.29 | F29: =IF(AND(ISNUMBER(D29),ISNUMBER(E29)), D29-E29, "") -> -3133.665 | G29: =IFERROR(F29/E29, "") -> -0.22354117 | H29: 11088.62 | I29: =IF(AND(ISNUMBER(D29),ISNUMBER(H29)), D29-H29, "") -> -203.995 | J29: =IFERROR(I29/H29, "") -> -0.018396789 | K29: 0.9947753
A30: K269 | B30: NY | C30: =Sites[[#This Row],[SOL'#]] -> SOL-10366 | D30: 9933.2188 | F30: =IF(AND(ISNUMBER(D30),ISNUMBER(E30)), D30-E30, "") | G30: =IFERROR(F30/E30, "") | H30: 10776.84 | I30: =IF(AND(ISNUMBER(D30),ISNUMBER(H30)), D30-H30, "") -> -843.62125 | J30: =IFERROR(I30/H30, "") -> -0.078280948 | K30: 1
A31: K273 | B31: NY | C31: =Sites[[#This Row],[SOL'#]] -> SOL-10367 | D31: 10966.562 | F31: =IF(AND(ISNUMBER(D31),ISNUMBER(E31)), D31-E31, "") | G31: =IFERROR(F31/E31, "") | H31: 12777 | I31: =IF(AND(ISNUMBER(D31),ISNUMBER(H31)), D31-H31, "") -> -1810.4375 | J31: =IFERROR(I31/H31, "") -> -0.14169504 | K31: 1
A32: K287 | B32: NY | C32: =Sites[[#This Row],[SOL'#]] -> SOL-10919 | D32: 8921.247 | E32: 10196.72 | F32: =IF(AND(ISNUMBER(D32),ISNUMBER(E32)), D32-E32, "") -> -1275.473 | G32: =IFERROR(F32/E32, "") -> -0.1250866 | H32: 9504 | I32: =IF(AND(ISNUMBER(D32),ISNUMBER(H32)), D32-H32, "") -> -582.75305 | J32: =IFERROR(I32/H32, "") -> -0.061316608 | K32: 0.9942529
A33: K298 | B33: NY | C33: =Sites[[#This Row],[SOL'#]] -> SOL-10368 | D33: 8100.8125 | E33: 13207.68 | F33: =IF(AND(ISNUMBER(D33),ISNUMBER(E33)), D33-E33, "") -> -5106.8675 | G33: =IFERROR(F33/E33, "") -> -0.38665894 | H33: 9465 | I33: =IF(AND(ISNUMBER(D33),ISNUMBER(H33)), D33-H33, "") -> -1364.1875 | J33: =IFERROR(I33/H33, "") -> -0.14412969 | K33: 0.9922824 | L33: 1. The primary unit of Inverter 1 started late on 02/10, 02/23, 02/27, and 02/28. | M33: 1. SR080914
A34: K335 | B34: NY | C34: =Sites[[#This Row],[SOL'#]] -> SOL-10370 | D34: 9156.9688 | E34: 13942.97 | F34: =IF(AND(ISNUMBER(D34),ISNUMBER(E34)), D34-E34, "") -> -4786.0012 | G34: =IFERROR(F34/E34, "") -> -0.34325551 | H34: 10841 | I34: =IF(AND(ISNUMBER(D34),ISNUMBER(H34)), D34-H34, "") -> -1684.0312 | J34: =IFERROR(I34/H34, "") -> -0.15533911 | K34: 0.9772802
A35: K345 | B35: NY | C35: =Sites[[#This Row],[SOL'#]] -> SOL-10920 | D35: 9252.8008 | E35: 9601.574 | F35: =IF(AND(ISNUMBER(D35),ISNUMBER(E35)), D35-E35, "") -> -348.77322 | G35: =IFERROR(F35/E35, "") -> -0.036324588 | H35: 11577 | I35: =IF(AND(ISNUMBER(D35),ISNUMBER(H35)), D35-H35, "") -> -2324.1992 | J35: =IFERROR(I35/H35, "") -> -0.20076006 | K35: 0.8895152 | L35: 1. The inverter 3 is offline on 02/06 and back online on 02/12 at 12:00pm. 2. Site tripped offline on 02/12 at 08:00am and came back online at 12:00pm on the same day. | M35: 1. SR080762 2. SR080934
A36: K445 | B36: NY | C36: =Sites[[#This Row],[SOL'#]] -> SOL-10373 | D36: 9518.3828 | E36: 13879.59 | F36: =IF(AND(ISNUMBER(D36),ISNUMBER(E36)), D36-E36, "") -> -4361.2072 | G36: =IFERROR(F36/E36, "") -> -0.31421729 | H36: 9508.954 | I36: =IF(AND(ISNUMBER(D36),ISNUMBER(H36)), D36-H36, "") -> 9.4288125 | J36: =IFERROR(I36/H36, "") -> 0.000991572 | K36: 0.9840849
A37: K495 | B37: NY | C37: =Sites[[#This Row],[SOL'#]] -> SOL-10374 | D37: 41137.312 | E37: 37088.05 | F37: =IF(AND(ISNUMBER(D37),ISNUMBER(E37)), D37-E37, "") -> 4049.2625 | G37: =IFERROR(F37/E37, "") -> 0.10917971 | H37: 42524 | I37: =IF(AND(ISNUMBER(D37),ISNUMBER(H37)), D37-H37, "") -> -1386.6875 | J37: =IFERROR(I37/H37, "") -> -0.032609526 | K37: 0.9084061 | L37: 1. The inverter 10 center unit has been offline since 02/26. | M37: 1. SR081412
A38: M020 | B38: NY | C38: =Sites[[#This Row],[SOL'#]] -> SOL-10380 | D38: 9899.2188 | E38: 8106.888 | F38: =IF(AND(ISNUMBER(D38),ISNUMBER(E38)), D38-E38, "") -> 1792.3308 | G38: =IFERROR(F38/E38, "") -> 0.2210874 | H38: 11685 | I38: =IF(AND(ISNUMBER(D38),ISNUMBER(H38)), D38-H38, "") -> -1785.7812 | J38: =IFERROR(I38/H38, "") -> -0.15282681 | K38: 0.9256903
A39: M092 | B39: NY | C39: =Sites[[#This Row],[SOL'#]] -> SOL-10383 | D39: 9074.4375 | E39: 13564.97 | F39: =IF(AND(ISNUMBER(D39),ISNUMBER(E39)), D39-E39, "") -> -4490.5325 | G39: =IFERROR(F39/E39, "") -> -0.33103888 | H39: 10723.09 | I39: =IF(AND(ISNUMBER(D39),ISNUMBER(H39)), D39-H39, "") -> -1648.6525 | J39: =IFERROR(I39/H39, "") -> -0.15374789 | K39: 0.9929187
A40: M143 | B40: NY | C40: =Sites[[#This Row],[SOL'#]] -> SOL-10384 | D40: 9946.8125 | E40: 15822.48 | F40: =IF(AND(ISNUMBER(D40),ISNUMBER(E40)), D40-E40, "") -> -5875.6675 | G40: =IFERROR(F40/E40, "") -> -0.37134934 | H40: 11537.23 | I40: =IF(AND(ISNUMBER(D40),ISNUMBER(H40)), D40-H40, "") -> -1590.4175 | J40: =IFERROR(I40/H40, "") -> -0.1378509 | K40: 0.979579
A41: M144 | B41: NY | C41: =Sites[[#This Row],[SOL'#]] -> SOL-10385 | D41: 15594.5 | E41: 0 | F41: =IF(AND(ISNUMBER(D41),ISNUMBER(E41)), D41-E41, "") -> 15594.5 | G41: =IFERROR(F41/E41, "") | H41: 18132 | I41: =IF(AND(ISNUMBER(D41),ISNUMBER(H41)), D41-H41, "") -> -2537.5 | J41: =IFERROR(I41/H41, "") -> -0.13994595 | K41: 0.9107045
A42: M167 | B42: NY | C42: =Sites[[#This Row],[SOL'#]] -> SOL-10386 | D42: 10945.18 | E42: 12895.85 | F42: =IF(AND(ISNUMBER(D42),ISNUMBER(E42)), D42-E42, "") -> -1950.6703 | G42: =IFERROR(F42/E42, "") -> -0.15126342 | H42: 13417.55 | I42: =IF(AND(ISNUMBER(D42),ISNUMBER(H42)), D42-H42, "") -> -2472.3703 | J42: =IFERROR(I42/H42, "") -> -0.18426392 | K42: 0.9975369 | L42: 1. The left unit of Inverter 2 has been offline since 02/12 and came back online on 02/20. | M42: 1. SR080942
A43: M188 | B43: NY | C43: =Sites[[#This Row],[SOL'#]] -> SOL-10387 | D43: 8728.4587 | E43: 0 | F43: =IF(AND(ISNUMBER(D43),ISNUMBER(E43)), D43-E43, "") -> 8728.4587 | G43: =IFERROR(F43/E43, "") | H43: 9611 | I43: =IF(AND(ISNUMBER(D43),ISNUMBER(H43)), D43-H43, "") -> -882.54133 | J43: =IFERROR(I43/H43, "") -> -0.091826171 | K43: 0.9280587
A44: EMHC | B44: NY | C44: =Sites[[#This Row],[SOL'#]] -> SOL-10351 | D44: 2373.4475 | E44: 3139.01 | F44: =IF(AND(ISNUMBER(D44),ISNUMBER(E44)), D44-E44, "") -> -765.56249 | G44: =IFERROR(F44/E44, "") -> -0.2438866 | H44: 3455.741 | I44: =IF(AND(ISNUMBER(D44),ISNUMBER(H44)), D44-H44, "") -> -1082.2935 | J44: =IFERROR(I44/H44, "") -> -0.3131871 | K44: 0.974138
A45: Q008 | B45: NY | C45: =Sites[[#This Row],[SOL'#]] -> SOL-10397 | D45: 14341.117 | E45: 17495.71 | F45: =IF(AND(ISNUMBER(D45),ISNUMBER(E45)), D45-E45, "") -> -3154.5928 | G45: =IFERROR(F45/E45, "") -> -0.18030665 | H45: 14789 | I45: =IF(AND(ISNUMBER(D45),ISNUMBER(H45)), D45-H45, "") -> -447.88281 | J45: =IFERROR(I45/H45, "") -> -0.030284861 | K45: 0.9124319
A46: Q018 | B46: NY | C46: =Sites[[#This Row],[SOL'#]] -> SOL-10398 | D46: 8095.6875 | E46: 12613.08 | F46: =IF(AND(ISNUMBER(D46),ISNUMBER(E46)), D46-E46, "") -> -4517.3925 | G46: =IFERROR(F46/E46, "") -> -0.35815142 | H46: 8744.828 | I46: =IF(AND(ISNUMBER(D46),ISNUMBER(H46)), D46-H46, "") -> -649.1405 | J46: =IFERROR(I46/H46, "") -> -0.074231363 | K46: 0.9113077
A47: Q021 | B47: NY | C47: =Sites[[#This Row],[SOL'#]] -> SOL-10399 | D47: 6658.7188 | E47: 10734.29 | F47: =IF(AND(ISNUMBER(D47),ISNUMBER(E47)), D47-E47, "") -> -4075.5713 | G47: =IFERROR(F47/E47, "") -> -0.37967777 | H47: 781.8694 | I47: =IF(AND(ISNUMBER(D47),ISNUMBER(H47)), D47-H47, "") -> 5876.8494 | J47: =IFERROR(I47/H47, "") -> 7.5164079 | K47: 0.9459483
A48: Q025 | B48: NY | C48: =Sites[[#This Row],[SOL'#]] -> SOL-10400 | D48: 10992.375 | E48: 16909.42 | F48: =IF(AND(ISNUMBER(D48),ISNUMBER(E48)), D48-E48, "") -> -5917.045 | G48: =IFERROR(F48/E48, "") -> -0.34992596 | H48: 9540 | I48: =IF(AND(ISNUMBER(D48),ISNUMBER(H48)), D48-H48, "") -> 1452.375 | J48: =IFERROR(I48/H48, "") -> 0.15224057 | K48: 0.9481631
A49: Q074 | B49: NY | C49: =Sites[[#This Row],[SOL'#]] -> SOL-10402 | D49: 6577.5938 | E49: 10436.13 | F49: =IF(AND(ISNUMBER(D49),ISNUMBER(E49)), D49-E49, "") -> -3858.5362 | G49: =IFERROR(F49/E49, "") -> -0.36972865 | H49: 8050.639 | I49: =IF(AND(ISNUMBER(D49),ISNUMBER(H49)), D49-H49, "") -> -1473.0453 | J49: =IFERROR(I49/H49, "") -> -0.18297246 | K49: 0.9273465 | L49: 1. Inverter 2 (which is inverter 1 in PowerTrack) left unit is offline on 02/18 and back online on 02/26 at 10:30AM | M49: 1.SR081106, SR081210
A50: Q115 | B50: NY | C50: =Sites[[#This Row],[SOL'#]] -> SOL-10872 | D50: 9157.2188 | E50: 15076.37 | F50: =IF(AND(ISNUMBER(D50),ISNUMBER(E50)), D50-E50, "") -> -5919.1513 | G50: =IFERROR(F50/E50, "") -> -0.39261117 | H50: 10735.99 | I50: =IF(AND(ISNUMBER(D50),ISNUMBER(H50)), D50-H50, "") -> -1578.7712 | J50: =IFERROR(I50/H50, "") -> -0.14705409 | K50: 0.9334155
A51: Q139 | B51: NY | C51: =Sites[[#This Row],[SOL'#]] -> SOL-10403 | D51: 5878.2188 | E51: 8344.696 | F51: =IF(AND(ISNUMBER(D51),ISNUMBER(E51)), D51-E51, "") -> -2466.4772 | G51: =IFERROR(F51/E51, "") -> -0.29557425 | H51: 6752 | I51: =IF(AND(ISNUMBER(D51),ISNUMBER(H51)), D51-H51, "") -> -873.78125 | J51: =IFERROR(I51/H51, "") -> -0.12941073 | K51: 0.9400766
A52: Q157 | B52: NY | C52: =Sites[[#This Row],[SOL'#]] -> SOL-10404 | D52: 9228.1875 | E52: 16163.48 | F52: =IF(AND(ISNUMBER(D52),ISNUMBER(E52)), D52-E52, "") -> -6935.2925 | G52: =IFERROR(F52/E52, "") -> -0.42907174 | H52: 12268.39 | I52: =IF(AND(ISNUMBER(D52),ISNUMBER(H52)), D52-H52, "") -> -3040.2025 | J52: =IFERROR(I52/H52, "") -> -0.24780778 | K52: 0.9022988 | L52: 1.Inverter 4 is offline due to an isolation fault on 02/23 | M52: 1.SR081267
A53: Q192 | B53: NY | C53: =Sites[[#This Row],[SOL'#]] -> SOL-10406 | D53: 15802.688 | E53: 24783.49 | F53: =IF(AND(ISNUMBER(D53),ISNUMBER(E53)), D53-E53, "") -> -8980.8025 | G53: =IFERROR(F53/E53, "") -> -0.36237037 | H53: 18081.58 | I53: =IF(AND(ISNUMBER(D53),ISNUMBER(H53)), D53-H53, "") -> -2278.8925 | J53: =IFERROR(I53/H53, "") -> -0.12603393 | K53: 0.9479958
A54: Q210 | B54: NY | C54: =Sites[[#This Row],[SOL'#]] -> SOL-10407 | D54: 12134.875 | E54: 17223.77 | F54: =IF(AND(ISNUMBER(D54),ISNUMBER(E54)), D54-E54, "") -> -5088.895 | G54: =IFERROR(F54/E54, "") -> -0.29545767 | H54: 15013 | I54: =IF(AND(ISNUMBER(D54),ISNUMBER(H54)), D54-H54, "") -> -2878.125 | J54: =IFERROR(I54/H54, "") -> -0.19170885 | K54: 0.9701848 | L54: 1.Inverter 3 left unit is offline from 02/01 and back online on 02/22 at 11:00 | M54: 1.SR080789
A55: Q229 | B55: NY | C55: =Sites[[#This Row],[SOL'#]] -> SOL-10408 | D55: 5675.1875 | E55: 8021.049 | F55: =IF(AND(ISNUMBER(D55),ISNUMBER(E55)), D55-E55, "") -> -2345.8615 | G55: =IFERROR(F55/E55, "") -> -0.29246318 | H55: 5319.346 | I55: =IF(AND(ISNUMBER(D55),ISNUMBER(H55)), D55-H55, "") -> 355.8415 | J55: =IFERROR(I55/H55, "") -> 0.066895724 | K55: 0.9517866
A56: Q231 | B56: NY | C56: =Sites[[#This Row],[SOL'#]] -> SOL-10870 | D56: 22856.188 | E56: 35658.61 | F56: =IF(AND(ISNUMBER(D56),ISNUMBER(E56)), D56-E56, "") -> -12802.423 | G56: =IFERROR(F56/E56, "") -> -0.35902753 | H56: 23657 | I56: =IF(AND(ISNUMBER(D56),ISNUMBER(H56)), D56-H56, "") -> -800.8125 | J56: =IFERROR(I56/H56, "") -> -0.033850974 | K56: 0.9912248
A57: Q405 | B57: NY | C57: =Sites[[#This Row],[SOL'#]] -> SOL-10409 | D57: 23173.875 | E57: 34907.18 | F57: =IF(AND(ISNUMBER(D57),ISNUMBER(E57)), D57-E57, "") -> -11733.305 | G57: =IFERROR(F57/E57, "") -> -0.3361287 | H57: 26723.35 | I57: =IF(AND(ISNUMBER(D57),ISNUMBER(H57)), D57-H57, "") -> -3549.475 | J57: =IFERROR(I57/H57, "") -> -0.13282298 | K57: 0.9097179
A58: Q435 | B58: NY | C58: =Sites[[#This Row],[SOL'#]] -> SOL-10923 | F58: =IF(AND(ISNUMBER(D58),ISNUMBER(E58)), D58-E58, "") | G58: =IFERROR(F58/E58, "") | H58: 34507 | I58: =IF(AND(ISNUMBER(D58),ISNUMBER(H58)), D58-H58, "") | J58: =IFERROR(I58/H58, "") | K58: 0 | L58: 1. Site was offline due to transformer issue. | M58: 1. SR077239
A59: Q485 | B59: NY | C59: =Sites[[#This Row],[SOL'#]] -> SOL-10869 | D59: 23492.947 | E59: 26113.12 | F59: =IF(AND(ISNUMBER(D59),ISNUMBER(E59)), D59-E59, "") -> -2620.1727 | G59: =IFERROR(F59/E59, "") -> -0.10033932 | H59: 32920.29 | I59: =IF(AND(ISNUMBER(D59),ISNUMBER(H59)), D59-H59, "") -> -9427.3427 | J59: =IFERROR(I59/H59, "") -> -0.28636876 | K59: 0.9639105 | L59: 1.Inverter 1 central unit tripped offline on 02/06 at 15:00 and back online 02/16 at 07:00 2.Inverter 2 primary unit offline from 02/06 and back online on 02/16 at 07:00 3.Inverter 3 right unit tripped offline at 15:00 on 02/07 and back online on 02/16 at 11:00 4.Inverter 4 left unit is offline from 02/07 and back online on 02/16 at 11:00AM | M59: 1.SR080835 2.SR080836 3.SR080476 4.SR080837
A60: Q490 | B60: NY | C60: =Sites[[#This Row],[SOL'#]] -> SOL-10411 | D60: 19705.706 | F60: =IF(AND(ISNUMBER(D60),ISNUMBER(E60)), D60-E60, "") | G60: =IFERROR(F60/E60, "") | H60: 22778.49 | I60: =IF(AND(ISNUMBER(D60),ISNUMBER(H60)), D60-H60, "") -> -3072.7843 | J60: =IFERROR(I60/H60, "") -> -0.13489851 | K60: 1 | L60: 1.Inverter 4 tripped offline on 02/09 at 15:15 and back online on 02/14 at 09:15 AM and gain tripped offline on 02/23 at 09:00AM and back online at 11:30AM while technician at site | M60: 1.SR080913
A61: Q620 | B61: NY | C61: =Sites[[#This Row],[SOL'#]] -> SOL-10867 | D61: 29063.125 | E61: 43869.76 | F61: =IF(AND(ISNUMBER(D61),ISNUMBER(E61)), D61-E61, "") -> -14806.635 | G61: =IFERROR(F61/E61, "") -> -0.33751347 | H61: 36786.64 | I61: =IF(AND(ISNUMBER(D61),ISNUMBER(H61)), D61-H61, "") -> -7723.515 | J61: =IFERROR(I61/H61, "") -> -0.20995435 | K61: 0.935432
A62: QMOA | B62: NY | C62: =Sites[[#This Row],[SOL'#]] -> SOL-10415 | D62: 3142 | E62: 0 | F62: =IF(AND(ISNUMBER(D62),ISNUMBER(E62)), D62-E62, "") -> 3142 | G62: =IFERROR(F62/E62, "") | H62: 3731.724 | I62: =IF(AND(ISNUMBER(D62),ISNUMBER(H62)), D62-H62, "") -> -589.724 | J62: =IFERROR(I62/H62, "") -> -0.15802991 | K62: 0.9510938
A63: X024 | B63: NY | C63: =Sites[[#This Row],[SOL'#]] -> SOL-10419 | D63: 10749.876 | E63: 18103.47 | F63: =IF(AND(ISNUMBER(D63),ISNUMBER(E63)), D63-E63, "") -> -7353.594 | G63: =IFERROR(F63/E63, "") -> -0.40619804 | H63: 11514 | I63: =IF(AND(ISNUMBER(D63),ISNUMBER(H63)), D63-H63, "") -> -764.12402 | J63: =IFERROR(I63/H63, "") -> -0.066364775 | K63: 0.8821734
A64: X026 | B64: NY | C64: =Sites[[#This Row],[SOL'#]] -> SOL-10420 | D64: 8054.2 | E64: 14614.25 | F64: =IF(AND(ISNUMBER(D64),ISNUMBER(E64)), D64-E64, "") -> -6560.05 | G64: =IFERROR(F64/E64, "") -> -0.44888037 | H64: 16730.15 | I64: =IF(AND(ISNUMBER(D64),ISNUMBER(H64)), D64-H64, "") -> -8675.95 | J64: =IFERROR(I64/H64, "") -> -0.51858172 | L64: 1. Inverter 2 left unit is offline since 02/15 | M64: 1. SR081335
A65: X090 | B65: NY | C65: =Sites[[#This Row],[SOL'#]] -> SOL-10925 | D65: 9045.1328 | E65: 9690.927 | F65: =IF(AND(ISNUMBER(D65),ISNUMBER(E65)), D65-E65, "") -> -645.79419 | G65: =IFERROR(F65/E65, "") -> -0.066639052 | H65: 11057 | I65: =IF(AND(ISNUMBER(D65),ISNUMBER(H65)), D65-H65, "") -> -2011.8672 | J65: =IFERROR(I65/H65, "") -> -0.18195416
A66: X117 | B66: NY | C66: =Sites[[#This Row],[SOL'#]] -> SOL-10422 | D66: 6764.6 | E66: 12607.26 | F66: =IF(AND(ISNUMBER(D66),ISNUMBER(E66)), D66-E66, "") -> -5842.66 | G66: =IFERROR(F66/E66, "") -> -0.46343615 | H66: 18680.64 | I66: =IF(AND(ISNUMBER(D66),ISNUMBER(H66)), D66-H66, "") -> -11916.04 | J66: =IFERROR(I66/H66, "") -> -0.63788179
A67: X125 | B67: NY | C67: =Sites[[#This Row],[SOL'#]] -> SOL-10423 | D67: 14000.812 | E67: 21066.57 | F67: =IF(AND(ISNUMBER(D67),ISNUMBER(E67)), D67-E67, "") -> -7065.7575 | G67: =IFERROR(F67/E67, "") -> -0.33540142 | H67: 13446.52 | I67: =IF(AND(ISNUMBER(D67),ISNUMBER(H67)), D67-H67, "") -> 554.2925 | J67: =IFERROR(I67/H67, "") -> 0.041222004
A68: X134 | B68: NY | C68: =Sites[[#This Row],[SOL'#]] -> SOL-10424 | D68: 12948.281 | E68: 0 | F68: =IF(AND(ISNUMBER(D68),ISNUMBER(E68)), D68-E68, "") -> 12948.281 | G68: =IFERROR(F68/E68, "") | H68: 0 | I68: =IF(AND(ISNUMBER(D68),ISNUMBER(H68)), D68-H68, "") -> 12948.281 | J68: =IFERROR(I68/H68, "")
A69: X135 | B69: NY | C69: =Sites[[#This Row],[SOL'#]] -> SOL-10425 | D69: 9774.8906 | E69: 0 | F69: =IF(AND(ISNUMBER(D69),ISNUMBER(E69)), D69-E69, "") -> 9774.8906 | G69: =IFERROR(F69/E69, "") | H69: 0 | I69: =IF(AND(ISNUMBER(D69),ISNUMBER(H69)), D69-H69, "") -> 9774.8906 | J69: =IFERROR(I69/H69, "")
A70: X139 JHS 222 | B70: NY | C70: =Sites[[#This Row],[SOL'#]] -> SOL-10426 | D70: 17038.203 | E70: 22535.35 | F70: =IF(AND(ISNUMBER(D70),ISNUMBER(E70)), D70-E70, "") -> -5497.147 | G70: =IFERROR(F70/E70, "") -> -0.2439344 | H70: 17714 | I70: =IF(AND(ISNUMBER(D70),ISNUMBER(H70)), D70-H70, "") -> -675.79705 | J70: =IFERROR(I70/H70, "") -> -0.038150449 | K70: 0.9975183
A71: X140 | B71: NY | C71: =Sites[[#This Row],[SOL'#]] -> SOL-10926 | D71: 9393.2773 | E71: 10965.87 | F71: =IF(AND(ISNUMBER(D71),ISNUMBER(E71)), D71-E71, "") -> -1572.5927 | G71: =IFERROR(F71/E71, "") -> -0.14340792 | H71: 10945 | I71: =IF(AND(ISNUMBER(D71),ISNUMBER(H71)), D71-H71, "") -> -1551.7227 | J71: =IFERROR(I71/H71, "") -> -0.14177457 | K71: 0 | L71: 1. Inverter 2 left unit is tripped offline on 02/01 at 12:00pm and back online on 02/16 | M71: 1. SR080859
A72: X166 | B72: NY | C72: =Sites[[#This Row],[SOL'#]] -> SOL-10427 | D72: 10298.8 | E72: 14615.42 | F72: =IF(AND(ISNUMBER(D72),ISNUMBER(E72)), D72-E72, "") -> -4316.62 | G72: =IFERROR(F72/E72, "") -> -0.29534697 | H72: 0 | I72: =IF(AND(ISNUMBER(D72),ISNUMBER(H72)), D72-H72, "") -> 10298.8 | J72: =IFERROR(I72/H72, "")
A73: Murphy | B73: MN | C73: =Sites[[#This Row],[SOL'#]] -> SOL-10094 | D73: 575720 | E73: 738454.1 | F73: =IF(AND(ISNUMBER(D73),ISNUMBER(E73)), D73-E73, "") -> -162734.1 | G73: =IFERROR(F73/E73, "") -> -0.22037131 | H73: 670926.4 | I73: =IF(AND(ISNUMBER(D73),ISNUMBER(H73)), D73-H73, "") -> -95206.4 | J73: =IFERROR(I73/H73, "") -> -0.1419029 | K73: 0.9168954 | L73: 1.Inverter 1 tripped offline on 02/04 at 08:15 AM and back online on 02/05 at 11:30AM Inverter 1 started late on 02/07 at 12:00PM while PE is at site Inverter 1 again tripped offline on 02/09 at 09:00AM and back online on 02/10 at 11:30AM Inverter 1 again tripped offline on 02/11 at 09:00AM and back online on 02/12 at 13:00 Inverter 1 again tripped offline on 02/20 at 08:45AM and back online on 02/21 at 11:30AM Inverter 1 is offline on 02/22 at 08:15AM and back online at 13:15 on 02/22 due to PE at site On 02/23 Inverter 1 started late at 09:15AM while PE is at site | M73: 1.SR080711
A74: Terning | B74: MN | C74: =Sites[[#This Row],[SOL'#]] -> SOL-10093 | D74: 579703 | E74: 721827.7 | F74: =IF(AND(ISNUMBER(D74),ISNUMBER(E74)), D74-E74, "") -> -142124.7 | G74: =IFERROR(F74/E74, "") -> -0.1968956 | H74: 633379.1 | I74: =IF(AND(ISNUMBER(D74),ISNUMBER(H74)), D74-H74, "") -> -53676.1 | J74: =IFERROR(I74/H74, "") -> -0.084745613 | K74: 0.9643174
A75: Boas Road 04 | B75: NY | C75: =Sites[[#This Row],[SOL'#]] -> SOL-10908 | D75: 192892 | E75: 264045.63 | F75: =IF(AND(ISNUMBER(D75),ISNUMBER(E75)), D75-E75, "") -> -71153.63 | G75: =IFERROR(F75/E75, "") -> -0.26947475 | H75: 222493.94 | I75: =IF(AND(ISNUMBER(D75),ISNUMBER(H75)), D75-H75, "") -> -29601.94 | J75: =IFERROR(I75/H75, "") -> -0.13304605 | K75: 0.9336 | L75: 1. Inverter 2 tripped offline at 11:00 on 02/14 and back online at 13:30 on 02/15 but combiner box 5 is disconnected due to thermal damage | M75: 1. SR080998
A76: Kelly Bridge Farm | B76: NY | C76: =Sites[[#This Row],[SOL'#]] -> SOL-10911 | D76: 242238 | E76: 291693.36 | F76: =IF(AND(ISNUMBER(D76),ISNUMBER(E76)), D76-E76, "") -> -49455.36 | G76: =IFERROR(F76/E76, "") -> -0.16954572 | H76: 210732.14 | I76: =IF(AND(ISNUMBER(D76),ISNUMBER(H76)), D76-H76, "") -> 31505.86 | J76: =IFERROR(I76/H76, "") -> 0.14950667 | K76: 0.9285 | L76: 1. Inverters 23,24,25,26,27 tripped offline at 10:10 on 02/05 and back online at 13:10 on 02/06. Inverters 23,24,25,26,27 tripped offline at 10:00 on 02/19 and back online at 12:30 on 02/20. Inverters again tripped offline at 14:00 on 02/22 and back online at 14:00 on 02/29. 2. Site had a brief outage from 10:15 to 10:55 am on 02/22. Inverter 15 was offline after site outage and back online at 07:00 am on 02/23 | M76: 1. SR080730, SR081102, SR081202 2. SR081184
A77: Pool Brook Road | B77: NY | C77: =Sites[[#This Row],[SOL'#]] -> SOL-10909 | D77: 227358 | E77: 253637.61 | F77: =IF(AND(ISNUMBER(D77),ISNUMBER(E77)), D77-E77, "") -> -26279.61 | G77: =IFERROR(F77/E77, "") -> -0.10361086 | H77: 198010 | I77: =IF(AND(ISNUMBER(D77),ISNUMBER(H77)), D77-H77, "") -> 29348 | J77: =IFERROR(I77/H77, "") -> 0.14821474 | K77: 0.998 | L77: 1. Inverter 11 tripped offline at 10:30 on 02/27 and back online at 08:30 on 02/28 | M77: 1. SR081363
A78: Sackett Lake | B78: NY | C78: =Sites[[#This Row],[SOL'#]] -> SOL-10910 | D78: 272809 | E78: 302531.58 | F78: =IF(AND(ISNUMBER(D78),ISNUMBER(E78)), D78-E78, "") -> -29722.58 | G78: =IFERROR(F78/E78, "") -> -0.098246206 | H78: 224875.68 | I78: =IF(AND(ISNUMBER(D78),ISNUMBER(H78)), D78-H78, "") -> 47933.32 | J78: =IFERROR(I78/H78, "") -> 0.21315475 | K78: 0.9801 | L78: 1. Inverter 1 is offline from 1/30 and back online at 12:30 on 02/02 | M78: 1. SR080606
A79: Burritt Road | B79: NY | C79: =Sites[[#This Row],[SOL'#]] -> SOL-10913 | D79: 191650 | E79: 156033.66 | F79: =IF(AND(ISNUMBER(D79),ISNUMBER(E79)), D79-E79, "") -> 35616.34 | G79: =IFERROR(F79/E79, "") -> 0.22826062 | H79: 177081.05 | I79: =IF(AND(ISNUMBER(D79),ISNUMBER(H79)), D79-H79, "") -> 14568.95 | J79: =IFERROR(I79/H79, "") -> 0.082272778 | K79: 0.9767 | L79: 1. Site was offline from 13:00 to 14:00 on 02/16 2. Inverter 3 tripped offline at 12:10 PM on 02/25 and back online at 12:15 PM on 02/27 | M79: 1. SR081058 2. SR081316
A80: Villa Roma 1 | B80: NY | C80: =Sites[[#This Row],[SOL'#]] -> SOL-10914 | D80: 231364 | E80: 200.4 | F80: =IF(AND(ISNUMBER(D80),ISNUMBER(E80)), D80-E80, "") -> 231163.6 | G80: =IFERROR(F80/E80, "") -> 1153.511 | H80: 154208.4 | I80: =IF(AND(ISNUMBER(D80),ISNUMBER(H80)), D80-H80, "") -> 77155.6 | J80: =IFERROR(I80/H80, "") -> 0.50033332 | L80: 1. Expected energy is not populating from 01/19/2024 - awaiting GPM support
A81: Villa Roma 2 | B81: NY | C81: =Sites[[#This Row],[SOL'#]] -> SOL-10915 | D81: 204180 | E81: 244833.94 | F81: =IF(AND(ISNUMBER(D81),ISNUMBER(E81)), D81-E81, "") -> -40653.94 | G81: =IFERROR(F81/E81, "") -> -0.16604699 | H81: 149312.26 | I81: =IF(AND(ISNUMBER(D81),ISNUMBER(H81)), D81-H81, "") -> 54867.74 | J81: =IFERROR(I81/H81, "") -> 0.36746976 | L81: 1. Meter not reporting power from 02/01 to 02/22 till 15:30, added inverter generation since meter didn't capture enitre generation of this month | M81: 1. SR080648
A82: Washington 1 | B82: NY | C82: =Sites[[#This Row],[SOL'#]] -> SOL-10912 | D82: 209440 | E82: 242548.32 | F82: =IF(AND(ISNUMBER(D82),ISNUMBER(E82)), D82-E82, "") -> -33108.32 | G82: =IFERROR(F82/E82, "") -> -0.13650196 | H82: 173775.12 | I82: =IF(AND(ISNUMBER(D82),ISNUMBER(H82)), D82-H82, "") -> 35664.88 | J82: =IFERROR(I82/H82, "") -> 0.20523582
A83: Washington 3 | B83: NY | C83: =Sites[[#This Row],[SOL'#]] -> SOL-10828 | D83: 188205 | E83: 225708.02 | F83: =IF(AND(ISNUMBER(D83),ISNUMBER(E83)), D83-E83, "") -> -37503.02 | G83: =IFERROR(F83/E83, "") -> -0.16615723 | H83: 211399.74 | I83: =IF(AND(ISNUMBER(D83),ISNUMBER(H83)), D83-H83, "") -> -23194.74 | J83: =IFERROR(I83/H83, "") -> -0.10971981 | L83: 1. Site tripped offline from 01/30 and back online at 15:30 on 02/06 2. Inverter 1 tripped offline at 13:00 on 02/18 and back online EOD on 02/19 3. Inverter 2 tripped offline on 02/17, back online on 02/18 morning and again tripped offline at 12:35pm on 02/18 due AC contactor fault and back online EOD on 02/19 4. Both inverters have tripped offline and reporting instantaneous over current fault on 02/20 and back online at 13:05pm | M83: 1. SR080622 2. SR081089 3. SR081080 4. SR081125
A84: Washington 4 | B84: NY | C84: =Sites[[#This Row],[SOL'#]] -> SOL-10829 | D84: 255677 | E84: 0 | F84: =IF(AND(ISNUMBER(D84),ISNUMBER(E84)), D84-E84, "") -> 255677 | G84: =IFERROR(F84/E84, "") | H84: 212129.44 | I84: =IF(AND(ISNUMBER(D84),ISNUMBER(H84)), D84-H84, "") -> 43547.56 | J84: =IFERROR(I84/H84, "") -> 0.20528768
A85: Big Tree | B85: NY | C85: =Sites[[#This Row],[SOL'#]] -> SOL-10966 | D85: 205830 | E85: 0 | F85: =IF(AND(ISNUMBER(D85),ISNUMBER(E85)), D85-E85, "") -> 205830 | G85: =IFERROR(F85/E85, "") | H85: 100951 | I85: =IF(AND(ISNUMBER(D85),ISNUMBER(H85)), D85-H85, "") -> 104879 | J85: =IFERROR(I85/H85, "") -> 1.03891
A86: Canoga | B86: NY | C86: =Sites[[#This Row],[SOL'#]] -> SOL-10965 | D86: 588710 | E86: 0 | F86: =IF(AND(ISNUMBER(D86),ISNUMBER(E86)), D86-E86, "") -> 588710 | G86: =IFERROR(F86/E86, "") | H86: 545036.32 | I86: =IF(AND(ISNUMBER(D86),ISNUMBER(H86)), D86-H86, "") -> 43673.68 | J86: =IFERROR(I86/H86, "") -> 0.080129853 | K86: 0.998 | L86: 1. Inverter 3 tripped multiple times in the month 2. Inverters 4 are offline multiple times in the month and back online by midday 3. Inverter 2 has tripped offline on 02/17 | M86: 1. SR081289 2. SR081073 3. SR081072
A87: County Route 84 | B87: NY | C87: =Sites[[#This Row],[SOL'#]] -> SOL-10967 | D87: 643919 | E87: 0 | F87: =IF(AND(ISNUMBER(D87),ISNUMBER(E87)), D87-E87, "") -> 643919 | G87: =IFERROR(F87/E87, "") | H87: 567853.41 | I87: =IF(AND(ISNUMBER(D87),ISNUMBER(H87)), D87-H87, "") -> 76065.59 | J87: =IFERROR(I87/H87, "") -> 0.13395286 | K87: 1 | L87: 1. Inverter 1 was offline on 02/01 from 07:00 and back online at 13:00 on 02/01 2. Site tripped offline at 17:00 on 02/28 and back online at 16:00 on 03/01 | M87: 1. SR080447 2. SR081429
A88: Donati | B88: NY | C88: =Sites[[#This Row],[SOL'#]] -> SOL-10968 | D88: 235734 | E88: 0 | F88: =IF(AND(ISNUMBER(D88),ISNUMBER(E88)), D88-E88, "") -> 235734 | G88: =IFERROR(F88/E88, "") | H88: 243552.85 | I88: =IF(AND(ISNUMBER(D88),ISNUMBER(H88)), D88-H88, "") -> -7818.85 | J88: =IFERROR(I88/H88, "") -> -0.032103299 | K88: 1
A89: Henrietta | B89: NY | C89: =Sites[[#This Row],[SOL'#]] -> SOL-10972 | D89: 268548 | E89: 0 | F89: =IF(AND(ISNUMBER(D89),ISNUMBER(E89)), D89-E89, "") -> 268548 | G89: =IFERROR(F89/E89, "") | H89: 216878 | I89: =IF(AND(ISNUMBER(D89),ISNUMBER(H89)), D89-H89, "") -> 51670 | J89: =IFERROR(I89/H89, "") -> 0.23824454 | K89: 0.9974 | L89: 1. Meter 1 is not reporting production from 02/14, meter 2 looks good. Added cumulative energy values of inverters 1 & 2 since meter 1 is not reporting from 02/14 | M89: 1. SR081032
A90: NY 70 | B90: NY | C90: =Sites[[#This Row],[SOL'#]] -> SOL-10970 | D90: 513047 | E90: 0 | F90: =IF(AND(ISNUMBER(D90),ISNUMBER(E90)), D90-E90, "") -> 513047 | G90: =IFERROR(F90/E90, "") | H90: 336952 | I90: =IF(AND(ISNUMBER(D90),ISNUMBER(H90)), D90-H90, "") -> 176095 | J90: =IFERROR(I90/H90, "") -> 0.52261153 | K90: 0.9977 | L90: 1. Inverter 3 tripped offline on 02/29/2024 at 04:40PM and back online on 03/01/2024 at 07:00AM. 2. Inverter 4 tripped offline on 02/29/2024 at 05:00PM and back online on 03/01/2024 at 07:00PM. | M90: 1. SR081477 2. SR081478
A91: Reid | B91: NY | C91: =Sites[[#This Row],[SOL'#]] -> SOL-10991 | D91: 532878.95 | E91: 547634.5 | F91: =IF(AND(ISNUMBER(D91),ISNUMBER(E91)), D91-E91, "") -> -14755.551 | G91: =IFERROR(F91/E91, "") -> -0.02694416 | H91: 430708 | I91: =IF(AND(ISNUMBER(D91),ISNUMBER(H91)), D91-H91, "") -> 102170.95 | J91: =IFERROR(I91/H91, "") -> 0.23721628 | K91: 1 | L91: 1. Inverter 5 tripped offline on 02/03/2024 at 12:00PM and back online on 02/06/2024 at 10:15AM. 2. Inverter 30 tripped offline on 02/06/2024 at 11:45PM and back online on 02/06/2024 at 13:15. | M91: 1. SR080693 2. SR080773
A92: Sangolqui | B92: NY | C92: =Sites[[#This Row],[SOL'#]] -> SOL-10975 | D92: 232615 | E92: 0 | F92: =IF(AND(ISNUMBER(D92),ISNUMBER(E92)), D92-E92, "") -> 232615 | G92: =IFERROR(F92/E92, "") | H92: 235824.05 | I92: =IF(AND(ISNUMBER(D92),ISNUMBER(H92)), D92-H92, "") -> -3209.05 | J92: =IFERROR(I92/H92, "") -> -0.013607815 | K92: 1
A93: State Highway 17B | B93: NY | C93: =Sites[[#This Row],[SOL'#]] -> SOL-10988 | D93: 573455 | E93: 0 | F93: =IF(AND(ISNUMBER(D93),ISNUMBER(E93)), D93-E93, "") -> 573455 | G93: =IFERROR(F93/E93, "") | H93: 302852 | I93: =IF(AND(ISNUMBER(D93),ISNUMBER(H93)), D93-H93, "") -> 270603 | J93: =IFERROR(I93/H93, "") -> 0.89351564 | L93: 1. Site tripped offline on 02/01/2024 at 04:50PM and later back online on 02/02/2024 at 05:10PM. 2. Inverter 2 was offline from 02/03/2024 and later back online on 02/05/2024 at 02:10PM. | M93: 1. SR080659 2. SR080203, SR080690
A94: State Route 14A | B94: NY | C94: =Sites[[#This Row],[SOL'#]] -> SOL-10997 | D94: 556372 | E94: 0 | F94: =IF(AND(ISNUMBER(D94),ISNUMBER(E94)), D94-E94, "") -> 556372 | G94: =IFERROR(F94/E94, "") | H94: 325152 | I94: =IF(AND(ISNUMBER(D94),ISNUMBER(H94)), D94-H94, "") -> 231220 | J94: =IFERROR(I94/H94, "") -> 0.71111357 | L94: 1. Site tripped offline 02/08/2023 at 02:05PM and back online on 02/09/2024 at 03:20PM. | M94: 1. SR080885
A95: West Creek | B95: NY | C95: =Sites[[#This Row],[SOL'#]] -> SOL-10995 | D95: 644863 | E95: 0 | F95: =IF(AND(ISNUMBER(D95),ISNUMBER(E95)), D95-E95, "") -> 644863 | G95: =IFERROR(F95/E95, "") | H95: 279159 | I95: =IF(AND(ISNUMBER(D95),ISNUMBER(H95)), D95-H95, "") -> 365704 | J95: =IFERROR(I95/H95, "") -> 1.3100205
A96: Wildflower | B96: NY | C96: =Sites[[#This Row],[SOL'#]] -> SOL-10982 | D96: 591798 | E96: 0 | F96: =IF(AND(ISNUMBER(D96),ISNUMBER(E96)), D96-E96, "") -> 591798 | G96: =IFERROR(F96/E96, "") | H96: 380649 | I96: =IF(AND(ISNUMBER(D96),ISNUMBER(H96)), D96-H96, "") -> 211149 | J96: =IFERROR(I96/H96, "") -> 0.55470788
A97: Glen Mary 1 | B97: NY | C97: =Sites[[#This Row],[SOL'#]] -> SOL-10993 | D97: 614649 | E97: 0 | F97: =IF(AND(ISNUMBER(D97),ISNUMBER(E97)), D97-E97, "") -> 614649 | G97: =IFERROR(F97/E97, "") | H97: 364876 | I97: =IF(AND(ISNUMBER(D97),ISNUMBER(H97)), D97-H97, "") -> 249773 | J97: =IFERROR(I97/H97, "") -> 0.68454215 | K97: 1 | L97: 1. Site tripped offline from 02/28 at 21:15PM and back online on 03/01 at 11 am | M97: 1. SR081431
A98: Glen Mary 2 | B98: NY | C98: =Sites[[#This Row],[SOL'#]] -> SOL-10994 | D98: 279832 | E98: 0 | F98: =IF(AND(ISNUMBER(D98),ISNUMBER(E98)), D98-E98, "") -> 279832 | G98: =IFERROR(F98/E98, "") | H98: 243587.25 | I98: =IF(AND(ISNUMBER(D98),ISNUMBER(H98)), D98-H98, "") -> 36244.75 | J98: =IFERROR(I98/H98, "") -> 0.14879576 | K98: 1 | L98: 1. Site tripped offline from 02/28 at 21:15 and back online at 08:50AM on 2/29 | M98: 1. SR081432
A99: Telegraph 1 | B99: NY | C99: =Sites[[#This Row],[SOL'#]] -> SOL-11003 | D99: 399000 | E99: 0 | F99: =IF(AND(ISNUMBER(D99),ISNUMBER(E99)), D99-E99, "") -> 399000 | G99: =IFERROR(F99/E99, "") | H99: 387325.54 | I99: =IF(AND(ISNUMBER(D99),ISNUMBER(H99)), D99-H99, "") -> 11674.46 | J99: =IFERROR(I99/H99, "") -> 0.030141209 | K99: 1 | L99: 1. Site tripped offline at 08:55AM on 02/06 and back online at 12:55 | M99: 1. SR080763
A100: Telegraph 2 | B100: NY | C100: =Sites[[#This Row],[SOL'#]] -> SOL-11004 | D100: 213368 | E100: 0 | F100: =IF(AND(ISNUMBER(D100),ISNUMBER(E100)), D100-E100, "") -> 213368 | G100: =IFERROR(F100/E100, "") | H100: 200346.09 | I100: =IF(AND(ISNUMBER(D100),ISNUMBER(H100)), D100-H100, "") -> 13021.91 | J100: =IFERROR(I100/H100, "") -> 0.064997076 | K100: 1 | L100: 1. Site tripped offline at 08:55AM on 02/06 and back online at 12:55 | M100: 1. SR080764
...

Sheet Mar
A1: {=portfolio} -> Generate Capital | E1: March Actual v. Expected | H1: March Actual v. Forecasted | K1: March Availability
A2: Total | D2: =SUM(D4:D138) -> 20340171 | E2: =SUM(E4:E138) -> 8459791.1 | F2: =D2-E2 -> 11880380 | G2: =IFERROR(F2/E2, 0) -> 1.4043349 | H2: =SUM(H4:H138) -> 19425836 | I2: =D2-H2 -> 914335.2 | J2: =IFERROR(I2/H2, 0) -> 0.047067998 | L2: =IF(AND(TODAY()>DATE(2024, 3, 1), COUNTA(Sites[Site])<>(COUNT(D:D)-1)), "Some sites are missing actual data; if new sites were added, make sure they are aligned correctly (including prior months!)", "") -> Some sites are missing actual data; if new sites were added, make sure they are aligned correctly (including prior months!)
A3: Site | B3: State | C3: SOL# | D3: Actual | E3: Expected | F3: Delta | G3: % | H3: Forecasted | I3: Delta | J3: % | K3: Site Availability | L3: Notes | M3: Service Requests
A4: {=Sites[Site]} -> Farmer | B4: {=Sites[State]} -> AZ | C4: =Sites[[#This Row],[SOL'#]] -> SOL-10748 | D4: 13308.369 | F4: =IF(AND(ISNUMBER(D4),ISNUMBER(E4)), D4-E4, "") | G4: =IFERROR(F4/E4, "") | H4: 12511.6 | I4: =IF(AND(ISNUMBER(D4),ISNUMBER(H4)), D4-H4, "") -> 796.76908 | J4: =IFERROR(I4/H4, "") -> 0.063682429 | K4: 1
A5: Fulton | B5: AZ | C5: =Sites[[#This Row],[SOL'#]] -> SOL-10749 | D5: 47793.75 | F5: =IF(AND(ISNUMBER(D5),ISNUMBER(E5)), D5-E5, "") | G5: =IFERROR(F5/E5, "") | H5: 55264.49 | I5: =IF(AND(ISNUMBER(D5),ISNUMBER(H5)), D5-H5, "") -> -7470.74 | J5: =IFERROR(I5/H5, "") -> -0.13518156 | K5: 1 | L5: 1. Inverter tripped offline on 03/28 at 17:00 and back online on 03/29 at 17:45 2. Inverter tripped offline on 03/30 at 14:30 and back online on 04/01 at 11:00 | M5: 1. SR082894 2. SR082942
A6: JFK Elementary | B6: AZ | C6: =Sites[[#This Row],[SOL'#]] -> SOL-10758 | D6: -1211266.5 | E6: 0 | F6: =IF(AND(ISNUMBER(D6),ISNUMBER(E6)), D6-E6, "") -> -1211266.5 | G6: =IFERROR(F6/E6, "") | H6: 18325 | I6: =IF(AND(ISNUMBER(D6),ISNUMBER(H6)), D6-H6, "") -> -1229591.5 | J6: =IFERROR(I6/H6, "") -> -67.099125 | K6: 1
A7: Noble | B7: AZ | C7: =Sites[[#This Row],[SOL'#]] -> SOL-10750 | D7: 12445.32 | F7: =IF(AND(ISNUMBER(D7),ISNUMBER(E7)), D7-E7, "") | G7: =IFERROR(F7/E7, "") | H7: 13955.14 | I7: =IF(AND(ISNUMBER(D7),ISNUMBER(H7)), D7-H7, "") -> -1509.8203 | J7: =IFERROR(I7/H7, "") -> -0.10819098 | K7: 1
A8: Parking 3 | B8: AZ | C8: =Sites[[#This Row],[SOL'#]] -> SOL-10751 | D8: 31608.757 | F8: =IF(AND(ISNUMBER(D8),ISNUMBER(E8)), D8-E8, "") | G8: =IFERROR(F8/E8, "") | H8: 30323.14 | I8: =IF(AND(ISNUMBER(D8),ISNUMBER(H8)), D8-H8, "") -> 1285.6174 | J8: =IFERROR(I8/H8, "") -> 0.042397237 | K8: 1
A9: PE East | B9: AZ | C9: =Sites[[#This Row],[SOL'#]] -> SOL-10752 | D9: 29990.198 | F9: =IF(AND(ISNUMBER(D9),ISNUMBER(E9)), D9-E9, "") | G9: =IFERROR(F9/E9, "") | H9: 29596.08 | I9: =IF(AND(ISNUMBER(D9),ISNUMBER(H9)), D9-H9, "") -> 394.11801 | J9: =IFERROR(I9/H9, "") -> 0.013316561 | K9: 1
A10: Schwada | B10: AZ | C10: =Sites[[#This Row],[SOL'#]] -> SOL-10753 | D10: 13032.212 | F10: =IF(AND(ISNUMBER(D10),ISNUMBER(E10)), D10-E10, "") | G10: =IFERROR(F10/E10, "") | H10: 12103 | I10: =IF(AND(ISNUMBER(D10),ISNUMBER(H10)), D10-H10, "") -> 929.2121 | J10: =IFERROR(I10/H10, "") -> 0.076775354 | K10: 1
A11: Starshine | B11: AZ | C11: =Sites[[#This Row],[SOL'#]] -> SOL-10757 | D11: 7256.7969 | E11: 0 | F11: =IF(AND(ISNUMBER(D11),ISNUMBER(E11)), D11-E11, "") -> 7256.7969 | G11: =IFERROR(F11/E11, "") | H11: 7972 | I11: =IF(AND(ISNUMBER(D11),ISNUMBER(H11)), D11-H11, "") -> -715.20311 | J11: =IFERROR(I11/H11, "") -> -0.089714389 | K11: 1 | L11: 1. Site started late at 12:00pm on 03/25 and on 03/26 site was offline between 08:00am to 13:00 | M11: 1. SR082722
A12: Yuma Airport | B12: AZ | C12: =Sites[[#This Row],[SOL'#]] -> SOL-10754 | D12: 80803 | E12: 98396.27 | F12: =IF(AND(ISNUMBER(D12),ISNUMBER(E12)), D12-E12, "") -> -17593.27 | G12: =IFERROR(F12/E12, "") -> -0.17880017 | H12: 84448 | I12: =IF(AND(ISNUMBER(D12),ISNUMBER(H12)), D12-H12, "") -> -3645 | J12: =IFERROR(I12/H12, "") -> -0.043162656 | K12: 1 | L12: 1. Inverter 3 tripped offline on 03/14 at 13:00 and back online on 03/20 at 11:00 | M12: 1. SR081918
A13: Kinsman | B13: OH | C13: =Sites[[#This Row],[SOL'#]] -> SOL-10762 | D13: 88565.289 | E13: 93514.47 | F13: =IF(AND(ISNUMBER(D13),ISNUMBER(E13)), D13-E13, "") -> -4949.1809 | G13: =IFERROR(F13/E13, "") -> -0.052924226 | H13: 90856 | I13: =IF(AND(ISNUMBER(D13),ISNUMBER(H13)), D13-H13, "") -> -2290.7109 | J13: =IFERROR(I13/H13, "") -> -0.025212544 | K13: 0.9946236 | L13: 1. Inverter B is offline on 03/20 and back online on 03/21 and inverter is again offline on 03/25 and backonline on 03/26 | M13: 1. SR082252
A14: Wooster | B14: OH | C14: =Sites[[#This Row],[SOL'#]] -> SOL-10763 | D14: 18579.5 | E14: 0 | F14: =IF(AND(ISNUMBER(D14),ISNUMBER(E14)), D14-E14, "") -> 18579.5 | G14: =IFERROR(F14/E14, "") | H14: 21245 | I14: =IF(AND(ISNUMBER(D14),ISNUMBER(H14)), D14-H14, "") -> -2665.5 | J14: =IFERROR(I14/H14, "") -> -0.12546482 | K14: 1
A15: Globe Gila CC | B15: AZ | C15: =Sites[[#This Row],[SOL'#]] -> SOL-10755 | D15: 15507.266 | E15: 9599.734 | F15: =IF(AND(ISNUMBER(D15),ISNUMBER(E15)), D15-E15, "") -> 5907.532 | G15: =IFERROR(F15/E15, "") -> 0.61538497 | H15: 16233 | I15: =IF(AND(ISNUMBER(D15),ISNUMBER(H15)), D15-H15, "") -> -725.73398 | J15: =IFERROR(I15/H15, "") -> -0.044707323 | K15: 0.9992132
A16: Payson Gila CC | B16: AZ | C16: =Sites[[#This Row],[SOL'#]] -> SOL-10756 | D16: 10729.982 | F16: =IF(AND(ISNUMBER(D16),ISNUMBER(E16)), D16-E16, "") | G16: =IFERROR(F16/E16, "") | H16: 12175 | I16: =IF(AND(ISNUMBER(D16),ISNUMBER(H16)), D16-H16, "") -> -1445.0181 | J16: =IFERROR(I16/H16, "") -> -0.11868732 | K16: 1
A17: SCNM | B17: AZ | C17: =Sites[[#This Row],[SOL'#]] -> SOL-10760 | D17: 73238 | F17: =IF(AND(ISNUMBER(D17),ISNUMBER(E17)), D17-E17, "") | G17: =IFERROR(F17/E17, "") | H17: 79094 | I17: =IF(AND(ISNUMBER(D17),ISNUMBER(H17)), D17-H17, "") -> -5856 | J17: =IFERROR(I17/H17, "") -> -0.074038486 | K17: 1 | L17: 1. Inverter 2 has been underperforming by 40kW compared to inverter 1 since 02/09. | M17: 1. SR081066
A18: Sequoia Charter School | B18: AZ | C18: =Sites[[#This Row],[SOL'#]] -> SOL-10759 | D18: 35577.44 | E18: 0 | F18: =IF(AND(ISNUMBER(D18),ISNUMBER(E18)), D18-E18, "") -> 35577.44 | G18: =IFERROR(F18/E18, "") | H18: 44257 | I18: =IF(AND(ISNUMBER(D18),ISNUMBER(H18)), D18-H18, "") -> -8679.56 | J18: =IFERROR(I18/H18, "") -> -0.19611722 | K18: 1
A19: RCAB | B19: MA | C19: =Sites[[#This Row],[SOL'#]] -> SOL-10838 | D19: 91724 | E19: 104793.2 | F19: =IF(AND(ISNUMBER(D19),ISNUMBER(E19)), D19-E19, "") -> -13069.2 | G19: =IFERROR(F19/E19, "") -> -0.1247142 | H19: 95252.73 | I19: =IF(AND(ISNUMBER(D19),ISNUMBER(H19)), D19-H19, "") -> -3528.73 | J19: =IFERROR(I19/H19, "") -> -0.037045972 | K19: 1 | L19: 1. Weather station 2 showing erroneous value for whole month. | M19: 1. SR082250
A20: Spectro Coatings | B20: MA | C20: =Sites[[#This Row],[SOL'#]] -> SOL-10074 | D20: 23580 | E20: 28965.39 | F20: =IF(AND(ISNUMBER(D20),ISNUMBER(E20)), D20-E20, "") -> -5385.39 | G20: =IFERROR(F20/E20, "") -> -0.185925 | H20: 26403 | I20: =IF(AND(ISNUMBER(D20),ISNUMBER(H20)), D20-H20, "") -> -2823 | J20: =IFERROR(I20/H20, "") -> -0.10691967 | K20: 1 | L20: 1. Inverter 2 tripped offline on 03/17 at 13:15 and back online on 03/18 and again tripped offline on 03/18 at 14:30. | M20: 1.SR081975
A21: K026 | B21: NY | C21: =Sites[[#This Row],[SOL'#]] -> SOL-10356 | D21: 28425.479 | E21: 30650.36 | F21: =IF(AND(ISNUMBER(D21),ISNUMBER(E21)), D21-E21, "") -> -2224.8809 | G21: =IFERROR(F21/E21, "") -> -0.072589064 | H21: 24727.43 | I21: =IF(AND(ISNUMBER(D21),ISNUMBER(H21)), D21-H21, "") -> 3698.0491 | J21: =IFERROR(I21/H21, "") -> 0.1495525 | K21: 1
A22: K041 | B22: NY | C22: =Sites[[#This Row],[SOL'#]] -> SOL-10357 | D22: 21206.42 | E22: 24097.8 | F22: =IF(AND(ISNUMBER(D22),ISNUMBER(E22)), D22-E22, "") -> -2891.3801 | G22: =IFERROR(F22/E22, "") -> -0.11998523 | H22: 22285 | I22: =IF(AND(ISNUMBER(D22),ISNUMBER(H22)), D22-H22, "") -> -1078.5801 | J22: =IFERROR(I22/H22, "") -> -0.048399375 | K22: 0.9990224 | L22: 1. Inverter 2 central unit is offline on 03/08 and back online on 03/12 | M22: 1. SR081701
A23: K043 | B23: NY | C23: =Sites[[#This Row],[SOL'#]] -> SOL-10358 | D23: 24755.859 | E23: 26350.82 | F23: =IF(AND(ISNUMBER(D23),ISNUMBER(E23)), D23-E23, "") -> -1594.9606 | G23: =IFERROR(F23/E23, "") -> -0.060527931 | H23: 4961 | I23: =IF(AND(ISNUMBER(D23),ISNUMBER(H23)), D23-H23, "") -> 19794.859 | J23: =IFERROR(I23/H23, "") -> 3.9900946 | K23: 0.9795315
A24: K058 | B24: NY | C24: =Sites[[#This Row],[SOL'#]] -> SOL-10360 | D24: 20851.625 | E24: 21154.39 | F24: =IF(AND(ISNUMBER(D24),ISNUMBER(E24)), D24-E24, "") -> -302.765 | G24: =IFERROR(F24/E24, "") -> -0.014312159 | H24: 18554.58 | I24: =IF(AND(ISNUMBER(D24),ISNUMBER(H24)), D24-H24, "") -> 2297.045 | J24: =IFERROR(I24/H24, "") -> 0.12379935 | K24: 1
A25: K115 | B25: NY | C25: =Sites[[#This Row],[SOL'#]] -> SOL-10361 | D25: 5488.1328 | E25: 9789.203 | F25: =IF(AND(ISNUMBER(D25),ISNUMBER(E25)), D25-E25, "") -> -4301.0702 | G25: =IFERROR(F25/E25, "") -> -0.43936878 | H25: 12341.83 | I25: =IF(AND(ISNUMBER(D25),ISNUMBER(H25)), D25-H25, "") -> -6853.6972 | J25: =IFERROR(I25/H25, "") -> -0.55532261 | K25: 0.9657092
A26: K152 | B26: NY | C26: =Sites[[#This Row],[SOL'#]] -> SOL-10362 | D26: 8147.3594 | E26: 8137.591 | F26: =IF(AND(ISNUMBER(D26),ISNUMBER(E26)), D26-E26, "") -> 9.768375 | G26: =IFERROR(F26/E26, "") -> 0.0012004013 | H26: 7172 | I26: =IF(AND(ISNUMBER(D26),ISNUMBER(H26)), D26-H26, "") -> 975.35938 | J26: =IFERROR(I26/H26, "") -> 0.13599545 | K26: 1
A27: K166 | B27: NY | C27: =Sites[[#This Row],[SOL'#]] -> SOL-10363 | D27: 28664.125 | E27: 30585.97 | F27: =IF(AND(ISNUMBER(D27),ISNUMBER(E27)), D27-E27, "") -> -1921.845 | G27: =IFERROR(F27/E27, "") -> -0.062834201 | H27: 26063.99 | I27: =IF(AND(ISNUMBER(D27),ISNUMBER(H27)), D27-H27, "") -> 2600.135 | J27: =IFERROR(I27/H27, "") -> 0.099759668 | K27: 1
A28: K206 | B28: NY | C28: =Sites[[#This Row],[SOL'#]] -> SOL-10927 | D28: 12626.66 | E28: 17070.91 | F28: =IF(AND(ISNUMBER(D28),ISNUMBER(E28)), D28-E28, "") -> -4444.2498 | G28: =IFERROR(F28/E28, "") -> -0.26034054 | H28: 15907 | I28: =IF(AND(ISNUMBER(D28),ISNUMBER(H28)), D28-H28, "") -> -3280.3398 | J28: =IFERROR(I28/H28, "") -> -0.20621989 | K28: 0.9904375 | L28: 1. Inverter tripped offline on 03/19 at 11:00 am and back online on 03/20. Right unit is RMA'd on 03/22. | M28: 1.SR082110
A29: K251 | B29: NY | C29: =Sites[[#This Row],[SOL'#]] -> SOL-10365 | D29: 14358.094 | E29: 18723.29 | F29: =IF(AND(ISNUMBER(D29),ISNUMBER(E29)), D29-E29, "") -> -4365.1963 | G29: =IFERROR(F29/E29, "") -> -0.23314259 | H29: 16846.13 | I29: =IF(AND(ISNUMBER(D29),ISNUMBER(H29)), D29-H29, "") -> -2488.0363 | J29: =IFERROR(I29/H29, "") -> -0.14769186 | K29: 0.9989247 | L29: 1. Inverter 2 is offline from 03/05 and being RMA'd | M29: 1. SR075645
A30: K269 | B30: NY | C30: =Sites[[#This Row],[SOL'#]] -> SOL-10366 | D30: 17329.844 | F30: =IF(AND(ISNUMBER(D30),ISNUMBER(E30)), D30-E30, "") | G30: =IFERROR(F30/E30, "") | H30: 17359.52 | I30: =IF(AND(ISNUMBER(D30),ISNUMBER(H30)), D30-H30, "") -> -29.67625 | J30: =IFERROR(I30/H30, "") -> -0.0017095087 | K30: 1
A31: K273 | B31: NY | C31: =Sites[[#This Row],[SOL'#]] -> SOL-10367 | D31: 19692.938 | F31: =IF(AND(ISNUMBER(D31),ISNUMBER(E31)), D31-E31, "") | G31: =IFERROR(F31/E31, "") | H31: 19892 | I31: =IF(AND(ISNUMBER(D31),ISNUMBER(H31)), D31-H31, "") -> -199.0625 | J31: =IFERROR(I31/H31, "") -> -0.010007164 | K31: 1
A32: K287 | B32: NY | C32: =Sites[[#This Row],[SOL'#]] -> SOL-10919 | D32: 15267.031 | E32: 13387.77 | F32: =IF(AND(ISNUMBER(D32),ISNUMBER(E32)), D32-E32, "") -> 1879.2612 | G32: =IFERROR(F32/E32, "") -> 0.14037149 | H32: 15141 | I32: =IF(AND(ISNUMBER(D32),ISNUMBER(H32)), D32-H32, "") -> 126.03125 | J32: =IFERROR(I32/H32, "") -> 0.0083238392 | K32: 1
A33: K298 | B33: NY | C33: =Sites[[#This Row],[SOL'#]] -> SOL-10368 | D33: 16562.984 | E33: 17371.77 | F33: =IF(AND(ISNUMBER(D33),ISNUMBER(E33)), D33-E33, "") -> -808.78563 | G33: =IFERROR(F33/E33, "") -> -0.046557468 | H33: 16617 | I33: =IF(AND(ISNUMBER(D33),ISNUMBER(H33)), D33-H33, "") -> -54.015625 | J33: =IFERROR(I33/H33, "") -> -0.0032506244 | K33: 1
A34: K335 | B34: NY | C34: =Sites[[#This Row],[SOL'#]] -> SOL-10370 | D34: 15979.406 | E34: 18687.03 | F34: =IF(AND(ISNUMBER(D34),ISNUMBER(E34)), D34-E34, "") -> -2707.6237 | G34: =IFERROR(F34/E34, "") -> -0.14489321 | H34: 16751 | I34: =IF(AND(ISNUMBER(D34),ISNUMBER(H34)), D34-H34, "") -> -771.59375 | J34: =IFERROR(I34/H34, "") -> -0.046062549 | K34: 1 | L34: 1. Inverter 1 is underproducing due to multiple tripping on left and right unit from 03/21. | M34: 1. SR082762
A35: K345 | B35: NY | C35: =Sites[[#This Row],[SOL'#]] -> SOL-10920 | D35: 18286.344 | E35: 12310.74 | F35: =IF(AND(ISNUMBER(D35),ISNUMBER(E35)), D35-E35, "") -> 5975.6038 | G35: =IFERROR(F35/E35, "") -> 0.48539761 | H35: 19934 | I35: =IF(AND(ISNUMBER(D35),ISNUMBER(H35)), D35-H35, "") -> -1647.6562 | J35: =IFERROR(I35/H35, "") -> -0.082655576 | K35: 0.9726418 | L35: 1. Inverter 3 right unit is underproducing approximately 12kW for whole month | M35: 1. SR081580
A36: K445 | B36: NY | C36: =Sites[[#This Row],[SOL'#]] -> SOL-10373 | D36: 16171.781 | E36: 17957.29 | F36: =IF(AND(ISNUMBER(D36),ISNUMBER(E36)), D36-E36, "") -> -1785.5088 | G36: =IFERROR(F36/E36, "") -> -0.099430858 | H36: 16003.82 | I36: =IF(AND(ISNUMBER(D36),ISNUMBER(H36)), D36-H36, "") -> 167.96125 | J36: =IFERROR(I36/H36, "") -> 0.010495072 | K36: 1
A37: K495 | B37: NY | C37: =Sites[[#This Row],[SOL'#]] -> SOL-10374 | D37: 60571.12 | E37: 56576.69 | F37: =IF(AND(ISNUMBER(D37),ISNUMBER(E37)), D37-E37, "") -> 3994.4297 | G37: =IFERROR(F37/E37, "") -> 0.070602039 | H37: 69499 | I37: =IF(AND(ISNUMBER(D37),ISNUMBER(H37)), D37-H37, "") -> -8927.8803 | J37: =IFERROR(I37/H37, "") -> -0.12846056 | K37: 0.7975246 | L37: 1. Site tripped offline on 03/01 and back online on 03/04 at 11am 2. Site is offline on 03/27 and back online on 03/28 at 14:30 and again the site is offline on 03/29 and back online at 13:00 on 03/29 | M37: 1. SR081486 2. SR082799
A38: M020 | B38: NY | C38: =Sites[[#This Row],[SOL'#]] -> SOL-10380 | D38: 16848.047 | E38: 15388.65 | F38: =IF(AND(ISNUMBER(D38),ISNUMBER(E38)), D38-E38, "") -> 1459.3969 | G38: =IFERROR(F38/E38, "") -> 0.094835926 | H38: 18985 | I38: =IF(AND(ISNUMBER(D38),ISNUMBER(H38)), D38-H38, "") -> -2136.9531 | J38: =IFERROR(I38/H38, "") -> -0.11256008 | K38: 0.9725988
A39: M092 | B39: NY | C39: =Sites[[#This Row],[SOL'#]] -> SOL-10383 | D39: 16658.062 | E39: 18158.13 | F39: =IF(AND(ISNUMBER(D39),ISNUMBER(E39)), D39-E39, "") -> -1500.0675 | G39: =IFERROR(F39/E39, "") -> -0.082611343 | H39: 17655.46 | I39: =IF(AND(ISNUMBER(D39),ISNUMBER(H39)), D39-H39, "") -> -997.3975 | J39: =IFERROR(I39/H39, "") -> -0.056492298 | K39: 1
A40: M143 | B40: NY | C40: =Sites[[#This Row],[SOL'#]] -> SOL-10384 | D40: 20092.312 | E40: 22283.18 | F40: =IF(AND(ISNUMBER(D40),ISNUMBER(E40)), D40-E40, "") -> -2190.8675 | G40: =IFERROR(F40/E40, "") -> -0.098319338 | H40: 20051.12 | I40: =IF(AND(ISNUMBER(D40),ISNUMBER(H40)), D40-H40, "") -> 41.1925 | J40: =IFERROR(I40/H40, "") -> 0.002054374 | K40: 1
A41: M144 | B41: NY | C41: =Sites[[#This Row],[SOL'#]] -> SOL-10385 | D41: 27745.031 | E41: 0 | F41: =IF(AND(ISNUMBER(D41),ISNUMBER(E41)), D41-E41, "") -> 27745.031 | G41: =IFERROR(F41/E41, "") | H41: 29347 | I41: =IF(AND(ISNUMBER(D41),ISNUMBER(H41)), D41-H41, "") -> -1601.9688 | J41: =IFERROR(I41/H41, "") -> -0.054587138 | K41: 0.9780815
A42: M167 | B42: NY | C42: =Sites[[#This Row],[SOL'#]] -> SOL-10386 | D42: 21029.283 | E42: 15675.65 | F42: =IF(AND(ISNUMBER(D42),ISNUMBER(E42)), D42-E42, "") -> 5353.6332 | G42: =IFERROR(F42/E42, "") -> 0.34152544 | H42: 23692.69 | I42: =IF(AND(ISNUMBER(D42),ISNUMBER(H42)), D42-H42, "") -> -2663.4068 | J42: =IFERROR(I42/H42, "") -> -0.11241471 | K42: 1
A43: M188 | B43: NY | C43: =Sites[[#This Row],[SOL'#]] -> SOL-10387 | D43: 15230.627 | E43: 0 | F43: =IF(AND(ISNUMBER(D43),ISNUMBER(E43)), D43-E43, "") -> 15230.627 | G43: =IFERROR(F43/E43, "") | H43: 15347 | I43: =IF(AND(ISNUMBER(D43),ISNUMBER(H43)), D43-H43, "") -> -116.37273 | J43: =IFERROR(I43/H43, "") -> -0.0075827676 | K43: 0.9726418
A44: EMHC | B44: NY | C44: =Sites[[#This Row],[SOL'#]] -> SOL-10351 | D44: 4392.8931 | E44: 4646.503 | F44: =IF(AND(ISNUMBER(D44),ISNUMBER(E44)), D44-E44, "") -> -253.60993 | G44: =IFERROR(F44/E44, "") -> -0.054580818 | H44: 6483.165 | I44: =IF(AND(ISNUMBER(D44),ISNUMBER(H44)), D44-H44, "") -> -2090.2719 | J44: =IFERROR(I44/H44, "") -> -0.32241535 | K44: 1
A45: Q008 | B45: NY | C45: =Sites[[#This Row],[SOL'#]] -> SOL-10397 | D45: 24188.484 | E45: 23582.52 | F45: =IF(AND(ISNUMBER(D45),ISNUMBER(E45)), D45-E45, "") -> 605.96437 | G45: =IFERROR(F45/E45, "") -> 0.025695489 | H45: 24376 | I45: =IF(AND(ISNUMBER(D45),ISNUMBER(H45)), D45-H45, "") -> -187.51562 | J45: =IFERROR(I45/H45, "") -> -0.0076926331 | K45: 0.9740581
A46: Q018 | B46: NY | C46: =Sites[[#This Row],[SOL'#]] -> SOL-10398 | D46: 16216.938 | E46: 14933.98 | F46: =IF(AND(ISNUMBER(D46),ISNUMBER(E46)), D46-E46, "") -> 1282.9575 | G46: =IFERROR(F46/E46, "") -> 0.085908612 | H46: 13208.78 | I46: =IF(AND(ISNUMBER(D46),ISNUMBER(H46)), D46-H46, "") -> 3008.1575 | J46: =IFERROR(I46/H46, "") -> 0.22773924 | K46: 1
A47: Q021 | B47: NY | C47: =Sites[[#This Row],[SOL'#]] -> SOL-10399 | D47: 12773.469 | E47: 13011.63 | F47: =IF(AND(ISNUMBER(D47),ISNUMBER(E47)), D47-E47, "") -> -238.16125 | G47: =IFERROR(F47/E47, "") -> -0.018303721 | H47: 10866.72 | I47: =IF(AND(ISNUMBER(D47),ISNUMBER(H47)), D47-H47, "") -> 1906.7488 | J47: =IFERROR(I47/H47, "") -> 0.17546682 | K47: 1
A48: Q025 | B48: NY | C48: =Sites[[#This Row],[SOL'#]] -> SOL-10400 | D48: 21273.75 | E48: 21733.1 | F48: =IF(AND(ISNUMBER(D48),ISNUMBER(E48)), D48-E48, "") -> -459.35 | G48: =IFERROR(F48/E48, "") -> -0.021135963 | H48: 12738 | I48: =IF(AND(ISNUMBER(D48),ISNUMBER(H48)), D48-H48, "") -> 8535.75 | J48: =IFERROR(I48/H48, "") -> 0.67010127 | K48: 1
A49: Q074 | B49: NY | C49: =Sites[[#This Row],[SOL'#]] -> SOL-10402 | D49: 14048.156 | E49: 13983.17 | F49: =IF(AND(ISNUMBER(D49),ISNUMBER(E49)), D49-E49, "") -> 64.98625 | G49: =IFERROR(F49/E49, "") -> 0.0046474619 | H49: 12511.94 | I49: =IF(AND(ISNUMBER(D49),ISNUMBER(H49)), D49-H49, "") -> 1536.2162 | J49: =IFERROR(I49/H49, "") -> 0.12278002 | K49: 1
... A55: Q229 | B55: NY | C55: =Sites[[#This Row],[SOL'#]] -> SOL-10408 | D55: 10932.938 | E55: 11221.02 | F55: =IF(AND(ISNUMBER(D55),ISNUMBER(E55)), D55-E55, "") -> -288.0825 | G55: =IFERROR(F55/E55, "") -> -0.025673468 | H55: 910.3697 | I55: =IF(AND(ISNUMBER(D55),ISNUMBER(H55)), D55-H55, "") -> 10022.568 | J55: =IFERROR(I55/H55, "") -> 11.009338 | K55: 1
A56: Q231 | B56: NY | C56: =Sites[[#This Row],[SOL'#]] -> SOL-10870 | D56: 38473.062 | E56: 40491.79 | F56: =IF(AND(ISNUMBER(D56),ISNUMBER(E56)), D56-E56, "") -> -2018.7275 | G56: =IFERROR(F56/E56, "") -> -0.04985523 | H56: 40060 | I56: =IF(AND(ISNUMBER(D56),ISNUMBER(H56)), D56-H56, "") -> -1586.9375 | J56: =IFERROR(I56/H56, "") -> -0.039614016 | K56: 1 | L56: 1. Site was taken offline by the technician on 03/21 at 13:00 & back online on 03/22 at 13:00. | M56: 1.SR082347
A57: Q405 | B57: NY | C57: =Sites[[#This Row],[SOL'#]] -> SOL-10409 | D57: 44961.625 | E57: 44943.98 | F57: =IF(AND(ISNUMBER(D57),ISNUMBER(E57)), D57-E57, "") -> 17.645 | G57: =IFERROR(F57/E57, "") -> 0.00039259985 | H57: 40475.65 | I57: =IF(AND(ISNUMBER(D57),ISNUMBER(H57)), D57-H57, "") -> 4485.975 | J57: =IFERROR(I57/H57, "") -> 0.11083145 | K57: 1
A58: Q435 | B58: NY | C58: =Sites[[#This Row],[SOL'#]] -> SOL-10923 | F58: =IF(AND(ISNUMBER(D58),ISNUMBER(E58)), D58-E58, "") | G58: =IFERROR(F58/E58, "") | H58: 57626 | I58: =IF(AND(ISNUMBER(D58),ISNUMBER(H58)), D58-H58, "") | J58: =IFERROR(I58/H58, "") | K58: 0 | L58: 1. Site is offline throughout the month due to transformer issue. | M58: 1.SR077239
A59: Q485 | B59: NY | C59: =Sites[[#This Row],[SOL'#]] -> SOL-10869 | D59: 53745.277 | E59: 40763.14 | F59: =IF(AND(ISNUMBER(D59),ISNUMBER(E59)), D59-E59, "") -> 12982.137 | G59: =IFERROR(F59/E59, "") -> 0.31847736 | H59: 54257.88 | I59: =IF(AND(ISNUMBER(D59),ISNUMBER(H59)), D59-H59, "") -> -512.60266 | J59: =IFERROR(I59/H59, "") -> -0.0094475246 | K59: 1
A60: Q490 | B60: NY | C60: =Sites[[#This Row],[SOL'#]] -> SOL-10411 | D60: 38784.436 | F60: =IF(AND(ISNUMBER(D60),ISNUMBER(E60)), D60-E60, "") | G60: =IFERROR(F60/E60, "") | H60: 35227.74 | I60: =IF(AND(ISNUMBER(D60),ISNUMBER(H60)), D60-H60, "") -> 3556.6956 | J60: =IFERROR(I60/H60, "") -> 0.10096292 | K60: 1
A61: Q620 | B61: NY | C61: =Sites[[#This Row],[SOL'#]] -> SOL-10867 | D61: 58156.5 | E61: 58634.66 | F61: =IF(AND(ISNUMBER(D61),ISNUMBER(E61)), D61-E61, "") -> -478.16 | G61: =IFERROR(F61/E61, "") -> -0.0081549036 | H61: 57162.21 | I61: =IF(AND(ISNUMBER(D61),ISNUMBER(H61)), D61-H61, "") -> 994.29 | J61: =IFERROR(I61/H61, "") -> 0.017394184 | K61: 1
A62: QMOA | B62: NY | C62: =Sites[[#This Row],[SOL'#]] -> SOL-10415 | D62: 4986.5 | F62: =IF(AND(ISNUMBER(D62),ISNUMBER(E62)), D62-E62, "") | G62: =IFERROR(F62/E62, "") | H62: 5158.671 | I62: =IF(AND(ISNUMBER(D62),ISNUMBER(H62)), D62-H62, "") -> -172.171 | J62: =IFERROR(I62/H62, "") -> -0.033375069 | K62: 1
A63: X024 | B63: NY | C63: =Sites[[#This Row],[SOL'#]] -> SOL-10419 | D63: 22463.531 | E63: 23321.84 | F63: =IF(AND(ISNUMBER(D63),ISNUMBER(E63)), D63-E63, "") -> -858.30875 | G63: =IFERROR(F63/E63, "") -> -0.036802789 | H63: 18167 | I63: =IF(AND(ISNUMBER(D63),ISNUMBER(H63)), D63-H63, "") -> 4296.5312 | J63: =IFERROR(I63/H63, "") -> 0.23650197 | K63: 0.9794978
A64: X026 | B64: NY | C64: =Sites[[#This Row],[SOL'#]] -> SOL-10420 | D64: 17410.1 | E64: 18695.32 | F64: =IF(AND(ISNUMBER(D64),ISNUMBER(E64)), D64-E64, "") -> -1285.22 | G64: =IFERROR(F64/E64, "") -> -0.068745547 | H64: 22181.89 | I64: =IF(AND(ISNUMBER(D64),ISNUMBER(H64)), D64-H64, "") -> -4771.79 | J64: =IFERROR(I64/H64, "") -> -0.21512098 | L64: 1. Inverter 2 left unit is offline from 02/15 & continued till 03/15. | M64: 1.SR081335
A65: X090 | B65: NY | C65: =Sites[[#This Row],[SOL'#]] -> SOL-10925 | D65: 16916.57 | E65: 13225.85 | F65: =IF(AND(ISNUMBER(D65),ISNUMBER(E65)), D65-E65, "") -> 3690.7203 | G65: =IFERROR(F65/E65, "") -> 0.27905354 | H65: 15094 | I65: =IF(AND(ISNUMBER(D65),ISNUMBER(H65)), D65-H65, "") -> 1822.5703 | J65: =IFERROR(I65/H65, "") -> 0.120748
A66: X117 | B66: NY | C66: =Sites[[#This Row],[SOL'#]] -> SOL-10422 | D66: 13455 | E66: 15855.09 | F66: =IF(AND(ISNUMBER(D66),ISNUMBER(E66)), D66-E66, "") -> -2400.09 | G66: =IFERROR(F66/E66, "") -> -0.15137662 | H66: 23583 | I66: =IF(AND(ISNUMBER(D66),ISNUMBER(H66)), D66-H66, "") -> -10128 | J66: =IFERROR(I66/H66, "") -> -0.4294619
A67: X125 | B67: NY | C67: =Sites[[#This Row],[SOL'#]] -> SOL-10423 | D67: 26170.438 | E67: 27691.59 | F67: =IF(AND(ISNUMBER(D67),ISNUMBER(E67)), D67-E67, "") -> -1521.1525 | G67: =IFERROR(F67/E67, "") -> -0.054931931 | H67: 19153.71 | I67: =IF(AND(ISNUMBER(D67),ISNUMBER(H67)), D67-H67, "") -> 7016.7275 | J67: =IFERROR(I67/H67, "") -> 0.36633777
A68: X134 | B68: NY | C68: =Sites[[#This Row],[SOL'#]] -> SOL-10424 | D68: 24982.812 | E68: 0 | F68: =IF(AND(ISNUMBER(D68),ISNUMBER(E68)), D68-E68, "") -> 24982.812 | G68: =IFERROR(F68/E68, "") | H68: 0 | I68: =IF(AND(ISNUMBER(D68),ISNUMBER(H68)), D68-H68, "") -> 24982.812 | J68: =IFERROR(I68/H68, "")
A69: X135 | B69: NY | C69: =Sites[[#This Row],[SOL'#]] -> SOL-10425 | D69: 19923.844 | E69: 0 | F69: =IF(AND(ISNUMBER(D69),ISNUMBER(E69)), D69-E69, "") -> 19923.844 | G69: =IFERROR(F69/E69, "") | H69: 0 | I69: =IF(AND(ISNUMBER(D69),ISNUMBER(H69)), D69-H69, "") -> 19923.844 | J69: =IFERROR(I69/H69, "")
A70: X139 JHS 222 | B70: NY | C70: =Sites[[#This Row],[SOL'#]] -> SOL-10426 | D70: 32288.393 | E70: 33629.4 | F70: =IF(AND(ISNUMBER(D70),ISNUMBER(E70)), D70-E70, "") -> -1341.0068 | G70: =IFERROR(F70/E70, "") -> -0.039876026 | H70: 30257 | I70: =IF(AND(ISNUMBER(D70),ISNUMBER(H70)), D70-H70, "") -> 2031.3932 | J70: =IFERROR(I70/H70, "") -> 0.067137957 | K70: 0.9964158
A71: X140 | B71: NY | C71: =Sites[[#This Row],[SOL'#]] -> SOL-10926 | D71: 17641.396 | E71: 14558.62 | F71: =IF(AND(ISNUMBER(D71),ISNUMBER(E71)), D71-E71, "") -> 3082.7765 | G71: =IFERROR(F71/E71, "") -> 0.21174922 | H71: 17584 | I71: =IF(AND(ISNUMBER(D71),ISNUMBER(H71)), D71-H71, "") -> 57.396484 | J71: =IFERROR(I71/H71, "") -> 0.0032641313 | K71: 0
A72: X166 | B72: NY | C72: =Sites[[#This Row],[SOL'#]] -> SOL-10427 | D72: 18860.8 | E72: 18371.54 | F72: =IF(AND(ISNUMBER(D72),ISNUMBER(E72)), D72-E72, "") -> 489.26 | G72: =IFERROR(F72/E72, "") -> 0.026631409 | H72: 0 | I72: =IF(AND(ISNUMBER(D72),ISNUMBER(H72)), D72-H72, "") -> 18860.8 | J72: =IFERROR(I72/H72, "")
A73: Murphy | B73: MN | C73: =Sites[[#This Row],[SOL'#]] -> SOL-10094 | D73: 771470 | E73: 819414.3 | F73: =IF(AND(ISNUMBER(D73),ISNUMBER(E73)), D73-E73, "") -> -47944.3 | G73: =IFERROR(F73/E73, "") -> -0.058510451 | H73: 813164.5 | I73: =IF(AND(ISNUMBER(D73),ISNUMBER(H73)), D73-H73, "") -> -41694.5 | J73: =IFERROR(I73/H73, "") -> -0.051274373 | K73: 0.9952688 | L73: 1. Site was on battery mod on 03/07 at 12:45 & back online at 14:15. 2. Site is offline on 03/27 & continued throughout the month. 3. Inverter 5 derated from 08:00 to 10:35 on 03/01/23024 | M73: 1.SR082874 2.SR082874 3. SR081494
A74: Terning | B74: MN | C74: =Sites[[#This Row],[SOL'#]] -> SOL-10093 | D74: 872393.89 | E74: 948035.2 | F74: =IF(AND(ISNUMBER(D74),ISNUMBER(E74)), D74-E74, "") -> -75641.315 | G74: =IFERROR(F74/E74, "") -> -0.079787454 | H74: 796894.4 | I74: =IF(AND(ISNUMBER(D74),ISNUMBER(H74)), D74-H74, "") -> 75499.485 | J74: =IFERROR(I74/H74, "") -> 0.094742145 | K74: 0.9935749
A75: Boas Road 04 | B75: NY | C75: =Sites[[#This Row],[SOL'#]] -> SOL-10908 | D75: 268362 | E75: 320248.16 | F75: =IF(AND(ISNUMBER(D75),ISNUMBER(E75)), D75-E75, "") -> -51886.16 | G75: =IFERROR(F75/E75, "") -> -0.1620186 | H75: 302866.2 | I75: =IF(AND(ISNUMBER(D75),ISNUMBER(H75)), D75-H75, "") -> -34504.2 | J75: =IFERROR(I75/H75, "") -> -0.11392556 | K75: 0.9767 | L75: 1. Inverter 2 CB 5 is offline for whole month. | M75: 1. SR080998
A76: Kelly Bridge Farm | B76: NY | C76: =Sites[[#This Row],[SOL'#]] -> SOL-10911 | D76: 283319 | E76: 283454.9 | F76: =IF(AND(ISNUMBER(D76),ISNUMBER(E76)), D76-E76, "") -> -135.9 | G76: =IFERROR(F76/E76, "") -> -0.00047944135 | H76: 307766.94 | I76: =IF(AND(ISNUMBER(D76),ISNUMBER(H76)), D76-H76, "") -> -24447.94 | J76: =IFERROR(I76/H76, "") -> -0.079436537 | K76: 0.9898 | L76: 1. Inverter 12 tripped offline on 03/08 and back online on 03/11 2. Inverter 12 again tripped offline on 03/12 at 10:35 and back online on 03/13 at 10:35 3. Inverter 7 tripped offline on 03/29 at 10:40 and back online on 04/01 4. Inverter 13 tripped offline on 03/29 17:25 and back online on 04/01 | M76: 1. SR081708 2. SR081833 3. SR082896 4. SR082917
A77: Pool Brook Road | B77: NY | C77: =Sites[[#This Row],[SOL'#]] -> SOL-10909 | D77: 224156 | E77: 246274.06 | F77: =IF(AND(ISNUMBER(D77),ISNUMBER(E77)), D77-E77, "") -> -22118.06 | G77: =IFERROR(F77/E77, "") -> -0.089810758 | H77: 260383.15 | I77: =IF(AND(ISNUMBER(D77),ISNUMBER(H77)), D77-H77, "") -> -36227.15 | J77: =IFERROR(I77/H77, "") -> -0.13913016 | K77: 0.999
A78: Sackett Lake | B78: NY | C78: =Sites[[#This Row],[SOL'#]] -> SOL-10910 | D78: 281497 | E78: 294503.09 | F78: =IF(AND(ISNUMBER(D78),ISNUMBER(E78)), D78-E78, "") -> -13006.09 | G78: =IFERROR(F78/E78, "") -> -0.04416283 | H78: 309885.65 | I78: =IF(AND(ISNUMBER(D78),ISNUMBER(H78)), D78-H78, "") -> -28388.65 | J78: =IFERROR(I78/H78, "") -> -0.091610083 | K78: 0.9849 | L78: 1. Inverter 1 tripped offline at 16:40 on 03/24 & back online on 03/25 at 14:15 | M78: 1.SR082613
A79: Burritt Road | B79: NY | C79: =Sites[[#This Row],[SOL'#]] -> SOL-10913 | D79: 287110 | E79: 309262.42 | F79: =IF(AND(ISNUMBER(D79),ISNUMBER(E79)), D79-E79, "") -> -22152.42 | G79: =IFERROR(F79/E79, "") -> -0.071629848 | H79: 263678.92 | I79: =IF(AND(ISNUMBER(D79),ISNUMBER(H79)), D79-H79, "") -> 23431.08 | J79: =IFERROR(I79/H79, "") -> 0.088862166 | K79: 0.9999
A80: Villa Roma 1 | B80: NY | C80: =Sites[[#This Row],[SOL'#]] -> SOL-10914 | D80: 247197 | E80: 187438.62 | F80: =IF(AND(ISNUMBER(D80),ISNUMBER(E80)), D80-E80, "") -> 59758.38 | G80: =IFERROR(F80/E80, "") -> 0.31881573 | H80: 229667.15 | I80: =IF(AND(ISNUMBER(D80),ISNUMBER(H80)), D80-H80, "") -> 17529.85 | J80: =IFERROR(I80/H80, "") -> 0.076327198
A81: Villa Roma 2 | B81: NY | C81: =Sites[[#This Row],[SOL'#]] -> SOL-10915 | D81: 239163 | E81: 255555.88 | F81: =IF(AND(ISNUMBER(D81),ISNUMBER(E81)), D81-E81, "") -> -16392.88 | G81: =IFERROR(F81/E81, "") -> -0.064145971 | H81: 222310.5 | I81: =IF(AND(ISNUMBER(D81),ISNUMBER(H81)), D81-H81, "") -> 16852.5 | J81: =IFERROR(I81/H81, "") -> 0.075806136
A82: Washington 1 | B82: NY | C82: =Sites[[#This Row],[SOL'#]] -> SOL-10912 | D82: 274890 | E82: 310472.97 | F82: =IF(AND(ISNUMBER(D82),ISNUMBER(E82)), D82-E82, "") -> -35582.97 | G82: =IFERROR(F82/E82, "") -> -0.11460891 | H82: 257720.66 | I82: =IF(AND(ISNUMBER(D82),ISNUMBER(H82)), D82-H82, "") -> 17169.34 | J82: =IFERROR(I82/H82, "") -> 0.06661996
A83: Washington 3 | B83: NY | C83: =Sites[[#This Row],[SOL'#]] -> SOL-10828 | D83: 278384 | E83: 329460.01 | F83: =IF(AND(ISNUMBER(D83),ISNUMBER(E83)), D83-E83, "") -> -51076.01 | G83: =IFERROR(F83/E83, "") -> -0.15502947 | H83: 314397.57 | I83: =IF(AND(ISNUMBER(D83),ISNUMBER(H83)), D83-H83, "") -> -36013.57 | J83: =IFERROR(I83/H83, "") -> -0.11454786 | L83: 1. Site tripped offline at 14:00 on 03/04 & back online at 12:55 on 03/08. 2. Site is offline from 07:30 to 12:15 on 03/25. 3. Site was taken offline by the technician 12:00 to 12:45 on 02/13. | M83: 1. SR081561 2.SR082703 3. SR081848
A84: Washington 4 | B84: NY | C84: =Sites[[#This Row],[SOL'#]] -> SOL-10829 | D84: 325139 | E84: 0 | F84: =IF(AND(ISNUMBER(D84),ISNUMBER(E84)), D84-E84, "") -> 325139 | G84: =IFERROR(F84/E84, "") | H84: 315271.55 | I84: =IF(AND(ISNUMBER(D84),ISNUMBER(H84)), D84-H84, "") -> 9867.45 | J84: =IFERROR(I84/H84, "") -> 0.031298257 | L84: 1. Inverter 1 tripped offline on 03/11 from 10:00 to 15:05. 2. Site tripped offline on 03/12 from 11:00 to 14:00 | M84: 1.SR081756 2.SR081804
A85: Big Tree | B85: NY | C85: =Sites[[#This Row],[SOL'#]] -> SOL-10966 | D85: 235506 | E85: 0 | F85: =IF(AND(ISNUMBER(D85),ISNUMBER(E85)), D85-E85, "") -> 235506 | G85: =IFERROR(F85/E85, "") | H85: 107912 | I85: =IF(AND(ISNUMBER(D85),ISNUMBER(H85)), D85-H85, "") -> 127594 | J85: =IFERROR(I85/H85, "") -> 1.1823894
A86: Canoga | B86: NY | C86: =Sites[[#This Row],[SOL'#]] -> SOL-10965 | D86: 708100 | E86: 0 | F86: =IF(AND(ISNUMBER(D86),ISNUMBER(E86)), D86-E86, "") -> 708100 | G86: =IFERROR(F86/E86, "") | H86: 725537.68 | I86: =IF(AND(ISNUMBER(D86),ISNUMBER(H86)), D86-H86, "") -> -17437.68 | J86: =IFERROR(I86/H86, "") -> -0.024034148 | K86: 0.993 | L86: 1. Inverter 3 is offline on 03/19, 03/21, 03/22, 03/25, 03/29 and 03/30 due to temperatur fault | M86: 1. SR081289
A87: County Route 84 | B87: NY | C87: =Sites[[#This Row],[SOL'#]] -> SOL-10967 | D87: 661187 | E87: 0 | F87: =IF(AND(ISNUMBER(D87),ISNUMBER(E87)), D87-E87, "") -> 661187 | G87: =IFERROR(F87/E87, "") | H87: 805965.4 | I87: =IF(AND(ISNUMBER(D87),ISNUMBER(H87)), D87-H87, "") -> -144778.4 | J87: =IFERROR(I87/H87, "") -> -0.17963352 | K87: 0.9997 | L87: 1. Site tripped offline on 02/28 at 18:15and back online on 03/01 at 16:05 | M87: 1. SR081429
A88: Donati | B88: NY | C88: =Sites[[#This Row],[SOL'#]] -> SOL-10968 | D88: 310641 | E88: 0 | F88: =IF(AND(ISNUMBER(D88),ISNUMBER(E88)), D88-E88, "") -> 310641 | G88: =IFERROR(F88/E88, "") | H88: 342778.08 | I88: =IF(AND(ISNUMBER(D88),ISNUMBER(H88)), D88-H88, "") -> -32137.08 | J88: =IFERROR(I88/H88, "") -> -0.09375477 | K88: 0.9985 | L88: 1. Inverter 1 CB 12.3 tripped offline on 03/04 and back online on 03/06 2. CB 02 is offline on 03/19 and back online on 03/20 | M88: 1. SR081550 2. SR082126
A89: Henrietta | B89: NY | C89: =Sites[[#This Row],[SOL'#]] -> SOL-10972 | D89: 792895 | E89: 0 | F89: =IF(AND(ISNUMBER(D89),ISNUMBER(E89)), D89-E89, "") -> 792895 | G89: =IFERROR(F89/E89, "") | H89: 231835 | I89: =IF(AND(ISNUMBER(D89),ISNUMBER(H89)), D89-H89, "") -> 561060 | J89: =IFERROR(I89/H89, "") -> 2.4200832 | K89: 1
A90: NY 70 | B90: NY | C90: =Sites[[#This Row],[SOL'#]] -> SOL-10970 | D90: 769779 | E90: 0 | F90: =IF(AND(ISNUMBER(D90),ISNUMBER(E90)), D90-E90, "") -> 769779 | G90: =IFERROR(F90/E90, "") | H90: 390190 | I90: =IF(AND(ISNUMBER(D90),ISNUMBER(H90)), D90-H90, "") -> 379589 | J90: =IFERROR(I90/H90, "") -> 0.97283118 | K90: 0.9968 | L90: 1. CB 4 tripped offline on 3/18/24. Also there is a mislabeling issue between CBs 3 and 4 and back online at 11:35 on 03/22. | M90: 1. SR082281
A91: Reid | B91: NY | C91: =Sites[[#This Row],[SOL'#]] -> SOL-10991 | D91: 553239.91 | E91: 594456.8 | F91: =IF(AND(ISNUMBER(D91),ISNUMBER(E91)), D91-E91, "") -> -41216.891 | G91: =IFERROR(F91/E91, "") -> -0.069335385 | H91: 657607 | I91: =IF(AND(ISNUMBER(D91),ISNUMBER(H91)), D91-H91, "") -> -104367.09 | J91: =IFERROR(I91/H91, "") -> -0.15870739 | K91: 0.9493088 | L91: 1. Inverter 30 tripped offline on 14/03 and back online on 13/15 2. Inverters 1-20 are not started for production on 03/11 and started for production on 03/12 at 14:30 and data was backfilled. 3. Inverter 23 tripped offline 03/24 and being RMA'd | M91: 1. SR081904 2. SR081770 3. SR082624
A92: Sangolqui | B92: NY | C92: =Sites[[#This Row],[SOL'#]] -> SOL-10975 | D92: 293074 | E92: 0 | F92: =IF(AND(ISNUMBER(D92),ISNUMBER(E92)), D92-E92, "") -> 293074 | G92: =IFERROR(F92/E92, "") | H92: 334293.1 | I92: =IF(AND(ISNUMBER(D92),ISNUMBER(H92)), D92-H92, "") -> -41219.1 | J92: =IFERROR(I92/H92, "") -> -0.12330228 | K92: 0.9997 | L92: 1. Inverter 1 didn't started for production and reporting "Isolation fault" on 03/03 and later it started production at 10:45am on 03/03. 2. Site tripped offline at 3:35pm on 03/20 and back online on 03/23. | M92: 1. SR081524 2. SR082282
A93: State Highway 17B | B93: NY | C93: =Sites[[#This Row],[SOL'#]] -> SOL-10988 | D93: 629166 | E93: 0 | F93: =IF(AND(ISNUMBER(D93),ISNUMBER(E93)), D93-E93, "") -> 629166 | G93: =IFERROR(F93/E93, "") | H93: 323738.17 | I93: =IF(AND(ISNUMBER(D93),ISNUMBER(H93)), D93-H93, "") -> 305427.83 | J93: =IFERROR(I93/H93, "") -> 0.9434409 | L93: 1. Inverter 4 tripped offline at 12:20pm due to isolation fault on 03/09 and back online at 2:00pm on 03/09. and again tripped offline at 8:45am on 03/13 and back online at 09:10am on 03/13 and again tripped offline at 8:40am on 03/14 and back online at 9:05am on 03/14. | M93: 1. SR081717
A94: State Route 14A | B94: NY | C94: =Sites[[#This Row],[SOL'#]] -> SOL-10997 | D94: 726739 | E94: 0 | F94: =IF(AND(ISNUMBER(D94),ISNUMBER(E94)), D94-E94, "") -> 726739 | G94: =IFERROR(F94/E94, "") | H94: 347576 | I94: =IF(AND(ISNUMBER(D94),ISNUMBER(H94)), D94-H94, "") -> 379163 | J94: =IFERROR(I94/H94, "") -> 1.090878
A95: West Creek | B95: NY | C95: =Sites[[#This Row],[SOL'#]] -> SOL-10995 | D95: 651414 | E95: 0 | F95: =IF(AND(ISNUMBER(D95),ISNUMBER(E95)), D95-E95, "") -> 651414 | G95: =IFERROR(F95/E95, "") | H95: 298411.45 | I95: =IF(AND(ISNUMBER(D95),ISNUMBER(H95)), D95-H95, "") -> 353002.55 | J95: =IFERROR(I95/H95, "") -> 1.182939
A96: Wildflower | B96: NY | C96: =Sites[[#This Row],[SOL'#]] -> SOL-10982 | D96: 527026 | E96: 0 | F96: =IF(AND(ISNUMBER(D96),ISNUMBER(E96)), D96-E96, "") -> 527026 | G96: =IFERROR(F96/E96, "") | H96: 406900.27 | I96: =IF(AND(ISNUMBER(D96),ISNUMBER(H96)), D96-H96, "") -> 120125.73 | J96: =IFERROR(I96/H96, "") -> 0.29522155 | L96: 1. Inverters 1,2 are tripped offline and reporting "Instantaneous over current fault" from 03/18. | M96: 1. SR082000
A97: Glen Mary 1 | B97: NY | C97: =Sites[[#This Row],[SOL'#]] -> SOL-10993 | D97: 607520 | E97: 0 | F97: =IF(AND(ISNUMBER(D97),ISNUMBER(E97)), D97-E97, "") -> 607520 | G97: =IFERROR(F97/E97, "") | H97: 390040 | I97: =IF(AND(ISNUMBER(D97),ISNUMBER(H97)), D97-H97, "") -> 217480 | J97: =IFERROR(I97/H97, "") -> 0.55758384 | K97: 0.9989 | L97: 1. Site tripped offline at 06:35 AM, meter voltages dropped to zero on 03/22 and back online on 03/23 at 4:50pm. 2. Site tripped offline at 08:20am, meter voltages dropped to zero on 03/29 and came back online at 3:25pm on 03/29 | M97: 1. SR082362 2. SR082887
A98: Glen Mary 2 | B98: NY | C98: =Sites[[#This Row],[SOL'#]] -> SOL-10994 | D98: 272790 | E98: 0 | F98: =IF(AND(ISNUMBER(D98),ISNUMBER(E98)), D98-E98, "") -> 272790 | G98: =IFERROR(F98/E98, "") | H98: 325892.23 | I98: =IF(AND(ISNUMBER(D98),ISNUMBER(H98)), D98-H98, "") -> -53102.23 | J98: =IFERROR(I98/H98, "") -> -0.16294414 | K98: 0.9995 | L98: 1. Site is offline, meter voltages dropped to zero at 06:35am on 03/22 and back online on 03/23 at 4:45pm. 2. Site tripped offline at 08:20am, meter voltages dropped to zero on 03/29 and back online at 1:05pm on 03/29. | M98: 1. SR082359 2. SR082888
A99: Telegraph 1 | B99: NY | C99: =Sites[[#This Row],[SOL'#]] -> SOL-11003 | D99: 529535 | E99: 0 | F99: =IF(AND(ISNUMBER(D99),ISNUMBER(E99)), D99-E99, "") -> 529535 | G99: =IFERROR(F99/E99, "") | H99: 531609.31 | I99: =IF(AND(ISNUMBER(D99),ISNUMBER(H99)), D99-H99, "") -> -2074.31 | J99: =IFERROR(I99/H99, "") -> -0.0039019445 | K99: 1
A100: Telegraph 2 | B100: NY | C100: =Sites[[#This Row],[SOL'#]] -> SOL-11004 | D100: 282629 | E100: 0 | F100: =IF(AND(ISNUMBER(D100),ISNUMBER(E100)), D100-E100, "") -> 282629 | G100: =IFERROR(F100/E100, "") | H100: 275917.89 | I100: =IF(AND(ISNUMBER(D100),ISNUMBER(H100)), D100-H100, "") -> 6711.11 | J100: =IFERROR(I100/H100, "") -> 0.024322852 | K100: 1
A101: Cafferty Hill | B101: NY | C101: =Sites[[#This Row],[SOL'#]] -> SOL-10996 | D101: 665555 | E101: 0 | F101: =IF(AND(ISNUMBER(D101),ISNUMBER(E101)), D101-E101, "") -> 665555 | G101: =IFERROR(F101/E101, "") | H101: 691607.41 | I101: =IF(AND(ISNUMBER(D101),ISNUMBER(H101)), D101-H101, "") -> -26052.41 | J101: =IFERROR(I101/H101, "") -> -0.037669362 | K101: 0.9991
A102: Dunkleman | B102: NY | C102: =Sites[[#This Row],[SOL'#]] -> SOL-11008 | D102: 434847 | E102: 0 | F102: =IF(AND(ISNUMBER(D102),ISNUMBER(E102)), D102-E102, "") -> 434847 | G102: =IFERROR(F102/E102, "") | H102: 884263.96 | I102: =IF(AND(ISNUMBER(D102),ISNUMBER(H102)), D102-H102, "") -> -449416.96 | J102: =IFERROR(I102/H102, "") -> -0.50823847 | K102: 0.9984
A103: Route 19 1 | B103: NY | C103: =Sites[[#This Row],[SOL'#]] -> SOL-11001 | D103: 333346 | E103: 0 | F103: =IF(AND(ISNUMBER(D103),ISNUMBER(E103)), D103-E103, "") -> 333346 | G103: =IFERROR(F103/E103, "") | H103: 351038.38 | I103: =IF(AND(ISNUMBER(D103),ISNUMBER(H103)), D103-H103, "") -> -17692.38 | J103: =IFERROR(I103/H103, "") -> -0.05040013 | K103: 1
A104: Route 19 2 | B104: NY | C104: =Sites[[#This Row],[SOL'#]] -> SOL-11002 | D104: 803848 | E104: 0 | F104: =IF(AND(ISNUMBER(D104),ISNUMBER(E104)), D104-E104, "") -> 803848 | G104: =IFERROR(F104/E104, "") | H104: 878488.67 | I104: =IF(AND(ISNUMBER(D104),ISNUMBER(H104)), D104-H104, "") -> -74640.67 | J104: =IFERROR(I104/H104, "") -> -0.084964864 | K104: 0.9999
A105: Yellow Mills 1 | B105: NY | C105: =Sites[[#This Row],[SOL'#]] -> SOL-11006 | D105: 227839 | E105: 0 | F105: =IF(AND(ISNUMBER(D105),ISNUMBER(E105)), D105-E105, "") -> 227839 | G105: =IFERROR(F105/E105, "") | H105: 291685.86 | I105: =IF(AND(ISNUMBER(D105),ISNUMBER(H105)), D105-H105, "") -> -63846.86 | J105: =IFERROR(I105/H105, "") -> -0.21888912 | K105: 1 | L105: 1. Site was offline from 03/12 to 03/18 due to utility planned outage. | M105: 1. SR079967
...

Sheet Apr
A1: {=portfolio} -> Generate Capital | E1: April Actual v. Expected | H1: April Actual v. Forecasted | K1: April Availability
A2: Total | D2: =SUM(D4:D160) -> 21642873 | E2: =SUM(E4:E160) -> 9273638.2 | F2: =D2-E2 -> 12369235 | G2: =IFERROR(F2/E2, 0) -> 1.3338061 | H2: =SUM(H4:H160) -> 23138090 | I2: =D2-H2 -> -1495216.2 | J2: =IFERROR(I2/H2, 0) -> -0.064621418 | L2: =IF(AND(TODAY()>DATE(2024, 4, 1), COUNTA(Sites[Site])<>(COUNT(D:D)-1)), "Some sites are missing actual data; if new sites were added, make sure they are aligned correctly (including prior months!)", "") -> Some sites are missing actual data; if new sites were added, make sure they are aligned correctly (including prior months!)
A3: Site | B3: State | C3: SOL# | D3: Actual | E3: Expected | F3: Delta | G3: % | H3: Forecasted | I3: Delta | J3: % | K3: Site Availability | L3: Notes | M3: Service Requests
A4: {=Sites[Site]} -> Farmer | B4: {=Sites[State]} -> AZ | C4: =Sites[[#This Row],[SOL'#]] -> SOL-10748 | D4: 15124.741 | F4: =IF(AND(ISNUMBER(D4),ISNUMBER(E4)), D4-E4, "") | G4: =IFERROR(F4/E4, "") | H4: 12723.37 | I4: =IF(AND(ISNUMBER(D4),ISNUMBER(H4)), D4-H4, "") -> 2401.3706 | J4: =IFERROR(I4/H4, "") -> 0.188737 | K4: 1
A5: Fulton | B5: AZ | C5: =Sites[[#This Row],[SOL'#]] -> SOL-10749 | D5: 63763.5 | F5: =IF(AND(ISNUMBER(D5),ISNUMBER(E5)), D5-E5, "") | G5: =IFERROR(F5/E5, "") | H5: 69139.66 | I5: =IF(AND(ISNUMBER(D5),ISNUMBER(H5)), D5-H5, "") -> -5376.16 | J5: =IFERROR(I5/H5, "") -> -0.077757976 | K5: 1 | L5: 1. Inverter started for production on 04/01 at 10:00am | M5: 1. SR082942
A6: JFK Elementary | B6: AZ | C6: =Sites[[#This Row],[SOL'#]] -> SOL-10758 | D6: 23044.299 | E6: 0 | F6: =IF(AND(ISNUMBER(D6),ISNUMBER(E6)), D6-E6, "") -> 23044.299 | G6: =IFERROR(F6/E6, "") | H6: 19810 | I6: =IF(AND(ISNUMBER(D6),ISNUMBER(H6)), D6-H6, "") -> 3234.2989 | J6: =IFERROR(I6/H6, "") -> 0.16326597 | K6: 1
A7: Noble | B7: AZ | C7: =Sites[[#This Row],[SOL'#]] -> SOL-10750 | D7: 10664.432 | F7: =IF(AND(ISNUMBER(D7),ISNUMBER(E7)), D7-E7, "") | G7: =IFERROR(F7/E7, "") | H7: 14376.84 | I7: =IF(AND(ISNUMBER(D7),ISNUMBER(H7)), D7-H7, "") -> -3712.4081 | J7: =IFERROR(I7/H7, "") -> -0.25822143 | K7: 1
A8: Parking 3 | B8: AZ | C8: =Sites[[#This Row],[SOL'#]] -> SOL-10751 | D8: 35808.644 | F8: =IF(AND(ISNUMBER(D8),ISNUMBER(E8)), D8-E8, "") | G8: =IFERROR(F8/E8, "") | H8: 33116.11 | I8: =IF(AND(ISNUMBER(D8),ISNUMBER(H8)), D8-H8, "") -> 2692.5338 | J8: =IFERROR(I8/H8, "") -> 0.081305858 | K8: 1
A9: PE East | B9: AZ | C9: =Sites[[#This Row],[SOL'#]] -> SOL-10752 | D9: 33595.743 | F9: =IF(AND(ISNUMBER(D9),ISNUMBER(E9)), D9-E9, "") | G9: =IFERROR(F9/E9, "") | H9: 32395.79 | I9: =IF(AND(ISNUMBER(D9),ISNUMBER(H9)), D9-H9, "") -> 1199.9532 | J9: =IFERROR(I9/H9, "") -> 0.037040406 | K9: 1
A10: Schwada | B10: AZ | C10: =Sites[[#This Row],[SOL'#]] -> SOL-10753 | D10: 14821.048 | F10: =IF(AND(ISNUMBER(D10),ISNUMBER(E10)), D10-E10, "") | G10: =IFERROR(F10/E10, "") | H10: 14102 | I10: =IF(AND(ISNUMBER(D10),ISNUMBER(H10)), D10-H10, "") -> 719.04793 | J10: =IFERROR(I10/H10, "") -> 0.050989075 | K10: 1
A11: Starshine | B11: AZ | C11: =Sites[[#This Row],[SOL'#]] -> SOL-10757 | D11: -1009433.9 | E11: 0 | F11: =IF(AND(ISNUMBER(D11),ISNUMBER(E11)), D11-E11, "") -> -1009433.9 | G11: =IFERROR(F11/E11, "") | H11: 10285 | I11: =IF(AND(ISNUMBER(D11),ISNUMBER(H11)), D11-H11, "") -> -1019718.9 | J11: =IFERROR(I11/H11, "") -> -99.146222 | K11: 1
A12: Yuma Airport | B12: AZ | C12: =Sites[[#This Row],[SOL'#]] -> SOL-10754 | D12: 87359 | E12: 101063.7 | F12: =IF(AND(ISNUMBER(D12),ISNUMBER(E12)), D12-E12, "") -> -13704.7 | G12: =IFERROR(F12/E12, "") -> -0.13560457 | H12: 87788 | I12: =IF(AND(ISNUMBER(D12),ISNUMBER(H12)), D12-H12, "") -> -429 | J12: =IFERROR(I12/H12, "") -> -0.0048867727 | K12: 1
A13: Kinsman | B13: OH | C13: =Sites[[#This Row],[SOL'#]] -> SOL-10762 | D13: 110222.78 | E13: 109623.5 | F13: =IF(AND(ISNUMBER(D13),ISNUMBER(E13)), D13-E13, "") -> 599.28125 | G13: =IFERROR(F13/E13, "") -> 0.0054667225 | H13: 110389 | I13: =IF(AND(ISNUMBER(D13),ISNUMBER(H13)), D13-H13, "") -> -166.21875 | J13: =IFERROR(I13/H13, "") -> -0.0015057546 | K13: 1 | L13: 1. Inverter B was offline on 04/01 and back online on 04/02 | M13: 1. SR082252
A14: Wooster | B14: OH | C14: =Sites[[#This Row],[SOL'#]] -> SOL-10763 | D14: 21835 | E14: 0 | F14: =IF(AND(ISNUMBER(D14),ISNUMBER(E14)), D14-E14, "") -> 21835 | G14: =IFERROR(F14/E14, "") | H14: 25797 | I14: =IF(AND(ISNUMBER(D14),ISNUMBER(H14)), D14-H14, "") -> -3962 | J14: =IFERROR(I14/H14, "") -> -0.15358375 | K14: 1
A15: Globe Gila CC | B15: AZ | C15: =Sites[[#This Row],[SOL'#]] -> SOL-10755 | D15: -1493252.6 | E15: 10223.4 | F15: =IF(AND(ISNUMBER(D15),ISNUMBER(E15)), D15-E15, "") -> -1503476 | G15: =IFERROR(F15/E15, "") -> -147.06223 | H15: 19010 | I15: =IF(AND(ISNUMBER(D15),ISNUMBER(H15)), D15-H15, "") -> -1512262.6 | J15: =IFERROR(I15/H15, "") -> -79.550898 | K15: 1
A16: Payson Gila CC | B16: AZ | C16: =Sites[[#This Row],[SOL'#]] -> SOL-10756 | D16: 15285.392 | F16: =IF(AND(ISNUMBER(D16),ISNUMBER(E16)), D16-E16, "") | G16: =IFERROR(F16/E16, "") | H16: 14347 | I16: =IF(AND(ISNUMBER(D16),ISNUMBER(H16)), D16-H16, "") -> 938.3924 | J16: =IFERROR(I16/H16, "") -> 0.065406873 | K16: 1
A17: SCNM | B17: AZ | C17: =Sites[[#This Row],[SOL'#]] -> SOL-10760 | D17: 90170.31 | F17: =IF(AND(ISNUMBER(D17),ISNUMBER(E17)), D17-E17, "") | G17: =IFERROR(F17/E17, "") | H17: 90408 | I17: =IF(AND(ISNUMBER(D17),ISNUMBER(H17)), D17-H17, "") -> -237.69 | J17: =IFERROR(I17/H17, "") -> -0.0026290815 | K17: 1
A18: Sequoia Charter School | B18: AZ | C18: =Sites[[#This Row],[SOL'#]] -> SOL-10759 | D18: 41126.37 | E18: 0 | F18: =IF(AND(ISNUMBER(D18),ISNUMBER(E18)), D18-E18, "") -> 41126.37 | G18: =IFERROR(F18/E18, "") | H18: 54193 | I18: =IF(AND(ISNUMBER(D18),ISNUMBER(H18)), D18-H18, "") -> -13066.63 | J18: =IFERROR(I18/H18, "") -> -0.24111287 | K18: 1
A19: RCAB | B19: MA | C19: =Sites[[#This Row],[SOL'#]] -> SOL-10838 | D19: 117019 | E19: 132815.6 | F19: =IF(AND(ISNUMBER(D19),ISNUMBER(E19)), D19-E19, "") -> -15796.6 | G19: =IFERROR(F19/E19, "") -> -0.11893633 | H19: 125033.4 | I19: =IF(AND(ISNUMBER(D19),ISNUMBER(H19)), D19-H19, "") -> -8014.4 | J19: =IFERROR(I19/H19, "") -> -0.064098073 | K19: 1 | L19: 1. Inverter 5 tripped offline on 04/05 at 12:15pm and back online on 04/09 at 08:405am 2. Weather station 2 showing erroneous value for whole month | M19: 1. SR083132 2. SR082250
A20: Spectro Coatings | B20: MA | C20: =Sites[[#This Row],[SOL'#]] -> SOL-10074 | D20: 30947.625 | E20: 32366.72 | F20: =IF(AND(ISNUMBER(D20),ISNUMBER(E20)), D20-E20, "") -> -1419.095 | G20: =IFERROR(F20/E20, "") -> -0.043844263 | H20: 33513.89 | I20: =IF(AND(ISNUMBER(D20),ISNUMBER(H20)), D20-H20, "") -> -2566.265 | J20: =IFERROR(I20/H20, "") -> -0.076573176 | K20: 0.9800632 | L20: 1. Inverter 2 was offline on 04/02 and back online on 04/03 at 10:45am | M20: 1. SR081975
A21: K026 | B21: NY | C21: =Sites[[#This Row],[SOL'#]] -> SOL-10356 | D21: 32171.25 | E21: 34586.76 | F21: =IF(AND(ISNUMBER(D21),ISNUMBER(E21)), D21-E21, "") -> -2415.51 | G21: =IFERROR(F21/E21, "") -> -0.069839152 | H21: 33217.2 | I21: =IF(AND(ISNUMBER(D21),ISNUMBER(H21)), D21-H21, "") -> -1045.95 | J21: =IFERROR(I21/H21, "") -> -0.031488205 | K21: 1
A22: K041 | B22: NY | C22: =Sites[[#This Row],[SOL'#]] -> SOL-10357 | D22: 20243.922 | E22: 27632.97 | F22: =IF(AND(ISNUMBER(D22),ISNUMBER(E22)), D22-E22, "") -> -7389.0481 | G22: =IFERROR(F22/E22, "") -> -0.26739971 | H22: 26573 | I22: =IF(AND(ISNUMBER(D22),ISNUMBER(H22)), D22-H22, "") -> -6329.0781 | J22: =IFERROR(I22/H22, "") -> -0.23817703 | K22: 1 | L22: 1. Inverter 2 left unit is derating since 04/07 and fan replaced on left unit on 04/29 2. Inverter 1 central unit tripped offline on 04/24 and back online on 04/29 | M22: 1. SR083233 2. SR083775
A23: K043 | B23: NY | C23: =Sites[[#This Row],[SOL'#]] -> SOL-10358 | D23: 28735.938 | E23: 30006.39 | F23: =IF(AND(ISNUMBER(D23),ISNUMBER(E23)), D23-E23, "") -> -1270.4525 | G23: =IFERROR(F23/E23, "") -> -0.042339398 | H23: 5845 | I23: =IF(AND(ISNUMBER(D23),ISNUMBER(H23)), D23-H23, "") -> 22890.938 | J23: =IFERROR(I23/H23, "") -> 3.9163281 | K23: 0.9663028
A24: K058 | B24: NY | C24: =Sites[[#This Row],[SOL'#]] -> SOL-10360 | D24: 23873.125 | E24: 24535.03 | F24: =IF(AND(ISNUMBER(D24),ISNUMBER(E24)), D24-E24, "") -> -661.905 | G24: =IFERROR(F24/E24, "") -> -0.026977958 | H24: 24597.73 | I24: =IF(AND(ISNUMBER(D24),ISNUMBER(H24)), D24-H24, "") -> -724.605 | J24: =IFERROR(I24/H24, "") -> -0.029458206 | K24: 1
A25: K115 | B25: NY | C25: =Sites[[#This Row],[SOL'#]] -> SOL-10361 | D25: 6370.2584 | E25: 10410.89 | F25: =IF(AND(ISNUMBER(D25),ISNUMBER(E25)), D25-E25, "") -> -4040.6316 | G25: =IFERROR(F25/E25, "") -> -0.38811586 | H25: 15240.95 | I25: =IF(AND(ISNUMBER(D25),ISNUMBER(H25)), D25-H25, "") -> -8870.6916 | J25: =IFERROR(I25/H25, "") -> -0.58203009 | K25: 0.9554478 | L25: 1. Ongoing construction of array on the roof. 70 percent of the array is offline for construction | M25: 1. SR077214
A26: K152 | B26: NY | C26: =Sites[[#This Row],[SOL'#]] -> SOL-10362 | D26: 9140.75 | E26: 9247.51 | F26: =IF(AND(ISNUMBER(D26),ISNUMBER(E26)), D26-E26, "") -> -106.76 | G26: =IFERROR(F26/E26, "") -> -0.011544729 | H26: 9488 | I26: =IF(AND(ISNUMBER(D26),ISNUMBER(H26)), D26-H26, "") -> -347.25 | J26: =IFERROR(I26/H26, "") -> -0.036598862 | K26: 1
A27: K166 | B27: NY | C27: =Sites[[#This Row],[SOL'#]] -> SOL-10363 | D27: 33466.375 | E27: 35415.77 | F27: =IF(AND(ISNUMBER(D27),ISNUMBER(E27)), D27-E27, "") -> -1949.395 | G27: =IFERROR(F27/E27, "") -> -0.055043135 | H27: 34829.68 | I27: =IF(AND(ISNUMBER(D27),ISNUMBER(H27)), D27-H27, "") -> -1363.305 | J27: =IFERROR(I27/H27, "") -> -0.039142048 | K27: 1
A28: K206 | B28: NY | C28: =Sites[[#This Row],[SOL'#]] -> SOL-10927 | D28: 18668.421 | E28: 19083.35 | F28: =IF(AND(ISNUMBER(D28),ISNUMBER(E28)), D28-E28, "") -> -414.92863 | G28: =IFERROR(F28/E28, "") -> -0.021742966 | H28: 19705 | I28: =IF(AND(ISNUMBER(D28),ISNUMBER(H28)), D28-H28, "") -> -1036.5786 | J28: =IFERROR(I28/H28, "") -> -0.052604853 | K28: 0.9904513
A29: K251 | B29: NY | C29: =Sites[[#This Row],[SOL'#]] -> SOL-10365 | D29: 20644.031 | E29: 21406.02 | F29: =IF(AND(ISNUMBER(D29),ISNUMBER(E29)), D29-E29, "") -> -761.98875 | G29: =IFERROR(F29/E29, "") -> -0.035596937 | H29: 22013.14 | I29: =IF(AND(ISNUMBER(D29),ISNUMBER(H29)), D29-H29, "") -> -1369.1087 | J29: =IFERROR(I29/H29, "") -> -0.062195068 | K29: 1 | L29: 1. Inverter 2 was offline from 03/05 and back online on 04/05 at 09:00am | M29: 1. SR075645
A30: K269 | B30: NY | C30: =Sites[[#This Row],[SOL'#]] -> SOL-10366 | D30: 19510.062 | F30: =IF(AND(ISNUMBER(D30),ISNUMBER(E30)), D30-E30, "") | G30: =IFERROR(F30/E30, "") | H30: 20938.82 | I30: =IF(AND(ISNUMBER(D30),ISNUMBER(H30)), D30-H30, "") -> -1428.7575 | J30: =IFERROR(I30/H30, "") -> -0.068234862 | K30: 1
A31: K273 | B31: NY | C31: =Sites[[#This Row],[SOL'#]] -> SOL-10367 | D31: 22697.5 | F31: =IF(AND(ISNUMBER(D31),ISNUMBER(E31)), D31-E31, "") | G31: =IFERROR(F31/E31, "") | H31: 26398 | I31: =IF(AND(ISNUMBER(D31),ISNUMBER(H31)), D31-H31, "") -> -3700.5 | J31: =IFERROR(I31/H31, "") -> -0.14018107 | K31: 1 | L31: 1. Inverter 2 is underproducing by 12kW possibly due to ongoing construction work | M31: 1. SR078471
A32: K287 | B32: NY | C32: =Sites[[#This Row],[SOL'#]] -> SOL-10919 | D32: 17370.375 | E32: 15168.98 | F32: =IF(AND(ISNUMBER(D32),ISNUMBER(E32)), D32-E32, "") -> 2201.395 | G32: =IFERROR(F32/E32, "") -> 0.14512479 | H32: 18269 | I32: =IF(AND(ISNUMBER(D32),ISNUMBER(H32)), D32-H32, "") -> -898.625 | J32: =IFERROR(I32/H32, "") -> -0.049188516 | K32: 1
A33: K298 | B33: NY | C33: =Sites[[#This Row],[SOL'#]] -> SOL-10368 | D33: 19067.938 | E33: 19600.17 | F33: =IF(AND(ISNUMBER(D33),ISNUMBER(E33)), D33-E33, "") -> -532.2325 | G33: =IFERROR(F33/E33, "") -> -0.027154484 | H33: 20871 | I33: =IF(AND(ISNUMBER(D33),ISNUMBER(H33)), D33-H33, "") -> -1803.0625 | J33: =IFERROR(I33/H33, "") -> -0.086390805 | K33: 1
A34: K335 | B34: NY | C34: =Sites[[#This Row],[SOL'#]] -> SOL-10370 | D34: 18871.375 | E34: 21253.01 | F34: =IF(AND(ISNUMBER(D34),ISNUMBER(E34)), D34-E34, "") -> -2381.635 | G34: =IFERROR(F34/E34, "") -> -0.11206107 | H34: 21969 | I34: =IF(AND(ISNUMBER(D34),ISNUMBER(H34)), D34-H34, "") -> -3097.625 | J34: =IFERROR(I34/H34, "") -> -0.14099982 | K34: 1 | L34: 1. Inverter 1 derating during peak hours due to multiple trippings on left and right units throughout the month. DC relay board being RMA'd. | M34: 1. SR082762
A35: K345 | B35: NY | C35: =Sites[[#This Row],[SOL'#]] -> SOL-10920 | D35: 20820.336 | E35: 13629.56 | F35: =IF(AND(ISNUMBER(D35),ISNUMBER(E35)), D35-E35, "") -> 7190.7759 | G35: =IFERROR(F35/E35, "") -> 0.5275868 | H35: 24273 | I35: =IF(AND(ISNUMBER(D35),ISNUMBER(H35)), D35-H35, "") -> -3452.6641 | J35: =IFERROR(I35/H35, "") -> -0.14224299 | K35: 0.96685 | L35: 1. Inverter 3 right unit is underproducinng. Fan Being RMA'd | M35: 1. SR081580
A36: K445 | B36: NY | C36: =Sites[[#This Row],[SOL'#]] -> SOL-10373 | D36: 18595.016 | E36: 20119.12 | F36: =IF(AND(ISNUMBER(D36),ISNUMBER(E36)), D36-E36, "") -> -1524.1044 | G36: =IFERROR(F36/E36, "") -> -0.075754028 | H36: 19470.67 | I36: =IF(AND(ISNUMBER(D36),ISNUMBER(H36)), D36-H36, "") -> -875.65437 | J36: =IFERROR(I36/H36, "") -> -0.044972997 | K36: 1
A37: K495 | B37: NY | C37: =Sites[[#This Row],[SOL'#]] -> SOL-10374 | D37: 68781.755 | E37: 63511.8 | F37: =IF(AND(ISNUMBER(D37),ISNUMBER(E37)), D37-E37, "") -> 5269.9553 | G37: =IFERROR(F37/E37, "") -> 0.082976003 | H37: 84389 | I37: =IF(AND(ISNUMBER(D37),ISNUMBER(H37)), D37-H37, "") -> -15607.245 | J37: =IFERROR(I37/H37, "") -> -0.18494406 | K37: 0.8098651 | L37: 1. Site tripped offline on 04/17 at 11:00am and back online on 04/22 at 11:00am 2. Inverter 2 right unit offline on 04/16 back onlin eon 04/22 at 13:00 | M37: 1. SR083544 2. SR083537
A38: M020 | B38: NY | C38: =Sites[[#This Row],[SOL'#]] -> SOL-10380 | D38: 18813.484 | E38: 21531.99 | F38: =IF(AND(ISNUMBER(D38),ISNUMBER(E38)), D38-E38, "") -> -2718.5056 | G38: =IFERROR(F38/E38, "") -> -0.12625427 | H38: 22928 | I38: =IF(AND(ISNUMBER(D38),ISNUMBER(H38)), D38-H38, "") -> -4114.5156 | J38: =IFERROR(I38/H38, "") -> -0.17945375 | K38: 0.9644347
A39: M092 | B39: NY | C39: =Sites[[#This Row],[SOL'#]] -> SOL-10383 | D39: 19299.125 | E39: 20876.51 | F39: =IF(AND(ISNUMBER(D39),ISNUMBER(E39)), D39-E39, "") -> -1577.385 | G39: =IFERROR(F39/E39, "") -> -0.075557888 | H39: 22332.1 | I39: =IF(AND(ISNUMBER(D39),ISNUMBER(H39)), D39-H39, "") -> -3032.975 | J39: =IFERROR(I39/H39, "") -> -0.13581235 | K39: 1
A40: M143 | B40: NY | C40: =Sites[[#This Row],[SOL'#]] -> SOL-10384 | D40: 22629.531 | E40: 26223.48 | F40: =IF(AND(ISNUMBER(D40),ISNUMBER(E40)), D40-E40, "") -> -3593.9487 | G40: =IFERROR(F40/E40, "") -> -0.13705079 | H40: 24780.22 | I40: =IF(AND(ISNUMBER(D40),ISNUMBER(H40)), D40-H40, "") -> -2150.6888 | J40: =IFERROR(I40/H40, "") -> -0.086790543 | K40: 1
A41: M144 | B41: NY | C41: =Sites[[#This Row],[SOL'#]] -> SOL-10385 | D41: 31957.328 | E41: 0 | F41: =IF(AND(ISNUMBER(D41),ISNUMBER(E41)), D41-E41, "") -> 31957.328 | G41: =IFERROR(F41/E41, "") | H41: 35364 | I41: =IF(AND(ISNUMBER(D41),ISNUMBER(H41)), D41-H41, "") -> -3406.6719 | J41: =IFERROR(I41/H41, "") -> -0.096331633 | K41: 0.9790943
A42: M167 | B42: NY | C42: =Sites[[#This Row],[SOL'#]] -> SOL-10386 | D42: 21756.688 | E42: 18528.39 | F42: =IF(AND(ISNUMBER(D42),ISNUMBER(E42)), D42-E42, "") -> 3228.2975 | G42: =IFERROR(F42/E42, "") -> 0.17423519 | H42: 29365.4 | I42: =IF(AND(ISNUMBER(D42),ISNUMBER(H42)), D42-H42, "") -> -7608.7125 | J42: =IFERROR(I42/H42, "") -> -0.25910468 | K42: 1 | L42: 1. Inverter 2 was offline from 04/15 and back online on 4/22 | M42: 1. SR083438
A43: M188 | B43: NY | C43: =Sites[[#This Row],[SOL'#]] -> SOL-10387 | D43: 17732.078 | E43: 0 | F43: =IF(AND(ISNUMBER(D43),ISNUMBER(E43)), D43-E43, "") -> 17732.078 | G43: =IFERROR(F43/E43, "") | H43: 18637 | I43: =IF(AND(ISNUMBER(D43),ISNUMBER(H43)), D43-H43, "") -> -904.92188 | J43: =IFERROR(I43/H43, "") -> -0.048555126 | K43: 0.9707468
A44: EMHC | B44: NY | C44: =Sites[[#This Row],[SOL'#]] -> SOL-10351 | D44: 4030.6987 | E44: 5918.364 | F44: =IF(AND(ISNUMBER(D44),ISNUMBER(E44)), D44-E44, "") -> -1887.6653 | G44: =IFERROR(F44/E44, "") -> -0.31895052 | H44: 8799.606 | I44: =IF(AND(ISNUMBER(D44),ISNUMBER(H44)), D44-H44, "") -> -4768.9073 | J44: =IFERROR(I44/H44, "") -> -0.54194555 | K44: 1
A45: Q008 | B45: NY | C45: =Sites[[#This Row],[SOL'#]] -> SOL-10397 | D45: 28350.062 | E45: 27821.04 | F45: =IF(AND(ISNUMBER(D45),ISNUMBER(E45)), D45-E45, "") -> 529.0225 | G45: =IFERROR(F45/E45, "") -> 0.019015195 | H45: 29139 | I45: =IF(AND(ISNUMBER(D45),ISNUMBER(H45)), D45-H45, "") -> -788.9375 | J45: =IFERROR(I45/H45, "") -> -0.027074968 | K45: 0.9706609
A46: Q018 | B46: NY | C46: =Sites[[#This Row],[SOL'#]] -> SOL-10398 | D46: 18827.062 | E46: 17172.93 | F46: =IF(AND(ISNUMBER(D46),ISNUMBER(E46)), D46-E46, "") -> 1654.1325 | G46: =IFERROR(F46/E46, "") -> 0.096322089 | H46: 17379.52 | I46: =IF(AND(ISNUMBER(D46),ISNUMBER(H46)), D46-H46, "") -> 1447.5425 | J46: =IFERROR(I46/H46, "") -> 0.083290131 | K46: 1
A47: Q021 | B47: NY | C47: =Sites[[#This Row],[SOL'#]] -> SOL-10399 | D47: 14707.688 | E47: 14156.51 | F47: =IF(AND(ISNUMBER(D47),ISNUMBER(E47)), D47-E47, "") -> 551.1775 | G47: =IFERROR(F47/E47, "") -> 0.038934561 | H47: 14458.11 | I47: =IF(AND(ISNUMBER(D47),ISNUMBER(H47)), D47-H47, "") -> 249.5775 | J47: =IFERROR(I47/H47, "") -> 0.017262111 | K47: 1
A48: Q025 | B48: NY | C48: =Sites[[#This Row],[SOL'#]] -> SOL-10400 | D48: 22860.625 | E48: 24951.81 | F48: =IF(AND(ISNUMBER(D48),ISNUMBER(E48)), D48-E48, "") -> -2091.185 | G48: =IFERROR(F48/E48, "") -> -0.08380895 | H48: 13314 | I48: =IF(AND(ISNUMBER(D48),ISNUMBER(H48)), D48-H48, "") -> 9546.625 | J48: =IFERROR(I48/H48, "") -> 0.71703658 | K48: 0.9992424 | L48: 1. Inverter 1 is underproducing due to units fluctuations form 04/23 | M48: 1. SR083774
A49: Q074 | B49: NY | C49: =Sites[[#This Row],[SOL'#]] -> SOL-10402 | D49: 16561.719 | E49: 16457.67 | F49: =IF(AND(ISNUMBER(D49),ISNUMBER(E49)), D49-E49, "") -> 104.04875 | G49: =IFERROR(F49/E49, "") -> 0.0063222042 | H49: 16526.67 | I49: =IF(AND(ISNUMBER(D49),ISNUMBER(H49)), D49-H49, "") -> 35.04875 | J49: =IFERROR(I49/H49, "") -> 0.0021207388 | K49: 1
A50: Q115 | B50: NY | C50: =Sites[[#This Row],[SOL'#]] -> SOL-10872 | D50: 21347.125 | E50: 22358.55 | F50: =IF(AND(ISNUMBER(D50),ISNUMBER(E50)), D50-E50, "") -> -1011.425 | G50: =IFERROR(F50/E50, "") -> -0.04523661 | H50: 21585.64 | I50: =IF(AND(ISNUMBER(D50),ISNUMBER(H50)), D50-H50, "") -> -238.515 | J50: =IFERROR(I50/H50, "") -> -0.011049707 | K50: 1
A51: Q139 | B51: NY | C51: =Sites[[#This Row],[SOL'#]] -> SOL-10403 | D51: 12824.562 | E51: 13770.59 | F51: =IF(AND(ISNUMBER(D51),ISNUMBER(E51)), D51-E51, "") -> -946.0275 | G51: =IFERROR(F51/E51, "") -> -0.068699126 | H51: 13801 | I51: =IF(AND(ISNUMBER(D51),ISNUMBER(H51)), D51-H51, "") -> -976.4375 | J51: =IFERROR(I51/H51, "") -> -0.070751214 | K51: 1
A52: Q157 | B52: NY | C52: =Sites[[#This Row],[SOL'#]] -> SOL-10404 | D52: 19896.438 | E52: 24392.17 | F52: =IF(AND(ISNUMBER(D52),ISNUMBER(E52)), D52-E52, "") -> -4495.7325 | G52: =IFERROR(F52/E52, "") -> -0.18431048 | H52: 24604.13 | I52: =IF(AND(ISNUMBER(D52),ISNUMBER(H52)), D52-H52, "") -> -4707.6925 | J52: =IFERROR(I52/H52, "") -> -0.19133749 | K52: 1 | L52: 1. Inverter 3 offline from 04/10 and back online on 04/17 2. Site was taken offline by techician nd worked on inverters on 04/25 3. Inverter 3 is offline since 04/25 and being RMA'd | M52: 1. SR083301 2. SR083846 3. PM1680
A53: Q192 | B53: NY | C53: =Sites[[#This Row],[SOL'#]] -> SOL-10406 | D53: 35318 | E53: 38028.45 | F53: =IF(AND(ISNUMBER(D53),ISNUMBER(E53)), D53-E53, "") -> -2710.45 | G53: =IFERROR(F53/E53, "") -> -0.07127427 | H53: 35759.08 | I53: =IF(AND(ISNUMBER(D53),ISNUMBER(H53)), D53-H53, "") -> -441.08 | J53: =IFERROR(I53/H53, "") -> -0.012334769 | K53: 1
