Workbook
Name JanActual: Jan!$C$3:$C$7
Name JanActual2: Jan!#REF!
Name JanExpected: Jan!$D$3:$D$7
Name JanExpectedDelta: Jan!$E$3:$E$7
Name JanExpectedPercent: Jan!$F$3:$F$7
Name JanExpPercent: Jan!$F$3:$F$7
Name JanForecasted: Jan!$G$3:$G$7
Name JanForecastedDelta: Jan!$H$3:$H$7
Name JanForecastedPercent: Jan!$I$3:$I$7
Name portfolio: Sites!$B$1:$B$1
Name Year: Sites!$B$1:$B$1

Sheet YTD Total
A1: {=portfolio} -> Agilitas Energy | C1: Year to Date 2024 Actual v. Expected | G1: Year to Date 2024 Forecasted
A2: Site | B2: State | C2: Actual | D2: Expected | E2: Delta | F2: % | G2: Forecasted | H2: Delta | I2: %
A3: {=Sites[Site]} -> Rowley - Central Street Solar | B3: {=Sites[State]} -> MA | C3: =SUM('1st Qtr'!C3, '2nd Qtr'!C3, '3rd Qtr'!C3, '4th Qtr'!C3) -> 23660.31 | D3: =SUM('1st Qtr'!D3, '2nd Qtr'!D3, '3rd Qtr'!D3, '4th Qtr'!D3) -> 29500.5 | E3: =C3-D3 -> -5840.19 | F3: =IFERROR(E3/D3, 0) -> -0.19796919 | G3: =SUM('1st Qtr'!G3, '2nd Qtr'!G3, '3rd Qtr'!G3, '4th Qtr'!G3) -> 37551.17 | H3: =C3-G3 -> -13890.86 | I3: =IFERROR(H3/G3, 0) -> -0.36991817
A4: Auburn - Leicester Street Solar | B4: MA | C4: =SUM('1st Qtr'!C4, '2nd Qtr'!C4, '3rd Qtr'!C4, '4th Qtr'!C4) -> 172284.33 | D4: =SUM('1st Qtr'!D4, '2nd Qtr'!D4, '3rd Qtr'!D4, '4th Qtr'!D4) -> 0 | E4: =C4-D4 -> 172284.33 | F4: =IFERROR(E4/D4, 0) -> 0 | G4: =SUM('1st Qtr'!G4, '2nd Qtr'!G4, '3rd Qtr'!G4, '4th Qtr'!G4) -> 0 | H4: =C4-G4 -> 172284.33 | I4: =IFERROR(H4/G4, 0) -> 0
A5: Rochester - Old Middleboro | B5: MA | C5: =SUM('1st Qtr'!C5, '2nd Qtr'!C5, '3rd Qtr'!C5, '4th Qtr'!C5) -> 406951 | D5: =SUM('1st Qtr'!D5, '2nd Qtr'!D5, '3rd Qtr'!D5, '4th Qtr'!D5) -> 473358 | E5: =C5-D5 -> -66407 | F5: =IFERROR(E5/D5, 0) -> -0.14028917 | G5: =SUM('1st Qtr'!G5, '2nd Qtr'!G5, '3rd Qtr'!G5, '4th Qtr'!G5) -> 421672 | H5: =C5-G5 -> -14721 | I5: =IFERROR(H5/G5, 0) -> -0.034911021
A6: Dover - Littleworth Road | B6: NH | C6: =SUM('1st Qtr'!C6, '2nd Qtr'!C6, '3rd Qtr'!C6, '4th Qtr'!C6) -> 10197 | D6: =SUM('1st Qtr'!D6, '2nd Qtr'!D6, '3rd Qtr'!D6, '4th Qtr'!D6) -> 0 | E6: =C6-D6 -> 10197 | F6: =IFERROR(E6/D6, 0) -> 0 | G6: =SUM('1st Qtr'!G6, '2nd Qtr'!G6, '3rd Qtr'!G6, '4th Qtr'!G6) -> 0 | H6: =C6-G6 -> 10197 | I6: =IFERROR(H6/G6, 0) -> 0
A7: Milton - Landfill | B7: NH | C7: =SUM('1st Qtr'!C7, '2nd Qtr'!C7, '3rd Qtr'!C7, '4th Qtr'!C7) -> 30705 | D7: =SUM('1st Qtr'!D7, '2nd Qtr'!D7, '3rd Qtr'!D7, '4th Qtr'!D7) -> 0 | E7: =C7-D7 -> 30705 | F7: =IFERROR(E7/D7, 0) -> 0 | G7: =SUM('1st Qtr'!G7, '2nd Qtr'!G7, '3rd Qtr'!G7, '4th Qtr'!G7) -> 0 | H7: =C7-G7 -> 30705 | I7: =IFERROR(H7/G7, 0) -> 0
A8: Total | C8: =SUM(C3:C7) -> 643797.64 | D8: =SUM(D3:D7) -> 502858.5 | E8: =C8-D8 -> 140939.14 | F8: =IFERROR(E8/D8, 0) -> 0.28027595 | G8: =SUM(G3:G7) -> 459223.17 | H8: =C8-G8 -> 184574.47 | I8: =IFERROR(H8/G8, 0) -> 0.40192761
A10: Values in gold exceed expected or forecasted by 10% or more.
A12: Values in red are below expected or forecasted by 10% or more.

Sheet 1st Qtr
A1: {=portfolio} -> Agilitas Energy | C1: 1st Quarter 2024 Actual v. Expected | G1: 1st Quarter 2024 Forecasted
A2: Site | B2: State | C2: Actual | D2: Expected | E2: Delta | F2: % | G2: Forecasted | H2: Delta | I2: %
A3: {=Sites[Site]} -> Rowley - Central Street Solar | B3: {=Sites[State]} -> MA | C3: =SUM(Jan!C3, Feb!C3, Mar!C3) -> 23660.31 | D3: =SUM(Jan!D3, Feb!D3, Mar!D3) -> 29500.5 | E3: =C3-D3 -> -5840.19 | F3: =IFERROR(E3/D3, 0) -> -0.19796919 | G3: =SUM(Jan!G3, Feb!G3, Mar!G3) -> 37551.17 | H3: =C3-G3 -> -13890.86 | I3: =IFERROR(H3/G3, 0) -> -0.36991817
A4: Auburn - Leicester Street Solar | B4: MA | C4: =SUM(Jan!C4, Feb!C4, Mar!C4) -> 172284.33 | D4: =SUM(Jan!D4, Feb!D4, Mar!D4) -> 0 | E4: =C4-D4 -> 172284.33 | F4: =IFERROR(E4/D4, 0) -> 0 | G4: =SUM(Jan!G4, Feb!G4, Mar!G4) -> 0 | H4: =C4-G4 -> 172284.33 | I4: =IFERROR(H4/G4, 0) -> 0
A5: Rochester - Old Middleboro | B5: MA | C5: =SUM(Jan!C5, Feb!C5, Mar!C5) -> 406951 | D5: =SUM(Jan!D5, Feb!D5, Mar!D5) -> 473358 | E5: =C5-D5 -> -66407 | F5: =IFERROR(E5/D5, 0) -> -0.14028917 | G5: =SUM(Jan!G5, Feb!G5, Mar!G5) -> 421672 | H5: =C5-G5 -> -14721 | I5: =IFERROR(H5/G5, 0) -> -0.034911021
A6: Dover - Littleworth Road | B6: NH | C6: =SUM(Jan!C6, Feb!C6, Mar!C6) -> 10197 | D6: =SUM(Jan!D6, Feb!D6, Mar!D6) -> 0 | E6: =C6-D6 -> 10197 | F6: =IFERROR(E6/D6, 0) -> 0 | G6: =SUM(Jan!G6, Feb!G6, Mar!G6) -> 0 | H6: =C6-G6 -> 10197 | I6: =IFERROR(H6/G6, 0) -> 0
A7: Milton - Landfill | B7: NH | C7: =SUM(Jan!C7, Feb!C7, Mar!C7) -> 30705 | D7: =SUM(Jan!D7, Feb!D7, Mar!D7) -> 0 | E7: =C7-D7 -> 30705 | F7: =IFERROR(E7/D7, 0) -> 0 | G7: =SUM(Jan!G7, Feb!G7, Mar!G7) -> 0 | H7: =C7-G7 -> 30705 | I7: =IFERROR(H7/G7, 0) -> 0
A8: Total | C8: =SUM(C3:C7) -> 643797.64 | D8: =SUM(D3:D7) -> 502858.5 | E8: =C8-D8 -> 140939.14 | F8: =IFERROR(E8/D8, 0) -> 0.28027595 | G8: =SUM(G3:G7) -> 459223.17 | H8: =C8-G8 -> 184574.47 | I8: =IFERROR(H8/G8, 0) -> 0.40192761
A10: Values in gold exceed expected or forecasted by 10% or more.
A12: Values in red are below expected or forecasted by 10% or more.

Sheet 2nd Qtr
A1: {=portfolio} -> Agilitas Energy | C1: 2nd Quarter 2024 Actual v. Expected | G1: 2nd Quarter 2024 Forecasted
A2: Site | B2: State | C2: Actual | D2: Expected | E2: Delta | F2: % | G2: Forecasted | H2: Delta | I2: %
A3: {=Sites[Site]} -> Rowley - Central Street Solar | B3: {=Sites[State]} -> MA | C3: =SUM(Apr!C3, May!C3, Jun!C3) -> 0 | D3: =SUM(Apr!D3, May!D3, Jun!D3) -> 0 | E3: =C3-D3 -> 0 | F3: =IFERROR(E3/D3, 0) -> 0 | G3: =SUM(Apr!G3, May!G3, Jun!G3) -> 0 | H3: =C3-G3 -> 0 | I3: =IFERROR(H3/G3, 0) -> 0
A4: Auburn - Leicester Street Solar | B4: MA | C4: =SUM(Apr!C4, May!C4, Jun!C4) -> 0 | D4: =SUM(Apr!D4, May!D4, Jun!D4) -> 0 | E4: =C4-D4 -> 0 | F4: =IFERROR(E4/D4, 0) -> 0 | G4: =SUM(Apr!G4, May!G4, Jun!G4) -> 0 | H4: =C4-G4 -> 0 | I4: =IFERROR(H4/G4, 0) -> 0
A5: Rochester - Old Middleboro | B5: MA | C5: =SUM(Apr!C5, May!C5, Jun!C5) -> 0 | D5: =SUM(Apr!D5, May!D5, Jun!D5) -> 0 | E5: =C5-D5 -> 0 | F5: =IFERROR(E5/D5, 0) -> 0 | G5: =SUM(Apr!G5, May!G5, Jun!G5) -> 0 | H5: =C5-G5 -> 0 | I5: =IFERROR(H5/G5, 0) -> 0
A6: Dover - Littleworth Road | B6: NH | C6: =SUM(Apr!C6, May!C6, Jun!C6) -> 0 | D6: =SUM(Apr!D6, May!D6, Jun!D6) -> 0 | E6: =C6-D6 -> 0 | F6: =IFERROR(E6/D6, 0) -> 0 | G6: =SUM(Apr!G6, May!G6, Jun!G6) -> 0 | H6: =C6-G6 -> 0 | I6: =IFERROR(H6/G6, 0) -> 0
A7: Milton - Landfill | B7: NH | C7: =SUM(Apr!C7, May!C7, Jun!C7) -> 0 | D7: =SUM(Apr!D7, May!D7, Jun!D7) -> 0 | E7: =C7-D7 -> 0 | F7: =IFERROR(E7/D7, 0) -> 0 | G7: =SUM(Apr!G7, May!G7, Jun!G7) -> 0 | H7: =C7-G7 -> 0 | I7: =IFERROR(H7/G7, 0) -> 0
A8: Total | C8: =SUM(C3:C7) -> 0 | D8: =SUM(D3:D7) -> 0 | E8: =C8-D8 -> 0 | F8: =IFERROR(E8/D8, 0) -> 0 | G8: =SUM(G3:G7) -> 0 | H8: =C8-G8 -> 0 | I8: =IFERROR(H8/G8, 0) -> 0
A10: Values in gold exceed expected or forecasted by 10% or more.
A12: Values in red are below expected or forecasted by 10% or more.

Sheet 3rd Qtr
A1: {=portfolio} -> Agilitas Energy | C1: 3rd Quarter 2024 Actual v. Expected | G1: 3rd Quarter 2024 Forecasted
A2: Site | B2: State | C2: Actual | D2: Expected | E2: Delta | F2: % | G2: Forecasted | H2: Delta | I2: %
A3: {=Sites[Site]} -> Rowley - Central Street Solar | B3: {=Sites[State]} -> MA | C3: =SUM(Jul!C3, Aug!C3, Sep!C3) -> 0 | D3: =SUM(Jul!D3, Aug!D3, Sep!D3) -> 0 | E3: =C3-D3 -> 0 | F3: =IFERROR(E3/D3, 0) -> 0 | G3: =SUM(Jul!G3, Aug!G3, Sep!G3) -> 0 | H3: =C3-G3 -> 0 | I3: =IFERROR(H3/G3, 0) -> 0
A4: Auburn - Leicester Street Solar | B4: MA | C4: =SUM(Jul!C4, Aug!C4, Sep!C4) -> 0 | D4: =SUM(Jul!D4, Aug!D4, Sep!D4) -> 0 | E4: =C4-D4 -> 0 | F4: =IFERROR(E4/D4, 0) -> 0 | G4: =SUM(Jul!G4, Aug!G4, Sep!G4) -> 0 | H4: =C4-G4 -> 0 | I4: =IFERROR(H4/G4, 0) -> 0
A5: Rochester - Old Middleboro | B5: MA | C5: =SUM(Jul!C5, Aug!C5, Sep!C5) -> 0 | D5: =SUM(Jul!D5, Aug!D5, Sep!D5) -> 0 | E5: =C5-D5 -> 0 | F5: =IFERROR(E5/D5, 0) -> 0 | G5: =SUM(Jul!G5, Aug!G5, Sep!G5) -> 0 | H5: =C5-G5 -> 0 | I5: =IFERROR(H5/G5, 0) -> 0
A6: Dover - Littleworth Road | B6: NH | C6: =SUM(Jul!C6, Aug!C6, Sep!C6) -> 0 | D6: =SUM(Jul!D6, Aug!D6, Sep!D6) -> 0 | E6: =C6-D6 -> 0 | F6: =IFERROR(E6/D6, 0) -> 0 | G6: =SUM(Jul!G6, Aug!G6, Sep!G6) -> 0 | H6: =C6-G6 -> 0 | I6: =IFERROR(H6/G6, 0) -> 0
A7: Milton - Landfill | B7: NH | C7: =SUM(Jul!C7, Aug!C7, Sep!C7) -> 0 | D7: =SUM(Jul!D7, Aug!D7, Sep!D7) -> 0 | E7: =C7-D7 -> 0 | F7: =IFERROR(E7/D7, 0) -> 0 | G7: =SUM(Jul!G7, Aug!G7, Sep!G7) -> 0 | H7: =C7-G7 -> 0 | I7: =IFERROR(H7/G7, 0) -> 0
A8: Total | C8: =SUM(C3:C7) -> 0 | D8: =SUM(D3:D7) -> 0 | E8: =C8-D8 -> 0 | F8: =IFERROR(E8/D8, 0) -> 0 | G8: =SUM(G3:G7) -> 0 | H8: =C8-G8 -> 0 | I8: =IFERROR(H8/G8, 0) -> 0
A10: Values in gold exceed expected or forecasted by 10% or more.
A12: Values in red are below expected or forecasted by 10% or more.

Sheet 4th Qtr
A1: {=portfolio} -> Agilitas Energy | C1: 4th Quarter 2024 Actual v. Expected | G1: 4th Quarter 2024 Forecasted
A2: Site | B2: State | C2: Actual | D2: Expected | E2: Delta | F2: % | G2: Forecasted | H2: Delta | I2: %
A3: {=Sites[Site]} -> Rowley - Central Street Solar | B3: {=Sites[State]} -> MA | C3: =SUM(Oct!C3, Nov!C3, Dec!C3) -> 0 | D3: =SUM(Oct!D3, Nov!D3, Dec!D3) -> 0 | E3: =C3-D3 -> 0 | F3: =IFERROR(E3/D3, 0) -> 0 | G3: =SUM(Oct!G3, Nov!G3, Dec!G3) -> 0 | H3: =C3-G3 -> 0 | I3: =IFERROR(H3/G3, 0) -> 0
A4: Auburn - Leicester Street Solar | B4: MA | C4: =SUM(Oct!C4, Nov!C4, Dec!C4) -> 0 | D4: =SUM(Oct!D4, Nov!D4, Dec!D4) -> 0 | E4: =C4-D4 -> 0 | F4: =IFERROR(E4/D4, 0) -> 0 | G4: =SUM(Oct!G4, Nov!G4, Dec!G4) -> 0 | H4: =C4-G4 -> 0 | I4: =IFERROR(H4/G4, 0) -> 0
A5: Rochester - Old Middleboro | B5: MA | C5: =SUM(Oct!C5, Nov!C5, Dec!C5) -> 0 | D5: =SUM(Oct!D5, Nov!D5, Dec!D5) -> 0 | E5: =C5-D5 -> 0 | F5: =IFERROR(E5/D5, 0) -> 0 | G5: =SUM(Oct!G5, Nov!G5, Dec!G5) -> 0 | H5: =C5-G5 -> 0 | I5: =IFERROR(H5/G5, 0) -> 0
A6: Dover - Littleworth Road | B6: NH | C6: =SUM(Oct!C6, Nov!C6, Dec!C6) -> 0 | D6: =SUM(Oct!D6, Nov!D6, Dec!D6) -> 0 | E6: =C6-D6 -> 0 | F6: =IFERROR(E6/D6, 0) -> 0 | G6: =SUM(Oct!G6, Nov!G6, Dec!G6) -> 0 | H6: =C6-G6 -> 0 | I6: =IFERROR(H6/G6, 0) -> 0
A7: Milton - Landfill | B7: NH | C7: =SUM(Oct!C7, Nov!C7, Dec!C7) -> 0 | D7: =SUM(Oct!D7, Nov!D7, Dec!D7) -> 0 | E7: =C7-D7 -> 0 | F7: =IFERROR(E7/D7, 0) -> 0 | G7: =SUM(Oct!G7, Nov!G7, Dec!G7) -> 0 | H7: =C7-G7 -> 0 | I7: =IFERROR(H7/G7, 0) -> 0
A8: Total | C8: =SUM(C3:C7) -> 0 | D8: =SUM(D3:D7) -> 0 | E8: =C8-D8 -> 0 | F8: =IFERROR(E8/D8, 0) -> 0 | G8: =SUM(G3:G7) -> 0 | H8: =C8-G8 -> 0 | I8: =IFERROR(H8/G8, 0) -> 0
A10: Values in gold exceed expected or forecasted by 10% or more.
A12: Values in red are below expected or forecasted by 10% or more.

Sheet Jan
A1: {=portfolio} -> Agilitas Energy | C1: January Actual v. Expected | G1: January Actual v. Forecasted | J1: NOTES | K1: SR
A2: Site | B2: State | C2: Actual | D2: Expected | E2: Delta | F2: % | G2: Forecasted | H2: Delta | I2: %
A3: {=Sites[Site]} -> Rowley - Central Street Solar | B3: {=Sites[State]} -> MA | C3: {=IF(INDIRECT("'" & $A3 & "'!B5:J5")="", "", INDIRECT("'" & $A3 & "'!B5:J5"))} -> 23660.31 | D3: 29500.5 | E3: -5840.19 | F3: -0.19796919 | G3: 37551.17 | H3: -13890.86 | I3: -0.36991817
A4: Auburn - Leicester Street Solar | B4: MA | C4: {=IF(INDIRECT("'" & $A4 & "'!B5:J5")="", "", INDIRECT("'" & $A4 & "'!B5:J5"))} -> 172284.33 | D4: 0 | E4: 172284.33 | F4: 0 | G4: 0 | H4: 172284.33 | I4: 0 | J4: 1. Site was offline on 01/07 at 10:00AM and later back online on 01/08 at 15:30. 2. Site tripped offline on 01/22 at 10:15AM and later back online on 01/25 at 15:45. 3. Inverters 28, 29 & 39 are offline from 01/26 and later back online on 01/31 at 14:45. | K4: 1. SR080001 2. SR080133 3. SR080577
A5: Rochester - Old Middleboro | B5: MA | C5: {=IF(INDIRECT("'" & $A5 & "'!B5:J5")="", "", INDIRECT("'" & $A5 & "'!B5:J5"))} -> 406951 | D5: 473358 | E5: -66407 | F5: -0.14028917 | G5: 421672 | H5: -14721 | I5: -0.034911021 | J5: 1. Site was offline on 01/13 from 06:15 to 11:30 . 2. Site was offline from 01/14 at 11:00 to 01/15 at 15:00. | K5: 1. SR080191 2. SR080222
A6: Dover - Littleworth Road | B6: NH | C6: {=IF(INDIRECT("'" & $A6 & "'!B5:J5")="", "", INDIRECT("'" & $A6 & "'!B5:J5"))} -> 10197 | D6: 0 | E6: 10197 | F6: 0 | G6: 0 | H6: 10197 | I6: 0
A7: Milton - Landfill | B7: NH | C7: {=IF(INDIRECT("'" & $A7 & "'!B5:J5")="", "", INDIRECT("'" & $A7 & "'!B5:J5"))} -> 30705 | D7: 0 | E7: 30705 | F7: 0 | G7: 0 | H7: 30705 | I7: 0
A8: Total | C8: =SUM(C3:C7) -> 643797.64 | D8: =SUM(D3:D7) -> 502858.5 | E8: =C8-D8 -> 140939.14 | F8: =IFERROR(E8/D8, 0) -> 0.28027595 | G8: =SUM(G3:G7) -> 459223.17 | H8: =C8-G8 -> 184574.47 | I8: =IFERROR(H8/G8, 0) -> 0.40192761
A10: Values in gold exceed expected or forecasted by 10% or more.
A12: Values in red are below expected or forecasted by 10% or more.

Sheet Feb
A1: {=portfolio} -> Agilitas Energy | C1: February Actual v. Expected | G1: February Actual v. Forecasted | J1: NOTES | K1: SR
A2: Site | B2: State | C2: Actual | D2: Expected | E2: Delta | F2: % | G2: Forecasted | H2: Delta | I2: %
A3: {=Sites[Site]} -> Rowley - Central Street Solar | B3: {=Sites[State]} -> MA | C3: {=IF(INDIRECT("'" & $A3 & "'!B6:J6")="", "", INDIRECT("'" & $A3 & "'!B6:J6"))} | E3: 0 | F3: 0 | H3: 0 | I3: 0
A4: Auburn - Leicester Street Solar | B4: MA | C4: {=IF(INDIRECT("'" & $A4 & "'!B6:J6")="", "", INDIRECT("'" & $A4 & "'!B6:J6"))} | E4: 0 | F4: 0 | H4: 0 | I4: 0
A5: Rochester - Old Middleboro | B5: MA | C5: {=IF(INDIRECT("'" & $A5 & "'!B6:J6")="", "", INDIRECT("'" & $A5 & "'!B6:J6"))} | E5: 0 | F5: 0 | H5: 0 | I5: 0
A6: Dover - Littleworth Road | B6: NH | C6: {=IF(INDIRECT("'" & $A6 & "'!B6:J6")="", "", INDIRECT("'" & $A6 & "'!B6:J6"))} | E6: 0 | F6: 0 | H6: 0 | I6: 0
A7: Milton - Landfill | B7: NH | C7: {=IF(INDIRECT("'" & $A7 & "'!B6:J6")="", "", INDIRECT("'" & $A7 & "'!B6:J6"))} | E7: 0 | F7: 0 | H7: 0 | I7: 0
A8: Total | C8: =SUM(C3:C7) -> 0 | D8: =SUM(D3:D7) -> 0 | E8: =C8-D8 -> 0 | F8: =IFERROR(E8/D8, 0) -> 0 | G8: =SUM(G3:G7) -> 0 | H8: =C8-G8 -> 0 | I8: =IFERROR(H8/G8, 0) -> 0
A10: Values in gold exceed expected or forecasted by 10% or more.
A12: Values in red are below expected or forecasted by 10% or more.

Sheet Mar
A1: {=portfolio} -> Agilitas Energy | C1: March Actual v. Expected | G1: March Actual v. Forecasted | J1: NOTES | K1: SR
A2: Site | B2: State | C2: Actual | D2: Expected | E2: Delta | F2: % | G2: Forecasted | H2: Delta | I2: %
A3: {=Sites[Site]} -> Rowley - Central Street Solar | B3: {=Sites[State]} -> MA | C3: {=IF(INDIRECT("'" & $A3 & "'!B7:J7")="", "", INDIRECT("'" & $A3 & "'!B7:J7"))} | E3: 0 | F3: 0 | H3: 0 | I3: 0
A4: Auburn - Leicester Street Solar | B4: MA | C4: {=IF(INDIRECT("'" & $A4 & "'!B7:J7")="", "", INDIRECT("'" & $A4 & "'!B7:J7"))} | E4: 0 | F4: 0 | H4: 0 | I4: 0
A5: Rochester - Old Middleboro | B5: MA | C5: {=IF(INDIRECT("'" & $A5 & "'!B7:J7")="", "", INDIRECT("'" & $A5 & "'!B7:J7"))} | E5: 0 | F5: 0 | H5: 0 | I5: 0
A6: Dover - Littleworth Road | B6: NH | C6: {=IF(INDIRECT("'" & $A6 & "'!B7:J7")="", "", INDIRECT("'" & $A6 & "'!B7:J7"))} | E6: 0 | F6: 0 | H6: 0 | I6: 0
A7: Milton - Landfill | B7: NH | C7: {=IF(INDIRECT("'" & $A7 & "'!B7:J7")="", "", INDIRECT("'" & $A7 & "'!B7:J7"))} | E7: 0 | F7: 0 | H7: 0 | I7: 0
A8: Total | C8: =SUM(C3:C7) -> 0 | D8: =SUM(D3:D7) -> 0 | E8: =C8-D8 -> 0 | F8: =IFERROR(E8/D8, 0) -> 0 | G8: =SUM(G3:G7) -> 0 | H8: =C8-G8 -> 0 | I8: =IFERROR(H8/G8, 0) -> 0
A10: Values in gold exceed expected or forecasted by 10% or more.
A12: Values in red are below expected or forecasted by 10% or more.

Sheet Apr
A1: {=portfolio} -> Agilitas Energy | C1: April Actual v. Expected | G1: April Actual v. Forecasted | J1: NOTES | K1: SR
A2: Site | B2: State | C2: Actual | D2: Expected | E2: Delta | F2: % | G2: Forecasted | H2: Delta | I2: %
A3: {=Sites[Site]} -> Rowley - Central Street Solar | B3: {=Sites[State]} -> MA | C3: {=IF(INDIRECT("'" & $A3 & "'!B8:J8")="", "", INDIRECT("'" & $A3 & "'!B8:J8"))} | E3: 0 | F3: 0 | H3: 0 | I3: 0
A4: Auburn - Leicester Street Solar | B4: MA | C4: {=IF(INDIRECT("'" & $A4 & "'!B8:J8")="", "", INDIRECT("'" & $A4 & "'!B8:J8"))} | E4: 0 | F4: 0 | H4: 0 | I4: 0
A5: Rochester - Old Middleboro | B5: MA | C5: {=IF(INDIRECT("'" & $A5 & "'!B8:J8")="", "", INDIRECT("'" & $A5 & "'!B8:J8"))} | E5: 0 | F5: 0 | H5: 0 | I5: 0
A6: Dover - Littleworth Road | B6: NH | C6: {=IF(INDIRECT("'" & $A6 & "'!B8:J8")="", "", INDIRECT("'" & $A6 & "'!B8:J8"))} | E6: 0 | F6: 0 | H6: 0 | I6: 0
A7: Milton - Landfill | B7: NH | C7: {=IF(INDIRECT("'" & $A7 & "'!B8:J8")="", "", INDIRECT("'" & $A7 & "'!B8:J8"))} | E7: 0 | F7: 0 | H7: 0 | I7: 0
A8: Total | C8: =SUM(C3:C7) -> 0 | D8: =SUM(D3:D7) -> 0 | E8: =C8-D8 -> 0 | F8: =IFERROR(E8/D8, 0) -> 0 | G8: =SUM(G3:G7) -> 0 | H8: =C8-G8 -> 0 | I8: =IFERROR(H8/G8, 0) -> 0
A10: Values in gold exceed expected or forecasted by 10% or more.
A12: Values in red are below expected or forecasted by 10% or more.

Sheet May
A1: {=portfolio} -> Agilitas Energy | C1: May Actual v. Expected | G1: May Actual v. Forecasted | J1: NOTES | K1: SR
A2: Site | B2: State | C2: Actual | D2: Expected | E2: Delta | F2: % | G2: Forecasted | H2: Delta | I2: %
A3: {=Sites[Site]} -> Rowley - Central Street Solar | B3: {=Sites[State]} -> MA | C3: {=IF(INDIRECT("'" & $A3 & "'!B9:J9")="", "", INDIRECT("'" & $A3 & "'!B9:J9"))} | E3: 0 | F3: 0 | H3: 0 | I3: 0
A4: Auburn - Leicester Street Solar | B4: MA | C4: {=IF(INDIRECT("'" & $A4 & "'!B9:J9")="", "", INDIRECT("'" & $A4 & "'!B9:J9"))} | E4: 0 | F4: 0 | H4: 0 | I4: 0
A5: Rochester - Old Middleboro | B5: MA | C5: {=IF(INDIRECT("'" & $A5 & "'!B9:J9")="", "", INDIRECT("'" & $A5 & "'!B9:J9"))} | E5: 0 | F5: 0 | H5: 0 | I5: 0
A6: Dover - Littleworth Road | B6: NH | C6: {=IF(INDIRECT("'" & $A6 & "'!B9:J9")="", "", INDIRECT("'" & $A6 & "'!B9:J9"))} | E6: 0 | F6: 0 | H6: 0 | I6: 0
A7: Milton - Landfill | B7: NH | C7: {=IF(INDIRECT("'" & $A7 & "'!B9:J9")="", "", INDIRECT("'" & $A7 & "'!B9:J9"))} | E7: 0 | F7: 0 | H7: 0 | I7: 0
A8: Total | C8: =SUM(C3:C7) -> 0 | D8: =SUM(D3:D7) -> 0 | E8: =C8-D8 -> 0 | F8: =IFERROR(E8/D8, 0) -> 0 | G8: =SUM(G3:G7) -> 0 | H8: =C8-G8 -> 0 | I8: =IFERROR(H8/G8, 0) -> 0
A10: Values in gold exceed expected or forecasted by 10% or more.
A12: Values in red are below expected or forecasted by 10% or more.

Sheet Jun
A1: {=portfolio} -> Agilitas Energy | C1: June Actual v. Expected | G1: June Actual v. Forecasted | J1: NOTES | K1: SR
A2: Site | B2: State | C2: Actual | D2: Expected | E2: Delta | F2: % | G2: Forecasted | H2: Delta | I2: %
A3: {=Sites[Site]} -> Rowley - Central Street Solar | B3: {=Sites[State]} -> MA | C3: {=IF(INDIRECT("'" & $A3 & "'!B10:J10")="", "", INDIRECT("'" & $A3 & "'!B10:J10"))} | E3: 0 | F3: 0 | H3: 0 | I3: 0
A4: Auburn - Leicester Street Solar | B4: MA | C4: {=IF(INDIRECT("'" & $A4 & "'!B10:J10")="", "", INDIRECT("'" & $A4 & "'!B10:J10"))} | E4: 0 | F4: 0 | H4: 0 | I4: 0
A5: Rochester - Old Middleboro | B5: MA | C5: {=IF(INDIRECT("'" & $A5 & "'!B10:J10")="", "", INDIRECT("'" & $A5 & "'!B10:J10"))} | E5: 0 | F5: 0 | H5: 0 | I5: 0
A6: Dover - Littleworth Road | B6: NH | C6: {=IF(INDIRECT("'" & $A6 & "'!B10:J10")="", "", INDIRECT("'" & $A6 & "'!B10:J10"))} | E6: 0 | F6: 0 | H6: 0 | I6: 0
A7: Milton - Landfill | B7: NH | C7: {=IF(INDIRECT("'" & $A7 & "'!B10:J10")="", "", INDIRECT("'" & $A7 & "'!B10:J10"))} | E7: 0 | F7: 0 | H7: 0 | I7: 0
A8: Total | C8: =SUM(C3:C7) -> 0 | D8: =SUM(D3:D7) -> 0 | E8: =C8-D8 -> 0 | F8: =IFERROR(E8/D8, 0) -> 0 | G8: =SUM(G3:G7) -> 0 | H8: =C8-G8 -> 0 | I8: =IFERROR(H8/G8, 0) -> 0
A10: Values in gold exceed expected or forecasted by 10% or more.
A12: Values in red are below expected or forecasted by 10% or more.

Sheet Jul
A1: {=portfolio} -> Agilitas Energy | C1: July Actual v. Expected | G1: July Actual v. Forecasted | J1: NOTES | K1: SR
A2: Site | B2: State | C2: Actual | D2: Expected | E2: Delta | F2: % | G2: Forecasted | H2: Delta | I2: %
A3: {=Sites[Site]} -> Rowley - Central Street Solar | B3: {=Sites[State]} -> MA | C3: {=IF(INDIRECT("'" & $A3 & "'!B11:J11")="", "", INDIRECT("'" & $A3 & "'!B11:J11"))} | E3: 0 | F3: 0 | H3: 0 | I3: 0
A4: Auburn - Leicester Street Solar | B4: MA | C4: {=IF(INDIRECT("'" & $A4 & "'!B11:J11")="", "", INDIRECT("'" & $A4 & "'!B11:J11"))} | E4: 0 | F4: 0 | H4: 0 | I4: 0
A5: Rochester - Old Middleboro | B5: MA | C5: {=IF(INDIRECT("'" & $A5 & "'!B11:J11")="", "", INDIRECT("'" & $A5 & "'!B11:J11"))} | E5: 0 | F5: 0 | H5: 0 | I5: 0
A6: Dover - Littleworth Road | B6: NH | C6: {=IF(INDIRECT("'" & $A6 & "'!B11:J11")="", "", INDIRECT("'" & $A6 & "'!B11:J11"))} | E6: 0 | F6: 0 | H6: 0 | I6: 0
A7: Milton - Landfill | B7: NH | C7: {=IF(INDIRECT("'" & $A7 & "'!B11:J11")="", "", INDIRECT("'" & $A7 & "'!B11:J11"))} | E7: 0 | F7: 0 | H7: 0 | I7: 0
A8: Total | C8: =SUM(C3:C7) -> 0 | D8: =SUM(D3:D7) -> 0 | E8: =C8-D8 -> 0 | F8: =IFERROR(E8/D8, 0) -> 0 | G8: =SUM(G3:G7) -> 0 | H8: =C8-G8 -> 0 | I8: =IFERROR(H8/G8, 0) -> 0
A10: Values in gold exceed expected or forecasted by 10% or more.
A12: Values in red are below expected or forecasted by 10% or more.

Sheet Aug
A1: {=portfolio} -> Agilitas Energy | C1: August Actual v. Expected | G1: August Actual v. Forecasted | J1: NOTES | K1: SR
A2: Site | B2: State | C2: Actual | D2: Expected | E2: Delta | F2: % | G2: Forecasted | H2: Delta | I2: %
A3: {=Sites[Site]} -> Rowley - Central Street Solar | B3: {=Sites[State]} -> MA | C3: {=IF(INDIRECT("'" & $A3 & "'!B12:J12")="", "", INDIRECT("'" & $A3 & "'!B12:J12"))} | E3: 0 | F3: 0 | H3: 0 | I3: 0
A4: Auburn - Leicester Street Solar | B4: MA | C4: {=IF(INDIRECT("'" & $A4 & "'!B12:J12")="", "", INDIRECT("'" & $A4 & "'!B12:J12"))} | E4: 0 | F4: 0 | H4: 0 | I4: 0
A5: Rochester - Old Middleboro | B5: MA | C5: {=IF(INDIRECT("'" & $A5 & "'!B12:J12")="", "", INDIRECT("'" & $A5 & "'!B12:J12"))} | E5: 0 | F5: 0 | H5: 0 | I5: 0
A6: Dover - Littleworth Road | B6: NH | C6: {=IF(INDIRECT("'" & $A6 & "'!B12:J12")="", "", INDIRECT("'" & $A6 & "'!B12:J12"))} | E6: 0 | F6: 0 | H6: 0 | I6: 0
A7: Milton - Landfill | B7: NH | C7: {=IF(INDIRECT("'" & $A7 & "'!B12:J12")="", "", INDIRECT("'" & $A7 & "'!B12:J12"))} | E7: 0 | F7: 0 | H7: 0 | I7: 0
A8: Total | C8: =SUM(C3:C7) -> 0 | D8: =SUM(D3:D7) -> 0 | E8: =C8-D8 -> 0 | F8: =IFERROR(E8/D8, 0) -> 0 | G8: =SUM(G3:G7) -> 0 | H8: =C8-G8 -> 0 | I8: =IFERROR(H8/G8, 0) -> 0
A10: Values in gold exceed expected or forecasted by 10% or more.
A12: Values in red are below expected or forecasted by 10% or more.

Sheet Sep
A1: {=portfolio} -> Agilitas Energy | C1: September Actual v. Expected | G1: September Actual v. Forecasted | J1: NOTES | K1: SR
A2: Site | B2: State | C2: Actual | D2: Expected | E2: Delta | F2: % | G2: Forecasted | H2: Delta | I2: %
A3: {=Sites[Site]} -> Rowley - Central Street Solar | B3: {=Sites[State]} -> MA | C3: {=IF(INDIRECT("'" & $A3 & "'!B13:J13")="", "", INDIRECT("'" & $A3 & "'!B13:J13"))} | E3: 0 | F3: 0 | H3: 0 | I3: 0
A4: Auburn - Leicester Street Solar | B4: MA | C4: {=IF(INDIRECT("'" & $A4 & "'!B13:J13")="", "", INDIRECT("'" & $A4 & "'!B13:J13"))} | E4: 0 | F4: 0 | H4: 0 | I4: 0
A5: Rochester - Old Middleboro | B5: MA | C5: {=IF(INDIRECT("'" & $A5 & "'!B13:J13")="", "", INDIRECT("'" & $A5 & "'!B13:J13"))} | E5: 0 | F5: 0 | H5: 0 | I5: 0
A6: Dover - Littleworth Road | B6: NH | C6: {=IF(INDIRECT("'" & $A6 & "'!B13:J13")="", "", INDIRECT("'" & $A6 & "'!B13:J13"))} | E6: 0 | F6: 0 | H6: 0 | I6: 0
A7: Milton - Landfill | B7: NH | C7: {=IF(INDIRECT("'" & $A7 & "'!B13:J13")="", "", INDIRECT("'" & $A7 & "'!B13:J13"))} | E7: 0 | F7: 0 | H7: 0 | I7: 0
A8: Total | C8: =SUM(C3:C7) -> 0 | D8: =SUM(D3:D7) -> 0 | E8: =C8-D8 -> 0 | F8: =IFERROR(E8/D8, 0) -> 0 | G8: =SUM(G3:G7) -> 0 | H8: =C8-G8 -> 0 | I8: =IFERROR(H8/G8, 0) -> 0
A10: Values in gold exceed expected or forecasted by 10% or more.
A12: Values in red are below expected or forecasted by 10% or more.

Sheet Oct
A1: {=portfolio} -> Agilitas Energy | C1: October Actual v. Expected | G1: October Actual v. Forecasted | J1: NOTES | K1: SR
A2: Site | B2: State | C2: Actual | D2: Expected | E2: Delta | F2: % | G2: Forecasted | H2: Delta | I2: %
A3: {=Sites[Site]} -> Rowley - Central Street Solar | B3: {=Sites[State]} -> MA | C3: {=IF(INDIRECT("'" & $A3 & "'!B14:J14")="", "", INDIRECT("'" & $A3 & "'!B14:J14"))} | E3: 0 | F3: 0 | H3: 0 | I3: 0
A4: Auburn - Leicester Street Solar | B4: MA | C4: {=IF(INDIRECT("'" & $A4 & "'!B14:J14")="", "", INDIRECT("'" & $A4 & "'!B14:J14"))} | E4: 0 | F4: 0 | H4: 0 | I4: 0
A5: Rochester - Old Middleboro | B5: MA | C5: {=IF(INDIRECT("'" & $A5 & "'!B14:J14")="", "", INDIRECT("'" & $A5 & "'!B14:J14"))} | E5: 0 | F5: 0 | H5: 0 | I5: 0
A6: Dover - Littleworth Road | B6: NH | C6: {=IF(INDIRECT("'" & $A6 & "'!B14:J14")="", "", INDIRECT("'" & $A6 & "'!B14:J14"))} | E6: 0 | F6: 0 | H6: 0 | I6: 0
A7: Milton - Landfill | B7: NH | C7: {=IF(INDIRECT("'" & $A7 & "'!B14:J14")="", "", INDIRECT("'" & $A7 & "'!B14:J14"))} | E7: 0 | F7: 0 | H7: 0 | I7: 0
A8: Total | C8: =SUM(C3:C7) -> 0 | D8: =SUM(D3:D7) -> 0 | E8: =C8-D8 -> 0 | F8: =IFERROR(E8/D8, 0) -> 0 | G8: =SUM(G3:G7) -> 0 | H8: =C8-G8 -> 0 | I8: =IFERROR(H8/G8, 0) -> 0
A10: Values in gold exceed expected or forecasted by 10% or more.
A12: Values in red are below expected or forecasted by 10% or more.

Sheet Nov
A1: {=portfolio} -> Agilitas Energy | C1: November Actual v. Expected | G1: November Actual v. Forecasted | J1: NOTES | K1: SR
A2: Site | B2: State | C2: Actual | D2: Expected | E2: Delta | F2: % | G2: Forecasted | H2: Delta | I2: %
A3: {=Sites[Site]} -> Rowley - Central Street Solar | B3: {=Sites[State]} -> MA | C3: {=IF(INDIRECT("'" & $A3 & "'!B15:J15")="", "", INDIRECT("'" & $A3 & "'!B15:J15"))} | E3: 0 | F3: 0 | H3: 0 | I3: 0
A4: Auburn - Leicester Street Solar | B4: MA | C4: {=IF(INDIRECT("'" & $A4 & "'!B15:J15")="", "", INDIRECT("'" & $A4 & "'!B15:J15"))} | E4: 0 | F4: 0 | H4: 0 | I4: 0
A5: Rochester - Old Middleboro | B5: MA | C5: {=IF(INDIRECT("'" & $A5 & "'!B15:J15")="", "", INDIRECT("'" & $A5 & "'!B15:J15"))} | E5: 0 | F5: 0 | H5: 0 | I5: 0
A6: Dover - Littleworth Road | B6: NH | C6: {=IF(INDIRECT("'" & $A6 & "'!B15:J15")="", "", INDIRECT("'" & $A6 & "'!B15:J15"))} | E6: 0 | F6: 0 | H6: 0 | I6: 0
A7: Milton - Landfill | B7: NH | C7: {=IF(INDIRECT("'" & $A7 & "'!B15:J15")="", "", INDIRECT("'" & $A7 & "'!B15:J15"))} | E7: 0 | F7: 0 | H7: 0 | I7: 0
A8: Total | C8: =SUM(C3:C7) -> 0 | D8: =SUM(D3:D7) -> 0 | E8: =C8-D8 -> 0 | F8: =IFERROR(E8/D8, 0) -> 0 | G8: =SUM(G3:G7) -> 0 | H8: =C8-G8 -> 0 | I8: =IFERROR(H8/G8, 0) -> 0
A10: Values in gold exceed expected or forecasted by 10% or more.
A12: Values in red are below expected or forecasted by 10% or more.

Sheet Dec
A1: {=portfolio} -> Agilitas Energy | C1: December Actual v. Expected | G1: December Actual v. Forecasted | J1: NOTES | K1: SR
A2: Site | B2: State | C2: Actual | D2: Expected | E2: Delta | F2: % | G2: Forecasted | H2: Delta | I2: %
A3: {=Sites[Site]} -> Rowley - Central Street Solar | B3: {=Sites[State]} -> MA | C3: {=IF(INDIRECT("'" & $A3 & "'!B16:J16")="", "", INDIRECT("'" & $A3 & "'!B16:J16"))} | E3: 0 | F3: 0 | H3: 0 | I3: 0
A4: Auburn - Leicester Street Solar | B4: MA | C4: {=IF(INDIRECT("'" & $A4 & "'!B16:J16")="", "", INDIRECT("'" & $A4 & "'!B16:J16"))} | E4: 0 | F4: 0 | H4: 0 | I4: 0
A5: Rochester - Old Middleboro | B5: MA | C5: {=IF(INDIRECT("'" & $A5 & "'!B16:J16")="", "", INDIRECT("'" & $A5 & "'!B16:J16"))} | E5: 0 | F5: 0 | H5: 0 | I5: 0
A6: Dover - Littleworth Road | B6: NH | C6: {=IF(INDIRECT("'" & $A6 & "'!B16:J16")="", "", INDIRECT("'" & $A6 & "'!B16:J16"))} | E6: 0 | F6: 0 | H6: 0 | I6: 0
A7: Milton - Landfill | B7: NH | C7: {=IF(INDIRECT("'" & $A7 & "'!B16:J16")="", "", INDIRECT("'" & $A7 & "'!B16:J16"))} | E7: 0 | F7: 0 | H7: 0 | I7: 0
A8: Total | C8: =SUM(C3:C7) -> 0 | D8: =SUM(D3:D7) -> 0 | E8: =C8-D8 -> 0 | F8: =IFERROR(E8/D8, 0) -> 0 | G8: =SUM(G3:G7) -> 0 | H8: =C8-G8 -> 0 | I8: =IFERROR(H8/G8, 0) -> 0
A10: Values in gold exceed expected or forecasted by 10% or more.
A12: Values in red are below expected or forecasted by 10% or more.

Sheet Sites
A1: Portfolio: | B1: Agilitas Energy
A2: Site DAS Name | B2: Site | C2: State | D2: Column1 | E2: DAS
A3: Central Street Solar, Rowley | B3: Rowley - Central Street Solar | C3: MA | D3: AEF | E3: PowerTrack
A4: Leicester Street Solar: DAS + BESS | B4: Auburn - Leicester Street Solar | C4: MA | D4: AEF | E4: PowerTrack
A5: Middleboro Road | B5: Rochester - Old Middleboro | C5: MA | D5: AEF | E5: PowerTrack
A6: Littleworth Road Solar | B6: Dover - Littleworth Road | C6: NH | E6: SolrenView
A7: Milton Municipal Landfill | B7: Milton - Landfill | C7: NH | E7: SolrenView

Sheet Rowley - Central Street Solar
A1: Rowley - Central Street Solar
A3: Actual vs. Expected | F3: Actual vs. Forecasted | I3: Notes
A4: Month | B4: Actual | C4: Expected | D4: Delta Expected | E4: % Expected | F4: Forecasted | G4: Delta Forecasted | H4: % Forecasted | I4: Notes | J4: Service Request
A5: Jan | B5: 23660.31 | C5: 29500.5 | D5: =B5-C5 -> -5840.19 | E5: =IFERROR(D5/C5, 0) -> -0.19796919 | F5: 37551.17 | G5: =B5-F5 -> -13890.86 | H5: =IFERROR(G5/F5, 0) -> -0.36991817
A6: Feb | D6: =B6-C6 -> 0 | E6: =IFERROR(D6/C6, 0) -> 0 | G6: =B6-F6 -> 0 | H6: =IFERROR(G6/F6, 0) -> 0
A7: Mar | D7: =B7-C7 -> 0 | E7: =IFERROR(D7/C7, 0) -> 0 | G7: =B7-F7 -> 0 | H7: =IFERROR(G7/F7, 0) -> 0
A8: Apr | D8: =B8-C8 -> 0 | E8: =IFERROR(D8/C8, 0) -> 0 | G8: =B8-F8 -> 0 | H8: =IFERROR(G8/F8, 0) -> 0
A9: May | D9: =B9-C9 -> 0 | E9: =IFERROR(D9/C9, 0) -> 0 | G9: =B9-F9 -> 0 | H9: =IFERROR(G9/F9, 0) -> 0
A10: Jun | D10: =B10-C10 -> 0 | E10: =IFERROR(D10/C10, 0) -> 0 | G10: =B10-F10 -> 0 | H10: =IFERROR(G10/F10, 0) -> 0
A11: Jul | D11: =B11-C11 -> 0 | E11: =IFERROR(D11/C11, 0) -> 0 | G11: =B11-F11 -> 0 | H11: =IFERROR(G11/F11, 0) -> 0
A12: Aug | D12: =B12-C12 -> 0 | E12: =IFERROR(D12/C12, 0) -> 0 | G12: =B12-F12 -> 0 | H12: =IFERROR(G12/F12, 0) -> 0
A13: Sep | D13: =B13-C13 -> 0 | E13: =IFERROR(D13/C13, 0) -> 0 | G13: =B13-F13 -> 0 | H13: =IFERROR(G13/F13, 0) -> 0
A14: Oct | D14: =B14-C14 -> 0 | E14: =IFERROR(D14/C14, 0) -> 0 | G14: =B14-F14 -> 0 | H14: =IFERROR(G14/F14, 0) -> 0
A15: Nov | D15: =B15-C15 -> 0 | E15: =IFERROR(D15/C15, 0) -> 0 | G15: =B15-F15 -> 0 | H15: =IFERROR(G15/F15, 0) -> 0
A16: Dec | D16: =B16-C16 -> 0 | E16: =IFERROR(D16/C16, 0) -> 0 | G16: =B16-F16 -> 0 | H16: =IFERROR(G16/F16, 0) -> 0
A17: Totals | B17: =SUM(B5:B16) -> 23660.31 | C17: =SUM(C5:C16) -> 29500.5 | D17: =B17-C17 -> -5840.19 | E17: =IFERROR(D17/C17, 0) -> -0.19796919 | F17: =SUM(F5:F16) -> 37551.17 | G17: =B17-F17 -> -13890.86 | H17: =IFERROR(G17/F17, 0) -> -0.36991817

Sheet Auburn - Leicester Street Solar
A1: Auburn - Leicester Street Solar
A3: Actual vs. Expected | F3: Actual vs. Forecasted | I3: Notes
A4: Month | B4: Actual | C4: Expected | D4: Delta Expected | E4: % Expected | F4: Forecasted | G4: Delta Forecasted | H4: % Forecasted | I4: Notes | J4: Service Request
A5: Jan | B5: 172284.33 | C5: 0 | D5: =B5-C5 -> 172284.33 | E5: =IFERROR(D5/C5, 0) -> 0 | F5: 0 | G5: =B5-F5 -> 172284.33 | H5: =IFERROR(G5/F5, 0) -> 0 | I5: 1. Site was offline on 01/07 at 10:00AM and later back online on 01/08 at 15:30. 2. Site tripped offline on 01/22 at 10:15AM and later back online on 01/25 at 15:45. 3. Inverters 28, 29 & 39 are offline from 01/26 and later back online on 01/31 at 14:45. | J5: 1. SR080001 2. SR080133 3. SR080577
A6: Feb | D6: =B6-C6 -> 0 | E6: =IFERROR(D6/C6, 0) -> 0 | G6: =B6-F6 -> 0 | H6: =IFERROR(G6/F6, 0) -> 0
A7: Mar | D7: =B7-C7 -> 0 | E7: =IFERROR(D7/C7, 0) -> 0 | G7: =B7-F7 -> 0 | H7: =IFERROR(G7/F7, 0) -> 0
A8: Apr | D8: =B8-C8 -> 0 | E8: =IFERROR(D8/C8, 0) -> 0 | G8: =B8-F8 -> 0 | H8: =IFERROR(G8/F8, 0) -> 0
A9: May | D9: =B9-C9 -> 0 | E9: =IFERROR(D9/C9, 0) -> 0 | G9: =B9-F9 -> 0 | H9: =IFERROR(G9/F9, 0) -> 0
A10: Jun | D10: =B10-C10 -> 0 | E10: =IFERROR(D10/C10, 0) -> 0 | G10: =B10-F10 -> 0 | H10: =IFERROR(G10/F10, 0) -> 0
A11: Jul | D11: =B11-C11 -> 0 | E11: =IFERROR(D11/C11, 0) -> 0 | G11: =B11-F11 -> 0 | H11: =IFERROR(G11/F11, 0) -> 0
A12: Aug | D12: =B12-C12 -> 0 | E12: =IFERROR(D12/C12, 0) -> 0 | G12: =B12-F12 -> 0 | H12: =IFERROR(G12/F12, 0) -> 0
A13: Sep | D13: =B13-C13 -> 0 | E13: =IFERROR(D13/C13, 0) -> 0 | G13: =B13-F13 -> 0 | H13: =IFERROR(G13/F13, 0) -> 0
A14: Oct | D14: =B14-C14 -> 0 | E14: =IFERROR(D14/C14, 0) -> 0 | G14: =B14-F14 -> 0 | H14: =IFERROR(G14/F14, 0) -> 0
A15: Nov | D15: =B15-C15 -> 0 | E15: =IFERROR(D15/C15, 0) -> 0 | G15: =B15-F15 -> 0 | H15: =IFERROR(G15/F15, 0) -> 0
A16: Dec | D16: =B16-C16 -> 0 | E16: =IFERROR(D16/C16, 0) -> 0 | G16: =B16-F16 -> 0 | H16: =IFERROR(G16/F16, 0) -> 0
A17: Totals | B17: =SUM(B5:B16) -> 172284.33 | C17: =SUM(C5:C16) -> 0 | D17: =B17-C17 -> 172284.33 | E17: =IFERROR(D17/C17, 0) -> 0 | F17: =SUM(F5:F16) -> 0 | G17: =B17-F17 -> 172284.33 | H17: =IFERROR(G17/F17, 0) -> 0

Sheet Rochester - Old Middleboro
A1: Rochester - Old Middleboro
A3: Actual vs. Expected | F3: Actual vs. Forecasted | I3: Notes
A4: Month | B4: Actual | C4: Expected | D4: Delta Expected | E4: % Expected | F4: Forecasted | G4: Delta Forecasted | H4: % Forecasted | I4: Notes | J4: Service Request
A5: Jan | B5: 406951 | C5: 473358 | D5: =B5-C5 -> -66407 | E5: =IFERROR(D5/C5, 0) -> -0.14028917 | F5: 421672 | G5: =B5-F5 -> -14721 | H5: =IFERROR(G5/F5, 0) -> -0.034911021 | I5: 1. Site was offline on 01/13 from 06:15 to 11:30 . 2. Site was offline from 01/14 at 11:00 to 01/15 at 15:00. | J5: 1. SR080191 2. SR080222
A6: Feb | D6: =B6-C6 -> 0 | E6: =IFERROR(D6/C6, 0) -> 0 | G6: =B6-F6 -> 0 | H6: =IFERROR(G6/F6, 0) -> 0
A7: Mar | D7: =B7-C7 -> 0 | E7: =IFERROR(D7/C7, 0) -> 0 | G7: =B7-F7 -> 0 | H7: =IFERROR(G7/F7, 0) -> 0
A8: Apr | D8: =B8-C8 -> 0 | E8: =IFERROR(D8/C8, 0) -> 0 | G8: =B8-F8 -> 0 | H8: =IFERROR(G8/F8, 0) -> 0
A9: May | D9: =B9-C9 -> 0 | E9: =IFERROR(D9/C9, 0) -> 0 | G9: =B9-F9 -> 0 | H9: =IFERROR(G9/F9, 0) -> 0
A10: Jun | D10: =B10-C10 -> 0 | E10: =IFERROR(D10/C10, 0) -> 0 | G10: =B10-F10 -> 0 | H10: =IFERROR(G10/F10, 0) -> 0
A11: Jul | D11: =B11-C11 -> 0 | E11: =IFERROR(D11/C11, 0) -> 0 | G11: =B11-F11 -> 0 | H11: =IFERROR(G11/F11, 0) -> 0
A12: Aug | D12: =B12-C12 -> 0 | E12: =IFERROR(D12/C12, 0) -> 0 | G12: =B12-F12 -> 0 | H12: =IFERROR(G12/F12, 0) -> 0
A13: Sep | D13: =B13-C13 -> 0 | E13: =IFERROR(D13/C13, 0) -> 0 | G13: =B13-F13 -> 0 | H13: =IFERROR(G13/F13, 0) -> 0
A14: Oct | D14: =B14-C14 -> 0 | E14: =IFERROR(D14/C14, 0) -> 0 | G14: =B14-F14 -> 0 | H14: =IFERROR(G14/F14, 0) -> 0
A15: Nov | D15: =B15-C15 -> 0 | E15: =IFERROR(D15/C15, 0) -> 0 | G15: =B15-F15 -> 0 | H15: =IFERROR(G15/F15, 0) -> 0
A16: Dec | D16: =B16-C16 -> 0 | E16: =IFERROR(D16/C16, 0) -> 0 | G16: =B16-F16 -> 0 | H16: =IFERROR(G16/F16, 0) -> 0
A17: Totals | B17: =SUM(B5:B16) -> 406951 | C17: =SUM(C5:C16) -> 473358 | D17: =B17-C17 -> -66407 | E17: =IFERROR(D17/C17, 0) -> -0.14028917 | F17: =SUM(F5:F16) -> 421672 | G17: =B17-F17 -> -14721 | H17: =IFERROR(G17/F17, 0) -> -0.034911021

Sheet Dover - Littleworth Road
A1: Dover - Littleworth Road
A3: Actual vs. Expected | F3: Actual vs. Forecasted | I3: Notes
A4: Month | B4: Actual | C4: Expected | D4: Delta Expected | E4: % Expected | F4: Forecasted | G4: Delta Forecasted | H4: % Forecasted | I4: Notes | J4: Service Request
A5: Jan | B5: 10197 | C5: 0 | D5: =B5-C5 -> 10197 | E5: =IFERROR(D5/C5, 0) -> 0 | F5: 0 | G5: =B5-F5 -> 10197 | H5: =IFERROR(G5/F5, 0) -> 0
A6: Feb | D6: =B6-C6 -> 0 | E6: =IFERROR(D6/C6, 0) -> 0 | G6: =B6-F6 -> 0 | H6: =IFERROR(G6/F6, 0) -> 0
A7: Mar | D7: =B7-C7 -> 0 | E7: =IFERROR(D7/C7, 0) -> 0 | G7: =B7-F7 -> 0 | H7: =IFERROR(G7/F7, 0) -> 0
A8: Apr | D8: =B8-C8 -> 0 | E8: =IFERROR(D8/C8, 0) -> 0 | G8: =B8-F8 -> 0 | H8: =IFERROR(G8/F8, 0) -> 0
A9: May | D9: =B9-C9 -> 0 | E9: =IFERROR(D9/C9, 0) -> 0 | G9: =B9-F9 -> 0 | H9: =IFERROR(G9/F9, 0) -> 0
A10: Jun | D10: =B10-C10 -> 0 | E10: =IFERROR(D10/C10, 0) -> 0 | G10: =B10-F10 -> 0 | H10: =IFERROR(G10/F10, 0) -> 0
A11: Jul | D11: =B11-C11 -> 0 | E11: =IFERROR(D11/C11, 0) -> 0 | G11: =B11-F11 -> 0 | H11: =IFERROR(G11/F11, 0) -> 0
A12: Aug | D12: =B12-C12 -> 0 | E12: =IFERROR(D12/C12, 0) -> 0 | G12: =B12-F12 -> 0 | H12: =IFERROR(G12/F12, 0) -> 0
A13: Sep | D13: =B13-C13 -> 0 | E13: =IFERROR(D13/C13, 0) -> 0 | G13: =B13-F13 -> 0 | H13: =IFERROR(G13/F13, 0) -> 0
A14: Oct | D14: =B14-C14 -> 0 | E14: =IFERROR(D14/C14, 0) -> 0 | G14: =B14-F14 -> 0 | H14: =IFERROR(G14/F14, 0) -> 0
A15: Nov | D15: =B15-C15 -> 0 | E15: =IFERROR(D15/C15, 0) -> 0 | G15: =B15-F15 -> 0 | H15: =IFERROR(G15/F15, 0) -> 0
A16: Dec | D16: =B16-C16 -> 0 | E16: =IFERROR(D16/C16, 0) -> 0 | G16: =B16-F16 -> 0 | H16: =IFERROR(G16/F16, 0) -> 0
A17: Totals | B17: =SUM(B5:B16) -> 10197 | C17: =SUM(C5:C16) -> 0 | D17: =B17-C17 -> 10197 | E17: =IFERROR(D17/C17, 0) -> 0 | F17: =SUM(F5:F16) -> 0 | G17: =B17-F17 -> 10197 | H17: =IFERROR(G17/F17, 0) -> 0

Sheet Milton - Landfill
A1: Milton - Landfill
A3: Actual vs. Expected | F3: Actual vs. Forecasted | I3: Notes
A4: Month | B4: Actual | C4: Expected | D4: Delta Expected | E4: % Expected | F4: Forecasted | G4: Delta Forecasted | H4: % Forecasted | I4: Notes | J4: Service Request
A5: Jan | B5: 30705 | C5: 0 | D5: =B5-C5 -> 30705 | E5: =IFERROR(D5/C5, 0) -> 0 | F5: 0 | G5: =B5-F5 -> 30705 | H5: =IFERROR(G5/F5, 0) -> 0
A6: Feb | D6: =B6-C6 -> 0 | E6: =IFERROR(D6/C6, 0) -> 0 | G6: =B6-F6 -> 0 | H6: =IFERROR(G6/F6, 0) -> 0
A7: Mar | D7: =B7-C7 -> 0 | E7: =IFERROR(D7/C7, 0) -> 0 | G7: =B7-F7 -> 0 | H7: =IFERROR(G7/F7, 0) -> 0
A8: Apr | D8: =B8-C8 -> 0 | E8: =IFERROR(D8/C8, 0) -> 0 | G8: =B8-F8 -> 0 | H8: =IFERROR(G8/F8, 0) -> 0
A9: May | D9: =B9-C9 -> 0 | E9: =IFERROR(D9/C9, 0) -> 0 | G9: =B9-F9 -> 0 | H9: =IFERROR(G9/F9, 0) -> 0
A10: Jun | D10: =B10-C10 -> 0 | E10: =IFERROR(D10/C10, 0) -> 0 | G10: =B10-F10 -> 0 | H10: =IFERROR(G10/F10, 0) -> 0
A11: Jul | D11: =B11-C11 -> 0 | E11: =IFERROR(D11/C11, 0) -> 0 | G11: =B11-F11 -> 0 | H11: =IFERROR(G11/F11, 0) -> 0
A12: Aug | D12: =B12-C12 -> 0 | E12: =IFERROR(D12/C12, 0) -> 0 | G12: =B12-F12 -> 0 | H12: =IFERROR(G12/F12, 0) -> 0
A13: Sep | D13: =B13-C13 -> 0 | E13: =IFERROR(D13/C13, 0) -> 0 | G13: =B13-F13 -> 0 | H13: =IFERROR(G13/F13, 0) -> 0
A14: Oct | D14: =B14-C14 -> 0 | E14: =IFERROR(D14/C14, 0) -> 0 | G14: =B14-F14 -> 0 | H14: =IFERROR(G14/F14, 0) -> 0
A15: Nov | D15: =B15-C15 -> 0 | E15: =IFERROR(D15/C15, 0) -> 0 | G15: =B15-F15 -> 0 | H15: =IFERROR(G15/F15, 0) -> 0
A16: Dec | D16: =B16-C16 -> 0 | E16: =IFERROR(D16/C16, 0) -> 0 | G16: =B16-F16 -> 0 | H16: =IFERROR(G16/F16, 0) -> 0
A17: Totals | B17: =SUM(B5:B16) -> 30705 | C17: =SUM(C5:C16) -> 0 | D17: =B17-C17 -> 30705 | E17: =IFERROR(D17/C17, 0) -> 0 | F17: =SUM(F5:F16) -> 0 | G17: =B17-F17 -> 30705 | H17: =IFERROR(G17/F17, 0) -> 0
