Workbook
Name JanActual: '01-2024'!$C$3:$C$7
Name JanActual2: '01-2024'!#REF!
Name JanExpected: '01-2024'!$D$3:$D$7
Name JanExpectedDelta: '01-2024'!$E$3:$E$7
Name JanExpectedPercent: '01-2024'!$F$3:$F$7
Name JanExpPercent: '01-2024'!$F$3:$F$7
Name JanForecasted: '01-2024'!$G$3:$G$7
Name JanForecastedDelta: '01-2024'!$H$3:$H$7
Name JanForecastedPercent: '01-2024'!$I$3:$I$7
Name portfolio: Sites!$B$1:$B$1

Sheet YTD Total 2024
A1: {=portfolio} -> ALIGNED | C1: Year to Date 2024 Actual v. Expected | G1: Year to Date 2024 Forecasted | J1: NOTES | K1: SR
A2: Site | B2: State | C2: Actual | D2: Expected | E2: Delta | F2: % | G2: Forecasted | H2: Delta | I2: %
A3: {=Sites[Site]} -> Conway -US 302 and Stirch Road | B3: {=Sites[State]} -> NH | C3: =SUM('1st Quarter 2024'!C3, '2nd Quarter 2024'!C3, '3rd Quarter 2024'!C3, '4th Quarter 2024'!C3) -> 51558.18 | D3: =SUM('1st Quarter 2024'!D3, '2nd Quarter 2024'!D3, '3rd Quarter 2024'!D3, '4th Quarter 2024'!D3) -> 56747.74 | E3: =C3-D3 -> -5189.56 | F3: =IFERROR(E3/D3, 0) -> -0.091449633 | G3: =SUM('1st Quarter 2024'!G3, '2nd Quarter 2024'!G3, '3rd Quarter 2024'!G3, '4th Quarter 2024'!G3) -> 0 | H3: =C3-G3 -> 51558.18 | I3: =IFERROR(H3/G3, 0) -> 0
A4: Loudon - 7046 Pleasant Street | B4: NH | C4: =SUM('1st Quarter 2024'!C4, '2nd Quarter 2024'!C4, '3rd Quarter 2024'!C4, '4th Quarter 2024'!C4) -> 67770.851 | D4: =SUM('1st Quarter 2024'!D4, '2nd Quarter 2024'!D4, '3rd Quarter 2024'!D4, '4th Quarter 2024'!D4) -> 82178.83 | E4: =C4-D4 -> -14407.979 | F4: =IFERROR(E4/D4, 0) -> -0.1753247 | G4: =SUM('1st Quarter 2024'!G4, '2nd Quarter 2024'!G4, '3rd Quarter 2024'!G4, '4th Quarter 2024'!G4) -> 122968.3 | H4: =C4-G4 -> -55197.449 | I4: =IFERROR(H4/G4, 0) -> -0.44887543
A5: Nashua - Pennichuck Water East | B5: NH | C5: =SUM('1st Quarter 2024'!C5, '2nd Quarter 2024'!C5, '3rd Quarter 2024'!C5, '4th Quarter 2024'!C5) -> 67621.655 | D5: =SUM('1st Quarter 2024'!D5, '2nd Quarter 2024'!D5, '3rd Quarter 2024'!D5, '4th Quarter 2024'!D5) -> 53199.54 | E5: =C5-D5 -> 14422.115 | F5: =IFERROR(E5/D5, 0) -> 0.27109473 | G5: =SUM('1st Quarter 2024'!G5, '2nd Quarter 2024'!G5, '3rd Quarter 2024'!G5, '4th Quarter 2024'!G5) -> 72464 | H5: =C5-G5 -> -4842.345 | I5: =IFERROR(H5/G5, 0) -> -0.066824147
A6: Nashua - Pennichuck Water West | B6: NH | C6: =SUM('1st Quarter 2024'!C6, '2nd Quarter 2024'!C6, '3rd Quarter 2024'!C6, '4th Quarter 2024'!C6) -> 51645.284 | D6: =SUM('1st Quarter 2024'!D6, '2nd Quarter 2024'!D6, '3rd Quarter 2024'!D6, '4th Quarter 2024'!D6) -> 55970.19 | E6: =C6-D6 -> -4324.9064 | F6: =IFERROR(E6/D6, 0) -> -0.077271604 | G6: =SUM('1st Quarter 2024'!G6, '2nd Quarter 2024'!G6, '3rd Quarter 2024'!G6, '4th Quarter 2024'!G6) -> 0 | H6: =C6-G6 -> 51645.284 | I6: =IFERROR(H6/G6, 0) -> 0
A7: Monmouth Junction - Pro Skate | B7: NJ | C7: =SUM('1st Quarter 2024'!C7, '2nd Quarter 2024'!C7, '3rd Quarter 2024'!C7, '4th Quarter 2024'!C7) -> 0 | D7: =SUM('1st Quarter 2024'!D7, '2nd Quarter 2024'!D7, '3rd Quarter 2024'!D7, '4th Quarter 2024'!D7) -> 0 | E7: =C7-D7 -> 0 | F7: =IFERROR(E7/D7, 0) -> 0 | G7: =SUM('1st Quarter 2024'!G7, '2nd Quarter 2024'!G7, '3rd Quarter 2024'!G7, '4th Quarter 2024'!G7) -> 0 | H7: =C7-G7 -> 0 | I7: =IFERROR(H7/G7, 0) -> 0
A8: Total | C8: =SUM(C3:C7) -> 238595.97 | D8: =SUM(D3:D7) -> 248096.3 | E8: =C8-D8 -> -9500.3301 | F8: =IFERROR(E8/D8, 0) -> -0.038292913 | G8: =SUM(G3:G7) -> 195432.3 | H8: =C8-G8 -> 43163.67 | I8: =IFERROR(H8/G8, 0) -> 0.22086252
A10: Values in gold exceed expected or forecasted by 10% or more.
A12: Values in red are below expected or forecasted by 10% or more.

Sheet 1st Quarter 2024
A1: {=portfolio} -> ALIGNED | C1: 1st Quarter 2024 Actual v. Expected | G1: 1st Quarter 2024 Forecasted | J1: NOTES | K1: SR
A2: Site | B2: State | C2: Actual | D2: Expected | E2: Delta | F2: % | G2: Forecasted | H2: Delta | I2: %
A3: {=Sites[Site]} -> Conway -US 302 and Stirch Road | B3: {=Sites[State]} -> NH | C3: =SUM('01-2024'!C3, '02-2024'!C3, '03-2024'!C3) -> 51558.18 | D3: =SUM('01-2024'!D3, '02-2024'!D3, '03-2024'!D3) -> 56747.74 | E3: =C3-D3 -> -5189.56 | F3: =IFERROR(E3/D3, 0) -> -0.091449633 | G3: =SUM('01-2024'!G3, '02-2024'!G3, '03-2024'!G3) -> 0 | H3: =C3-G3 -> 51558.18 | I3: =IFERROR(H3/G3, 0) -> 0
A4: Loudon - 7046 Pleasant Street | B4: NH | C4: =SUM('01-2024'!C4, '02-2024'!C4, '03-2024'!C4) -> 67770.851 | D4: =SUM('01-2024'!D4, '02-2024'!D4, '03-2024'!D4) -> 82178.83 | E4: =C4-D4 -> -14407.979 | F4: =IFERROR(E4/D4, 0) -> -0.1753247 | G4: =SUM('01-2024'!G4, '02-2024'!G4, '03-2024'!G4) -> 122968.3 | H4: =C4-G4 -> -55197.449 | I4: =IFERROR(H4/G4, 0) -> -0.44887543
A5: Nashua - Pennichuck Water East | B5: NH | C5: =SUM('01-2024'!C5, '02-2024'!C5, '03-2024'!C5) -> 67621.655 | D5: =SUM('01-2024'!D5, '02-2024'!D5, '03-2024'!D5) -> 53199.54 | E5: =C5-D5 -> 14422.115 | F5: =IFERROR(E5/D5, 0) -> 0.27109473 | G5: =SUM('01-2024'!G5, '02-2024'!G5, '03-2024'!G5) -> 72464 | H5: =C5-G5 -> -4842.345 | I5: =IFERROR(H5/G5, 0) -> -0.066824147
A6: Nashua - Pennichuck Water West | B6: NH | C6: =SUM('01-2024'!C6, '02-2024'!C6, '03-2024'!C6) -> 51645.284 | D6: =SUM('01-2024'!D6, '02-2024'!D6, '03-2024'!D6) -> 55970.19 | E6: =C6-D6 -> -4324.9064 | F6: =IFERROR(E6/D6, 0) -> -0.077271604 | G6: =SUM('01-2024'!G6, '02-2024'!G6, '03-2024'!G6) -> 0 | H6: =C6-G6 -> 51645.284 | I6: =IFERROR(H6/G6, 0) -> 0
A7: Monmouth Junction - Pro Skate | B7: NJ | C7: =SUM('01-2024'!C7, '02-2024'!C7, '03-2024'!C7) -> 0 | D7: =SUM('01-2024'!D7, '02-2024'!D7, '03-2024'!D7) -> 0 | E7: =C7-D7 -> 0 | F7: =IFERROR(E7/D7, 0) -> 0 | G7: =SUM('01-2024'!G7, '02-2024'!G7, '03-2024'!G7) -> 0 | H7: =C7-G7 -> 0 | I7: =IFERROR(H7/G7, 0) -> 0
A8: Total | C8: =SUM(C3:C7) -> 238595.97 | D8: =SUM(D3:D7) -> 248096.3 | E8: =C8-D8 -> -9500.3301 | F8: =IFERROR(E8/D8, 0) -> -0.038292913 | G8: =SUM(G3:G7) -> 195432.3 | H8: =C8-G8 -> 43163.67 | I8: =IFERROR(H8/G8, 0) -> 0.22086252
A10: Values in gold exceed expected or forecasted by 10% or more.
A12: Values in red are below expected or forecasted by 10% or more.

Sheet 2nd Quarter 2024
A1: {=portfolio} -> ALIGNED | C1: 2nd Quarter 2024 Actual v. Expected | G1: 2nd Quarter 2024 Forecasted | J1: NOTES | K1: SR
A2: Site | B2: State | C2: Actual | D2: Expected | E2: Delta | F2: % | G2: Forecasted | H2: Delta | I2: %
A3: {=Sites[Site]} -> Conway -US 302 and Stirch Road | B3: {=Sites[State]} -> NH | C3: =SUM('04-2024'!C3, '05-2024'!C3, '06-2024'!C3) -> 0 | D3: =SUM('04-2024'!D3, '05-2024'!D3, '06-2024'!D3) -> 0 | E3: =C3-D3 -> 0 | F3: =IFERROR(E3/D3, 0) -> 0 | G3: =SUM('04-2024'!G3, '05-2024'!G3, '06-2024'!G3) -> 0 | H3: =C3-G3 -> 0 | I3: =IFERROR(H3/G3, 0) -> 0
A4: Loudon - 7046 Pleasant Street | B4: NH | C4: =SUM('04-2024'!C4, '05-2024'!C4, '06-2024'!C4) -> 0 | D4: =SUM('04-2024'!D4, '05-2024'!D4, '06-2024'!D4) -> 0 | E4: =C4-D4 -> 0 | F4: =IFERROR(E4/D4, 0) -> 0 | G4: =SUM('04-2024'!G4, '05-2024'!G4, '06-2024'!G4) -> 0 | H4: =C4-G4 -> 0 | I4: =IFERROR(H4/G4, 0) -> 0
A5: Nashua - Pennichuck Water East | B5: NH | C5: =SUM('04-2024'!C5, '05-2024'!C5, '06-2024'!C5) -> 0 | D5: =SUM('04-2024'!D5, '05-2024'!D5, '06-2024'!D5) -> 0 | E5: =C5-D5 -> 0 | F5: =IFERROR(E5/D5, 0) -> 0 | G5: =SUM('04-2024'!G5, '05-2024'!G5, '06-2024'!G5) -> 0 | H5: =C5-G5 -> 0 | I5: =IFERROR(H5/G5, 0) -> 0
A6: Nashua - Pennichuck Water West | B6: NH | C6: =SUM('04-2024'!C6, '05-2024'!C6, '06-2024'!C6) -> 0 | D6: =SUM('04-2024'!D6, '05-2024'!D6, '06-2024'!D6) -> 0 | E6: =C6-D6 -> 0 | F6: =IFERROR(E6/D6, 0) -> 0 | G6: =SUM('04-2024'!G6, '05-2024'!G6, '06-2024'!G6) -> 0 | H6: =C6-G6 -> 0 | I6: =IFERROR(H6/G6, 0) -> 0
A7: Monmouth Junction - Pro Skate | B7: NJ | C7: =SUM('04-2024'!C7, '05-2024'!C7, '06-2024'!C7) -> 0 | D7: =SUM('04-2024'!D7, '05-2024'!D7, '06-2024'!D7) -> 0 | E7: =C7-D7 -> 0 | F7: =IFERROR(E7/D7, 0) -> 0 | G7: =SUM('04-2024'!G7, '05-2024'!G7, '06-2024'!G7) -> 0 | H7: =C7-G7 -> 0 | I7: =IFERROR(H7/G7, 0) -> 0
A8: Total | C8: =SUM(C3:C7) -> 0 | D8: =SUM(D3:D7) -> 0 | E8: =C8-D8 -> 0 | F8: =IFERROR(E8/D8, 0) -> 0 | G8: =SUM(G3:G7) -> 0 | H8: =C8-G8 -> 0 | I8: =IFERROR(H8/G8, 0) -> 0
A10: Values in gold exceed expected or forecasted by 10% or more.
A12: Values in red are below expected or forecasted by 10% or more.

Sheet 3rd Quarter 2024
A1: {=portfolio} -> ALIGNED | C1: 3rd Quarter 2024 Actual v. Expected | G1: 3rd Quarter 2024 Forecasted | J1: NOTES | K1: SR
A2: Site | B2: State | C2: Actual | D2: Expected | E2: Delta | F2: % | G2: Forecasted | H2: Delta | I2: %
A3: {=Sites[Site]} -> Conway -US 302 and Stirch Road | B3: {=Sites[State]} -> NH | C3: =SUM('07-2024'!C3, '08-2024'!C3, '09-2024'!C3) -> 0 | D3: =SUM('07-2024'!D3, '08-2024'!D3, '09-2024'!D3) -> 0 | E3: =C3-D3 -> 0 | F3: =IFERROR(E3/C3, 0) -> 0 | G3: =SUM('07-2024'!G3, '08-2024'!G3, '09-2024'!G3) -> 0 | H3: =F3-G3 -> 0 | I3: =IFERROR(H3/G3, 0) -> 0
A4: Loudon - 7046 Pleasant Street | B4: NH | C4: =SUM('07-2024'!C4, '08-2024'!C4, '09-2024'!C4) -> 0 | D4: =SUM('07-2024'!D4, '08-2024'!D4, '09-2024'!D4) -> 0 | E4: =C4-D4 -> 0 | F4: =IFERROR(E4/C4, 0) -> 0 | G4: =SUM('07-2024'!G4, '08-2024'!G4, '09-2024'!G4) -> 0 | H4: =C4-G4 -> 0 | I4: =IFERROR(H4/G4, 0) -> 0
A5: Nashua - Pennichuck Water East | B5: NH | C5: =SUM('07-2024'!C5, '08-2024'!C5, '09-2024'!C5) -> 0 | D5: =SUM('07-2024'!D5, '08-2024'!D5, '09-2024'!D5) -> 0 | E5: =C5-D5 -> 0 | F5: =IFERROR(E5/C5, 0) -> 0 | G5: =SUM('07-2024'!G5, '08-2024'!G5, '09-2024'!G5) -> 0 | H5: =C5-G5 -> 0 | I5: =IFERROR(H5/G5, 0) -> 0
A6: Nashua - Pennichuck Water West | B6: NH | C6: =SUM('07-2024'!C6, '08-2024'!C6, '09-2024'!C6) -> 0 | D6: =SUM('07-2024'!D6, '08-2024'!D6, '09-2024'!D6) -> 0 | E6: =C6-D6 -> 0 | F6: =IFERROR(E6/C6, 0) -> 0 | G6: =SUM('07-2024'!G6, '08-2024'!G6, '09-2024'!G6) -> 0 | H6: =F6-G6 -> 0 | I6: =IFERROR(H6/G6, 0) -> 0
A7: Monmouth Junction - Pro Skate | B7: NJ | C7: =SUM('07-2024'!C7, '08-2024'!C7, '09-2024'!C7) -> 0 | D7: =SUM('07-2024'!D7, '08-2024'!D7, '09-2024'!D7) -> 0 | E7: =C7-D7 -> 0 | F7: =IFERROR(E7/C7, 0) -> 0 | G7: =SUM('07-2024'!G7, '08-2024'!G7, '09-2024'!G7) -> 0 | H7: =F7-G7 -> 0 | I7: =IFERROR(H7/G7, 0) -> 0
A8: Total | C8: =SUM(C3:C7) -> 0 | D8: =SUM(D3:D7) -> 0 | E8: =C8-D8 -> 0 | F8: =IFERROR(E8/D8, 0) -> 0 | G8: =SUM(G3:G7) -> 0 | H8: =C8-G8 -> 0 | I8: =IFERROR(H8/G8, 0) -> 0
A10: Values in gold exceed expected or forecasted by 10% or more.
A12: Values in red are below expected or forecasted by 10% or more.

Sheet 4th Quarter 2024
A1: {=portfolio} -> ALIGNED | C1: 4th Quarter 2024 Actual v. Expected | G1: 4th Quarter 2024 Forecasted | J1: NOTES | K1: SR
A2: Site | B2: State | C2: Actual | D2: Expected | E2: Delta | F2: % | G2: Forecasted | H2: Delta | I2: %
A3: {=Sites[Site]} -> Conway -US 302 and Stirch Road | B3: {=Sites[State]} -> NH | C3: =SUM('10-2024'!C3, '11-2024'!C3, '12-2024'!C3) -> 0 | D3: =SUM('10-2024'!D3, '11-2024'!D3, '12-2024'!D3) -> 0 | E3: =C3-D3 -> 0 | F3: =IFERROR(E3/C3, 0) -> 0 | G3: =SUM('10-2024'!G3, '11-2024'!G3, '12-2024'!G3) -> 0 | H3: =F3-G3 -> 0 | I3: =IFERROR(H3/G3, 0) -> 0
A4: Loudon - 7046 Pleasant Street | B4: NH | C4: =SUM('10-2024'!C4, '11-2024'!C4, '12-2024'!C4) -> 0 | D4: =SUM('10-2024'!D4, '11-2024'!D4, '12-2024'!D4) -> 0 | E4: =C4-D4 -> 0 | F4: =IFERROR(E4/C4, 0) -> 0 | G4: =SUM('10-2024'!G4, '11-2024'!G4, '12-2024'!G4) -> 0 | H4: =C4-G4 -> 0 | I4: =IFERROR(H4/G4, 0) -> 0
A5: Nashua - Pennichuck Water East | B5: NH | C5: =SUM('10-2024'!C5, '11-2024'!C5, '12-2024'!C5) -> 0 | D5: =SUM('10-2024'!D5, '11-2024'!D5, '12-2024'!D5) -> 0 | E5: =C5-D5 -> 0 | F5: =IFERROR(E5/C5, 0) -> 0 | G5: =SUM('10-2024'!G5, '11-2024'!G5, '12-2024'!G5) -> 0 | H5: =C5-G5 -> 0 | I5: =IFERROR(H5/G5, 0) -> 0
A6: Nashua - Pennichuck Water West | B6: NH | C6: =SUM('10-2024'!C6, '11-2024'!C6, '12-2024'!C6) -> 0 | D6: =SUM('10-2024'!D6, '11-2024'!D6, '12-2024'!D6) -> 0 | E6: =C6-D6 -> 0 | F6: =IFERROR(E6/C6, 0) -> 0 | G6: =SUM('10-2024'!G6, '11-2024'!G6, '12-2024'!G6) -> 0 | H6: =F6-G6 -> 0 | I6: =IFERROR(H6/G6, 0) -> 0
A7: Monmouth Junction - Pro Skate | B7: NJ | C7: =SUM('10-2024'!C7, '11-2024'!C7, '12-2024'!C7) -> 0 | D7: =SUM('10-2024'!D7, '11-2024'!D7, '12-2024'!D7) -> 0 | E7: =C7-D7 -> 0 | F7: =IFERROR(E7/C7, 0) -> 0 | G7: =SUM('10-2024'!G7, '11-2024'!G7, '12-2024'!G7) -> 0 | H7: =F7-G7 -> 0 | I7: =IFERROR(H7/G7, 0) -> 0
A8: Total | C8: =SUM(C3:C7) -> 0 | D8: =SUM(D3:D7) -> 0 | E8: =C8-D8 -> 0 | F8: =IFERROR(E8/D8, 0) -> 0 | G8: =SUM(G3:G7) -> 0 | H8: =C8-G8 -> 0 | I8: =IFERROR(H8/G8, 0) -> 0
A10: Values in gold exceed expected or forecasted by 10% or more.
A12: Values in red are below expected or forecasted by 10% or more.

Sheet 01-2024
A1: {=portfolio} -> ALIGNED | C1: 01-2024 Actual v. Expected | G1: 01-2024 Actual v. Forecasted | J1: NOTES | K1: SR
A2: Site | B2: State | C2: Actual | D2: Expected | E2: Delta | F2: % | G2: Forecasted | H2: Delta | I2: %
A3: {=Sites[Site]} -> Conway -US 302 and Stirch Road | B3: {=Sites[State]} -> NH | C3: {=IF(INDIRECT("'" & $A3 & "'!B5:J5")="", "", INDIRECT("'" & $A3 & "'!B5:J5"))} -> 51558.18 | D3: 56747.74 | E3: -5189.56 | F3: -0.091449633 | G3: 0 | H3: 51558.18 | I3: 0 | J3: 1.Inverter 1-3 tripped offline at 14:45 on 01/08/2024 & back online 01/30/2024 at 12:30. 2. Site was in battery mode from 01/05/2024 at 16:00 & back online on 01/06/2024 at 9:00 | K3: 1. SR080070 2. SR079989
A4: Loudon - 7046 Pleasant Street | B4: NH | C4: {=IF(INDIRECT("'" & $A4 & "'!B5:J5")="", "", INDIRECT("'" & $A4 & "'!B5:J5"))} -> 67770.851 | D4: 82178.83 | E4: -14407.979 | F4: -0.1753247 | G4: 122968.3 | H4: -55197.449 | I4: -0.44887543 | J4: 1.Site tripped offline on 01/16/2024 at 11:00 & back online at 01/17/2024 at 17:30 | K4: 1.SR080260
A5: Nashua - Pennichuck Water East | B5: NH | C5: {=IF(INDIRECT("'" & $A5 & "'!B5:J5")="", "", INDIRECT("'" & $A5 & "'!B5:J5"))} -> 67621.655 | D5: 53199.54 | E5: 14422.115 | F5: 0.27109473 | G5: 72464 | H5: -4842.345 | I5: -0.066824147
A6: Nashua - Pennichuck Water West | B6: NH | C6: {=IF(INDIRECT("'" & $A6 & "'!B5:J5")="", "", INDIRECT("'" & $A6 & "'!B5:J5"))} -> 51645.284 | D6: 55970.19 | E6: -4324.9064 | F6: -0.077271604 | G6: 0 | H6: 51645.284 | I6: 0
A7: Monmouth Junction - Pro Skate | B7: NJ | C7: {=IF(INDIRECT("'" & $A7 & "'!B5:J5")="", "", INDIRECT("'" & $A7 & "'!B5:J5"))}
A8: Total | C8: =SUM(C3:C7) -> 238595.97 | D8: =SUM(D3:D7) -> 248096.3 | E8: =C8-D8 -> -9500.3301 | F8: =IFERROR(E8/D8, 0) -> -0.038292913 | G8: =SUM(G3:G7) -> 195432.3 | H8: =C8-G8 -> 43163.67 | I8: =IFERROR(H8/G8, 0) -> 0.22086252
A10: Values in gold exceed expected or forecasted by 10% or more.
A12: Values in red are below expected or forecasted by 10% or more.

Sheet 02-2024
A1: {=portfolio} -> ALIGNED | C1: 02-2024 Actual v. Expected | G1: 02-2024 Actual v. Forecasted | J1: NOTES | K1: SR
A2: Site | B2: State | C2: Actual | D2: Expected | E2: Delta | F2: % | G2: Forecasted | H2: Delta | I2: %
A3: {=Sites[Site]} -> Conway -US 302 and Stirch Road | B3: {=Sites[State]} -> NH | C3: {=IF(INDIRECT("'" & $A3 & "'!B6:J6")="", "", INDIRECT("'" & $A3 & "'!B6:J6"))} | E3: 0 | F3: 0 | H3: 0 | I3: 0
A4: Loudon - 7046 Pleasant Street | B4: NH | C4: {=IF(INDIRECT("'" & $A4 & "'!B6:J6")="", "", INDIRECT("'" & $A4 & "'!B6:J6"))} | E4: 0 | F4: 0 | H4: 0 | I4: 0
A5: Nashua - Pennichuck Water East | B5: NH | C5: {=IF(INDIRECT("'" & $A5 & "'!B6:J6")="", "", INDIRECT("'" & $A5 & "'!B6:J6"))} | E5: 0 | F5: 0 | H5: 0 | I5: 0
A6: Nashua - Pennichuck Water West | B6: NH | C6: {=IF(INDIRECT("'" & $A6 & "'!B6:J6")="", "", INDIRECT("'" & $A6 & "'!B6:J6"))} | E6: 0 | F6: 0 | H6: 0 | I6: 0
A7: Monmouth Junction - Pro Skate | B7: NJ | C7: {=IF(INDIRECT("'" & $A7 & "'!B6:J6")="", "", INDIRECT("'" & $A7 & "'!B6:J6"))}
A8: Total | C8: =SUM(C3:C7) -> 0 | D8: =SUM(D3:D7) -> 0 | E8: =C8-D8 -> 0 | F8: =IFERROR(E8/D8, 0) -> 0 | G8: =SUM(G3:G7) -> 0 | H8: =C8-G8 -> 0 | I8: =IFERROR(H8/G8, 0) -> 0
A10: Values in gold exceed expected or forecasted by 10% or more.
A12: Values in red are below expected or forecasted by 10% or more.

Sheet 03-2024
A1: {=portfolio} -> ALIGNED | C1: 03-2024 Actual v. Expected | G1: 03-2024 Actual v. Forecasted | J1: NOTES | K1: SR
A2: Site | B2: State | C2: Actual | D2: Expected | E2: Delta | F2: % | G2: Forecasted | H2: Delta | I2: %
A3: {=Sites[Site]} -> Conway -US 302 and Stirch Road | B3: {=Sites[State]} -> NH | C3: {=IF(INDIRECT("'" & $A3 & "'!B7:J7")="", "", INDIRECT("'" & $A3 & "'!B7:J7"))} | E3: 0 | F3: 0 | H3: 0 | I3: 0
A4: Loudon - 7046 Pleasant Street | B4: NH | C4: {=IF(INDIRECT("'" & $A4 & "'!B7:J7")="", "", INDIRECT("'" & $A4 & "'!B7:J7"))} | E4: 0 | F4: 0 | H4: 0 | I4: 0
A5: Nashua - Pennichuck Water East | B5: NH | C5: {=IF(INDIRECT("'" & $A5 & "'!B7:J7")="", "", INDIRECT("'" & $A5 & "'!B7:J7"))} | E5: 0 | F5: 0 | H5: 0 | I5: 0
A6: Nashua - Pennichuck Water West | B6: NH | C6: {=IF(INDIRECT("'" & $A6 & "'!B7:J7")="", "", INDIRECT("'" & $A6 & "'!B7:J7"))} | E6: 0 | F6: 0 | H6: 0 | I6: 0
A7: Monmouth Junction - Pro Skate | B7: NJ | C7: {=IF(INDIRECT("'" & $A7 & "'!B7:J7")="", "", INDIRECT("'" & $A7 & "'!B7:J7"))}
A8: Total | C8: =SUM(C3:C7) -> 0 | D8: =SUM(D3:D7) -> 0 | E8: =C8-D8 -> 0 | F8: =IFERROR(E8/D8, 0) -> 0 | G8: =SUM(G3:G7) -> 0 | H8: =C8-G8 -> 0 | I8: =IFERROR(H8/G8, 0) -> 0
A10: Values in gold exceed expected or forecasted by 10% or more.
A12: Values in red are below expected or forecasted by 10% or more.

Sheet 04-2024
A1: {=portfolio} -> ALIGNED | C1: 04-2024 Actual v. Expected | G1: 04-2024 Actual v. Forecasted | J1: NOTES | K1: SR
A2: Site | B2: State | C2: Actual | D2: Expected | E2: Delta | F2: % | G2: Forecasted | H2: Delta | I2: %
A3: {=Sites[Site]} -> Conway -US 302 and Stirch Road | B3: {=Sites[State]} -> NH | C3: {=IF(INDIRECT("'" & $A3 & "'!B8:J8")="", "", INDIRECT("'" & $A3 & "'!B8:J8"))} | E3: 0 | F3: 0 | H3: 0 | I3: 0
A4: Loudon - 7046 Pleasant Street | B4: NH | C4: {=IF(INDIRECT("'" & $A4 & "'!B8:J8")="", "", INDIRECT("'" & $A4 & "'!B8:J8"))} | E4: 0 | F4: 0 | H4: 0 | I4: 0
A5: Nashua - Pennichuck Water East | B5: NH | C5: {=IF(INDIRECT("'" & $A5 & "'!B8:J8")="", "", INDIRECT("'" & $A5 & "'!B8:J8"))} | E5: 0 | F5: 0 | H5: 0 | I5: 0
A6: Nashua - Pennichuck Water West | B6: NH | C6: {=IF(INDIRECT("'" & $A6 & "'!B8:J8")="", "", INDIRECT("'" & $A6 & "'!B8:J8"))} | E6: 0 | F6: 0 | H6: 0 | I6: 0
A7: Monmouth Junction - Pro Skate | B7: NJ | C7: {=IF(INDIRECT("'" & $A7 & "'!B8:J8")="", "", INDIRECT("'" & $A7 & "'!B8:J8"))}
A8: Total | C8: =SUM(C3:C7) -> 0 | D8: =SUM(D3:D7) -> 0 | E8: =C8-D8 -> 0 | F8: =IFERROR(E8/D8, 0) -> 0 | G8: =SUM(G3:G7) -> 0 | H8: =C8-G8 -> 0 | I8: =IFERROR(H8/G8, 0) -> 0
A10: Values in gold exceed expected or forecasted by 10% or more.
A12: Values in red are below expected or forecasted by 10% or more.

Sheet 05-2024
A1: {=portfolio} -> ALIGNED | C1: 05-2024 Actual v. Expected | G1: 05-2024 Actual v. Forecasted | J1: NOTES | K1: SR
A2: Site | B2: State | C2: Actual | D2: Expected | E2: Delta | F2: % | G2: Forecasted | H2: Delta | I2: %
A3: {=Sites[Site]} -> Conway -US 302 and Stirch Road | B3: {=Sites[State]} -> NH | C3: {=IF(INDIRECT("'" & $A3 & "'!B9:J9")="", "", INDIRECT("'" & $A3 & "'!B9:J9"))} | E3: 0 | F3: 0 | H3: 0 | I3: 0
A4: Loudon - 7046 Pleasant Street | B4: NH | C4: {=IF(INDIRECT("'" & $A4 & "'!B9:J9")="", "", INDIRECT("'" & $A4 & "'!B9:J9"))} | E4: 0 | F4: 0 | H4: 0 | I4: 0
A5: Nashua - Pennichuck Water East | B5: NH | C5: {=IF(INDIRECT("'" & $A5 & "'!B9:J9")="", "", INDIRECT("'" & $A5 & "'!B9:J9"))} | E5: 0 | F5: 0 | H5: 0 | I5: 0
A6: Nashua - Pennichuck Water West | B6: NH | C6: {=IF(INDIRECT("'" & $A6 & "'!B9:J9")="", "", INDIRECT("'" & $A6 & "'!B9:J9"))} | E6: 0 | F6: 0 | H6: 0 | I6: 0
A7: Monmouth Junction - Pro Skate | B7: NJ | C7: {=IF(INDIRECT("'" & $A7 & "'!B9:J9")="", "", INDIRECT("'" & $A7 & "'!B9:J9"))}
A8: Total | C8: =SUM(C3:C7) -> 0 | D8: =SUM(D3:D7) -> 0 | E8: =C8-D8 -> 0 | F8: =IFERROR(E8/D8, 0) -> 0 | G8: =SUM(G3:G7) -> 0 | H8: =C8-G8 -> 0 | I8: =IFERROR(H8/G8, 0) -> 0
A10: Values in gold exceed expected or forecasted by 10% or more.
A12: Values in red are below expected or forecasted by 10% or more.

Sheet 06-2024
A1: {=portfolio} -> ALIGNED | C1: 06-2024 Actual v. Expected | G1: 06-2024 Actual v. Forecasted | J1: NOTES | K1: SR
A2: Site | B2: State | C2: Actual | D2: Expected | E2: Delta | F2: % | G2: Forecasted | H2: Delta | I2: %
A3: {=Sites[Site]} -> Conway -US 302 and Stirch Road | B3: {=Sites[State]} -> NH | C3: {=IF(INDIRECT("'" & $A3 & "'!B10:J10")="", "", INDIRECT("'" & $A3 & "'!B10:J10"))} | E3: 0 | F3: 0 | H3: 0 | I3: 0
A4: Loudon - 7046 Pleasant Street | B4: NH | C4: {=IF(INDIRECT("'" & $A4 & "'!B10:J10")="", "", INDIRECT("'" & $A4 & "'!B10:J10"))} | E4: 0 | F4: 0 | H4: 0 | I4: 0
A5: Nashua - Pennichuck Water East | B5: NH | C5: {=IF(INDIRECT("'" & $A5 & "'!B10:J10")="", "", INDIRECT("'" & $A5 & "'!B10:J10"))} | E5: 0 | F5: 0 | H5: 0 | I5: 0
A6: Nashua - Pennichuck Water West | B6: NH | C6: {=IF(INDIRECT("'" & $A6 & "'!B10:J10")="", "", INDIRECT("'" & $A6 & "'!B10:J10"))} | E6: 0 | F6: 0 | H6: 0 | I6: 0
A7: Monmouth Junction - Pro Skate | B7: NJ | C7: {=IF(INDIRECT("'" & $A7 & "'!B10:J10")="", "", INDIRECT("'" & $A7 & "'!B10:J10"))}
A8: Total | C8: =SUM(C3:C7) -> 0 | D8: =SUM(D3:D7) -> 0 | E8: =C8-D8 -> 0 | F8: =IFERROR(E8/D8, 0) -> 0 | G8: =SUM(G3:G7) -> 0 | H8: =C8-G8 -> 0 | I8: =IFERROR(H8/G8, 0) -> 0
A10: Values in gold exceed expected or forecasted by 10% or more.
A12: Values in red are below expected or forecasted by 10% or more.

Sheet 07-2024
A1: {=portfolio} -> ALIGNED | C1: 07-2024 Actual v. Expected | G1: 07-2024 Actual v. Forecasted | J1: NOTES | K1: SR
A2: Site | B2: State | C2: Actual | D2: Expected | E2: Delta | F2: % | G2: Forecasted | H2: Delta | I2: %
A3: {=Sites[Site]} -> Conway -US 302 and Stirch Road | B3: {=Sites[State]} -> NH | C3: {=IF(INDIRECT("'" & $A3 & "'!B11:J11")="", "", INDIRECT("'" & $A3 & "'!B11:J11"))} | E3: 0 | F3: 0 | H3: 0 | I3: 0
A4: Loudon - 7046 Pleasant Street | B4: NH | C4: {=IF(INDIRECT("'" & $A4 & "'!B11:J11")="", "", INDIRECT("'" & $A4 & "'!B11:J11"))} | E4: 0 | F4: 0 | H4: 0 | I4: 0
A5: Nashua - Pennichuck Water East | B5: NH | C5: {=IF(INDIRECT("'" & $A5 & "'!B11:J11")="", "", INDIRECT("'" & $A5 & "'!B11:J11"))} | E5: 0 | F5: 0 | H5: 0 | I5: 0
A6: Nashua - Pennichuck Water West | B6: NH | C6: {=IF(INDIRECT("'" & $A6 & "'!B11:J11")="", "", INDIRECT("'" & $A6 & "'!B11:J11"))} | E6: 0 | F6: 0 | H6: 0 | I6: 0
A7: Monmouth Junction - Pro Skate | B7: NJ | C7: {=IF(INDIRECT("'" & $A7 & "'!B11:J11")="", "", INDIRECT("'" & $A7 & "'!B11:J11"))}
A8: Total | C8: =SUM(C3:C7) -> 0 | D8: =SUM(D3:D7) -> 0 | E8: =C8-D8 -> 0 | F8: =IFERROR(E8/D8, 0) -> 0 | G8: =SUM(G3:G7) -> 0 | H8: =C8-G8 -> 0 | I8: =IFERROR(H8/G8, 0) -> 0
A10: Values in gold exceed expected or forecasted by 10% or more.
A12: Values in red are below expected or forecasted by 10% or more.

Sheet 08-2024
A1: {=portfolio} -> ALIGNED | C1: 08-2024 Actual v. Expected | G1: 08-2024 Actual v. Forecasted | J1: NOTES | K1: SR
A2: Site | B2: State | C2: Actual | D2: Expected | E2: Delta | F2: % | G2: Forecasted | H2: Delta | I2: %
A3: {=Sites[Site]} -> Conway -US 302 and Stirch Road | B3: {=Sites[State]} -> NH | C3: {=IF(INDIRECT("'" & $A3 & "'!B12:J12")="", "", INDIRECT("'" & $A3 & "'!B12:J12"))} | E3: 0 | F3: 0 | H3: 0 | I3: 0
A4: Loudon - 7046 Pleasant Street | B4: NH | C4: {=IF(INDIRECT("'" & $A4 & "'!B12:J12")="", "", INDIRECT("'" & $A4 & "'!B12:J12"))} | E4: 0 | F4: 0 | H4: 0 | I4: 0
A5: Nashua - Pennichuck Water East | B5: NH | C5: {=IF(INDIRECT("'" & $A5 & "'!B12:J12")="", "", INDIRECT("'" & $A5 & "'!B12:J12"))} | E5: 0 | F5: 0 | H5: 0 | I5: 0
A6: Nashua - Pennichuck Water West | B6: NH | C6: {=IF(INDIRECT("'" & $A6 & "'!B12:J12")="", "", INDIRECT("'" & $A6 & "'!B12:J12"))} | E6: 0 | F6: 0 | H6: 0 | I6: 0
A7: Monmouth Junction - Pro Skate | B7: NJ | C7: {=IF(INDIRECT("'" & $A7 & "'!B12:J12")="", "", INDIRECT("'" & $A7 & "'!B12:J12"))}
A8: Total | C8: =SUM(C3:C7) -> 0 | D8: =SUM(D3:D7) -> 0 | E8: =C8-D8 -> 0 | F8: =IFERROR(E8/D8, 0) -> 0 | G8: =SUM(G3:G7) -> 0 | H8: =C8-G8 -> 0 | I8: =IFERROR(H8/G8, 0) -> 0
A10: Values in gold exceed expected or forecasted by 10% or more.
A12: Values in red are below expected or forecasted by 10% or more.

Sheet 09-2024
A1: {=portfolio} -> ALIGNED | C1: 09-2024 Actual v. Expected | G1: 09-2024 Actual v. Forecasted | J1: NOTES | K1: SR
A2: Site | B2: State | C2: Actual | D2: Expected | E2: Delta | F2: % | G2: Forecasted | H2: Delta | I2: %
A3: {=Sites[Site]} -> Conway -US 302 and Stirch Road | B3: {=Sites[State]} -> NH | C3: {=IF(INDIRECT("'" & $A3 & "'!B13:J13")="", "", INDIRECT("'" & $A3 & "'!B13:J13"))} | E3: 0 | F3: 0 | H3: 0 | I3: 0
A4: Loudon - 7046 Pleasant Street | B4: NH | C4: {=IF(INDIRECT("'" & $A4 & "'!B13:J13")="", "", INDIRECT("'" & $A4 & "'!B13:J13"))} | E4: 0 | F4: 0 | H4: 0 | I4: 0
A5: Nashua - Pennichuck Water East | B5: NH | C5: {=IF(INDIRECT("'" & $A5 & "'!B13:J13")="", "", INDIRECT("'" & $A5 & "'!B13:J13"))} | E5: 0 | F5: 0 | H5: 0 | I5: 0
A6: Nashua - Pennichuck Water West | B6: NH | C6: {=IF(INDIRECT("'" & $A6 & "'!B13:J13")="", "", INDIRECT("'" & $A6 & "'!B13:J13"))} | E6: 0 | F6: 0 | H6: 0 | I6: 0
A7: Monmouth Junction - Pro Skate | B7: NJ | C7: {=IF(INDIRECT("'" & $A7 & "'!B13:J13")="", "", INDIRECT("'" & $A7 & "'!B13:J13"))}
A8: Total | C8: =SUM(C3:C7) -> 0 | D8: =SUM(D3:D7) -> 0 | E8: =C8-D8 -> 0 | F8: =IFERROR(E8/D8, 0) -> 0 | G8: =SUM(G3:G7) -> 0 | H8: =C8-G8 -> 0 | I8: =IFERROR(H8/G8, 0) -> 0
A10: Values in gold exceed expected or forecasted by 10% or more.
A12: Values in red are below expected or forecasted by 10% or more.

Sheet 10-2024
A1: {=portfolio} -> ALIGNED | C1: 10-2024 Actual v. Expected | G1: 10-2024 Actual v. Forecasted | J1: NOTES | K1: SR
A2: Site | B2: State | C2: Actual | D2: Expected | E2: Delta | F2: % | G2: Forecasted | H2: Delta | I2: %
A3: {=Sites[Site]} -> Conway -US 302 and Stirch Road | B3: {=Sites[State]} -> NH | C3: {=IF(INDIRECT("'" & $A3 & "'!B14:J14")="", "", INDIRECT("'" & $A3 & "'!B14:J14"))} | E3: 0 | F3: 0 | H3: 0 | I3: 0
A4: Loudon - 7046 Pleasant Street | B4: NH | C4: {=IF(INDIRECT("'" & $A4 & "'!B14:J14")="", "", INDIRECT("'" & $A4 & "'!B14:J14"))} | E4: 0 | F4: 0 | H4: 0 | I4: 0
A5: Nashua - Pennichuck Water East | B5: NH | C5: {=IF(INDIRECT("'" & $A5 & "'!B14:J14")="", "", INDIRECT("'" & $A5 & "'!B14:J14"))} | E5: 0 | F5: 0 | H5: 0 | I5: 0
A6: Nashua - Pennichuck Water West | B6: NH | C6: {=IF(INDIRECT("'" & $A6 & "'!B14:J14")="", "", INDIRECT("'" & $A6 & "'!B14:J14"))} | E6: 0 | F6: 0 | H6: 0 | I6: 0
A7: Monmouth Junction - Pro Skate | B7: NJ | C7: {=IF(INDIRECT("'" & $A7 & "'!B14:J14")="", "", INDIRECT("'" & $A7 & "'!B14:J14"))}
A8: Total | C8: =SUM(C3:C7) -> 0 | D8: =SUM(D3:D7) -> 0 | E8: =C8-D8 -> 0 | F8: =IFERROR(E8/D8, 0) -> 0 | G8: =SUM(G3:G7) -> 0 | H8: =C8-G8 -> 0 | I8: =IFERROR(H8/G8, 0) -> 0
A10: Values in gold exceed expected or forecasted by 10% or more.
A12: Values in red are below expected or forecasted by 10% or more.

Sheet 11-2024
A1: {=portfolio} -> ALIGNED | C1: 11-2024 Actual v. Expected | G1: 11-2024 Actual v. Forecasted | J1: NOTES | K1: SR
A2: Site | B2: State | C2: Actual | D2: Expected | E2: Delta | F2: % | G2: Forecasted | H2: Delta | I2: %
A3: {=Sites[Site]} -> Conway -US 302 and Stirch Road | B3: {=Sites[State]} -> NH | C3: {=IF(INDIRECT("'" & $A3 & "'!B15:J15")="", "", INDIRECT("'" & $A3 & "'!B15:J15"))} | E3: 0 | F3: 0 | H3: 0 | I3: 0
A4: Loudon - 7046 Pleasant Street | B4: NH | C4: {=IF(INDIRECT("'" & $A4 & "'!B15:J15")="", "", INDIRECT("'" & $A4 & "'!B15:J15"))} | E4: 0 | F4: 0 | H4: 0 | I4: 0
A5: Nashua - Pennichuck Water East | B5: NH | C5: {=IF(INDIRECT("'" & $A5 & "'!B15:J15")="", "", INDIRECT("'" & $A5 & "'!B15:J15"))} | E5: 0 | F5: 0 | H5: 0 | I5: 0
A6: Nashua - Pennichuck Water West | B6: NH | C6: {=IF(INDIRECT("'" & $A6 & "'!B15:J15")="", "", INDIRECT("'" & $A6 & "'!B15:J15"))} | E6: 0 | F6: 0 | H6: 0 | I6: 0
A7: Monmouth Junction - Pro Skate | B7: NJ | C7: {=IF(INDIRECT("'" & $A7 & "'!B15:J15")="", "", INDIRECT("'" & $A7 & "'!B15:J15"))}
A8: Total | C8: =SUM(C3:C7) -> 0 | D8: =SUM(D3:D7) -> 0 | E8: =C8-D8 -> 0 | F8: =IFERROR(E8/D8, 0) -> 0 | G8: =SUM(G3:G7) -> 0 | H8: =C8-G8 -> 0 | I8: =IFERROR(H8/G8, 0) -> 0
A10: Values in gold exceed expected or forecasted by 10% or more.
A12: Values in red are below expected or forecasted by 10% or more.

Sheet 12-2024
A1: {=portfolio} -> ALIGNED | C1: 12-2024 Actual v. Expected | G1: 12-2024 Actual v. Forecasted | J1: NOTES | K1: SR
A2: Site | B2: State | C2: Actual | D2: Expected | E2: Delta | F2: % | G2: Forecasted | H2: Delta | I2: %
A3: {=Sites[Site]} -> Conway -US 302 and Stirch Road | B3: {=Sites[State]} -> NH | C3: {=IF(INDIRECT("'" & $A3 & "'!B16:J16")="", "", INDIRECT("'" & $A3 & "'!B16:J16"))} | E3: 0 | F3: 0 | H3: 0 | I3: 0
A4: Loudon - 7046 Pleasant Street | B4: NH | C4: {=IF(INDIRECT("'" & $A4 & "'!B16:J16")="", "", INDIRECT("'" & $A4 & "'!B16:J16"))} | E4: 0 | F4: 0 | H4: 0 | I4: 0
A5: Nashua - Pennichuck Water East | B5: NH | C5: {=IF(INDIRECT("'" & $A5 & "'!B16:J16")="", "", INDIRECT("'" & $A5 & "'!B16:J16"))} | E5: 0 | F5: 0 | H5: 0 | I5: 0
A6: Nashua - Pennichuck Water West | B6: NH | C6: {=IF(INDIRECT("'" & $A6 & "'!B16:J16")="", "", INDIRECT("'" & $A6 & "'!B16:J16"))} | E6: 0 | F6: 0 | H6: 0 | I6: 0
A7: Monmouth Junction - Pro Skate | B7: NJ | C7: {=IF(INDIRECT("'" & $A7 & "'!B16:J16")="", "", INDIRECT("'" & $A7 & "'!B16:J16"))}
A8: Total | C8: =SUM(C3:C7) -> 0 | D8: =SUM(D3:D7) -> 0 | E8: =C8-D8 -> 0 | F8: =IFERROR(E8/D8, 0) -> 0 | G8: =SUM(G3:G7) -> 0 | H8: =C8-G8 -> 0 | I8: =IFERROR(H8/G8, 0) -> 0
A10: Values in gold exceed expected or forecasted by 10% or more.
A12: Values in red are below expected or forecasted by 10% or more.

Sheet Sites
A1: Portfolio: | B1: ALIGNED
A2: Site DAS Name | B2: Site | C2: State | D2: Column1
A3: Conway - Lake | B3: Conway -US 302 and Stirch Road | C3: NH | D3: AEF
A4: Loudon Pleasant Street Solar GSSG | B4: Loudon - 7046 Pleasant Street | C4: NH | D4: AEF
A5: Pennichuck Water East GSSG | B5: Nashua - Pennichuck Water East | C5: NH | D5: AEF
A6: Pennichuck Water West GSSG | B6: Nashua - Pennichuck Water West | C6: NH | D6: AEF
A7: Pro skate | B7: Monmouth Junction - Pro Skate | C7: NJ

Sheet Conway -US 302 and Stirch Road
A1: Conway -US 302 and Stirch Road
A3: Actual vs. Expected | F3: Actual vs. Forecasted | I3: Notes
A4: Month | B4: Actual | C4: Expected | D4: Delta Expected | E4: % Expected | F4: Forecasted | G4: Delta Forecasted | H4: % Forecasted | I4: Notes | J4: Service Request
A5: Jan | B5: 51558.18 | C5: 56747.74 | D5: =B5-C5 -> -5189.56 | E5: =IFERROR(D5/C5, 0) -> -0.091449633 | F5: 0 | G5: =B5-F5 -> 51558.18 | H5: =IFERROR(G5/F5, 0) -> 0 | I5: 1.Inverter 1-3 tripped offline at 14:45 on 01/08/2024 & back online 01/30/2024 at 12:30. 2. Site was in battery mode from 01/05/2024 at 16:00 & back online on 01/06/2024 at 9:00 | J5: 1. SR080070 2. SR079989
A6: Feb | D6: =B6-C6 -> 0 | E6: =IFERROR(D6/C6, 0) -> 0 | G6: =B6-F6 -> 0 | H6: =IFERROR(G6/F6, 0) -> 0
A7: Mar | D7: =B7-C7 -> 0 | E7: =IFERROR(D7/C7, 0) -> 0 | G7: =B7-F7 -> 0 | H7: =IFERROR(G7/F7, 0) -> 0
A8: Apr | D8: =B8-C8 -> 0 | E8: =IFERROR(D8/C8, 0) -> 0 | G8: =B8-F8 -> 0 | H8: =IFERROR(G8/F8, 0) -> 0
A9: May | D9: =B9-C9 -> 0 | E9: =IFERROR(D9/C9, 0) -> 0 | G9: =B9-F9 -> 0 | H9: =IFERROR(G9/F9, 0) -> 0
A10: Jun | D10: =B10-C10 -> 0 | E10: =IFERROR(D10/C10, 0) -> 0 | G10: =B10-F10 -> 0 | H10: =IFERROR(G10/F10, 0) -> 0
A11: Jul | D11: =B11-C11 -> 0 | E11: =IFERROR(D11/C11, 0) -> 0 | G11: =B11-F11 -> 0 | H11: =IFERROR(G11/F11, 0) -> 0
A12: Aug | D12: =B12-C12 -> 0 | E12: =IFERROR(D12/C12, 0) -> 0 | G12: =B12-F12 -> 0 | H12: =IFERROR(G12/F12, 0) -> 0
A13: Sep | D13: =B13-C13 -> 0 | E13: =IFERROR(D13/C13, 0) -> 0 | G13: =B13-F13 -> 0 | H13: =IFERROR(G13/F13, 0) -> 0
A14: Oct | D14: =B14-C14 -> 0 | E14: =IFERROR(D14/C14, 0) -> 0 | G14: =B14-F14 -> 0 | H14: =IFERROR(G14/F14, 0) -> 0
A15: Nov | D15: =B15-C15 -> 0 | E15: =IFERROR(D15/C15, 0) -> 0 | G15: =B15-F15 -> 0 | H15: =IFERROR(G15/F15, 0) -> 0
A16: Dec | D16: =B16-C16 -> 0 | E16: =IFERROR(D16/C16, 0) -> 0 | G16: =B16-F16 -> 0 | H16: =IFERROR(G16/F16, 0) -> 0
A17: Totals | B17: =SUM(B5:B16) -> 51558.18 | C17: =SUM(C5:C16) -> 56747.74 | D17: =B17-C17 -> -5189.56 | E17: =IFERROR(D17/C17, 0) -> -0.091449633 | F17: =SUM(F5:F16) -> 0 | G17: =B17-F17 -> 51558.18 | H17: =IFERROR(G17/F17, 0) -> 0

Sheet Loudon - 7046 Pleasant Street
A1: Loudon - 7046 Pleasant Street
A3: Actual vs. Expected | F3: Actual vs. Forecasted | I3: Notes
A4: Month | B4: Actual | C4: Expected | D4: Delta Expected | E4: % Expected | F4: Forecasted | G4: Delta Forecasted | H4: % Forecasted | I4: Notes | J4: Service Request
A5: Jan | B5: 67770.851 | C5: 82178.83 | D5: =B5-C5 -> -14407.979 | E5: =IFERROR(D5/C5, 0) -> -0.1753247 | F5: 122968.3 | G5: =B5-F5 -> -55197.449 | H5: =IFERROR(G5/F5, 0) -> -0.44887543 | I5: 1.Site tripped offline on 01/16/2024 at 11:00 & back online at 01/17/2024 at 17:30 | J5: 1.SR080260
A6: Feb | D6: =B6-C6 -> 0 | E6: =IFERROR(D6/C6, 0) -> 0 | G6: =B6-F6 -> 0 | H6: =IFERROR(G6/F6, 0) -> 0
A7: Mar | D7: =B7-C7 -> 0 | E7: =IFERROR(D7/C7, 0) -> 0 | G7: =B7-F7 -> 0 | H7: =IFERROR(G7/F7, 0) -> 0
A8: Apr | D8: =B8-C8 -> 0 | E8: =IFERROR(D8/C8, 0) -> 0 | G8: =B8-F8 -> 0 | H8: =IFERROR(G8/F8, 0) -> 0
A9: May | D9: =B9-C9 -> 0 | E9: =IFERROR(D9/C9, 0) -> 0 | G9: =B9-F9 -> 0 | H9: =IFERROR(G9/F9, 0) -> 0
A10: Jun | D10: =B10-C10 -> 0 | E10: =IFERROR(D10/C10, 0) -> 0 | G10: =B10-F10 -> 0 | H10: =IFERROR(G10/F10, 0) -> 0
A11: Jul | D11: =B11-C11 -> 0 | E11: =IFERROR(D11/C11, 0) -> 0 | G11: =B11-F11 -> 0 | H11: =IFERROR(G11/F11, 0) -> 0
A12: Aug | D12: =B12-C12 -> 0 | E12: =IFERROR(D12/C12, 0) -> 0 | G12: =B12-F12 -> 0 | H12: =IFERROR(G12/F12, 0) -> 0
A13: Sep | D13: =B13-C13 -> 0 | E13: =IFERROR(D13/C13, 0) -> 0 | G13: =B13-F13 -> 0 | H13: =IFERROR(G13/F13, 0) -> 0
A14: Oct | D14: =B14-C14 -> 0 | E14: =IFERROR(D14/C14, 0) -> 0 | G14: =B14-F14 -> 0 | H14: =IFERROR(G14/F14, 0) -> 0
A15: Nov | D15: =B15-C15 -> 0 | E15: =IFERROR(D15/C15, 0) -> 0 | G15: =B15-F15 -> 0 | H15: =IFERROR(G15/F15, 0) -> 0
A16: Dec | D16: =B16-C16 -> 0 | E16: =IFERROR(D16/C16, 0) -> 0 | G16: =B16-F16 -> 0 | H16: =IFERROR(G16/F16, 0) -> 0
A17: Totals | B17: =SUM(B5:B16) -> 67770.851 | C17: =SUM(C5:C16) -> 82178.83 | D17: =B17-C17 -> -14407.979 | E17: =IFERROR(D17/C17, 0) -> -0.1753247 | F17: =SUM(F5:F16) -> 122968.3 | G17: =B17-F17 -> -55197.449 | H17: =IFERROR(G17/F17, 0) -> -0.44887543

Sheet Nashua - Pennichuck Water  East
A1: Nashua - Pennichuck Water East
A3: Actual vs. Expected | F3: Actual vs. Forecasted | I3: Notes
A4: Month | B4: Actual | C4: Expected | D4: Delta Expected | E4: % Expected | F4: Forecasted | G4: Delta Forecasted | H4: % Forecasted | I4: Notes | J4: Service Request
A5: Jan | B5: 67621.655 | C5: 53199.54 | D5: =B5-C5 -> 14422.115 | E5: =IFERROR(D5/C5, 0) -> 0.27109473 | F5: 72464 | G5: =B5-F5 -> -4842.345 | H5: =IFERROR(G5/F5, 0) -> -0.066824147
A6: Feb | D6: =B6-C6 -> 0 | E6: =IFERROR(D6/C6, 0) -> 0 | G6: =B6-F6 -> 0 | H6: =IFERROR(G6/F6, 0) -> 0
A7: Mar | D7: =B7-C7 -> 0 | E7: =IFERROR(D7/C7, 0) -> 0 | G7: =B7-F7 -> 0 | H7: =IFERROR(G7/F7, 0) -> 0
A8: Apr | D8: =B8-C8 -> 0 | E8: =IFERROR(D8/C8, 0) -> 0 | G8: =B8-F8 -> 0 | H8: =IFERROR(G8/F8, 0) -> 0
A9: May | D9: =B9-C9 -> 0 | E9: =IFERROR(D9/C9, 0) -> 0 | G9: =B9-F9 -> 0 | H9: =IFERROR(G9/F9, 0) -> 0
A10: Jun | D10: =B10-C10 -> 0 | E10: =IFERROR(D10/C10, 0) -> 0 | G10: =B10-F10 -> 0 | H10: =IFERROR(G10/F10, 0) -> 0
A11: Jul | D11: =B11-C11 -> 0 | E11: =IFERROR(D11/C11, 0) -> 0 | G11: =B11-F11 -> 0 | H11: =IFERROR(G11/F11, 0) -> 0
A12: Aug | D12: =B12-C12 -> 0 | E12: =IFERROR(D12/C12, 0) -> 0 | G12: =B12-F12 -> 0 | H12: =IFERROR(G12/F12, 0) -> 0
A13: Sep | D13: =B13-C13 -> 0 | E13: =IFERROR(D13/C13, 0) -> 0 | G13: =B13-F13 -> 0 | H13: =IFERROR(G13/F13, 0) -> 0
A14: Oct | D14: =B14-C14 -> 0 | E14: =IFERROR(D14/C14, 0) -> 0 | G14: =B14-F14 -> 0 | H14: =IFERROR(G14/F14, 0) -> 0
A15: Nov | D15: =B15-C15 -> 0 | E15: =IFERROR(D15/C15, 0) -> 0 | G15: =B15-F15 -> 0 | H15: =IFERROR(G15/F15, 0) -> 0
A16: Dec | D16: =B16-C16 -> 0 | E16: =IFERROR(D16/C16, 0) -> 0 | G16: =B16-F16 -> 0 | H16: =IFERROR(G16/F16, 0) -> 0
A17: Totals | B17: =SUM(B5:B16) -> 67621.655 | C17: =SUM(C5:C16) -> 53199.54 | D17: =B17-C17 -> 14422.115 | E17: =IFERROR(D17/C17, 0) -> 0.27109473 | F17: =SUM(F5:F16) -> 72464 | G17: =B17-F17 -> -4842.345 | H17: =IFERROR(G17/F17, 0) -> -0.066824147

Sheet Nashua - Pennichuck Water West
A1: Nashua - Pennichuck Water West
A3: Actual vs. Expected | F3: Actual vs. Forecasted | I3: Notes
A4: Month | B4: Actual | C4: Expected | D4: Delta Expected | E4: % Expected | F4: Forecasted | G4: Delta Forecasted | H4: % Forecasted | I4: Notes | J4: Service Request
A5: Jan | B5: 51645.284 | C5: 55970.19 | D5: =B5-C5 -> -4324.9064 | E5: =IFERROR(D5/C5, 0) -> -0.077271604 | F5: 0 | G5: =B5-F5 -> 51645.284 | H5: =IFERROR(G5/F5, 0) -> 0
A6: Feb | D6: =B6-C6 -> 0 | E6: =IFERROR(D6/C6, 0) -> 0 | G6: =B6-F6 -> 0 | H6: =IFERROR(G6/F6, 0) -> 0
A7: Mar | D7: =B7-C7 -> 0 | E7: =IFERROR(D7/C7, 0) -> 0 | G7: =B7-F7 -> 0 | H7: =IFERROR(G7/F7, 0) -> 0
A8: Apr | D8: =B8-C8 -> 0 | E8: =IFERROR(D8/C8, 0) -> 0 | G8: =B8-F8 -> 0 | H8: =IFERROR(G8/F8, 0) -> 0
A9: May | D9: =B9-C9 -> 0 | E9: =IFERROR(D9/C9, 0) -> 0 | G9: =B9-F9 -> 0 | H9: =IFERROR(G9/F9, 0) -> 0
A10: Jun | D10: =B10-C10 -> 0 | E10: =IFERROR(D10/C10, 0) -> 0 | G10: =B10-F10 -> 0 | H10: =IFERROR(G10/F10, 0) -> 0
A11: Jul | D11: =B11-C11 -> 0 | E11: =IFERROR(D11/C11, 0) -> 0 | G11: =B11-F11 -> 0 | H11: =IFERROR(G11/F11, 0) -> 0
A12: Aug | D12: =B12-C12 -> 0 | E12: =IFERROR(D12/C12, 0) -> 0 | G12: =B12-F12 -> 0 | H12: =IFERROR(G12/F12, 0) -> 0
A13: Sep | D13: =B13-C13 -> 0 | E13: =IFERROR(D13/C13, 0) -> 0 | G13: =B13-F13 -> 0 | H13: =IFERROR(G13/F13, 0) -> 0
A14: Oct | D14: =B14-C14 -> 0 | E14: =IFERROR(D14/C14, 0) -> 0 | G14: =B14-F14 -> 0 | H14: =IFERROR(G14/F14, 0) -> 0
A15: Nov | D15: =B15-C15 -> 0 | E15: =IFERROR(D15/C15, 0) -> 0 | G15: =B15-F15 -> 0 | H15: =IFERROR(G15/F15, 0) -> 0
A16: Dec | D16: =B16-C16 -> 0 | E16: =IFERROR(D16/C16, 0) -> 0 | G16: =B16-F16 -> 0 | H16: =IFERROR(G16/F16, 0) -> 0
A17: Totals | B17: =SUM(B5:B16) -> 51645.284 | C17: =SUM(C5:C16) -> 55970.19 | D17: =B17-C17 -> -4324.9064 | E17: =IFERROR(D17/C17, 0) -> -0.077271604 | F17: =SUM(F5:F16) -> 0 | G17: =B17-F17 -> 51645.284 | H17: =IFERROR(G17/F17, 0) -> 0

Sheet Monmouth Junction - Pro Skate
A1: Monmouth Junction - Pro Skate
A3: Actual vs. Expected | F3: Actual vs. Forecasted | I3: Notes
A4: Month | B4: Actual | C4: Expected | D4: Delta Expected | E4: % Expected | F4: Forecasted | G4: Delta Forecasted | H4: % Forecasted | I4: Notes | J4: Service Request
A5: Jan
A6: Feb
A7: Mar
A8: Apr
A9: May
A10: Jun
A11: Jul
A12: Aug
A13: Sep
A14: Oct
A15: Nov
A16: Dec
A17: Totals | B17: =SUM(B5:B16) -> 0 | C17: =SUM(C5:C16) -> 0 | D17: =B17-C17 -> 0 | E17: =IFERROR(D17/C17, 0) -> 0 | F17: =SUM(F5:F16) -> 0 | G17: =B17-F17 -> 0 | H17: =IFERROR(G17/F17, 0) -> 0
