Workbook

Sheet Quarterly
A1: Canton Ice House
A3: Actual vs. Expected | F3: Actual vs. Forecasted
A4: Quarter | B4: Actual | C4: Expected | D4: Delta Expected | E4: % Expected | F4: Forecasted | G4: Delta Forecasted | H4: % Forecasted
A5: 1st Quarter | B5: =SUM(Monthly!B5:B7) -> 10619.76 | C5: =SUM(Monthly!C5:C7) -> 0 | D5: =B5-C5 -> 10619.76 | E5: =IFERROR(D5/C5, 0) -> 0 | F5: =SUM(Monthly!F5:F7) -> 0 | G5: =B5-F5 -> 10619.76 | H5: =IFERROR(G5/F5, 0) -> 0
A6: 2nd Quarter | B6: =SUM(Monthly!B8:B10) -> 0 | C6: =SUM(Monthly!C8:C10) -> 0 | D6: =B6-C6 -> 0 | E6: =IFERROR(D6/C6, 0) -> 0 | F6: =SUM(Monthly!F8:F10) -> 0 | G6: =B6-F6 -> 0 | H6: =IFERROR(G6/F6, 0) -> 0
A7: 3rd Quarter | B7: =SUM(Monthly!B11:B13) -> 0 | C7: =SUM(Monthly!C11:C13) -> 0 | D7: =B7-C7 -> 0 | E7: =IFERROR(D7/C7, 0) -> 0 | F7: =SUM(Monthly!F11:F13) -> 0 | G7: =B7-F7 -> 0 | H7: =IFERROR(G7/F7, 0) -> 0
A8: 4th Quarter | B8: =SUM(Monthly!B14:B16) -> 0 | C8: =SUM(Monthly!C14:C16) -> 0 | D8: =B8-C8 -> 0 | E8: =IFERROR(D8/C8, 0) -> 0 | F8: =SUM(Monthly!F14:F16) -> 0 | G8: =B8-F8 -> 0 | H8: =IFERROR(G8/F8, 0) -> 0
A9: Year to Date | B9: =SUM(B5:B8) -> 10619.76 | C9: =SUM(C5:C8) -> 0 | D9: =B9-C9 -> 10619.76 | E9: =IFERROR(D9/C9, 0) -> 0 | F9: =SUM(F5:F8) -> 0 | G9: =B9-F9 -> 10619.76 | H9: =IFERROR(G9/F9, 0) -> 0

Sheet Monthly
A1: Canton Ice House
A3: Actual vs. Expected | F3: Actual vs. Forecasted | I3: Notes
A4: Month | B4: Actual | C4: Expected | D4: Delta Expected | E4: % Expected | F4: Forecasted | G4: Delta Forecasted | H4: % Forecasted | I4: Notes | J4: Service Request
A5: Jan | B5: 10619.76 | C5: 0 | D5: =B5-C5 -> 10619.76 | E5: =IFERROR(D5/C5, 0) -> 0 | F5: 0 | G5: =B5-F5 -> 10619.76 | H5: =IFERROR(G5/F5, 0) -> 0 | I5: 1. Inverter 9 was offline since 01/07. | J5: 1. SR080386
A6: Feb | D6: =B6-C6 -> 0 | E6: =IFERROR(D6/C6, 0) -> 0 | G6: =B6-F6 -> 0 | H6: =IFERROR(G6/F6, 0) -> 0
A7: Mar | D7: =B7-C7 -> 0 | E7: =IFERROR(D7/C7, 0) -> 0 | G7: =B7-F7 -> 0 | H7: =IFERROR(G7/F7, 0) -> 0
A8: Apr | D8: =B8-C8 -> 0 | E8: =IFERROR(D8/C8, 0) -> 0 | G8: =B8-F8 -> 0 | H8: =IFERROR(G8/F8, 0) -> 0
A9: May | D9: =B9-C9 -> 0 | E9: =IFERROR(D9/C9, 0) -> 0 | G9: =B9-F9 -> 0 | H9: =IFERROR(G9/F9, 0) -> 0
A10: Jun | D10: =B10-C10 -> 0 | E10: =IFERROR(D10/C10, 0) -> 0 | G10: =B10-F10 -> 0 | H10: =IFERROR(G10/F10, 0) -> 0
A11: Jul | D11: =B11-C11 -> 0 | E11: =IFERROR(D11/C11, 0) -> 0 | G11: =B11-F11 -> 0 | H11: =IFERROR(G11/F11, 0) -> 0
A12: Aug | D12: =B12-C12 -> 0 | E12: =IFERROR(D12/C12, 0) -> 0 | G12: =B12-F12 -> 0 | H12: =IFERROR(G12/F12, 0) -> 0
A13: Sep | D13: =B13-C13 -> 0 | E13: =IFERROR(D13/C13, 0) -> 0 | G13: =B13-F13 -> 0 | H13: =IFERROR(G13/F13, 0) -> 0
A14: Oct | D14: =B14-C14 -> 0 | E14: =IFERROR(D14/C14, 0) -> 0 | G14: =B14-F14 -> 0 | H14: =IFERROR(G14/F14, 0) -> 0
A15: Nov | D15: =B15-C15 -> 0 | E15: =IFERROR(D15/C15, 0) -> 0 | G15: =B15-F15 -> 0 | H15: =IFERROR(G15/F15, 0) -> 0
A16: Dec | D16: =B16-C16 -> 0 | E16: =IFERROR(D16/C16, 0) -> 0 | G16: =B16-F16 -> 0 | H16: =IFERROR(G16/F16, 0) -> 0
A17: Totals | B17: =SUM(B5:B16) -> 10619.76 | C17: =SUM(C5:C16) -> 0 | D17: =B17-C17 -> 10619.76 | E17: =IFERROR(D17/C17, 0) -> 0 | F17: =SUM(F5:F16) -> 0 | G17: =B17-F17 -> 10619.76 | H17: =IFERROR(G17/F17, 0) -> 0
