Workbook
Name JanActual: Jan!$C$3:$C$58
Name JanActual2: Jan!#REF!
Name JanExpected: Jan!$D$3:$D$58
Name JanExpectedDelta: Jan!$E$3:$E$58
Name JanExpectedPercent: Jan!$F$3:$F$58
Name JanExpPercent: Jan!$F$3:$F$58
Name JanForecasted: Jan!$G$3:$G$58
Name JanForecastedDelta: Jan!$H$3:$H$58
Name JanForecastedPercent: Jan!$I$3:$I$58
Name portfolio: Sites!$B$1:$B$1

Sheet YTD Total 2023
A1: {=portfolio} -> Generate Capital | C1: Year to Date 2024 Actual v. Expected | G1: Year to Date 2024 Forecasted
A2: Site | B2: Portfolio | C2: Actual | D2: Expected | E2: Delta | F2: % | G2: Forecasted | H2: Delta | I2: %
A3: {=Sites[Site]} -> Farmer | B3: {=Sites[Portfolio]} -> Blue Renewables | C3: =SUM('1st Qtr'!C3, '2nd Qtr'!C3, '3rd Qtr'!C3, '4th Qtr'!C3) -> 9019.8056 | D3: =SUM('1st Qtr'!D3, '2nd Qtr'!D3, '3rd Qtr'!D3, '4th Qtr'!D3) -> 7182.884 | E3: =C3-D3 -> 1836.9216 | F3: =IFERROR(E3/D3, 0) -> 0.25573594 | G3: =SUM('1st Qtr'!G3, '2nd Qtr'!G3, '3rd Qtr'!G3, '4th Qtr'!G3) -> 9612.777 | H3: =C3-G3 -> -592.97143 | I3: =IFERROR(H3/G3, 0) -> -0.061685758
A4: Fulton | B4: Blue Renewables | C4: =SUM('1st Qtr'!C4, '2nd Qtr'!C4, '3rd Qtr'!C4, '4th Qtr'!C4) -> 29434.75 | D4: =SUM('1st Qtr'!D4, '2nd Qtr'!D4, '3rd Qtr'!D4, '4th Qtr'!D4) -> 28981.22 | E4: =C4-D4 -> 453.53 | F4: =IFERROR(E4/D4, 0) -> 0.0156491 | G4: =SUM('1st Qtr'!G4, '2nd Qtr'!G4, '3rd Qtr'!G4, '4th Qtr'!G4) -> 39673.79 | H4: =C4-G4 -> -10239.04 | I4: =IFERROR(H4/G4, 0) -> -0.25808071
A5: JFK Elementary | B5: Blue Renewables | C5: =SUM('1st Qtr'!C5, '2nd Qtr'!C5, '3rd Qtr'!C5, '4th Qtr'!C5) -> 15656.69 | D5: =SUM('1st Qtr'!D5, '2nd Qtr'!D5, '3rd Qtr'!D5, '4th Qtr'!D5) -> 0 | E5: =C5-D5 -> 15656.69 | F5: =IFERROR(E5/D5, 0) -> 0 | G5: =SUM('1st Qtr'!G5, '2nd Qtr'!G5, '3rd Qtr'!G5, '4th Qtr'!G5) -> 1973 | H5: =C5-G5 -> 13683.69 | I5: =IFERROR(H5/G5, 0) -> 6.9354739
A6: Noble | B6: Blue Renewables | C6: =SUM('1st Qtr'!C6, '2nd Qtr'!C6, '3rd Qtr'!C6, '4th Qtr'!C6) -> 8806.2478 | D6: =SUM('1st Qtr'!D6, '2nd Qtr'!D6, '3rd Qtr'!D6, '4th Qtr'!D6) -> 12098.42 | E6: =C6-D6 -> -3292.1722 | F6: =IFERROR(E6/D6, 0) -> -0.27211588 | G6: =SUM('1st Qtr'!G6, '2nd Qtr'!G6, '3rd Qtr'!G6, '4th Qtr'!G6) -> 11218.66 | H6: =C6-G6 -> -2412.4122 | I6: =IFERROR(H6/G6, 0) -> -0.21503568
A7: Parking 3 | B7: Blue Renewables | C7: =SUM('1st Qtr'!C7, '2nd Qtr'!C7, '3rd Qtr'!C7, '4th Qtr'!C7) -> 16586.8 | D7: =SUM('1st Qtr'!D7, '2nd Qtr'!D7, '3rd Qtr'!D7, '4th Qtr'!D7) -> 24366.89 | E7: =C7-D7 -> -7780.09 | F7: =IFERROR(E7/D7, 0) -> -0.31928941 | G7: =SUM('1st Qtr'!G7, '2nd Qtr'!G7, '3rd Qtr'!G7, '4th Qtr'!G7) -> 24201.63 | H7: =C7-G7 -> -7614.83 | I7: =IFERROR(H7/G7, 0) -> -0.3146412
A8: PE East | B8: Blue Renewables | C8: =SUM('1st Qtr'!C8, '2nd Qtr'!C8, '3rd Qtr'!C8, '4th Qtr'!C8) -> 20730.183 | D8: =SUM('1st Qtr'!D8, '2nd Qtr'!D8, '3rd Qtr'!D8, '4th Qtr'!D8) -> 16836.22 | E8: =C8-D8 -> 3893.9634 | F8: =IFERROR(E8/D8, 0) -> 0.23128489 | G8: =SUM('1st Qtr'!G8, '2nd Qtr'!G8, '3rd Qtr'!G8, '4th Qtr'!G8) -> 24326.73 | H8: =C8-G8 -> -3596.5466 | I8: =IFERROR(H8/G8, 0) -> -0.14784341
A9: Schwada | B9: Blue Renewables | C9: =SUM('1st Qtr'!C9, '2nd Qtr'!C9, '3rd Qtr'!C9, '4th Qtr'!C9) -> 8912.9888 | D9: =SUM('1st Qtr'!D9, '2nd Qtr'!D9, '3rd Qtr'!D9, '4th Qtr'!D9) -> 7118.619 | E9: =C9-D9 -> 1794.3698 | F9: =IFERROR(E9/D9, 0) -> 0.25206712 | G9: =SUM('1st Qtr'!G9, '2nd Qtr'!G9, '3rd Qtr'!G9, '4th Qtr'!G9) -> 10705 | H9: =C9-G9 -> -1792.0112 | I9: =IFERROR(H9/G9, 0) -> -0.16739946
A10: Starshine | B10: Blue Renewables | C10: =SUM('1st Qtr'!C10, '2nd Qtr'!C10, '3rd Qtr'!C10, '4th Qtr'!C10) -> 3747.203 | D10: =SUM('1st Qtr'!D10, '2nd Qtr'!D10, '3rd Qtr'!D10, '4th Qtr'!D10) -> 0 | E10: =C10-D10 -> 3747.203 | F10: =IFERROR(E10/D10, 0) -> 0 | G10: =SUM('1st Qtr'!G10, '2nd Qtr'!G10, '3rd Qtr'!G10, '4th Qtr'!G10) -> 0 | H10: =C10-G10 -> 3747.203 | I10: =IFERROR(H10/G10, 0) -> 0
A11: Yuma Airport | B11: Blue Renewables | C11: =SUM('1st Qtr'!C11, '2nd Qtr'!C11, '3rd Qtr'!C11, '4th Qtr'!C11) -> 52995 | D11: =SUM('1st Qtr'!D11, '2nd Qtr'!D11, '3rd Qtr'!D11, '4th Qtr'!D11) -> 74566.16 | E11: =C11-D11 -> -21571.16 | F11: =IFERROR(E11/D11, 0) -> -0.28928887 | G11: =SUM('1st Qtr'!G11, '2nd Qtr'!G11, '3rd Qtr'!G11, '4th Qtr'!G11) -> 67067 | H11: =C11-G11 -> -14072 | I11: =IFERROR(H11/G11, 0) -> -0.20982003
A12: Kinsman | B12: Blue Renewables | C12: =SUM('1st Qtr'!C12, '2nd Qtr'!C12, '3rd Qtr'!C12, '4th Qtr'!C12) -> 20047.789 | D12: =SUM('1st Qtr'!D12, '2nd Qtr'!D12, '3rd Qtr'!D12, '4th Qtr'!D12) -> 40688.25 | E12: =C12-D12 -> -20640.461 | F12: =IFERROR(E12/D12, 0) -> -0.50728308 | G12: =SUM('1st Qtr'!G12, '2nd Qtr'!G12, '3rd Qtr'!G12, '4th Qtr'!G12) -> 55531 | H12: =C12-G12 -> -35483.211 | I12: =IFERROR(H12/G12, 0) -> -0.63898023
A13: Wooster | B13: Blue Renewables | C13: =SUM('1st Qtr'!C13, '2nd Qtr'!C13, '3rd Qtr'!C13, '4th Qtr'!C13) -> 6323.25 | D13: =SUM('1st Qtr'!D13, '2nd Qtr'!D13, '3rd Qtr'!D13, '4th Qtr'!D13) -> 0 | E13: =C13-D13 -> 6323.25 | F13: =IFERROR(E13/D13, 0) -> 0 | G13: =SUM('1st Qtr'!G13, '2nd Qtr'!G13, '3rd Qtr'!G13, '4th Qtr'!G13) -> 12400 | H13: =C13-G13 -> -6076.75 | I13: =IFERROR(H13/G13, 0) -> -0.49006048
A14: Globe Gila CC | B14: CC Gen Equity | C14: =SUM('1st Qtr'!C14, '2nd Qtr'!C14, '3rd Qtr'!C14, '4th Qtr'!C14) -> 10382.778 | D14: =SUM('1st Qtr'!D14, '2nd Qtr'!D14, '3rd Qtr'!D14, '4th Qtr'!D14) -> 0 | E14: =C14-D14 -> 10382.778 | F14: =IFERROR(E14/D14, 0) -> 0 | G14: =SUM('1st Qtr'!G14, '2nd Qtr'!G14, '3rd Qtr'!G14, '4th Qtr'!G14) -> 11007 | H14: =C14-G14 -> -624.22218 | I14: =IFERROR(H14/G14, 0) -> -0.056711382
A15: Payson Gila CC | B15: CC Gen Equity | C15: =SUM('1st Qtr'!C15, '2nd Qtr'!C15, '3rd Qtr'!C15, '4th Qtr'!C15) -> 6804.5808 | D15: =SUM('1st Qtr'!D15, '2nd Qtr'!D15, '3rd Qtr'!D15, '4th Qtr'!D15) -> 0 | E15: =C15-D15 -> 6804.5808 | F15: =IFERROR(E15/D15, 0) -> 0 | G15: =SUM('1st Qtr'!G15, '2nd Qtr'!G15, '3rd Qtr'!G15, '4th Qtr'!G15) -> 8517 | H15: =C15-G15 -> -1712.4192 | I15: =IFERROR(H15/G15, 0) -> -0.20105896
... A136: Spaulding HS | B136: Sunraise | C136: =SUM('1st Qtr'!C136, '2nd Qtr'!C136, '3rd Qtr'!C136, '4th Qtr'!C136) -> 2486.1235 | D136: =SUM('1st Qtr'!D136, '2nd Qtr'!D136, '3rd Qtr'!D136, '4th Qtr'!D136) -> 6531.708 | E136: =C136-D136 -> -4045.5845 | F136: =IFERROR(E136/D136, 0) -> -0.6193762 | G136: =SUM('1st Qtr'!G136, '2nd Qtr'!G136, '3rd Qtr'!G136, '4th Qtr'!G136) -> 5447.299 | H136: =C136-G136 -> -2961.1755 | I136: =IFERROR(H136/G136, 0) -> -0.54360436
A137: Total | C137: =SUM(C3:C136) -> 5231538.1 | D137: =SUM(D3:D136) -> 2882632.9 | E137: =C137-D137 -> 2348905.2 | F137: =IFERROR(E137/D137, 0) -> 0.81484712 | G137: =SUM(G3:G136) -> 9202509.7 | H137: =C137-G137 -> -3970971.6 | I137: =IFERROR(H137/G137, 0) -> -0.43150964
A139: Values in gold exceed expected or forecasted by 10% or more.
A141: Values in red are below expected or forecasted by 10% or more.

Sheet 1st Qtr
A1: {=portfolio} -> Generate Capital | C1: 1st Quarter 2024 Actual v. Expected | G1: 1st Quarter 2024 Forecasted
A2: Site | B2: Portfolio | C2: Actual | D2: Expected | E2: Delta | F2: % | G2: Forecasted | H2: Delta | I2: %
A3: {=Sites[Site]} -> Farmer | B3: {=Sites[Portfolio]} -> Blue Renewables | C3: =SUM(Jan!C3, Feb!C3, Mar!C3) -> 9019.8056 | D3: =SUM(Jan!D3, Feb!D3, Mar!D3) -> 7182.884 | E3: =C3-D3 -> 1836.9216 | F3: =IFERROR(E3/D3, 0) -> 0.25573594 | G3: =SUM(Jan!G3, Feb!G3, Mar!G3) -> 9612.777 | H3: =C3-G3 -> -592.97143 | I3: =IFERROR(H3/G3, 0) -> -0.061685758
A4: Fulton | B4: Blue Renewables | C4: =SUM(Jan!C4, Feb!C4, Mar!C4) -> 29434.75 | D4: =SUM(Jan!D4, Feb!D4, Mar!D4) -> 28981.22 | E4: =C4-D4 -> 453.53 | F4: =IFERROR(E4/D4, 0) -> 0.0156491 | G4: =SUM(Jan!G4, Feb!G4, Mar!G4) -> 39673.79 | H4: =C4-G4 -> -10239.04 | I4: =IFERROR(H4/G4, 0) -> -0.25808071
A5: JFK Elementary | B5: Blue Renewables | C5: =SUM(Jan!C5, Feb!C5, Mar!C5) -> 15656.69 | D5: =SUM(Jan!D5, Feb!D5, Mar!D5) -> 0 | E5: =C5-D5 -> 15656.69 | F5: =IFERROR(E5/D5, 0) -> 0 | G5: =SUM(Jan!G5, Feb!G5, Mar!G5) -> 1973 | H5: =C5-G5 -> 13683.69 | I5: =IFERROR(H5/G5, 0) -> 6.9354739
A6: Noble | B6: Blue Renewables | C6: =SUM(Jan!C6, Feb!C6, Mar!C6) -> 8806.2478 | D6: =SUM(Jan!D6, Feb!D6, Mar!D6) -> 12098.42 | E6: =C6-D6 -> -3292.1722 | F6: =IFERROR(E6/D6, 0) -> -0.27211588 | G6: =SUM(Jan!G6, Feb!G6, Mar!G6) -> 11218.66 | H6: =C6-G6 -> -2412.4122 | I6: =IFERROR(H6/G6, 0) -> -0.21503568
A7: Parking 3 | B7: Blue Renewables | C7: =SUM(Jan!C7, Feb!C7, Mar!C7) -> 16586.8 | D7: =SUM(Jan!D7, Feb!D7, Mar!D7) -> 24366.89 | E7: =C7-D7 -> -7780.09 | F7: =IFERROR(E7/D7, 0) -> -0.31928941 | G7: =SUM(Jan!G7, Feb!G7, Mar!G7) -> 24201.63 | H7: =C7-G7 -> -7614.83 | I7: =IFERROR(H7/G7, 0) -> -0.3146412
A8: PE East | B8: Blue Renewables | C8: =SUM(Jan!C8, Feb!C8, Mar!C8) -> 20730.183 | D8: =SUM(Jan!D8, Feb!D8, Mar!D8) -> 16836.22 | E8: =C8-D8 -> 3893.9634 | F8: =IFERROR(E8/D8, 0) -> 0.23128489 | G8: =SUM(Jan!G8, Feb!G8, Mar!G8) -> 24326.73 | H8: =C8-G8 -> -3596.5466 | I8: =IFERROR(H8/G8, 0) -> -0.14784341
A9: Schwada | B9: Blue Renewables | C9: =SUM(Jan!C9, Feb!C9, Mar!C9) -> 8912.9888 | D9: =SUM(Jan!D9, Feb!D9, Mar!D9) -> 7118.619 | E9: =C9-D9 -> 1794.3698 | F9: =IFERROR(E9/D9, 0) -> 0.25206712 | G9: =SUM(Jan!G9, Feb!G9, Mar!G9) -> 10705 | H9: =C9-G9 -> -1792.0112 | I9: =IFERROR(H9/G9, 0) -> -0.16739946
A10: Starshine | B10: Blue Renewables | C10: =SUM(Jan!C10, Feb!C10, Mar!C10) -> 3747.203 | D10: =SUM(Jan!D10, Feb!D10, Mar!D10) -> 0 | E10: =C10-D10 -> 3747.203 | F10: =IFERROR(E10/D10, 0) -> 0 | G10: =SUM(Jan!G10, Feb!G10, Mar!G10) -> 0 | H10: =C10-G10 -> 3747.203 | I10: =IFERROR(H10/G10, 0) -> 0
A11: Yuma Airport | B11: Blue Renewables | C11: =SUM(Jan!C11, Feb!C11, Mar!C11) -> 52995 | D11: =SUM(Jan!D11, Feb!D11, Mar!D11) -> 74566.16 | E11: =C11-D11 -> -21571.16 | F11: =IFERROR(E11/D11, 0) -> -0.28928887 | G11: =SUM(Jan!G11, Feb!G11, Mar!G11) -> 67067 | H11: =C11-G11 -> -14072 | I11: =IFERROR(H11/G11, 0) -> -0.20982003
A12: Kinsman | B12: Blue Renewables | C12: =SUM(Jan!C12, Feb!C12, Mar!C12) -> 20047.789 | D12: =SUM(Jan!D12, Feb!D12, Mar!D12) -> 40688.25 | E12: =C12-D12 -> -20640.461 | F12: =IFERROR(E12/D12, 0) -> -0.50728308 | G12: =SUM(Jan!G12, Feb!G12, Mar!G12) -> 55531 | H12: =C12-G12 -> -35483.211 | I12: =IFERROR(H12/G12, 0) -> -0.63898023
A13: Wooster | B13: Blue Renewables | C13: =SUM(Jan!C13, Feb!C13, Mar!C13) -> 6323.25 | D13: =SUM(Jan!D13, Feb!D13, Mar!D13) -> 0 | E13: =C13-D13 -> 6323.25 | F13: =IFERROR(E13/D13, 0) -> 0 | G13: =SUM(Jan!G13, Feb!G13, Mar!G13) -> 12400 | H13: =C13-G13 -> -6076.75 | I13: =IFERROR(H13/G13, 0) -> -0.49006048
A14: Globe Gila CC | B14: CC Gen Equity | C14: =SUM(Jan!C14, Feb!C14, Mar!C14) -> 10382.778 | D14: =SUM(Jan!D14, Feb!D14, Mar!D14) -> 0 | E14: =C14-D14 -> 10382.778 | F14: =IFERROR(E14/D14, 0) -> 0 | G14: =SUM(Jan!G14, Feb!G14, Mar!G14) -> 11007 | H14: =C14-G14 -> -624.22218 | I14: =IFERROR(H14/G14, 0) -> -0.056711382
A15: Payson Gila CC | B15: CC Gen Equity | C15: =SUM(Jan!C15, Feb!C15, Mar!C15) -> 6804.5808 | D15: =SUM(Jan!D15, Feb!D15, Mar!D15) -> 0 | E15: =C15-D15 -> 6804.5808 | F15: =IFERROR(E15/D15, 0) -> 0 | G15: =SUM(Jan!G15, Feb!G15, Mar!G15) -> 8517 | H15: =C15-G15 -> -1712.4192 | I15: =IFERROR(H15/G15, 0) -> -0.20105896
... A136: Spaulding HS | B136: Sunraise | C136: =SUM(Jan!C136, Feb!C136, Mar!C136) -> 2486.1235 | D136: =SUM(Jan!D136, Feb!D136, Mar!D136) -> 6531.708 | E136: =C136-D136 -> -4045.5845 | F136: =IFERROR(E136/D136, 0) -> -0.6193762 | G136: =SUM(Jan!G136, Feb!G136, Mar!G136) -> 5447.299 | H136: =C136-G136 -> -2961.1755 | I136: =IFERROR(H136/G136, 0) -> -0.54360436
A137: Total | C137: =SUM(C3:C136) -> 5231538.1 | D137: =SUM(D3:D136) -> 2882632.9 | E137: =C137-D137 -> 2348905.2 | F137: =IFERROR(E137/D137, 0) -> 0.81484712 | G137: =SUM(G3:G136) -> 9202509.7 | H137: =C137-G137 -> -3970971.6 | I137: =IFERROR(H137/C137, 0) -> -0.75904477
A139: Values in gold exceed expected or forecasted by 10% or more.
A141: Values in red are below expected or forecasted by 10% or more.

Sheet 2nd Qtr
A1: {=portfolio} -> Generate Capital | C1: 2nd Quarter 2024 Actual v. Expected | G1: 2nd Quarter 2024 Forecasted
A2: Site | B2: Portfolio | C2: Actual | D2: Expected | E2: Delta | F2: % | G2: Forecasted | H2: Delta | I2: %
A3: {=Sites[Site]} -> Farmer | B3: {=Sites[Portfolio]} -> Blue Renewables | C3: =SUM(Apr!C3, May!C3, Jun!C3) -> 0 | D3: =SUM(Apr!D3, May!D3, Jun!D3) -> 0 | E3: =C3-D3 -> 0 | F3: =IFERROR(E3/D3, 0) -> 0 | G3: =SUM(Apr!G3, May!G3, Jun!G3) -> 0 | H3: =C3-G3 -> 0 | I3: =IFERROR(H3/G3, 0) -> 0
A4: Fulton | B4: Blue Renewables | C4: =SUM(Apr!C4, May!C4, Jun!C4) -> 0 | D4: =SUM(Apr!D4, May!D4, Jun!D4) -> 0 | E4: =C4-D4 -> 0 | F4: =IFERROR(E4/D4, 0) -> 0 | G4: =SUM(Apr!G4, May!G4, Jun!G4) -> 0 | H4: =C4-G4 -> 0 | I4: =IFERROR(H4/G4, 0) -> 0
A5: JFK Elementary | B5: Blue Renewables | C5: =SUM(Apr!C5, May!C5, Jun!C5) -> 0 | D5: =SUM(Apr!D5, May!D5, Jun!D5) -> 0 | E5: =C5-D5 -> 0 | F5: =IFERROR(E5/D5, 0) -> 0 | G5: =SUM(Apr!G5, May!G5, Jun!G5) -> 0 | H5: =C5-G5 -> 0 | I5: =IFERROR(H5/G5, 0) -> 0
A6: Noble | B6: Blue Renewables | C6: =SUM(Apr!C6, May!C6, Jun!C6) -> 0 | D6: =SUM(Apr!D6, May!D6, Jun!D6) -> 0 | E6: =C6-D6 -> 0 | F6: =IFERROR(E6/D6, 0) -> 0 | G6: =SUM(Apr!G6, May!G6, Jun!G6) -> 0 | H6: =C6-G6 -> 0 | I6: =IFERROR(H6/G6, 0) -> 0
A7: Parking 3 | B7: Blue Renewables | C7: =SUM(Apr!C7, May!C7, Jun!C7) -> 0 | D7: =SUM(Apr!D7, May!D7, Jun!D7) -> 0 | E7: =C7-D7 -> 0 | F7: =IFERROR(E7/D7, 0) -> 0 | G7: =SUM(Apr!G7, May!G7, Jun!G7) -> 0 | H7: =C7-G7 -> 0 | I7: =IFERROR(H7/G7, 0) -> 0
A8: PE East | B8: Blue Renewables | C8: =SUM(Apr!C8, May!C8, Jun!C8) -> 0 | D8: =SUM(Apr!D8, May!D8, Jun!D8) -> 0 | E8: =C8-D8 -> 0 | F8: =IFERROR(E8/D8, 0) -> 0 | G8: =SUM(Apr!G8, May!G8, Jun!G8) -> 0 | H8: =C8-G8 -> 0 | I8: =IFERROR(H8/G8, 0) -> 0
A9: Schwada | B9: Blue Renewables | C9: =SUM(Apr!C9, May!C9, Jun!C9) -> 0 | D9: =SUM(Apr!D9, May!D9, Jun!D9) -> 0 | E9: =C9-D9 -> 0 | F9: =IFERROR(E9/D9, 0) -> 0 | G9: =SUM(Apr!G9, May!G9, Jun!G9) -> 0 | H9: =C9-G9 -> 0 | I9: =IFERROR(H9/G9, 0) -> 0
A10: Starshine | B10: Blue Renewables | C10: =SUM(Apr!C10, May!C10, Jun!C10) -> 0 | D10: =SUM(Apr!D10, May!D10, Jun!D10) -> 0 | E10: =C10-D10 -> 0 | F10: =IFERROR(E10/D10, 0) -> 0 | G10: =SUM(Apr!G10, May!G10, Jun!G10) -> 0 | H10: =C10-G10 -> 0 | I10: =IFERROR(H10/G10, 0) -> 0
A11: Yuma Airport | B11: Blue Renewables | C11: =SUM(Apr!C11, May!C11, Jun!C11) -> 0 | D11: =SUM(Apr!D11, May!D11, Jun!D11) -> 0 | E11: =C11-D11 -> 0 | F11: =IFERROR(E11/D11, 0) -> 0 | G11: =SUM(Apr!G11, May!G11, Jun!G11) -> 0 | H11: =C11-G11 -> 0 | I11: =IFERROR(H11/G11, 0) -> 0
A12: Kinsman | B12: Blue Renewables | C12: =SUM(Apr!C12, May!C12, Jun!C12) -> 0 | D12: =SUM(Apr!D12, May!D12, Jun!D12) -> 0 | E12: =C12-D12 -> 0 | F12: =IFERROR(E12/D12, 0) -> 0 | G12: =SUM(Apr!G12, May!G12, Jun!G12) -> 0 | H12: =C12-G12 -> 0 | I12: =IFERROR(H12/G12, 0) -> 0
A13: Wooster | B13: Blue Renewables | C13: =SUM(Apr!C13, May!C13, Jun!C13) -> 0 | D13: =SUM(Apr!D13, May!D13, Jun!D13) -> 0 | E13: =C13-D13 -> 0 | F13: =IFERROR(E13/D13, 0) -> 0 | G13: =SUM(Apr!G13, May!G13, Jun!G13) -> 0 | H13: =C13-G13 -> 0 | I13: =IFERROR(H13/G13, 0) -> 0
A14: Globe Gila CC | B14: CC Gen Equity | C14: =SUM(Apr!C14, May!C14, Jun!C14) -> 0 | D14: =SUM(Apr!D14, May!D14, Jun!D14) -> 0 | E14: =C14-D14 -> 0 | F14: =IFERROR(E14/D14, 0) -> 0 | G14: =SUM(Apr!G14, May!G14, Jun!G14) -> 0 | H14: =C14-G14 -> 0 | I14: =IFERROR(H14/G14, 0) -> 0
A15: Payson Gila CC | B15: CC Gen Equity | C15: =SUM(Apr!C15, May!C15, Jun!C15) -> 0 | D15: =SUM(Apr!D15, May!D15, Jun!D15) -> 0 | E15: =C15-D15 -> 0 | F15: =IFERROR(E15/D15, 0) -> 0 | G15: =SUM(Apr!G15, May!G15, Jun!G15) -> 0 | H15: =C15-G15 -> 0 | I15: =IFERROR(H15/G15, 0) -> 0
... A136: Spaulding HS | B136: Sunraise | C136: =SUM(Apr!C136, May!C136, Jun!C136) -> 0 | D136: =SUM(Apr!D136, May!D136, Jun!D136) -> 0 | E136: =C136-D136 -> 0 | F136: =IFERROR(E136/D136, 0) -> 0 | G136: =SUM(Apr!G136, May!G136, Jun!G136) -> 0 | H136: =C136-G136 -> 0 | I136: =IFERROR(H136/G136, 0) -> 0
A137: Total | C137: =SUM(C3:C8) -> 0 | D137: =SUM(D3:D8) -> 0 | E137: =C137-D137 -> 0 | F137: =IFERROR(E137/D137, 0) -> 0 | G137: =SUM(G3:G8) -> 0 | H137: =C137-G137 -> 0 | I137: =IFERROR(H137/C137, 0) -> 0
A139: Values in gold exceed expected or forecasted by 10% or more.
A141: Values in red are below expected or forecasted by 10% or more.

Sheet 3rd Qtr
A1: {=portfolio} -> Generate Capital | C1: 3rd Quarter 2024 Actual v. Expected | G1: 3rd Quarter 2024 Forecasted
A2: Site | B2: Portfolio | C2: Actual | D2: Expected | E2: Delta | F2: % | G2: Forecasted | H2: Delta | I2: %
A3: {=Sites[Site]} -> Farmer | B3: {=Sites[Portfolio]} -> Blue Renewables | C3: =SUM(Jul!C3, Aug!C3, Sep!C3) -> 0 | D3: =SUM(Jul!D3, Aug!D3, Sep!D3) -> 0 | E3: =C3-D3 -> 0 | F3: =IFERROR(E3/D3, 0) -> 0 | G3: =SUM(Jul!G3, Aug!G3, Sep!G3) -> 0 | H3: =C3-G3 -> 0 | I3: =IFERROR(H3/G3, 0) -> 0
A4: Fulton | B4: Blue Renewables | C4: =SUM(Jul!C4, Aug!C4, Sep!C4) -> 0 | D4: =SUM(Jul!D4, Aug!D4, Sep!D4) -> 0 | E4: =C4-D4 -> 0 | F4: =IFERROR(E4/D4, 0) -> 0 | G4: =SUM(Jul!G4, Aug!G4, Sep!G4) -> 0 | H4: =C4-G4 -> 0 | I4: =IFERROR(H4/G4, 0) -> 0
A5: JFK Elementary | B5: Blue Renewables | C5: =SUM(Jul!C5, Aug!C5, Sep!C5) -> 0 | D5: =SUM(Jul!D5, Aug!D5, Sep!D5) -> 0 | E5: =C5-D5 -> 0 | F5: =IFERROR(E5/D5, 0) -> 0 | G5: =SUM(Jul!G5, Aug!G5, Sep!G5) -> 0 | H5: =C5-G5 -> 0 | I5: =IFERROR(H5/G5, 0) -> 0
A6: Noble | B6: Blue Renewables | C6: =SUM(Jul!C6, Aug!C6, Sep!C6) -> 0 | D6: =SUM(Jul!D6, Aug!D6, Sep!D6) -> 0 | E6: =C6-D6 -> 0 | F6: =IFERROR(E6/D6, 0) -> 0 | G6: =SUM(Jul!G6, Aug!G6, Sep!G6) -> 0 | H6: =C6-G6 -> 0 | I6: =IFERROR(H6/G6, 0) -> 0
A7: Parking 3 | B7: Blue Renewables | C7: =SUM(Jul!C7, Aug!C7, Sep!C7) -> 0 | D7: =SUM(Jul!D7, Aug!D7, Sep!D7) -> 0 | E7: =C7-D7 -> 0 | F7: =IFERROR(E7/D7, 0) -> 0 | G7: =SUM(Jul!G7, Aug!G7, Sep!G7) -> 0 | H7: =C7-G7 -> 0 | I7: =IFERROR(H7/G7, 0) -> 0
A8: PE East | B8: Blue Renewables | C8: =SUM(Jul!C8, Aug!C8, Sep!C8) -> 0 | D8: =SUM(Jul!D8, Aug!D8, Sep!D8) -> 0 | E8: =C8-D8 -> 0 | F8: =IFERROR(E8/D8, 0) -> 0 | G8: =SUM(Jul!G8, Aug!G8, Sep!G8) -> 0 | H8: =C8-G8 -> 0 | I8: =IFERROR(H8/G8, 0) -> 0
A9: Schwada | B9: Blue Renewables | C9: =SUM(Jul!C9, Aug!C9, Sep!C9) -> 0 | D9: =SUM(Jul!D9, Aug!D9, Sep!D9) -> 0 | E9: =C9-D9 -> 0 | F9: =IFERROR(E9/D9, 0) -> 0 | G9: =SUM(Jul!G9, Aug!G9, Sep!G9) -> 0 | H9: =C9-G9 -> 0 | I9: =IFERROR(H9/G9, 0) -> 0
A10: Starshine | B10: Blue Renewables | C10: =SUM(Jul!C10, Aug!C10, Sep!C10) -> 0 | D10: =SUM(Jul!D10, Aug!D10, Sep!D10) -> 0 | E10: =C10-D10 -> 0 | F10: =IFERROR(E10/D10, 0) -> 0 | G10: =SUM(Jul!G10, Aug!G10, Sep!G10) -> 0 | H10: =C10-G10 -> 0 | I10: =IFERROR(H10/G10, 0) -> 0
A11: Yuma Airport | B11: Blue Renewables | C11: =SUM(Jul!C11, Aug!C11, Sep!C11) -> 0 | D11: =SUM(Jul!D11, Aug!D11, Sep!D11) -> 0 | E11: =C11-D11 -> 0 | F11: =IFERROR(E11/D11, 0) -> 0 | G11: =SUM(Jul!G11, Aug!G11, Sep!G11) -> 0 | H11: =C11-G11 -> 0 | I11: =IFERROR(H11/G11, 0) -> 0
A12: Kinsman | B12: Blue Renewables | C12: =SUM(Jul!C12, Aug!C12, Sep!C12) -> 0 | D12: =SUM(Jul!D12, Aug!D12, Sep!D12) -> 0 | E12: =C12-D12 -> 0 | F12: =IFERROR(E12/D12, 0) -> 0 | G12: =SUM(Jul!G12, Aug!G12, Sep!G12) -> 0 | H12: =C12-G12 -> 0 | I12: =IFERROR(H12/G12, 0) -> 0
A13: Wooster | B13: Blue Renewables | C13: =SUM(Jul!C13, Aug!C13, Sep!C13) -> 0 | D13: =SUM(Jul!D13, Aug!D13, Sep!D13) -> 0 | E13: =C13-D13 -> 0 | F13: =IFERROR(E13/D13, 0) -> 0 | G13: =SUM(Jul!G13, Aug!G13, Sep!G13) -> 0 | H13: =C13-G13 -> 0 | I13: =IFERROR(H13/G13, 0) -> 0
A14: Globe Gila CC | B14: CC Gen Equity | C14: =SUM(Jul!C14, Aug!C14, Sep!C14) -> 0 | D14: =SUM(Jul!D14, Aug!D14, Sep!D14) -> 0 | E14: =C14-D14 -> 0 | F14: =IFERROR(E14/D14, 0) -> 0 | G14: =SUM(Jul!G14, Aug!G14, Sep!G14) -> 0 | H14: =C14-G14 -> 0 | I14: =IFERROR(H14/G14, 0) -> 0
A15: Payson Gila CC | B15: CC Gen Equity | C15: =SUM(Jul!C15, Aug!C15, Sep!C15) -> 0 | D15: =SUM(Jul!D15, Aug!D15, Sep!D15) -> 0 | E15: =C15-D15 -> 0 | F15: =IFERROR(E15/D15, 0) -> 0 | G15: =SUM(Jul!G15, Aug!G15, Sep!G15) -> 0 | H15: =C15-G15 -> 0 | I15: =IFERROR(H15/G15, 0) -> 0
... A136: Spaulding HS | B136: Sunraise | C136: =SUM(Jul!C136, Aug!C136, Sep!C136) -> 0 | D136: =SUM(Jul!D136, Aug!D136, Sep!D136) -> 0 | E136: =C136-D136 -> 0 | F136: =IFERROR(E136/D136, 0) -> 0 | G136: =SUM(Jul!G136, Aug!G136, Sep!G136) -> 0 | H136: =C136-G136 -> 0 | I136: =IFERROR(H136/G136, 0) -> 0
A137: Total | C137: =SUM(C3:C8) -> 0 | D137: =SUM(D3:D8) -> 0 | E137: =C137-D137 -> 0 | F137: =IFERROR(E137/D137, 0) -> 0 | G137: =SUM(G3:G8) -> 0 | H137: =C137-G137 -> 0 | I137: =IFERROR(H137/C137, 0) -> 0
A139: Values in gold exceed expected or forecasted by 10% or more.
A141: Values in red are below expected or forecasted by 10% or more.

Sheet 4th Qtr
A1: {=portfolio} -> Generate Capital | C1: 4th Quarter 2024 Actual v. Expected | G1: 4th Quarter 2024 Forecasted
A2: Site | B2: Portfolio | C2: Actual | D2: Expected | E2: Delta | F2: % | G2: Forecasted | H2: Delta | I2: %
A3: {=Sites[Site]} -> Farmer | B3: {=Sites[Portfolio]} -> Blue Renewables | C3: =SUM(Oct!C3, Nov!C3, Dec!C3) -> 0 | D3: =SUM(Oct!D3, Nov!D3, Dec!D3) -> 0 | E3: =C3-D3 -> 0 | F3: =IFERROR(E3/D3, 0) -> 0 | G3: =SUM(Oct!G3, Nov!G3, Dec!G3) -> 0 | H3: =C3-G3 -> 0 | I3: =IFERROR(H3/G3, 0) -> 0
A4: Fulton | B4: Blue Renewables | C4: =SUM(Oct!C4, Nov!C4, Dec!C4) -> 0 | D4: =SUM(Oct!D4, Nov!D4, Dec!D4) -> 0 | E4: =C4-D4 -> 0 | F4: =IFERROR(E4/D4, 0) -> 0 | G4: =SUM(Oct!G4, Nov!G4, Dec!G4) -> 0 | H4: =C4-G4 -> 0 | I4: =IFERROR(H4/G4, 0) -> 0
A5: JFK Elementary | B5: Blue Renewables | C5: =SUM(Oct!C5, Nov!C5, Dec!C5) -> 0 | D5: =SUM(Oct!D5, Nov!D5, Dec!D5) -> 0 | E5: =C5-D5 -> 0 | F5: =IFERROR(E5/D5, 0) -> 0 | G5: =SUM(Oct!G5, Nov!G5, Dec!G5) -> 0 | H5: =C5-G5 -> 0 | I5: =IFERROR(H5/G5, 0) -> 0
A6: Noble | B6: Blue Renewables | C6: =SUM(Oct!C6, Nov!C6, Dec!C6) -> 0 | D6: =SUM(Oct!D6, Nov!D6, Dec!D6) -> 0 | E6: =C6-D6 -> 0 | F6: =IFERROR(E6/D6, 0) -> 0 | G6: =SUM(Oct!G6, Nov!G6, Dec!G6) -> 0 | H6: =C6-G6 -> 0 | I6: =IFERROR(H6/G6, 0) -> 0
A7: Parking 3 | B7: Blue Renewables | C7: =SUM(Oct!C7, Nov!C7, Dec!C7) -> 0 | D7: =SUM(Oct!D7, Nov!D7, Dec!D7) -> 0 | E7: =C7-D7 -> 0 | F7: =IFERROR(E7/D7, 0) -> 0 | G7: =SUM(Oct!G7, Nov!G7, Dec!G7) -> 0 | H7: =C7-G7 -> 0 | I7: =IFERROR(H7/G7, 0) -> 0
A8: PE East | B8: Blue Renewables | C8: =SUM(Oct!C8, Nov!C8, Dec!C8) -> 0 | D8: =SUM(Oct!D8, Nov!D8, Dec!D8) -> 0 | E8: =C8-D8 -> 0 | F8: =IFERROR(E8/D8, 0) -> 0 | G8: =SUM(Oct!G8, Nov!G8, Dec!G8) -> 0 | H8: =C8-G8 -> 0 | I8: =IFERROR(H8/G8, 0) -> 0
A9: Schwada | B9: Blue Renewables | C9: =SUM(Oct!C9, Nov!C9, Dec!C9) -> 0 | D9: =SUM(Oct!D9, Nov!D9, Dec!D9) -> 0 | E9: =C9-D9 -> 0 | F9: =IFERROR(E9/D9, 0) -> 0 | G9: =SUM(Oct!G9, Nov!G9, Dec!G9) -> 0 | H9: =C9-G9 -> 0 | I9: =IFERROR(H9/G9, 0) -> 0
A10: Starshine | B10: Blue Renewables | C10: =SUM(Oct!C10, Nov!C10, Dec!C10) -> 0 | D10: =SUM(Oct!D10, Nov!D10, Dec!D10) -> 0 | E10: =C10-D10 -> 0 | F10: =IFERROR(E10/D10, 0) -> 0 | G10: =SUM(Oct!G10, Nov!G10, Dec!G10) -> 0 | H10: =C10-G10 -> 0 | I10: =IFERROR(H10/G10, 0) -> 0
A11: Yuma Airport | B11: Blue Renewables | C11: =SUM(Oct!C11, Nov!C11, Dec!C11) -> 0 | D11: =SUM(Oct!D11, Nov!D11, Dec!D11) -> 0 | E11: =C11-D11 -> 0 | F11: =IFERROR(E11/D11, 0) -> 0 | G11: =SUM(Oct!G11, Nov!G11, Dec!G11) -> 0 | H11: =C11-G11 -> 0 | I11: =IFERROR(H11/G11, 0) -> 0
A12: Kinsman | B12: Blue Renewables | C12: =SUM(Oct!C12, Nov!C12, Dec!C12) -> 0 | D12: =SUM(Oct!D12, Nov!D12, Dec!D12) -> 0 | E12: =C12-D12 -> 0 | F12: =IFERROR(E12/D12, 0) -> 0 | G12: =SUM(Oct!G12, Nov!G12, Dec!G12) -> 0 | H12: =C12-G12 -> 0 | I12: =IFERROR(H12/G12, 0) -> 0
A13: Wooster | B13: Blue Renewables | C13: =SUM(Oct!C13, Nov!C13, Dec!C13) -> 0 | D13: =SUM(Oct!D13, Nov!D13, Dec!D13) -> 0 | E13: =C13-D13 -> 0 | F13: =IFERROR(E13/D13, 0) -> 0 | G13: =SUM(Oct!G13, Nov!G13, Dec!G13) -> 0 | H13: =C13-G13 -> 0 | I13: =IFERROR(H13/G13, 0) -> 0
A14: Globe Gila CC | B14: CC Gen Equity | C14: =SUM(Oct!C14, Nov!C14, Dec!C14) -> 0 | D14: =SUM(Oct!D14, Nov!D14, Dec!D14) -> 0 | E14: =C14-D14 -> 0 | F14: =IFERROR(E14/D14, 0) -> 0 | G14: =SUM(Oct!G14, Nov!G14, Dec!G14) -> 0 | H14: =C14-G14 -> 0 | I14: =IFERROR(H14/G14, 0) -> 0
A15: Payson Gila CC | B15: CC Gen Equity | C15: =SUM(Oct!C15, Nov!C15, Dec!C15) -> 0 | D15: =SUM(Oct!D15, Nov!D15, Dec!D15) -> 0 | E15: =C15-D15 -> 0 | F15: =IFERROR(E15/D15, 0) -> 0 | G15: =SUM(Oct!G15, Nov!G15, Dec!G15) -> 0 | H15: =C15-G15 -> 0 | I15: =IFERROR(H15/G15, 0) -> 0
... A136: Spaulding HS | B136: Sunraise | C136: =SUM(Oct!C136, Nov!C136, Dec!C136) -> 0 | D136: =SUM(Oct!D136, Nov!D136, Dec!D136) -> 0 | E136: =C136-D136 -> 0 | F136: =IFERROR(E136/D136, 0) -> 0 | G136: =SUM(Oct!G136, Nov!G136, Dec!G136) -> 0 | H136: =C136-G136 -> 0 | I136: =IFERROR(H136/G136, 0) -> 0
A137: Total | C137: =SUM(C3:C8) -> 0 | D137: =SUM(D3:D8) -> 0 | E137: =C137-D137 -> 0 | F137: =IFERROR(E137/D137, 0) -> 0 | G137: =SUM(G3:G8) -> 0 | H137: =C137-G137 -> 0 | I137: =IFERROR(H137/C137, 0) -> 0
A139: Values in gold exceed expected or forecasted by 10% or more.
A141: Values in red are below expected or forecasted by 10% or more.

Sheet Jan
A1: {=portfolio} -> Generate Capital | C1: January Actual v. Expected | G1: January Actual v. Forecasted | J1: NOTES | K1: SR
A2: Site | B2: Portfolio | C2: Actual | D2: Expected | E2: Delta | F2: % | G2: Forecasted | H2: Delta | I2: %
A3: {=Sites[Site]} -> Farmer | B3: {=Sites[Portfolio]} -> Blue Renewables | C3: {=IF(INDIRECT("'" & $A3 & "'!B5:J5")="", "", INDIRECT("'" & $A3 & "'!B5:J5"))} -> 9019.8056 | D3: 7182.884 | E3: 1836.9216 | F3: 0.25573594 | G3: 9612.777 | H3: -592.97143 | I3: -0.061685758
A4: Fulton | B4: Blue Renewables | C4: {=IF(INDIRECT("'" & $A4 & "'!B5:J5")="", "", INDIRECT("'" & $A4 & "'!B5:J5"))} -> 29434.75 | D4: 28981.22 | E4: 453.53 | F4: 0.0156491 | G4: 39673.79 | H4: -10239.04 | I4: -0.25808071
A5: JFK Elementary | B5: Blue Renewables | C5: {=IF(INDIRECT("'" & $A5 & "'!B5:J5")="", "", INDIRECT("'" & $A5 & "'!B5:J5"))} -> 15656.69 | D5: 0 | E5: 15656.69 | F5: 0 | G5: 1973 | H5: 13683.69 | I5: 6.9354739
A6: Noble | B6: Blue Renewables | C6: {=IF(INDIRECT("'" & $A6 & "'!B5:J5")="", "", INDIRECT("'" & $A6 & "'!B5:J5"))} -> 8806.2478 | D6: 12098.42 | E6: -3292.1722 | F6: -0.27211588 | G6: 11218.66 | H6: -2412.4122 | I6: -0.21503568
A7: Parking 3 | B7: Blue Renewables | C7: {=IF(INDIRECT("'" & $A7 & "'!B5:J5")="", "", INDIRECT("'" & $A7 & "'!B5:J5"))} -> 16586.8 | D7: 24366.89 | E7: -7780.09 | F7: -0.31928941 | G7: 24201.63 | H7: -7614.83 | I7: -0.3146412 | J7: 1.Inverter 1.1 is offline from 01/05 and back online on 01/17 at 10:45AM 2. Inverter 1.1 is offline from 07:00AM on 01/20 and back online at 11:00 on 01/22 | K7: 1.SR079991 2.SR080358
A8: PE East | B8: Blue Renewables | C8: {=IF(INDIRECT("'" & $A8 & "'!B5:J5")="", "", INDIRECT("'" & $A8 & "'!B5:J5"))} -> 20730.183 | D8: 16836.22 | E8: 3893.9634 | F8: 0.23128489 | G8: 24326.73 | H8: -3596.5466 | I8: -0.14784341
A9: Schwada | B9: Blue Renewables | C9: {=IF(INDIRECT("'" & $A9 & "'!B5:J5")="", "", INDIRECT("'" & $A9 & "'!B5:J5"))} -> 8912.9888 | D9: 7118.619 | E9: 1794.3698 | F9: 0.25206712 | G9: 10705 | H9: -1792.0112 | I9: -0.16739946
A10: Starshine | B10: Blue Renewables | C10: {=IF(INDIRECT("'" & $A10 & "'!B5:J5")="", "", INDIRECT("'" & $A10 & "'!B5:J5"))} -> 3747.203 | D10: 0 | E10: 3747.203 | F10: 0 | G10: 0 | H10: 3747.203 | I10: 0 | J10: 1.Site did not started on 01/25 and started late on 01/27. | K10: 1.SR080480
A11: Yuma Airport | B11: Blue Renewables | C11: {=IF(INDIRECT("'" & $A11 & "'!B5:J5")="", "", INDIRECT("'" & $A11 & "'!B5:J5"))} -> 52995 | D11: 74566.16 | E11: -21571.16 | F11: -0.28928887 | G11: 67067 | H11: -14072 | I11: -0.20982003
A12: Kinsman | B12: Blue Renewables | C12: {=IF(INDIRECT("'" & $A12 & "'!B5:J5")="", "", INDIRECT("'" & $A12 & "'!B5:J5"))} -> 20047.789 | D12: 40688.25 | E12: -20640.461 | F12: -0.50728308 | G12: 55531 | H12: -35483.211 | I12: -0.63898023 | J12: 1. Inveter B did not started for production 1/15 and 1/24. | K12: 1. SR080237
A13: Wooster | B13: Blue Renewables | C13: {=IF(INDIRECT("'" & $A13 & "'!B5:J5")="", "", INDIRECT("'" & $A13 & "'!B5:J5"))} -> 6323.25 | D13: 0 | E13: 6323.25 | F13: 0 | G13: 12400 | H13: -6076.75 | I13: -0.49006048
A14: Globe Gila CC | B14: CC Gen Equity | C14: {=IF(INDIRECT("'" & $A14 & "'!B5:J5")="", "", INDIRECT("'" & $A14 & "'!B5:J5"))} -> 10382.778 | D14: 0 | E14: 10382.778 | F14: 0 | G14: 11007 | H14: -624.22218 | I14: -0.056711382
A15: Payson Gila CC | B15: CC Gen Equity | C15: {=IF(INDIRECT("'" & $A15 & "'!B5:J5")="", "", INDIRECT("'" & $A15 & "'!B5:J5"))} -> 6804.5808 | D15: 0 | E15: 6804.5808 | F15: 0 | G15: 8517 | H15: -1712.4192 | I15: -0.20105896
A16: SCNM | B16: CC Gen Equity | C16: {=IF(INDIRECT("'" & $A16 & "'!B5:J5")="", "", INDIRECT("'" & $A16 & "'!B5:J5"))} -> 51680.32 | D16: 0 | E16: 51680.32 | F16: 0 | G16: 28849 | H16: 22831.32 | I16: 0.79140767
A17: Sequoia Charter School | B17: CC Gen Equity | C17: {=IF(INDIRECT("'" & $A17 & "'!B5:J5")="", "", INDIRECT("'" & $A17 & "'!B5:J5"))} -> 20768 | D17: 0 | E17: 20768 | F17: 0 | G17: 8180 | H17: 12588 | I17: 1.5388753
A18: RCAB | B18: GESF2 | C18: {=IF(INDIRECT("'" & $A18 & "'!B5:J5")="", "", INDIRECT("'" & $A18 & "'!B5:J5"))} -> 23135 | D18: 43481.12 | E18: -20346.12 | F18: -0.46792999 | G18: 47410.87 | H18: -24275.87 | I18: -0.51203173
A19: Spectro Coatings | B19: GESF2 | C19: {=IF(INDIRECT("'" & $A19 & "'!B5:J5")="", "", INDIRECT("'" & $A19 & "'!B5:J5"))} -> 5510.625 | D19: 12146.73 | E19: -6636.105 | F19: -0.54632852 | G19: 11789.76 | H19: -6279.135 | I19: -0.53259227 | J19: 1. Site was offline on 1/22 at 15:30 and back online on 1/23 11:45. | K19: 1. SR080401
A20: K026 | B20: Hudson | C20: {=IF(INDIRECT("'" & $A20 & "'!B5:J5")="", "", INDIRECT("'" & $A20 & "'!B5:J5"))} -> 7049.125 | D20: 12398.04 | E20: -5348.915 | F20: -0.43143231 | G20: 18592.65 | H20: -11543.525 | I20: -0.62086497
A21: K041 | B21: Hudson | C21: {=IF(INDIRECT("'" & $A21 & "'!B5:J5")="", "", INDIRECT("'" & $A21 & "'!B5:J5"))} -> 2400.5966 | D21: 0 | E21: 2400.5966 | F21: 0 | G21: 0 | H21: 2400.5966 | I21: 0 | J21: 1. Site started production from 1/18 | K21: 1. SR079892
A22: K043 | B22: Hudson | C22: {=IF(INDIRECT("'" & $A22 & "'!B5:J5")="", "", INDIRECT("'" & $A22 & "'!B5:J5"))} -> 7037.3281 | D22: 10909.38 | E22: -3872.0519 | F22: -0.35492868 | G22: 20258 | H22: -13220.672 | I22: -0.65261486
A23: K058 | B23: Hudson | C23: {=IF(INDIRECT("'" & $A23 & "'!B5:J5")="", "", INDIRECT("'" & $A23 & "'!B5:J5"))} -> 5262.6875 | D23: 8705.562 | E23: -3442.8745 | F23: -0.39547987 | G23: 13134.4 | H23: -7871.7125 | I23: -0.5993203
A24: K115 | B24: Hudson | C24: {=IF(INDIRECT("'" & $A24 & "'!B5:J5")="", "", INDIRECT("'" & $A24 & "'!B5:J5"))} -> 1496.6526 | D24: 5139.646 | E24: -3642.9934 | F24: -0.7088024 | G24: 4549.33 | H24: -3052.6774 | I24: -0.67101692 | J24: 1. Ongoing construction to the array on the roof. 70 percent of the array is offline for construction | K24: 1. SR077214
A25: K152 | B25: Hudson | C25: {=IF(INDIRECT("'" & $A25 & "'!B5:J5")="", "", INDIRECT("'" & $A25 & "'!B5:J5"))} -> 1927.1875 | D25: 3008.157 | E25: -1080.9695 | F25: -0.3593461 | G25: 798 | H25: 1129.1875 | I25: 1.4150219
A26: K166 | B26: Hudson | C26: {=IF(INDIRECT("'" & $A26 & "'!B5:J5")="", "", INDIRECT("'" & $A26 & "'!B5:J5"))} -> 7390.625 | D26: 11891.79 | E26: -4501.165 | F26: -0.3785103 | G26: 18302.04 | H26: -10911.415 | I26: -0.59618573
A27: K206 | B27: Hudson | C27: {=IF(INDIRECT("'" & $A27 & "'!B5:J5")="", "", INDIRECT("'" & $A27 & "'!B5:J5"))} -> 4600.7732 | D27: 0 | E27: 4600.7732 | F27: 0 | G27: 0 | H27: 4600.7732 | I27: 0
A28: K251 | B28: Hudson | C28: {=IF(INDIRECT("'" & $A28 & "'!B5:J5")="", "", INDIRECT("'" & $A28 & "'!B5:J5"))} -> 4966.375 | D28: 7470.177 | E28: -2503.802 | F28: -0.33517305 | G28: 9815.687 | H28: -4849.312 | I28: -0.49403694
A29: K269 | B29: Hudson | C29: {=IF(INDIRECT("'" & $A29 & "'!B5:J5")="", "", INDIRECT("'" & $A29 & "'!B5:J5"))} -> 4328.3125 | D29: 0 | E29: 4328.3125 | F29: 0 | G29: 10978.73 | H29: -6650.4175 | I29: -0.60575472
A30: K273 | B30: Hudson | C30: {=IF(INDIRECT("'" & $A30 & "'!B5:J5")="", "", INDIRECT("'" & $A30 & "'!B5:J5"))} -> 5062.0312 | D30: 0 | E30: 5062.0312 | F30: 0 | G30: 11224 | H30: -6161.9688 | I30: -0.54899935
A31: K287 | B31: Hudson | C31: {=IF(INDIRECT("'" & $A31 & "'!B5:J5")="", "", INDIRECT("'" & $A31 & "'!B5:J5"))} -> 3720.0499 | D31: 5487.586 | E31: -1767.5361 | F31: -0.3220972 | G31: 0 | H31: 3720.0499 | I31: 0
A32: K298 | B32: Hudson | C32: {=IF(INDIRECT("'" & $A32 & "'!B5:J5")="", "", INDIRECT("'" & $A32 & "'!B5:J5"))} -> 3421.0781 | D32: 7008.588 | E32: -3587.5099 | F32: -0.51187342 | G32: 0 | H32: 3421.0781 | I32: 0 | J32: 1. Inverter 1 primary unit offline on 01/19/2024 & back online 01/25/2024 at 10:00. | K32: 1. SR080472
A33: K335 | B33: Hudson | C33: {=IF(INDIRECT("'" & $A33 & "'!B5:J5")="", "", INDIRECT("'" & $A33 & "'!B5:J5"))} -> 4100.5625 | D33: 7358.259 | E33: -3257.6965 | F33: -0.44272653 | G33: 11610 | H33: -7509.4375 | I33: -0.64680771
A34: K345 | B34: Hudson | C34: {=IF(INDIRECT("'" & $A34 & "'!B5:J5")="", "", INDIRECT("'" & $A34 & "'!B5:J5"))} -> 4561.2969 | D34: 0 | E34: 4561.2969 | F34: 0 | G34: 0 | H34: 4561.2969 | I34: 0 | J34: 1. Site tripped offline on 01/11 at 8:15 and back online at 11:15, but inverter 2 again tripped offline 2. Inverter 2 tripped offline on 01/11 at 11:45 and back online on 01/12 | K34: 1. SR080156 2. SR080165
A35: K445 | B35: Hudson | C35: {=IF(INDIRECT("'" & $A35 & "'!B5:J5")="", "", INDIRECT("'" & $A35 & "'!B5:J5"))} -> 4488.8051 | D35: 0 | E35: 4488.8051 | F35: 0 | G35: 0 | H35: 4488.8051 | I35: 0
A36: K495 | B36: Hudson | C36: {=IF(INDIRECT("'" & $A36 & "'!B5:J5")="", "", INDIRECT("'" & $A36 & "'!B5:J5"))} -> 20449.188 | D36: 0 | E36: 20449.188 | F36: 0 | G36: 0 | H36: 20449.188 | I36: 0 | J36: 1. Inverter 4 tripped offline at 10:50 at 01/17 & back online on 01/20/2024. 2. Inverter 8 left unit offline on 01/07/2024 & back online at 01/08/2024 and also left unit offline from 01/16 to 01/22 | K36: 1.SR080297 2.SR080299
A37: M020 | B37: Hudson | C37: {=IF(INDIRECT("'" & $A37 & "'!B5:J5")="", "", INDIRECT("'" & $A37 & "'!B5:J5"))} -> 4382.6562 | D37: 7052.359 | E37: -2669.7028 | F37: -0.37855457 | G37: 0 | H37: 4382.6562 | I37: 0
A38: M092 | B38: Hudson | C38: {=IF(INDIRECT("'" & $A38 & "'!B5:J5")="", "", INDIRECT("'" & $A38 & "'!B5:J5"))} -> 4470.75 | D38: 7217.819 | E38: -2747.069 | F38: -0.38059544 | G38: 11299.41 | H38: -6828.66 | I38: -0.60433775
A39: M143 | B39: Hudson | C39: {=IF(INDIRECT("'" & $A39 & "'!B5:J5")="", "", INDIRECT("'" & $A39 & "'!B5:J5"))} -> 4964.5 | D39: 7892.974 | E39: -2928.474 | F39: -0.37102289 | G39: 15533.26 | H39: -10568.76 | I39: -0.68039549
A40: M144 | B40: Hudson | C40: {=IF(INDIRECT("'" & $A40 & "'!B5:J5")="", "", INDIRECT("'" & $A40 & "'!B5:J5"))} -> 7482.3594 | D40: 0 | E40: 7482.3594 | F40: 0 | G40: 0 | H40: 7482.3594 | I40: 0
A41: M167 | B41: Hudson | C41: {=IF(INDIRECT("'" & $A41 & "'!B5:J5")="", "", INDIRECT("'" & $A41 & "'!B5:J5"))} -> 4434 | D41: 5657 | E41: -1223 | F41: -0.21619233 | G41: 10982 | H41: -6548 | I41: -0.59624841
A42: M188 | B42: Hudson | C42: {=IF(INDIRECT("'" & $A42 & "'!B5:J5")="", "", INDIRECT("'" & $A42 & "'!B5:J5"))} -> 3879.9297 | D42: 0 | E42: 3879.9297 | F42: 0 | G42: 0 | H42: 3879.9297 | I42: 0
A43: EMHC | B43: Hudson | C43: {=IF(INDIRECT("'" & $A43 & "'!B5:J5")="", "", INDIRECT("'" & $A43 & "'!B5:J5"))} -> 911 | D43: 0 | E43: 911 | F43: 0 | G43: 0 | H43: 911 | I43: 0
A44: Q008 | B44: Hudson | C44: {=IF(INDIRECT("'" & $A44 & "'!B5:J5")="", "", INDIRECT("'" & $A44 & "'!B5:J5"))} -> 6839.0312 | D44: 9522.769 | E44: -2683.7378 | F44: -0.28182325 | G44: 15253 | H44: -8413.9688 | I44: -0.55162714
A45: Q018 | B45: Hudson | C45: {=IF(INDIRECT("'" & $A45 & "'!B5:J5")="", "", INDIRECT("'" & $A45 & "'!B5:J5"))} -> 4357.5 | D45: 5639.943 | E45: -1282.443 | F45: -0.22738581 | G45: 9568.237 | H45: -5210.737 | I45: -0.54458695
A46: Q021 | B46: Hudson | C46: {=IF(INDIRECT("'" & $A46 & "'!B5:J5")="", "", INDIRECT("'" & $A46 & "'!B5:J5"))} -> 3435.6875 | D46: 6008.808 | E46: -2573.1205 | F46: -0.42822478 | G46: 4290.74 | H46: -855.0525 | I46: -0.19927856
A47: Q025 | B47: Hudson | C47: {=IF(INDIRECT("'" & $A47 & "'!B5:J5")="", "", INDIRECT("'" & $A47 & "'!B5:J5"))} -> 6042.5 | D47: 9148.84 | E47: -3106.34 | F47: -0.33953376 | G47: 7767 | H47: -1724.5 | I47: -0.2220291
A48: Q074 | B48: Hudson | C48: {=IF(INDIRECT("'" & $A48 & "'!B5:J5")="", "", INDIRECT("'" & $A48 & "'!B5:J5"))} -> 3737.7188 | D48: 5120.8 | E48: -1383.0813 | F48: -0.27009085 | G48: 8043.306 | H48: -4305.5872 | I48: -0.53530069
... A51: Q157 | B51: Hudson | C51: {=IF(INDIRECT("'" & $A51 & "'!B5:J5")="", "", INDIRECT("'" & $A51 & "'!B5:J5"))} -> 4902.4375 | D51: 8720.945 | E51: -3818.5075 | F51: -0.43785479 | G51: 11481.79 | H51: -6579.3525 | I51: -0.57302498
A52: Q192 | B52: Hudson | C52: {=IF(INDIRECT("'" & $A52 & "'!B5:J5")="", "", INDIRECT("'" & $A52 & "'!B5:J5"))} -> 8347.5 | D52: 13350 | E52: -5002.5 | F52: -0.3747191 | G52: 16384.01 | H52: -8036.51 | I52: -0.49050934 | J52: 1. Inverter 3 primary unit is offline on 12/11/2024 & back online on 01/02/2024. | K52: 1. SR079120
A53: Q210 | B53: Hudson | C53: {=IF(INDIRECT("'" & $A53 & "'!B5:J5")="", "", INDIRECT("'" & $A53 & "'!B5:J5"))} -> 6315.875 | D53: 9204.338 | E53: -2888.463 | F53: -0.3138154 | G53: 15624 | H53: -9308.125 | I53: -0.59575813 | J53: 1. Inverter 3 left unit tripped offline on 01/10/2024. | K53: 1.SR080789
A54: Q229 | B54: Hudson | C54: {=IF(INDIRECT("'" & $A54 & "'!B5:J5")="", "", INDIRECT("'" & $A54 & "'!B5:J5"))} -> 2660.5313 | D54: 3950.594 | E54: -1290.0627 | F54: -0.32654906 | G54: 7281.06 | H54: -4620.5287 | I54: -0.63459562
A55: Q231 | B55: Hudson | C55: {=IF(INDIRECT("'" & $A55 & "'!B5:J5")="", "", INDIRECT("'" & $A55 & "'!B5:J5"))} -> 11460.875 | D55: 21002.59 | E55: -9541.715 | F55: -0.45431135 | G55: 0 | H55: 11460.875 | I55: 0
A56: Q405 | B56: Hudson | C56: {=IF(INDIRECT("'" & $A56 & "'!B5:J5")="", "", INDIRECT("'" & $A56 & "'!B5:J5"))} -> 12294.25 | D56: 18722.73 | E56: -6428.48 | F56: -0.34335164 | G56: 20486.32 | H56: -8192.07 | I56: -0.39988002 | J56: 1. Inverters 3 & 4 are offline on 01/24/2024 & back online on 01/29/2024. | K56: 1.SR080430
A57: Q435 | B57: Hudson | C57: {=IF(INDIRECT("'" & $A57 & "'!B5:J5")="", "", INDIRECT("'" & $A57 & "'!B5:J5"))} -> 0 | D57: 0 | E57: 0 | F57: 0 | G57: 0 | H57: 0 | I57: 0 | J57: 1. Site is offline due to transformer issue | K57: 1. SR077239
A58: Q485 | B58: Hudson | C58: {=IF(INDIRECT("'" & $A58 & "'!B5:J5")="", "", INDIRECT("'" & $A58 & "'!B5:J5"))} -> 12481.439 | D58: 12754.8 | E58: -273.36117 | F58: -0.021432023 | G58: 27674.85 | H58: -15193.411 | I58: -0.54899706 | J58: 1. Inverter 3 right unit offline from 01/25 to 01/31. 2. Inverter 1 left unit offline from 01/25 to 01/31. | K58: 1. SR080476. 2. SR080477
A59: Q490 | B59: Hudson | C59: {=IF(INDIRECT("'" & $A59 & "'!B5:J5")="", "", INDIRECT("'" & $A59 & "'!B5:J5"))} -> 10238.144 | D59: 0 | E59: 10238.144 | F59: 0 | G59: 21505.42 | H59: -11267.276 | I59: -0.52392727 | J59: 1.Inverter 10 is offline on 01/23/2024 & back onlline on 01/24/2024 at 10:00. | K59: 1.SR080431
A60: Q620 | B60: Hudson | C60: {=IF(INDIRECT("'" & $A60 & "'!B5:J5")="", "", INDIRECT("'" & $A60 & "'!B5:J5"))} -> 15903 | D60: 23742.06 | E60: -7839.06 | F60: -0.33017607 | G60: 34544.52 | H60: -18641.52 | I60: -0.53963755
A61: QMOA | B61: Hudson | C61: {=IF(INDIRECT("'" & $A61 & "'!B5:J5")="", "", INDIRECT("'" & $A61 & "'!B5:J5"))} -> 1546.1 | D61: 0 | E61: 1546.1 | F61: 0 | G61: 2946.827 | H61: -1400.727 | I61: -0.47533398
A62: X024 | B62: Hudson | C62: {=IF(INDIRECT("'" & $A62 & "'!B5:J5")="", "", INDIRECT("'" & $A62 & "'!B5:J5"))} -> 5421 | D62: 0 | E62: 5421 | F62: 0 | G62: 0 | H62: 5421 | I62: 0
A63: X026 | B63: Hudson | C63: {=IF(INDIRECT("'" & $A63 & "'!B5:J5")="", "", INDIRECT("'" & $A63 & "'!B5:J5"))} -> 4766.9 | D63: 7713.94 | E63: -2947.04 | F63: -0.38204082 | G63: 14664.49 | H63: -9897.59 | I63: -0.67493585
A64: X090 | B64: Hudson | C64: {=IF(INDIRECT("'" & $A64 & "'!B5:J5")="", "", INDIRECT("'" & $A64 & "'!B5:J5"))} -> 4671.9453 | D64: 4641.697 | E64: 30.248313 | F64: 0.0065166495 | G64: 9177 | H64: -4505.0547 | I64: -0.49090713
A65: X117 | B65: Hudson | C65: {=IF(INDIRECT("'" & $A65 & "'!B5:J5")="", "", INDIRECT("'" & $A65 & "'!B5:J5"))} -> 3429.2 | D65: 6689.229 | E65: -3260.029 | F65: -0.48735497 | G65: 16899.22 | H65: -13470.02 | I65: -0.79707939
A66: X125 | B66: Hudson | C66: {=IF(INDIRECT("'" & $A66 & "'!B5:J5")="", "", INDIRECT("'" & $A66 & "'!B5:J5"))} -> 7318.9688 | D66: 11623.7 | E66: -4304.7313 | F66: -0.37034088 | G66: 10537.29 | H66: -3218.3213 | I66: -0.3054221
A67: X134 | B67: Hudson | C67: {=IF(INDIRECT("'" & $A67 & "'!B5:J5")="", "", INDIRECT("'" & $A67 & "'!B5:J5"))} -> 6696.25 | D67: 0 | E67: 6696.25 | F67: 0 | G67: 0 | H67: 6696.25 | I67: 0
A68: X135 | B68: Hudson | C68: {=IF(INDIRECT("'" & $A68 & "'!B5:J5")="", "", INDIRECT("'" & $A68 & "'!B5:J5"))} -> 5327.8438 | D68: 0 | E68: 5327.8438 | F68: 0 | G68: 0 | H68: 5327.8438 | I68: 0
A69: X139 JHS 222 | B69: Hudson | C69: {=IF(INDIRECT("'" & $A69 & "'!B5:J5")="", "", INDIRECT("'" & $A69 & "'!B5:J5"))} -> 8332.7037 | D69: 11815.57 | E69: -3482.8663 | F69: -0.29476922 | G69: 22550 | H69: -14217.296 | I69: -0.63047877
A70: X140 | B70: Hudson | C70: {=IF(INDIRECT("'" & $A70 & "'!B5:J5")="", "", INDIRECT("'" & $A70 & "'!B5:J5"))} -> 3985 | D70: 5753 | E70: -1768 | F70: -0.30731792 | G70: 9034 | H70: -5049 | I70: -0.55888864
A71: X166 | B71: Hudson | C71: {=IF(INDIRECT("'" & $A71 & "'!B5:J5")="", "", INDIRECT("'" & $A71 & "'!B5:J5"))} -> 5046.4 | D71: 7824.426 | E71: -2778.026 | F71: -0.35504534 | G71: 0 | H71: 5046.4 | I71: 0
A72: Murphy | B72: MN Community Solar | C72: {=IF(INDIRECT("'" & $A72 & "'!B5:J5")="", "", INDIRECT("'" & $A72 & "'!B5:J5"))} -> 286090 | D72: 414785.1 | E72: -128695.1 | F72: -0.31026934 | G72: 533246.5 | H72: -247156.5 | I72: -0.4634939 | J72: 1.Inverter 3 was offline on 01/04 and back online on 01/05 2. Inverter 3 was offline on 01/09 and back online on 01/11. 3. Inverter 3 is offline on 01/14 and started on 01/15 at 10:30 | K72: 1.SR079935 2.SR080108 3.SR080204
A73: Terning | B73: MN Community Solar | C73: {=IF(INDIRECT("'" & $A73 & "'!B5:J5")="", "", INDIRECT("'" & $A73 & "'!B5:J5"))} -> 283485 | D73: 410301.4 | E73: -126816.4 | F73: -0.30908108 | G73: 483171.2 | H73: -199686.2 | I73: -0.4132825
A74: Boas Road 04 | B74: NYCS I | C74: {=IF(INDIRECT("'" & $A74 & "'!B5:J5")="", "", INDIRECT("'" & $A74 & "'!B5:J5"))} -> 33560 | D74: 0 | E74: 33560 | F74: 0 | G74: 220064.68 | H74: -186504.68 | I74: -0.84749938
A75: Kelly Bridge Farm | B75: NYCS I | C75: {=IF(INDIRECT("'" & $A75 & "'!B5:J5")="", "", INDIRECT("'" & $A75 & "'!B5:J5"))} -> 39040 | D75: 0 | E75: 39040 | F75: 0 | G75: 209445.59 | H75: -170405.59 | I75: -0.81360314 | J75: 1.Site is offline from 2:20pm and back online at 4:00pm on 01/14 2.Inverter 15 tripped offline on 01/15 at 13:15 and back online 01/17 | K75: 1. SR080213 2. SR080245
A76: Pool Brook Road | B76: NYCS I | C76: {=IF(INDIRECT("'" & $A76 & "'!B5:J5")="", "", INDIRECT("'" & $A76 & "'!B5:J5"))} -> 35247 | D76: 0 | E76: 35247 | F76: 0 | G76: 194874.12 | H76: -159627.12 | I76: -0.81912939
A77: Sackett Lake | B77: NYCS I | C77: {=IF(INDIRECT("'" & $A77 & "'!B5:J5")="", "", INDIRECT("'" & $A77 & "'!B5:J5"))} -> 43312 | D77: 0 | E77: 43312 | F77: 0 | G77: 223309.11 | H77: -179997.11 | I77: -0.80604463 | J77: 1. Inverter 1 is offline on 01/18 at 9:45 AM and had multiple tripping on 01/19 2. inverter 1 is tripped offline on 01/30 and back online from afternoon. | K77: 1. SR080313 2. SR080606
A78: Burritt Road | B78: NYCS II | C78: {=IF(INDIRECT("'" & $A78 & "'!B5:J5")="", "", INDIRECT("'" & $A78 & "'!B5:J5"))} -> 72810 | D78: 97923.36 | E78: -25113.36 | F78: -0.25645934 | G78: 111632.62 | H78: -38822.62 | I78: -0.34777129
A79: Villa Roma 1 | B79: NYCS II | C79: {=IF(INDIRECT("'" & $A79 & "'!B5:J5")="", "", INDIRECT("'" & $A79 & "'!B5:J5"))} -> 8879 | D79: 74159.11 | E79: -65280.11 | F79: -0.88027095 | G79: 118883.5 | H79: -110004.5 | I79: -0.92531344 | J79: 1. Site was de-energized for meter work on 01/03 at 09:50 till 12:15 and again on 01/23 at 10:15 to 12:45. | K79: 1. SR079733
A80: Villa Roma 2 | B80: NYCS II | C80: {=IF(INDIRECT("'" & $A80 & "'!B5:J5")="", "", INDIRECT("'" & $A80 & "'!B5:J5"))} -> 67057 | D80: 110773.82 | E80: -43716.82 | F80: -0.39464939 | G80: 115878.35 | H80: -48821.35 | I80: -0.42131554 | J80: 1. Meter removed for repair work, here the presented energy was inverter cummulative energy. 2. Inverter 1 tripped offline on 01/19 and self resolved next day | K80: 1.SR079721 2. SR080323
A81: Washington 1 | B81: NYCS II | C81: {=IF(INDIRECT("'" & $A81 & "'!B5:J5")="", "", INDIRECT("'" & $A81 & "'!B5:J5"))} -> 55740 | D81: 109395.46 | E81: -53655.46 | F81: -0.49047246 | G81: 107420.17 | H81: -51680.17 | I81: -0.48110304 | J81: 1. Inverter 2 is offline from 12/28/2023 to 01/09 till 10:20 AM. | K81: 1.SR079785
A82: Washington 3 | B82: NYCS II | C82: {=IF(INDIRECT("'" & $A82 & "'!B5:J5")="", "", INDIRECT("'" & $A82 & "'!B5:J5"))} -> 48791 | D82: 117227.81 | E82: -68436.81 | F82: -0.5837933 | G82: 130931.08 | H82: -82140.08 | I82: -0.62735357 | J82: 1.Inverter 2 is started late on 01/01 at 13:45 2.Inverter 1 started late at 12:50, but inverter 2 is offline on 01/15 and back online on 01/18. 3.Inverter 1 tripped offline on 01/17 and back online at 14:05 and on 01/18 4. Inverter 1 tripped offline on 11:55 on 01/21 and back online on 01/22 at 11:45. | K82: 1.SR079852 2.SR080228 3.SR080288 4.SR080372
A83: Washington 4 | B83: NYCS II | C83: {=IF(INDIRECT("'" & $A83 & "'!B5:J5")="", "", INDIRECT("'" & $A83 & "'!B5:J5"))} -> 81604 | D83: 0 | E83: 81604 | F83: 0 | G83: 131400.47 | H83: -49796.47 | I83: -0.37896721 | J83: 1.Inverter 2 tripped offline at 12:10 on 01/22 and back online 01/23 | K83: 1.SR080393
A84: Big Tree | B84: NYCS III | C84: {=IF(INDIRECT("'" & $A84 & "'!B5:J5")="", "", INDIRECT("'" & $A84 & "'!B5:J5"))} -> 32655 | D84: 0 | E84: 32655 | F84: 0 | G84: 107924 | H84: -75269 | I84: -0.69742597
A85: Canoga | B85: NYCS III | C85: {=IF(INDIRECT("'" & $A85 & "'!B5:J5")="", "", INDIRECT("'" & $A85 & "'!B5:J5"))} -> 219933 | D85: 0 | E85: 219933 | F85: 0 | G85: 305951 | H85: -86018 | I85: -0.2811496 | J85: 1. Inverter 3 is tripped offline at 13:30 and 15:10 on 01/17 2.Inverter 4 has tripped offline at 14:00 to 15:40 on 01/18 3.Inverter 3 tripped offline at 13:15 on 01/21 and back online the next day. | K85: 1.SR080300 2.SR080324 3.SR080374
A86: County Route 84 | B86: NYCS III | C86: {=IF(INDIRECT("'" & $A86 & "'!B5:J5")="", "", INDIRECT("'" & $A86 & "'!B5:J5"))} -> 240973 | D86: 0 | E86: 240973 | F86: 0 | G86: 377147 | H86: -136174 | I86: -0.36106346 | J86: 1.Inverter 1 tripped offline at 10:25 and back online at 15:35 on 01/13 and started late production at 12:45 on 01/17 and at 12:30 on 01/18 and back online on 01/19 at 15:40. 2. Inverter 2 tripped offline at 11:50 on 01/18 and back online on 01/19 at 15:40. 3. Inverter 1 is started late 12:40 on 01/24 and tripped offline at 09:35 to 14:40 on 01/30 and started late production on 01/31. | K86: 1.SR080192 2.SR080319 3.SR080447
A87: Donati | B87: NYCS III | C87: {=IF(INDIRECT("'" & $A87 & "'!B5:J5")="", "", INDIRECT("'" & $A87 & "'!B5:J5"))} -> 82618 | D87: 0 | E87: 82618 | F87: 0 | G87: 120408 | H87: -37790 | I87: -0.31384958 | J87: 1.Site tripped offline at 8:35am and back online at 16:55 on 01/17. | K87: 1. SR080280
A88: Henrietta | B88: NYCS III | C88: {=IF(INDIRECT("'" & $A88 & "'!B5:J5")="", "", INDIRECT("'" & $A88 & "'!B5:J5"))} -> 149508 | D88: 0 | E88: 149508 | F88: 0 | G88: 231860 | H88: -82352 | I88: -0.35517985 | J88: 1.Inverter 4 started late production on 01/01 at 14:05. | K88: 1.SR079788
A89: NY 70 | B89: NYCS III | C89: {=IF(INDIRECT("'" & $A89 & "'!B5:J5")="", "", INDIRECT("'" & $A89 & "'!B5:J5"))} -> 202299 | D89: 0 | E89: 202299 | F89: 0 | G89: 360230 | H89: -157931 | I89: -0.43841712 | J89: 1. Site tripped offline on 01/03/2024 at 7:35 & back online on 01/04/2024 at 16:25. 2. Site tripped offline at 01/09/2024 at 18:20 & back online on 01/10/2024 at 23:40. | K89: 1. SR079887 2. SR080113
A90: Reid | B90: NYCS III | C90: {=IF(INDIRECT("'" & $A90 & "'!B5:J5")="", "", INDIRECT("'" & $A90 & "'!B5:J5"))} -> 161556.07 | D90: 184058 | E90: -22501.929 | F90: -0.12225456 | G90: 380016 | H90: -218459.93 | I90: -0.57487034
A91: Sangolqui | B91: NYCS III | C91: {=IF(INDIRECT("'" & $A91 & "'!B5:J5")="", "", INDIRECT("'" & $A91 & "'!B5:J5"))} -> 76404 | D91: 0 | E91: 76404 | F91: 0 | G91: 117423 | H91: -41019 | I91: -0.34932679 | J91: 1. Site tripped at 08:35 am on 01/17/2024 & back online 01/18/2024 at 8:00. | K91: 1. SR080284
A92: State Highway 17B | B92: NYCS III | C92: {=IF(INDIRECT("'" & $A92 & "'!B5:J5")="", "", INDIRECT("'" & $A92 & "'!B5:J5"))} -> 175181 | D92: 0 | E92: 175181 | F92: 0 | G92: 323774 | H92: -148593 | I92: -0.4589405 | J92: 1. Site tripped offline on 01/13 at 11:00 & back online at 14:20. 2. Inverter 2 tripped offine on 01/14/2023 at 11:50 & back online at 02/04/2024. | K92: 1. SR080181 2. SR080203
A93: State Route 14A | B93: NYCS III | C93: {=IF(INDIRECT("'" & $A93 & "'!B5:J5")="", "", INDIRECT("'" & $A93 & "'!B5:J5"))} -> 251217 | D93: 0 | E93: 251217 | F93: 0 | G93: 347615 | H93: -96398 | I93: -0.27731254 | J93: 1. Site tripped offline on 01/9 at 20:50 and back onlineon 01/10 10:25 | K93: 1. SR080114
A94: West Creek | B94: NYCS III | C94: {=IF(INDIRECT("'" & $A94 & "'!B5:J5")="", "", INDIRECT("'" & $A94 & "'!B5:J5"))} -> 204956 | D94: 0 | E94: 204956 | F94: 0 | G94: 298444 | H94: -93488 | I94: -0.3132514 | J94: 1. Site tripped offline on 01/20/2024 & back online at 01/23/2024 at 12:40 | K94: 1. SR080356
A95: Wildflower | B95: NYCS III | C95: {=IF(INDIRECT("'" & $A95 & "'!B5:J5")="", "", INDIRECT("'" & $A95 & "'!B5:J5"))} -> 222902 | D95: 0 | E95: 222902 | F95: 0 | G95: 406945 | H95: -184043 | I95: -0.45225522 | J95: 1. Inverter 3 tripped offline on 01/09/2023 at 11:00 & back online at 01/11/2024 at 11:00 & again offline on 01/12/2023 & back online 13:00. | K95: 1. SR080091.
A96: Glen Mary 1 | B96: NYCS IV | C96: {=IF(INDIRECT("'" & $A96 & "'!B5:J5")="", "", INDIRECT("'" & $A96 & "'!B5:J5"))} -> 90965 | D96: 0 | E96: 90965 | F96: 0 | G96: 0 | H96: 90965 | I96: 0
A97: Glen Mary 2 | B97: NYCS IV | C97: {=IF(INDIRECT("'" & $A97 & "'!B5:J5")="", "", INDIRECT("'" & $A97 & "'!B5:J5"))} -> 39864 | D97: 0 | E97: 39864 | F97: 0 | G97: 159217 | H97: -119353 | I97: -0.74962473
A98: Telegraph 1 | B98: NYCS IV | C98: {=IF(INDIRECT("'" & $A98 & "'!B5:J5")="", "", INDIRECT("'" & $A98 & "'!B5:J5"))} -> 54564 | D98: 0 | E98: 54564 | F98: 0 | G98: 264699 | H98: -210135 | I98: -0.79386397 | J98: 1. Site tripped offline on 01/04/2023 at 14:45 & back online at EOD 2. Site tripped offline on 01/03 and back online at 10:40 AM | K98: 1.SR079959 2. SR079882
A99: Telegraph 2 | B99: NYCS IV | C99: {=IF(INDIRECT("'" & $A99 & "'!B5:J5")="", "", INDIRECT("'" & $A99 & "'!B5:J5"))} -> 29393 | D99: 0 | E99: 29393 | F99: 0 | G99: 137325 | H99: -107932 | I99: -0.78596031 | J99: 1. Site tripped offline on 01/04/2023 at 14:45 & back online at EOD 2. Site tripped offline on 01/03 and back online at 10:40 AM | K99: 1. SR079960 2. SR079883
A100: Cafferty Hill | B100: NYCS V | C100: {=IF(INDIRECT("'" & $A100 & "'!B5:J5")="", "", INDIRECT("'" & $A100 & "'!B5:J5"))} -> 100252 | D100: 0 | E100: 100252 | F100: 0 | G100: 312360 | H100: -212108 | I100: -0.67904981
A101: Dunkleman | B101: NYCS V | C101: {=IF(INDIRECT("'" & $A101 & "'!B5:J5")="", "", INDIRECT("'" & $A101 & "'!B5:J5"))} -> 83950 | D101: 0 | E101: 83950 | F101: 0 | G101: 0 | H101: 83950 | I101: 0 | J101: 1. Site offline due to transformer tripping issue from 01/29 2. Site tripped offline on 01/09 at 15:00 and back online 01/12 at 16:00. 3. Inverter 1 tripped offline due to ground fault multiples in this month. | K101: 1. SR080591 2. SR080107 3. SR080268
A102: Route 19 1 | B102: NYCS V | C102: {=IF(INDIRECT("'" & $A102 & "'!B5:J5")="", "", INDIRECT("'" & $A102 & "'!B5:J5"))} -> 29341 | D102: 0 | E102: 29341 | F102: 0 | G102: 133344 | H102: -104003 | I102: -0.7799601 | J102: 1. Site tripped offline on 01/04/2023 at 14:45 & back online at EOD 2. Site tripped offline on 01/03 and back online at 10:40 AM | K102: 1. SR079957 2. SR079879
...

Sheet Feb
A1: {=portfolio} -> Generate Capital | C1: February Actual v. Expected | G1: February Actual v. Forecasted | J1: NOTES | K1: SR
A2: Site | B2: Portfolio | C2: Actual | D2: Expected | E2: Delta | F2: % | G2: Forecasted | H2: Delta | I2: %
A3: {=Sites[Site]} -> Farmer | B3: {=Sites[Portfolio]} -> Blue Renewables | C3: {=IF(INDIRECT("'" & $A3 & "'!B6:J6")="", "", INDIRECT("'" & $A3 & "'!B6:J6"))} | E3: 0 | F3: 0 | H3: 0 | I3: 0
A4: Fulton | B4: Blue Renewables | C4: {=IF(INDIRECT("'" & $A4 & "'!B6:J6")="", "", INDIRECT("'" & $A4 & "'!B6:J6"))} | E4: 0 | F4: 0 | H4: 0 | I4: 0
A5: JFK Elementary | B5: Blue Renewables | C5: {=IF(INDIRECT("'" & $A5 & "'!B6:J6")="", "", INDIRECT("'" & $A5 & "'!B6:J6"))} | E5: 0 | F5: 0 | H5: 0 | I5: 0
A6: Noble | B6: Blue Renewables | C6: {=IF(INDIRECT("'" & $A6 & "'!B6:J6")="", "", INDIRECT("'" & $A6 & "'!B6:J6"))} | E6: 0 | F6: 0 | H6: 0 | I6: 0
A7: Parking 3 | B7: Blue Renewables | C7: {=IF(INDIRECT("'" & $A7 & "'!B6:J6")="", "", INDIRECT("'" & $A7 & "'!B6:J6"))} | E7: 0 | F7: 0 | H7: 0 | I7: 0
A8: PE East | B8: Blue Renewables | C8: {=IF(INDIRECT("'" & $A8 & "'!B6:J6")="", "", INDIRECT("'" & $A8 & "'!B6:J6"))} | E8: 0 | F8: 0 | H8: 0 | I8: 0
A9: Schwada | B9: Blue Renewables | C9: {=IF(INDIRECT("'" & $A9 & "'!B6:J6")="", "", INDIRECT("'" & $A9 & "'!B6:J6"))} | E9: 0 | F9: 0 | H9: 0 | I9: 0
A10: Starshine | B10: Blue Renewables | C10: {=IF(INDIRECT("'" & $A10 & "'!B6:J6")="", "", INDIRECT("'" & $A10 & "'!B6:J6"))} | E10: 0 | F10: 0 | H10: 0 | I10: 0
A11: Yuma Airport | B11: Blue Renewables | C11: {=IF(INDIRECT("'" & $A11 & "'!B6:J6")="", "", INDIRECT("'" & $A11 & "'!B6:J6"))} | E11: 0 | F11: 0 | H11: 0 | I11: 0
A12: Kinsman | B12: Blue Renewables | C12: {=IF(INDIRECT("'" & $A12 & "'!B6:J6")="", "", INDIRECT("'" & $A12 & "'!B6:J6"))} | E12: 0 | F12: 0 | H12: 0 | I12: 0
A13: Wooster | B13: Blue Renewables | C13: {=IF(INDIRECT("'" & $A13 & "'!B6:J6")="", "", INDIRECT("'" & $A13 & "'!B6:J6"))} | E13: 0 | F13: 0 | H13: 0 | I13: 0
A14: Globe Gila CC | B14: CC Gen Equity | C14: {=IF(INDIRECT("'" & $A14 & "'!B6:J6")="", "", INDIRECT("'" & $A14 & "'!B6:J6"))} | E14: 0 | F14: 0 | H14: 0 | I14: 0
A15: Payson Gila CC | B15: CC Gen Equity | C15: {=IF(INDIRECT("'" & $A15 & "'!B6:J6")="", "", INDIRECT("'" & $A15 & "'!B6:J6"))} | E15: 0 | F15: 0 | H15: 0 | I15: 0
... A136: Spaulding HS | B136: Sunraise | C136: {=IF(INDIRECT("'" & $A136 & "'!B6:J6")="", "", INDIRECT("'" & $A136 & "'!B6:J6"))} | E136: 0 | F136: 0 | H136: 0 | I136: 0
A137: Total | C137: =SUM(C3:C61) -> 0 | D137: =SUM(D3:D61) -> 0 | E137: =C137-D137 -> 0 | F137: =IFERROR(E137/D137, 0) -> 0 | G137: =SUM(G3:G61) -> 0 | H137: =C137-G137 -> 0 | I137: =IFERROR(H137/G137, 0) -> 0
A139: Values in gold exceed expected or forecasted by 10% or more.
A141: Values in red are below expected or forecasted by 10% or more.

Sheet Mar
A1: {=portfolio} -> Generate Capital | C1: March Actual v. Expected | G1: March Actual v. Forecasted | J1: NOTES | K1: SR
A2: Site | B2: Portfolio | C2: Actual | D2: Expected | E2: Delta | F2: % | G2: Forecasted | H2: Delta | I2: %
A3: {=Sites[Site]} -> Farmer | B3: {=Sites[Portfolio]} -> Blue Renewables | C3: {=IF(INDIRECT("'" & $A3 & "'!B7:J7")="", "", INDIRECT("'" & $A3 & "'!B7:J7"))} | E3: 0 | F3: 0 | H3: 0 | I3: 0
A4: Fulton | B4: Blue Renewables | C4: {=IF(INDIRECT("'" & $A4 & "'!B7:J7")="", "", INDIRECT("'" & $A4 & "'!B7:J7"))} | E4: 0 | F4: 0 | H4: 0 | I4: 0
A5: JFK Elementary | B5: Blue Renewables | C5: {=IF(INDIRECT("'" & $A5 & "'!B7:J7")="", "", INDIRECT("'" & $A5 & "'!B7:J7"))} | E5: 0 | F5: 0 | H5: 0 | I5: 0
A6: Noble | B6: Blue Renewables | C6: {=IF(INDIRECT("'" & $A6 & "'!B7:J7")="", "", INDIRECT("'" & $A6 & "'!B7:J7"))} | E6: 0 | F6: 0 | H6: 0 | I6: 0
A7: Parking 3 | B7: Blue Renewables | C7: {=IF(INDIRECT("'" & $A7 & "'!B7:J7")="", "", INDIRECT("'" & $A7 & "'!B7:J7"))} | E7: 0 | F7: 0 | H7: 0 | I7: 0
A8: PE East | B8: Blue Renewables | C8: {=IF(INDIRECT("'" & $A8 & "'!B7:J7")="", "", INDIRECT("'" & $A8 & "'!B7:J7"))} | E8: 0 | F8: 0 | H8: 0 | I8: 0
A9: Schwada | B9: Blue Renewables | C9: {=IF(INDIRECT("'" & $A9 & "'!B7:J7")="", "", INDIRECT("'" & $A9 & "'!B7:J7"))} | E9: 0 | F9: 0 | H9: 0 | I9: 0
A10: Starshine | B10: Blue Renewables | C10: {=IF(INDIRECT("'" & $A10 & "'!B7:J7")="", "", INDIRECT("'" & $A10 & "'!B7:J7"))} | E10: 0 | F10: 0 | H10: 0 | I10: 0
A11: Yuma Airport | B11: Blue Renewables | C11: {=IF(INDIRECT("'" & $A11 & "'!B7:J7")="", "", INDIRECT("'" & $A11 & "'!B7:J7"))} | E11: 0 | F11: 0 | H11: 0 | I11: 0
A12: Kinsman | B12: Blue Renewables | C12: {=IF(INDIRECT("'" & $A12 & "'!B7:J7")="", "", INDIRECT("'" & $A12 & "'!B7:J7"))} | E12: 0 | F12: 0 | H12: 0 | I12: 0
A13: Wooster | B13: Blue Renewables | C13: {=IF(INDIRECT("'" & $A13 & "'!B7:J7")="", "", INDIRECT("'" & $A13 & "'!B7:J7"))} | E13: 0 | F13: 0 | H13: 0 | I13: 0
A14: Globe Gila CC | B14: CC Gen Equity | C14: {=IF(INDIRECT("'" & $A14 & "'!B7:J7")="", "", INDIRECT("'" & $A14 & "'!B7:J7"))} | E14: 0 | F14: 0 | H14: 0 | I14: 0
A15: Payson Gila CC | B15: CC Gen Equity | C15: {=IF(INDIRECT("'" & $A15 & "'!B7:J7")="", "", INDIRECT("'" & $A15 & "'!B7:J7"))} | E15: 0 | F15: 0 | H15: 0 | I15: 0
... A136: Spaulding HS | B136: Sunraise | C136: {=IF(INDIRECT("'" & $A136 & "'!B7:J7")="", "", INDIRECT("'" & $A136 & "'!B7:J7"))} | E136: 0 | F136: 0 | H136: 0 | I136: 0
A137: Total | C137: =SUM(C3:C61) -> 0 | D137: =SUM(D3:D61) -> 0 | E137: =C137-D137 -> 0 | F137: =IFERROR(E137/D137, 0) -> 0 | G137: =SUM(G3:G61) -> 0 | H137: =C137-G137 -> 0 | I137: =IFERROR(H137/G137, 0) -> 0
A139: Values in gold exceed expected or forecasted by 10% or more.
A141: Values in red are below expected or forecasted by 10% or more.

Sheet Apr
A1: {=portfolio} -> Generate Capital | C1: April Actual v. Expected | G1: April Actual v. Forecasted | J1: NOTES | K1: SR
A2: Site | B2: Portfolio | C2: Actual | D2: Expected | E2: Delta | F2: % | G2: Forecasted | H2: Delta | I2: %
A3: {=Sites[Site]} -> Farmer | B3: {=Sites[Portfolio]} -> Blue Renewables | C3: {=IF(INDIRECT("'" & $A3 & "'!B8:J8")="", "", INDIRECT("'" & $A3 & "'!B8:J8"))} | E3: 0 | F3: 0 | H3: 0 | I3: 0
A4: Fulton | B4: Blue Renewables | C4: {=IF(INDIRECT("'" & $A4 & "'!B8:J8")="", "", INDIRECT("'" & $A4 & "'!B8:J8"))} | E4: 0 | F4: 0 | H4: 0 | I4: 0
A5: JFK Elementary | B5: Blue Renewables | C5: {=IF(INDIRECT("'" & $A5 & "'!B8:J8")="", "", INDIRECT("'" & $A5 & "'!B8:J8"))} | E5: 0 | F5: 0 | H5: 0 | I5: 0
A6: Noble | B6: Blue Renewables | C6: {=IF(INDIRECT("'" & $A6 & "'!B8:J8")="", "", INDIRECT("'" & $A6 & "'!B8:J8"))} | E6: 0 | F6: 0 | H6: 0 | I6: 0
A7: Parking 3 | B7: Blue Renewables | C7: {=IF(INDIRECT("'" & $A7 & "'!B8:J8")="", "", INDIRECT("'" & $A7 & "'!B8:J8"))} | E7: 0 | F7: 0 | H7: 0 | I7: 0
A8: PE East | B8: Blue Renewables | C8: {=IF(INDIRECT("'" & $A8 & "'!B8:J8")="", "", INDIRECT("'" & $A8 & "'!B8:J8"))} | E8: 0 | F8: 0 | H8: 0 | I8: 0
A9: Schwada | B9: Blue Renewables | C9: {=IF(INDIRECT("'" & $A9 & "'!B8:J8")="", "", INDIRECT("'" & $A9 & "'!B8:J8"))} | E9: 0 | F9: 0 | H9: 0 | I9: 0
A10: Starshine | B10: Blue Renewables | C10: {=IF(INDIRECT("'" & $A10 & "'!B8:J8")="", "", INDIRECT("'" & $A10 & "'!B8:J8"))} | E10: 0 | F10: 0 | H10: 0 | I10: 0
A11: Yuma Airport | B11: Blue Renewables | C11: {=IF(INDIRECT("'" & $A11 & "'!B8:J8")="", "", INDIRECT("'" & $A11 & "'!B8:J8"))} | E11: 0 | F11: 0 | H11: 0 | I11: 0
A12: Kinsman | B12: Blue Renewables | C12: {=IF(INDIRECT("'" & $A12 & "'!B8:J8")="", "", INDIRECT("'" & $A12 & "'!B8:J8"))} | E12: 0 | F12: 0 | H12: 0 | I12: 0
A13: Wooster | B13: Blue Renewables | C13: {=IF(INDIRECT("'" & $A13 & "'!B8:J8")="", "", INDIRECT("'" & $A13 & "'!B8:J8"))} | E13: 0 | F13: 0 | H13: 0 | I13: 0
A14: Globe Gila CC | B14: CC Gen Equity | C14: {=IF(INDIRECT("'" & $A14 & "'!B8:J8")="", "", INDIRECT("'" & $A14 & "'!B8:J8"))} | E14: 0 | F14: 0 | H14: 0 | I14: 0
A15: Payson Gila CC | B15: CC Gen Equity | C15: {=IF(INDIRECT("'" & $A15 & "'!B8:J8")="", "", INDIRECT("'" & $A15 & "'!B8:J8"))} | E15: 0 | F15: 0 | H15: 0 | I15: 0
... A136: Spaulding HS | B136: Sunraise | C136: {=IF(INDIRECT("'" & $A136 & "'!B8:J8")="", "", INDIRECT("'" & $A136 & "'!B8:J8"))} | E136: 0 | F136: 0 | H136: 0 | I136: 0
A137: Total | C137: =SUM(C3:C61) -> 0 | D137: =SUM(D3:D61) -> 0 | E137: =C137-D137 -> 0 | F137: =IFERROR(E137/D137, 0) -> 0 | G137: =SUM(G3:G61) -> 0 | H137: =C137-G137 -> 0 | I137: =IFERROR(H137/G137, 0) -> 0
A139: Values in gold exceed expected or forecasted by 10% or more.
A141: Values in red are below expected or forecasted by 10% or more.

Sheet May
A1: {=portfolio} -> Generate Capital | C1: May Actual v. Expected | G1: May Actual v. Forecasted | J1: NOTES | K1: SR
A2: Site | B2: Portfolio | C2: Actual | D2: Expected | E2: Delta | F2: % | G2: Forecasted | H2: Delta | I2: %
A3: {=Sites[Site]} -> Farmer | B3: {=Sites[Portfolio]} -> Blue Renewables | C3: {=IF(INDIRECT("'" & $A3 & "'!B9:J9")="", "", INDIRECT("'" & $A3 & "'!B9:J9"))} | E3: 0 | F3: 0 | H3: 0 | I3: 0
A4: Fulton | B4: Blue Renewables | C4: {=IF(INDIRECT("'" & $A4 & "'!B9:J9")="", "", INDIRECT("'" & $A4 & "'!B9:J9"))} | E4: 0 | F4: 0 | H4: 0 | I4: 0
A5: JFK Elementary | B5: Blue Renewables | C5: {=IF(INDIRECT("'" & $A5 & "'!B9:J9")="", "", INDIRECT("'" & $A5 & "'!B9:J9"))} | E5: 0 | F5: 0 | H5: 0 | I5: 0
A6: Noble | B6: Blue Renewables | C6: {=IF(INDIRECT("'" & $A6 & "'!B9:J9")="", "", INDIRECT("'" & $A6 & "'!B9:J9"))} | E6: 0 | F6: 0 | H6: 0 | I6: 0
A7: Parking 3 | B7: Blue Renewables | C7: {=IF(INDIRECT("'" & $A7 & "'!B9:J9")="", "", INDIRECT("'" & $A7 & "'!B9:J9"))} | E7: 0 | F7: 0 | H7: 0 | I7: 0
A8: PE East | B8: Blue Renewables | C8: {=IF(INDIRECT("'" & $A8 & "'!B9:J9")="", "", INDIRECT("'" & $A8 & "'!B9:J9"))} | E8: 0 | F8: 0 | H8: 0 | I8: 0
A9: Schwada | B9: Blue Renewables | C9: {=IF(INDIRECT("'" & $A9 & "'!B9:J9")="", "", INDIRECT("'" & $A9 & "'!B9:J9"))} | E9: 0 | F9: 0 | H9: 0 | I9: 0
A10: Starshine | B10: Blue Renewables | C10: {=IF(INDIRECT("'" & $A10 & "'!B9:J9")="", "", INDIRECT("'" & $A10 & "'!B9:J9"))} | E10: 0 | F10: 0 | H10: 0 | I10: 0
A11: Yuma Airport | B11: Blue Renewables | C11: {=IF(INDIRECT("'" & $A11 & "'!B9:J9")="", "", INDIRECT("'" & $A11 & "'!B9:J9"))} | E11: 0 | F11: 0 | H11: 0 | I11: 0
A12: Kinsman | B12: Blue Renewables | C12: {=IF(INDIRECT("'" & $A12 & "'!B9:J9")="", "", INDIRECT("'" & $A12 & "'!B9:J9"))} | E12: 0 | F12: 0 | H12: 0 | I12: 0
A13: Wooster | B13: Blue Renewables | C13: {=IF(INDIRECT("'" & $A13 & "'!B9:J9")="", "", INDIRECT("'" & $A13 & "'!B9:J9"))} | E13: 0 | F13: 0 | H13: 0 | I13: 0
A14: Globe Gila CC | B14: CC Gen Equity | C14: {=IF(INDIRECT("'" & $A14 & "'!B9:J9")="", "", INDIRECT("'" & $A14 & "'!B9:J9"))} | E14: 0 | F14: 0 | H14: 0 | I14: 0
A15: Payson Gila CC | B15: CC Gen Equity | C15: {=IF(INDIRECT("'" & $A15 & "'!B9:J9")="", "", INDIRECT("'" & $A15 & "'!B9:J9"))} | E15: 0 | F15: 0 | H15: 0 | I15: 0
... A136: Spaulding HS | B136: Sunraise | C136: {=IF(INDIRECT("'" & $A136 & "'!B9:J9")="", "", INDIRECT("'" & $A136 & "'!B9:J9"))} | E136: 0 | F136: 0 | H136: 0 | I136: 0
A137: Total | C137: =SUM(C3:C61) -> 0 | D137: =SUM(D3:D61) -> 0 | E137: =C137-D137 -> 0 | F137: =IFERROR(E137/D137, 0) -> 0 | G137: =SUM(G3:G61) -> 0 | H137: =C137-G137 -> 0 | I137: =IFERROR(H137/G137, 0) -> 0
A139: Values in gold exceed expected or forecasted by 10% or more.
A141: Values in red are below expected or forecasted by 10% or more.

Sheet Jun
A1: {=portfolio} -> Generate Capital | C1: June Actual v. Expected | G1: June Actual v. Forecasted | J1: NOTES | K1: SR
A2: Site | B2: Portfolio | C2: Actual | D2: Expected | E2: Delta | F2: % | G2: Forecasted | H2: Delta | I2: %
A3: {=Sites[Site]} -> Farmer | B3: {=Sites[Portfolio]} -> Blue Renewables | C3: {=IF(INDIRECT("'" & $A3 & "'!B10:J10")="", "", INDIRECT("'" & $A3 & "'!B10:J10"))} | E3: 0 | F3: 0 | H3: 0 | I3: 0
A4: Fulton | B4: Blue Renewables | C4: {=IF(INDIRECT("'" & $A4 & "'!B10:J10")="", "", INDIRECT("'" & $A4 & "'!B10:J10"))} | E4: 0 | F4: 0 | H4: 0 | I4: 0
A5: JFK Elementary | B5: Blue Renewables | C5: {=IF(INDIRECT("'" & $A5 & "'!B10:J10")="", "", INDIRECT("'" & $A5 & "'!B10:J10"))} | E5: 0 | F5: 0 | H5: 0 | I5: 0
A6: Noble | B6: Blue Renewables | C6: {=IF(INDIRECT("'" & $A6 & "'!B10:J10")="", "", INDIRECT("'" & $A6 & "'!B10:J10"))} | E6: 0 | F6: 0 | H6: 0 | I6: 0
A7: Parking 3 | B7: Blue Renewables | C7: {=IF(INDIRECT("'" & $A7 & "'!B10:J10")="", "", INDIRECT("'" & $A7 & "'!B10:J10"))} | E7: 0 | F7: 0 | H7: 0 | I7: 0
A8: PE East | B8: Blue Renewables | C8: {=IF(INDIRECT("'" & $A8 & "'!B10:J10")="", "", INDIRECT("'" & $A8 & "'!B10:J10"))} | E8: 0 | F8: 0 | H8: 0 | I8: 0
A9: Schwada | B9: Blue Renewables | C9: {=IF(INDIRECT("'" & $A9 & "'!B10:J10")="", "", INDIRECT("'" & $A9 & "'!B10:J10"))} | E9: 0 | F9: 0 | H9: 0 | I9: 0
A10: Starshine | B10: Blue Renewables | C10: {=IF(INDIRECT("'" & $A10 & "'!B10:J10")="", "", INDIRECT("'" & $A10 & "'!B10:J10"))} | E10: 0 | F10: 0 | H10: 0 | I10: 0
A11: Yuma Airport | B11: Blue Renewables | C11: {=IF(INDIRECT("'" & $A11 & "'!B10:J10")="", "", INDIRECT("'" & $A11 & "'!B10:J10"))} | E11: 0 | F11: 0 | H11: 0 | I11: 0
A12: Kinsman | B12: Blue Renewables | C12: {=IF(INDIRECT("'" & $A12 & "'!B10:J10")="", "", INDIRECT("'" & $A12 & "'!B10:J10"))} | E12: 0 | F12: 0 | H12: 0 | I12: 0
A13: Wooster | B13: Blue Renewables | C13: {=IF(INDIRECT("'" & $A13 & "'!B10:J10")="", "", INDIRECT("'" & $A13 & "'!B10:J10"))} | E13: 0 | F13: 0 | H13: 0 | I13: 0
A14: Globe Gila CC | B14: CC Gen Equity | C14: {=IF(INDIRECT("'" & $A14 & "'!B10:J10")="", "", INDIRECT("'" & $A14 & "'!B10:J10"))} | E14: 0 | F14: 0 | H14: 0 | I14: 0
A15: Payson Gila CC | B15: CC Gen Equity | C15: {=IF(INDIRECT("'" & $A15 & "'!B10:J10")="", "", INDIRECT("'" & $A15 & "'!B10:J10"))} | E15: 0 | F15: 0 | H15: 0 | I15: 0
... A64: X090 | B64: Hudson | C64: {=IF(INDIRECT("'" & $A64 & "'!B10:J10")="", "", INDIRECT("'" & $A64 & "'!B10:J10"))} | E64: 0 | F64: 0 | H64: 0 | I64: 0
A65: X117 | B65: Hudson | C65: {=IF(INDIRECT("'" & $A65 & "'!B10:J10")="", "", INDIRECT("'" & $A65 & "'!B10:J10"))} | F65: 0 | H65: 0 | I65: 0
A66: X125 | B66: Hudson | C66: {=IF(INDIRECT("'" & $A66 & "'!B10:J10")="", "", INDIRECT("'" & $A66 & "'!B10:J10"))} | E66: 0 | F66: 0 | H66: 0 | I66: 0
A67: X134 | B67: Hudson | C67: {=IF(INDIRECT("'" & $A67 & "'!B10:J10")="", "", INDIRECT("'" & $A67 & "'!B10:J10"))} | E67: 0 | F67: 0 | H67: 0 | I67: 0
A68: X135 | B68: Hudson | C68: {=IF(INDIRECT("'" & $A68 & "'!B10:J10")="", "", INDIRECT("'" & $A68 & "'!B10:J10"))} | E68: 0 | F68: 0 | H68: 0 | I68: 0
A69: X139 JHS 222 | B69: Hudson | C69: {=IF(INDIRECT("'" & $A69 & "'!B10:J10")="", "", INDIRECT("'" & $A69 & "'!B10:J10"))} | E69: 0 | F69: 0 | H69: 0 | I69: 0
A70: X140 | B70: Hudson | C70: {=IF(INDIRECT("'" & $A70 & "'!B10:J10")="", "", INDIRECT("'" & $A70 & "'!B10:J10"))} | E70: 0 | F70: 0 | H70: 0 | I70: 0
A71: X166 | B71: Hudson | C71: {=IF(INDIRECT("'" & $A71 & "'!B10:J10")="", "", INDIRECT("'" & $A71 & "'!B10:J10"))} | E71: 0 | F71: 0 | H71: 0 | I71: 0
A72: Murphy | B72: MN Community Solar | C72: {=IF(INDIRECT("'" & $A72 & "'!B10:J10")="", "", INDIRECT("'" & $A72 & "'!B10:J10"))} | E72: 0 | F72: 0 | H72: 0 | I72: 0
A73: Terning | B73: MN Community Solar | C73: {=IF(INDIRECT("'" & $A73 & "'!B10:J10")="", "", INDIRECT("'" & $A73 & "'!B10:J10"))} | E73: 0 | F73: 0 | H73: 0 | I73: 0
A74: Boas Road 04 | B74: NYCS I | C74: {=IF(INDIRECT("'" & $A74 & "'!B10:J10")="", "", INDIRECT("'" & $A74 & "'!B10:J10"))} | E74: 0 | F74: 0 | H74: 0 | I74: 0
A75: Kelly Bridge Farm | B75: NYCS I | C75: {=IF(INDIRECT("'" & $A75 & "'!B10:J10")="", "", INDIRECT("'" & $A75 & "'!B10:J10"))} | E75: 0 | F75: 0 | H75: 0 | I75: 0
A76: Pool Brook Road | B76: NYCS I | C76: {=IF(INDIRECT("'" & $A76 & "'!B10:J10")="", "", INDIRECT("'" & $A76 & "'!B10:J10"))} | E76: 0 | F76: 0 | H76: 0 | I76: 0
A77: Sackett Lake | B77: NYCS I | C77: {=IF(INDIRECT("'" & $A77 & "'!B10:J10")="", "", INDIRECT("'" & $A77 & "'!B10:J10"))} | E77: 0 | F77: 0 | H77: 0 | I77: 0
... A136: Spaulding HS | B136: Sunraise | C136: {=IF(INDIRECT("'" & $A136 & "'!B10:J10")="", "", INDIRECT("'" & $A136 & "'!B10:J10"))} | E136: 0 | F136: 0 | H136: 0 | I136: 0
A137: Total | C137: =SUM(C3:C61) -> 0 | D137: =SUM(D3:D61) -> 0 | E137: =C137-D137 -> 0 | F137: =IFERROR(E137/D137, 0) -> 0 | G137: =SUM(G3:G61) -> 0 | H137: =C137-G137 -> 0 | I137: =IFERROR(H137/G137, 0) -> 0
A139: Values in gold exceed expected or forecasted by 10% or more.
A141: Values in red are below expected or forecasted by 10% or more.

Sheet Jul
A1: {=portfolio} -> Generate Capital | C1: July Actual v. Expected | G1: July Actual v. Forecasted | J1: NOTES | K1: SR
A2: Site | B2: Portfolio | C2: Actual | D2: Expected | E2: Delta | F2: % | G2: Forecasted | H2: Delta | I2: %
A3: {=Sites[Site]} -> Farmer | B3: {=Sites[Portfolio]} -> Blue Renewables | C3: {=IF(INDIRECT("'" & $A3 & "'!B11:J11")="", "", INDIRECT("'" & $A3 & "'!B11:J11"))} | E3: 0 | F3: 0 | H3: 0 | I3: 0
A4: Fulton | B4: Blue Renewables | C4: {=IF(INDIRECT("'" & $A4 & "'!B11:J11")="", "", INDIRECT("'" & $A4 & "'!B11:J11"))} | E4: 0 | F4: 0 | H4: 0 | I4: 0
A5: JFK Elementary | B5: Blue Renewables | C5: {=IF(INDIRECT("'" & $A5 & "'!B11:J11")="", "", INDIRECT("'" & $A5 & "'!B11:J11"))} | E5: 0 | F5: 0 | H5: 0 | I5: 0
A6: Noble | B6: Blue Renewables | C6: {=IF(INDIRECT("'" & $A6 & "'!B11:J11")="", "", INDIRECT("'" & $A6 & "'!B11:J11"))} | E6: 0 | F6: 0 | H6: 0 | I6: 0
A7: Parking 3 | B7: Blue Renewables | C7: {=IF(INDIRECT("'" & $A7 & "'!B11:J11")="", "", INDIRECT("'" & $A7 & "'!B11:J11"))} | E7: 0 | F7: 0 | H7: 0 | I7: 0
A8: PE East | B8: Blue Renewables | C8: {=IF(INDIRECT("'" & $A8 & "'!B11:J11")="", "", INDIRECT("'" & $A8 & "'!B11:J11"))} | E8: 0 | F8: 0 | H8: 0 | I8: 0
A9: Schwada | B9: Blue Renewables | C9: {=IF(INDIRECT("'" & $A9 & "'!B11:J11")="", "", INDIRECT("'" & $A9 & "'!B11:J11"))} | E9: 0 | F9: 0 | H9: 0 | I9: 0
A10: Starshine | B10: Blue Renewables | C10: {=IF(INDIRECT("'" & $A10 & "'!B11:J11")="", "", INDIRECT("'" & $A10 & "'!B11:J11"))} | E10: 0 | F10: 0 | H10: 0 | I10: 0
A11: Yuma Airport | B11: Blue Renewables | C11: {=IF(INDIRECT("'" & $A11 & "'!B11:J11")="", "", INDIRECT("'" & $A11 & "'!B11:J11"))} | E11: 0 | F11: 0 | H11: 0 | I11: 0
A12: Kinsman | B12: Blue Renewables | C12: {=IF(INDIRECT("'" & $A12 & "'!B11:J11")="", "", INDIRECT("'" & $A12 & "'!B11:J11"))} | E12: 0 | F12: 0 | H12: 0 | I12: 0
A13: Wooster | B13: Blue Renewables | C13: {=IF(INDIRECT("'" & $A13 & "'!B11:J11")="", "", INDIRECT("'" & $A13 & "'!B11:J11"))} | E13: 0 | F13: 0 | H13: 0 | I13: 0
A14: Globe Gila CC | B14: CC Gen Equity | C14: {=IF(INDIRECT("'" & $A14 & "'!B11:J11")="", "", INDIRECT("'" & $A14 & "'!B11:J11"))} | E14: 0 | F14: 0 | H14: 0 | I14: 0
A15: Payson Gila CC | B15: CC Gen Equity | C15: {=IF(INDIRECT("'" & $A15 & "'!B11:J11")="", "", INDIRECT("'" & $A15 & "'!B11:J11"))} | E15: 0 | F15: 0 | H15: 0 | I15: 0
... A64: X090 | B64: Hudson | C64: {=IF(INDIRECT("'" & $A64 & "'!B11:J11")="", "", INDIRECT("'" & $A64 & "'!B11:J11"))} | E64: 0 | F64: 0 | H64: 0 | I64: 0
A65: X117 | B65: Hudson | C65: {=IF(INDIRECT("'" & $A65 & "'!B11:J11")="", "", INDIRECT("'" & $A65 & "'!B11:J11"))} | F65: 0 | H65: 0 | I65: 0
A66: X125 | B66: Hudson | C66: {=IF(INDIRECT("'" & $A66 & "'!B11:J11")="", "", INDIRECT("'" & $A66 & "'!B11:J11"))} | E66: 0 | F66: 0 | H66: 0 | I66: 0
A67: X134 | B67: Hudson | C67: {=IF(INDIRECT("'" & $A67 & "'!B11:J11")="", "", INDIRECT("'" & $A67 & "'!B11:J11"))} | E67: 0 | F67: 0 | H67: 0 | I67: 0
A68: X135 | B68: Hudson | C68: {=IF(INDIRECT("'" & $A68 & "'!B11:J11")="", "", INDIRECT("'" & $A68 & "'!B11:J11"))} | E68: 0 | F68: 0 | H68: 0 | I68: 0
A69: X139 JHS 222 | B69: Hudson | C69: {=IF(INDIRECT("'" & $A69 & "'!B11:J11")="", "", INDIRECT("'" & $A69 & "'!B11:J11"))} | E69: 0 | F69: 0 | H69: 0 | I69: 0
A70: X140 | B70: Hudson | C70: {=IF(INDIRECT("'" & $A70 & "'!B11:J11")="", "", INDIRECT("'" & $A70 & "'!B11:J11"))} | E70: 0 | F70: 0 | H70: 0 | I70: 0
A71: X166 | B71: Hudson | C71: {=IF(INDIRECT("'" & $A71 & "'!B11:J11")="", "", INDIRECT("'" & $A71 & "'!B11:J11"))} | E71: 0 | F71: 0 | H71: 0 | I71: 0
A72: Murphy | B72: MN Community Solar | C72: {=IF(INDIRECT("'" & $A72 & "'!B11:J11")="", "", INDIRECT("'" & $A72 & "'!B11:J11"))} | E72: 0 | F72: 0 | H72: 0 | I72: 0
A73: Terning | B73: MN Community Solar | C73: {=IF(INDIRECT("'" & $A73 & "'!B11:J11")="", "", INDIRECT("'" & $A73 & "'!B11:J11"))} | E73: 0 | F73: 0 | H73: 0 | I73: 0
A74: Boas Road 04 | B74: NYCS I | C74: {=IF(INDIRECT("'" & $A74 & "'!B11:J11")="", "", INDIRECT("'" & $A74 & "'!B11:J11"))} | E74: 0 | F74: 0 | H74: 0 | I74: 0
A75: Kelly Bridge Farm | B75: NYCS I | C75: {=IF(INDIRECT("'" & $A75 & "'!B11:J11")="", "", INDIRECT("'" & $A75 & "'!B11:J11"))} | E75: 0 | F75: 0 | H75: 0 | I75: 0
A76: Pool Brook Road | B76: NYCS I | C76: {=IF(INDIRECT("'" & $A76 & "'!B11:J11")="", "", INDIRECT("'" & $A76 & "'!B11:J11"))} | E76: 0 | F76: 0 | H76: 0 | I76: 0
A77: Sackett Lake | B77: NYCS I | C77: {=IF(INDIRECT("'" & $A77 & "'!B11:J11")="", "", INDIRECT("'" & $A77 & "'!B11:J11"))} | E77: 0 | F77: 0 | H77: 0 | I77: 0
... A136: Spaulding HS | B136: Sunraise | C136: {=IF(INDIRECT("'" & $A136 & "'!B11:J11")="", "", INDIRECT("'" & $A136 & "'!B11:J11"))} | E136: 0 | F136: 0 | H136: 0 | I136: 0
A137: Total | C137: =SUM(C3:C61) -> 0 | D137: =SUM(D3:D61) -> 0 | E137: =C137-D137 -> 0 | F137: =IFERROR(E137/D137, 0) -> 0 | G137: =SUM(G3:G61) -> 0 | H137: =C137-G137 -> 0 | I137: =IFERROR(H137/G137, 0) -> 0
A139: Values in gold exceed expected or forecasted by 10% or more.
A141: Values in red are below expected or forecasted by 10% or more.

Sheet Aug
A1: {=portfolio} -> Generate Capital | C1: August Actual v. Expected | G1: August Actual v. Forecasted | J1: NOTES | K1: SR
A2: Site | B2: Portfolio | C2: Actual | D2: Expected | E2: Delta | F2: % | G2: Forecasted | H2: Delta | I2: %
A3: {=Sites[Site]} -> Farmer | B3: {=Sites[Portfolio]} -> Blue Renewables | C3: {=IF(INDIRECT("'" & $A3 & "'!B12:J12")="", "", INDIRECT("'" & $A3 & "'!B12:J12"))} | E3: 0 | F3: 0 | H3: 0 | I3: 0
A4: Fulton | B4: Blue Renewables | C4: {=IF(INDIRECT("'" & $A4 & "'!B12:J12")="", "", INDIRECT("'" & $A4 & "'!B12:J12"))} | E4: 0 | F4: 0 | H4: 0 | I4: 0
A5: JFK Elementary | B5: Blue Renewables | C5: {=IF(INDIRECT("'" & $A5 & "'!B12:J12")="", "", INDIRECT("'" & $A5 & "'!B12:J12"))} | E5: 0 | F5: 0 | H5: 0 | I5: 0
A6: Noble | B6: Blue Renewables | C6: {=IF(INDIRECT("'" & $A6 & "'!B12:J12")="", "", INDIRECT("'" & $A6 & "'!B12:J12"))} | E6: 0 | F6: 0 | H6: 0 | I6: 0
A7: Parking 3 | B7: Blue Renewables | C7: {=IF(INDIRECT("'" & $A7 & "'!B12:J12")="", "", INDIRECT("'" & $A7 & "'!B12:J12"))} | E7: 0 | F7: 0 | H7: 0 | I7: 0
A8: PE East | B8: Blue Renewables | C8: {=IF(INDIRECT("'" & $A8 & "'!B12:J12")="", "", INDIRECT("'" & $A8 & "'!B12:J12"))} | E8: 0 | F8: 0 | H8: 0 | I8: 0
A9: Schwada | B9: Blue Renewables | C9: {=IF(INDIRECT("'" & $A9 & "'!B12:J12")="", "", INDIRECT("'" & $A9 & "'!B12:J12"))} | E9: 0 | F9: 0 | H9: 0 | I9: 0
A10: Starshine | B10: Blue Renewables | C10: {=IF(INDIRECT("'" & $A10 & "'!B12:J12")="", "", INDIRECT("'" & $A10 & "'!B12:J12"))} | E10: 0 | F10: 0 | H10: 0 | I10: 0
A11: Yuma Airport | B11: Blue Renewables | C11: {=IF(INDIRECT("'" & $A11 & "'!B12:J12")="", "", INDIRECT("'" & $A11 & "'!B12:J12"))} | E11: 0 | F11: 0 | H11: 0 | I11: 0
A12: Kinsman | B12: Blue Renewables | C12: {=IF(INDIRECT("'" & $A12 & "'!B12:J12")="", "", INDIRECT("'" & $A12 & "'!B12:J12"))} | E12: 0 | F12: 0 | H12: 0 | I12: 0
A13: Wooster | B13: Blue Renewables | C13: {=IF(INDIRECT("'" & $A13 & "'!B12:J12")="", "", INDIRECT("'" & $A13 & "'!B12:J12"))} | E13: 0 | F13: 0 | H13: 0 | I13: 0
A14: Globe Gila CC | B14: CC Gen Equity | C14: {=IF(INDIRECT("'" & $A14 & "'!B12:J12")="", "", INDIRECT("'" & $A14 & "'!B12:J12"))} | E14: 0 | F14: 0 | H14: 0 | I14: 0
A15: Payson Gila CC | B15: CC Gen Equity | C15: {=IF(INDIRECT("'" & $A15 & "'!B12:J12")="", "", INDIRECT("'" & $A15 & "'!B12:J12"))} | E15: 0 | F15: 0 | H15: 0 | I15: 0
... A64: X090 | B64: Hudson | C64: {=IF(INDIRECT("'" & $A64 & "'!B12:J12")="", "", INDIRECT("'" & $A64 & "'!B12:J12"))} | E64: 0 | F64: 0 | H64: 0 | I64: 0
A65: X117 | B65: Hudson | C65: {=IF(INDIRECT("'" & $A65 & "'!B12:J12")="", "", INDIRECT("'" & $A65 & "'!B12:J12"))} | F65: 0 | H65: 0 | I65: 0
A66: X125 | B66: Hudson | C66: {=IF(INDIRECT("'" & $A66 & "'!B12:J12")="", "", INDIRECT("'" & $A66 & "'!B12:J12"))} | E66: 0 | F66: 0 | H66: 0 | I66: 0
A67: X134 | B67: Hudson | C67: {=IF(INDIRECT("'" & $A67 & "'!B12:J12")="", "", INDIRECT("'" & $A67 & "'!B12:J12"))} | E67: 0 | F67: 0 | H67: 0 | I67: 0
A68: X135 | B68: Hudson | C68: {=IF(INDIRECT("'" & $A68 & "'!B12:J12")="", "", INDIRECT("'" & $A68 & "'!B12:J12"))} | E68: 0 | F68: 0 | H68: 0 | I68: 0
A69: X139 JHS 222 | B69: Hudson | C69: {=IF(INDIRECT("'" & $A69 & "'!B12:J12")="", "", INDIRECT("'" & $A69 & "'!B12:J12"))} | E69: 0 | F69: 0 | H69: 0 | I69: 0
A70: X140 | B70: Hudson | C70: {=IF(INDIRECT("'" & $A70 & "'!B12:J12")="", "", INDIRECT("'" & $A70 & "'!B12:J12"))} | E70: 0 | F70: 0 | H70: 0 | I70: 0
A71: X166 | B71: Hudson | C71: {=IF(INDIRECT("'" & $A71 & "'!B12:J12")="", "", INDIRECT("'" & $A71 & "'!B12:J12"))} | E71: 0 | F71: 0 | H71: 0 | I71: 0
A72: Murphy | B72: MN Community Solar | C72: {=IF(INDIRECT("'" & $A72 & "'!B12:J12")="", "", INDIRECT("'" & $A72 & "'!B12:J12"))} | E72: 0 | F72: 0 | H72: 0 | I72: 0
A73: Terning | B73: MN Community Solar | C73: {=IF(INDIRECT("'" & $A73 & "'!B12:J12")="", "", INDIRECT("'" & $A73 & "'!B12:J12"))} | E73: 0 | F73: 0 | H73: 0 | I73: 0
A74: Boas Road 04 | B74: NYCS I | C74: {=IF(INDIRECT("'" & $A74 & "'!B12:J12")="", "", INDIRECT("'" & $A74 & "'!B12:J12"))} | E74: 0 | F74: 0 | H74: 0 | I74: 0
A75: Kelly Bridge Farm | B75: NYCS I | C75: {=IF(INDIRECT("'" & $A75 & "'!B12:J12")="", "", INDIRECT("'" & $A75 & "'!B12:J12"))} | E75: 0 | F75: 0 | H75: 0 | I75: 0
A76: Pool Brook Road | B76: NYCS I | C76: {=IF(INDIRECT("'" & $A76 & "'!B12:J12")="", "", INDIRECT("'" & $A76 & "'!B12:J12"))} | E76: 0 | F76: 0 | H76: 0 | I76: 0
A77: Sackett Lake | B77: NYCS I | C77: {=IF(INDIRECT("'" & $A77 & "'!B12:J12")="", "", INDIRECT("'" & $A77 & "'!B12:J12"))} | E77: 0 | F77: 0 | H77: 0 | I77: 0
... A106: Yellow Mills 3 | B106: NYCS V | C106: {=IF(INDIRECT("'" & $A106 & "'!B12:J12")="", "", INDIRECT("'" & $A106 & "'!B12:J12"))} | E106: 0 | F106: 0 | H106: 0 | I106: 0
A107: Catskill | B107: NYCS VI | C107: {=IF(INDIRECT("'" & $A107 & "'!B12:J12")="", "", INDIRECT("'" & $A107 & "'!B12:J12"))} | F107: 0 | H107: 0 | I107: 0
A108: Eddy Ridge | B108: NYCS VI | C108: {=IF(INDIRECT("'" & $A108 & "'!B12:J12")="", "", INDIRECT("'" & $A108 & "'!B12:J12"))} | E108: 0 | F108: 0 | H108: 0 | I108: 0
A109: Ridgeway #1 | B109: NYCS VI | C109: {=IF(INDIRECT("'" & $A109 & "'!B12:J12")="", "", INDIRECT("'" & $A109 & "'!B12:J12"))} | E109: 0 | F109: 0 | H109: 0 | I109: 0
A110: Rivard 1 | B110: NYCS VI | C110: {=IF(INDIRECT("'" & $A110 & "'!B12:J12")="", "", INDIRECT("'" & $A110 & "'!B12:J12"))} | E110: 0 | F110: 0 | H110: 0 | I110: 0
A111: Rivard 2 | B111: NYCS VI | C111: {=IF(INDIRECT("'" & $A111 & "'!B12:J12")="", "", INDIRECT("'" & $A111 & "'!B12:J12"))} | E111: 0 | F111: 0 | H111: 0 | I111: 0
A112: Essex | B112: Opportunity | C112: {=IF(INDIRECT("'" & $A112 & "'!B12:J12")="", "", INDIRECT("'" & $A112 & "'!B12:J12"))} | E112: 0 | F112: 0 | H112: 0 | I112: 0
A113: Temple Sinai | B113: Opportunity | C113: {=IF(INDIRECT("'" & $A113 & "'!B12:J12")="", "", INDIRECT("'" & $A113 & "'!B12:J12"))} | E113: 0 | F113: 0 | H113: 0 | I113: 0
A114: Weinberg 1 | B114: Opportunity | C114: {=IF(INDIRECT("'" & $A114 & "'!B12:J12")="", "", INDIRECT("'" & $A114 & "'!B12:J12"))} | E114: 0 | F114: 0 | H114: 0 | I114: 0
A115: Weinberg 2 | B115: Opportunity | C115: {=IF(INDIRECT("'" & $A115 & "'!B12:J12")="", "", INDIRECT("'" & $A115 & "'!B12:J12"))} | E115: 0 | F115: 0 | H115: 0 | I115: 0
A116: Weinberg 3 | B116: Opportunity | C116: {=IF(INDIRECT("'" & $A116 & "'!B12:J12")="", "", INDIRECT("'" & $A116 & "'!B12:J12"))} | E116: 0 | F116: 0 | H116: 0 | I116: 0
A117: Clayton Hall | B117: Opportunity | C117: {=IF(INDIRECT("'" & $A117 & "'!B12:J12")="", "", INDIRECT("'" & $A117 & "'!B12:J12"))} | E117: 0 | F117: 0 | H117: 0 | I117: 0
A118: Field House | B118: Opportunity | C118: {=IF(INDIRECT("'" & $A118 & "'!B12:J12")="", "", INDIRECT("'" & $A118 & "'!B12:J12"))} | E118: 0 | F118: 0 | H118: 0 | I118: 0
A119: Wyoming Road | B119: Opportunity | C119: {=IF(INDIRECT("'" & $A119 & "'!B12:J12")="", "", INDIRECT("'" & $A119 & "'!B12:J12"))} | E119: 0 | F119: 0 | H119: 0 | I119: 0
... A136: Spaulding HS | B136: Sunraise | C136: {=IF(INDIRECT("'" & $A136 & "'!B12:J12")="", "", INDIRECT("'" & $A136 & "'!B12:J12"))} | E136: 0 | F136: 0 | H136: 0 | I136: 0
A137: Total | C137: =SUM(C3:C61) -> 0 | D137: =SUM(D3:D61) -> 0 | E137: =C137-D137 -> 0 | F137: =IFERROR(E137/D137, 0) -> 0 | G137: =SUM(G3:G61) -> 0 | H137: =C137-G137 -> 0 | I137: =IFERROR(H137/G137, 0) -> 0
A139: Values in gold exceed expected or forecasted by 10% or more.
A141: Values in red are below expected or forecasted by 10% or more.

Sheet Sep
A1: {=portfolio} -> Generate Capital | C1: September Actual v. Expected | G1: September Actual v. Forecasted | J1: NOTES | K1: SR
A2: Site | B2: Portfolio | C2: Actual | D2: Expected | E2: Delta | F2: % | G2: Forecasted | H2: Delta | I2: %
A3: {=Sites[Site]} -> Farmer | B3: {=Sites[Portfolio]} -> Blue Renewables | C3: {=IF(INDIRECT("'" & $A3 & "'!B13:J13")="", "", INDIRECT("'" & $A3 & "'!B13:J13"))} | E3: 0 | F3: 0 | H3: 0 | I3: 0
A4: Fulton | B4: Blue Renewables | C4: {=IF(INDIRECT("'" & $A4 & "'!B13:J13")="", "", INDIRECT("'" & $A4 & "'!B13:J13"))} | E4: 0 | F4: 0 | H4: 0 | I4: 0
A5: JFK Elementary | B5: Blue Renewables | C5: {=IF(INDIRECT("'" & $A5 & "'!B13:J13")="", "", INDIRECT("'" & $A5 & "'!B13:J13"))} | E5: 0 | F5: 0 | H5: 0 | I5: 0
A6: Noble | B6: Blue Renewables | C6: {=IF(INDIRECT("'" & $A6 & "'!B13:J13")="", "", INDIRECT("'" & $A6 & "'!B13:J13"))} | E6: 0 | F6: 0 | H6: 0 | I6: 0
A7: Parking 3 | B7: Blue Renewables | C7: {=IF(INDIRECT("'" & $A7 & "'!B13:J13")="", "", INDIRECT("'" & $A7 & "'!B13:J13"))} | E7: 0 | F7: 0 | H7: 0 | I7: 0
A8: PE East | B8: Blue Renewables | C8: {=IF(INDIRECT("'" & $A8 & "'!B13:J13")="", "", INDIRECT("'" & $A8 & "'!B13:J13"))} | E8: 0 | F8: 0 | H8: 0 | I8: 0
A9: Schwada | B9: Blue Renewables | C9: {=IF(INDIRECT("'" & $A9 & "'!B13:J13")="", "", INDIRECT("'" & $A9 & "'!B13:J13"))} | E9: 0 | F9: 0 | H9: 0 | I9: 0
A10: Starshine | B10: Blue Renewables | C10: {=IF(INDIRECT("'" & $A10 & "'!B13:J13")="", "", INDIRECT("'" & $A10 & "'!B13:J13"))} | E10: 0 | F10: 0 | H10: 0 | I10: 0
A11: Yuma Airport | B11: Blue Renewables | C11: {=IF(INDIRECT("'" & $A11 & "'!B13:J13")="", "", INDIRECT("'" & $A11 & "'!B13:J13"))} | E11: 0 | F11: 0 | H11: 0 | I11: 0
A12: Kinsman | B12: Blue Renewables | C12: {=IF(INDIRECT("'" & $A12 & "'!B13:J13")="", "", INDIRECT("'" & $A12 & "'!B13:J13"))} | E12: 0 | F12: 0 | H12: 0 | I12: 0
A13: Wooster | B13: Blue Renewables | C13: {=IF(INDIRECT("'" & $A13 & "'!B13:J13")="", "", INDIRECT("'" & $A13 & "'!B13:J13"))} | E13: 0 | F13: 0 | H13: 0 | I13: 0
A14: Globe Gila CC | B14: CC Gen Equity | C14: {=IF(INDIRECT("'" & $A14 & "'!B13:J13")="", "", INDIRECT("'" & $A14 & "'!B13:J13"))} | E14: 0 | F14: 0 | H14: 0 | I14: 0
A15: Payson Gila CC | B15: CC Gen Equity | C15: {=IF(INDIRECT("'" & $A15 & "'!B13:J13")="", "", INDIRECT("'" & $A15 & "'!B13:J13"))} | E15: 0 | F15: 0 | H15: 0 | I15: 0
... A36: K495 | B36: Hudson | C36: {=IF(INDIRECT("'" & $A36 & "'!B13:J13")="", "", INDIRECT("'" & $A36 & "'!B13:J13"))} | E36: 0 | F36: 0 | H36: 0 | I36: 0
A37: M020 | B37: Hudson | C37: {=IF(INDIRECT("'" & $A37 & "'!B13:J13")="", "", INDIRECT("'" & $A37 & "'!B13:J13"))} | E37: 0 | F37: 0 | G37: 0 | H37: 0 | I37: 0
A38: M092 | B38: Hudson | C38: {=IF(INDIRECT("'" & $A38 & "'!B13:J13")="", "", INDIRECT("'" & $A38 & "'!B13:J13"))} | E38: 0 | F38: 0 | H38: 0 | I38: 0
A39: M143 | B39: Hudson | C39: {=IF(INDIRECT("'" & $A39 & "'!B13:J13")="", "", INDIRECT("'" & $A39 & "'!B13:J13"))} | E39: 0 | F39: 0 | H39: 0 | I39: 0
A40: M144 | B40: Hudson | C40: {=IF(INDIRECT("'" & $A40 & "'!B13:J13")="", "", INDIRECT("'" & $A40 & "'!B13:J13"))} | E40: 0 | F40: 0 | H40: 0 | I40: 0
A41: M167 | B41: Hudson | C41: {=IF(INDIRECT("'" & $A41 & "'!B13:J13")="", "", INDIRECT("'" & $A41 & "'!B13:J13"))} | E41: 0 | F41: 0 | H41: 0 | I41: 0
A42: M188 | B42: Hudson | C42: {=IF(INDIRECT("'" & $A42 & "'!B13:J13")="", "", INDIRECT("'" & $A42 & "'!B13:J13"))} | E42: 0 | F42: 0 | H42: 0 | I42: 0
A43: EMHC | B43: Hudson | C43: {=IF(INDIRECT("'" & $A43 & "'!B13:J13")="", "", INDIRECT("'" & $A43 & "'!B13:J13"))} | E43: 0 | F43: 0 | H43: 0 | I43: 0
A44: Q008 | B44: Hudson | C44: {=IF(INDIRECT("'" & $A44 & "'!B13:J13")="", "", INDIRECT("'" & $A44 & "'!B13:J13"))} | E44: 0 | F44: 0 | H44: 0 | I44: 0
A45: Q018 | B45: Hudson | C45: {=IF(INDIRECT("'" & $A45 & "'!B13:J13")="", "", INDIRECT("'" & $A45 & "'!B13:J13"))} | E45: 0 | F45: 0 | H45: 0 | I45: 0
A46: Q021 | B46: Hudson | C46: {=IF(INDIRECT("'" & $A46 & "'!B13:J13")="", "", INDIRECT("'" & $A46 & "'!B13:J13"))} | E46: 0 | F46: 0 | H46: 0 | I46: 0
A47: Q025 | B47: Hudson | C47: {=IF(INDIRECT("'" & $A47 & "'!B13:J13")="", "", INDIRECT("'" & $A47 & "'!B13:J13"))} | E47: 0 | F47: 0 | H47: 0 | I47: 0
A48: Q074 | B48: Hudson | C48: {=IF(INDIRECT("'" & $A48 & "'!B13:J13")="", "", INDIRECT("'" & $A48 & "'!B13:J13"))} | E48: 0 | F48: 0 | H48: 0 | I48: 0
A49: Q115 | B49: Hudson | C49: {=IF(INDIRECT("'" & $A49 & "'!B13:J13")="", "", INDIRECT("'" & $A49 & "'!B13:J13"))} | E49: 0 | F49: 0 | H49: 0 | I49: 0
... A64: X090 | B64: Hudson | C64: {=IF(INDIRECT("'" & $A64 & "'!B13:J13")="", "", INDIRECT("'" & $A64 & "'!B13:J13"))} | E64: 0 | F64: 0 | H64: 0 | I64: 0
A65: X117 | B65: Hudson | C65: {=IF(INDIRECT("'" & $A65 & "'!B13:J13")="", "", INDIRECT("'" & $A65 & "'!B13:J13"))} | F65: 0 | H65: 0 | I65: 0
A66: X125 | B66: Hudson | C66: {=IF(INDIRECT("'" & $A66 & "'!B13:J13")="", "", INDIRECT("'" & $A66 & "'!B13:J13"))} | E66: 0 | F66: 0 | H66: 0 | I66: 0
A67: X134 | B67: Hudson | C67: {=IF(INDIRECT("'" & $A67 & "'!B13:J13")="", "", INDIRECT("'" & $A67 & "'!B13:J13"))} | E67: 0 | F67: 0 | H67: 0 | I67: 0
A68: X135 | B68: Hudson | C68: {=IF(INDIRECT("'" & $A68 & "'!B13:J13")="", "", INDIRECT("'" & $A68 & "'!B13:J13"))} | E68: 0 | F68: 0 | H68: 0 | I68: 0
A69: X139 JHS 222 | B69: Hudson | C69: {=IF(INDIRECT("'" & $A69 & "'!B13:J13")="", "", INDIRECT("'" & $A69 & "'!B13:J13"))} | E69: 0 | F69: 0 | H69: 0 | I69: 0
A70: X140 | B70: Hudson | C70: {=IF(INDIRECT("'" & $A70 & "'!B13:J13")="", "", INDIRECT("'" & $A70 & "'!B13:J13"))} | E70: 0 | F70: 0 | H70: 0 | I70: 0
A71: X166 | B71: Hudson | C71: {=IF(INDIRECT("'" & $A71 & "'!B13:J13")="", "", INDIRECT("'" & $A71 & "'!B13:J13"))} | E71: 0 | F71: 0 | H71: 0 | I71: 0
A72: Murphy | B72: MN Community Solar | C72: {=IF(INDIRECT("'" & $A72 & "'!B13:J13")="", "", INDIRECT("'" & $A72 & "'!B13:J13"))} | E72: 0 | F72: 0 | H72: 0 | I72: 0
A73: Terning | B73: MN Community Solar | C73: {=IF(INDIRECT("'" & $A73 & "'!B13:J13")="", "", INDIRECT("'" & $A73 & "'!B13:J13"))} | E73: 0 | F73: 0 | H73: 0 | I73: 0
A74: Boas Road 04 | B74: NYCS I | C74: {=IF(INDIRECT("'" & $A74 & "'!B13:J13")="", "", INDIRECT("'" & $A74 & "'!B13:J13"))} | E74: 0 | F74: 0 | H74: 0 | I74: 0
A75: Kelly Bridge Farm | B75: NYCS I | C75: {=IF(INDIRECT("'" & $A75 & "'!B13:J13")="", "", INDIRECT("'" & $A75 & "'!B13:J13"))} | E75: 0 | F75: 0 | H75: 0 | I75: 0
A76: Pool Brook Road | B76: NYCS I | C76: {=IF(INDIRECT("'" & $A76 & "'!B13:J13")="", "", INDIRECT("'" & $A76 & "'!B13:J13"))} | E76: 0 | F76: 0 | H76: 0 | I76: 0
A77: Sackett Lake | B77: NYCS I | C77: {=IF(INDIRECT("'" & $A77 & "'!B13:J13")="", "", INDIRECT("'" & $A77 & "'!B13:J13"))} | E77: 0 | F77: 0 | H77: 0 | I77: 0
... A106: Yellow Mills 3 | B106: NYCS V | C106: {=IF(INDIRECT("'" & $A106 & "'!B13:J13")="", "", INDIRECT("'" & $A106 & "'!B13:J13"))} | E106: 0 | F106: 0 | H106: 0 | I106: 0
A107: Catskill | B107: NYCS VI | C107: {=IF(INDIRECT("'" & $A107 & "'!B13:J13")="", "", INDIRECT("'" & $A107 & "'!B13:J13"))} | F107: 0 | H107: 0 | I107: 0
A108: Eddy Ridge | B108: NYCS VI | C108: {=IF(INDIRECT("'" & $A108 & "'!B13:J13")="", "", INDIRECT("'" & $A108 & "'!B13:J13"))} | E108: 0 | F108: 0 | H108: 0 | I108: 0
A109: Ridgeway #1 | B109: NYCS VI | C109: {=IF(INDIRECT("'" & $A109 & "'!B13:J13")="", "", INDIRECT("'" & $A109 & "'!B13:J13"))} | E109: 0 | F109: 0 | H109: 0 | I109: 0
A110: Rivard 1 | B110: NYCS VI | C110: {=IF(INDIRECT("'" & $A110 & "'!B13:J13")="", "", INDIRECT("'" & $A110 & "'!B13:J13"))} | E110: 0 | F110: 0 | H110: 0 | I110: 0
A111: Rivard 2 | B111: NYCS VI | C111: {=IF(INDIRECT("'" & $A111 & "'!B13:J13")="", "", INDIRECT("'" & $A111 & "'!B13:J13"))} | E111: 0 | F111: 0 | H111: 0 | I111: 0
A112: Essex | B112: Opportunity | C112: {=IF(INDIRECT("'" & $A112 & "'!B13:J13")="", "", INDIRECT("'" & $A112 & "'!B13:J13"))} | E112: 0 | F112: 0 | H112: 0 | I112: 0
A113: Temple Sinai | B113: Opportunity | C113: {=IF(INDIRECT("'" & $A113 & "'!B13:J13")="", "", INDIRECT("'" & $A113 & "'!B13:J13"))} | E113: 0 | F113: 0 | H113: 0 | I113: 0
A114: Weinberg 1 | B114: Opportunity | C114: {=IF(INDIRECT("'" & $A114 & "'!B13:J13")="", "", INDIRECT("'" & $A114 & "'!B13:J13"))} | E114: 0 | F114: 0 | H114: 0 | I114: 0
A115: Weinberg 2 | B115: Opportunity | C115: {=IF(INDIRECT("'" & $A115 & "'!B13:J13")="", "", INDIRECT("'" & $A115 & "'!B13:J13"))} | E115: 0 | F115: 0 | H115: 0 | I115: 0
A116: Weinberg 3 | B116: Opportunity | C116: {=IF(INDIRECT("'" & $A116 & "'!B13:J13")="", "", INDIRECT("'" & $A116 & "'!B13:J13"))} | E116: 0 | F116: 0 | H116: 0 | I116: 0
A117: Clayton Hall | B117: Opportunity | C117: {=IF(INDIRECT("'" & $A117 & "'!B13:J13")="", "", INDIRECT("'" & $A117 & "'!B13:J13"))} | E117: 0 | F117: 0 | H117: 0 | I117: 0
A118: Field House | B118: Opportunity | C118: {=IF(INDIRECT("'" & $A118 & "'!B13:J13")="", "", INDIRECT("'" & $A118 & "'!B13:J13"))} | E118: 0 | F118: 0 | H118: 0 | I118: 0
A119: Wyoming Road | B119: Opportunity | C119: {=IF(INDIRECT("'" & $A119 & "'!B13:J13")="", "", INDIRECT("'" & $A119 & "'!B13:J13"))} | E119: 0 | F119: 0 | H119: 0 | I119: 0
... A136: Spaulding HS | B136: Sunraise | C136: {=IF(INDIRECT("'" & $A136 & "'!B13:J13")="", "", INDIRECT("'" & $A136 & "'!B13:J13"))} | E136: 0 | F136: 0 | H136: 0 | I136: 0
A137: Total | C137: =SUM(C3:C61) -> 0 | D137: =SUM(D3:D61) -> 0 | E137: =C137-D137 -> 0 | F137: =IFERROR(E137/D137, 0) -> 0 | G137: =SUM(G3:G61) -> 0 | H137: =C137-G137 -> 0 | I137: =IFERROR(H137/G137, 0) -> 0
A139: Values in gold exceed expected or forecasted by 10% or more.
A141: Values in red are below expected or forecasted by 10% or more.

Sheet Oct
A1: {=portfolio} -> Generate Capital | C1: October Actual v. Expected | G1: October Actual v. Forecasted | J1: NOTES | K1: SR
A2: Site | B2: Portfolio | C2: Actual | D2: Expected | E2: Delta | F2: % | G2: Forecasted | H2: Delta | I2: %
A3: {=Sites[Site]} -> Farmer | B3: {=Sites[Portfolio]} -> Blue Renewables | C3: {=IF(INDIRECT("'" & $A3 & "'!B14:J14")="", "", INDIRECT("'" & $A3 & "'!B14:J14"))} | E3: 0 | F3: 0 | H3: 0 | I3: 0
A4: Fulton | B4: Blue Renewables | C4: {=IF(INDIRECT("'" & $A4 & "'!B14:J14")="", "", INDIRECT("'" & $A4 & "'!B14:J14"))} | E4: 0 | F4: 0 | H4: 0 | I4: 0
A5: JFK Elementary | B5: Blue Renewables | C5: {=IF(INDIRECT("'" & $A5 & "'!B14:J14")="", "", INDIRECT("'" & $A5 & "'!B14:J14"))} | E5: 0 | F5: 0 | H5: 0 | I5: 0
A6: Noble | B6: Blue Renewables | C6: {=IF(INDIRECT("'" & $A6 & "'!B14:J14")="", "", INDIRECT("'" & $A6 & "'!B14:J14"))} | E6: 0 | F6: 0 | H6: 0 | I6: 0
A7: Parking 3 | B7: Blue Renewables | C7: {=IF(INDIRECT("'" & $A7 & "'!B14:J14")="", "", INDIRECT("'" & $A7 & "'!B14:J14"))} | E7: 0 | F7: 0 | H7: 0 | I7: 0
A8: PE East | B8: Blue Renewables | C8: {=IF(INDIRECT("'" & $A8 & "'!B14:J14")="", "", INDIRECT("'" & $A8 & "'!B14:J14"))} | E8: 0 | F8: 0 | H8: 0 | I8: 0
A9: Schwada | B9: Blue Renewables | C9: {=IF(INDIRECT("'" & $A9 & "'!B14:J14")="", "", INDIRECT("'" & $A9 & "'!B14:J14"))} | E9: 0 | F9: 0 | H9: 0 | I9: 0
A10: Starshine | B10: Blue Renewables | C10: {=IF(INDIRECT("'" & $A10 & "'!B14:J14")="", "", INDIRECT("'" & $A10 & "'!B14:J14"))} | E10: 0 | F10: 0 | H10: 0 | I10: 0
A11: Yuma Airport | B11: Blue Renewables | C11: {=IF(INDIRECT("'" & $A11 & "'!B14:J14")="", "", INDIRECT("'" & $A11 & "'!B14:J14"))} | E11: 0 | F11: 0 | H11: 0 | I11: 0
A12: Kinsman | B12: Blue Renewables | C12: {=IF(INDIRECT("'" & $A12 & "'!B14:J14")="", "", INDIRECT("'" & $A12 & "'!B14:J14"))} | E12: 0 | F12: 0 | H12: 0 | I12: 0
A13: Wooster | B13: Blue Renewables | C13: {=IF(INDIRECT("'" & $A13 & "'!B14:J14")="", "", INDIRECT("'" & $A13 & "'!B14:J14"))} | E13: 0 | F13: 0 | H13: 0 | I13: 0
A14: Globe Gila CC | B14: CC Gen Equity | C14: {=IF(INDIRECT("'" & $A14 & "'!B14:J14")="", "", INDIRECT("'" & $A14 & "'!B14:J14"))} | E14: 0 | F14: 0 | H14: 0 | I14: 0
A15: Payson Gila CC | B15: CC Gen Equity | C15: {=IF(INDIRECT("'" & $A15 & "'!B14:J14")="", "", INDIRECT("'" & $A15 & "'!B14:J14"))} | E15: 0 | F15: 0 | H15: 0 | I15: 0
... A36: K495 | B36: Hudson | C36: {=IF(INDIRECT("'" & $A36 & "'!B14:J14")="", "", INDIRECT("'" & $A36 & "'!B14:J14"))} | E36: 0 | F36: 0 | H36: 0 | I36: 0
A37: M020 | B37: Hudson | C37: {=IF(INDIRECT("'" & $A37 & "'!B14:J14")="", "", INDIRECT("'" & $A37 & "'!B14:J14"))} | E37: 0 | F37: 0 | G37: 0 | H37: 0 | I37: 0
A38: M092 | B38: Hudson | C38: {=IF(INDIRECT("'" & $A38 & "'!B14:J14")="", "", INDIRECT("'" & $A38 & "'!B14:J14"))} | E38: 0 | F38: 0 | H38: 0 | I38: 0
A39: M143 | B39: Hudson | C39: {=IF(INDIRECT("'" & $A39 & "'!B14:J14")="", "", INDIRECT("'" & $A39 & "'!B14:J14"))} | E39: 0 | F39: 0 | H39: 0 | I39: 0
A40: M144 | B40: Hudson | C40: {=IF(INDIRECT("'" & $A40 & "'!B14:J14")="", "", INDIRECT("'" & $A40 & "'!B14:J14"))} | E40: 0 | F40: 0 | H40: 0 | I40: 0
A41: M167 | B41: Hudson | C41: {=IF(INDIRECT("'" & $A41 & "'!B14:J14")="", "", INDIRECT("'" & $A41 & "'!B14:J14"))} | E41: 0 | F41: 0 | H41: 0 | I41: 0
A42: M188 | B42: Hudson | C42: {=IF(INDIRECT("'" & $A42 & "'!B14:J14")="", "", INDIRECT("'" & $A42 & "'!B14:J14"))} | E42: 0 | F42: 0 | H42: 0 | I42: 0
A43: EMHC | B43: Hudson | C43: {=IF(INDIRECT("'" & $A43 & "'!B14:J14")="", "", INDIRECT("'" & $A43 & "'!B14:J14"))} | E43: 0 | F43: 0 | H43: 0 | I43: 0
A44: Q008 | B44: Hudson | C44: {=IF(INDIRECT("'" & $A44 & "'!B14:J14")="", "", INDIRECT("'" & $A44 & "'!B14:J14"))} | E44: 0 | F44: 0 | H44: 0 | I44: 0
A45: Q018 | B45: Hudson | C45: {=IF(INDIRECT("'" & $A45 & "'!B14:J14")="", "", INDIRECT("'" & $A45 & "'!B14:J14"))} | E45: 0 | F45: 0 | H45: 0 | I45: 0
A46: Q021 | B46: Hudson | C46: {=IF(INDIRECT("'" & $A46 & "'!B14:J14")="", "", INDIRECT("'" & $A46 & "'!B14:J14"))} | E46: 0 | F46: 0 | H46: 0 | I46: 0
A47: Q025 | B47: Hudson | C47: {=IF(INDIRECT("'" & $A47 & "'!B14:J14")="", "", INDIRECT("'" & $A47 & "'!B14:J14"))} | E47: 0 | F47: 0 | H47: 0 | I47: 0
A48: Q074 | B48: Hudson | C48: {=IF(INDIRECT("'" & $A48 & "'!B14:J14")="", "", INDIRECT("'" & $A48 & "'!B14:J14"))} | E48: 0 | F48: 0 | H48: 0 | I48: 0
A49: Q115 | B49: Hudson | C49: {=IF(INDIRECT("'" & $A49 & "'!B14:J14")="", "", INDIRECT("'" & $A49 & "'!B14:J14"))} | E49: 0 | F49: 0 | H49: 0 | I49: 0
... A64: X090 | B64: Hudson | C64: {=IF(INDIRECT("'" & $A64 & "'!B14:J14")="", "", INDIRECT("'" & $A64 & "'!B14:J14"))} | E64: 0 | F64: 0 | H64: 0 | I64: 0
A65: X117 | B65: Hudson | C65: {=IF(INDIRECT("'" & $A65 & "'!B14:J14")="", "", INDIRECT("'" & $A65 & "'!B14:J14"))} | F65: 0 | H65: 0 | I65: 0
A66: X125 | B66: Hudson | C66: {=IF(INDIRECT("'" & $A66 & "'!B14:J14")="", "", INDIRECT("'" & $A66 & "'!B14:J14"))} | E66: 0 | F66: 0 | H66: 0 | I66: 0
A67: X134 | B67: Hudson | C67: {=IF(INDIRECT("'" & $A67 & "'!B14:J14")="", "", INDIRECT("'" & $A67 & "'!B14:J14"))} | E67: 0 | F67: 0 | H67: 0 | I67: 0
A68: X135 | B68: Hudson | C68: {=IF(INDIRECT("'" & $A68 & "'!B14:J14")="", "", INDIRECT("'" & $A68 & "'!B14:J14"))} | E68: 0 | F68: 0 | H68: 0 | I68: 0
A69: X139 JHS 222 | B69: Hudson | C69: {=IF(INDIRECT("'" & $A69 & "'!B14:J14")="", "", INDIRECT("'" & $A69 & "'!B14:J14"))} | E69: 0 | F69: 0 | H69: 0 | I69: 0
A70: X140 | B70: Hudson | C70: {=IF(INDIRECT("'" & $A70 & "'!B14:J14")="", "", INDIRECT("'" & $A70 & "'!B14:J14"))} | E70: 0 | F70: 0 | H70: 0 | I70: 0
A71: X166 | B71: Hudson | C71: {=IF(INDIRECT("'" & $A71 & "'!B14:J14")="", "", INDIRECT("'" & $A71 & "'!B14:J14"))} | E71: 0 | F71: 0 | H71: 0 | I71: 0
A72: Murphy | B72: MN Community Solar | C72: {=IF(INDIRECT("'" & $A72 & "'!B14:J14")="", "", INDIRECT("'" & $A72 & "'!B14:J14"))} | E72: 0 | F72: 0 | H72: 0 | I72: 0
A73: Terning | B73: MN Community Solar | C73: {=IF(INDIRECT("'" & $A73 & "'!B14:J14")="", "", INDIRECT("'" & $A73 & "'!B14:J14"))} | E73: 0 | F73: 0 | H73: 0 | I73: 0
A74: Boas Road 04 | B74: NYCS I | C74: {=IF(INDIRECT("'" & $A74 & "'!B14:J14")="", "", INDIRECT("'" & $A74 & "'!B14:J14"))} | E74: 0 | F74: 0 | H74: 0 | I74: 0
A75: Kelly Bridge Farm | B75: NYCS I | C75: {=IF(INDIRECT("'" & $A75 & "'!B14:J14")="", "", INDIRECT("'" & $A75 & "'!B14:J14"))} | E75: 0 | F75: 0 | H75: 0 | I75: 0
A76: Pool Brook Road | B76: NYCS I | C76: {=IF(INDIRECT("'" & $A76 & "'!B14:J14")="", "", INDIRECT("'" & $A76 & "'!B14:J14"))} | E76: 0 | F76: 0 | H76: 0 | I76: 0
A77: Sackett Lake | B77: NYCS I | C77: {=IF(INDIRECT("'" & $A77 & "'!B14:J14")="", "", INDIRECT("'" & $A77 & "'!B14:J14"))} | E77: 0 | F77: 0 | H77: 0 | I77: 0
... A106: Yellow Mills 3 | B106: NYCS V | C106: {=IF(INDIRECT("'" & $A106 & "'!B14:J14")="", "", INDIRECT("'" & $A106 & "'!B14:J14"))} | E106: 0 | F106: 0 | H106: 0 | I106: 0
A107: Catskill | B107: NYCS VI | C107: {=IF(INDIRECT("'" & $A107 & "'!B14:J14")="", "", INDIRECT("'" & $A107 & "'!B14:J14"))} | F107: 0 | H107: 0 | I107: 0
A108: Eddy Ridge | B108: NYCS VI | C108: {=IF(INDIRECT("'" & $A108 & "'!B14:J14")="", "", INDIRECT("'" & $A108 & "'!B14:J14"))} | E108: 0 | F108: 0 | H108: 0 | I108: 0
A109: Ridgeway #1 | B109: NYCS VI | C109: {=IF(INDIRECT("'" & $A109 & "'!B14:J14")="", "", INDIRECT("'" & $A109 & "'!B14:J14"))} | E109: 0 | F109: 0 | H109: 0 | I109: 0
A110: Rivard 1 | B110: NYCS VI | C110: {=IF(INDIRECT("'" & $A110 & "'!B14:J14")="", "", INDIRECT("'" & $A110 & "'!B14:J14"))} | E110: 0 | F110: 0 | H110: 0 | I110: 0
A111: Rivard 2 | B111: NYCS VI | C111: {=IF(INDIRECT("'" & $A111 & "'!B14:J14")="", "", INDIRECT("'" & $A111 & "'!B14:J14"))} | E111: 0 | F111: 0 | H111: 0 | I111: 0
A112: Essex | B112: Opportunity | C112: {=IF(INDIRECT("'" & $A112 & "'!B14:J14")="", "", INDIRECT("'" & $A112 & "'!B14:J14"))} | E112: 0 | F112: 0 | H112: 0 | I112: 0
A113: Temple Sinai | B113: Opportunity | C113: {=IF(INDIRECT("'" & $A113 & "'!B14:J14")="", "", INDIRECT("'" & $A113 & "'!B14:J14"))} | E113: 0 | F113: 0 | H113: 0 | I113: 0
A114: Weinberg 1 | B114: Opportunity | C114: {=IF(INDIRECT("'" & $A114 & "'!B14:J14")="", "", INDIRECT("'" & $A114 & "'!B14:J14"))} | E114: 0 | F114: 0 | H114: 0 | I114: 0
A115: Weinberg 2 | B115: Opportunity | C115: {=IF(INDIRECT("'" & $A115 & "'!B14:J14")="", "", INDIRECT("'" & $A115 & "'!B14:J14"))} | E115: 0 | F115: 0 | H115: 0 | I115: 0
A116: Weinberg 3 | B116: Opportunity | C116: {=IF(INDIRECT("'" & $A116 & "'!B14:J14")="", "", INDIRECT("'" & $A116 & "'!B14:J14"))} | E116: 0 | F116: 0 | H116: 0 | I116: 0
A117: Clayton Hall | B117: Opportunity | C117: {=IF(INDIRECT("'" & $A117 & "'!B14:J14")="", "", INDIRECT("'" & $A117 & "'!B14:J14"))} | E117: 0 | F117: 0 | H117: 0 | I117: 0
A118: Field House | B118: Opportunity | C118: {=IF(INDIRECT("'" & $A118 & "'!B14:J14")="", "", INDIRECT("'" & $A118 & "'!B14:J14"))} | E118: 0 | F118: 0 | H118: 0 | I118: 0
A119: Wyoming Road | B119: Opportunity | C119: {=IF(INDIRECT("'" & $A119 & "'!B14:J14")="", "", INDIRECT("'" & $A119 & "'!B14:J14"))} | E119: 0 | F119: 0 | H119: 0 | I119: 0
... A136: Spaulding HS | B136: Sunraise | C136: {=IF(INDIRECT("'" & $A136 & "'!B14:J14")="", "", INDIRECT("'" & $A136 & "'!B14:J14"))} | E136: 0 | F136: 0 | H136: 0 | I136: 0
A137: Total | C137: =SUM(C3:C61) -> 0 | D137: =SUM(D3:D61) -> 0 | E137: =C137-D137 -> 0 | F137: =IFERROR(E137/D137, 0) -> 0 | G137: =SUM(G3:G61) -> 0 | H137: =C137-G137 -> 0 | I137: =IFERROR(H137/G137, 0) -> 0
A139: Values in gold exceed expected or forecasted by 10% or more.
A141: Values in red are below expected or forecasted by 10% or more.

Sheet Nov
A1: {=portfolio} -> Generate Capital | C1: November Actual v. Expected | G1: November Actual v. Forecasted | J1: NOTES | K1: SR
A2: Site | B2: Portfolio | C2: Actual | D2: Expected | E2: Delta | F2: % | G2: Forecasted | H2: Delta | I2: %
A3: {=Sites[Site]} -> Farmer | B3: {=Sites[Portfolio]} -> Blue Renewables | C3: {=IF(INDIRECT("'" & $A3 & "'!B15:J15")="", "", INDIRECT("'" & $A3 & "'!B15:J15"))} | E3: 0 | F3: 0 | H3: 0 | I3: 0
A4: Fulton | B4: Blue Renewables | C4: {=IF(INDIRECT("'" & $A4 & "'!B15:J15")="", "", INDIRECT("'" & $A4 & "'!B15:J15"))} | E4: 0 | F4: 0 | H4: 0 | I4: 0
A5: JFK Elementary | B5: Blue Renewables | C5: {=IF(INDIRECT("'" & $A5 & "'!B15:J15")="", "", INDIRECT("'" & $A5 & "'!B15:J15"))} | E5: 0 | F5: 0 | H5: 0 | I5: 0
A6: Noble | B6: Blue Renewables | C6: {=IF(INDIRECT("'" & $A6 & "'!B15:J15")="", "", INDIRECT("'" & $A6 & "'!B15:J15"))} | E6: 0 | F6: 0 | H6: 0 | I6: 0
A7: Parking 3 | B7: Blue Renewables | C7: {=IF(INDIRECT("'" & $A7 & "'!B15:J15")="", "", INDIRECT("'" & $A7 & "'!B15:J15"))} | E7: 0 | F7: 0 | H7: 0 | I7: 0
A8: PE East | B8: Blue Renewables | C8: {=IF(INDIRECT("'" & $A8 & "'!B15:J15")="", "", INDIRECT("'" & $A8 & "'!B15:J15"))} | E8: 0 | F8: 0 | H8: 0 | I8: 0
A9: Schwada | B9: Blue Renewables | C9: {=IF(INDIRECT("'" & $A9 & "'!B15:J15")="", "", INDIRECT("'" & $A9 & "'!B15:J15"))} | E9: 0 | F9: 0 | H9: 0 | I9: 0
A10: Starshine | B10: Blue Renewables | C10: {=IF(INDIRECT("'" & $A10 & "'!B15:J15")="", "", INDIRECT("'" & $A10 & "'!B15:J15"))} | E10: 0 | F10: 0 | H10: 0 | I10: 0
A11: Yuma Airport | B11: Blue Renewables | C11: {=IF(INDIRECT("'" & $A11 & "'!B15:J15")="", "", INDIRECT("'" & $A11 & "'!B15:J15"))} | E11: 0 | F11: 0 | H11: 0 | I11: 0
A12: Kinsman | B12: Blue Renewables | C12: {=IF(INDIRECT("'" & $A12 & "'!B15:J15")="", "", INDIRECT("'" & $A12 & "'!B15:J15"))} | E12: 0 | F12: 0 | H12: 0 | I12: 0
A13: Wooster | B13: Blue Renewables | C13: {=IF(INDIRECT("'" & $A13 & "'!B15:J15")="", "", INDIRECT("'" & $A13 & "'!B15:J15"))} | E13: 0 | F13: 0 | H13: 0 | I13: 0
A14: Globe Gila CC | B14: CC Gen Equity | C14: {=IF(INDIRECT("'" & $A14 & "'!B15:J15")="", "", INDIRECT("'" & $A14 & "'!B15:J15"))} | E14: 0 | F14: 0 | H14: 0 | I14: 0
A15: Payson Gila CC | B15: CC Gen Equity | C15: {=IF(INDIRECT("'" & $A15 & "'!B15:J15")="", "", INDIRECT("'" & $A15 & "'!B15:J15"))} | E15: 0 | F15: 0 | H15: 0 | I15: 0
... A36: K495 | B36: Hudson | C36: {=IF(INDIRECT("'" & $A36 & "'!B15:J15")="", "", INDIRECT("'" & $A36 & "'!B15:J15"))} | E36: 0 | F36: 0 | H36: 0 | I36: 0
A37: M020 | B37: Hudson | C37: {=IF(INDIRECT("'" & $A37 & "'!B15:J15")="", "", INDIRECT("'" & $A37 & "'!B15:J15"))} | E37: 0 | F37: 0 | G37: 0 | H37: 0 | I37: 0
A38: M092 | B38: Hudson | C38: {=IF(INDIRECT("'" & $A38 & "'!B15:J15")="", "", INDIRECT("'" & $A38 & "'!B15:J15"))} | E38: 0 | F38: 0 | H38: 0 | I38: 0
A39: M143 | B39: Hudson | C39: {=IF(INDIRECT("'" & $A39 & "'!B15:J15")="", "", INDIRECT("'" & $A39 & "'!B15:J15"))} | E39: 0 | F39: 0 | H39: 0 | I39: 0
A40: M144 | B40: Hudson | C40: {=IF(INDIRECT("'" & $A40 & "'!B15:J15")="", "", INDIRECT("'" & $A40 & "'!B15:J15"))} | E40: 0 | F40: 0 | H40: 0 | I40: 0
A41: M167 | B41: Hudson | C41: {=IF(INDIRECT("'" & $A41 & "'!B15:J15")="", "", INDIRECT("'" & $A41 & "'!B15:J15"))} | E41: 0 | F41: 0 | H41: 0 | I41: 0
A42: M188 | B42: Hudson | C42: {=IF(INDIRECT("'" & $A42 & "'!B15:J15")="", "", INDIRECT("'" & $A42 & "'!B15:J15"))} | E42: 0 | F42: 0 | H42: 0 | I42: 0
A43: EMHC | B43: Hudson | C43: {=IF(INDIRECT("'" & $A43 & "'!B15:J15")="", "", INDIRECT("'" & $A43 & "'!B15:J15"))} | E43: 0 | F43: 0 | H43: 0 | I43: 0
A44: Q008 | B44: Hudson | C44: {=IF(INDIRECT("'" & $A44 & "'!B15:J15")="", "", INDIRECT("'" & $A44 & "'!B15:J15"))} | E44: 0 | F44: 0 | H44: 0 | I44: 0
A45: Q018 | B45: Hudson | C45: {=IF(INDIRECT("'" & $A45 & "'!B15:J15")="", "", INDIRECT("'" & $A45 & "'!B15:J15"))} | E45: 0 | F45: 0 | H45: 0 | I45: 0
A46: Q021 | B46: Hudson | C46: {=IF(INDIRECT("'" & $A46 & "'!B15:J15")="", "", INDIRECT("'" & $A46 & "'!B15:J15"))} | E46: 0 | F46: 0 | H46: 0 | I46: 0
A47: Q025 | B47: Hudson | C47: {=IF(INDIRECT("'" & $A47 & "'!B15:J15")="", "", INDIRECT("'" & $A47 & "'!B15:J15"))} | E47: 0 | F47: 0 | H47: 0 | I47: 0
A48: Q074 | B48: Hudson | C48: {=IF(INDIRECT("'" & $A48 & "'!B15:J15")="", "", INDIRECT("'" & $A48 & "'!B15:J15"))} | E48: 0 | F48: 0 | H48: 0 | I48: 0
A49: Q115 | B49: Hudson | C49: {=IF(INDIRECT("'" & $A49 & "'!B15:J15")="", "", INDIRECT("'" & $A49 & "'!B15:J15"))} | E49: 0 | F49: 0 | H49: 0 | I49: 0
... A64: X090 | B64: Hudson | C64: {=IF(INDIRECT("'" & $A64 & "'!B15:J15")="", "", INDIRECT("'" & $A64 & "'!B15:J15"))} | E64: 0 | F64: 0 | H64: 0 | I64: 0
A65: X117 | B65: Hudson | C65: {=IF(INDIRECT("'" & $A65 & "'!B15:J15")="", "", INDIRECT("'" & $A65 & "'!B15:J15"))} | F65: 0 | H65: 0 | I65: 0
A66: X125 | B66: Hudson | C66: {=IF(INDIRECT("'" & $A66 & "'!B15:J15")="", "", INDIRECT("'" & $A66 & "'!B15:J15"))} | E66: 0 | F66: 0 | H66: 0 | I66: 0
A67: X134 | B67: Hudson | C67: {=IF(INDIRECT("'" & $A67 & "'!B15:J15")="", "", INDIRECT("'" & $A67 & "'!B15:J15"))} | E67: 0 | F67: 0 | H67: 0 | I67: 0
A68: X135 | B68: Hudson | C68: {=IF(INDIRECT("'" & $A68 & "'!B15:J15")="", "", INDIRECT("'" & $A68 & "'!B15:J15"))} | E68: 0 | F68: 0 | H68: 0 | I68: 0
A69: X139 JHS 222 | B69: Hudson | C69: {=IF(INDIRECT("'" & $A69 & "'!B15:J15")="", "", INDIRECT("'" & $A69 & "'!B15:J15"))} | E69: 0 | F69: 0 | H69: 0 | I69: 0
A70: X140 | B70: Hudson | C70: {=IF(INDIRECT("'" & $A70 & "'!B15:J15")="", "", INDIRECT("'" & $A70 & "'!B15:J15"))} | E70: 0 | F70: 0 | H70: 0 | I70: 0
A71: X166 | B71: Hudson | C71: {=IF(INDIRECT("'" & $A71 & "'!B15:J15")="", "", INDIRECT("'" & $A71 & "'!B15:J15"))} | E71: 0 | F71: 0 | H71: 0 | I71: 0
A72: Murphy | B72: MN Community Solar | C72: {=IF(INDIRECT("'" & $A72 & "'!B15:J15")="", "", INDIRECT("'" & $A72 & "'!B15:J15"))} | E72: 0 | F72: 0 | H72: 0 | I72: 0
A73: Terning | B73: MN Community Solar | C73: {=IF(INDIRECT("'" & $A73 & "'!B15:J15")="", "", INDIRECT("'" & $A73 & "'!B15:J15"))} | E73: 0 | F73: 0 | H73: 0 | I73: 0
A74: Boas Road 04 | B74: NYCS I | C74: {=IF(INDIRECT("'" & $A74 & "'!B15:J15")="", "", INDIRECT("'" & $A74 & "'!B15:J15"))} | E74: 0 | F74: 0 | H74: 0 | I74: 0
A75: Kelly Bridge Farm | B75: NYCS I | C75: {=IF(INDIRECT("'" & $A75 & "'!B15:J15")="", "", INDIRECT("'" & $A75 & "'!B15:J15"))} | E75: 0 | F75: 0 | H75: 0 | I75: 0
A76: Pool Brook Road | B76: NYCS I | C76: {=IF(INDIRECT("'" & $A76 & "'!B15:J15")="", "", INDIRECT("'" & $A76 & "'!B15:J15"))} | E76: 0 | F76: 0 | H76: 0 | I76: 0
A77: Sackett Lake | B77: NYCS I | C77: {=IF(INDIRECT("'" & $A77 & "'!B15:J15")="", "", INDIRECT("'" & $A77 & "'!B15:J15"))} | E77: 0 | F77: 0 | H77: 0 | I77: 0
... A106: Yellow Mills 3 | B106: NYCS V | C106: {=IF(INDIRECT("'" & $A106 & "'!B15:J15")="", "", INDIRECT("'" & $A106 & "'!B15:J15"))} | E106: 0 | F106: 0 | H106: 0 | I106: 0
A107: Catskill | B107: NYCS VI | C107: {=IF(INDIRECT("'" & $A107 & "'!B15:J15")="", "", INDIRECT("'" & $A107 & "'!B15:J15"))} | F107: 0 | H107: 0 | I107: 0
A108: Eddy Ridge | B108: NYCS VI | C108: {=IF(INDIRECT("'" & $A108 & "'!B15:J15")="", "", INDIRECT("'" & $A108 & "'!B15:J15"))} | E108: 0 | F108: 0 | H108: 0 | I108: 0
A109: Ridgeway #1 | B109: NYCS VI | C109: {=IF(INDIRECT("'" & $A109 & "'!B15:J15")="", "", INDIRECT("'" & $A109 & "'!B15:J15"))} | E109: 0 | F109: 0 | H109: 0 | I109: 0
A110: Rivard 1 | B110: NYCS VI | C110: {=IF(INDIRECT("'" & $A110 & "'!B15:J15")="", "", INDIRECT("'" & $A110 & "'!B15:J15"))} | E110: 0 | F110: 0 | H110: 0 | I110: 0
A111: Rivard 2 | B111: NYCS VI | C111: {=IF(INDIRECT("'" & $A111 & "'!B15:J15")="", "", INDIRECT("'" & $A111 & "'!B15:J15"))} | E111: 0 | F111: 0 | H111: 0 | I111: 0
A112: Essex | B112: Opportunity | C112: {=IF(INDIRECT("'" & $A112 & "'!B15:J15")="", "", INDIRECT("'" & $A112 & "'!B15:J15"))} | E112: 0 | F112: 0 | H112: 0 | I112: 0
A113: Temple Sinai | B113: Opportunity | C113: {=IF(INDIRECT("'" & $A113 & "'!B15:J15")="", "", INDIRECT("'" & $A113 & "'!B15:J15"))} | E113: 0 | F113: 0 | H113: 0 | I113: 0
A114: Weinberg 1 | B114: Opportunity | C114: {=IF(INDIRECT("'" & $A114 & "'!B15:J15")="", "", INDIRECT("'" & $A114 & "'!B15:J15"))} | E114: 0 | F114: 0 | H114: 0 | I114: 0
A115: Weinberg 2 | B115: Opportunity | C115: {=IF(INDIRECT("'" & $A115 & "'!B15:J15")="", "", INDIRECT("'" & $A115 & "'!B15:J15"))} | E115: 0 | F115: 0 | H115: 0 | I115: 0
A116: Weinberg 3 | B116: Opportunity | C116: {=IF(INDIRECT("'" & $A116 & "'!B15:J15")="", "", INDIRECT("'" & $A116 & "'!B15:J15"))} | E116: 0 | F116: 0 | H116: 0 | I116: 0
A117: Clayton Hall | B117: Opportunity | C117: {=IF(INDIRECT("'" & $A117 & "'!B15:J15")="", "", INDIRECT("'" & $A117 & "'!B15:J15"))} | E117: 0 | F117: 0 | H117: 0 | I117: 0
A118: Field House | B118: Opportunity | C118: {=IF(INDIRECT("'" & $A118 & "'!B15:J15")="", "", INDIRECT("'" & $A118 & "'!B15:J15"))} | E118: 0 | F118: 0 | H118: 0 | I118: 0
A119: Wyoming Road | B119: Opportunity | C119: {=IF(INDIRECT("'" & $A119 & "'!B15:J15")="", "", INDIRECT("'" & $A119 & "'!B15:J15"))} | E119: 0 | F119: 0 | H119: 0 | I119: 0
... A136: Spaulding HS | B136: Sunraise | C136: {=IF(INDIRECT("'" & $A136 & "'!B15:J15")="", "", INDIRECT("'" & $A136 & "'!B15:J15"))} | E136: 0 | F136: 0 | H136: 0 | I136: 0
A137: Total | C137: =SUM(C3:C61) -> 0 | D137: =SUM(D3:D61) -> 0 | E137: =C137-D137 -> 0 | F137: =IFERROR(E137/D137, 0) -> 0 | G137: =SUM(G3:G61) -> 0 | H137: =C137-G137 -> 0 | I137: =IFERROR(H137/G137, 0) -> 0
A139: Values in gold exceed expected or forecasted by 10% or more.
A141: Values in red are below expected or forecasted by 10% or more.

Sheet Dec
A1: {=portfolio} -> Generate Capital | C1: December Actual v. Expected | G1: December Actual v. Forecasted | J1: NOTES | K1: SR
A2: Site | B2: Portfolio | C2: Actual | D2: Expected | E2: Delta | F2: % | G2: Forecasted | H2: Delta | I2: %
A3: {=Sites[Site]} -> Farmer | B3: {=Sites[Portfolio]} -> Blue Renewables | C3: {=IF(INDIRECT("'" & $A3 & "'!B16:J16")="", "", INDIRECT("'" & $A3 & "'!B16:J16"))} | E3: 0 | F3: 0 | H3: 0 | I3: 0
A4: Fulton | B4: Blue Renewables | C4: {=IF(INDIRECT("'" & $A4 & "'!B16:J16")="", "", INDIRECT("'" & $A4 & "'!B16:J16"))} | E4: 0 | F4: 0 | H4: 0 | I4: 0
A5: JFK Elementary | B5: Blue Renewables | C5: {=IF(INDIRECT("'" & $A5 & "'!B16:J16")="", "", INDIRECT("'" & $A5 & "'!B16:J16"))} | E5: 0 | F5: 0 | H5: 0 | I5: 0
A6: Noble | B6: Blue Renewables | C6: {=IF(INDIRECT("'" & $A6 & "'!B16:J16")="", "", INDIRECT("'" & $A6 & "'!B16:J16"))} | E6: 0 | F6: 0 | H6: 0 | I6: 0
A7: Parking 3 | B7: Blue Renewables | C7: {=IF(INDIRECT("'" & $A7 & "'!B16:J16")="", "", INDIRECT("'" & $A7 & "'!B16:J16"))} | E7: 0 | F7: 0 | H7: 0 | I7: 0
A8: PE East | B8: Blue Renewables | C8: {=IF(INDIRECT("'" & $A8 & "'!B16:J16")="", "", INDIRECT("'" & $A8 & "'!B16:J16"))} | E8: 0 | F8: 0 | H8: 0 | I8: 0
A9: Schwada | B9: Blue Renewables | C9: {=IF(INDIRECT("'" & $A9 & "'!B16:J16")="", "", INDIRECT("'" & $A9 & "'!B16:J16"))} | E9: 0 | F9: 0 | H9: 0 | I9: 0
A10: Starshine | B10: Blue Renewables | C10: {=IF(INDIRECT("'" & $A10 & "'!B16:J16")="", "", INDIRECT("'" & $A10 & "'!B16:J16"))} | E10: 0 | F10: 0 | H10: 0 | I10: 0
A11: Yuma Airport | B11: Blue Renewables | C11: {=IF(INDIRECT("'" & $A11 & "'!B16:J16")="", "", INDIRECT("'" & $A11 & "'!B16:J16"))} | E11: 0 | F11: 0 | H11: 0 | I11: 0
A12: Kinsman | B12: Blue Renewables | C12: {=IF(INDIRECT("'" & $A12 & "'!B16:J16")="", "", INDIRECT("'" & $A12 & "'!B16:J16"))} | E12: 0 | F12: 0 | H12: 0 | I12: 0
A13: Wooster | B13: Blue Renewables | C13: {=IF(INDIRECT("'" & $A13 & "'!B16:J16")="", "", INDIRECT("'" & $A13 & "'!B16:J16"))} | E13: 0 | F13: 0 | H13: 0 | I13: 0
A14: Globe Gila CC | B14: CC Gen Equity | C14: {=IF(INDIRECT("'" & $A14 & "'!B16:J16")="", "", INDIRECT("'" & $A14 & "'!B16:J16"))} | E14: 0 | F14: 0 | H14: 0 | I14: 0
A15: Payson Gila CC | B15: CC Gen Equity | C15: {=IF(INDIRECT("'" & $A15 & "'!B16:J16")="", "", INDIRECT("'" & $A15 & "'!B16:J16"))} | E15: 0 | F15: 0 | H15: 0 | I15: 0
... A36: K495 | B36: Hudson | C36: {=IF(INDIRECT("'" & $A36 & "'!B16:J16")="", "", INDIRECT("'" & $A36 & "'!B16:J16"))} | E36: 0 | F36: 0 | H36: 0 | I36: 0
A37: M020 | B37: Hudson | C37: {=IF(INDIRECT("'" & $A37 & "'!B16:J16")="", "", INDIRECT("'" & $A37 & "'!B16:J16"))} | E37: 0 | F37: 0 | G37: 0 | H37: 0 | I37: 0
A38: M092 | B38: Hudson | C38: {=IF(INDIRECT("'" & $A38 & "'!B16:J16")="", "", INDIRECT("'" & $A38 & "'!B16:J16"))} | E38: 0 | F38: 0 | H38: 0 | I38: 0
A39: M143 | B39: Hudson | C39: {=IF(INDIRECT("'" & $A39 & "'!B16:J16")="", "", INDIRECT("'" & $A39 & "'!B16:J16"))} | E39: 0 | F39: 0 | H39: 0 | I39: 0
A40: M144 | B40: Hudson | C40: {=IF(INDIRECT("'" & $A40 & "'!B16:J16")="", "", INDIRECT("'" & $A40 & "'!B16:J16"))} | E40: 0 | F40: 0 | H40: 0 | I40: 0
A41: M167 | B41: Hudson | C41: {=IF(INDIRECT("'" & $A41 & "'!B16:J16")="", "", INDIRECT("'" & $A41 & "'!B16:J16"))} | E41: 0 | F41: 0 | H41: 0 | I41: 0
A42: M188 | B42: Hudson | C42: {=IF(INDIRECT("'" & $A42 & "'!B16:J16")="", "", INDIRECT("'" & $A42 & "'!B16:J16"))} | E42: 0 | F42: 0 | H42: 0 | I42: 0
A43: EMHC | B43: Hudson | C43: {=IF(INDIRECT("'" & $A43 & "'!B16:J16")="", "", INDIRECT("'" & $A43 & "'!B16:J16"))} | E43: 0 | F43: 0 | H43: 0 | I43: 0
A44: Q008 | B44: Hudson | C44: {=IF(INDIRECT("'" & $A44 & "'!B16:J16")="", "", INDIRECT("'" & $A44 & "'!B16:J16"))} | E44: 0 | F44: 0 | H44: 0 | I44: 0
A45: Q018 | B45: Hudson | C45: {=IF(INDIRECT("'" & $A45 & "'!B16:J16")="", "", INDIRECT("'" & $A45 & "'!B16:J16"))} | E45: 0 | F45: 0 | H45: 0 | I45: 0
A46: Q021 | B46: Hudson | C46: {=IF(INDIRECT("'" & $A46 & "'!B16:J16")="", "", INDIRECT("'" & $A46 & "'!B16:J16"))} | E46: 0 | F46: 0 | H46: 0 | I46: 0
A47: Q025 | B47: Hudson | C47: {=IF(INDIRECT("'" & $A47 & "'!B16:J16")="", "", INDIRECT("'" & $A47 & "'!B16:J16"))} | E47: 0 | F47: 0 | H47: 0 | I47: 0
A48: Q074 | B48: Hudson | C48: {=IF(INDIRECT("'" & $A48 & "'!B16:J16")="", "", INDIRECT("'" & $A48 & "'!B16:J16"))} | E48: 0 | F48: 0 | H48: 0 | I48: 0
A49: Q115 | B49: Hudson | C49: {=IF(INDIRECT("'" & $A49 & "'!B16:J16")="", "", INDIRECT("'" & $A49 & "'!B16:J16"))} | E49: 0 | F49: 0 | H49: 0 | I49: 0
... A64: X090 | B64: Hudson | C64: {=IF(INDIRECT("'" & $A64 & "'!B16:J16")="", "", INDIRECT("'" & $A64 & "'!B16:J16"))} | E64: 0 | F64: 0 | H64: 0 | I64: 0
A65: X117 | B65: Hudson | C65: {=IF(INDIRECT("'" & $A65 & "'!B16:J16")="", "", INDIRECT("'" & $A65 & "'!B16:J16"))} | F65: 0 | H65: 0 | I65: 0
A66: X125 | B66: Hudson | C66: {=IF(INDIRECT("'" & $A66 & "'!B16:J16")="", "", INDIRECT("'" & $A66 & "'!B16:J16"))} | E66: 0 | F66: 0 | H66: 0 | I66: 0
A67: X134 | B67: Hudson | C67: {=IF(INDIRECT("'" & $A67 & "'!B16:J16")="", "", INDIRECT("'" & $A67 & "'!B16:J16"))} | E67: 0 | F67: 0 | H67: 0 | I67: 0
A68: X135 | B68: Hudson | C68: {=IF(INDIRECT("'" & $A68 & "'!B16:J16")="", "", INDIRECT("'" & $A68 & "'!B16:J16"))} | E68: 0 | F68: 0 | H68: 0 | I68: 0
A69: X139 JHS 222 | B69: Hudson | C69: {=IF(INDIRECT("'" & $A69 & "'!B16:J16")="", "", INDIRECT("'" & $A69 & "'!B16:J16"))} | E69: 0 | F69: 0 | H69: 0 | I69: 0
A70: X140 | B70: Hudson | C70: {=IF(INDIRECT("'" & $A70 & "'!B16:J16")="", "", INDIRECT("'" & $A70 & "'!B16:J16"))} | E70: 0 | F70: 0 | H70: 0 | I70: 0
A71: X166 | B71: Hudson | C71: {=IF(INDIRECT("'" & $A71 & "'!B16:J16")="", "", INDIRECT("'" & $A71 & "'!B16:J16"))} | E71: 0 | F71: 0 | H71: 0 | I71: 0
A72: Murphy | B72: MN Community Solar | C72: {=IF(INDIRECT("'" & $A72 & "'!B16:J16")="", "", INDIRECT("'" & $A72 & "'!B16:J16"))} | E72: 0 | F72: 0 | H72: 0 | I72: 0
A73: Terning | B73: MN Community Solar | C73: {=IF(INDIRECT("'" & $A73 & "'!B16:J16")="", "", INDIRECT("'" & $A73 & "'!B16:J16"))} | E73: 0 | F73: 0 | H73: 0 | I73: 0
A74: Boas Road 04 | B74: NYCS I | C74: {=IF(INDIRECT("'" & $A74 & "'!B16:J16")="", "", INDIRECT("'" & $A74 & "'!B16:J16"))} | E74: 0 | F74: 0 | H74: 0 | I74: 0
A75: Kelly Bridge Farm | B75: NYCS I | C75: {=IF(INDIRECT("'" & $A75 & "'!B16:J16")="", "", INDIRECT("'" & $A75 & "'!B16:J16"))} | E75: 0 | F75: 0 | H75: 0 | I75: 0
A76: Pool Brook Road | B76: NYCS I | C76: {=IF(INDIRECT("'" & $A76 & "'!B16:J16")="", "", INDIRECT("'" & $A76 & "'!B16:J16"))} | E76: 0 | F76: 0 | H76: 0 | I76: 0
A77: Sackett Lake | B77: NYCS I | C77: {=IF(INDIRECT("'" & $A77 & "'!B16:J16")="", "", INDIRECT("'" & $A77 & "'!B16:J16"))} | E77: 0 | F77: 0 | H77: 0 | I77: 0
... A106: Yellow Mills 3 | B106: NYCS V | C106: {=IF(INDIRECT("'" & $A106 & "'!B16:J16")="", "", INDIRECT("'" & $A106 & "'!B16:J16"))} | E106: 0 | F106: 0 | H106: 0 | I106: 0
A107: Catskill | B107: NYCS VI | C107: {=IF(INDIRECT("'" & $A107 & "'!B16:J16")="", "", INDIRECT("'" & $A107 & "'!B16:J16"))} | F107: 0 | H107: 0 | I107: 0
A108: Eddy Ridge | B108: NYCS VI | C108: {=IF(INDIRECT("'" & $A108 & "'!B16:J16")="", "", INDIRECT("'" & $A108 & "'!B16:J16"))} | E108: 0 | F108: 0 | H108: 0 | I108: 0
A109: Ridgeway #1 | B109: NYCS VI | C109: {=IF(INDIRECT("'" & $A109 & "'!B16:J16")="", "", INDIRECT("'" & $A109 & "'!B16:J16"))} | E109: 0 | F109: 0 | H109: 0 | I109: 0
A110: Rivard 1 | B110: NYCS VI | C110: {=IF(INDIRECT("'" & $A110 & "'!B16:J16")="", "", INDIRECT("'" & $A110 & "'!B16:J16"))} | E110: 0 | F110: 0 | H110: 0 | I110: 0
A111: Rivard 2 | B111: NYCS VI | C111: {=IF(INDIRECT("'" & $A111 & "'!B16:J16")="", "", INDIRECT("'" & $A111 & "'!B16:J16"))} | E111: 0 | F111: 0 | H111: 0 | I111: 0
A112: Essex | B112: Opportunity | C112: {=IF(INDIRECT("'" & $A112 & "'!B16:J16")="", "", INDIRECT("'" & $A112 & "'!B16:J16"))} | E112: 0 | F112: 0 | H112: 0 | I112: 0
A113: Temple Sinai | B113: Opportunity | C113: {=IF(INDIRECT("'" & $A113 & "'!B16:J16")="", "", INDIRECT("'" & $A113 & "'!B16:J16"))} | E113: 0 | F113: 0 | H113: 0 | I113: 0
A114: Weinberg 1 | B114: Opportunity | C114: {=IF(INDIRECT("'" & $A114 & "'!B16:J16")="", "", INDIRECT("'" & $A114 & "'!B16:J16"))} | E114: 0 | F114: 0 | H114: 0 | I114: 0
A115: Weinberg 2 | B115: Opportunity | C115: {=IF(INDIRECT("'" & $A115 & "'!B16:J16")="", "", INDIRECT("'" & $A115 & "'!B16:J16"))} | E115: 0 | F115: 0 | H115: 0 | I115: 0
A116: Weinberg 3 | B116: Opportunity | C116: {=IF(INDIRECT("'" & $A116 & "'!B16:J16")="", "", INDIRECT("'" & $A116 & "'!B16:J16"))} | E116: 0 | F116: 0 | H116: 0 | I116: 0
A117: Clayton Hall | B117: Opportunity | C117: {=IF(INDIRECT("'" & $A117 & "'!B16:J16")="", "", INDIRECT("'" & $A117 & "'!B16:J16"))} | E117: 0 | F117: 0 | H117: 0 | I117: 0
A118: Field House | B118: Opportunity | C118: {=IF(INDIRECT("'" & $A118 & "'!B16:J16")="", "", INDIRECT("'" & $A118 & "'!B16:J16"))} | E118: 0 | F118: 0 | H118: 0 | I118: 0
A119: Wyoming Road | B119: Opportunity | C119: {=IF(INDIRECT("'" & $A119 & "'!B16:J16")="", "", INDIRECT("'" & $A119 & "'!B16:J16"))} | E119: 0 | F119: 0 | H119: 0 | I119: 0
... A136: Spaulding HS | B136: Sunraise | C136: {=IF(INDIRECT("'" & $A136 & "'!B16:J16")="", "", INDIRECT("'" & $A136 & "'!B16:J16"))} | E136: 0 | F136: 0 | H136: 0 | I136: 0
A137: Total | C137: =SUM(C3:C58) -> 0 | D137: =SUM(D3:D58) -> 0 | E137: =C137-D137 -> 0 | F137: =IFERROR(E137/D137, 0) -> 0 | G137: =SUM(G3:G58) -> 0 | H137: =C137-G137 -> 0 | I137: =IFERROR(H137/G137, 0) -> 0
A139: Values in gold exceed expected or forecasted by 10% or more.
A141: Values in red are below expected or forecasted by 10% or more.

Sheet Sheet1

Sheet Sites
A1: Portfolio: | B1: Generate Capital
A2: Site DAS Name | B2: Site | C2: State | D2: Column1 | E2: Portfolio | F2: DAS
A3: ASU - Farmer | B3: Farmer | C3: AZ | E3: Blue Renewables | F3: PowerTrack
A4: ASU - Fulton | B4: Fulton | C4: AZ | E4: Blue Renewables | F4: PowerTrack
A5: JFK Elementary | B5: JFK Elementary | C5: AZ | E5: Blue Renewables | F5: PowerTrack
A6: ASU - Noble | B6: Noble | C6: AZ | E6: Blue Renewables | F6: PowerTrack
A7: ASU - Parking #3 | B7: Parking 3 | C7: AZ | E7: Blue Renewables | F7: PowerTrack
A8: ASU - PE East | B8: PE East | C8: AZ | E8: Blue Renewables | F8: PowerTrack
A9: ASU - Schwada | B9: Schwada | C9: AZ | E9: Blue Renewables | F9: PowerTrack
A10: Starshine | B10: Starshine | C10: AZ | E10: Blue Renewables | F10: PowerTrack
A11: Yuma Airport | B11: Yuma Airport | C11: AZ | E11: Blue Renewables | F11: PowerTrack
A12: CV Kinsman | B12: Kinsman | C12: OH | E12: Blue Renewables | F12: PowerTrack
A13: CV Wooster | B13: Wooster | C13: OH | E13: Blue Renewables | F13: PowerTrack
A14: GCC Globe Solar PV | B14: Globe Gila CC | C14: AZ | E14: CC Gen Equity | F14: PowerTrack
... A62: X024 | B62: X024 | C62: NY | E62: Hudson | F62: PowerTrack
A63: 38 | B63: X026 | C63: NY | E63: Hudson | F63: PowerTrack
A64: 144 | B64: X090 | C64: NY | E64: Hudson | F64: PowerTrack
A65: 279 | B65: X117 | C65: NY | E65: Hudson | F65: PowerTrack
A66: 293 | B66: X125 | C66: NY | E66: Hudson | F66: PowerTrack
A67: 308 | B67: X134 | C67: NY | E67: Hudson | F67: PowerTrack
A68: 309 | B68: X135 | C68: NY | E68: Hudson | F68: PowerTrack
A69: X-139 JHS 222 | B69: X139 JHS 222 | C69: NY | E69: Hudson | F69: PowerTrack
A70: X140 | B70: X140 | C70: NY | E70: Hudson | F70: PowerTrack
A71: 358 | B71: X166 | C71: NY | E71: Hudson | F71: PowerTrack
A72: Murphy (WaveSun) | B72: Murphy | C72: MN | E72: MN Community Solar | F72: PowerTrack
A73: Terning (MontSun) | B73: Terning | C73: MN | E73: MN Community Solar | F73: PowerTrack
A74: Boas Road 04 | B74: Boas Road 04 | C74: NY | D74: AF | E74: NYCS I | F74: GPM | H74: Correct DAS site names to be put back in column A once Powertrack report fixed. Case 446636.
A75: Kelly Bridge Farm | B75: Kelly Bridge Farm | C75: NY | D75: FA | E75: NYCS I | F75: GPM | H75: X026
A76: Pool Brook Farm | B76: Pool Brook Road | C76: NY | D76: FA | E76: NYCS I | F76: GPM | H76: X090
A77: Sackett Lake Farm 1 | B77: Sackett Lake | C77: NY | D77: FA | E77: NYCS I | F77: GPM | H77: X117
A78: Burritt Road | B78: Burritt Road | C78: NY | E78: NYCS II | F78: GPM | H78: X125
A79: Villa Roma 1 | B79: Villa Roma 1 | C79: NY | E79: NYCS II | F79: GPM | H79: X134
A80: Villa Roma 2 | B80: Villa Roma 2 | C80: NY | E80: NYCS II | F80: GPM | H80: X135
A81: Washington 1 | B81: Washington 1 | C81: NY | E81: NYCS II | F81: GPM | H81: X-139 JHS 222
A82: Washington 3 | B82: Washington 3 | C82: NY | E82: NYCS II | F82: GPM | H82: X166
A83: Washington 4 | B83: Washington 4 | C83: NY | E83: NYCS II | F83: GPM
A84: Big Tree | B84: Big Tree | C84: NY | E84: NYCS III | F84: GPM
A85: Canoga | B85: Canoga | C85: NY | E85: NYCS III | F85: GPM
A86: County Route 84 | B86: County Route 84 | C86: NY | E86: NYCS III | F86: GPM
A87: Donati | B87: Donati | C87: NY | E87: NYCS III | F87: GPM
A88: Henrietta | B88: Henrietta | C88: NY | E88: NYCS III | F88: GPM
A89: NY 70 | B89: NY 70 | C89: NY | E89: NYCS III | F89: GPM
A90: Reid (FFP) | B90: Reid | C90: NY | E90: NYCS III | F90: PowerTrack
A91: Sangolqui | B91: Sangolqui | C91: NY | E91: NYCS III | F91: GPM
A92: State Highway 17B | B92: State Highway 17B | C92: NY | E92: NYCS III | F92: GPM
A93: State Route 14A | B93: State Route 14A | C93: NY | E93: NYCS III | F93: GPM
A94: West Creek | B94: West Creek | C94: NY | E94: NYCS III | F94: GPM
A95: Wildflower | B95: Wildflower | C95: NY | E95: NYCS III | F95: GPM
A96: Glen Mary 1 | B96: Glen Mary 1 | C96: NY | D96: A | E96: NYCS IV | F96: GPM
A97: Glen Mary 2 | B97: Glen Mary 2 | C97: NY | D97: FA | E97: NYCS IV | F97: GPM
A98: Telegraph 1 | B98: Telegraph 1 | C98: NY | D98: FA | E98: NYCS IV | F98: GPM
A99: Telegraph 2 | B99: Telegraph 2 | C99: NY | D99: FA | E99: NYCS IV | F99: GPM
A100: Cafferty Hill | B100: Cafferty Hill | C100: NY | D100: AF | E100: NYCS V | F100: GPM
A101: Dunkleman | B101: Dunkleman | C101: NY | D101: FA | E101: NYCS V | F101: GPM
A102: Route 19 #1 | B102: Route 19 1 | C102: NY | D102: FA | E102: NYCS V | F102: GPM
A103: Route 19 #2 | B103: Route 19 2 | C103: NY | D103: FA | E103: NYCS V | F103: GPM
A104: Yellow Mills 1 | B104: Yellow Mills 1 | C104: NY | D104: FA | E104: NYCS V | F104: GPM
A105: Yellow Mills 2 | B105: Yellow Mills 2 | C105: NY | D105: FA | E105: NYCS V | F105: GPM
A106: Yellow Mills 3 | B106: Yellow Mills 3 | C106: NY | E106: NYCS V | F106: GPM
A107: Catskill | B107: Catskill | C107: NY | E107: NYCS VI | F107: GPM
A108: Eddy Ridge | B108: Eddy Ridge | C108: NY | E108: NYCS VI | F108: GPM
A109: Ridgeway #1 | B109: Ridgeway #1 | C109: NY | E109: NYCS VI | F109: GPM
A110: Rivard 1 | B110: Rivard 1 | C110: NY | E110: NYCS VI | F110: PowerTrack
A111: Rivard 2 | B111: Rivard 2 | C111: NY | E111: NYCS VI | F111: PowerTrack
A112: The Essex - DC | B112: Essex | C112: DC | E112: Opportunity | F112: PowerTrack
A113: Temple Sinai | B113: Temple Sinai | C113: DC | E113: Opportunity | F113: PowerTrack
A114: Weinberg Commons #1 | B114: Weinberg 1 | C114: DC | E114: Opportunity | F114: PowerTrack
A115: Weinberg Commons #2 | B115: Weinberg 2 | C115: DC | E115: Opportunity | F115: PowerTrack
A116: Weinberg Commons #3 | B116: Weinberg 3 | C116: DC | E116: Opportunity | F116: PowerTrack
A117: UD-John M.Clayton Hall | B117: Clayton Hall | C117: DE | E117: Opportunity | F117: PowerTrack
... A136: Spaulding High School (Wakefield Street) | B136: Spaulding HS | C136: NH | E136: Sunraise | F136: PowerTrack

Sheet Farmer
A1: Farmer
A3: Actual vs. Expected | F3: Actual vs. Forecasted | I3: Notes
A4: Month | B4: Actual | C4: Expected | D4: Delta Expected | E4: % Expected | F4: Forecasted | G4: Delta Forecasted | H4: % Forecasted | I4: Notes | J4: Service Request
A5: Jan | B5: 9019.8056 | C5: 7182.884 | D5: =B5-C5 -> 1836.9216 | E5: =IFERROR(D5/C5, 0) -> 0.25573594 | F5: 9612.777 | G5: =B5-F5 -> -592.97143 | H5: =IFERROR(G5/F5, 0) -> -0.061685758
A6: Feb | D6: =B6-C6 -> 0 | E6: =IFERROR(D6/C6, 0) -> 0 | G6: =B6-F6 -> 0 | H6: =IFERROR(G6/F6, 0) -> 0
A7: Mar | D7: =B7-C7 -> 0 | E7: =IFERROR(D7/C7, 0) -> 0 | G7: =B7-F7 -> 0 | H7: =IFERROR(G7/F7, 0) -> 0
A8: Apr | D8: =B8-C8 -> 0 | E8: =IFERROR(D8/C8, 0) -> 0 | G8: =B8-F8 -> 0 | H8: =IFERROR(G8/F8, 0) -> 0
A9: May | D9: =B9-C9 -> 0 | E9: =IFERROR(D9/C9, 0) -> 0 | G9: =B9-F9 -> 0 | H9: =IFERROR(G9/F9, 0) -> 0
A10: Jun | D10: =B10-C10 -> 0 | E10: =IFERROR(D10/C10, 0) -> 0 | G10: =B10-F10 -> 0 | H10: =IFERROR(G10/F10, 0) -> 0
A11: Jul | D11: =B11-C11 -> 0 | E11: =IFERROR(D11/C11, 0) -> 0 | G11: =B11-F11 -> 0 | H11: =IFERROR(G11/F11, 0) -> 0
A12: Aug | D12: =B12-C12 -> 0 | E12: =IFERROR(D12/C12, 0) -> 0 | G12: =B12-F12 -> 0 | H12: =IFERROR(G12/F12, 0) -> 0
A13: Sep | D13: =B13-C13 -> 0 | E13: =IFERROR(D13/C13, 0) -> 0 | G13: =B13-F13 -> 0 | H13: =IFERROR(G13/F13, 0) -> 0
A14: Oct | D14: =B14-C14 -> 0 | E14: =IFERROR(D14/C14, 0) -> 0 | G14: =B14-F14 -> 0 | H14: =IFERROR(G14/F14, 0) -> 0
A15: Nov | D15: =B15-C15 -> 0 | E15: =IFERROR(D15/C15, 0) -> 0 | G15: =B15-F15 -> 0 | H15: =IFERROR(G15/F15, 0) -> 0
A16: Dec | D16: =B16-C16 -> 0 | E16: =IFERROR(D16/C16, 0) -> 0 | G16: =B16-F16 -> 0 | H16: =IFERROR(G16/F16, 0) -> 0
A17: Totals | B17: =SUM(B5:B16) -> 9019.8056 | C17: =SUM(C5:C16) -> 7182.884 | D17: =B17-C17 -> 1836.9216 | E17: =IFERROR(D17/C17, 0) -> 0.25573594 | F17: =SUM(F5:F16) -> 9612.777 | G17: =B17-F17 -> -592.97143 | H17: =IFERROR(G17/F17, 0) -> -0.061685758

Sheet Fulton
A1: Fulton
A3: Actual vs. Expected | F3: Actual vs. Forecasted | I3: Notes
A4: Month | B4: Actual | C4: Expected | D4: Delta Expected | E4: % Expected | F4: Forecasted | G4: Delta Forecasted | H4: % Forecasted | I4: Notes | J4: Service Request
A5: Jan | B5: 29434.75 | C5: 28981.22 | D5: =B5-C5 -> 453.53 | E5: =IFERROR(D5/C5, 0) -> 0.0156491 | F5: 39673.79 | G5: =B5-F5 -> -10239.04 | H5: =IFERROR(G5/F5, 0) -> -0.25808071
A6: Feb | D6: =B6-C6 -> 0 | E6: =IFERROR(D6/C6, 0) -> 0 | G6: =B6-F6 -> 0 | H6: =IFERROR(G6/F6, 0) -> 0
A7: Mar | D7: =B7-C7 -> 0 | E7: =IFERROR(D7/C7, 0) -> 0 | G7: =B7-F7 -> 0 | H7: =IFERROR(G7/F7, 0) -> 0
A8: Apr | D8: =B8-C8 -> 0 | E8: =IFERROR(D8/C8, 0) -> 0 | G8: =B8-F8 -> 0 | H8: =IFERROR(G8/F8, 0) -> 0
A9: May | D9: =B9-C9 -> 0 | E9: =IFERROR(D9/C9, 0) -> 0 | G9: =B9-F9 -> 0 | H9: =IFERROR(G9/F9, 0) -> 0
A10: Jun | D10: =B10-C10 -> 0 | E10: =IFERROR(D10/C10, 0) -> 0 | G10: =B10-F10 -> 0 | H10: =IFERROR(G10/F10, 0) -> 0
A11: Jul | D11: =B11-C11 -> 0 | E11: =IFERROR(D11/C11, 0) -> 0 | G11: =B11-F11 -> 0 | H11: =IFERROR(G11/F11, 0) -> 0
A12: Aug | D12: =B12-C12 -> 0 | E12: =IFERROR(D12/C12, 0) -> 0 | G12: =B12-F12 -> 0 | H12: =IFERROR(G12/F12, 0) -> 0
A13: Sep | D13: =B13-C13 -> 0 | E13: =IFERROR(D13/C13, 0) -> 0 | G13: =B13-F13 -> 0 | H13: =IFERROR(G13/F13, 0) -> 0
A14: Oct | D14: =B14-C14 -> 0 | E14: =IFERROR(D14/C14, 0) -> 0 | G14: =B14-F14 -> 0 | H14: =IFERROR(G14/F14, 0) -> 0
A15: Nov | D15: =B15-C15 -> 0 | E15: =IFERROR(D15/C15, 0) -> 0 | G15: =B15-F15 -> 0 | H15: =IFERROR(G15/F15, 0) -> 0
A16: Dec | D16: =B16-C16 -> 0 | E16: =IFERROR(D16/C16, 0) -> 0 | G16: =B16-F16 -> 0 | H16: =IFERROR(G16/F16, 0) -> 0
A17: Totals | B17: =SUM(B5:B16) -> 29434.75 | C17: =SUM(C5:C16) -> 28981.22 | D17: =B17-C17 -> 453.53 | E17: =IFERROR(D17/C17, 0) -> 0.0156491 | F17: =SUM(F5:F16) -> 39673.79 | G17: =B17-F17 -> -10239.04 | H17: =IFERROR(G17/F17, 0) -> -0.25808071

Sheet JFK Elementary
A1: JFK Elementary
A3: Actual vs. Expected | F3: Actual vs. Forecasted | I3: Notes
A4: Month | B4: Actual | C4: Expected | D4: Delta Expected | E4: % Expected | F4: Forecasted | G4: Delta Forecasted | H4: % Forecasted | I4: Notes | J4: Service Request
A5: Jan | B5: 15656.69 | C5: 0 | D5: =B5-C5 -> 15656.69 | E5: =IFERROR(D5/C5, 0) -> 0 | F5: 1973 | G5: =B5-F5 -> 13683.69 | H5: =IFERROR(G5/F5, 0) -> 6.9354739
A6: Feb | D6: =B6-C6 -> 0 | E6: =IFERROR(D6/C6, 0) -> 0 | G6: =B6-F6 -> 0 | H6: =IFERROR(G6/F6, 0) -> 0
A7: Mar | D7: =B7-C7 -> 0 | E7: =IFERROR(D7/C7, 0) -> 0 | G7: =B7-F7 -> 0 | H7: =IFERROR(G7/F7, 0) -> 0
A8: Apr | D8: =B8-C8 -> 0 | E8: =IFERROR(D8/C8, 0) -> 0 | G8: =B8-F8 -> 0 | H8: =IFERROR(G8/F8, 0) -> 0
A9: May | D9: =B9-C9 -> 0 | E9: =IFERROR(D9/C9, 0) -> 0 | G9: =B9-F9 -> 0 | H9: =IFERROR(G9/F9, 0) -> 0
A10: Jun | D10: =B10-C10 -> 0 | E10: =IFERROR(D10/C10, 0) -> 0 | G10: =B10-F10 -> 0 | H10: =IFERROR(G10/F10, 0) -> 0
A11: Jul | D11: =B11-C11 -> 0 | E11: =IFERROR(D11/C11, 0) -> 0 | G11: =B11-F11 -> 0 | H11: =IFERROR(G11/F11, 0) -> 0
A12: Aug | D12: =B12-C12 -> 0 | E12: =IFERROR(D12/C12, 0) -> 0 | G12: =B12-F12 -> 0 | H12: =IFERROR(G12/F12, 0) -> 0
A13: Sep | D13: =B13-C13 -> 0 | E13: =IFERROR(D13/C13, 0) -> 0 | G13: =B13-F13 -> 0 | H13: =IFERROR(G13/F13, 0) -> 0
A14: Oct | D14: =B14-C14 -> 0 | E14: =IFERROR(D14/C14, 0) -> 0 | G14: =B14-F14 -> 0 | H14: =IFERROR(G14/F14, 0) -> 0
A15: Nov | D15: =B15-C15 -> 0 | E15: =IFERROR(D15/C15, 0) -> 0 | G15: =B15-F15 -> 0 | H15: =IFERROR(G15/F15, 0) -> 0
A16: Dec | D16: =B16-C16 -> 0 | E16: =IFERROR(D16/C16, 0) -> 0 | G16: =B16-F16 -> 0 | H16: =IFERROR(G16/F16, 0) -> 0
A17: Totals | B17: =SUM(B5:B16) -> 15656.69 | C17: =SUM(C5:C16) -> 0 | D17: =B17-C17 -> 15656.69 | E17: =IFERROR(D17/C17, 0) -> 0 | F17: =SUM(F5:F16) -> 1973 | G17: =B17-F17 -> 13683.69 | H17: =IFERROR(G17/F17, 0) -> 6.9354739

Sheet Noble
A1: Noble
A3: Actual vs. Expected | F3: Actual vs. Forecasted | I3: Notes
A4: Month | B4: Actual | C4: Expected | D4: Delta Expected | E4: % Expected | F4: Forecasted | G4: Delta Forecasted | H4: % Forecasted | I4: Notes | J4: Service Request
A5: Jan | B5: 8806.2478 | C5: 12098.42 | D5: =B5-C5 -> -3292.1722 | E5: =IFERROR(D5/C5, 0) -> -0.27211588 | F5: 11218.66 | G5: =B5-F5 -> -2412.4122 | H5: =IFERROR(G5/F5, 0) -> -0.21503568
A6: Feb | D6: =B6-C6 -> 0 | E6: =IFERROR(D6/C6, 0) -> 0 | G6: =B6-F6 -> 0 | H6: =IFERROR(G6/F6, 0) -> 0
A7: Mar | D7: =B7-C7 -> 0 | E7: =IFERROR(D7/C7, 0) -> 0 | G7: =B7-F7 -> 0 | H7: =IFERROR(G7/F7, 0) -> 0
A8: Apr | D8: =B8-C8 -> 0 | E8: =IFERROR(D8/C8, 0) -> 0 | G8: =B8-F8 -> 0 | H8: =IFERROR(G8/F8, 0) -> 0
A9: May | D9: =B9-C9 -> 0 | E9: =IFERROR(D9/C9, 0) -> 0 | G9: =B9-F9 -> 0 | H9: =IFERROR(G9/F9, 0) -> 0
A10: Jun | D10: =B10-C10 -> 0 | E10: =IFERROR(D10/C10, 0) -> 0 | G10: =B10-F10 -> 0 | H10: =IFERROR(G10/F10, 0) -> 0
A11: Jul | D11: =B11-C11 -> 0 | E11: =IFERROR(D11/C11, 0) -> 0 | G11: =B11-F11 -> 0 | H11: =IFERROR(G11/F11, 0) -> 0
A12: Aug | D12: =B12-C12 -> 0 | E12: =IFERROR(D12/C12, 0) -> 0 | G12: =B12-F12 -> 0 | H12: =IFERROR(G12/F12, 0) -> 0
A13: Sep | D13: =B13-C13 -> 0 | E13: =IFERROR(D13/C13, 0) -> 0 | G13: =B13-F13 -> 0 | H13: =IFERROR(G13/F13, 0) -> 0
A14: Oct | D14: =B14-C14 -> 0 | E14: =IFERROR(D14/C14, 0) -> 0 | G14: =B14-F14 -> 0 | H14: =IFERROR(G14/F14, 0) -> 0
A15: Nov | D15: =B15-C15 -> 0 | E15: =IFERROR(D15/C15, 0) -> 0 | G15: =B15-F15 -> 0 | H15: =IFERROR(G15/F15, 0) -> 0
A16: Dec | D16: =B16-C16 -> 0 | E16: =IFERROR(D16/C16, 0) -> 0 | G16: =B16-F16 -> 0 | H16: =IFERROR(G16/F16, 0) -> 0
A17: Totals | B17: =SUM(B5:B16) -> 8806.2478 | C17: =SUM(C5:C16) -> 12098.42 | D17: =B17-C17 -> -3292.1722 | E17: =IFERROR(D17/C17, 0) -> -0.27211588 | F17: =SUM(F5:F16) -> 11218.66 | G17: =B17-F17 -> -2412.4122 | H17: =IFERROR(G17/F17, 0) -> -0.21503568

Sheet Parking 3
A1: Parking 3
A3: Actual vs. Expected | F3: Actual vs. Forecasted | I3: Notes
A4: Month | B4: Actual | C4: Expected | D4: Delta Expected | E4: % Expected | F4: Forecasted | G4: Delta Forecasted | H4: % Forecasted | I4: Notes | J4: Service Request
A5: Jan | B5: 16586.8 | C5: 24366.89 | D5: =B5-C5 -> -7780.09 | E5: =IFERROR(D5/C5, 0) -> -0.31928941 | F5: 24201.63 | G5: =B5-F5 -> -7614.83 | H5: =IFERROR(G5/F5, 0) -> -0.3146412 | I5: 1.Inverter 1.1 is offline from 01/05 and back online on 01/17 at 10:45AM 2. Inverter 1.1 is offline from 07:00AM on 01/20 and back online at 11:00 on 01/22 | J5: 1.SR079991 2.SR080358
A6: Feb | D6: =B6-C6 -> 0 | E6: =IFERROR(D6/C6, 0) -> 0 | G6: =B6-F6 -> 0 | H6: =IFERROR(G6/F6, 0) -> 0
A7: Mar | D7: =B7-C7 -> 0 | E7: =IFERROR(D7/C7, 0) -> 0 | G7: =B7-F7 -> 0 | H7: =IFERROR(G7/F7, 0) -> 0
A8: Apr | D8: =B8-C8 -> 0 | E8: =IFERROR(D8/C8, 0) -> 0 | G8: =B8-F8 -> 0 | H8: =IFERROR(G8/F8, 0) -> 0
A9: May | D9: =B9-C9 -> 0 | E9: =IFERROR(D9/C9, 0) -> 0 | G9: =B9-F9 -> 0 | H9: =IFERROR(G9/F9, 0) -> 0
A10: Jun | D10: =B10-C10 -> 0 | E10: =IFERROR(D10/C10, 0) -> 0 | G10: =B10-F10 -> 0 | H10: =IFERROR(G10/F10, 0) -> 0
A11: Jul | D11: =B11-C11 -> 0 | E11: =IFERROR(D11/C11, 0) -> 0 | G11: =B11-F11 -> 0 | H11: =IFERROR(G11/F11, 0) -> 0
A12: Aug | D12: =B12-C12 -> 0 | E12: =IFERROR(D12/C12, 0) -> 0 | G12: =B12-F12 -> 0 | H12: =IFERROR(G12/F12, 0) -> 0
A13: Sep | D13: =B13-C13 -> 0 | E13: =IFERROR(D13/C13, 0) -> 0 | G13: =B13-F13 -> 0 | H13: =IFERROR(G13/F13, 0) -> 0
A14: Oct | D14: =B14-C14 -> 0 | E14: =IFERROR(D14/C14, 0) -> 0 | G14: =B14-F14 -> 0 | H14: =IFERROR(G14/F14, 0) -> 0
A15: Nov | D15: =B15-C15 -> 0 | E15: =IFERROR(D15/C15, 0) -> 0 | G15: =B15-F15 -> 0 | H15: =IFERROR(G15/F15, 0) -> 0
A16: Dec | D16: =B16-C16 -> 0 | E16: =IFERROR(D16/C16, 0) -> 0 | G16: =B16-F16 -> 0 | H16: =IFERROR(G16/F16, 0) -> 0
A17: Totals | B17: =SUM(B5:B16) -> 16586.8 | C17: =SUM(C5:C16) -> 24366.89 | D17: =B17-C17 -> -7780.09 | E17: =IFERROR(D17/C17, 0) -> -0.31928941 | F17: =SUM(F5:F16) -> 24201.63 | G17: =B17-F17 -> -7614.83 | H17: =IFERROR(G17/F17, 0) -> -0.3146412

Sheet PE East
A1: PE East
A3: Actual vs. Expected | F3: Actual vs. Forecasted | I3: Notes
A4: Month | B4: Actual | C4: Expected | D4: Delta Expected | E4: % Expected | F4: Forecasted | G4: Delta Forecasted | H4: % Forecasted | I4: Notes | J4: Service Request
A5: Jan | B5: 20730.183 | C5: 16836.22 | D5: =B5-C5 -> 3893.9634 | E5: =IFERROR(D5/C5, 0) -> 0.23128489 | F5: 24326.73 | G5: =B5-F5 -> -3596.5466 | H5: =IFERROR(G5/F5, 0) -> -0.14784341
A6: Feb | D6: =B6-C6 -> 0 | E6: =IFERROR(D6/C6, 0) -> 0 | G6: =B6-F6 -> 0 | H6: =IFERROR(G6/F6, 0) -> 0
A7: Mar | D7: =B7-C7 -> 0 | E7: =IFERROR(D7/C7, 0) -> 0 | G7: =B7-F7 -> 0 | H7: =IFERROR(G7/F7, 0) -> 0
A8: Apr | D8: =B8-C8 -> 0 | E8: =IFERROR(D8/C8, 0) -> 0 | G8: =B8-F8 -> 0 | H8: =IFERROR(G8/F8, 0) -> 0
A9: May | D9: =B9-C9 -> 0 | E9: =IFERROR(D9/C9, 0) -> 0 | G9: =B9-F9 -> 0 | H9: =IFERROR(G9/F9, 0) -> 0
A10: Jun | D10: =B10-C10 -> 0 | E10: =IFERROR(D10/C10, 0) -> 0 | G10: =B10-F10 -> 0 | H10: =IFERROR(G10/F10, 0) -> 0
A11: Jul | D11: =B11-C11 -> 0 | E11: =IFERROR(D11/C11, 0) -> 0 | G11: =B11-F11 -> 0 | H11: =IFERROR(G11/F11, 0) -> 0
A12: Aug | D12: =B12-C12 -> 0 | E12: =IFERROR(D12/C12, 0) -> 0 | G12: =B12-F12 -> 0 | H12: =IFERROR(G12/F12, 0) -> 0
A13: Sep | D13: =B13-C13 -> 0 | E13: =IFERROR(D13/C13, 0) -> 0 | G13: =B13-F13 -> 0 | H13: =IFERROR(G13/F13, 0) -> 0
A14: Oct | D14: =B14-C14 -> 0 | E14: =IFERROR(D14/C14, 0) -> 0 | G14: =B14-F14 -> 0 | H14: =IFERROR(G14/F14, 0) -> 0
A15: Nov | D15: =B15-C15 -> 0 | E15: =IFERROR(D15/C15, 0) -> 0 | G15: =B15-F15 -> 0 | H15: =IFERROR(G15/F15, 0) -> 0
A16: Dec | D16: =B16-C16 -> 0 | E16: =IFERROR(D16/C16, 0) -> 0 | G16: =B16-F16 -> 0 | H16: =IFERROR(G16/F16, 0) -> 0
A17: Totals | B17: =SUM(B5:B16) -> 20730.183 | C17: =SUM(C5:C16) -> 16836.22 | D17: =B17-C17 -> 3893.9634 | E17: =IFERROR(D17/C17, 0) -> 0.23128489 | F17: =SUM(F5:F16) -> 24326.73 | G17: =B17-F17 -> -3596.5466 | H17: =IFERROR(G17/F17, 0) -> -0.14784341

Sheet Schwada
A1: Schwada
A3: Actual vs. Expected | F3: Actual vs. Forecasted | I3: Notes
A4: Month | B4: Actual | C4: Expected | D4: Delta Expected | E4: % Expected | F4: Forecasted | G4: Delta Forecasted | H4: % Forecasted | I4: Notes | J4: Service Request
A5: Jan | B5: 8912.9888 | C5: 7118.619 | D5: =B5-C5 -> 1794.3698 | E5: =IFERROR(D5/C5, 0) -> 0.25206712 | F5: 10705 | G5: =B5-F5 -> -1792.0112 | H5: =IFERROR(G5/F5, 0) -> -0.16739946
A6: Feb | D6: =B6-C6 -> 0 | E6: =IFERROR(D6/C6, 0) -> 0 | G6: =B6-F6 -> 0 | H6: =IFERROR(G6/F6, 0) -> 0
A7: Mar | D7: =B7-C7 -> 0 | E7: =IFERROR(D7/C7, 0) -> 0 | G7: =B7-F7 -> 0 | H7: =IFERROR(G7/F7, 0) -> 0
A8: Apr | D8: =B8-C8 -> 0 | E8: =IFERROR(D8/C8, 0) -> 0 | G8: =B8-F8 -> 0 | H8: =IFERROR(G8/F8, 0) -> 0
A9: May | D9: =B9-C9 -> 0 | E9: =IFERROR(D9/C9, 0) -> 0 | G9: =B9-F9 -> 0 | H9: =IFERROR(G9/F9, 0) -> 0
A10: Jun | D10: =B10-C10 -> 0 | E10: =IFERROR(D10/C10, 0) -> 0 | G10: =B10-F10 -> 0 | H10: =IFERROR(G10/F10, 0) -> 0
A11: Jul | D11: =B11-C11 -> 0 | E11: =IFERROR(D11/C11, 0) -> 0 | G11: =B11-F11 -> 0 | H11: =IFERROR(G11/F11, 0) -> 0
A12: Aug | D12: =B12-C12 -> 0 | E12: =IFERROR(D12/C12, 0) -> 0 | G12: =B12-F12 -> 0 | H12: =IFERROR(G12/F12, 0) -> 0
A13: Sep | D13: =B13-C13 -> 0 | E13: =IFERROR(D13/C13, 0) -> 0 | G13: =B13-F13 -> 0 | H13: =IFERROR(G13/F13, 0) -> 0
A14: Oct | D14: =B14-C14 -> 0 | E14: =IFERROR(D14/C14, 0) -> 0 | G14: =B14-F14 -> 0 | H14: =IFERROR(G14/F14, 0) -> 0
A15: Nov | D15: =B15-C15 -> 0 | E15: =IFERROR(D15/C15, 0) -> 0 | G15: =B15-F15 -> 0 | H15: =IFERROR(G15/F15, 0) -> 0
A16: Dec | D16: =B16-C16 -> 0 | E16: =IFERROR(D16/C16, 0) -> 0 | G16: =B16-F16 -> 0 | H16: =IFERROR(G16/F16, 0) -> 0
A17: Totals | B17: =SUM(B5:B16) -> 8912.9888 | C17: =SUM(C5:C16) -> 7118.619 | D17: =B17-C17 -> 1794.3698 | E17: =IFERROR(D17/C17, 0) -> 0.25206712 | F17: =SUM(F5:F16) -> 10705 | G17: =B17-F17 -> -1792.0112 | H17: =IFERROR(G17/F17, 0) -> -0.16739946

Sheet Starshine
A1: Starshine
A3: Actual vs. Expected | F3: Actual vs. Forecasted | I3: Notes
A4: Month | B4: Actual | C4: Expected | D4: Delta Expected | E4: % Expected | F4: Forecasted | G4: Delta Forecasted | H4: % Forecasted | I4: Notes | J4: Service Request
A5: Jan | B5: 3747.203 | C5: 0 | D5: =B5-C5 -> 3747.203 | E5: =IFERROR(D5/C5, 0) -> 0 | F5: 0 | G5: =B5-F5 -> 3747.203 | H5: =IFERROR(G5/F5, 0) -> 0 | I5: 1.Site did not started on 01/25 and started late on 01/27. | J5: 1.SR080480
A6: Feb | D6: =B6-C6 -> 0 | E6: =IFERROR(D6/C6, 0) -> 0 | G6: =B6-F6 -> 0 | H6: =IFERROR(G6/F6, 0) -> 0
A7: Mar | D7: =B7-C7 -> 0 | E7: =IFERROR(D7/C7, 0) -> 0 | G7: =B7-F7 -> 0 | H7: =IFERROR(G7/F7, 0) -> 0
A8: Apr | D8: =B8-C8 -> 0 | E8: =IFERROR(D8/C8, 0) -> 0 | G8: =B8-F8 -> 0 | H8: =IFERROR(G8/F8, 0) -> 0
A9: May | D9: =B9-C9 -> 0 | E9: =IFERROR(D9/C9, 0) -> 0 | G9: =B9-F9 -> 0 | H9: =IFERROR(G9/F9, 0) -> 0
A10: Jun | D10: =B10-C10 -> 0 | E10: =IFERROR(D10/C10, 0) -> 0 | G10: =B10-F10 -> 0 | H10: =IFERROR(G10/F10, 0) -> 0
A11: Jul | D11: =B11-C11 -> 0 | E11: =IFERROR(D11/C11, 0) -> 0 | G11: =B11-F11 -> 0 | H11: =IFERROR(G11/F11, 0) -> 0
A12: Aug | D12: =B12-C12 -> 0 | E12: =IFERROR(D12/C12, 0) -> 0 | G12: =B12-F12 -> 0 | H12: =IFERROR(G12/F12, 0) -> 0
A13: Sep | D13: =B13-C13 -> 0 | E13: =IFERROR(D13/C13, 0) -> 0 | G13: =B13-F13 -> 0 | H13: =IFERROR(G13/F13, 0) -> 0
A14: Oct | D14: =B14-C14 -> 0 | E14: =IFERROR(D14/C14, 0) -> 0 | G14: =B14-F14 -> 0 | H14: =IFERROR(G14/F14, 0) -> 0
A15: Nov | D15: =B15-C15 -> 0 | E15: =IFERROR(D15/C15, 0) -> 0 | G15: =B15-F15 -> 0 | H15: =IFERROR(G15/F15, 0) -> 0
A16: Dec | D16: =B16-C16 -> 0 | E16: =IFERROR(D16/C16, 0) -> 0 | G16: =B16-F16 -> 0 | H16: =IFERROR(G16/F16, 0) -> 0
A17: Totals | B17: =SUM(B5:B16) -> 3747.203 | C17: =SUM(C5:C16) -> 0 | D17: =B17-C17 -> 3747.203 | E17: =IFERROR(D17/C17, 0) -> 0 | F17: =SUM(F5:F16) -> 0 | G17: =B17-F17 -> 3747.203 | H17: =IFERROR(G17/F17, 0) -> 0

Sheet Yuma Airport
A1: Yuma Airport
A3: Actual vs. Expected | F3: Actual vs. Forecasted | I3: Notes
A4: Month | B4: Actual | C4: Expected | D4: Delta Expected | E4: % Expected | F4: Forecasted | G4: Delta Forecasted | H4: % Forecasted | I4: Notes | J4: Service Request
A5: Jan | B5: 52995 | C5: 74566.16 | D5: =B5-C5 -> -21571.16 | E5: =IFERROR(D5/C5, 0) -> -0.28928887 | F5: 67067 | G5: =B5-F5 -> -14072 | H5: =IFERROR(G5/F5, 0) -> -0.20982003
A6: Feb | D6: =B6-C6 -> 0 | E6: =IFERROR(D6/C6, 0) -> 0 | G6: =B6-F6 -> 0 | H6: =IFERROR(G6/F6, 0) -> 0
A7: Mar | D7: =B7-C7 -> 0 | E7: =IFERROR(D7/C7, 0) -> 0 | G7: =B7-F7 -> 0 | H7: =IFERROR(G7/F7, 0) -> 0
A8: Apr | D8: =B8-C8 -> 0 | E8: =IFERROR(D8/C8, 0) -> 0 | G8: =B8-F8 -> 0 | H8: =IFERROR(G8/F8, 0) -> 0
A9: May | D9: =B9-C9 -> 0 | E9: =IFERROR(D9/C9, 0) -> 0 | G9: =B9-F9 -> 0 | H9: =IFERROR(G9/F9, 0) -> 0
A10: Jun | D10: =B10-C10 -> 0 | E10: =IFERROR(D10/C10, 0) -> 0 | G10: =B10-F10 -> 0 | H10: =IFERROR(G10/F10, 0) -> 0
A11: Jul | D11: =B11-C11 -> 0 | E11: =IFERROR(D11/C11, 0) -> 0 | G11: =B11-F11 -> 0 | H11: =IFERROR(G11/F11, 0) -> 0
A12: Aug | D12: =B12-C12 -> 0 | E12: =IFERROR(D12/C12, 0) -> 0 | G12: =B12-F12 -> 0 | H12: =IFERROR(G12/F12, 0) -> 0
A13: Sep | D13: =B13-C13 -> 0 | E13: =IFERROR(D13/C13, 0) -> 0 | G13: =B13-F13 -> 0 | H13: =IFERROR(G13/F13, 0) -> 0
A14: Oct | D14: =B14-C14 -> 0 | E14: =IFERROR(D14/C14, 0) -> 0 | G14: =B14-F14 -> 0 | H14: =IFERROR(G14/F14, 0) -> 0
A15: Nov | D15: =B15-C15 -> 0 | E15: =IFERROR(D15/C15, 0) -> 0 | G15: =B15-F15 -> 0 | H15: =IFERROR(G15/F15, 0) -> 0
A16: Dec | D16: =B16-C16 -> 0 | E16: =IFERROR(D16/C16, 0) -> 0 | G16: =B16-F16 -> 0 | H16: =IFERROR(G16/F16, 0) -> 0
A17: Totals | B17: =SUM(B5:B16) -> 52995 | C17: =SUM(C5:C16) -> 74566.16 | D17: =B17-C17 -> -21571.16 | E17: =IFERROR(D17/C17, 0) -> -0.28928887 | F17: =SUM(F5:F16) -> 67067 | G17: =B17-F17 -> -14072 | H17: =IFERROR(G17/F17, 0) -> -0.20982003

Sheet Kinsman
A1: Kinsman
A3: Actual vs. Expected | F3: Actual vs. Forecasted | I3: Notes
A4: Month | B4: Actual | C4: Expected | D4: Delta Expected | E4: % Expected | F4: Forecasted | G4: Delta Forecasted | H4: % Forecasted | I4: Notes | J4: Service Request
A5: Jan | B5: 20047.789 | C5: 40688.25 | D5: =B5-C5 -> -20640.461 | E5: =IFERROR(D5/C5, 0) -> -0.50728308 | F5: 55531 | G5: =B5-F5 -> -35483.211 | H5: =IFERROR(G5/F5, 0) -> -0.63898023 | I5: 1. Inveter B did not started for production 1/15 and 1/24. | J5: 1. SR080237
A6: Feb | D6: =B6-C6 -> 0 | E6: =IFERROR(D6/C6, 0) -> 0 | G6: =B6-F6 -> 0 | H6: =IFERROR(G6/F6, 0) -> 0
A7: Mar | D7: =B7-C7 -> 0 | E7: =IFERROR(D7/C7, 0) -> 0 | G7: =B7-F7 -> 0 | H7: =IFERROR(G7/F7, 0) -> 0
A8: Apr | D8: =B8-C8 -> 0 | E8: =IFERROR(D8/C8, 0) -> 0 | G8: =B8-F8 -> 0 | H8: =IFERROR(G8/F8, 0) -> 0
A9: May | D9: =B9-C9 -> 0 | E9: =IFERROR(D9/C9, 0) -> 0 | G9: =B9-F9 -> 0 | H9: =IFERROR(G9/F9, 0) -> 0
A10: Jun | D10: =B10-C10 -> 0 | E10: =IFERROR(D10/C10, 0) -> 0 | G10: =B10-F10 -> 0 | H10: =IFERROR(G10/F10, 0) -> 0
A11: Jul | D11: =B11-C11 -> 0 | E11: =IFERROR(D11/C11, 0) -> 0 | G11: =B11-F11 -> 0 | H11: =IFERROR(G11/F11, 0) -> 0
A12: Aug | D12: =B12-C12 -> 0 | E12: =IFERROR(D12/C12, 0) -> 0 | G12: =B12-F12 -> 0 | H12: =IFERROR(G12/F12, 0) -> 0
A13: Sep | D13: =B13-C13 -> 0 | E13: =IFERROR(D13/C13, 0) -> 0 | G13: =B13-F13 -> 0 | H13: =IFERROR(G13/F13, 0) -> 0
A14: Oct | D14: =B14-C14 -> 0 | E14: =IFERROR(D14/C14, 0) -> 0 | G14: =B14-F14 -> 0 | H14: =IFERROR(G14/F14, 0) -> 0
A15: Nov | D15: =B15-C15 -> 0 | E15: =IFERROR(D15/C15, 0) -> 0 | G15: =B15-F15 -> 0 | H15: =IFERROR(G15/F15, 0) -> 0
A16: Dec | D16: =B16-C16 -> 0 | E16: =IFERROR(D16/C16, 0) -> 0 | G16: =B16-F16 -> 0 | H16: =IFERROR(G16/F16, 0) -> 0
A17: Totals | B17: =SUM(B5:B16) -> 20047.789 | C17: =SUM(C5:C16) -> 40688.25 | D17: =B17-C17 -> -20640.461 | E17: =IFERROR(D17/C17, 0) -> -0.50728308 | F17: =SUM(F5:F16) -> 55531 | G17: =B17-F17 -> -35483.211 | H17: =IFERROR(G17/F17, 0) -> -0.63898023

Sheet Wooster
A1: Wooster
A3: Actual vs. Expected | F3: Actual vs. Forecasted | I3: Notes
A4: Month | B4: Actual | C4: Expected | D4: Delta Expected | E4: % Expected | F4: Forecasted | G4: Delta Forecasted | H4: % Forecasted | I4: Notes | J4: Service Request
A5: Jan | B5: 6323.25 | C5: 0 | D5: =B5-C5 -> 6323.25 | E5: =IFERROR(D5/C5, 0) -> 0 | F5: 12400 | G5: =B5-F5 -> -6076.75 | H5: =IFERROR(G5/F5, 0) -> -0.49006048
A6: Feb | D6: =B6-C6 -> 0 | E6: =IFERROR(D6/C6, 0) -> 0 | G6: =B6-F6 -> 0 | H6: =IFERROR(G6/F6, 0) -> 0
A7: Mar | D7: =B7-C7 -> 0 | E7: =IFERROR(D7/C7, 0) -> 0 | G7: =B7-F7 -> 0 | H7: =IFERROR(G7/F7, 0) -> 0
A8: Apr | D8: =B8-C8 -> 0 | E8: =IFERROR(D8/C8, 0) -> 0 | G8: =B8-F8 -> 0 | H8: =IFERROR(G8/F8, 0) -> 0
A9: May | D9: =B9-C9 -> 0 | E9: =IFERROR(D9/C9, 0) -> 0 | G9: =B9-F9 -> 0 | H9: =IFERROR(G9/F9, 0) -> 0
A10: Jun | D10: =B10-C10 -> 0 | E10: =IFERROR(D10/C10, 0) -> 0 | G10: =B10-F10 -> 0 | H10: =IFERROR(G10/F10, 0) -> 0
A11: Jul | D11: =B11-C11 -> 0 | E11: =IFERROR(D11/C11, 0) -> 0 | G11: =B11-F11 -> 0 | H11: =IFERROR(G11/F11, 0) -> 0
A12: Aug | D12: =B12-C12 -> 0 | E12: =IFERROR(D12/C12, 0) -> 0 | G12: =B12-F12 -> 0 | H12: =IFERROR(G12/F12, 0) -> 0
A13: Sep | D13: =B13-C13 -> 0 | E13: =IFERROR(D13/C13, 0) -> 0 | G13: =B13-F13 -> 0 | H13: =IFERROR(G13/F13, 0) -> 0
A14: Oct | D14: =B14-C14 -> 0 | E14: =IFERROR(D14/C14, 0) -> 0 | G14: =B14-F14 -> 0 | H14: =IFERROR(G14/F14, 0) -> 0
A15: Nov | D15: =B15-C15 -> 0 | E15: =IFERROR(D15/C15, 0) -> 0 | G15: =B15-F15 -> 0 | H15: =IFERROR(G15/F15, 0) -> 0
A16: Dec | D16: =B16-C16 -> 0 | E16: =IFERROR(D16/C16, 0) -> 0 | G16: =B16-F16 -> 0 | H16: =IFERROR(G16/F16, 0) -> 0
A17: Totals | B17: =SUM(B5:B16) -> 6323.25 | C17: =SUM(C5:C16) -> 0 | D17: =B17-C17 -> 6323.25 | E17: =IFERROR(D17/C17, 0) -> 0 | F17: =SUM(F5:F16) -> 12400 | G17: =B17-F17 -> -6076.75 | H17: =IFERROR(G17/F17, 0) -> -0.49006048

Sheet Globe Gila CC
A1: Globe Gila CC
A3: Actual vs. Expected | F3: Actual vs. Forecasted | I3: Notes
A4: Month | B4: Actual | C4: Expected | D4: Delta Expected | E4: % Expected | F4: Forecasted | G4: Delta Forecasted | H4: % Forecasted | I4: Notes | J4: Service Request
A5: Jan | B5: 10382.778 | C5: 0 | D5: =B5-C5 -> 10382.778 | E5: =IFERROR(D5/C5, 0) -> 0 | F5: 11007 | G5: =B5-F5 -> -624.22218 | H5: =IFERROR(G5/F5, 0) -> -0.056711382
A6: Feb | D6: =B6-C6 -> 0 | E6: =IFERROR(D6/C6, 0) -> 0 | G6: =B6-F6 -> 0 | H6: =IFERROR(G6/F6, 0) -> 0
A7: Mar | D7: =B7-C7 -> 0 | E7: =IFERROR(D7/C7, 0) -> 0 | G7: =B7-F7 -> 0 | H7: =IFERROR(G7/F7, 0) -> 0
A8: Apr | D8: =B8-C8 -> 0 | E8: =IFERROR(D8/C8, 0) -> 0 | G8: =B8-F8 -> 0 | H8: =IFERROR(G8/F8, 0) -> 0
A9: May | D9: =B9-C9 -> 0 | E9: =IFERROR(D9/C9, 0) -> 0 | G9: =B9-F9 -> 0 | H9: =IFERROR(G9/F9, 0) -> 0
A10: Jun | D10: =B10-C10 -> 0 | E10: =IFERROR(D10/C10, 0) -> 0 | G10: =B10-F10 -> 0 | H10: =IFERROR(G10/F10, 0) -> 0
A11: Jul | D11: =B11-C11 -> 0 | E11: =IFERROR(D11/C11, 0) -> 0 | G11: =B11-F11 -> 0 | H11: =IFERROR(G11/F11, 0) -> 0
A12: Aug | D12: =B12-C12 -> 0 | E12: =IFERROR(D12/C12, 0) -> 0 | G12: =B12-F12 -> 0 | H12: =IFERROR(G12/F12, 0) -> 0
A13: Sep | D13: =B13-C13 -> 0 | E13: =IFERROR(D13/C13, 0) -> 0 | G13: =B13-F13 -> 0 | H13: =IFERROR(G13/F13, 0) -> 0
A14: Oct | D14: =B14-C14 -> 0 | E14: =IFERROR(D14/C14, 0) -> 0 | G14: =B14-F14 -> 0 | H14: =IFERROR(G14/F14, 0) -> 0
A15: Nov | D15: =B15-C15 -> 0 | E15: =IFERROR(D15/C15, 0) -> 0 | G15: =B15-F15 -> 0 | H15: =IFERROR(G15/F15, 0) -> 0
A16: Dec | D16: =B16-C16 -> 0 | E16: =IFERROR(D16/C16, 0) -> 0 | G16: =B16-F16 -> 0 | H16: =IFERROR(G16/F16, 0) -> 0
A17: Totals | B17: =SUM(B5:B16) -> 10382.778 | C17: =SUM(C5:C16) -> 0 | D17: =B17-C17 -> 10382.778 | E17: =IFERROR(D17/C17, 0) -> 0 | F17: =SUM(F5:F16) -> 11007 | G17: =B17-F17 -> -624.22218 | H17: =IFERROR(G17/F17, 0) -> -0.056711382

Sheet Payson Gila CC
A1: Payson Gila CC
A3: Actual vs. Expected | F3: Actual vs. Forecasted | I3: Notes
A4: Month | B4: Actual | C4: Expected | D4: Delta Expected | E4: % Expected | F4: Forecasted | G4: Delta Forecasted | H4: % Forecasted | I4: Notes | J4: Service Request
A5: Jan | B5: 6804.5808 | C5: 0 | D5: =B5-C5 -> 6804.5808 | E5: =IFERROR(D5/C5, 0) -> 0 | F5: 8517 | G5: =B5-F5 -> -1712.4192 | H5: =IFERROR(G5/F5, 0) -> -0.20105896
A6: Feb | D6: =B6-C6 -> 0 | E6: =IFERROR(D6/C6, 0) -> 0 | G6: =B6-F6 -> 0 | H6: =IFERROR(G6/F6, 0) -> 0
A7: Mar | D7: =B7-C7 -> 0 | E7: =IFERROR(D7/C7, 0) -> 0 | G7: =B7-F7 -> 0 | H7: =IFERROR(G7/F7, 0) -> 0
A8: Apr | D8: =B8-C8 -> 0 | E8: =IFERROR(D8/C8, 0) -> 0 | G8: =B8-F8 -> 0 | H8: =IFERROR(G8/F8, 0) -> 0
A9: May | D9: =B9-C9 -> 0 | E9: =IFERROR(D9/C9, 0) -> 0 | G9: =B9-F9 -> 0 | H9: =IFERROR(G9/F9, 0) -> 0
A10: Jun | D10: =B10-C10 -> 0 | E10: =IFERROR(D10/C10, 0) -> 0 | G10: =B10-F10 -> 0 | H10: =IFERROR(G10/F10, 0) -> 0
A11: Jul | D11: =B11-C11 -> 0 | E11: =IFERROR(D11/C11, 0) -> 0 | G11: =B11-F11 -> 0 | H11: =IFERROR(G11/F11, 0) -> 0
A12: Aug | D12: =B12-C12 -> 0 | E12: =IFERROR(D12/C12, 0) -> 0 | G12: =B12-F12 -> 0 | H12: =IFERROR(G12/F12, 0) -> 0
A13: Sep | D13: =B13-C13 -> 0 | E13: =IFERROR(D13/C13, 0) -> 0 | G13: =B13-F13 -> 0 | H13: =IFERROR(G13/F13, 0) -> 0
A14: Oct | D14: =B14-C14 -> 0 | E14: =IFERROR(D14/C14, 0) -> 0 | G14: =B14-F14 -> 0 | H14: =IFERROR(G14/F14, 0) -> 0
A15: Nov | D15: =B15-C15 -> 0 | E15: =IFERROR(D15/C15, 0) -> 0 | G15: =B15-F15 -> 0 | H15: =IFERROR(G15/F15, 0) -> 0
A16: Dec | D16: =B16-C16 -> 0 | E16: =IFERROR(D16/C16, 0) -> 0 | G16: =B16-F16 -> 0 | H16: =IFERROR(G16/F16, 0) -> 0
A17: Totals | B17: =SUM(B5:B16) -> 6804.5808 | C17: =SUM(C5:C16) -> 0 | D17: =B17-C17 -> 6804.5808 | E17: =IFERROR(D17/C17, 0) -> 0 | F17: =SUM(F5:F16) -> 8517 | G17: =B17-F17 -> -1712.4192 | H17: =IFERROR(G17/F17, 0) -> -0.20105896

Sheet SCNM
A1: SCNM
A3: Actual vs. Expected | F3: Actual vs. Forecasted | I3: Notes
A4: Month | B4: Actual | C4: Expected | D4: Delta Expected | E4: % Expected | F4: Forecasted | G4: Delta Forecasted | H4: % Forecasted | I4: Notes | J4: Service Request
A5: Jan | B5: 51680.32 | C5: 0 | D5: =B5-C5 -> 51680.32 | E5: =IFERROR(D5/C5, 0) -> 0 | F5: 28849 | G5: =B5-F5 -> 22831.32 | H5: =IFERROR(G5/F5, 0) -> 0.79140767
A6: Feb | D6: =B6-C6 -> 0 | E6: =IFERROR(D6/C6, 0) -> 0 | G6: =B6-F6 -> 0 | H6: =IFERROR(G6/F6, 0) -> 0
A7: Mar | D7: =B7-C7 -> 0 | E7: =IFERROR(D7/C7, 0) -> 0 | G7: =B7-F7 -> 0 | H7: =IFERROR(G7/F7, 0) -> 0
A8: Apr | D8: =B8-C8 -> 0 | E8: =IFERROR(D8/C8, 0) -> 0 | G8: =B8-F8 -> 0 | H8: =IFERROR(G8/F8, 0) -> 0
A9: May | D9: =B9-C9 -> 0 | E9: =IFERROR(D9/C9, 0) -> 0 | G9: =B9-F9 -> 0 | H9: =IFERROR(G9/F9, 0) -> 0
A10: Jun | D10: =B10-C10 -> 0 | E10: =IFERROR(D10/C10, 0) -> 0 | G10: =B10-F10 -> 0 | H10: =IFERROR(G10/F10, 0) -> 0
A11: Jul | D11: =B11-C11 -> 0 | E11: =IFERROR(D11/C11, 0) -> 0 | G11: =B11-F11 -> 0 | H11: =IFERROR(G11/F11, 0) -> 0
A12: Aug | D12: =B12-C12 -> 0 | E12: =IFERROR(D12/C12, 0) -> 0 | G12: =B12-F12 -> 0 | H12: =IFERROR(G12/F12, 0) -> 0
A13: Sep | D13: =B13-C13 -> 0 | E13: =IFERROR(D13/C13, 0) -> 0 | G13: =B13-F13 -> 0 | H13: =IFERROR(G13/F13, 0) -> 0
A14: Oct | D14: =B14-C14 -> 0 | E14: =IFERROR(D14/C14, 0) -> 0 | G14: =B14-F14 -> 0 | H14: =IFERROR(G14/F14, 0) -> 0
A15: Nov | D15: =B15-C15 -> 0 | E15: =IFERROR(D15/C15, 0) -> 0 | G15: =B15-F15 -> 0 | H15: =IFERROR(G15/F15, 0) -> 0
A16: Dec | D16: =B16-C16 -> 0 | E16: =IFERROR(D16/C16, 0) -> 0 | G16: =B16-F16 -> 0 | H16: =IFERROR(G16/F16, 0) -> 0
A17: Totals | B17: =SUM(B5:B16) -> 51680.32 | C17: =SUM(C5:C16) -> 0 | D17: =B17-C17 -> 51680.32 | E17: =IFERROR(D17/C17, 0) -> 0 | F17: =SUM(F5:F16) -> 28849 | G17: =B17-F17 -> 22831.32 | H17: =IFERROR(G17/F17, 0) -> 0.79140767

Sheet Sequoia Charter School
A1: Sequoia Charter School
A3: Actual vs. Expected | F3: Actual vs. Forecasted | I3: Notes
A4: Month | B4: Actual | C4: Expected | D4: Delta Expected | E4: % Expected | F4: Forecasted | G4: Delta Forecasted | H4: % Forecasted | I4: Notes | J4: Service Request
A5: Jan | B5: 20768 | C5: 0 | D5: =B5-C5 -> 20768 | E5: =IFERROR(D5/C5, 0) -> 0 | F5: 8180 | G5: =B5-F5 -> 12588 | H5: =IFERROR(G5/F5, 0) -> 1.5388753
A6: Feb | D6: =B6-C6 -> 0 | E6: =IFERROR(D6/C6, 0) -> 0 | G6: =B6-F6 -> 0 | H6: =IFERROR(G6/F6, 0) -> 0
A7: Mar | D7: =B7-C7 -> 0 | E7: =IFERROR(D7/C7, 0) -> 0 | G7: =B7-F7 -> 0 | H7: =IFERROR(G7/F7, 0) -> 0
A8: Apr | D8: =B8-C8 -> 0 | E8: =IFERROR(D8/C8, 0) -> 0 | G8: =B8-F8 -> 0 | H8: =IFERROR(G8/F8, 0) -> 0
A9: May | D9: =B9-C9 -> 0 | E9: =IFERROR(D9/C9, 0) -> 0 | G9: =B9-F9 -> 0 | H9: =IFERROR(G9/F9, 0) -> 0
A10: Jun | D10: =B10-C10 -> 0 | E10: =IFERROR(D10/C10, 0) -> 0 | G10: =B10-F10 -> 0 | H10: =IFERROR(G10/F10, 0) -> 0
A11: Jul | D11: =B11-C11 -> 0 | E11: =IFERROR(D11/C11, 0) -> 0 | G11: =B11-F11 -> 0 | H11: =IFERROR(G11/F11, 0) -> 0
A12: Aug | D12: =B12-C12 -> 0 | E12: =IFERROR(D12/C12, 0) -> 0 | G12: =B12-F12 -> 0 | H12: =IFERROR(G12/F12, 0) -> 0
A13: Sep | D13: =B13-C13 -> 0 | E13: =IFERROR(D13/C13, 0) -> 0 | G13: =B13-F13 -> 0 | H13: =IFERROR(G13/F13, 0) -> 0
A14: Oct | D14: =B14-C14 -> 0 | E14: =IFERROR(D14/C14, 0) -> 0 | G14: =B14-F14 -> 0 | H14: =IFERROR(G14/F14, 0) -> 0
A15: Nov | D15: =B15-C15 -> 0 | E15: =IFERROR(D15/C15, 0) -> 0 | G15: =B15-F15 -> 0 | H15: =IFERROR(G15/F15, 0) -> 0
A16: Dec | D16: =B16-C16 -> 0 | E16: =IFERROR(D16/C16, 0) -> 0 | G16: =B16-F16 -> 0 | H16: =IFERROR(G16/F16, 0) -> 0
A17: Totals | B17: =SUM(B5:B16) -> 20768 | C17: =SUM(C5:C16) -> 0 | D17: =B17-C17 -> 20768 | E17: =IFERROR(D17/C17, 0) -> 0 | F17: =SUM(F5:F16) -> 8180 | G17: =B17-F17 -> 12588 | H17: =IFERROR(G17/F17, 0) -> 1.5388753

Sheet RCAB
A1: RCAB
A3: Actual vs. Expected | F3: Actual vs. Forecasted | I3: Notes
A4: Month | B4: Actual | C4: Expected | D4: Delta Expected | E4: % Expected | F4: Forecasted | G4: Delta Forecasted | H4: % Forecasted | I4: Notes | J4: Service Request
A5: Jan | B5: 23135 | C5: 43481.12 | D5: =B5-C5 -> -20346.12 | E5: =IFERROR(D5/C5, 0) -> -0.46792999 | F5: 47410.87 | G5: =B5-F5 -> -24275.87 | H5: =IFERROR(G5/F5, 0) -> -0.51203173
A6: Feb | D6: =B6-C6 -> 0 | E6: =IFERROR(D6/C6, 0) -> 0 | G6: =B6-F6 -> 0 | H6: =IFERROR(G6/F6, 0) -> 0
A7: Mar | D7: =B7-C7 -> 0 | E7: =IFERROR(D7/C7, 0) -> 0 | G7: =B7-F7 -> 0 | H7: =IFERROR(G7/F7, 0) -> 0
A8: Apr | D8: =B8-C8 -> 0 | E8: =IFERROR(D8/C8, 0) -> 0 | G8: =B8-F8 -> 0 | H8: =IFERROR(G8/F8, 0) -> 0
A9: May | D9: =B9-C9 -> 0 | E9: =IFERROR(D9/C9, 0) -> 0 | G9: =B9-F9 -> 0 | H9: =IFERROR(G9/F9, 0) -> 0
A10: Jun | D10: =B10-C10 -> 0 | E10: =IFERROR(D10/C10, 0) -> 0 | G10: =B10-F10 -> 0 | H10: =IFERROR(G10/F10, 0) -> 0
A11: Jul | D11: =B11-C11 -> 0 | E11: =IFERROR(D11/C11, 0) -> 0 | G11: =B11-F11 -> 0 | H11: =IFERROR(G11/F11, 0) -> 0
A12: Aug | D12: =B12-C12 -> 0 | E12: =IFERROR(D12/C12, 0) -> 0 | G12: =B12-F12 -> 0 | H12: =IFERROR(G12/F12, 0) -> 0
A13: Sep | D13: =B13-C13 -> 0 | E13: =IFERROR(D13/C13, 0) -> 0 | G13: =B13-F13 -> 0 | H13: =IFERROR(G13/F13, 0) -> 0
A14: Oct | D14: =B14-C14 -> 0 | E14: =IFERROR(D14/C14, 0) -> 0 | G14: =B14-F14 -> 0 | H14: =IFERROR(G14/F14, 0) -> 0
A15: Nov | D15: =B15-C15 -> 0 | E15: =IFERROR(D15/C15, 0) -> 0 | G15: =B15-F15 -> 0 | H15: =IFERROR(G15/F15, 0) -> 0
A16: Dec | D16: =B16-C16 -> 0 | E16: =IFERROR(D16/C16, 0) -> 0 | G16: =B16-F16 -> 0 | H16: =IFERROR(G16/F16, 0) -> 0
A17: Totals | B17: =SUM(B5:B16) -> 23135 | C17: =SUM(C5:C16) -> 43481.12 | D17: =B17-C17 -> -20346.12 | E17: =IFERROR(D17/C17, 0) -> -0.46792999 | F17: =SUM(F5:F16) -> 47410.87 | G17: =B17-F17 -> -24275.87 | H17: =IFERROR(G17/F17, 0) -> -0.51203173

Sheet Spectro Coatings
A1: Spectro Coatings
A3: Actual vs. Expected | F3: Actual vs. Forecasted | I3: Notes
A4: Month | B4: Actual | C4: Expected | D4: Delta Expected | E4: % Expected | F4: Forecasted | G4: Delta Forecasted | H4: % Forecasted | I4: Notes | J4: Service Request
A5: Jan | B5: 5510.625 | C5: 12146.73 | D5: =B5-C5 -> -6636.105 | E5: =IFERROR(D5/C5, 0) -> -0.54632852 | F5: 11789.76 | G5: =B5-F5 -> -6279.135 | H5: =IFERROR(G5/F5, 0) -> -0.53259227 | I5: 1. Site was offline on 1/22 at 15:30 and back online on 1/23 11:45. | J5: 1. SR080401
A6: Feb | D6: =B6-C6 -> 0 | E6: =IFERROR(D6/C6, 0) -> 0 | G6: =B6-F6 -> 0 | H6: =IFERROR(G6/F6, 0) -> 0
A7: Mar | D7: =B7-C7 -> 0 | E7: =IFERROR(D7/C7, 0) -> 0 | G7: =B7-F7 -> 0 | H7: =IFERROR(G7/F7, 0) -> 0
A8: Apr | D8: =B8-C8 -> 0 | E8: =IFERROR(D8/C8, 0) -> 0 | G8: =B8-F8 -> 0 | H8: =IFERROR(G8/F8, 0) -> 0
A9: May | D9: =B9-C9 -> 0 | E9: =IFERROR(D9/C9, 0) -> 0 | G9: =B9-F9 -> 0 | H9: =IFERROR(G9/F9, 0) -> 0
A10: Jun | D10: =B10-C10 -> 0 | E10: =IFERROR(D10/C10, 0) -> 0 | G10: =B10-F10 -> 0 | H10: =IFERROR(G10/F10, 0) -> 0
A11: Jul | D11: =B11-C11 -> 0 | E11: =IFERROR(D11/C11, 0) -> 0 | G11: =B11-F11 -> 0 | H11: =IFERROR(G11/F11, 0) -> 0
A12: Aug | D12: =B12-C12 -> 0 | E12: =IFERROR(D12/C12, 0) -> 0 | G12: =B12-F12 -> 0 | H12: =IFERROR(G12/F12, 0) -> 0
A13: Sep | D13: =B13-C13 -> 0 | E13: =IFERROR(D13/C13, 0) -> 0 | G13: =B13-F13 -> 0 | H13: =IFERROR(G13/F13, 0) -> 0
A14: Oct | D14: =B14-C14 -> 0 | E14: =IFERROR(D14/C14, 0) -> 0 | G14: =B14-F14 -> 0 | H14: =IFERROR(G14/F14, 0) -> 0
A15: Nov | D15: =B15-C15 -> 0 | E15: =IFERROR(D15/C15, 0) -> 0 | G15: =B15-F15 -> 0 | H15: =IFERROR(G15/F15, 0) -> 0
A16: Dec | D16: =B16-C16 -> 0 | E16: =IFERROR(D16/C16, 0) -> 0 | G16: =B16-F16 -> 0 | H16: =IFERROR(G16/F16, 0) -> 0
A17: Totals | B17: =SUM(B5:B16) -> 5510.625 | C17: =SUM(C5:C16) -> 12146.73 | D17: =B17-C17 -> -6636.105 | E17: =IFERROR(D17/C17, 0) -> -0.54632852 | F17: =SUM(F5:F16) -> 11789.76 | G17: =B17-F17 -> -6279.135 | H17: =IFERROR(G17/F17, 0) -> -0.53259227

Sheet K026
A1: K026
A3: Actual vs. Expected | F3: Actual vs. Forecasted | I3: Notes
A4: Month | B4: Actual | C4: Expected | D4: Delta Expected | E4: % Expected | F4: Forecasted | G4: Delta Forecasted | H4: % Forecasted | I4: Notes | J4: Service Request
A5: Jan | B5: 7049.125 | C5: 12398.04 | D5: =B5-C5 -> -5348.915 | E5: =IFERROR(D5/C5, 0) -> -0.43143231 | F5: 18592.65 | G5: =B5-F5 -> -11543.525 | H5: =IFERROR(G5/F5, 0) -> -0.62086497
A6: Feb | D6: =B6-C6 -> 0 | E6: =IFERROR(D6/C6, 0) -> 0 | G6: =B6-F6 -> 0 | H6: =IFERROR(G6/F6, 0) -> 0
A7: Mar | D7: =B7-C7 -> 0 | E7: =IFERROR(D7/C7, 0) -> 0 | G7: =B7-F7 -> 0 | H7: =IFERROR(G7/F7, 0) -> 0
A8: Apr | D8: =B8-C8 -> 0 | E8: =IFERROR(D8/C8, 0) -> 0 | G8: =B8-F8 -> 0 | H8: =IFERROR(G8/F8, 0) -> 0
A9: May | D9: =B9-C9 -> 0 | E9: =IFERROR(D9/C9, 0) -> 0 | G9: =B9-F9 -> 0 | H9: =IFERROR(G9/F9, 0) -> 0
A10: Jun | D10: =B10-C10 -> 0 | E10: =IFERROR(D10/C10, 0) -> 0 | G10: =B10-F10 -> 0 | H10: =IFERROR(G10/F10, 0) -> 0
A11: Jul | D11: =B11-C11 -> 0 | E11: =IFERROR(D11/C11, 0) -> 0 | G11: =B11-F11 -> 0 | H11: =IFERROR(G11/F11, 0) -> 0
A12: Aug | D12: =B12-C12 -> 0 | E12: =IFERROR(D12/C12, 0) -> 0 | G12: =B12-F12 -> 0 | H12: =IFERROR(G12/F12, 0) -> 0
A13: Sep | D13: =B13-C13 -> 0 | E13: =IFERROR(D13/C13, 0) -> 0 | G13: =B13-F13 -> 0 | H13: =IFERROR(G13/F13, 0) -> 0
A14: Oct | D14: =B14-C14 -> 0 | E14: =IFERROR(D14/C14, 0) -> 0 | G14: =B14-F14 -> 0 | H14: =IFERROR(G14/F14, 0) -> 0
A15: Nov | D15: =B15-C15 -> 0 | E15: =IFERROR(D15/C15, 0) -> 0 | G15: =B15-F15 -> 0 | H15: =IFERROR(G15/F15, 0) -> 0
A16: Dec | D16: =B16-C16 -> 0 | E16: =IFERROR(D16/C16, 0) -> 0 | G16: =B16-F16 -> 0 | H16: =IFERROR(G16/F16, 0) -> 0
A17: Totals | B17: =SUM(B5:B16) -> 7049.125 | C17: =SUM(C5:C16) -> 12398.04 | D17: =B17-C17 -> -5348.915 | E17: =IFERROR(D17/C17, 0) -> -0.43143231 | F17: =SUM(F5:F16) -> 18592.65 | G17: =B17-F17 -> -11543.525 | H17: =IFERROR(G17/F17, 0) -> -0.62086497

Sheet K041
A1: K041
A3: Actual vs. Expected | F3: Actual vs. Forecasted | I3: Notes
A4: Month | B4: Actual | C4: Expected | D4: Delta Expected | E4: % Expected | F4: Forecasted | G4: Delta Forecasted | H4: % Forecasted | I4: Notes | J4: Service Request
A5: Jan | B5: 2400.5966 | C5: 0 | D5: =B5-C5 -> 2400.5966 | E5: =IFERROR(D5/C5, 0) -> 0 | F5: 0 | G5: =B5-F5 -> 2400.5966 | H5: =IFERROR(G5/F5, 0) -> 0 | I5: 1. Site started production from 1/18 | J5: 1. SR079892
A6: Feb | D6: =B6-C6 -> 0 | E6: =IFERROR(D6/C6, 0) -> 0 | G6: =B6-F6 -> 0 | H6: =IFERROR(G6/F6, 0) -> 0
A7: Mar | D7: =B7-C7 -> 0 | E7: =IFERROR(D7/C7, 0) -> 0 | G7: =B7-F7 -> 0 | H7: =IFERROR(G7/F7, 0) -> 0
A8: Apr | D8: =B8-C8 -> 0 | E8: =IFERROR(D8/C8, 0) -> 0 | G8: =B8-F8 -> 0 | H8: =IFERROR(G8/F8, 0) -> 0
A9: May | D9: =B9-C9 -> 0 | E9: =IFERROR(D9/C9, 0) -> 0 | G9: =B9-F9 -> 0 | H9: =IFERROR(G9/F9, 0) -> 0
A10: Jun | D10: =B10-C10 -> 0 | E10: =IFERROR(D10/C10, 0) -> 0 | G10: =B10-F10 -> 0 | H10: =IFERROR(G10/F10, 0) -> 0
A11: Jul | D11: =B11-C11 -> 0 | E11: =IFERROR(D11/C11, 0) -> 0 | G11: =B11-F11 -> 0 | H11: =IFERROR(G11/F11, 0) -> 0
A12: Aug | D12: =B12-C12 -> 0 | E12: =IFERROR(D12/C12, 0) -> 0 | G12: =B12-F12 -> 0 | H12: =IFERROR(G12/F12, 0) -> 0
A13: Sep | D13: =B13-C13 -> 0 | E13: =IFERROR(D13/C13, 0) -> 0 | G13: =B13-F13 -> 0 | H13: =IFERROR(G13/F13, 0) -> 0
A14: Oct | D14: =B14-C14 -> 0 | E14: =IFERROR(D14/C14, 0) -> 0 | G14: =B14-F14 -> 0 | H14: =IFERROR(G14/F14, 0) -> 0
A15: Nov | D15: =B15-C15 -> 0 | E15: =IFERROR(D15/C15, 0) -> 0 | G15: =B15-F15 -> 0 | H15: =IFERROR(G15/F15, 0) -> 0
A16: Dec | D16: =B16-C16 -> 0 | E16: =IFERROR(D16/C16, 0) -> 0 | G16: =B16-F16 -> 0 | H16: =IFERROR(G16/F16, 0) -> 0
A17: Totals | B17: =SUM(B5:B16) -> 2400.5966 | C17: =SUM(C5:C16) -> 0 | D17: =B17-C17 -> 2400.5966 | E17: =IFERROR(D17/C17, 0) -> 0 | F17: =SUM(F5:F16) -> 0 | G17: =B17-F17 -> 2400.5966 | H17: =IFERROR(G17/F17, 0) -> 0

Sheet K043
A1: K043
A3: Actual vs. Expected | F3: Actual vs. Forecasted | I3: Notes
A4: Month | B4: Actual | C4: Expected | D4: Delta Expected | E4: % Expected | F4: Forecasted | G4: Delta Forecasted | H4: % Forecasted | I4: Notes | J4: Service Request
A5: Jan | B5: 7037.3281 | C5: 10909.38 | D5: =B5-C5 -> -3872.0519 | E5: =IFERROR(D5/C5, 0) -> -0.35492868 | F5: 20258 | G5: =B5-F5 -> -13220.672 | H5: =IFERROR(G5/F5, 0) -> -0.65261486
A6: Feb | D6: =B6-C6 -> 0 | E6: =IFERROR(D6/C6, 0) -> 0 | G6: =B6-F6 -> 0 | H6: =IFERROR(G6/F6, 0) -> 0
A7: Mar | D7: =B7-C7 -> 0 | E7: =IFERROR(D7/C7, 0) -> 0 | G7: =B7-F7 -> 0 | H7: =IFERROR(G7/F7, 0) -> 0
A8: Apr | D8: =B8-C8 -> 0 | E8: =IFERROR(D8/C8, 0) -> 0 | G8: =B8-F8 -> 0 | H8: =IFERROR(G8/F8, 0) -> 0
A9: May | D9: =B9-C9 -> 0 | E9: =IFERROR(D9/C9, 0) -> 0 | G9: =B9-F9 -> 0 | H9: =IFERROR(G9/F9, 0) -> 0
A10: Jun | D10: =B10-C10 -> 0 | E10: =IFERROR(D10/C10, 0) -> 0 | G10: =B10-F10 -> 0 | H10: =IFERROR(G10/F10, 0) -> 0
A11: Jul | D11: =B11-C11 -> 0 | E11: =IFERROR(D11/C11, 0) -> 0 | G11: =B11-F11 -> 0 | H11: =IFERROR(G11/F11, 0) -> 0
A12: Aug | D12: =B12-C12 -> 0 | E12: =IFERROR(D12/C12, 0) -> 0 | G12: =B12-F12 -> 0 | H12: =IFERROR(G12/F12, 0) -> 0
A13: Sep | D13: =B13-C13 -> 0 | E13: =IFERROR(D13/C13, 0) -> 0 | G13: =B13-F13 -> 0 | H13: =IFERROR(G13/F13, 0) -> 0
A14: Oct | D14: =B14-C14 -> 0 | E14: =IFERROR(D14/C14, 0) -> 0 | G14: =B14-F14 -> 0 | H14: =IFERROR(G14/F14, 0) -> 0
A15: Nov | D15: =B15-C15 -> 0 | E15: =IFERROR(D15/C15, 0) -> 0 | G15: =B15-F15 -> 0 | H15: =IFERROR(G15/F15, 0) -> 0
A16: Dec | D16: =B16-C16 -> 0 | E16: =IFERROR(D16/C16, 0) -> 0 | G16: =B16-F16 -> 0 | H16: =IFERROR(G16/F16, 0) -> 0
A17: Totals | B17: =SUM(B5:B16) -> 7037.3281 | C17: =SUM(C5:C16) -> 10909.38 | D17: =B17-C17 -> -3872.0519 | E17: =IFERROR(D17/C17, 0) -> -0.35492868 | F17: =SUM(F5:F16) -> 20258 | G17: =B17-F17 -> -13220.672 | H17: =IFERROR(G17/F17, 0) -> -0.65261486

Sheet K058
A1: K058
A3: Actual vs. Expected | F3: Actual vs. Forecasted | I3: Notes
A4: Month | B4: Actual | C4: Expected | D4: Delta Expected | E4: % Expected | F4: Forecasted | G4: Delta Forecasted | H4: % Forecasted | I4: Notes | J4: Service Request
A5: Jan | B5: 5262.6875 | C5: 8705.562 | D5: =B5-C5 -> -3442.8745 | E5: =IFERROR(D5/C5, 0) -> -0.39547987 | F5: 13134.4 | G5: =B5-F5 -> -7871.7125 | H5: =IFERROR(G5/F5, 0) -> -0.5993203
A6: Feb | D6: =B6-C6 -> 0 | E6: =IFERROR(D6/C6, 0) -> 0 | G6: =B6-F6 -> 0 | H6: =IFERROR(G6/F6, 0) -> 0
A7: Mar | D7: =B7-C7 -> 0 | E7: =IFERROR(D7/C7, 0) -> 0 | G7: =B7-F7 -> 0 | H7: =IFERROR(G7/F7, 0) -> 0
A8: Apr | D8: =B8-C8 -> 0 | E8: =IFERROR(D8/C8, 0) -> 0 | G8: =B8-F8 -> 0 | H8: =IFERROR(G8/F8, 0) -> 0
A9: May | D9: =B9-C9 -> 0 | E9: =IFERROR(D9/C9, 0) -> 0 | G9: =B9-F9 -> 0 | H9: =IFERROR(G9/F9, 0) -> 0
A10: Jun | D10: =B10-C10 -> 0 | E10: =IFERROR(D10/C10, 0) -> 0 | G10: =B10-F10 -> 0 | H10: =IFERROR(G10/F10, 0) -> 0
A11: Jul | D11: =B11-C11 -> 0 | E11: =IFERROR(D11/C11, 0) -> 0 | G11: =B11-F11 -> 0 | H11: =IFERROR(G11/F11, 0) -> 0
A12: Aug | D12: =B12-C12 -> 0 | E12: =IFERROR(D12/C12, 0) -> 0 | G12: =B12-F12 -> 0 | H12: =IFERROR(G12/F12, 0) -> 0
A13: Sep | D13: =B13-C13 -> 0 | E13: =IFERROR(D13/C13, 0) -> 0 | G13: =B13-F13 -> 0 | H13: =IFERROR(G13/F13, 0) -> 0
A14: Oct | D14: =B14-C14 -> 0 | E14: =IFERROR(D14/C14, 0) -> 0 | G14: =B14-F14 -> 0 | H14: =IFERROR(G14/F14, 0) -> 0
A15: Nov | D15: =B15-C15 -> 0 | E15: =IFERROR(D15/C15, 0) -> 0 | G15: =B15-F15 -> 0 | H15: =IFERROR(G15/F15, 0) -> 0
A16: Dec | D16: =B16-C16 -> 0 | E16: =IFERROR(D16/C16, 0) -> 0 | G16: =B16-F16 -> 0 | H16: =IFERROR(G16/F16, 0) -> 0
A17: Totals | B17: =SUM(B5:B16) -> 5262.6875 | C17: =SUM(C5:C16) -> 8705.562 | D17: =B17-C17 -> -3442.8745 | E17: =IFERROR(D17/C17, 0) -> -0.39547987 | F17: =SUM(F5:F16) -> 13134.4 | G17: =B17-F17 -> -7871.7125 | H17: =IFERROR(G17/F17, 0) -> -0.5993203

Sheet K115
A1: K115
A3: Actual vs. Expected | F3: Actual vs. Forecasted | I3: Notes
A4: Month | B4: Actual | C4: Expected | D4: Delta Expected | E4: % Expected | F4: Forecasted | G4: Delta Forecasted | H4: % Forecasted | I4: Notes | J4: Service Request
A5: Jan | B5: 1496.6526 | C5: 5139.646 | D5: =B5-C5 -> -3642.9934 | E5: =IFERROR(D5/C5, 0) -> -0.7088024 | F5: 4549.33 | G5: =B5-F5 -> -3052.6774 | H5: =IFERROR(G5/F5, 0) -> -0.67101692 | I5: 1. Ongoing construction to the array on the roof. 70 percent of the array is offline for construction | J5: 1. SR077214
A6: Feb | D6: =B6-C6 -> 0 | E6: =IFERROR(D6/C6, 0) -> 0 | G6: =B6-F6 -> 0 | H6: =IFERROR(G6/F6, 0) -> 0
A7: Mar | D7: =B7-C7 -> 0 | E7: =IFERROR(D7/C7, 0) -> 0 | G7: =B7-F7 -> 0 | H7: =IFERROR(G7/F7, 0) -> 0
A8: Apr | D8: =B8-C8 -> 0 | E8: =IFERROR(D8/C8, 0) -> 0 | G8: =B8-F8 -> 0 | H8: =IFERROR(G8/F8, 0) -> 0
A9: May | D9: =B9-C9 -> 0 | E9: =IFERROR(D9/C9, 0) -> 0 | G9: =B9-F9 -> 0 | H9: =IFERROR(G9/F9, 0) -> 0
A10: Jun | D10: =B10-C10 -> 0 | E10: =IFERROR(D10/C10, 0) -> 0 | G10: =B10-F10 -> 0 | H10: =IFERROR(G10/F10, 0) -> 0
A11: Jul | D11: =B11-C11 -> 0 | E11: =IFERROR(D11/C11, 0) -> 0 | G11: =B11-F11 -> 0 | H11: =IFERROR(G11/F11, 0) -> 0
A12: Aug | D12: =B12-C12 -> 0 | E12: =IFERROR(D12/C12, 0) -> 0 | G12: =B12-F12 -> 0 | H12: =IFERROR(G12/F12, 0) -> 0
A13: Sep | D13: =B13-C13 -> 0 | E13: =IFERROR(D13/C13, 0) -> 0 | G13: =B13-F13 -> 0 | H13: =IFERROR(G13/F13, 0) -> 0
A14: Oct | D14: =B14-C14 -> 0 | E14: =IFERROR(D14/C14, 0) -> 0 | G14: =B14-F14 -> 0 | H14: =IFERROR(G14/F14, 0) -> 0
A15: Nov | D15: =B15-C15 -> 0 | E15: =IFERROR(D15/C15, 0) -> 0 | G15: =B15-F15 -> 0 | H15: =IFERROR(G15/F15, 0) -> 0
A16: Dec | D16: =B16-C16 -> 0 | E16: =IFERROR(D16/C16, 0) -> 0 | G16: =B16-F16 -> 0 | H16: =IFERROR(G16/F16, 0) -> 0
A17: Totals | B17: =SUM(B5:B16) -> 1496.6526 | C17: =SUM(C5:C16) -> 5139.646 | D17: =B17-C17 -> -3642.9934 | E17: =IFERROR(D17/C17, 0) -> -0.7088024 | F17: =SUM(F5:F16) -> 4549.33 | G17: =B17-F17 -> -3052.6774 | H17: =IFERROR(G17/F17, 0) -> -0.67101692

Sheet K152
A1: K152
A3: Actual vs. Expected | F3: Actual vs. Forecasted | I3: Notes
A4: Month | B4: Actual | C4: Expected | D4: Delta Expected | E4: % Expected | F4: Forecasted | G4: Delta Forecasted | H4: % Forecasted | I4: Notes | J4: Service Request
A5: Jan | B5: 1927.1875 | C5: 3008.157 | D5: =B5-C5 -> -1080.9695 | E5: =IFERROR(D5/C5, 0) -> -0.3593461 | F5: 798 | G5: =B5-F5 -> 1129.1875 | H5: =IFERROR(G5/F5, 0) -> 1.4150219
A6: Feb | D6: =B6-C6 -> 0 | E6: =IFERROR(D6/C6, 0) -> 0 | G6: =B6-F6 -> 0 | H6: =IFERROR(G6/F6, 0) -> 0
A7: Mar | D7: =B7-C7 -> 0 | E7: =IFERROR(D7/C7, 0) -> 0 | G7: =B7-F7 -> 0 | H7: =IFERROR(G7/F7, 0) -> 0
A8: Apr | D8: =B8-C8 -> 0 | E8: =IFERROR(D8/C8, 0) -> 0 | G8: =B8-F8 -> 0 | H8: =IFERROR(G8/F8, 0) -> 0
A9: May | D9: =B9-C9 -> 0 | E9: =IFERROR(D9/C9, 0) -> 0 | G9: =B9-F9 -> 0 | H9: =IFERROR(G9/F9, 0) -> 0
A10: Jun | D10: =B10-C10 -> 0 | E10: =IFERROR(D10/C10, 0) -> 0 | G10: =B10-F10 -> 0 | H10: =IFERROR(G10/F10, 0) -> 0
A11: Jul | D11: =B11-C11 -> 0 | E11: =IFERROR(D11/C11, 0) -> 0 | G11: =B11-F11 -> 0 | H11: =IFERROR(G11/F11, 0) -> 0
A12: Aug | D12: =B12-C12 -> 0 | E12: =IFERROR(D12/C12, 0) -> 0 | G12: =B12-F12 -> 0 | H12: =IFERROR(G12/F12, 0) -> 0
A13: Sep | D13: =B13-C13 -> 0 | E13: =IFERROR(D13/C13, 0) -> 0 | G13: =B13-F13 -> 0 | H13: =IFERROR(G13/F13, 0) -> 0
A14: Oct | D14: =B14-C14 -> 0 | E14: =IFERROR(D14/C14, 0) -> 0 | G14: =B14-F14 -> 0 | H14: =IFERROR(G14/F14, 0) -> 0
A15: Nov | D15: =B15-C15 -> 0 | E15: =IFERROR(D15/C15, 0) -> 0 | G15: =B15-F15 -> 0 | H15: =IFERROR(G15/F15, 0) -> 0
A16: Dec | D16: =B16-C16 -> 0 | E16: =IFERROR(D16/C16, 0) -> 0 | G16: =B16-F16 -> 0 | H16: =IFERROR(G16/F16, 0) -> 0
A17: Totals | B17: =SUM(B5:B16) -> 1927.1875 | C17: =SUM(C5:C16) -> 3008.157 | D17: =B17-C17 -> -1080.9695 | E17: =IFERROR(D17/C17, 0) -> -0.3593461 | F17: =SUM(F5:F16) -> 798 | G17: =B17-F17 -> 1129.1875 | H17: =IFERROR(G17/F17, 0) -> 1.4150219

Sheet K166
A1: K166
A3: Actual vs. Expected | F3: Actual vs. Forecasted | I3: Notes
A4: Month | B4: Actual | C4: Expected | D4: Delta Expected | E4: % Expected | F4: Forecasted | G4: Delta Forecasted | H4: % Forecasted | I4: Notes | J4: Service Request
A5: Jan | B5: 7390.625 | C5: 11891.79 | D5: =B5-C5 -> -4501.165 | E5: =IFERROR(D5/C5, 0) -> -0.3785103 | F5: 18302.04 | G5: =B5-F5 -> -10911.415 | H5: =IFERROR(G5/F5, 0) -> -0.59618573
A6: Feb | D6: =B6-C6 -> 0 | E6: =IFERROR(D6/C6, 0) -> 0 | G6: =B6-F6 -> 0 | H6: =IFERROR(G6/F6, 0) -> 0
A7: Mar | D7: =B7-C7 -> 0 | E7: =IFERROR(D7/C7, 0) -> 0 | G7: =B7-F7 -> 0 | H7: =IFERROR(G7/F7, 0) -> 0
A8: Apr | D8: =B8-C8 -> 0 | E8: =IFERROR(D8/C8, 0) -> 0 | G8: =B8-F8 -> 0 | H8: =IFERROR(G8/F8, 0) -> 0
A9: May | D9: =B9-C9 -> 0 | E9: =IFERROR(D9/C9, 0) -> 0 | G9: =B9-F9 -> 0 | H9: =IFERROR(G9/F9, 0) -> 0
A10: Jun | D10: =B10-C10 -> 0 | E10: =IFERROR(D10/C10, 0) -> 0 | G10: =B10-F10 -> 0 | H10: =IFERROR(G10/F10, 0) -> 0
A11: Jul | D11: =B11-C11 -> 0 | E11: =IFERROR(D11/C11, 0) -> 0 | G11: =B11-F11 -> 0 | H11: =IFERROR(G11/F11, 0) -> 0
A12: Aug | D12: =B12-C12 -> 0 | E12: =IFERROR(D12/C12, 0) -> 0 | G12: =B12-F12 -> 0 | H12: =IFERROR(G12/F12, 0) -> 0
A13: Sep | D13: =B13-C13 -> 0 | E13: =IFERROR(D13/C13, 0) -> 0 | G13: =B13-F13 -> 0 | H13: =IFERROR(G13/F13, 0) -> 0
A14: Oct | D14: =B14-C14 -> 0 | E14: =IFERROR(D14/C14, 0) -> 0 | G14: =B14-F14 -> 0 | H14: =IFERROR(G14/F14, 0) -> 0
A15: Nov | D15: =B15-C15 -> 0 | E15: =IFERROR(D15/C15, 0) -> 0 | G15: =B15-F15 -> 0 | H15: =IFERROR(G15/F15, 0) -> 0
A16: Dec | D16: =B16-C16 -> 0 | E16: =IFERROR(D16/C16, 0) -> 0 | G16: =B16-F16 -> 0 | H16: =IFERROR(G16/F16, 0) -> 0
A17: Totals | B17: =SUM(B5:B16) -> 7390.625 | C17: =SUM(C5:C16) -> 11891.79 | D17: =B17-C17 -> -4501.165 | E17: =IFERROR(D17/C17, 0) -> -0.3785103 | F17: =SUM(F5:F16) -> 18302.04 | G17: =B17-F17 -> -10911.415 | H17: =IFERROR(G17/F17, 0) -> -0.59618573

Sheet K206
A1: K206
A3: Actual vs. Expected | F3: Actual vs. Forecasted | I3: Notes
A4: Month | B4: Actual | C4: Expected | D4: Delta Expected | E4: % Expected | F4: Forecasted | G4: Delta Forecasted | H4: % Forecasted | I4: Notes | J4: Service Request
A5: Jan | B5: 4600.7732 | C5: 0 | D5: =B5-C5 -> 4600.7732 | E5: =IFERROR(D5/C5, 0) -> 0 | F5: 0 | G5: =B5-F5 -> 4600.7732 | H5: =IFERROR(G5/F5, 0) -> 0
A6: Feb | D6: =B6-C6 -> 0 | E6: =IFERROR(D6/C6, 0) -> 0 | G6: =B6-F6 -> 0 | H6: =IFERROR(G6/F6, 0) -> 0
A7: Mar | D7: =B7-C7 -> 0 | E7: =IFERROR(D7/C7, 0) -> 0 | G7: =B7-F7 -> 0 | H7: =IFERROR(G7/F7, 0) -> 0
A8: Apr | D8: =B8-C8 -> 0 | E8: =IFERROR(D8/C8, 0) -> 0 | G8: =B8-F8 -> 0 | H8: =IFERROR(G8/F8, 0) -> 0
A9: May | D9: =B9-C9 -> 0 | E9: =IFERROR(D9/C9, 0) -> 0 | G9: =B9-F9 -> 0 | H9: =IFERROR(G9/F9, 0) -> 0
A10: Jun | D10: =B10-C10 -> 0 | E10: =IFERROR(D10/C10, 0) -> 0 | G10: =B10-F10 -> 0 | H10: =IFERROR(G10/F10, 0) -> 0
A11: Jul | D11: =B11-C11 -> 0 | E11: =IFERROR(D11/C11, 0) -> 0 | G11: =B11-F11 -> 0 | H11: =IFERROR(G11/F11, 0) -> 0
A12: Aug | D12: =B12-C12 -> 0 | E12: =IFERROR(D12/C12, 0) -> 0 | G12: =B12-F12 -> 0 | H12: =IFERROR(G12/F12, 0) -> 0
A13: Sep | D13: =B13-C13 -> 0 | E13: =IFERROR(D13/C13, 0) -> 0 | G13: =B13-F13 -> 0 | H13: =IFERROR(G13/F13, 0) -> 0
A14: Oct | D14: =B14-C14 -> 0 | E14: =IFERROR(D14/C14, 0) -> 0 | G14: =B14-F14 -> 0 | H14: =IFERROR(G14/F14, 0) -> 0
A15: Nov | D15: =B15-C15 -> 0 | E15: =IFERROR(D15/C15, 0) -> 0 | G15: =B15-F15 -> 0 | H15: =IFERROR(G15/F15, 0) -> 0
A16: Dec | D16: =B16-C16 -> 0 | E16: =IFERROR(D16/C16, 0) -> 0 | G16: =B16-F16 -> 0 | H16: =IFERROR(G16/F16, 0) -> 0
A17: Totals | B17: =SUM(B5:B16) -> 4600.7732 | C17: =SUM(C5:C16) -> 0 | D17: =B17-C17 -> 4600.7732 | E17: =IFERROR(D17/C17, 0) -> 0 | F17: =SUM(F5:F16) -> 0 | G17: =B17-F17 -> 4600.7732 | H17: =IFERROR(G17/F17, 0) -> 0

Sheet K251
A1: K251
A3: Actual vs. Expected | F3: Actual vs. Forecasted | I3: Notes
A4: Month | B4: Actual | C4: Expected | D4: Delta Expected | E4: % Expected | F4: Forecasted | G4: Delta Forecasted | H4: % Forecasted | I4: Notes | J4: Service Request
A5: Jan | B5: 4966.375 | C5: 7470.177 | D5: =B5-C5 -> -2503.802 | E5: =IFERROR(D5/C5, 0) -> -0.33517305 | F5: 9815.687 | G5: =B5-F5 -> -4849.312 | H5: =IFERROR(G5/F5, 0) -> -0.49403694
A6: Feb | D6: =B6-C6 -> 0 | E6: =IFERROR(D6/C6, 0) -> 0 | G6: =B6-F6 -> 0 | H6: =IFERROR(G6/F6, 0) -> 0
A7: Mar | D7: =B7-C7 -> 0 | E7: =IFERROR(D7/C7, 0) -> 0 | G7: =B7-F7 -> 0 | H7: =IFERROR(G7/F7, 0) -> 0
A8: Apr | D8: =B8-C8 -> 0 | E8: =IFERROR(D8/C8, 0) -> 0 | G8: =B8-F8 -> 0 | H8: =IFERROR(G8/F8, 0) -> 0
A9: May | D9: =B9-C9 -> 0 | E9: =IFERROR(D9/C9, 0) -> 0 | G9: =B9-F9 -> 0 | H9: =IFERROR(G9/F9, 0) -> 0
A10: Jun | D10: =B10-C10 -> 0 | E10: =IFERROR(D10/C10, 0) -> 0 | G10: =B10-F10 -> 0 | H10: =IFERROR(G10/F10, 0) -> 0
A11: Jul | D11: =B11-C11 -> 0 | E11: =IFERROR(D11/C11, 0) -> 0 | G11: =B11-F11 -> 0 | H11: =IFERROR(G11/F11, 0) -> 0
A12: Aug | D12: =B12-C12 -> 0 | E12: =IFERROR(D12/C12, 0) -> 0 | G12: =B12-F12 -> 0 | H12: =IFERROR(G12/F12, 0) -> 0
A13: Sep | D13: =B13-C13 -> 0 | E13: =IFERROR(D13/C13, 0) -> 0 | G13: =B13-F13 -> 0 | H13: =IFERROR(G13/F13, 0) -> 0
A14: Oct | D14: =B14-C14 -> 0 | E14: =IFERROR(D14/C14, 0) -> 0 | G14: =B14-F14 -> 0 | H14: =IFERROR(G14/F14, 0) -> 0
A15: Nov | D15: =B15-C15 -> 0 | E15: =IFERROR(D15/C15, 0) -> 0 | G15: =B15-F15 -> 0 | H15: =IFERROR(G15/F15, 0) -> 0
A16: Dec | D16: =B16-C16 -> 0 | E16: =IFERROR(D16/C16, 0) -> 0 | G16: =B16-F16 -> 0 | H16: =IFERROR(G16/F16, 0) -> 0
A17: Totals | B17: =SUM(B5:B16) -> 4966.375 | C17: =SUM(C5:C16) -> 7470.177 | D17: =B17-C17 -> -2503.802 | E17: =IFERROR(D17/C17, 0) -> -0.33517305 | F17: =SUM(F5:F16) -> 9815.687 | G17: =B17-F17 -> -4849.312 | H17: =IFERROR(G17/F17, 0) -> -0.49403694

Sheet K269
A1: K269
A3: Actual vs. Expected | F3: Actual vs. Forecasted | I3: Notes
A4: Month | B4: Actual | C4: Expected | D4: Delta Expected | E4: % Expected | F4: Forecasted | G4: Delta Forecasted | H4: % Forecasted | I4: Notes | J4: Service Request
A5: Jan | B5: 4328.3125 | C5: 0 | D5: =B5-C5 -> 4328.3125 | E5: =IFERROR(D5/C5, 0) -> 0 | F5: 10978.73 | G5: =B5-F5 -> -6650.4175 | H5: =IFERROR(G5/F5, 0) -> -0.60575472
A6: Feb | D6: =B6-C6 -> 0 | E6: =IFERROR(D6/C6, 0) -> 0 | G6: =B6-F6 -> 0 | H6: =IFERROR(G6/F6, 0) -> 0
A7: Mar | D7: =B7-C7 -> 0 | E7: =IFERROR(D7/C7, 0) -> 0 | G7: =B7-F7 -> 0 | H7: =IFERROR(G7/F7, 0) -> 0
A8: Apr | D8: =B8-C8 -> 0 | E8: =IFERROR(D8/C8, 0) -> 0 | G8: =B8-F8 -> 0 | H8: =IFERROR(G8/F8, 0) -> 0
A9: May | D9: =B9-C9 -> 0 | E9: =IFERROR(D9/C9, 0) -> 0 | G9: =B9-F9 -> 0 | H9: =IFERROR(G9/F9, 0) -> 0
A10: Jun | D10: =B10-C10 -> 0 | E10: =IFERROR(D10/C10, 0) -> 0 | G10: =B10-F10 -> 0 | H10: =IFERROR(G10/F10, 0) -> 0
A11: Jul | D11: =B11-C11 -> 0 | E11: =IFERROR(D11/C11, 0) -> 0 | G11: =B11-F11 -> 0 | H11: =IFERROR(G11/F11, 0) -> 0
A12: Aug | D12: =B12-C12 -> 0 | E12: =IFERROR(D12/C12, 0) -> 0 | G12: =B12-F12 -> 0 | H12: =IFERROR(G12/F12, 0) -> 0
A13: Sep | D13: =B13-C13 -> 0 | E13: =IFERROR(D13/C13, 0) -> 0 | G13: =B13-F13 -> 0 | H13: =IFERROR(G13/F13, 0) -> 0
A14: Oct | D14: =B14-C14 -> 0 | E14: =IFERROR(D14/C14, 0) -> 0 | G14: =B14-F14 -> 0 | H14: =IFERROR(G14/F14, 0) -> 0
A15: Nov | D15: =B15-C15 -> 0 | E15: =IFERROR(D15/C15, 0) -> 0 | G15: =B15-F15 -> 0 | H15: =IFERROR(G15/F15, 0) -> 0
A16: Dec | D16: =B16-C16 -> 0 | E16: =IFERROR(D16/C16, 0) -> 0 | G16: =B16-F16 -> 0 | H16: =IFERROR(G16/F16, 0) -> 0
A17: Totals | B17: =SUM(B5:B16) -> 4328.3125 | C17: =SUM(C5:C16) -> 0 | D17: =B17-C17 -> 4328.3125 | E17: =IFERROR(D17/C17, 0) -> 0 | F17: =SUM(F5:F16) -> 10978.73 | G17: =B17-F17 -> -6650.4175 | H17: =IFERROR(G17/F17, 0) -> -0.60575472

Sheet K273
A1: K273
A3: Actual vs. Expected | F3: Actual vs. Forecasted | I3: Notes
A4: Month | B4: Actual | C4: Expected | D4: Delta Expected | E4: % Expected | F4: Forecasted | G4: Delta Forecasted | H4: % Forecasted | I4: Notes | J4: Service Request
A5: Jan | B5: 5062.0312 | C5: 0 | D5: =B5-C5 -> 5062.0312 | E5: =IFERROR(D5/C5, 0) -> 0 | F5: 11224 | G5: =B5-F5 -> -6161.9688 | H5: =IFERROR(G5/F5, 0) -> -0.54899935
A6: Feb | D6: =B6-C6 -> 0 | E6: =IFERROR(D6/C6, 0) -> 0 | G6: =B6-F6 -> 0 | H6: =IFERROR(G6/F6, 0) -> 0
A7: Mar | D7: =B7-C7 -> 0 | E7: =IFERROR(D7/C7, 0) -> 0 | G7: =B7-F7 -> 0 | H7: =IFERROR(G7/F7, 0) -> 0
A8: Apr | D8: =B8-C8 -> 0 | E8: =IFERROR(D8/C8, 0) -> 0 | G8: =B8-F8 -> 0 | H8: =IFERROR(G8/F8, 0) -> 0
A9: May | D9: =B9-C9 -> 0 | E9: =IFERROR(D9/C9, 0) -> 0 | G9: =B9-F9 -> 0 | H9: =IFERROR(G9/F9, 0) -> 0
A10: Jun | D10: =B10-C10 -> 0 | E10: =IFERROR(D10/C10, 0) -> 0 | G10: =B10-F10 -> 0 | H10: =IFERROR(G10/F10, 0) -> 0
A11: Jul | D11: =B11-C11 -> 0 | E11: =IFERROR(D11/C11, 0) -> 0 | G11: =B11-F11 -> 0 | H11: =IFERROR(G11/F11, 0) -> 0
A12: Aug | D12: =B12-C12 -> 0 | E12: =IFERROR(D12/C12, 0) -> 0 | G12: =B12-F12 -> 0 | H12: =IFERROR(G12/F12, 0) -> 0
A13: Sep | D13: =B13-C13 -> 0 | E13: =IFERROR(D13/C13, 0) -> 0 | G13: =B13-F13 -> 0 | H13: =IFERROR(G13/F13, 0) -> 0
A14: Oct | D14: =B14-C14 -> 0 | E14: =IFERROR(D14/C14, 0) -> 0 | G14: =B14-F14 -> 0 | H14: =IFERROR(G14/F14, 0) -> 0
A15: Nov | D15: =B15-C15 -> 0 | E15: =IFERROR(D15/C15, 0) -> 0 | G15: =B15-F15 -> 0 | H15: =IFERROR(G15/F15, 0) -> 0
A16: Dec | D16: =B16-C16 -> 0 | E16: =IFERROR(D16/C16, 0) -> 0 | G16: =B16-F16 -> 0 | H16: =IFERROR(G16/F16, 0) -> 0
A17: Totals | B17: =SUM(B5:B16) -> 5062.0312 | C17: =SUM(C5:C16) -> 0 | D17: =B17-C17 -> 5062.0312 | E17: =IFERROR(D17/C17, 0) -> 0 | F17: =SUM(F5:F16) -> 11224 | G17: =B17-F17 -> -6161.9688 | H17: =IFERROR(G17/F17, 0) -> -0.54899935

Sheet K287
A1: K287
A3: Actual vs. Expected | F3: Actual vs. Forecasted | I3: Notes
A4: Month | B4: Actual | C4: Expected | D4: Delta Expected | E4: % Expected | F4: Forecasted | G4: Delta Forecasted | H4: % Forecasted | I4: Notes | J4: Service Request
A5: Jan | B5: 3720.0499 | C5: 5487.586 | D5: =B5-C5 -> -1767.5361 | E5: =IFERROR(D5/C5, 0) -> -0.3220972 | F5: 0 | G5: =B5-F5 -> 3720.0499 | H5: =IFERROR(G5/F5, 0) -> 0
A6: Feb | D6: =B6-C6 -> 0 | E6: =IFERROR(D6/C6, 0) -> 0 | G6: =B6-F6 -> 0 | H6: =IFERROR(G6/F6, 0) -> 0
A7: Mar | D7: =B7-C7 -> 0 | E7: =IFERROR(D7/C7, 0) -> 0 | G7: =B7-F7 -> 0 | H7: =IFERROR(G7/F7, 0) -> 0
A8: Apr | D8: =B8-C8 -> 0 | E8: =IFERROR(D8/C8, 0) -> 0 | G8: =B8-F8 -> 0 | H8: =IFERROR(G8/F8, 0) -> 0
A9: May | D9: =B9-C9 -> 0 | E9: =IFERROR(D9/C9, 0) -> 0 | G9: =B9-F9 -> 0 | H9: =IFERROR(G9/F9, 0) -> 0
A10: Jun | D10: =B10-C10 -> 0 | E10: =IFERROR(D10/C10, 0) -> 0 | G10: =B10-F10 -> 0 | H10: =IFERROR(G10/F10, 0) -> 0
A11: Jul | D11: =B11-C11 -> 0 | E11: =IFERROR(D11/C11, 0) -> 0 | G11: =B11-F11 -> 0 | H11: =IFERROR(G11/F11, 0) -> 0
A12: Aug | D12: =B12-C12 -> 0 | E12: =IFERROR(D12/C12, 0) -> 0 | G12: =B12-F12 -> 0 | H12: =IFERROR(G12/F12, 0) -> 0
A13: Sep | D13: =B13-C13 -> 0 | E13: =IFERROR(D13/C13, 0) -> 0 | G13: =B13-F13 -> 0 | H13: =IFERROR(G13/F13, 0) -> 0
A14: Oct | D14: =B14-C14 -> 0 | E14: =IFERROR(D14/C14, 0) -> 0 | G14: =B14-F14 -> 0 | H14: =IFERROR(G14/F14, 0) -> 0
A15: Nov | D15: =B15-C15 -> 0 | E15: =IFERROR(D15/C15, 0) -> 0 | G15: =B15-F15 -> 0 | H15: =IFERROR(G15/F15, 0) -> 0
A16: Dec | D16: =B16-C16 -> 0 | E16: =IFERROR(D16/C16, 0) -> 0 | G16: =B16-F16 -> 0 | H16: =IFERROR(G16/F16, 0) -> 0
A17: Totals | B17: =SUM(B5:B16) -> 3720.0499 | C17: =SUM(C5:C16) -> 5487.586 | D17: =B17-C17 -> -1767.5361 | E17: =IFERROR(D17/C17, 0) -> -0.3220972 | F17: =SUM(F5:F16) -> 0 | G17: =B17-F17 -> 3720.0499 | H17: =IFERROR(G17/F17, 0) -> 0

Sheet K298
A1: K298
A3: Actual vs. Expected | F3: Actual vs. Forecasted | I3: Notes
A4: Month | B4: Actual | C4: Expected | D4: Delta Expected | E4: % Expected | F4: Forecasted | G4: Delta Forecasted | H4: % Forecasted | I4: Notes | J4: Service Request
A5: Jan | B5: 3421.0781 | C5: 7008.588 | D5: =B5-C5 -> -3587.5099 | E5: =IFERROR(D5/C5, 0) -> -0.51187342 | F5: 0 | G5: =B5-F5 -> 3421.0781 | H5: =IFERROR(G5/F5, 0) -> 0 | I5: 1. Inverter 1 primary unit offline on 01/19/2024 & back online 01/25/2024 at 10:00. | J5: 1. SR080472
A6: Feb | D6: =B6-C6 -> 0 | E6: =IFERROR(D6/C6, 0) -> 0 | G6: =B6-F6 -> 0 | H6: =IFERROR(G6/F6, 0) -> 0
A7: Mar | D7: =B7-C7 -> 0 | E7: =IFERROR(D7/C7, 0) -> 0 | G7: =B7-F7 -> 0 | H7: =IFERROR(G7/F7, 0) -> 0
A8: Apr | D8: =B8-C8 -> 0 | E8: =IFERROR(D8/C8, 0) -> 0 | G8: =B8-F8 -> 0 | H8: =IFERROR(G8/F8, 0) -> 0
A9: May | D9: =B9-C9 -> 0 | E9: =IFERROR(D9/C9, 0) -> 0 | G9: =B9-F9 -> 0 | H9: =IFERROR(G9/F9, 0) -> 0
A10: Jun | D10: =B10-C10 -> 0 | E10: =IFERROR(D10/C10, 0) -> 0 | G10: =B10-F10 -> 0 | H10: =IFERROR(G10/F10, 0) -> 0
A11: Jul | D11: =B11-C11 -> 0 | E11: =IFERROR(D11/C11, 0) -> 0 | G11: =B11-F11 -> 0 | H11: =IFERROR(G11/F11, 0) -> 0
A12: Aug | D12: =B12-C12 -> 0 | E12: =IFERROR(D12/C12, 0) -> 0 | G12: =B12-F12 -> 0 | H12: =IFERROR(G12/F12, 0) -> 0
A13: Sep | D13: =B13-C13 -> 0 | E13: =IFERROR(D13/C13, 0) -> 0 | G13: =B13-F13 -> 0 | H13: =IFERROR(G13/F13, 0) -> 0
A14: Oct | D14: =B14-C14 -> 0 | E14: =IFERROR(D14/C14, 0) -> 0 | G14: =B14-F14 -> 0 | H14: =IFERROR(G14/F14, 0) -> 0
A15: Nov | D15: =B15-C15 -> 0 | E15: =IFERROR(D15/C15, 0) -> 0 | G15: =B15-F15 -> 0 | H15: =IFERROR(G15/F15, 0) -> 0
A16: Dec | D16: =B16-C16 -> 0 | E16: =IFERROR(D16/C16, 0) -> 0 | G16: =B16-F16 -> 0 | H16: =IFERROR(G16/F16, 0) -> 0
A17: Totals | B17: =SUM(B5:B16) -> 3421.0781 | C17: =SUM(C5:C16) -> 7008.588 | D17: =B17-C17 -> -3587.5099 | E17: =IFERROR(D17/C17, 0) -> -0.51187342 | F17: =SUM(F5:F16) -> 0 | G17: =B17-F17 -> 3421.0781 | H17: =IFERROR(G17/F17, 0) -> 0

Sheet K335
A1: K335
A3: Actual vs. Expected | F3: Actual vs. Forecasted | I3: Notes
A4: Month | B4: Actual | C4: Expected | D4: Delta Expected | E4: % Expected | F4: Forecasted | G4: Delta Forecasted | H4: % Forecasted | I4: Notes | J4: Service Request
A5: Jan | B5: 4100.5625 | C5: 7358.259 | D5: =B5-C5 -> -3257.6965 | E5: =IFERROR(D5/C5, 0) -> -0.44272653 | F5: 11610 | G5: =B5-F5 -> -7509.4375 | H5: =IFERROR(G5/F5, 0) -> -0.64680771
A6: Feb | D6: =B6-C6 -> 0 | E6: =IFERROR(D6/C6, 0) -> 0 | G6: =B6-F6 -> 0 | H6: =IFERROR(G6/F6, 0) -> 0
A7: Mar | D7: =B7-C7 -> 0 | E7: =IFERROR(D7/C7, 0) -> 0 | G7: =B7-F7 -> 0 | H7: =IFERROR(G7/F7, 0) -> 0
A8: Apr | D8: =B8-C8 -> 0 | E8: =IFERROR(D8/C8, 0) -> 0 | G8: =B8-F8 -> 0 | H8: =IFERROR(G8/F8, 0) -> 0
A9: May | D9: =B9-C9 -> 0 | E9: =IFERROR(D9/C9, 0) -> 0 | G9: =B9-F9 -> 0 | H9: =IFERROR(G9/F9, 0) -> 0
A10: Jun | D10: =B10-C10 -> 0 | E10: =IFERROR(D10/C10, 0) -> 0 | G10: =B10-F10 -> 0 | H10: =IFERROR(G10/F10, 0) -> 0
A11: Jul | D11: =B11-C11 -> 0 | E11: =IFERROR(D11/C11, 0) -> 0 | G11: =B11-F11 -> 0 | H11: =IFERROR(G11/F11, 0) -> 0
A12: Aug | D12: =B12-C12 -> 0 | E12: =IFERROR(D12/C12, 0) -> 0 | G12: =B12-F12 -> 0 | H12: =IFERROR(G12/F12, 0) -> 0
A13: Sep | D13: =B13-C13 -> 0 | E13: =IFERROR(D13/C13, 0) -> 0 | G13: =B13-F13 -> 0 | H13: =IFERROR(G13/F13, 0) -> 0
A14: Oct | D14: =B14-C14 -> 0 | E14: =IFERROR(D14/C14, 0) -> 0 | G14: =B14-F14 -> 0 | H14: =IFERROR(G14/F14, 0) -> 0
A15: Nov | D15: =B15-C15 -> 0 | E15: =IFERROR(D15/C15, 0) -> 0 | G15: =B15-F15 -> 0 | H15: =IFERROR(G15/F15, 0) -> 0
A16: Dec | D16: =B16-C16 -> 0 | E16: =IFERROR(D16/C16, 0) -> 0 | G16: =B16-F16 -> 0 | H16: =IFERROR(G16/F16, 0) -> 0
A17: Totals | B17: =SUM(B5:B16) -> 4100.5625 | C17: =SUM(C5:C16) -> 7358.259 | D17: =B17-C17 -> -3257.6965 | E17: =IFERROR(D17/C17, 0) -> -0.44272653 | F17: =SUM(F5:F16) -> 11610 | G17: =B17-F17 -> -7509.4375 | H17: =IFERROR(G17/F17, 0) -> -0.64680771

Sheet K345
A1: K345
A3: Actual vs. Expected | F3: Actual vs. Forecasted | I3: Notes
A4: Month | B4: Actual | C4: Expected | D4: Delta Expected | E4: % Expected | F4: Forecasted | G4: Delta Forecasted | H4: % Forecasted | I4: Notes | J4: Service Request
A5: Jan | B5: 4561.2969 | C5: 0 | D5: =B5-C5 -> 4561.2969 | E5: =IFERROR(D5/C5, 0) -> 0 | F5: 0 | G5: =B5-F5 -> 4561.2969 | H5: =IFERROR(G5/F5, 0) -> 0 | I5: 1. Site tripped offline on 01/11 at 8:15 and back online at 11:15, but inverter 2 again tripped offline 2. Inverter 2 tripped offline on 01/11 at 11:45 and back online on 01/12 | J5: 1. SR080156 2. SR080165
A6: Feb | D6: =B6-C6 -> 0 | E6: =IFERROR(D6/C6, 0) -> 0 | G6: =B6-F6 -> 0 | H6: =IFERROR(G6/F6, 0) -> 0
A7: Mar | D7: =B7-C7 -> 0 | E7: =IFERROR(D7/C7, 0) -> 0 | G7: =B7-F7 -> 0 | H7: =IFERROR(G7/F7, 0) -> 0
A8: Apr | D8: =B8-C8 -> 0 | E8: =IFERROR(D8/C8, 0) -> 0 | G8: =B8-F8 -> 0 | H8: =IFERROR(G8/F8, 0) -> 0
A9: May | D9: =B9-C9 -> 0 | E9: =IFERROR(D9/C9, 0) -> 0 | G9: =B9-F9 -> 0 | H9: =IFERROR(G9/F9, 0) -> 0
A10: Jun | D10: =B10-C10 -> 0 | E10: =IFERROR(D10/C10, 0) -> 0 | G10: =B10-F10 -> 0 | H10: =IFERROR(G10/F10, 0) -> 0
A11: Jul | D11: =B11-C11 -> 0 | E11: =IFERROR(D11/C11, 0) -> 0 | G11: =B11-F11 -> 0 | H11: =IFERROR(G11/F11, 0) -> 0
A12: Aug | D12: =B12-C12 -> 0 | E12: =IFERROR(D12/C12, 0) -> 0 | G12: =B12-F12 -> 0 | H12: =IFERROR(G12/F12, 0) -> 0
A13: Sep | D13: =B13-C13 -> 0 | E13: =IFERROR(D13/C13, 0) -> 0 | G13: =B13-F13 -> 0 | H13: =IFERROR(G13/F13, 0) -> 0
A14: Oct | D14: =B14-C14 -> 0 | E14: =IFERROR(D14/C14, 0) -> 0 | G14: =B14-F14 -> 0 | H14: =IFERROR(G14/F14, 0) -> 0
A15: Nov | D15: =B15-C15 -> 0 | E15: =IFERROR(D15/C15, 0) -> 0 | G15: =B15-F15 -> 0 | H15: =IFERROR(G15/F15, 0) -> 0
A16: Dec | D16: =B16-C16 -> 0 | E16: =IFERROR(D16/C16, 0) -> 0 | G16: =B16-F16 -> 0 | H16: =IFERROR(G16/F16, 0) -> 0
A17: Totals | B17: =SUM(B5:B16) -> 4561.2969 | C17: =SUM(C5:C16) -> 0 | D17: =B17-C17 -> 4561.2969 | E17: =IFERROR(D17/C17, 0) -> 0 | F17: =SUM(F5:F16) -> 0 | G17: =B17-F17 -> 4561.2969 | H17: =IFERROR(G17/F17, 0) -> 0

Sheet K445
A1: K445
A3: Actual vs. Expected | F3: Actual vs. Forecasted | I3: Notes
A4: Month | B4: Actual | C4: Expected | D4: Delta Expected | E4: % Expected | F4: Forecasted | G4: Delta Forecasted | H4: % Forecasted | I4: Notes | J4: Service Request
A5: Jan | B5: 4488.8051 | C5: 0 | D5: =B5-C5 -> 4488.8051 | E5: =IFERROR(D5/C5, 0) -> 0 | F5: 0 | G5: =B5-F5 -> 4488.8051 | H5: =IFERROR(G5/F5, 0) -> 0
A6: Feb | D6: =B6-C6 -> 0 | E6: =IFERROR(D6/C6, 0) -> 0 | G6: =B6-F6 -> 0 | H6: =IFERROR(G6/F6, 0) -> 0
A7: Mar | D7: =B7-C7 -> 0 | E7: =IFERROR(D7/C7, 0) -> 0 | G7: =B7-F7 -> 0 | H7: =IFERROR(G7/F7, 0) -> 0
A8: Apr | D8: =B8-C8 -> 0 | E8: =IFERROR(D8/C8, 0) -> 0 | G8: =B8-F8 -> 0 | H8: =IFERROR(G8/F8, 0) -> 0
A9: May | D9: =B9-C9 -> 0 | E9: =IFERROR(D9/C9, 0) -> 0 | G9: =B9-F9 -> 0 | H9: =IFERROR(G9/F9, 0) -> 0
A10: Jun | D10: =B10-C10 -> 0 | E10: =IFERROR(D10/C10, 0) -> 0 | G10: =B10-F10 -> 0 | H10: =IFERROR(G10/F10, 0) -> 0
A11: Jul | D11: =B11-C11 -> 0 | E11: =IFERROR(D11/C11, 0) -> 0 | G11: =B11-F11 -> 0 | H11: =IFERROR(G11/F11, 0) -> 0
A12: Aug | D12: =B12-C12 -> 0 | E12: =IFERROR(D12/C12, 0) -> 0 | G12: =B12-F12 -> 0 | H12: =IFERROR(G12/F12, 0) -> 0
A13: Sep | D13: =B13-C13 -> 0 | E13: =IFERROR(D13/C13, 0) -> 0 | G13: =B13-F13 -> 0 | H13: =IFERROR(G13/F13, 0) -> 0
A14: Oct | D14: =B14-C14 -> 0 | E14: =IFERROR(D14/C14, 0) -> 0 | G14: =B14-F14 -> 0 | H14: =IFERROR(G14/F14, 0) -> 0
A15: Nov | D15: =B15-C15 -> 0 | E15: =IFERROR(D15/C15, 0) -> 0 | G15: =B15-F15 -> 0 | H15: =IFERROR(G15/F15, 0) -> 0
A16: Dec | D16: =B16-C16 -> 0 | E16: =IFERROR(D16/C16, 0) -> 0 | G16: =B16-F16 -> 0 | H16: =IFERROR(G16/F16, 0) -> 0
A17: Totals | B17: =SUM(B5:B16) -> 4488.8051 | C17: =SUM(C5:C16) -> 0 | D17: =B17-C17 -> 4488.8051 | E17: =IFERROR(D17/C17, 0) -> 0 | F17: =SUM(F5:F16) -> 0 | G17: =B17-F17 -> 4488.8051 | H17: =IFERROR(G17/F17, 0) -> 0

Sheet K495
A1: K495
A3: Actual vs. Expected | F3: Actual vs. Forecasted | I3: Notes
A4: Month | B4: Actual | C4: Expected | D4: Delta Expected | E4: % Expected | F4: Forecasted | G4: Delta Forecasted | H4: % Forecasted | I4: Notes | J4: Service Request
A5: Jan | B5: 20449.188 | C5: 0 | D5: =B5-C5 -> 20449.188 | E5: =IFERROR(D5/C5, 0) -> 0 | F5: 0 | G5: =B5-F5 -> 20449.188 | H5: =IFERROR(G5/F5, 0) -> 0 | I5: 1. Inverter 4 tripped offline at 10:50 at 01/17 & back online on 01/20/2024. 2. Inverter 8 left unit offline on 01/07/2024 & back online at 01/08/2024 and also left unit offline from 01/16 to 01/22 | J5: 1.SR080297 2.SR080299
A6: Feb | D6: =B6-C6 -> 0 | E6: =IFERROR(D6/C6, 0) -> 0 | G6: =B6-F6 -> 0 | H6: =IFERROR(G6/F6, 0) -> 0
A7: Mar | D7: =B7-C7 -> 0 | E7: =IFERROR(D7/C7, 0) -> 0 | G7: =B7-F7 -> 0 | H7: =IFERROR(G7/F7, 0) -> 0
A8: Apr | D8: =B8-C8 -> 0 | E8: =IFERROR(D8/C8, 0) -> 0 | G8: =B8-F8 -> 0 | H8: =IFERROR(G8/F8, 0) -> 0
A9: May | D9: =B9-C9 -> 0 | E9: =IFERROR(D9/C9, 0) -> 0 | G9: =B9-F9 -> 0 | H9: =IFERROR(G9/F9, 0) -> 0
A10: Jun | D10: =B10-C10 -> 0 | E10: =IFERROR(D10/C10, 0) -> 0 | G10: =B10-F10 -> 0 | H10: =IFERROR(G10/F10, 0) -> 0
A11: Jul | D11: =B11-C11 -> 0 | E11: =IFERROR(D11/C11, 0) -> 0 | G11: =B11-F11 -> 0 | H11: =IFERROR(G11/F11, 0) -> 0
A12: Aug | D12: =B12-C12 -> 0 | E12: =IFERROR(D12/C12, 0) -> 0 | G12: =B12-F12 -> 0 | H12: =IFERROR(G12/F12, 0) -> 0
A13: Sep | D13: =B13-C13 -> 0 | E13: =IFERROR(D13/C13, 0) -> 0 | G13: =B13-F13 -> 0 | H13: =IFERROR(G13/F13, 0) -> 0
A14: Oct | D14: =B14-C14 -> 0 | E14: =IFERROR(D14/C14, 0) -> 0 | G14: =B14-F14 -> 0 | H14: =IFERROR(G14/F14, 0) -> 0
A15: Nov | D15: =B15-C15 -> 0 | E15: =IFERROR(D15/C15, 0) -> 0 | G15: =B15-F15 -> 0 | H15: =IFERROR(G15/F15, 0) -> 0
A16: Dec | D16: =B16-C16 -> 0 | E16: =IFERROR(D16/C16, 0) -> 0 | G16: =B16-F16 -> 0 | H16: =IFERROR(G16/F16, 0) -> 0
A17: Totals | B17: =SUM(B5:B16) -> 20449.188 | C17: =SUM(C5:C16) -> 0 | D17: =B17-C17 -> 20449.188 | E17: =IFERROR(D17/C17, 0) -> 0 | F17: =SUM(F5:F16) -> 0 | G17: =B17-F17 -> 20449.188 | H17: =IFERROR(G17/F17, 0) -> 0

Sheet M020
A1: M020
A3: Actual vs. Expected | F3: Actual vs. Forecasted | I3: Notes
A4: Month | B4: Actual | C4: Expected | D4: Delta Expected | E4: % Expected | F4: Forecasted | G4: Delta Forecasted | H4: % Forecasted | I4: Notes | J4: Service Request
A5: Jan | B5: 4382.6562 | C5: 7052.359 | D5: =B5-C5 -> -2669.7028 | E5: =IFERROR(D5/C5, 0) -> -0.37855457 | F5: 0 | G5: =B5-F5 -> 4382.6562 | H5: =IFERROR(G5/F5, 0) -> 0
A6: Feb | D6: =B6-C6 -> 0 | E6: =IFERROR(D6/C6, 0) -> 0 | G6: =B6-F6 -> 0 | H6: =IFERROR(G6/F6, 0) -> 0
A7: Mar | D7: =B7-C7 -> 0 | E7: =IFERROR(D7/C7, 0) -> 0 | G7: =B7-F7 -> 0 | H7: =IFERROR(G7/F7, 0) -> 0
A8: Apr | D8: =B8-C8 -> 0 | E8: =IFERROR(D8/C8, 0) -> 0 | G8: =B8-F8 -> 0 | H8: =IFERROR(G8/F8, 0) -> 0
A9: May | D9: =B9-C9 -> 0 | E9: =IFERROR(D9/C9, 0) -> 0 | G9: =B9-F9 -> 0 | H9: =IFERROR(G9/F9, 0) -> 0
A10: Jun | D10: =B10-C10 -> 0 | E10: =IFERROR(D10/C10, 0) -> 0 | G10: =B10-F10 -> 0 | H10: =IFERROR(G10/F10, 0) -> 0
A11: Jul | D11: =B11-C11 -> 0 | E11: =IFERROR(D11/C11, 0) -> 0 | G11: =B11-F11 -> 0 | H11: =IFERROR(G11/F11, 0) -> 0
A12: Aug | D12: =B12-C12 -> 0 | E12: =IFERROR(D12/C12, 0) -> 0 | G12: =B12-F12 -> 0 | H12: =IFERROR(G12/F12, 0) -> 0
A13: Sep | D13: =B13-C13 -> 0 | E13: =IFERROR(D13/C13, 0) -> 0 | F13: 0 | G13: =B13-F13 -> 0 | H13: =IFERROR(G13/F13, 0) -> 0
A14: Oct | D14: =B14-C14 -> 0 | E14: =IFERROR(D14/C14, 0) -> 0 | F14: 0 | G14: =B14-F14 -> 0 | H14: =IFERROR(G14/F14, 0) -> 0
A15: Nov | D15: =B15-C15 -> 0 | E15: =IFERROR(D15/C15, 0) -> 0 | F15: 0 | G15: =B15-F15 -> 0 | H15: =IFERROR(G15/F15, 0) -> 0
A16: Dec | D16: =B16-C16 -> 0 | E16: =IFERROR(D16/C16, 0) -> 0 | F16: 0 | G16: =B16-F16 -> 0 | H16: =IFERROR(G16/F16, 0) -> 0
A17: Totals | B17: =SUM(B5:B16) -> 4382.6562 | C17: =SUM(C5:C16) -> 7052.359 | D17: =B17-C17 -> -2669.7028 | E17: =IFERROR(D17/C17, 0) -> -0.37855457 | F17: =SUM(F5:F16) -> 0 | G17: =B17-F17 -> 4382.6562 | H17: =IFERROR(G17/F17, 0) -> 0

Sheet M092
A1: M092
A3: Actual vs. Expected | F3: Actual vs. Forecasted | I3: Notes
A4: Month | B4: Actual | C4: Expected | D4: Delta Expected | E4: % Expected | F4: Forecasted | G4: Delta Forecasted | H4: % Forecasted | I4: Notes | J4: Service Request
A5: Jan | B5: 4470.75 | C5: 7217.819 | D5: =B5-C5 -> -2747.069 | E5: =IFERROR(D5/C5, 0) -> -0.38059544 | F5: 11299.41 | G5: =B5-F5 -> -6828.66 | H5: =IFERROR(G5/F5, 0) -> -0.60433775
A6: Feb | D6: =B6-C6 -> 0 | E6: =IFERROR(D6/C6, 0) -> 0 | G6: =B6-F6 -> 0 | H6: =IFERROR(G6/F6, 0) -> 0
A7: Mar | D7: =B7-C7 -> 0 | E7: =IFERROR(D7/C7, 0) -> 0 | G7: =B7-F7 -> 0 | H7: =IFERROR(G7/F7, 0) -> 0
A8: Apr | D8: =B8-C8 -> 0 | E8: =IFERROR(D8/C8, 0) -> 0 | G8: =B8-F8 -> 0 | H8: =IFERROR(G8/F8, 0) -> 0
A9: May | D9: =B9-C9 -> 0 | E9: =IFERROR(D9/C9, 0) -> 0 | G9: =B9-F9 -> 0 | H9: =IFERROR(G9/F9, 0) -> 0
A10: Jun | D10: =B10-C10 -> 0 | E10: =IFERROR(D10/C10, 0) -> 0 | G10: =B10-F10 -> 0 | H10: =IFERROR(G10/F10, 0) -> 0
A11: Jul | D11: =B11-C11 -> 0 | E11: =IFERROR(D11/C11, 0) -> 0 | G11: =B11-F11 -> 0 | H11: =IFERROR(G11/F11, 0) -> 0
A12: Aug | D12: =B12-C12 -> 0 | E12: =IFERROR(D12/C12, 0) -> 0 | G12: =B12-F12 -> 0 | H12: =IFERROR(G12/F12, 0) -> 0
A13: Sep | D13: =B13-C13 -> 0 | E13: =IFERROR(D13/C13, 0) -> 0 | G13: =B13-F13 -> 0 | H13: =IFERROR(G13/F13, 0) -> 0
A14: Oct | D14: =B14-C14 -> 0 | E14: =IFERROR(D14/C14, 0) -> 0 | G14: =B14-F14 -> 0 | H14: =IFERROR(G14/F14, 0) -> 0
A15: Nov | D15: =B15-C15 -> 0 | E15: =IFERROR(D15/C15, 0) -> 0 | G15: =B15-F15 -> 0 | H15: =IFERROR(G15/F15, 0) -> 0
A16: Dec | D16: =B16-C16 -> 0 | E16: =IFERROR(D16/C16, 0) -> 0 | G16: =B16-F16 -> 0 | H16: =IFERROR(G16/F16, 0) -> 0
A17: Totals | B17: =SUM(B5:B16) -> 4470.75 | C17: =SUM(C5:C16) -> 7217.819 | D17: =B17-C17 -> -2747.069 | E17: =IFERROR(D17/C17, 0) -> -0.38059544 | F17: =SUM(F5:F16) -> 11299.41 | G17: =B17-F17 -> -6828.66 | H17: =IFERROR(G17/F17, 0) -> -0.60433775

Sheet M143
A1: M143
A3: Actual vs. Expected | F3: Actual vs. Forecasted | I3: Notes
A4: Month | B4: Actual | C4: Expected | D4: Delta Expected | E4: % Expected | F4: Forecasted | G4: Delta Forecasted | H4: % Forecasted | I4: Notes | J4: Service Request
A5: Jan | B5: 4964.5 | C5: 7892.974 | D5: =B5-C5 -> -2928.474 | E5: =IFERROR(D5/C5, 0) -> -0.37102289 | F5: 15533.26 | G5: =B5-F5 -> -10568.76 | H5: =IFERROR(G5/F5, 0) -> -0.68039549
A6: Feb | D6: =B6-C6 -> 0 | E6: =IFERROR(D6/C6, 0) -> 0 | G6: =B6-F6 -> 0 | H6: =IFERROR(G6/F6, 0) -> 0
A7: Mar | D7: =B7-C7 -> 0 | E7: =IFERROR(D7/C7, 0) -> 0 | G7: =B7-F7 -> 0 | H7: =IFERROR(G7/F7, 0) -> 0
A8: Apr | D8: =B8-C8 -> 0 | E8: =IFERROR(D8/C8, 0) -> 0 | G8: =B8-F8 -> 0 | H8: =IFERROR(G8/F8, 0) -> 0
A9: May | D9: =B9-C9 -> 0 | E9: =IFERROR(D9/C9, 0) -> 0 | G9: =B9-F9 -> 0 | H9: =IFERROR(G9/F9, 0) -> 0
A10: Jun | D10: =B10-C10 -> 0 | E10: =IFERROR(D10/C10, 0) -> 0 | G10: =B10-F10 -> 0 | H10: =IFERROR(G10/F10, 0) -> 0
A11: Jul | D11: =B11-C11 -> 0 | E11: =IFERROR(D11/C11, 0) -> 0 | G11: =B11-F11 -> 0 | H11: =IFERROR(G11/F11, 0) -> 0
A12: Aug | D12: =B12-C12 -> 0 | E12: =IFERROR(D12/C12, 0) -> 0 | G12: =B12-F12 -> 0 | H12: =IFERROR(G12/F12, 0) -> 0
A13: Sep | D13: =B13-C13 -> 0 | E13: =IFERROR(D13/C13, 0) -> 0 | G13: =B13-F13 -> 0 | H13: =IFERROR(G13/F13, 0) -> 0
A14: Oct | D14: =B14-C14 -> 0 | E14: =IFERROR(D14/C14, 0) -> 0 | G14: =B14-F14 -> 0 | H14: =IFERROR(G14/F14, 0) -> 0
A15: Nov | D15: =B15-C15 -> 0 | E15: =IFERROR(D15/C15, 0) -> 0 | G15: =B15-F15 -> 0 | H15: =IFERROR(G15/F15, 0) -> 0
A16: Dec | D16: =B16-C16 -> 0 | E16: =IFERROR(D16/C16, 0) -> 0 | G16: =B16-F16 -> 0 | H16: =IFERROR(G16/F16, 0) -> 0
A17: Totals | B17: =SUM(B5:B16) -> 4964.5 | C17: =SUM(C5:C16) -> 7892.974 | D17: =B17-C17 -> -2928.474 | E17: =IFERROR(D17/C17, 0) -> -0.37102289 | F17: =SUM(F5:F16) -> 15533.26 | G17: =B17-F17 -> -10568.76 | H17: =IFERROR(G17/F17, 0) -> -0.68039549

Sheet M144
A1: M144
A3: Actual vs. Expected | F3: Actual vs. Forecasted | I3: Notes
A4: Month | B4: Actual | C4: Expected | D4: Delta Expected | E4: % Expected | F4: Forecasted | G4: Delta Forecasted | H4: % Forecasted | I4: Notes | J4: Service Request
A5: Jan | B5: 7482.3594 | C5: 0 | D5: =B5-C5 -> 7482.3594 | E5: =IFERROR(D5/C5, 0) -> 0 | F5: 0 | G5: =B5-F5 -> 7482.3594 | H5: =IFERROR(G5/F5, 0) -> 0
A6: Feb | D6: =B6-C6 -> 0 | E6: =IFERROR(D6/C6, 0) -> 0 | G6: =B6-F6 -> 0 | H6: =IFERROR(G6/F6, 0) -> 0
A7: Mar | D7: =B7-C7 -> 0 | E7: =IFERROR(D7/C7, 0) -> 0 | G7: =B7-F7 -> 0 | H7: =IFERROR(G7/F7, 0) -> 0
A8: Apr | D8: =B8-C8 -> 0 | E8: =IFERROR(D8/C8, 0) -> 0 | G8: =B8-F8 -> 0 | H8: =IFERROR(G8/F8, 0) -> 0
A9: May | D9: =B9-C9 -> 0 | E9: =IFERROR(D9/C9, 0) -> 0 | G9: =B9-F9 -> 0 | H9: =IFERROR(G9/F9, 0) -> 0
A10: Jun | D10: =B10-C10 -> 0 | E10: =IFERROR(D10/C10, 0) -> 0 | G10: =B10-F10 -> 0 | H10: =IFERROR(G10/F10, 0) -> 0
A11: Jul | D11: =B11-C11 -> 0 | E11: =IFERROR(D11/C11, 0) -> 0 | G11: =B11-F11 -> 0 | H11: =IFERROR(G11/F11, 0) -> 0
A12: Aug | D12: =B12-C12 -> 0 | E12: =IFERROR(D12/C12, 0) -> 0 | G12: =B12-F12 -> 0 | H12: =IFERROR(G12/F12, 0) -> 0
A13: Sep | D13: =B13-C13 -> 0 | E13: =IFERROR(D13/C13, 0) -> 0 | G13: =B13-F13 -> 0 | H13: =IFERROR(G13/F13, 0) -> 0
A14: Oct | D14: =B14-C14 -> 0 | E14: =IFERROR(D14/C14, 0) -> 0 | G14: =B14-F14 -> 0 | H14: =IFERROR(G14/F14, 0) -> 0
A15: Nov | D15: =B15-C15 -> 0 | E15: =IFERROR(D15/C15, 0) -> 0 | G15: =B15-F15 -> 0 | H15: =IFERROR(G15/F15, 0) -> 0
A16: Dec | D16: =B16-C16 -> 0 | E16: =IFERROR(D16/C16, 0) -> 0 | G16: =B16-F16 -> 0 | H16: =IFERROR(G16/F16, 0) -> 0
A17: Totals | B17: =SUM(B5:B16) -> 7482.3594 | C17: =SUM(C5:C16) -> 0 | D17: =B17-C17 -> 7482.3594 | E17: =IFERROR(D17/C17, 0) -> 0 | F17: =SUM(F5:F16) -> 0 | G17: =B17-F17 -> 7482.3594 | H17: =IFERROR(G17/F17, 0) -> 0

Sheet M167
A1: M167
A3: Actual vs. Expected | F3: Actual vs. Forecasted | I3: Notes
A4: Month | B4: Actual | C4: Expected | D4: Delta Expected | E4: % Expected | F4: Forecasted | G4: Delta Forecasted | H4: % Forecasted | I4: Notes | J4: Service Request
A5: Jan | B5: 4434 | C5: 5657 | D5: =B5-C5 -> -1223 | E5: =IFERROR(D5/C5, 0) -> -0.21619233 | F5: 10982 | G5: =B5-F5 -> -6548 | H5: =IFERROR(G5/F5, 0) -> -0.59624841
A6: Feb | D6: =B6-C6 -> 0 | E6: =IFERROR(D6/C6, 0) -> 0 | G6: =B6-F6 -> 0 | H6: =IFERROR(G6/F6, 0) -> 0
A7: Mar | D7: =B7-C7 -> 0 | E7: =IFERROR(D7/C7, 0) -> 0 | G7: =B7-F7 -> 0 | H7: =IFERROR(G7/F7, 0) -> 0
A8: Apr | D8: =B8-C8 -> 0 | E8: =IFERROR(D8/C8, 0) -> 0 | G8: =B8-F8 -> 0 | H8: =IFERROR(G8/F8, 0) -> 0
