Workbook
Name JanActual: '01-2024'!$C$3:$C$4
Name JanActual2: '01-2024'!#REF!
Name JanExpected: '01-2024'!$D$3:$D$4
Name JanExpectedDelta: '01-2024'!$E$3:$E$4
Name JanExpectedPercent: '01-2024'!$F$3:$F$4
Name JanExpPercent: '01-2024'!$F$3:$F$4
Name JanForecasted: '01-2024'!$G$3:$G$4
Name JanForecastedDelta: '01-2024'!$H$3:$H$4
Name JanForecastedPercent: '01-2024'!$I$3:$I$4
Name portfolio: Sites!$B$1:$B$1

Sheet YTD Total 2024
A1: {=portfolio} -> MN8 NY8 | C1: Year to Date 2024 Actual v. Expected | G1: Year to Date 2024 Forecasted | J1: NOTES | K1: SR
A2: Site | B2: State | C2: Actual | D2: Expected | E2: Delta | F2: % | G2: Forecasted | H2: Delta | I2: %
A3: {=Sites[Site]} -> Janis | B3: {=Sites[State]} -> NY | C3: =SUM('1st Quarter 2024'!C3, '2nd Quarter 2024'!C3, '3rd Quarter 2024'!C3, '4th Quarter 2024'!C3) -> 641158.18 | D3: =SUM('1st Quarter 2024'!D3, '2nd Quarter 2024'!D3, '3rd Quarter 2024'!D3, '4th Quarter 2024'!D3) -> 1056577 | E3: =C3-D3 -> -415418.82 | F3: =IFERROR(E3/D3, 0) -> -0.3931742 | G3: =SUM('1st Quarter 2024'!G3, '2nd Quarter 2024'!G3, '3rd Quarter 2024'!G3, '4th Quarter 2024'!G3) -> 1516236 | H3: =C3-G3 -> -875077.82 | I3: =IFERROR(H3/G3, 0) -> -0.57713827
A4: Puckett Solar | B4: NY | C4: =SUM('1st Quarter 2024'!C4, '2nd Quarter 2024'!C4, '3rd Quarter 2024'!C4, '4th Quarter 2024'!C4) -> 744866 | D4: =SUM('1st Quarter 2024'!D4, '2nd Quarter 2024'!D4, '3rd Quarter 2024'!D4, '4th Quarter 2024'!D4) -> 630899.4 | E4: =C4-D4 -> 113966.6 | F4: =IFERROR(E4/D4, 0) -> 0.18064148 | G4: =SUM('1st Quarter 2024'!G4, '2nd Quarter 2024'!G4, '3rd Quarter 2024'!G4, '4th Quarter 2024'!G4) -> 1237718 | H4: =C4-G4 -> -492852 | I4: =IFERROR(H4/G4, 0) -> -0.3981941
A5: Total | C5: =SUM(C3:C4) -> 1386024.2 | D5: =SUM(D3:D4) -> 1687476.4 | E5: =C5-D5 -> -301452.22 | F5: =IFERROR(E5/D5, 0) -> -0.17864085 | G5: =SUM(G3:G4) -> 2753954 | H5: =C5-G5 -> -1367929.8 | I5: =IFERROR(H5/G5, 0) -> -0.49671484
A7: Values in gold exceed expected or forecasted by 10% or more.
A9: Values in red are below expected or forecasted by 10% or more.

Sheet 1st Quarter 2024
A1: {=portfolio} -> MN8 NY8 | C1: 1st Quarter 2024 Actual v. Expected | G1: 1st Quarter 2024 Forecasted | J1: NOTES | K1: SR
A2: Site | B2: State | C2: Actual | D2: Expected | E2: Delta | F2: % | G2: Forecasted | H2: Delta | I2: %
A3: {=Sites[Site]} -> Janis | B3: {=Sites[State]} -> NY | C3: =SUM('01-2024'!C3, '02-2024'!C3, '03-2024'!C3) -> 641158.18 | D3: =SUM('01-2024'!D3, '02-2024'!D3, '03-2024'!D3) -> 1056577 | E3: =C3-D3 -> -415418.82 | F3: =IFERROR(E3/D3, 0) -> -0.3931742 | G3: =SUM('01-2024'!G3, '02-2024'!G3, '03-2024'!G3) -> 1516236 | H3: =C3-G3 -> -875077.82 | I3: =IFERROR(H3/H3, 0) -> 1
A4: Puckett Solar | B4: NY | C4: =SUM('01-2024'!C4, '02-2024'!C4, '03-2024'!C4) -> 744866 | D4: =SUM('01-2024'!D4, '02-2024'!D4, '03-2024'!D4) -> 630899.4 | E4: =C4-D4 -> 113966.6 | F4: =IFERROR(E4/D4, 0) -> 0.18064148 | G4: =SUM('01-2024'!G4, '02-2024'!G4, '03-2024'!G4) -> 1237718 | H4: =C4-G4 -> -492852 | I4: =IFERROR(H4/H4, 0) -> 1
A5: Total | C5: =SUM(C3:C4) -> 1386024.2 | D5: =SUM(D3:D4) -> 1687476.4 | E5: =C5-D5 -> -301452.22 | F5: =IFERROR(E5/D5, 0) -> -0.17864085 | G5: =SUM(G3:G4) -> 2753954 | H5: =C5-G5 -> -1367929.8 | I5: =IFERROR(H5/G5, 0) -> -0.49671484
A7: Values in gold exceed expected or forecasted by 10% or more.
A9: Values in red are below expected or forecasted by 10% or more.

Sheet 2nd Quarter 2024
A1: {=portfolio} -> MN8 NY8 | C1: 2nd Quarter 2024 Actual v. Expected | G1: 2nd Quarter 2024 Forecasted | J1: NOTES | K1: SR
A2: Site | B2: State | C2: Actual | D2: Expected | E2: Delta | F2: % | G2: Forecasted | H2: Delta | I2: %
A3: {=Sites[Site]} -> Janis | B3: {=Sites[State]} -> NY | C3: =SUM('04-2024'!C3, '05-2024'!C3, '06-2024'!C3) -> 0 | D3: =SUM('04-2024'!D3, '05-2024'!D3, '06-2024'!D3) -> 0 | E3: =C3-D3 -> 0 | F3: =IFERROR(E3/D3, 0) -> 0 | G3: =SUM('04-2024'!G3, '05-2024'!G3, '06-2024'!G3) -> 0 | H3: =C3-G3 -> 0 | I3: =IFERROR(H3/G3, 0) -> 0
A4: Puckett Solar | B4: NY | C4: =SUM('04-2024'!C4, '05-2024'!C4, '06-2024'!C4) -> 0 | D4: =SUM('04-2024'!D4, '05-2024'!D4, '06-2024'!D4) -> 0 | E4: =C4-D4 -> 0 | F4: =IFERROR(E4/D4, 0) -> 0 | G4: =SUM('04-2024'!G4, '05-2024'!G4, '06-2024'!G4) -> 0 | H4: =C4-G4 -> 0 | I4: =IFERROR(H4/G4, 0) -> 0
A5: Total | C5: =SUM(C3:C4) -> 0 | D5: =SUM(D3:D4) -> 0 | E5: =C5-D5 -> 0 | F5: =IFERROR(E5/D5, 0) -> 0 | G5: =SUM(G3:G4) -> 0 | H5: =C5-G5 -> 0 | I5: =IFERROR(H5/G5, 0) -> 0
A7: Values in gold exceed expected or forecasted by 10% or more.
A9: Values in red are below expected or forecasted by 10% or more.

Sheet 3rd Quarter 2024
A1: {=portfolio} -> MN8 NY8 | C1: 3rd Quarter 2024 Actual v. Expected | G1: 3rd Quarter 2024 Forecasted | J1: NOTES | K1: SR
A2: Site | B2: State | C2: Actual | D2: Expected | E2: Delta | F2: % | G2: Forecasted | H2: Delta | I2: %
A3: {=Sites[Site]} -> Janis | B3: {=Sites[State]} -> NY | C3: =SUM('07-2024'!C3, '08-2024'!C3, '09-2024'!C3) -> 0 | D3: =SUM('07-2024'!D3, '08-2024'!D3, '09-2024'!D3) -> 0 | E3: =C3-D3 -> 0 | F3: =IFERROR(E3/D3, 0) -> 0 | G3: =SUM('07-2024'!G3, '08-2024'!G3, '09-2024'!G3) -> 0 | H3: =C3-G3 -> 0 | I3: =IFERROR(H3/G3, 0) -> 0
A4: Puckett Solar | B4: NY | C4: =SUM('07-2024'!C4, '08-2024'!C4, '09-2024'!C4) -> 0 | D4: =SUM('07-2024'!D4, '08-2024'!D4, '09-2024'!D4) -> 0 | E4: =C4-D4 -> 0 | F4: =IFERROR(E4/D4, 0) -> 0 | G4: =SUM('07-2024'!G4, '08-2024'!G4, '09-2024'!G4) -> 0 | H4: =C4-G4 -> 0 | I4: =IFERROR(H4/G4, 0) -> 0
A5: Total | C5: =SUM(C3:C4) -> 0 | D5: =SUM(D3:D4) -> 0 | E5: =C5-D5 -> 0 | F5: =IFERROR(E5/D5, 0) -> 0 | G5: =SUM(G3:G4) -> 0 | H5: =C5-G5 -> 0 | I5: =IFERROR(H5/G5, 0) -> 0
A7: Values in gold exceed expected or forecasted by 10% or more.
A9: Values in red are below expected or forecasted by 10% or more.

Sheet 4th Quarter 2024
A1: {=portfolio} -> MN8 NY8 | C1: 4th Quarter 2024 Actual v. Expected | G1: 4th Quarter 2024 Forecasted | J1: NOTES | K1: SR
A2: Site | B2: State | C2: Actual | D2: Expected | E2: Delta | F2: % | G2: Forecasted | H2: Delta | I2: %
A3: {=Sites[Site]} -> Janis | B3: {=Sites[State]} -> NY | C3: =SUM('10-2024'!C3, '11-2024'!C3, '12-2024'!C3) -> 0 | D3: =SUM('10-2024'!D3, '11-2024'!D3, '12-2024'!D3) -> 0 | E3: =C3-D3 -> 0 | F3: =IFERROR(E3/D3, 0) -> 0 | G3: =SUM('10-2024'!G3, '11-2024'!G3, '12-2024'!G3) -> 0 | H3: =C3-G3 -> 0 | I3: =IFERROR(H3/G3, 0) -> 0
A4: Puckett Solar | B4: NY | C4: =SUM('10-2024'!C4, '11-2024'!C4, '12-2024'!C4) -> 0 | D4: =SUM('10-2024'!D4, '11-2024'!D4, '12-2024'!D4) -> 0 | E4: =C4-D4 -> 0 | F4: =IFERROR(E4/D4, 0) -> 0 | G4: =SUM('10-2024'!G4, '11-2024'!G4, '12-2024'!G4) -> 0 | H4: =C4-G4 -> 0 | I4: =IFERROR(H4/G4, 0) -> 0
A5: Total | C5: =SUM(C3:C4) -> 0 | D5: =SUM(D3:D4) -> 0 | E5: =C5-D5 -> 0 | F5: =IFERROR(E5/D5, 0) -> 0 | G5: =SUM(G3:G4) -> 0 | H5: =C5-G5 -> 0 | I5: =IFERROR(H5/G5, 0) -> 0
A7: Values in gold exceed expected or forecasted by 10% or more.
A9: Values in red are below expected or forecasted by 10% or more.

Sheet 01-2024
A1: {=portfolio} -> MN8 NY8 | C1: 01-2024 Actual v. Expected | G1: 01-2024 Actual v. Forecasted | J1: NOTES | K1: SR
A2: Site | B2: State | C2: Actual | D2: Expected | E2: Delta | F2: % | G2: Forecasted | H2: Delta | I2: %
A3: {=Sites[Site]} -> Janis | B3: {=Sites[State]} -> NY | C3: {=IF(INDIRECT("'" & $A3 & "'!B5:J5")="", "", INDIRECT("'" & $A3 & "'!B5:J5"))} -> 641158.18 | D3: 1056577 | E3: -415418.82 | F3: -0.3931742 | G3: 1516236 | H3: -875077.82 | I3: -0.57713827 | J3: 1. Inverter 3.1,4.1 Module 1 and 5.1 module 2 has not started production on 01/09, 01/16, 01/18, 01/19 and 01/31 2.Inverter module 1.1 offline on 01/19 to 01/22 and started on 01/23 at 12:15 | K3: 1.SR080623, SR080624 2.SR080390
A4: Puckett Solar | B4: NY | C4: {=IF(INDIRECT("'" & $A4 & "'!B5:J5")="", "", INDIRECT("'" & $A4 & "'!B5:J5"))} -> 744866 | D4: 630899.4 | E4: 113966.6 | F4: 0.18064148 | G4: 1237718 | H4: -492852 | I4: -0.3981941 | J4: 1.Production meter was damaged they had to by pass the meter. 2.Inverter 5.1 module 2 is offfline on 01/17 and started on 01/18 at 10:45 3.Site tripped offlinedue to Utility planned outage on 01/25 at 12:00 and back online 02/01. Actual energy data is taken from Inverters data since production meter data is not available*** | K4: 1.SR073174 2.SR080283 3.SR080466
A5: Total | C5: =SUM(C3:C4) -> 1386024.2 | D5: =SUM(D3:D4) -> 1687476.4 | E5: =C5-D5 -> -301452.22 | F5: =IFERROR(E5/D5, 0) -> -0.17864085 | G5: =SUM(G3:G4) -> 2753954 | H5: =C5-G5 -> -1367929.8 | I5: =IFERROR(H5/G5, 0) -> -0.49671484
A7: Values in gold exceed expected or forecasted by 10% or more.
A9: Values in red are below expected or forecasted by 10% or more.

Sheet 02-2024
A1: {=portfolio} -> MN8 NY8 | C1: 02-2024 Actual v. Expected | G1: 02-2024 Actual v. Forecasted | J1: NOTES | K1: SR
A2: Site | B2: State | C2: Actual | D2: Expected | E2: Delta | F2: % | G2: Forecasted | H2: Delta | I2: %
A3: {=Sites[Site]} -> Janis | B3: {=Sites[State]} -> NY | C3: {=IF(INDIRECT("'" & $A3 & "'!B6:J6")="", "", INDIRECT("'" & $A3 & "'!B6:J6"))} | E3: 0 | F3: 0 | H3: 0 | I3: 0
A4: Puckett Solar | B4: NY | C4: {=IF(INDIRECT("'" & $A4 & "'!B6:J6")="", "", INDIRECT("'" & $A4 & "'!B6:J6"))} | E4: 0 | F4: 0 | H4: 0 | I4: 0
A5: Total | C5: =SUM(C3:C4) -> 0 | D5: =SUM(D3:D4) -> 0 | E5: =C5-D5 -> 0 | F5: =IFERROR(E5/D5, 0) -> 0 | G5: =SUM(G3:G4) -> 0 | H5: =C5-G5 -> 0 | I5: =IFERROR(H5/G5, 0) -> 0
A7: Values in gold exceed expected or forecasted by 10% or more.
A9: Values in red are below expected or forecasted by 10% or more.

Sheet 03-2024
A1: {=portfolio} -> MN8 NY8 | C1: 03-2024 Actual v. Expected | G1: 03-2024 Actual v. Forecasted | J1: NOTES | K1: SR
A2: Site | B2: State | C2: Actual | D2: Expected | E2: Delta | F2: % | G2: Forecasted | H2: Delta | I2: %
A3: {=Sites[Site]} -> Janis | B3: {=Sites[State]} -> NY | C3: {=IF(INDIRECT("'" & $A3 & "'!B7:J7")="", "", INDIRECT("'" & $A3 & "'!B7:J7"))} | E3: 0 | F3: 0 | H3: 0 | I3: 0
A4: Puckett Solar | B4: NY | C4: {=IF(INDIRECT("'" & $A4 & "'!B7:J7")="", "", INDIRECT("'" & $A4 & "'!B7:J7"))} | E4: 0 | F4: 0 | H4: 0 | I4: 0
A5: Total | C5: =SUM(C3:C4) -> 0 | D5: =SUM(D3:D4) -> 0 | E5: =C5-D5 -> 0 | F5: =IFERROR(E5/D5, 0) -> 0 | G5: =SUM(G3:G4) -> 0 | H5: =C5-G5 -> 0 | I5: =IFERROR(H5/G5, 0) -> 0
A7: Values in gold exceed expected or forecasted by 10% or more.
A9: Values in red are below expected or forecasted by 10% or more.

Sheet 04-2024
A1: {=portfolio} -> MN8 NY8 | C1: 04-2024 Actual v. Expected | G1: 04-2024 Actual v. Forecasted | J1: NOTES | K1: SR
A2: Site | B2: State | C2: Actual | D2: Expected | E2: Delta | F2: % | G2: Forecasted | H2: Delta | I2: %
A3: {=Sites[Site]} -> Janis | B3: {=Sites[State]} -> NY | C3: {=IF(INDIRECT("'" & $A3 & "'!B8:J8")="", "", INDIRECT("'" & $A3 & "'!B8:J8"))} | E3: 0 | F3: 0 | H3: 0 | I3: 0
A4: Puckett Solar | B4: NY | C4: {=IF(INDIRECT("'" & $A4 & "'!B8:J8")="", "", INDIRECT("'" & $A4 & "'!B8:J8"))} | E4: 0 | F4: 0 | H4: 0 | I4: 0
A5: Total | C5: =SUM(C3:C4) -> 0 | D5: =SUM(D3:D4) -> 0 | E5: =C5-D5 -> 0 | F5: =IFERROR(E5/D5, 0) -> 0 | G5: =SUM(G3:G4) -> 0 | H5: =C5-G5 -> 0 | I5: =IFERROR(H5/G5, 0) -> 0
A7: Values in gold exceed expected or forecasted by 10% or more.
A9: Values in red are below expected or forecasted by 10% or more.

Sheet 05-2024
A1: {=portfolio} -> MN8 NY8 | C1: 05-2024 Actual v. Expected | G1: 05-2024 Actual v. Forecasted | J1: NOTES | K1: SR
A2: Site | B2: State | C2: Actual | D2: Expected | E2: Delta | F2: % | G2: Forecasted | H2: Delta | I2: %
A3: {=Sites[Site]} -> Janis | B3: {=Sites[State]} -> NY | C3: {=IF(INDIRECT("'" & $A3 & "'!B9:J9")="", "", INDIRECT("'" & $A3 & "'!B9:J9"))} | E3: 0 | F3: 0 | H3: 0 | I3: 0
A4: Puckett Solar | B4: NY | C4: {=IF(INDIRECT("'" & $A4 & "'!B9:J9")="", "", INDIRECT("'" & $A4 & "'!B9:J9"))} | E4: 0 | F4: 0 | H4: 0 | I4: 0
A5: Total | C5: =SUM(C3:C4) -> 0 | D5: =SUM(D3:D4) -> 0 | E5: =C5-D5 -> 0 | F5: =IFERROR(E5/D5, 0) -> 0 | G5: =SUM(G3:G4) -> 0 | H5: =C5-G5 -> 0 | I5: =IFERROR(H5/G5, 0) -> 0
A7: Values in gold exceed expected or forecasted by 10% or more.
A9: Values in red are below expected or forecasted by 10% or more.

Sheet 06-2024
A1: {=portfolio} -> MN8 NY8 | C1: 06-2024 Actual v. Expected | G1: 06-2024 Actual v. Forecasted | J1: NOTES | K1: SR
A2: Site | B2: State | C2: Actual | D2: Expected | E2: Delta | F2: % | G2: Forecasted | H2: Delta | I2: %
A3: {=Sites[Site]} -> Janis | B3: {=Sites[State]} -> NY | C3: {=IF(INDIRECT("'" & $A3 & "'!B10:J10")="", "", INDIRECT("'" & $A3 & "'!B10:J10"))} | E3: 0 | F3: 0 | H3: 0 | I3: 0
A4: Puckett Solar | B4: NY | C4: {=IF(INDIRECT("'" & $A4 & "'!B10:J10")="", "", INDIRECT("'" & $A4 & "'!B10:J10"))} | E4: 0 | F4: 0 | H4: 0 | I4: 0
A5: Total | C5: =SUM(C3:C4) -> 0 | D5: =SUM(D3:D4) -> 0 | E5: =C5-D5 -> 0 | F5: =IFERROR(E5/D5, 0) -> 0 | G5: =SUM(G3:G4) -> 0 | H5: =C5-G5 -> 0 | I5: =IFERROR(H5/G5, 0) -> 0
A7: Values in gold exceed expected or forecasted by 10% or more.
A9: Values in red are below expected or forecasted by 10% or more.

Sheet 07-2024
A1: {=portfolio} -> MN8 NY8 | C1: 07-2024 Actual v. Expected | G1: 07-2024 Actual v. Forecasted | J1: NOTES | K1: SR
A2: Site | B2: State | C2: Actual | D2: Expected | E2: Delta | F2: % | G2: Forecasted | H2: Delta | I2: %
A3: {=Sites[Site]} -> Janis | B3: {=Sites[State]} -> NY | C3: {=IF(INDIRECT("'" & $A3 & "'!B11:J11")="", "", INDIRECT("'" & $A3 & "'!B11:J11"))} | E3: 0 | F3: 0 | H3: 0 | I3: 0
A4: Puckett Solar | B4: NY | C4: {=IF(INDIRECT("'" & $A4 & "'!B11:J11")="", "", INDIRECT("'" & $A4 & "'!B11:J11"))} | E4: 0 | F4: 0 | H4: 0 | I4: 0
A5: Total | C5: =SUM(C3:C4) -> 0 | D5: =SUM(D3:D4) -> 0 | E5: =C5-D5 -> 0 | F5: =IFERROR(E5/D5, 0) -> 0 | G5: =SUM(G3:G4) -> 0 | H5: =C5-G5 -> 0 | I5: =IFERROR(H5/G5, 0) -> 0
A7: Values in gold exceed expected or forecasted by 10% or more.
A9: Values in red are below expected or forecasted by 10% or more.

Sheet 08-2024
A1: {=portfolio} -> MN8 NY8 | C1: 08-2024 Actual v. Expected | G1: 08-2024 Actual v. Forecasted | J1: NOTES | K1: SR
A2: Site | B2: State | C2: Actual | D2: Expected | E2: Delta | F2: % | G2: Forecasted | H2: Delta | I2: %
A3: {=Sites[Site]} -> Janis | B3: {=Sites[State]} -> NY | C3: {=IF(INDIRECT("'" & $A3 & "'!B12:J12")="", "", INDIRECT("'" & $A3 & "'!B12:J12"))} | E3: 0 | F3: 0 | H3: 0 | I3: 0
A4: Puckett Solar | B4: NY | C4: {=IF(INDIRECT("'" & $A4 & "'!B12:J12")="", "", INDIRECT("'" & $A4 & "'!B12:J12"))} | E4: 0 | F4: 0 | H4: 0 | I4: 0
A5: Total | C5: =SUM(C3:C4) -> 0 | D5: =SUM(D3:D4) -> 0 | E5: =C5-D5 -> 0 | F5: =IFERROR(E5/D5, 0) -> 0 | G5: =SUM(G3:G4) -> 0 | H5: =C5-G5 -> 0 | I5: =IFERROR(H5/G5, 0) -> 0
A7: Values in gold exceed expected or forecasted by 10% or more.
A9: Values in red are below expected or forecasted by 10% or more.

Sheet 09-2024
A1: {=portfolio} -> MN8 NY8 | C1: 09-2024 Actual v. Expected | G1: 09-2024 Actual v. Forecasted | J1: NOTES | K1: SR
A2: Site | B2: State | C2: Actual | D2: Expected | E2: Delta | F2: % | G2: Forecasted | H2: Delta | I2: %
A3: {=Sites[Site]} -> Janis | B3: {=Sites[State]} -> NY | C3: {=IF(INDIRECT("'" & $A3 & "'!B13:J13")="", "", INDIRECT("'" & $A3 & "'!B13:J13"))} | E3: 0 | F3: 0 | H3: 0 | I3: 0
A4: Puckett Solar | B4: NY | C4: {=IF(INDIRECT("'" & $A4 & "'!B13:J13")="", "", INDIRECT("'" & $A4 & "'!B13:J13"))} | E4: 0 | F4: 0 | H4: 0 | I4: 0
A5: Total | C5: =SUM(C3:C4) -> 0 | D5: =SUM(D3:D4) -> 0 | E5: =C5-D5 -> 0 | F5: =IFERROR(E5/D5, 0) -> 0 | G5: =SUM(G3:G4) -> 0 | H5: =C5-G5 -> 0 | I5: =IFERROR(H5/G5, 0) -> 0
A7: Values in gold exceed expected or forecasted by 10% or more.
A9: Values in red are below expected or forecasted by 10% or more.

Sheet 10-2024
A1: {=portfolio} -> MN8 NY8 | C1: 10-2024 Actual v. Expected | G1: 10-2024 Actual v. Forecasted | J1: NOTES | K1: SR
A2: Site | B2: State | C2: Actual | D2: Expected | E2: Delta | F2: % | G2: Forecasted | H2: Delta | I2: %
A3: {=Sites[Site]} -> Janis | B3: {=Sites[State]} -> NY | C3: {=IF(INDIRECT("'" & $A3 & "'!B14:J14")="", "", INDIRECT("'" & $A3 & "'!B14:J14"))} | E3: 0 | F3: 0 | H3: 0 | I3: 0
A4: Puckett Solar | B4: NY | C4: {=IF(INDIRECT("'" & $A4 & "'!B14:J14")="", "", INDIRECT("'" & $A4 & "'!B14:J14"))} | E4: 0 | F4: 0 | H4: 0 | I4: 0
A5: Total | C5: =SUM(C3:C4) -> 0 | D5: =SUM(D3:D4) -> 0 | E5: =C5-D5 -> 0 | F5: =IFERROR(E5/D5, 0) -> 0 | G5: =SUM(G3:G4) -> 0 | H5: =C5-G5 -> 0 | I5: =IFERROR(H5/G5, 0) -> 0
A7: Values in gold exceed expected or forecasted by 10% or more.
A9: Values in red are below expected or forecasted by 10% or more.

Sheet 11-2024
A1: {=portfolio} -> MN8 NY8 | C1: 11-2024 Actual v. Expected | G1: 11-2024 Actual v. Forecasted | J1: NOTES | K1: SR
A2: Site | B2: State | C2: Actual | D2: Expected | E2: Delta | F2: % | G2: Forecasted | H2: Delta | I2: %
A3: {=Sites[Site]} -> Janis | B3: {=Sites[State]} -> NY | C3: {=IF(INDIRECT("'" & $A3 & "'!B15:J15")="", "", INDIRECT("'" & $A3 & "'!B15:J15"))} | E3: 0 | F3: 0 | H3: 0 | I3: 0
A4: Puckett Solar | B4: NY | C4: {=IF(INDIRECT("'" & $A4 & "'!B15:J15")="", "", INDIRECT("'" & $A4 & "'!B15:J15"))} | E4: 0 | F4: 0 | H4: 0 | I4: 0
A5: Total | C5: =SUM(C3:C4) -> 0 | D5: =SUM(D3:D4) -> 0 | E5: =C5-D5 -> 0 | F5: =IFERROR(E5/D5, 0) -> 0 | G5: =SUM(G3:G4) -> 0 | H5: =C5-G5 -> 0 | I5: =IFERROR(H5/G5, 0) -> 0
A7: Values in gold exceed expected or forecasted by 10% or more.
A9: Values in red are below expected or forecasted by 10% or more.

Sheet 12-2024
A1: {=portfolio} -> MN8 NY8 | C1: 12-2024 Actual v. Expected | G1: 12-2024 Actual v. Forecasted | J1: NOTES | K1: SR
A2: Site | B2: State | C2: Actual | D2: Expected | E2: Delta | F2: % | G2: Forecasted | H2: Delta | I2: %
A3: {=Sites[Site]} -> Janis | B3: {=Sites[State]} -> NY | C3: {=IF(INDIRECT("'" & $A3 & "'!B16:J16")="", "", INDIRECT("'" & $A3 & "'!B16:J16"))} | E3: 0 | F3: 0 | H3: 0 | I3: 0
A4: Puckett Solar | B4: NY | C4: {=IF(INDIRECT("'" & $A4 & "'!B16:J16")="", "", INDIRECT("'" & $A4 & "'!B16:J16"))} | E4: 0 | F4: 0 | H4: 0 | I4: 0
A5: Total | C5: =SUM(C3:C4) -> 0 | D5: =SUM(D3:D4) -> 0 | E5: =C5-D5 -> 0 | F5: =IFERROR(E5/D5, 0) -> 0 | G5: =SUM(G3:G4) -> 0 | H5: =C5-G5 -> 0 | I5: =IFERROR(H5/G5, 0) -> 0
A7: Values in gold exceed expected or forecasted by 10% or more.
A9: Values in red are below expected or forecasted by 10% or more.

Sheet Sites
A1: Portfolio: | B1: MN8 NY8
A2: Site DAS Name | B2: Site | C2: State | D2: Column1
A3: Janis | B3: Janis | C3: NY | D3: AEF
A4: Puckett Solar | B4: Puckett Solar | C4: NY | D4: AEF

Sheet Janis
A1: Janis
A3: Actual vs. Expected | F3: Actual vs. Forecasted | I3: Notes
A4: Month | B4: Actual | C4: Expected | D4: Delta Expected | E4: % Expected | F4: Forecasted | G4: Delta Forecasted | H4: % Forecasted | I4: Notes | J4: Service Request
A5: Jan | B5: 641158.18 | C5: 1056577 | D5: =B5-C5 -> -415418.82 | E5: =IFERROR(D5/C5, 0) -> -0.3931742 | F5: 1516236 | G5: =B5-F5 -> -875077.82 | H5: =IFERROR(G5/F5, 0) -> -0.57713827 | I5: 1. Inverter 3.1,4.1 Module 1 and 5.1 module 2 has not started production on 01/09, 01/16, 01/18, 01/19 and 01/31 2.Inverter module 1.1 offline on 01/19 to 01/22 and started on 01/23 at 12:15 | J5: 1.SR080623, SR080624 2.SR080390
A6: Feb | D6: =B6-C6 -> 0 | E6: =IFERROR(D6/C6, 0) -> 0 | G6: =B6-F6 -> 0 | H6: =IFERROR(G6/F6, 0) -> 0
A7: Mar | D7: =B7-C7 -> 0 | E7: =IFERROR(D7/C7, 0) -> 0 | G7: =B7-F7 -> 0 | H7: =IFERROR(G7/F7, 0) -> 0
A8: Apr | D8: =B8-C8 -> 0 | E8: =IFERROR(D8/C8, 0) -> 0 | G8: =B8-F8 -> 0 | H8: =IFERROR(G8/F8, 0) -> 0
A9: May | D9: =B9-C9 -> 0 | E9: =IFERROR(D9/C9, 0) -> 0 | G9: =B9-F9 -> 0 | H9: =IFERROR(G9/F9, 0) -> 0
A10: Jun | D10: =B10-C10 -> 0 | E10: =IFERROR(D10/C10, 0) -> 0 | G10: =B10-F10 -> 0 | H10: =IFERROR(G10/F10, 0) -> 0
A11: Jul | D11: =B11-C11 -> 0 | E11: =IFERROR(D11/C11, 0) -> 0 | G11: =B11-F11 -> 0 | H11: =IFERROR(G11/F11, 0) -> 0
A12: Aug | D12: =B12-C12 -> 0 | E12: =IFERROR(D12/C12, 0) -> 0 | G12: =B12-F12 -> 0 | H12: =IFERROR(G12/F12, 0) -> 0
A13: Sep | D13: =B13-C13 -> 0 | E13: =IFERROR(D13/C13, 0) -> 0 | G13: =B13-F13 -> 0 | H13: =IFERROR(G13/F13, 0) -> 0
A14: Oct | D14: =B14-C14 -> 0 | E14: =IFERROR(D14/C14, 0) -> 0 | G14: =B14-F14 -> 0 | H14: =IFERROR(G14/F14, 0) -> 0
A15: Nov | D15: =B15-C15 -> 0 | E15: =IFERROR(D15/C15, 0) -> 0 | G15: =B15-F15 -> 0 | H15: =IFERROR(G15/F15, 0) -> 0
A16: Dec | D16: =B16-C16 -> 0 | E16: =IFERROR(D16/C16, 0) -> 0 | G16: =B16-F16 -> 0 | H16: =IFERROR(G16/F16, 0) -> 0
A17: Totals | B17: =SUM(B5:B16) -> 641158.18 | C17: =SUM(C5:C16) -> 1056577 | D17: =B17-C17 -> -415418.82 | E17: =IFERROR(D17/C17, 0) -> -0.3931742 | F17: =SUM(F5:F16) -> 1516236 | G17: =B17-F17 -> -875077.82 | H17: =IFERROR(G17/F17, 0) -> -0.57713827

Sheet Puckett Solar
A1: Puckett Solar
A3: Actual vs. Expected | F3: Actual vs. Forecasted | I3: Notes
A4: Month | B4: Actual | C4: Expected | D4: Delta Expected | E4: % Expected | F4: Forecasted | G4: Delta Forecasted | H4: % Forecasted | I4: Notes | J4: Service Request
A5: Jan | B5: 744866 | C5: 630899.4 | D5: =B5-C5 -> 113966.6 | E5: =IFERROR(D5/C5, 0) -> 0.18064148 | F5: 1237718 | G5: =B5-F5 -> -492852 | H5: =IFERROR(G5/F5, 0) -> -0.3981941 | I5: 1.Production meter was damaged they had to by pass the meter. 2.Inverter 5.1 module 2 is offfline on 01/17 and started on 01/18 at 10:45 3.Site tripped offlinedue to Utility planned outage on 01/25 at 12:00 and back online 02/01. Actual energy data is taken from Inverters data since production meter data is not available*** | J5: 1.SR073174 2.SR080283 3.SR080466
A6: Feb | D6: =B6-C6 -> 0 | E6: =IFERROR(D6/C6, 0) -> 0 | G6: =B6-F6 -> 0 | H6: =IFERROR(G6/F6, 0) -> 0
A7: Mar | D7: =B7-C7 -> 0 | E7: =IFERROR(D7/C7, 0) -> 0 | G7: =B7-F7 -> 0 | H7: =IFERROR(G7/F7, 0) -> 0
A8: Apr | D8: =B8-C8 -> 0 | E8: =IFERROR(D8/C8, 0) -> 0 | G8: =B8-F8 -> 0 | H8: =IFERROR(G8/F8, 0) -> 0
A9: May | D9: =B9-C9 -> 0 | E9: =IFERROR(D9/C9, 0) -> 0 | G9: =B9-F9 -> 0 | H9: =IFERROR(G9/F9, 0) -> 0
A10: Jun | D10: =B10-C10 -> 0 | E10: =IFERROR(D10/C10, 0) -> 0 | G10: =B10-F10 -> 0 | H10: =IFERROR(G10/F10, 0) -> 0
A11: Jul | D11: =B11-C11 -> 0 | E11: =IFERROR(D11/C11, 0) -> 0 | G11: =B11-F11 -> 0 | H11: =IFERROR(G11/F11, 0) -> 0
A12: Aug | D12: =B12-C12 -> 0 | E12: =IFERROR(D12/C12, 0) -> 0 | G12: =B12-F12 -> 0 | H12: =IFERROR(G12/F12, 0) -> 0
A13: Sep | D13: =B13-C13 -> 0 | E13: =IFERROR(D13/C13, 0) -> 0 | G13: =B13-F13 -> 0 | H13: =IFERROR(G13/F13, 0) -> 0
A14: Oct | D14: =B14-C14 -> 0 | E14: =IFERROR(D14/C14, 0) -> 0 | G14: =B14-F14 -> 0 | H14: =IFERROR(G14/F14, 0) -> 0
A15: Nov | D15: =B15-C15 -> 0 | E15: =IFERROR(D15/C15, 0) -> 0 | G15: =B15-F15 -> 0 | H15: =IFERROR(G15/F15, 0) -> 0
A16: Dec | D16: =B16-C16 -> 0 | E16: =IFERROR(D16/C16, 0) -> 0 | G16: =B16-F16 -> 0 | H16: =IFERROR(G16/F16, 0) -> 0
A17: Totals | B17: =SUM(B5:B16) -> 744866 | C17: =SUM(C5:C16) -> 630899.4 | D17: =B17-C17 -> 113966.6 | E17: =IFERROR(D17/C17, 0) -> 0.18064148 | F17: =SUM(F5:F16) -> 1237718 | G17: =B17-F17 -> -492852 | H17: =IFERROR(G17/F17, 0) -> -0.3981941
