Workbook
Name JanActual: '01-2024'!$C$3:$C$4
Name JanActual2: '01-2024'!#REF!
Name JanExpected: '01-2024'!$D$3:$D$4
Name JanExpectedDelta: '01-2024'!$E$3:$E$4
Name JanExpectedPercent: '01-2024'!$F$3:$F$4
Name JanExpPercent: '01-2024'!$F$3:$F$4
Name JanForecasted: '01-2024'!$G$3:$G$4
Name JanForecastedDelta: '01-2024'!$H$3:$H$4
Name JanForecastedPercent: '01-2024'!$I$3:$I$4
Name portfolio: Sites!$B$1:$B$1

Sheet YTD Total 2024
A1: {=portfolio} -> Solar Income LLC | C1: Year to Date 2024 Actual v. Expected | G1: Year to Date 2024 Forecasted | J1: NOTES | K1: SR
A2: Site | B2: State | C2: Actual | D2: Expected | E2: Delta | F2: % | G2: Forecasted | H2: Delta | I2: %
A3: {=Sites[Site]} -> Westbrook - Lee Building 9 | B3: {=Sites[State]} -> CT | C3: =SUM('1st Quarter 2024'!C3, '2nd Quarter 2024'!C3, '3rd Quarter 2024'!C3, '4th Quarter 2024'!C3) -> 11433.86 | D3: =SUM('1st Quarter 2024'!D3, '2nd Quarter 2024'!D3, '3rd Quarter 2024'!D3, '4th Quarter 2024'!D3) -> 15679.73 | E3: =C3-D3 -> -4245.8701 | F3: =IFERROR(E3/D3, 0) -> -0.2707872 | G3: =SUM('1st Quarter 2024'!G3, '2nd Quarter 2024'!G3, '3rd Quarter 2024'!G3, '4th Quarter 2024'!G3) -> 0 | H3: =C3-G3 -> 11433.86 | I3: =IFERROR(H3/G3, 0) -> 0
A4: Westbrook - Lee Building 82 | B4: CT | C4: =SUM('1st Quarter 2024'!C4, '2nd Quarter 2024'!C4, '3rd Quarter 2024'!C4, '4th Quarter 2024'!C4) -> 11845.48 | D4: =SUM('1st Quarter 2024'!D4, '2nd Quarter 2024'!D4, '3rd Quarter 2024'!D4, '4th Quarter 2024'!D4) -> 16173.71 | E4: =C4-D4 -> -4328.2304 | F4: =IFERROR(E4/D4, 0) -> -0.26760901 | G4: =SUM('1st Quarter 2024'!G4, '2nd Quarter 2024'!G4, '3rd Quarter 2024'!G4, '4th Quarter 2024'!G4) -> 23363 | H4: =C4-G4 -> -11517.52 | I4: =IFERROR(H4/G4, 0) -> -0.49298123
A5: Total | C5: =SUM(C3:C4) -> 23279.339 | D5: =SUM(D3:D4) -> 31853.44 | E5: =C5-D5 -> -8574.1006 | F5: =IFERROR(E5/D5, 0) -> -0.26917346 | G5: =SUM(G3:G4) -> 23363 | H5: =C5-G5 -> -83.660579 | I5: =IFERROR(H5/G5, 0) -> -0.0035809005
A7: Values in gold exceed expected or forecasted by 10% or more.
A9: Values in red are below expected or forecasted by 10% or more.

Sheet 1st Quarter 2024
A1: {=portfolio} -> Solar Income LLC | C1: 1st Quarter 2024 Actual v. Expected | G1: 1st Quarter 2024 Forecasted | J1: NOTES | K1: SR
A2: Site | B2: State | C2: Actual | D2: Expected | E2: Delta | F2: % | G2: Forecasted | H2: Delta | I2: %
A3: {=Sites[Site]} -> Westbrook - Lee Building 9 | B3: {=Sites[State]} -> CT | C3: =SUM('01-2024'!C3, '02-2024'!C3, '03-2024'!C3) -> 11433.86 | D3: =SUM('01-2024'!D3, '02-2024'!D3, '03-2024'!D3) -> 15679.73 | E3: =C3-D3 -> -4245.8701 | F3: =IFERROR(E3/D3, 0) -> -0.2707872 | G3: =SUM('01-2024'!G3, '02-2024'!G3, '03-2024'!G3) -> 0 | H3: =C3-G3 -> 11433.86 | I3: =IFERROR(H3/G3, 0) -> 0
A4: Westbrook - Lee Building 82 | B4: CT | C4: =SUM('01-2024'!C4, '02-2024'!C4, '03-2024'!C4) -> 11845.48 | D4: =SUM('01-2024'!D4, '02-2024'!D4, '03-2024'!D4) -> 16173.71 | E4: =C4-D4 -> -4328.2304 | F4: =IFERROR(E4/D4, 0) -> -0.26760901 | G4: =SUM('01-2024'!G4, '02-2024'!G4, '03-2024'!G4) -> 23363 | H4: =C4-G4 -> -11517.52 | I4: =IFERROR(H4/G4, 0) -> -0.49298123
A5: Total | C5: =SUM(C3:C4) -> 23279.339 | D5: =SUM(D3:D4) -> 31853.44 | E5: =C5-D5 -> -8574.1006 | F5: =IFERROR(E5/D5, 0) -> -0.26917346 | G5: =SUM(G3:G4) -> 23363 | H5: =C5-G5 -> -83.660579 | I5: =IFERROR(H5/G5, 0) -> -0.0035809005
A7: Values in gold exceed expected or forecasted by 10% or more.
A9: Values in red are below expected or forecasted by 10% or more.

Sheet 2nd Quarter 2024
A1: {=portfolio} -> Solar Income LLC | C1: 2nd Quarter 2024 Actual v. Expected | G1: 2nd Quarter 2024 Forecasted | J1: NOTES | K1: SR
A2: Site | B2: State | C2: Actual | D2: Expected | E2: Delta | F2: % | G2: Forecasted | H2: Delta | I2: %
A3: {=Sites[Site]} -> Westbrook - Lee Building 9 | B3: {=Sites[State]} -> CT | C3: =SUM('04-2024'!C3, '05-2024'!C3, '06-2024'!C3) -> 0 | D3: =SUM('04-2024'!D3, '05-2024'!D3, '06-2024'!D3) -> 0 | E3: =C3-D3 -> 0 | F3: =IFERROR(E3/D3, 0) -> 0 | G3: =SUM('04-2024'!G3, '05-2024'!G3, '06-2024'!G3) -> 0 | H3: =C3-G3 -> 0 | I3: =IFERROR(H3/G3, 0) -> 0
A4: Westbrook - Lee Building 82 | B4: CT | C4: =SUM('04-2024'!C4, '05-2024'!C4, '06-2024'!C4) -> 0 | D4: =SUM('04-2024'!D4, '05-2024'!D4, '06-2024'!D4) -> 0 | E4: =C4-D4 -> 0 | F4: =IFERROR(E4/D4, 0) -> 0 | G4: =SUM('04-2024'!G4, '05-2024'!G4, '06-2024'!G4) -> 0 | H4: =C4-G4 -> 0 | I4: =IFERROR(H4/G4, 0) -> 0
A5: Total | C5: =SUM(C3:C4) -> 0 | D5: =SUM(D3:D4) -> 0 | E5: =C5-D5 -> 0 | F5: =IFERROR(E5/D5, 0) -> 0 | G5: =SUM(G3:G4) -> 0 | H5: =C5-G5 -> 0 | I5: =IFERROR(H5/G5, 0) -> 0
A7: Values in gold exceed expected or forecasted by 10% or more.
A9: Values in red are below expected or forecasted by 10% or more.

Sheet 3rd Quarter 2024
A1: {=portfolio} -> Solar Income LLC | C1: 3rd Quarter 2024 Actual v. Expected | G1: 3rd Quarter 2024 Forecasted | J1: NOTES | K1: SR
A2: Site | B2: State | C2: Actual | D2: Expected | E2: Delta | F2: % | G2: Forecasted | H2: Delta | I2: %
A3: {=Sites[Site]} -> Westbrook - Lee Building 9 | B3: {=Sites[State]} -> CT | C3: =SUM('07-2024'!C3, '08-2024'!C3, '09-2024'!C3) -> 0 | D3: =SUM('07-2024'!D3, '08-2024'!D3, '09-2024'!D3) -> 0 | E3: =C3-D3 -> 0 | F3: =IFERROR(E3/D3, 0) -> 0 | G3: =SUM('07-2024'!G3, '08-2024'!G3, '09-2024'!G3) -> 0 | H3: =C3-G3 -> 0 | I3: =IFERROR(H3/G3, 0) -> 0
A4: Westbrook - Lee Building 82 | B4: CT | C4: =SUM('07-2024'!C4, '08-2024'!C4, '09-2024'!C4) -> 0 | D4: =SUM('07-2024'!D4, '08-2024'!D4, '09-2024'!D4) -> 0 | E4: =C4-D4 -> 0 | F4: =IFERROR(E4/D4, 0) -> 0 | G4: =SUM('07-2024'!G4, '08-2024'!G4, '09-2024'!G4) -> 0 | H4: =C4-G4 -> 0 | I4: =IFERROR(H4/G4, 0) -> 0
A5: Total | C5: =SUM(C3:C4) -> 0 | D5: =SUM(D3:D4) -> 0 | E5: =C5-D5 -> 0 | F5: =IFERROR(E5/D5, 0) -> 0 | G5: =SUM(G3:G4) -> 0 | H5: =C5-G5 -> 0 | I5: =IFERROR(H5/G5, 0) -> 0
A7: Values in gold exceed expected or forecasted by 10% or more.
A9: Values in red are below expected or forecasted by 10% or more.

Sheet 4th Quarter 2024
A1: {=portfolio} -> Solar Income LLC | C1: 4th Quarter 2024 Actual v. Expected | G1: 4th Quarter 2024 Forecasted | J1: NOTES | K1: SR
A2: Site | B2: State | C2: Actual | D2: Expected | E2: Delta | F2: % | G2: Forecasted | H2: Delta | I2: %
A3: {=Sites[Site]} -> Westbrook - Lee Building 9 | B3: {=Sites[State]} -> CT | C3: =SUM('10-2024'!C3, '11-2024'!C3, '12-2024'!C3) -> 0 | D3: =SUM('10-2024'!D3, '11-2024'!D3, '12-2024'!D3) -> 0 | E3: =C3-D3 -> 0 | F3: =IFERROR(E3/D3, 0) -> 0 | G3: =SUM('10-2024'!G3, '11-2024'!G3, '12-2024'!G3) -> 0 | H3: =C3-G3 -> 0 | I3: =IFERROR(H3/G3, 0) -> 0
A4: Westbrook - Lee Building 82 | B4: CT | C4: =SUM('10-2024'!C4, '11-2024'!C4, '12-2024'!C4) -> 0 | D4: =SUM('10-2024'!D4, '11-2024'!D4, '12-2024'!D4) -> 0 | E4: =C4-D4 -> 0 | F4: =IFERROR(E4/D4, 0) -> 0 | G4: =SUM('10-2024'!G4, '11-2024'!G4, '12-2024'!G4) -> 0 | H4: =C4-G4 -> 0 | I4: =IFERROR(H4/G4, 0) -> 0
A5: Total | C5: =SUM(C3:C4) -> 0 | D5: =SUM(D3:D4) -> 0 | E5: =C5-D5 -> 0 | F5: =IFERROR(E5/D5, 0) -> 0 | G5: =SUM(G3:G4) -> 0 | H5: =C5-G5 -> 0 | I5: =IFERROR(H5/G5, 0) -> 0
A7: Values in gold exceed expected or forecasted by 10% or more.
A9: Values in red are below expected or forecasted by 10% or more.

Sheet 01-2024
A1: {=portfolio} -> Solar Income LLC | C1: 01-2024 Actual v. Expected | G1: 01-2024 Actual v. Forecasted | J1: NOTES | K1: SR
A2: Site | B2: State | C2: Actual | D2: Expected | E2: Delta | F2: % | G2: Forecasted | H2: Delta | I2: %
A3: {=Sites[Site]} -> Westbrook - Lee Building 9 | B3: {=Sites[State]} -> CT | C3: {=IF(INDIRECT("'" & $A3 & "'!B5:J5")="", "", INDIRECT("'" & $A3 & "'!B5:J5"))} -> 11433.86 | D3: 15679.73 | E3: -4245.8701 | F3: -0.2707872 | G3: 0 | H3: 11433.86 | I3: 0
A4: Westbrook - Lee Building 82 | B4: CT | C4: {=IF(INDIRECT("'" & $A4 & "'!B5:J5")="", "", INDIRECT("'" & $A4 & "'!B5:J5"))} -> 11845.48 | D4: 16173.71 | E4: -4328.2304 | F4: -0.26760901 | G4: 23363 | H4: -11517.52 | I4: -0.49298123 | J4: 1. Inveter 12 producing 12kW less than its peers | K4: 1. SR074964
A5: Total | C5: =SUM(C3:C4) -> 23279.339 | D5: =SUM(D3:D4) -> 31853.44 | E5: =C5-D5 -> -8574.1006 | F5: =IFERROR(E5/D5, 0) -> -0.26917346 | G5: =SUM(G3:G4) -> 23363 | H5: =C5-G5 -> -83.660579 | I5: =IFERROR(H5/G5, 0) -> -0.0035809005
A7: Values in gold exceed expected or forecasted by 10% or more.
A9: Values in red are below expected or forecasted by 10% or more.

Sheet 02-2024
A1: {=portfolio} -> Solar Income LLC | C1: 02-2024 Actual v. Expected | G1: 02-2024 Actual v. Forecasted | J1: NOTES | K1: SR
A2: Site | B2: State | C2: Actual | D2: Expected | E2: Delta | F2: % | G2: Forecasted | H2: Delta | I2: %
A3: {=Sites[Site]} -> Westbrook - Lee Building 9 | B3: {=Sites[State]} -> CT | C3: {=IF(INDIRECT("'" & $A3 & "'!B6:J6")="", "", INDIRECT("'" & $A3 & "'!B6:J6"))} | E3: 0 | F3: 0 | H3: 0 | I3: 0
A4: Westbrook - Lee Building 82 | B4: CT | C4: {=IF(INDIRECT("'" & $A4 & "'!B6:J6")="", "", INDIRECT("'" & $A4 & "'!B6:J6"))} | E4: 0 | F4: 0 | H4: 0 | I4: 0
A5: Total | C5: =SUM(C3:C4) -> 0 | D5: =SUM(D3:D4) -> 0 | E5: =C5-D5 -> 0 | F5: =IFERROR(E5/D5, 0) -> 0 | G5: =SUM(G3:G4) -> 0 | H5: =C5-G5 -> 0 | I5: =IFERROR(H5/G5, 0) -> 0
A7: Values in gold exceed expected or forecasted by 10% or more.
A9: Values in red are below expected or forecasted by 10% or more.

Sheet 03-2024
A1: {=portfolio} -> Solar Income LLC | C1: 03-2024 Actual v. Expected | G1: 03-2024 Actual v. Forecasted | J1: NOTES | K1: SR
A2: Site | B2: State | C2: Actual | D2: Expected | E2: Delta | F2: % | G2: Forecasted | H2: Delta | I2: %
A3: {=Sites[Site]} -> Westbrook - Lee Building 9 | B3: {=Sites[State]} -> CT | C3: {=IF(INDIRECT("'" & $A3 & "'!B7:J7")="", "", INDIRECT("'" & $A3 & "'!B7:J7"))} | E3: 0 | F3: 0 | H3: 0 | I3: 0
A4: Westbrook - Lee Building 82 | B4: CT | C4: {=IF(INDIRECT("'" & $A4 & "'!B7:J7")="", "", INDIRECT("'" & $A4 & "'!B7:J7"))} | E4: 0 | F4: 0 | H4: 0 | I4: 0
A5: Total | C5: =SUM(C3:C4) -> 0 | D5: =SUM(D3:D4) -> 0 | E5: =C5-D5 -> 0 | F5: =IFERROR(E5/D5, 0) -> 0 | G5: =SUM(G3:G4) -> 0 | H5: =C5-G5 -> 0 | I5: =IFERROR(H5/G5, 0) -> 0
A7: Values in gold exceed expected or forecasted by 10% or more.
A9: Values in red are below expected or forecasted by 10% or more.

Sheet 04-2024
A1: {=portfolio} -> Solar Income LLC | C1: 04-2024 Actual v. Expected | G1: 04-2024 Actual v. Forecasted | J1: NOTES | K1: SR
A2: Site | B2: State | C2: Actual | D2: Expected | E2: Delta | F2: % | G2: Forecasted | H2: Delta | I2: %
A3: {=Sites[Site]} -> Westbrook - Lee Building 9 | B3: {=Sites[State]} -> CT | C3: {=IF(INDIRECT("'" & $A3 & "'!B8:J8")="", "", INDIRECT("'" & $A3 & "'!B8:J8"))} | E3: 0 | F3: 0 | H3: 0 | I3: 0
A4: Westbrook - Lee Building 82 | B4: CT | C4: {=IF(INDIRECT("'" & $A4 & "'!B8:J8")="", "", INDIRECT("'" & $A4 & "'!B8:J8"))} | E4: 0 | F4: 0 | H4: 0 | I4: 0
A5: Total | C5: =SUM(C3:C4) -> 0 | D5: =SUM(D3:D4) -> 0 | E5: =C5-D5 -> 0 | F5: =IFERROR(E5/D5, 0) -> 0 | G5: =SUM(G3:G4) -> 0 | H5: =C5-G5 -> 0 | I5: =IFERROR(H5/G5, 0) -> 0
A7: Values in gold exceed expected or forecasted by 10% or more.
A9: Values in red are below expected or forecasted by 10% or more.

Sheet 05-2024
A1: {=portfolio} -> Solar Income LLC | C1: 05-2024 Actual v. Expected | G1: 05-2024 Actual v. Forecasted | J1: NOTES | K1: SR
A2: Site | B2: State | C2: Actual | D2: Expected | E2: Delta | F2: % | G2: Forecasted | H2: Delta | I2: %
A3: {=Sites[Site]} -> Westbrook - Lee Building 9 | B3: {=Sites[State]} -> CT | C3: {=IF(INDIRECT("'" & $A3 & "'!B9:J9")="", "", INDIRECT("'" & $A3 & "'!B9:J9"))} | E3: 0 | F3: 0 | H3: 0 | I3: 0
A4: Westbrook - Lee Building 82 | B4: CT | C4: {=IF(INDIRECT("'" & $A4 & "'!B9:J9")="", "", INDIRECT("'" & $A4 & "'!B9:J9"))} | E4: 0 | F4: 0 | H4: 0 | I4: 0
A5: Total | C5: =SUM(C3:C4) -> 0 | D5: =SUM(D3:D4) -> 0 | E5: =C5-D5 -> 0 | F5: =IFERROR(E5/D5, 0) -> 0 | G5: =SUM(G3:G4) -> 0 | H5: =C5-G5 -> 0 | I5: =IFERROR(H5/G5, 0) -> 0
A7: Values in gold exceed expected or forecasted by 10% or more.
A9: Values in red are below expected or forecasted by 10% or more.

Sheet 06-2024
A1: {=portfolio} -> Solar Income LLC | C1: 06-2024 Actual v. Expected | G1: 06-2024 Actual v. Forecasted | J1: NOTES | K1: SR
A2: Site | B2: State | C2: Actual | D2: Expected | E2: Delta | F2: % | G2: Forecasted | H2: Delta | I2: %
A3: {=Sites[Site]} -> Westbrook - Lee Building 9 | B3: {=Sites[State]} -> CT | C3: {=IF(INDIRECT("'" & $A3 & "'!B10:J10")="", "", INDIRECT("'" & $A3 & "'!B10:J10"))} | E3: 0 | F3: 0 | H3: 0 | I3: 0
A4: Westbrook - Lee Building 82 | B4: CT | C4: {=IF(INDIRECT("'" & $A4 & "'!B10:J10")="", "", INDIRECT("'" & $A4 & "'!B10:J10"))} | E4: 0 | F4: 0 | H4: 0 | I4: 0
A5: Total | C5: =SUM(C3:C4) -> 0 | D5: =SUM(D3:D4) -> 0 | E5: =C5-D5 -> 0 | F5: =IFERROR(E5/D5, 0) -> 0 | G5: =SUM(G3:G4) -> 0 | H5: =C5-G5 -> 0 | I5: =IFERROR(H5/G5, 0) -> 0
A7: Values in gold exceed expected or forecasted by 10% or more.
A9: Values in red are below expected or forecasted by 10% or more.

Sheet 07-2024
A1: {=portfolio} -> Solar Income LLC | C1: 07-2024 Actual v. Expected | G1: 07-2024 Actual v. Forecasted | J1: NOTES | K1: SR
A2: Site | B2: State | C2: Actual | D2: Expected | E2: Delta | F2: % | G2: Forecasted | H2: Delta | I2: %
A3: {=Sites[Site]} -> Westbrook - Lee Building 9 | B3: {=Sites[State]} -> CT | C3: {=IF(INDIRECT("'" & $A3 & "'!B11:J11")="", "", INDIRECT("'" & $A3 & "'!B11:J11"))} | E3: 0 | F3: 0 | H3: 0 | I3: 0
A4: Westbrook - Lee Building 82 | B4: CT | C4: {=IF(INDIRECT("'" & $A4 & "'!B11:J11")="", "", INDIRECT("'" & $A4 & "'!B11:J11"))} | E4: 0 | F4: 0 | H4: 0 | I4: 0
A5: Total | C5: =SUM(C3:C4) -> 0 | D5: =SUM(D3:D4) -> 0 | E5: =C5-D5 -> 0 | F5: =IFERROR(E5/D5, 0) -> 0 | G5: =SUM(G3:G4) -> 0 | H5: =C5-G5 -> 0 | I5: =IFERROR(H5/G5, 0) -> 0
A7: Values in gold exceed expected or forecasted by 10% or more.
A9: Values in red are below expected or forecasted by 10% or more.

Sheet 08-2024
A1: {=portfolio} -> Solar Income LLC | C1: 08-2024 Actual v. Expected | G1: 08-2024 Actual v. Forecasted | J1: NOTES | K1: SR
A2: Site | B2: State | C2: Actual | D2: Expected | E2: Delta | F2: % | G2: Forecasted | H2: Delta | I2: %
A3: {=Sites[Site]} -> Westbrook - Lee Building 9 | B3: {=Sites[State]} -> CT | C3: {=IF(INDIRECT("'" & $A3 & "'!B12:J12")="", "", INDIRECT("'" & $A3 & "'!B12:J12"))} | E3: 0 | F3: 0 | H3: 0 | I3: 0
A4: Westbrook - Lee Building 82 | B4: CT | C4: {=IF(INDIRECT("'" & $A4 & "'!B12:J12")="", "", INDIRECT("'" & $A4 & "'!B12:J12"))} | E4: 0 | F4: 0 | H4: 0 | I4: 0
A5: Total | C5: =SUM(C3:C4) -> 0 | D5: =SUM(D3:D4) -> 0 | E5: =C5-D5 -> 0 | F5: =IFERROR(E5/D5, 0) -> 0 | G5: =SUM(G3:G4) -> 0 | H5: =C5-G5 -> 0 | I5: =IFERROR(H5/G5, 0) -> 0
A7: Values in gold exceed expected or forecasted by 10% or more.
A9: Values in red are below expected or forecasted by 10% or more.

Sheet 09-2024
A1: {=portfolio} -> Solar Income LLC | C1: 09-2024 Actual v. Expected | G1: 09-2024 Actual v. Forecasted | J1: NOTES | K1: SR
A2: Site | B2: State | C2: Actual | D2: Expected | E2: Delta | F2: % | G2: Forecasted | H2: Delta | I2: %
A3: {=Sites[Site]} -> Westbrook - Lee Building 9 | B3: {=Sites[State]} -> CT | C3: {=IF(INDIRECT("'" & $A3 & "'!B13:J13")="", "", INDIRECT("'" & $A3 & "'!B13:J13"))} | E3: 0 | F3: 0 | H3: 0 | I3: 0
A4: Westbrook - Lee Building 82 | B4: CT | C4: {=IF(INDIRECT("'" & $A4 & "'!B13:J13")="", "", INDIRECT("'" & $A4 & "'!B13:J13"))} | E4: 0 | F4: 0 | H4: 0 | I4: 0
A5: Total | C5: =SUM(C3:C4) -> 0 | D5: =SUM(D3:D4) -> 0 | E5: =C5-D5 -> 0 | F5: =IFERROR(E5/D5, 0) -> 0 | G5: =SUM(G3:G4) -> 0 | H5: =C5-G5 -> 0 | I5: =IFERROR(H5/G5, 0) -> 0
A7: Values in gold exceed expected or forecasted by 10% or more.
A9: Values in red are below expected or forecasted by 10% or more.

Sheet 10-2024
A1: {=portfolio} -> Solar Income LLC | C1: 10-2024 Actual v. Expected | G1: 10-2024 Actual v. Forecasted | J1: NOTES | K1: SR
A2: Site | B2: State | C2: Actual | D2: Expected | E2: Delta | F2: % | G2: Forecasted | H2: Delta | I2: %
A3: {=Sites[Site]} -> Westbrook - Lee Building 9 | B3: {=Sites[State]} -> CT | C3: {=IF(INDIRECT("'" & $A3 & "'!B14:J14")="", "", INDIRECT("'" & $A3 & "'!B14:J14"))} | E3: 0 | F3: 0 | H3: 0 | I3: 0
A4: Westbrook - Lee Building 82 | B4: CT | C4: {=IF(INDIRECT("'" & $A4 & "'!B14:J14")="", "", INDIRECT("'" & $A4 & "'!B14:J14"))} | E4: 0 | F4: 0 | H4: 0 | I4: 0
A5: Total | C5: =SUM(C3:C4) -> 0 | D5: =SUM(D3:D4) -> 0 | E5: =C5-D5 -> 0 | F5: =IFERROR(E5/D5, 0) -> 0 | G5: =SUM(G3:G4) -> 0 | H5: =C5-G5 -> 0 | I5: =IFERROR(H5/G5, 0) -> 0
A7: Values in gold exceed expected or forecasted by 10% or more.
A9: Values in red are below expected or forecasted by 10% or more.

Sheet 11-2024
A1: {=portfolio} -> Solar Income LLC | C1: 11-2024 Actual v. Expected | G1: 11-2024 Actual v. Forecasted | J1: NOTES | K1: SR
A2: Site | B2: State | C2: Actual | D2: Expected | E2: Delta | F2: % | G2: Forecasted | H2: Delta | I2: %
A3: {=Sites[Site]} -> Westbrook - Lee Building 9 | B3: {=Sites[State]} -> CT | C3: {=IF(INDIRECT("'" & $A3 & "'!B15:J15")="", "", INDIRECT("'" & $A3 & "'!B15:J15"))} | E3: 0 | F3: 0 | H3: 0 | I3: 0
A4: Westbrook - Lee Building 82 | B4: CT | C4: {=IF(INDIRECT("'" & $A4 & "'!B15:J15")="", "", INDIRECT("'" & $A4 & "'!B15:J15"))} | E4: 0 | F4: 0 | H4: 0 | I4: 0
A5: Total | C5: =SUM(C3:C4) -> 0 | D5: =SUM(D3:D4) -> 0 | E5: =C5-D5 -> 0 | F5: =IFERROR(E5/D5, 0) -> 0 | G5: =SUM(G3:G4) -> 0 | H5: =C5-G5 -> 0 | I5: =IFERROR(H5/G5, 0) -> 0
A7: Values in gold exceed expected or forecasted by 10% or more.
A9: Values in red are below expected or forecasted by 10% or more.

Sheet 12-2024
A1: {=portfolio} -> Solar Income LLC | C1: 12-2024 Actual v. Expected | G1: 12-2024 Actual v. Forecasted | J1: NOTES | K1: SR
A2: Site | B2: State | C2: Actual | D2: Expected | E2: Delta | F2: % | G2: Forecasted | H2: Delta | I2: %
A3: {=Sites[Site]} -> Westbrook - Lee Building 9 | B3: {=Sites[State]} -> CT | C3: {=IF(INDIRECT("'" & $A3 & "'!B16:J16")="", "", INDIRECT("'" & $A3 & "'!B16:J16"))} | E3: 0 | F3: 0 | H3: 0 | I3: 0
A4: Westbrook - Lee Building 82 | B4: CT | C4: {=IF(INDIRECT("'" & $A4 & "'!B16:J16")="", "", INDIRECT("'" & $A4 & "'!B16:J16"))} | E4: 0 | F4: 0 | H4: 0 | I4: 0
A5: Total | C5: =SUM(C3:C4) -> 0 | D5: =SUM(D3:D4) -> 0 | E5: =C5-D5 -> 0 | F5: =IFERROR(E5/D5, 0) -> 0 | G5: =SUM(G3:G4) -> 0 | H5: =C5-G5 -> 0 | I5: =IFERROR(H5/G5, 0) -> 0
A7: Values in gold exceed expected or forecasted by 10% or more.
A9: Values in red are below expected or forecasted by 10% or more.

Sheet Sites
A1: Portfolio: | B1: Solar Income LLC
A2: Site DAS Name | B2: Site | C2: State | D2: Column1
A3: Lee Company - B9 | B3: Westbrook - Lee Building 9 | C3: CT | D3: AEF
A4: The Lee Company B82 | B4: Westbrook - Lee Building 82 | C4: CT | D4: AEF

Sheet Westbrook - Lee Building 9
A1: Westbrook - Lee Building 9
A3: Actual vs. Expected | F3: Actual vs. Forecasted | I3: Notes
A4: Month | B4: Actual | C4: Expected | D4: Delta Expected | E4: % Expected | F4: Forecasted | G4: Delta Forecasted | H4: % Forecasted | I4: Notes | J4: Service Request
A5: Jan | B5: 11433.86 | C5: 15679.73 | D5: =B5-C5 -> -4245.8701 | E5: =IFERROR(D5/C5, 0) -> -0.2707872 | F5: 0 | G5: =B5-F5 -> 11433.86 | H5: =IFERROR(G5/F5, 0) -> 0
A6: Feb | D6: =B6-C6 -> 0 | E6: =IFERROR(D6/C6, 0) -> 0 | G6: =B6-F6 -> 0 | H6: =IFERROR(G6/F6, 0) -> 0
A7: Mar | D7: =B7-C7 -> 0 | E7: =IFERROR(D7/C7, 0) -> 0 | G7: =B7-F7 -> 0 | H7: =IFERROR(G7/F7, 0) -> 0
A8: Apr | D8: =B8-C8 -> 0 | E8: =IFERROR(D8/C8, 0) -> 0 | G8: =B8-F8 -> 0 | H8: =IFERROR(G8/F8, 0) -> 0
A9: May | D9: =B9-C9 -> 0 | E9: =IFERROR(D9/C9, 0) -> 0 | G9: =B9-F9 -> 0 | H9: =IFERROR(G9/F9, 0) -> 0
A10: Jun | D10: =B10-C10 -> 0 | E10: =IFERROR(D10/C10, 0) -> 0 | G10: =B10-F10 -> 0 | H10: =IFERROR(G10/F10, 0) -> 0
A11: Jul | D11: =B11-C11 -> 0 | E11: =IFERROR(D11/C11, 0) -> 0 | G11: =B11-F11 -> 0 | H11: =IFERROR(G11/F11, 0) -> 0
A12: Aug | D12: =B12-C12 -> 0 | E12: =IFERROR(D12/C12, 0) -> 0 | G12: =B12-F12 -> 0 | H12: =IFERROR(G12/F12, 0) -> 0
A13: Sep | D13: =B13-C13 -> 0 | E13: =IFERROR(D13/C13, 0) -> 0 | G13: =B13-F13 -> 0 | H13: =IFERROR(G13/F13, 0) -> 0
A14: Oct | D14: =B14-C14 -> 0 | E14: =IFERROR(D14/C14, 0) -> 0 | G14: =B14-F14 -> 0 | H14: =IFERROR(G14/F14, 0) -> 0
A15: Nov | D15: =B15-C15 -> 0 | E15: =IFERROR(D15/C15, 0) -> 0 | G15: =B15-F15 -> 0 | H15: =IFERROR(G15/F15, 0) -> 0
A16: Dec | D16: =B16-C16 -> 0 | E16: =IFERROR(D16/C16, 0) -> 0 | G16: =B16-F16 -> 0 | H16: =IFERROR(G16/F16, 0) -> 0
A17: Totals | B17: =SUM(B5:B16) -> 11433.86 | C17: =SUM(C5:C16) -> 15679.73 | D17: =B17-C17 -> -4245.8701 | E17: =IFERROR(D17/C17, 0) -> -0.2707872 | F17: =SUM(F5:F16) -> 0 | G17: =B17-F17 -> 11433.86 | H17: =IFERROR(G17/F17, 0) -> 0

Sheet Westbrook - Lee Building 82
A1: Westbrook - Lee Building 82
A3: Actual vs. Expected | F3: Actual vs. Forecasted | I3: Notes
A4: Month | B4: Actual | C4: Expected | D4: Delta Expected | E4: % Expected | F4: Forecasted | G4: Delta Forecasted | H4: % Forecasted | I4: Notes | J4: Service Request
A5: Jan | B5: 11845.48 | C5: 16173.71 | D5: =B5-C5 -> -4328.2304 | E5: =IFERROR(D5/C5, 0) -> -0.26760901 | F5: 23363 | G5: =B5-F5 -> -11517.52 | H5: =IFERROR(G5/F5, 0) -> -0.49298123 | I5: 1. Inveter 12 producing 12kW less than its peers | J5: 1. SR074964
A6: Feb | D6: =B6-C6 -> 0 | E6: =IFERROR(D6/C6, 0) -> 0 | G6: =B6-F6 -> 0 | H6: =IFERROR(G6/F6, 0) -> 0
A7: Mar | D7: =B7-C7 -> 0 | E7: =IFERROR(D7/C7, 0) -> 0 | G7: =B7-F7 -> 0 | H7: =IFERROR(G7/F7, 0) -> 0
A8: Apr | D8: =B8-C8 -> 0 | E8: =IFERROR(D8/C8, 0) -> 0 | G8: =B8-F8 -> 0 | H8: =IFERROR(G8/F8, 0) -> 0
A9: May | D9: =B9-C9 -> 0 | E9: =IFERROR(D9/C9, 0) -> 0 | G9: =B9-F9 -> 0 | H9: =IFERROR(G9/F9, 0) -> 0
A10: Jun | D10: =B10-C10 -> 0 | E10: =IFERROR(D10/C10, 0) -> 0 | G10: =B10-F10 -> 0 | H10: =IFERROR(G10/F10, 0) -> 0
A11: Jul | D11: =B11-C11 -> 0 | E11: =IFERROR(D11/C11, 0) -> 0 | G11: =B11-F11 -> 0 | H11: =IFERROR(G11/F11, 0) -> 0
A12: Aug | D12: =B12-C12 -> 0 | E12: =IFERROR(D12/C12, 0) -> 0 | G12: =B12-F12 -> 0 | H12: =IFERROR(G12/F12, 0) -> 0
A13: Sep | D13: =B13-C13 -> 0 | E13: =IFERROR(D13/C13, 0) -> 0 | G13: =B13-F13 -> 0 | H13: =IFERROR(G13/F13, 0) -> 0
A14: Oct | D14: =B14-C14 -> 0 | E14: =IFERROR(D14/C14, 0) -> 0 | G14: =B14-F14 -> 0 | H14: =IFERROR(G14/F14, 0) -> 0
A15: Nov | D15: =B15-C15 -> 0 | E15: =IFERROR(D15/C15, 0) -> 0 | G15: =B15-F15 -> 0 | H15: =IFERROR(G15/F15, 0) -> 0
A16: Dec | D16: =B16-C16 -> 0 | E16: =IFERROR(D16/C16, 0) -> 0 | G16: =B16-F16 -> 0 | H16: =IFERROR(G16/F16, 0) -> 0
A17: Totals | B17: =SUM(B5:B16) -> 11845.48 | C17: =SUM(C5:C16) -> 16173.71 | D17: =B17-C17 -> -4328.2304 | E17: =IFERROR(D17/C17, 0) -> -0.26760901 | F17: =SUM(F5:F16) -> 23363 | G17: =B17-F17 -> -11517.52 | H17: =IFERROR(G17/F17, 0) -> -0.49298123
