Workbook
Name JanActual: Jan!$C$3:$C$8
Name JanActual2: Jan!#REF!
Name JanExpected: Jan!$D$3:$D$8
Name JanExpectedDelta: Jan!$E$3:$E$8
Name JanExpectedPercent: Jan!$F$3:$F$8
Name JanExpPercent: Jan!$F$3:$F$8
Name JanForecasted: Jan!$G$3:$G$8
Name JanForecastedDelta: Jan!$H$3:$H$8
Name JanForecastedPercent: Jan!$I$3:$I$8
Name portfolio: Sites!$B$1:$B$1
Name Year: Sites!#REF!

Sheet YTD Total
A1: {=portfolio} -> Troy School District | C1: Year to Date 2024 Actual v. Expected | G1: Year to Date 2024 Forecasted
A2: Site | B2: State | C2: Actual | D2: Expected | E2: Delta | F2: % | G2: Forecasted | H2: Delta | I2: %
A3: {=Sites[Site]} -> Joliet - Craughwell | B3: {=Sites[State]} -> IL | C3: =SUM('1st Qtr'!C3, '2nd Qtr'!C3, '3rd Qtr'!C3, '4th Qtr'!C3) -> 3467 | D3: =SUM('1st Qtr'!D3, '2nd Qtr'!D3, '3rd Qtr'!D3, '4th Qtr'!D3) -> 15948 | E3: =C3-D3 -> -12481 | F3: =IFERROR(E3/D3, 0) -> -0.78260597 | G3: =SUM('1st Qtr'!G3, '2nd Qtr'!G3, '3rd Qtr'!G3, '4th Qtr'!G3) -> 0 | H3: =C3-G3 -> 3467 | I3: =IFERROR(H3/G3, 0) -> 0
A4: Joliet - Heritage Trail | B4: IL | C4: =SUM('1st Qtr'!C4, '2nd Qtr'!C4, '3rd Qtr'!C4, '4th Qtr'!C4) -> 4288 | D4: =SUM('1st Qtr'!D4, '2nd Qtr'!D4, '3rd Qtr'!D4, '4th Qtr'!D4) -> 17449 | E4: =C4-D4 -> -13161 | F4: =IFERROR(E4/D4, 0) -> -0.75425526 | G4: =SUM('1st Qtr'!G4, '2nd Qtr'!G4, '3rd Qtr'!G4, '4th Qtr'!G4) -> 0 | H4: =C4-G4 -> 4288 | I4: =IFERROR(H4/G4, 0) -> 0
A5: Plainfield - Troy | B5: IL | C5: =SUM('1st Qtr'!C5, '2nd Qtr'!C5, '3rd Qtr'!C5, '4th Qtr'!C5) -> 4367 | D5: =SUM('1st Qtr'!D5, '2nd Qtr'!D5, '3rd Qtr'!D5, '4th Qtr'!D5) -> 14453 | E5: =C5-D5 -> -10086 | F5: =IFERROR(E5/D5, 0) -> -0.6978482 | G5: =SUM('1st Qtr'!G5, '2nd Qtr'!G5, '3rd Qtr'!G5, '4th Qtr'!G5) -> 0 | H5: =C5-G5 -> 4367 | I5: =IFERROR(H5/G5, 0) -> 0
A6: Plainfield - William B Orenic | B6: IL | C6: =SUM('1st Qtr'!C6, '2nd Qtr'!C6, '3rd Qtr'!C6, '4th Qtr'!C6) -> 4435 | D6: =SUM('1st Qtr'!D6, '2nd Qtr'!D6, '3rd Qtr'!D6, '4th Qtr'!D6) -> 17416 | E6: =C6-D6 -> -12981 | F6: =IFERROR(E6/D6, 0) -> -0.7453491 | G6: =SUM('1st Qtr'!G6, '2nd Qtr'!G6, '3rd Qtr'!G6, '4th Qtr'!G6) -> 0 | H6: =C6-G6 -> 4435 | I6: =IFERROR(H6/G6, 0) -> 0
A7: Shorewood - Cronin | B7: IL | C7: =SUM('1st Qtr'!C7, '2nd Qtr'!C7, '3rd Qtr'!C7, '4th Qtr'!C7) -> 4681 | D7: =SUM('1st Qtr'!D7, '2nd Qtr'!D7, '3rd Qtr'!D7, '4th Qtr'!D7) -> 18468 | E7: =C7-D7 -> -13787 | F7: =IFERROR(E7/D7, 0) -> -0.74653455 | G7: =SUM('1st Qtr'!G7, '2nd Qtr'!G7, '3rd Qtr'!G7, '4th Qtr'!G7) -> 0 | H7: =C7-G7 -> 4681 | I7: =IFERROR(H7/G7, 0) -> 0
A8: Shorewood - Hofer | B8: IL | C8: =SUM('1st Qtr'!C8, '2nd Qtr'!C8, '3rd Qtr'!C8, '4th Qtr'!C8) -> 3997 | D8: =SUM('1st Qtr'!D8, '2nd Qtr'!D8, '3rd Qtr'!D8, '4th Qtr'!D8) -> 18360 | E8: =C8-D8 -> -14363 | F8: =IFERROR(E8/D8, 0) -> -0.78229847 | G8: =SUM('1st Qtr'!G8, '2nd Qtr'!G8, '3rd Qtr'!G8, '4th Qtr'!G8) -> 0 | H8: =C8-G8 -> 3997 | I8: =IFERROR(H8/G8, 0) -> 0
A9: Total | C9: =SUM(C3:C8) -> 25235 | D9: =SUM(D3:D8) -> 102094 | E9: =C9-D9 -> -76859 | F9: =IFERROR(E9/D9, 0) -> -0.75282583 | G9: =SUM(G3:G8) -> 0 | H9: =C9-G9 -> 25235 | I9: =IFERROR(H9/G9, 0) -> 0
A11: Values in gold exceed expected or forecasted by 10% or more.
A13: Values in red are below expected or forecasted by 10% or more.

Sheet 1st Qtr
A1: {=portfolio} -> Troy School District | C1: 1st Quarter 2024 Actual v. Expected | G1: 1st Quarter 2024 Forecasted
A2: Site | B2: State | C2: Actual | D2: Expected | E2: Delta | F2: % | G2: Forecasted | H2: Delta | I2: %
A3: {=Sites[Site]} -> Joliet - Craughwell | B3: {=Sites[State]} -> IL | C3: =SUM(Jan!C3, Feb!C3, Mar!C3) -> 3467 | D3: =SUM(Jan!D3, Feb!D3, Mar!D3) -> 15948 | E3: =C3-D3 -> -12481 | F3: =IFERROR(E3/D3, 0) -> -0.78260597 | G3: =SUM(Jan!G3, Feb!G3, Mar!G3) -> 0 | H3: =C3-G3 -> 3467 | I3: =IFERROR(H3/G3, 0) -> 0
A4: Joliet - Heritage Trail | B4: IL | C4: =SUM(Jan!C4, Feb!C4, Mar!C4) -> 4288 | D4: =SUM(Jan!D4, Feb!D4, Mar!D4) -> 17449 | E4: =C4-D4 -> -13161 | F4: =IFERROR(E4/D4, 0) -> -0.75425526 | G4: =SUM(Jan!G4, Feb!G4, Mar!G4) -> 0 | H4: =C4-G4 -> 4288 | I4: =IFERROR(H4/G4, 0) -> 0
A5: Plainfield - Troy | B5: IL | C5: =SUM(Jan!C5, Feb!C5, Mar!C5) -> 4367 | D5: =SUM(Jan!D5, Feb!D5, Mar!D5) -> 14453 | E5: =C5-D5 -> -10086 | F5: =IFERROR(E5/D5, 0) -> -0.6978482 | G5: =SUM(Jan!G5, Feb!G5, Mar!G5) -> 0 | H5: =C5-G5 -> 4367 | I5: =IFERROR(H5/G5, 0) -> 0
A6: Plainfield - William B Orenic | B6: IL | C6: =SUM(Jan!C6, Feb!C6, Mar!C6) -> 4435 | D6: =SUM(Jan!D6, Feb!D6, Mar!D6) -> 17416 | E6: =C6-D6 -> -12981 | F6: =IFERROR(E6/D6, 0) -> -0.7453491 | G6: =SUM(Jan!G6, Feb!G6, Mar!G6) -> 0 | H6: =C6-G6 -> 4435 | I6: =IFERROR(H6/G6, 0) -> 0
A7: Shorewood - Cronin | B7: IL | C7: =SUM(Jan!C7, Feb!C7, Mar!C7) -> 4681 | D7: =SUM(Jan!D7, Feb!D7, Mar!D7) -> 18468 | E7: =C7-D7 -> -13787 | F7: =IFERROR(E7/D7, 0) -> -0.74653455 | G7: =SUM(Jan!G7, Feb!G7, Mar!G7) -> 0 | H7: =C7-G7 -> 4681 | I7: =IFERROR(H7/G7, 0) -> 0
A8: Shorewood - Hofer | B8: IL | C8: =SUM(Jan!C8, Feb!C8, Mar!C8) -> 3997 | D8: =SUM(Jan!D8, Feb!D8, Mar!D8) -> 18360 | E8: =C8-D8 -> -14363 | F8: =IFERROR(E8/D8, 0) -> -0.78229847 | G8: =SUM(Jan!G8, Feb!G8, Mar!G8) -> 0 | H8: =C8-G8 -> 3997 | I8: =IFERROR(H8/G8, 0) -> 0
A9: Total | C9: =SUM(C3:C8) -> 25235 | D9: =SUM(D3:D8) -> 102094 | E9: =C9-D9 -> -76859 | F9: =IFERROR(E9/D9, 0) -> -0.75282583 | G9: =SUM(G3:G8) -> 0 | H9: =C9-G9 -> 25235 | I9: =IFERROR(H9/G9, 0) -> 0
A11: Values in gold exceed expected or forecasted by 10% or more.
A13: Values in red are below expected or forecasted by 10% or more.

Sheet 2nd Qtr
A1: {=portfolio} -> Troy School District | C1: 2nd Quarter 2024 Actual v. Expected | G1: 2nd Quarter 2024 Forecasted
A2: Site | B2: State | C2: Actual | D2: Expected | E2: Delta | F2: % | G2: Forecasted | H2: Delta | I2: %
A3: {=Sites[Site]} -> Joliet - Craughwell | B3: {=Sites[State]} -> IL | C3: =SUM(Apr!C3, May!C3, Jun!C3) -> 0 | D3: =SUM(Apr!D3, May!D3, Jun!D3) -> 0 | E3: =C3-D3 -> 0 | F3: =IFERROR(E3/D3, 0) -> 0 | G3: =SUM(Apr!G3, May!G3, Jun!G3) -> 0 | H3: =C3-G3 -> 0 | I3: =IFERROR(H3/G3, 0) -> 0
A4: Joliet - Heritage Trail | B4: IL | C4: =SUM(Apr!C4, May!C4, Jun!C4) -> 0 | D4: =SUM(Apr!D4, May!D4, Jun!D4) -> 0 | E4: =C4-D4 -> 0 | F4: =IFERROR(E4/D4, 0) -> 0 | G4: =SUM(Apr!G4, May!G4, Jun!G4) -> 0 | H4: =C4-G4 -> 0 | I4: =IFERROR(H4/G4, 0) -> 0
A5: Plainfield - Troy | B5: IL | C5: =SUM(Apr!C5, May!C5, Jun!C5) -> 0 | D5: =SUM(Apr!D5, May!D5, Jun!D5) -> 0 | E5: =C5-D5 -> 0 | F5: =IFERROR(E5/D5, 0) -> 0 | G5: =SUM(Apr!G5, May!G5, Jun!G5) -> 0 | H5: =C5-G5 -> 0 | I5: =IFERROR(H5/G5, 0) -> 0
A6: Plainfield - William B Orenic | B6: IL | C6: =SUM(Apr!C6, May!C6, Jun!C6) -> 0 | D6: =SUM(Apr!D6, May!D6, Jun!D6) -> 0 | E6: =C6-D6 -> 0 | F6: =IFERROR(E6/D6, 0) -> 0 | G6: =SUM(Apr!G6, May!G6, Jun!G6) -> 0 | H6: =C6-G6 -> 0 | I6: =IFERROR(H6/G6, 0) -> 0
A7: Shorewood - Cronin | B7: IL | C7: =SUM(Apr!C7, May!C7, Jun!C7) -> 0 | D7: =SUM(Apr!D7, May!D7, Jun!D7) -> 0 | E7: =C7-D7 -> 0 | F7: =IFERROR(E7/D7, 0) -> 0 | G7: =SUM(Apr!G7, May!G7, Jun!G7) -> 0 | H7: =C7-G7 -> 0 | I7: =IFERROR(H7/G7, 0) -> 0
A8: Shorewood - Hofer | B8: IL | C8: =SUM(Apr!C8, May!C8, Jun!C8) -> 0 | D8: =SUM(Apr!D8, May!D8, Jun!D8) -> 0 | E8: =C8-D8 -> 0 | F8: =IFERROR(E8/D8, 0) -> 0 | G8: =SUM(Apr!G8, May!G8, Jun!G8) -> 0 | H8: =C8-G8 -> 0 | I8: =IFERROR(H8/G8, 0) -> 0
A9: Total | C9: =SUM(C3:C8) -> 0 | D9: =SUM(D3:D8) -> 0 | E9: =C9-D9 -> 0 | F9: =IFERROR(E9/D9, 0) -> 0 | G9: =SUM(G3:G8) -> 0 | H9: =C9-G9 -> 0 | I9: =IFERROR(H9/G9, 0) -> 0
A11: Values in gold exceed expected or forecasted by 10% or more.
A13: Values in red are below expected or forecasted by 10% or more.

Sheet 3rd Qtr
A1: {=portfolio} -> Troy School District | C1: 3rd Quarter 2024 Actual v. Expected | G1: 3rd Quarter 2024 Forecasted
A2: Site | B2: State | C2: Actual | D2: Expected | E2: Delta | F2: % | G2: Forecasted | H2: Delta | I2: %
A3: {=Sites[Site]} -> Joliet - Craughwell | B3: {=Sites[State]} -> IL | C3: =SUM(Jul!C3, Aug!C3, Sep!C3) -> 0 | D3: =SUM(Jul!D3, Aug!D3, Sep!D3) -> 0 | E3: =C3-D3 -> 0 | F3: =IFERROR(E3/D3, 0) -> 0 | G3: =SUM(Jul!G3, Aug!G3, Sep!G3) -> 0 | H3: =C3-G3 -> 0 | I3: =IFERROR(H3/G3, 0) -> 0
A4: Joliet - Heritage Trail | B4: IL | C4: =SUM(Jul!C4, Aug!C4, Sep!C4) -> 0 | D4: =SUM(Jul!D4, Aug!D4, Sep!D4) -> 0 | E4: =C4-D4 -> 0 | F4: =IFERROR(E4/D4, 0) -> 0 | G4: =SUM(Jul!G4, Aug!G4, Sep!G4) -> 0 | H4: =C4-G4 -> 0 | I4: =IFERROR(H4/G4, 0) -> 0
A5: Plainfield - Troy | B5: IL | C5: =SUM(Jul!C5, Aug!C5, Sep!C5) -> 0 | D5: =SUM(Jul!D5, Aug!D5, Sep!D5) -> 0 | E5: =C5-D5 -> 0 | F5: =IFERROR(E5/D5, 0) -> 0 | G5: =SUM(Jul!G5, Aug!G5, Sep!G5) -> 0 | H5: =C5-G5 -> 0 | I5: =IFERROR(H5/G5, 0) -> 0
A6: Plainfield - William B Orenic | B6: IL | C6: =SUM(Jul!C6, Aug!C6, Sep!C6) -> 0 | D6: =SUM(Jul!D6, Aug!D6, Sep!D6) -> 0 | E6: =C6-D6 -> 0 | F6: =IFERROR(E6/D6, 0) -> 0 | G6: =SUM(Jul!G6, Aug!G6, Sep!G6) -> 0 | H6: =C6-G6 -> 0 | I6: =IFERROR(H6/G6, 0) -> 0
A7: Shorewood - Cronin | B7: IL | C7: =SUM(Jul!C7, Aug!C7, Sep!C7) -> 0 | D7: =SUM(Jul!D7, Aug!D7, Sep!D7) -> 0 | E7: =C7-D7 -> 0 | F7: =IFERROR(E7/D7, 0) -> 0 | G7: =SUM(Jul!G7, Aug!G7, Sep!G7) -> 0 | H7: =C7-G7 -> 0 | I7: =IFERROR(H7/G7, 0) -> 0
A8: Shorewood - Hofer | B8: IL | C8: =SUM(Jul!C8, Aug!C8, Sep!C8) -> 0 | D8: =SUM(Jul!D8, Aug!D8, Sep!D8) -> 0 | E8: =C8-D8 -> 0 | F8: =IFERROR(E8/D8, 0) -> 0 | G8: =SUM(Jul!G8, Aug!G8, Sep!G8) -> 0 | H8: =C8-G8 -> 0 | I8: =IFERROR(H8/G8, 0) -> 0
A9: Total | C9: =SUM(C3:C8) -> 0 | D9: =SUM(D3:D8) -> 0 | E9: =C9-D9 -> 0 | F9: =IFERROR(E9/D9, 0) -> 0 | G9: =SUM(G3:G8) -> 0 | H9: =C9-G9 -> 0 | I9: =IFERROR(H9/G9, 0) -> 0
A11: Values in gold exceed expected or forecasted by 10% or more.
A13: Values in red are below expected or forecasted by 10% or more.

Sheet 4th Qtr
A1: {=portfolio} -> Troy School District | C1: 4th Quarter 2024 Actual v. Expected | G1: 4th Quarter 2024 Forecasted
A2: Site | B2: State | C2: Actual | D2: Expected | E2: Delta | F2: % | G2: Forecasted | H2: Delta | I2: %
A3: {=Sites[Site]} -> Joliet - Craughwell | B3: {=Sites[State]} -> IL | C3: =SUM(Oct!C3, Nov!C3, Dec!C3) -> 0 | D3: =SUM(Oct!D3, Nov!D3, Dec!D3) -> 0 | E3: =C3-D3 -> 0 | F3: =IFERROR(E3/D3, 0) -> 0 | G3: =SUM(Oct!G3, Nov!G3, Dec!G3) -> 0 | H3: =C3-G3 -> 0 | I3: =IFERROR(H3/G3, 0) -> 0
A4: Joliet - Heritage Trail | B4: IL | C4: =SUM(Oct!C4, Nov!C4, Dec!C4) -> 0 | D4: =SUM(Oct!D4, Nov!D4, Dec!D4) -> 0 | E4: =C4-D4 -> 0 | F4: =IFERROR(E4/D4, 0) -> 0 | G4: =SUM(Oct!G4, Nov!G4, Dec!G4) -> 0 | H4: =C4-G4 -> 0 | I4: =IFERROR(H4/G4, 0) -> 0
A5: Plainfield - Troy | B5: IL | C5: =SUM(Oct!C5, Nov!C5, Dec!C5) -> 0 | D5: =SUM(Oct!D5, Nov!D5, Dec!D5) -> 0 | E5: =C5-D5 -> 0 | F5: =IFERROR(E5/D5, 0) -> 0 | G5: =SUM(Oct!G5, Nov!G5, Dec!G5) -> 0 | H5: =C5-G5 -> 0 | I5: =IFERROR(H5/G5, 0) -> 0
A6: Plainfield - William B Orenic | B6: IL | C6: =SUM(Oct!C6, Nov!C6, Dec!C6) -> 0 | D6: =SUM(Oct!D6, Nov!D6, Dec!D6) -> 0 | E6: =C6-D6 -> 0 | F6: =IFERROR(E6/D6, 0) -> 0 | G6: =SUM(Oct!G6, Nov!G6, Dec!G6) -> 0 | H6: =C6-G6 -> 0 | I6: =IFERROR(H6/G6, 0) -> 0
A7: Shorewood - Cronin | B7: IL | C7: =SUM(Oct!C7, Nov!C7, Dec!C7) -> 0 | D7: =SUM(Oct!D7, Nov!D7, Dec!D7) -> 0 | E7: =C7-D7 -> 0 | F7: =IFERROR(E7/D7, 0) -> 0 | G7: =SUM(Oct!G7, Nov!G7, Dec!G7) -> 0 | H7: =C7-G7 -> 0 | I7: =IFERROR(H7/G7, 0) -> 0
A8: Shorewood - Hofer | B8: IL | C8: =SUM(Oct!C8, Nov!C8, Dec!C8) -> 0 | D8: =SUM(Oct!D8, Nov!D8, Dec!D8) -> 0 | E8: =C8-D8 -> 0 | F8: =IFERROR(E8/D8, 0) -> 0 | G8: =SUM(Oct!G8, Nov!G8, Dec!G8) -> 0 | H8: =C8-G8 -> 0 | I8: =IFERROR(H8/G8, 0) -> 0
A9: Total | C9: =SUM(C3:C8) -> 0 | D9: =SUM(D3:D8) -> 0 | E9: =C9-D9 -> 0 | F9: =IFERROR(E9/D9, 0) -> 0 | G9: =SUM(G3:G8) -> 0 | H9: =C9-G9 -> 0 | I9: =IFERROR(H9/G9, 0) -> 0
A11: Values in gold exceed expected or forecasted by 10% or more.
A13: Values in red are below expected or forecasted by 10% or more.

Sheet Jan
A1: {=portfolio} -> Troy School District | C1: January Actual v. Expected | G1: January Actual v. Forecasted | J1: NOTES | K1: SR
A2: Site | B2: State | C2: Actual | D2: Expected | E2: Delta | F2: % | G2: Forecasted | H2: Delta | I2: %
A3: {=Sites[Site]} -> Joliet - Craughwell | B3: {=Sites[State]} -> IL | C3: {=IF(INDIRECT("'" & $A3 & "'!B5:J5")="", "", INDIRECT("'" & $A3 & "'!B5:J5"))} -> 3467 | D3: 15948 | E3: -12481 | F3: -0.78260597 | G3: 0 | H3: 3467 | I3: 0 | J3: 1. Inverter 2.2 is offline on 01/02, 01/03, 01/04, 01/11, 01/29 2. Inverter 1.2 is offline on 01/22 to 01/25 | K3: 1. SR077210 2. SR079343
A4: Joliet - Heritage Trail | B4: IL | C4: {=IF(INDIRECT("'" & $A4 & "'!B5:J5")="", "", INDIRECT("'" & $A4 & "'!B5:J5"))} -> 4288 | D4: 17449 | E4: -13161 | F4: -0.75425526 | G4: 0 | H4: 4288 | I4: 0
A5: Plainfield - Troy | B5: IL | C5: {=IF(INDIRECT("'" & $A5 & "'!B5:J5")="", "", INDIRECT("'" & $A5 & "'!B5:J5"))} -> 4367 | D5: 14453 | E5: -10086 | F5: -0.6978482 | G5: 0 | H5: 4367 | I5: 0
A6: Plainfield - William B Orenic | B6: IL | C6: {=IF(INDIRECT("'" & $A6 & "'!B5:J5")="", "", INDIRECT("'" & $A6 & "'!B5:J5"))} -> 4435 | D6: 17416 | E6: -12981 | F6: -0.7453491 | G6: 0 | H6: 4435 | I6: 0
A7: Shorewood - Cronin | B7: IL | C7: {=IF(INDIRECT("'" & $A7 & "'!B5:J5")="", "", INDIRECT("'" & $A7 & "'!B5:J5"))} -> 4681 | D7: 18468 | E7: -13787 | F7: -0.74653455 | G7: 0 | H7: 4681 | I7: 0
A8: Shorewood - Hofer | B8: IL | C8: {=IF(INDIRECT("'" & $A8 & "'!B5:J5")="", "", INDIRECT("'" & $A8 & "'!B5:J5"))} -> 3997 | D8: 18360 | E8: -14363 | F8: -0.78229847 | G8: 0 | H8: 3997 | I8: 0
A9: Total | C9: =SUM(C3:C8) -> 25235 | D9: =SUM(D3:D8) -> 102094 | E9: =C9-D9 -> -76859 | F9: =IFERROR(E9/D9, 0) -> -0.75282583 | G9: =SUM(G3:G8) -> 0 | H9: =C9-G9 -> 25235 | I9: =IFERROR(H9/G9, 0) -> 0
A11: Values in gold exceed expected or forecasted by 10% or more.
A13: Values in red are below expected or forecasted by 10% or more.

Sheet Feb
A1: {=portfolio} -> Troy School District | C1: February Actual v. Expected | G1: February Actual v. Forecasted | J1: NOTES | K1: SR
A2: Site | B2: State | C2: Actual | D2: Expected | E2: Delta | F2: % | G2: Forecasted | H2: Delta | I2: %
A3: {=Sites[Site]} -> Joliet - Craughwell | B3: {=Sites[State]} -> IL | C3: {=IF(INDIRECT("'" & $A3 & "'!B6:J6")="", "", INDIRECT("'" & $A3 & "'!B6:J6"))} | E3: 0 | F3: 0 | H3: 0 | I3: 0
A4: Joliet - Heritage Trail | B4: IL | C4: {=IF(INDIRECT("'" & $A4 & "'!B6:J6")="", "", INDIRECT("'" & $A4 & "'!B6:J6"))} | E4: 0 | F4: 0 | H4: 0 | I4: 0
A5: Plainfield - Troy | B5: IL | C5: {=IF(INDIRECT("'" & $A5 & "'!B6:J6")="", "", INDIRECT("'" & $A5 & "'!B6:J6"))} | E5: 0 | F5: 0 | H5: 0 | I5: 0
A6: Plainfield - William B Orenic | B6: IL | C6: {=IF(INDIRECT("'" & $A6 & "'!B6:J6")="", "", INDIRECT("'" & $A6 & "'!B6:J6"))} | E6: 0 | F6: 0 | H6: 0 | I6: 0
A7: Shorewood - Cronin | B7: IL | C7: {=IF(INDIRECT("'" & $A7 & "'!B6:J6")="", "", INDIRECT("'" & $A7 & "'!B6:J6"))} | E7: 0 | F7: 0 | H7: 0 | I7: 0
A8: Shorewood - Hofer | B8: IL | C8: {=IF(INDIRECT("'" & $A8 & "'!B6:J6")="", "", INDIRECT("'" & $A8 & "'!B6:J6"))} | E8: 0 | F8: 0 | H8: 0 | I8: 0
A9: Total | C9: =SUM(C3:C8) -> 0 | D9: =SUM(D3:D8) -> 0 | E9: =C9-D9 -> 0 | F9: =IFERROR(E9/D9, 0) -> 0 | G9: =SUM(G3:G8) -> 0 | H9: =C9-G9 -> 0 | I9: =IFERROR(H9/G9, 0) -> 0
A11: Values in gold exceed expected or forecasted by 10% or more.
A13: Values in red are below expected or forecasted by 10% or more.

Sheet Mar
A1: {=portfolio} -> Troy School District | C1: March Actual v. Expected | G1: March Actual v. Forecasted | J1: NOTES | K1: SR
A2: Site | B2: State | C2: Actual | D2: Expected | E2: Delta | F2: % | G2: Forecasted | H2: Delta | I2: %
A3: {=Sites[Site]} -> Joliet - Craughwell | B3: {=Sites[State]} -> IL | C3: {=IF(INDIRECT("'" & $A3 & "'!B7:J7")="", "", INDIRECT("'" & $A3 & "'!B7:J7"))} | E3: 0 | F3: 0 | H3: 0 | I3: 0
A4: Joliet - Heritage Trail | B4: IL | C4: {=IF(INDIRECT("'" & $A4 & "'!B7:J7")="", "", INDIRECT("'" & $A4 & "'!B7:J7"))} | E4: 0 | F4: 0 | H4: 0 | I4: 0
A5: Plainfield - Troy | B5: IL | C5: {=IF(INDIRECT("'" & $A5 & "'!B7:J7")="", "", INDIRECT("'" & $A5 & "'!B7:J7"))} | E5: 0 | F5: 0 | H5: 0 | I5: 0
A6: Plainfield - William B Orenic | B6: IL | C6: {=IF(INDIRECT("'" & $A6 & "'!B7:J7")="", "", INDIRECT("'" & $A6 & "'!B7:J7"))} | E6: 0 | F6: 0 | H6: 0 | I6: 0
A7: Shorewood - Cronin | B7: IL | C7: {=IF(INDIRECT("'" & $A7 & "'!B7:J7")="", "", INDIRECT("'" & $A7 & "'!B7:J7"))} | E7: 0 | F7: 0 | H7: 0 | I7: 0
A8: Shorewood - Hofer | B8: IL | C8: {=IF(INDIRECT("'" & $A8 & "'!B7:J7")="", "", INDIRECT("'" & $A8 & "'!B7:J7"))} | E8: 0 | F8: 0 | H8: 0 | I8: 0
A9: Total | C9: =SUM(C3:C8) -> 0 | D9: =SUM(D3:D8) -> 0 | E9: =C9-D9 -> 0 | F9: =IFERROR(E9/D9, 0) -> 0 | G9: =SUM(G3:G8) -> 0 | H9: =C9-G9 -> 0 | I9: =IFERROR(H9/G9, 0) -> 0
A11: Values in gold exceed expected or forecasted by 10% or more.
A13: Values in red are below expected or forecasted by 10% or more.

Sheet Apr
A1: {=portfolio} -> Troy School District | C1: April Actual v. Expected | G1: April Actual v. Forecasted | J1: NOTES | K1: SR
A2: Site | B2: State | C2: Actual | D2: Expected | E2: Delta | F2: % | G2: Forecasted | H2: Delta | I2: %
A3: {=Sites[Site]} -> Joliet - Craughwell | B3: {=Sites[State]} -> IL | C3: {=IF(INDIRECT("'" & $A3 & "'!B8:J8")="", "", INDIRECT("'" & $A3 & "'!B8:J8"))} | E3: 0 | F3: 0 | H3: 0 | I3: 0
A4: Joliet - Heritage Trail | B4: IL | C4: {=IF(INDIRECT("'" & $A4 & "'!B8:J8")="", "", INDIRECT("'" & $A4 & "'!B8:J8"))} | E4: 0 | F4: 0 | H4: 0 | I4: 0
A5: Plainfield - Troy | B5: IL | C5: {=IF(INDIRECT("'" & $A5 & "'!B8:J8")="", "", INDIRECT("'" & $A5 & "'!B8:J8"))} | E5: 0 | F5: 0 | H5: 0 | I5: 0
A6: Plainfield - William B Orenic | B6: IL | C6: {=IF(INDIRECT("'" & $A6 & "'!B8:J8")="", "", INDIRECT("'" & $A6 & "'!B8:J8"))} | E6: 0 | F6: 0 | H6: 0 | I6: 0
A7: Shorewood - Cronin | B7: IL | C7: {=IF(INDIRECT("'" & $A7 & "'!B8:J8")="", "", INDIRECT("'" & $A7 & "'!B8:J8"))} | E7: 0 | F7: 0 | H7: 0 | I7: 0
A8: Shorewood - Hofer | B8: IL | C8: {=IF(INDIRECT("'" & $A8 & "'!B8:J8")="", "", INDIRECT("'" & $A8 & "'!B8:J8"))} | E8: 0 | F8: 0 | H8: 0 | I8: 0
A9: Total | C9: =SUM(C3:C8) -> 0 | D9: =SUM(D3:D8) -> 0 | E9: =C9-D9 -> 0 | F9: =IFERROR(E9/D9, 0) -> 0 | G9: =SUM(G3:G8) -> 0 | H9: =C9-G9 -> 0 | I9: =IFERROR(H9/G9, 0) -> 0
A11: Values in gold exceed expected or forecasted by 10% or more.
A13: Values in red are below expected or forecasted by 10% or more.

Sheet May
A1: {=portfolio} -> Troy School District | C1: May Actual v. Expected | G1: May Actual v. Forecasted | J1: NOTES | K1: SR
A2: Site | B2: State | C2: Actual | D2: Expected | E2: Delta | F2: % | G2: Forecasted | H2: Delta | I2: %
A3: {=Sites[Site]} -> Joliet - Craughwell | B3: {=Sites[State]} -> IL | C3: {=IF(INDIRECT("'" & $A3 & "'!B9:J9")="", "", INDIRECT("'" & $A3 & "'!B9:J9"))} | E3: 0 | F3: 0 | H3: 0 | I3: 0
A4: Joliet - Heritage Trail | B4: IL | C4: {=IF(INDIRECT("'" & $A4 & "'!B9:J9")="", "", INDIRECT("'" & $A4 & "'!B9:J9"))} | E4: 0 | F4: 0 | H4: 0 | I4: 0
A5: Plainfield - Troy | B5: IL | C5: {=IF(INDIRECT("'" & $A5 & "'!B9:J9")="", "", INDIRECT("'" & $A5 & "'!B9:J9"))} | E5: 0 | F5: 0 | H5: 0 | I5: 0
A6: Plainfield - William B Orenic | B6: IL | C6: {=IF(INDIRECT("'" & $A6 & "'!B9:J9")="", "", INDIRECT("'" & $A6 & "'!B9:J9"))} | E6: 0 | F6: 0 | H6: 0 | I6: 0
A7: Shorewood - Cronin | B7: IL | C7: {=IF(INDIRECT("'" & $A7 & "'!B9:J9")="", "", INDIRECT("'" & $A7 & "'!B9:J9"))} | E7: 0 | F7: 0 | H7: 0 | I7: 0
A8: Shorewood - Hofer | B8: IL | C8: {=IF(INDIRECT("'" & $A8 & "'!B9:J9")="", "", INDIRECT("'" & $A8 & "'!B9:J9"))} | E8: 0 | F8: 0 | H8: 0 | I8: 0
A9: Total | C9: =SUM(C3:C8) -> 0 | D9: =SUM(D3:D8) -> 0 | E9: =C9-D9 -> 0 | F9: =IFERROR(E9/D9, 0) -> 0 | G9: =SUM(G3:G8) -> 0 | H9: =C9-G9 -> 0 | I9: =IFERROR(H9/G9, 0) -> 0
A11: Values in gold exceed expected or forecasted by 10% or more.
A13: Values in red are below expected or forecasted by 10% or more.

Sheet Jun
A1: {=portfolio} -> Troy School District | C1: June Actual v. Expected | G1: June Actual v. Forecasted | J1: NOTES | K1: SR
A2: Site | B2: State | C2: Actual | D2: Expected | E2: Delta | F2: % | G2: Forecasted | H2: Delta | I2: %
A3: {=Sites[Site]} -> Joliet - Craughwell | B3: {=Sites[State]} -> IL | C3: {=IF(INDIRECT("'" & $A3 & "'!B10:J10")="", "", INDIRECT("'" & $A3 & "'!B10:J10"))} | E3: 0 | F3: 0 | H3: 0 | I3: 0
A4: Joliet - Heritage Trail | B4: IL | C4: {=IF(INDIRECT("'" & $A4 & "'!B10:J10")="", "", INDIRECT("'" & $A4 & "'!B10:J10"))} | E4: 0 | F4: 0 | H4: 0 | I4: 0
A5: Plainfield - Troy | B5: IL | C5: {=IF(INDIRECT("'" & $A5 & "'!B10:J10")="", "", INDIRECT("'" & $A5 & "'!B10:J10"))} | E5: 0 | F5: 0 | H5: 0 | I5: 0
A6: Plainfield - William B Orenic | B6: IL | C6: {=IF(INDIRECT("'" & $A6 & "'!B10:J10")="", "", INDIRECT("'" & $A6 & "'!B10:J10"))} | E6: 0 | F6: 0 | H6: 0 | I6: 0
A7: Shorewood - Cronin | B7: IL | C7: {=IF(INDIRECT("'" & $A7 & "'!B10:J10")="", "", INDIRECT("'" & $A7 & "'!B10:J10"))} | E7: 0 | F7: 0 | H7: 0 | I7: 0
A8: Shorewood - Hofer | B8: IL | C8: {=IF(INDIRECT("'" & $A8 & "'!B10:J10")="", "", INDIRECT("'" & $A8 & "'!B10:J10"))} | E8: 0 | F8: 0 | H8: 0 | I8: 0
A9: Total | C9: =SUM(C3:C8) -> 0 | D9: =SUM(D3:D8) -> 0 | E9: =C9-D9 -> 0 | F9: =IFERROR(E9/D9, 0) -> 0 | G9: =SUM(G3:G8) -> 0 | H9: =C9-G9 -> 0 | I9: =IFERROR(H9/G9, 0) -> 0
A11: Values in gold exceed expected or forecasted by 10% or more.
A13: Values in red are below expected or forecasted by 10% or more.

Sheet Jul
A1: {=portfolio} -> Troy School District | C1: July Actual v. Expected | G1: July Actual v. Forecasted | J1: NOTES | K1: SR
A2: Site | B2: State | C2: Actual | D2: Expected | E2: Delta | F2: % | G2: Forecasted | H2: Delta | I2: %
A3: {=Sites[Site]} -> Joliet - Craughwell | B3: {=Sites[State]} -> IL | C3: {=IF(INDIRECT("'" & $A3 & "'!B11:J11")="", "", INDIRECT("'" & $A3 & "'!B11:J11"))} | E3: 0 | F3: 0 | H3: 0 | I3: 0
A4: Joliet - Heritage Trail | B4: IL | C4: {=IF(INDIRECT("'" & $A4 & "'!B11:J11")="", "", INDIRECT("'" & $A4 & "'!B11:J11"))} | E4: 0 | F4: 0 | H4: 0 | I4: 0
A5: Plainfield - Troy | B5: IL | C5: {=IF(INDIRECT("'" & $A5 & "'!B11:J11")="", "", INDIRECT("'" & $A5 & "'!B11:J11"))} | E5: 0 | F5: 0 | H5: 0 | I5: 0
A6: Plainfield - William B Orenic | B6: IL | C6: {=IF(INDIRECT("'" & $A6 & "'!B11:J11")="", "", INDIRECT("'" & $A6 & "'!B11:J11"))} | E6: 0 | F6: 0 | H6: 0 | I6: 0
A7: Shorewood - Cronin | B7: IL | C7: {=IF(INDIRECT("'" & $A7 & "'!B11:J11")="", "", INDIRECT("'" & $A7 & "'!B11:J11"))} | E7: 0 | F7: 0 | H7: 0 | I7: 0
A8: Shorewood - Hofer | B8: IL | C8: {=IF(INDIRECT("'" & $A8 & "'!B11:J11")="", "", INDIRECT("'" & $A8 & "'!B11:J11"))} | E8: 0 | F8: 0 | H8: 0 | I8: 0
A9: Total | C9: =SUM(C3:C8) -> 0 | D9: =SUM(D3:D8) -> 0 | E9: =C9-D9 -> 0 | F9: =IFERROR(E9/D9, 0) -> 0 | G9: =SUM(G3:G8) -> 0 | H9: =C9-G9 -> 0 | I9: =IFERROR(H9/G9, 0) -> 0
A11: Values in gold exceed expected or forecasted by 10% or more.
A13: Values in red are below expected or forecasted by 10% or more.

Sheet Aug
A1: {=portfolio} -> Troy School District | C1: August Actual v. Expected | G1: August Actual v. Forecasted | J1: NOTES | K1: SR
A2: Site | B2: State | C2: Actual | D2: Expected | E2: Delta | F2: % | G2: Forecasted | H2: Delta | I2: %
A3: {=Sites[Site]} -> Joliet - Craughwell | B3: {=Sites[State]} -> IL | C3: {=IF(INDIRECT("'" & $A3 & "'!B12:J12")="", "", INDIRECT("'" & $A3 & "'!B12:J12"))} | E3: 0 | F3: 0 | H3: 0 | I3: 0
A4: Joliet - Heritage Trail | B4: IL | C4: {=IF(INDIRECT("'" & $A4 & "'!B12:J12")="", "", INDIRECT("'" & $A4 & "'!B12:J12"))} | E4: 0 | F4: 0 | H4: 0 | I4: 0
A5: Plainfield - Troy | B5: IL | C5: {=IF(INDIRECT("'" & $A5 & "'!B12:J12")="", "", INDIRECT("'" & $A5 & "'!B12:J12"))} | E5: 0 | F5: 0 | H5: 0 | I5: 0
A6: Plainfield - William B Orenic | B6: IL | C6: {=IF(INDIRECT("'" & $A6 & "'!B12:J12")="", "", INDIRECT("'" & $A6 & "'!B12:J12"))} | E6: 0 | F6: 0 | H6: 0 | I6: 0
A7: Shorewood - Cronin | B7: IL | C7: {=IF(INDIRECT("'" & $A7 & "'!B12:J12")="", "", INDIRECT("'" & $A7 & "'!B12:J12"))} | E7: 0 | F7: 0 | H7: 0 | I7: 0
A8: Shorewood - Hofer | B8: IL | C8: {=IF(INDIRECT("'" & $A8 & "'!B12:J12")="", "", INDIRECT("'" & $A8 & "'!B12:J12"))} | E8: 0 | F8: 0 | H8: 0 | I8: 0
A9: Total | C9: =SUM(C3:C8) -> 0 | D9: =SUM(D3:D8) -> 0 | E9: =C9-D9 -> 0 | F9: =IFERROR(E9/D9, 0) -> 0 | G9: =SUM(G3:G8) -> 0 | H9: =C9-G9 -> 0 | I9: =IFERROR(H9/G9, 0) -> 0
A11: Values in gold exceed expected or forecasted by 10% or more.
A13: Values in red are below expected or forecasted by 10% or more.

Sheet Sep
A1: {=portfolio} -> Troy School District | C1: September Actual v. Expected | G1: September Actual v. Forecasted | J1: NOTES | K1: SR
A2: Site | B2: State | C2: Actual | D2: Expected | E2: Delta | F2: % | G2: Forecasted | H2: Delta | I2: %
A3: {=Sites[Site]} -> Joliet - Craughwell | B3: {=Sites[State]} -> IL | C3: {=IF(INDIRECT("'" & $A3 & "'!B13:J13")="", "", INDIRECT("'" & $A3 & "'!B13:J13"))} | E3: 0 | F3: 0 | H3: 0 | I3: 0
A4: Joliet - Heritage Trail | B4: IL | C4: {=IF(INDIRECT("'" & $A4 & "'!B13:J13")="", "", INDIRECT("'" & $A4 & "'!B13:J13"))} | E4: 0 | F4: 0 | H4: 0 | I4: 0
A5: Plainfield - Troy | B5: IL | C5: {=IF(INDIRECT("'" & $A5 & "'!B13:J13")="", "", INDIRECT("'" & $A5 & "'!B13:J13"))} | E5: 0 | F5: 0 | H5: 0 | I5: 0
A6: Plainfield - William B Orenic | B6: IL | C6: {=IF(INDIRECT("'" & $A6 & "'!B13:J13")="", "", INDIRECT("'" & $A6 & "'!B13:J13"))} | E6: 0 | F6: 0 | H6: 0 | I6: 0
A7: Shorewood - Cronin | B7: IL | C7: {=IF(INDIRECT("'" & $A7 & "'!B13:J13")="", "", INDIRECT("'" & $A7 & "'!B13:J13"))} | E7: 0 | F7: 0 | H7: 0 | I7: 0
A8: Shorewood - Hofer | B8: IL | C8: {=IF(INDIRECT("'" & $A8 & "'!B13:J13")="", "", INDIRECT("'" & $A8 & "'!B13:J13"))} | E8: 0 | F8: 0 | H8: 0 | I8: 0
A9: Total | C9: =SUM(C3:C8) -> 0 | D9: =SUM(D3:D8) -> 0 | E9: =C9-D9 -> 0 | F9: =IFERROR(E9/D9, 0) -> 0 | G9: =SUM(G3:G8) -> 0 | H9: =C9-G9 -> 0 | I9: =IFERROR(H9/G9, 0) -> 0
A11: Values in gold exceed expected or forecasted by 10% or more.
A13: Values in red are below expected or forecasted by 10% or more.

Sheet Oct
A1: {=portfolio} -> Troy School District | C1: October Actual v. Expected | G1: October Actual v. Forecasted | J1: NOTES | K1: SR
A2: Site | B2: State | C2: Actual | D2: Expected | E2: Delta | F2: % | G2: Forecasted | H2: Delta | I2: %
A3: {=Sites[Site]} -> Joliet - Craughwell | B3: {=Sites[State]} -> IL | C3: {=IF(INDIRECT("'" & $A3 & "'!B14:J14")="", "", INDIRECT("'" & $A3 & "'!B14:J14"))} | E3: 0 | F3: 0 | H3: 0 | I3: 0
A4: Joliet - Heritage Trail | B4: IL | C4: {=IF(INDIRECT("'" & $A4 & "'!B14:J14")="", "", INDIRECT("'" & $A4 & "'!B14:J14"))} | E4: 0 | F4: 0 | H4: 0 | I4: 0
A5: Plainfield - Troy | B5: IL | C5: {=IF(INDIRECT("'" & $A5 & "'!B14:J14")="", "", INDIRECT("'" & $A5 & "'!B14:J14"))} | E5: 0 | F5: 0 | H5: 0 | I5: 0
A6: Plainfield - William B Orenic | B6: IL | C6: {=IF(INDIRECT("'" & $A6 & "'!B14:J14")="", "", INDIRECT("'" & $A6 & "'!B14:J14"))} | E6: 0 | F6: 0 | H6: 0 | I6: 0
A7: Shorewood - Cronin | B7: IL | C7: {=IF(INDIRECT("'" & $A7 & "'!B14:J14")="", "", INDIRECT("'" & $A7 & "'!B14:J14"))} | E7: 0 | F7: 0 | H7: 0 | I7: 0
A8: Shorewood - Hofer | B8: IL | C8: {=IF(INDIRECT("'" & $A8 & "'!B14:J14")="", "", INDIRECT("'" & $A8 & "'!B14:J14"))} | E8: 0 | F8: 0 | H8: 0 | I8: 0
A9: Total | C9: =SUM(C3:C8) -> 0 | D9: =SUM(D3:D8) -> 0 | E9: =C9-D9 -> 0 | F9: =IFERROR(E9/D9, 0) -> 0 | G9: =SUM(G3:G8) -> 0 | H9: =C9-G9 -> 0 | I9: =IFERROR(H9/G9, 0) -> 0
A11: Values in gold exceed expected or forecasted by 10% or more.
A13: Values in red are below expected or forecasted by 10% or more.

Sheet Nov
A1: {=portfolio} -> Troy School District | C1: November Actual v. Expected | G1: November Actual v. Forecasted | J1: NOTES | K1: SR
A2: Site | B2: State | C2: Actual | D2: Expected | E2: Delta | F2: % | G2: Forecasted | H2: Delta | I2: %
A3: {=Sites[Site]} -> Joliet - Craughwell | B3: {=Sites[State]} -> IL | C3: {=IF(INDIRECT("'" & $A3 & "'!B15:J15")="", "", INDIRECT("'" & $A3 & "'!B15:J15"))} | E3: 0 | F3: 0 | H3: 0 | I3: 0
A4: Joliet - Heritage Trail | B4: IL | C4: {=IF(INDIRECT("'" & $A4 & "'!B15:J15")="", "", INDIRECT("'" & $A4 & "'!B15:J15"))} | E4: 0 | F4: 0 | H4: 0 | I4: 0
A5: Plainfield - Troy | B5: IL | C5: {=IF(INDIRECT("'" & $A5 & "'!B15:J15")="", "", INDIRECT("'" & $A5 & "'!B15:J15"))} | E5: 0 | F5: 0 | H5: 0 | I5: 0
A6: Plainfield - William B Orenic | B6: IL | C6: {=IF(INDIRECT("'" & $A6 & "'!B15:J15")="", "", INDIRECT("'" & $A6 & "'!B15:J15"))} | E6: 0 | F6: 0 | H6: 0 | I6: 0
A7: Shorewood - Cronin | B7: IL | C7: {=IF(INDIRECT("'" & $A7 & "'!B15:J15")="", "", INDIRECT("'" & $A7 & "'!B15:J15"))} | E7: 0 | F7: 0 | H7: 0 | I7: 0
A8: Shorewood - Hofer | B8: IL | C8: {=IF(INDIRECT("'" & $A8 & "'!B15:J15")="", "", INDIRECT("'" & $A8 & "'!B15:J15"))} | E8: 0 | F8: 0 | H8: 0 | I8: 0
A9: Total | C9: =SUM(C3:C8) -> 0 | D9: =SUM(D3:D8) -> 0 | E9: =C9-D9 -> 0 | F9: =IFERROR(E9/D9, 0) -> 0 | G9: =SUM(G3:G8) -> 0 | H9: =C9-G9 -> 0 | I9: =IFERROR(H9/G9, 0) -> 0
A11: Values in gold exceed expected or forecasted by 10% or more.
A13: Values in red are below expected or forecasted by 10% or more.

Sheet Dec
A1: {=portfolio} -> Troy School District | C1: December Actual v. Expected | G1: December Actual v. Forecasted | J1: NOTES | K1: SR
A2: Site | B2: State | C2: Actual | D2: Expected | E2: Delta | F2: % | G2: Forecasted | H2: Delta | I2: %
A3: {=Sites[Site]} -> Joliet - Craughwell | B3: {=Sites[State]} -> IL | C3: {=IF(INDIRECT("'" & $A3 & "'!B16:J16")="", "", INDIRECT("'" & $A3 & "'!B16:J16"))} | E3: 0 | F3: 0 | H3: 0 | I3: 0
A4: Joliet - Heritage Trail | B4: IL | C4: {=IF(INDIRECT("'" & $A4 & "'!B16:J16")="", "", INDIRECT("'" & $A4 & "'!B16:J16"))} | E4: 0 | F4: 0 | H4: 0 | I4: 0
A5: Plainfield - Troy | B5: IL | C5: {=IF(INDIRECT("'" & $A5 & "'!B16:J16")="", "", INDIRECT("'" & $A5 & "'!B16:J16"))} | E5: 0 | F5: 0 | H5: 0 | I5: 0
A6: Plainfield - William B Orenic | B6: IL | C6: {=IF(INDIRECT("'" & $A6 & "'!B16:J16")="", "", INDIRECT("'" & $A6 & "'!B16:J16"))} | E6: 0 | F6: 0 | H6: 0 | I6: 0
A7: Shorewood - Cronin | B7: IL | C7: {=IF(INDIRECT("'" & $A7 & "'!B16:J16")="", "", INDIRECT("'" & $A7 & "'!B16:J16"))} | E7: 0 | F7: 0 | H7: 0 | I7: 0
A8: Shorewood - Hofer | B8: IL | C8: {=IF(INDIRECT("'" & $A8 & "'!B16:J16")="", "", INDIRECT("'" & $A8 & "'!B16:J16"))} | E8: 0 | F8: 0 | H8: 0 | I8: 0
A9: Total | C9: =SUM(C3:C8) -> 0 | D9: =SUM(D3:D8) -> 0 | E9: =C9-D9 -> 0 | F9: =IFERROR(E9/D9, 0) -> 0 | G9: =SUM(G3:G8) -> 0 | H9: =C9-G9 -> 0 | I9: =IFERROR(H9/G9, 0) -> 0
A11: Values in gold exceed expected or forecasted by 10% or more.
A13: Values in red are below expected or forecasted by 10% or more.

Sheet Sites
A1: Portfolio: | B1: Troy School District
A2: Site DAS Name | B2: Site | C2: State | D2: Update | E2: DAS
A3: IL: Joliet - Craughwell ES | B3: Joliet - Craughwell | C3: IL | E3: AssetPlanner
A4: IL: Joliet - Heritage Trail | B4: Joliet - Heritage Trail | C4: IL | E4: AssetPlanner
A5: IL: Plainfield - Troy MS | B5: Plainfield - Troy | C5: IL | E5: AssetPlanner
A6: IL: Plainfield - William B Orenic IS | B6: Plainfield - William B Orenic | C6: IL | E6: AssetPlanner
A7: IL: Shorewood - Cronin ES | B7: Shorewood - Cronin | C7: IL | E7: AssetPlanner
A8: IL: Shorewood - Hofer ES | B8: Shorewood - Hofer | C8: IL | E8: AssetPlanner

Sheet Joliet - Craughwell
A1: Joliet - Craughwell
A3: Actual vs. Expected | F3: Actual vs. Forecasted | I3: Notes
A4: Month | B4: Actual | C4: Expected | D4: Delta Expected | E4: % Expected | F4: Forecasted | G4: Delta Forecasted | H4: % Forecasted | I4: Notes | J4: Service Request
A5: Jan | B5: 3467 | C5: 15948 | D5: =B5-C5 -> -12481 | E5: =IFERROR(D5/C5, 0) -> -0.78260597 | F5: 0 | G5: =B5-F5 -> 3467 | H5: =IFERROR(G5/F5, 0) -> 0 | I5: 1. Inverter 2.2 is offline on 01/02, 01/03, 01/04, 01/11, 01/29 2. Inverter 1.2 is offline on 01/22 to 01/25 | J5: 1. SR077210 2. SR079343
A6: Feb | D6: =B6-C6 -> 0 | E6: =IFERROR(D6/C6, 0) -> 0 | G6: =B6-F6 -> 0 | H6: =IFERROR(G6/F6, 0) -> 0
A7: Mar | D7: =B7-C7 -> 0 | E7: =IFERROR(D7/C7, 0) -> 0 | G7: =B7-F7 -> 0 | H7: =IFERROR(G7/F7, 0) -> 0
A8: Apr | D8: =B8-C8 -> 0 | E8: =IFERROR(D8/C8, 0) -> 0 | G8: =B8-F8 -> 0 | H8: =IFERROR(G8/F8, 0) -> 0
A9: May | D9: =B9-C9 -> 0 | E9: =IFERROR(D9/C9, 0) -> 0 | G9: =B9-F9 -> 0 | H9: =IFERROR(G9/F9, 0) -> 0
A10: Jun | D10: =B10-C10 -> 0 | E10: =IFERROR(D10/C10, 0) -> 0 | G10: =B10-F10 -> 0 | H10: =IFERROR(G10/F10, 0) -> 0
A11: Jul | D11: =B11-C11 -> 0 | E11: =IFERROR(D11/C11, 0) -> 0 | G11: =B11-F11 -> 0 | H11: =IFERROR(G11/F11, 0) -> 0
A12: Aug | D12: =B12-C12 -> 0 | E12: =IFERROR(D12/C12, 0) -> 0 | G12: =B12-F12 -> 0 | H12: =IFERROR(G12/F12, 0) -> 0
A13: Sep | D13: =B13-C13 -> 0 | E13: =IFERROR(D13/C13, 0) -> 0 | G13: =B13-F13 -> 0 | H13: =IFERROR(G13/F13, 0) -> 0
A14: Oct | D14: =B14-C14 -> 0 | E14: =IFERROR(D14/C14, 0) -> 0 | G14: =B14-F14 -> 0 | H14: =IFERROR(G14/F14, 0) -> 0
A15: Nov | D15: =B15-C15 -> 0 | E15: =IFERROR(D15/C15, 0) -> 0 | G15: =B15-F15 -> 0 | H15: =IFERROR(G15/F15, 0) -> 0
A16: Dec | D16: =B16-C16 -> 0 | E16: =IFERROR(D16/C16, 0) -> 0 | G16: =B16-F16 -> 0 | H16: =IFERROR(G16/F16, 0) -> 0
A17: Totals | B17: =SUM(B5:B16) -> 3467 | C17: =SUM(C5:C16) -> 15948 | D17: =B17-C17 -> -12481 | E17: =IFERROR(D17/C17, 0) -> -0.78260597 | F17: =SUM(F5:F16) -> 0 | G17: =B17-F17 -> 3467 | H17: =IFERROR(G17/F17, 0) -> 0

Sheet Joliet - Heritage Trail
A1: Joliet - Heritage Trail
A3: Actual vs. Expected | F3: Actual vs. Forecasted | I3: Notes
A4: Month | B4: Actual | C4: Expected | D4: Delta Expected | E4: % Expected | F4: Forecasted | G4: Delta Forecasted | H4: % Forecasted | I4: Notes | J4: Service Request
A5: Jan | B5: 4288 | C5: 17449 | D5: =B5-C5 -> -13161 | E5: =IFERROR(D5/C5, 0) -> -0.75425526 | F5: 0 | G5: =B5-F5 -> 4288 | H5: =IFERROR(G5/F5, 0) -> 0
A6: Feb | D6: =B6-C6 -> 0 | E6: =IFERROR(D6/C6, 0) -> 0 | G6: =B6-F6 -> 0 | H6: =IFERROR(G6/F6, 0) -> 0
A7: Mar | D7: =B7-C7 -> 0 | E7: =IFERROR(D7/C7, 0) -> 0 | G7: =B7-F7 -> 0 | H7: =IFERROR(G7/F7, 0) -> 0
A8: Apr | D8: =B8-C8 -> 0 | E8: =IFERROR(D8/C8, 0) -> 0 | G8: =B8-F8 -> 0 | H8: =IFERROR(G8/F8, 0) -> 0
A9: May | D9: =B9-C9 -> 0 | E9: =IFERROR(D9/C9, 0) -> 0 | G9: =B9-F9 -> 0 | H9: =IFERROR(G9/F9, 0) -> 0
A10: Jun | D10: =B10-C10 -> 0 | E10: =IFERROR(D10/C10, 0) -> 0 | G10: =B10-F10 -> 0 | H10: =IFERROR(G10/F10, 0) -> 0
A11: Jul | D11: =B11-C11 -> 0 | E11: =IFERROR(D11/C11, 0) -> 0 | G11: =B11-F11 -> 0 | H11: =IFERROR(G11/F11, 0) -> 0
A12: Aug | D12: =B12-C12 -> 0 | E12: =IFERROR(D12/C12, 0) -> 0 | G12: =B12-F12 -> 0 | H12: =IFERROR(G12/F12, 0) -> 0
A13: Sep | D13: =B13-C13 -> 0 | E13: =IFERROR(D13/C13, 0) -> 0 | G13: =B13-F13 -> 0 | H13: =IFERROR(G13/F13, 0) -> 0
A14: Oct | D14: =B14-C14 -> 0 | E14: =IFERROR(D14/C14, 0) -> 0 | G14: =B14-F14 -> 0 | H14: =IFERROR(G14/F14, 0) -> 0
A15: Nov | D15: =B15-C15 -> 0 | E15: =IFERROR(D15/C15, 0) -> 0 | G15: =B15-F15 -> 0 | H15: =IFERROR(G15/F15, 0) -> 0
A16: Dec | D16: =B16-C16 -> 0 | E16: =IFERROR(D16/C16, 0) -> 0 | G16: =B16-F16 -> 0 | H16: =IFERROR(G16/F16, 0) -> 0
A17: Totals | B17: =SUM(B5:B16) -> 4288 | C17: =SUM(C5:C16) -> 17449 | D17: =B17-C17 -> -13161 | E17: =IFERROR(D17/C17, 0) -> -0.75425526 | F17: =SUM(F5:F16) -> 0 | G17: =B17-F17 -> 4288 | H17: =IFERROR(G17/F17, 0) -> 0

Sheet Plainfield - Troy
A1: Plainfield - Troy
A3: Actual vs. Expected | F3: Actual vs. Forecasted | I3: Notes
A4: Month | B4: Actual | C4: Expected | D4: Delta Expected | E4: % Expected | F4: Forecasted | G4: Delta Forecasted | H4: % Forecasted | I4: Notes | J4: Service Request
A5: Jan | B5: 4367 | C5: 14453 | D5: =B5-C5 -> -10086 | E5: =IFERROR(D5/C5, 0) -> -0.6978482 | F5: 0 | G5: =B5-F5 -> 4367 | H5: =IFERROR(G5/F5, 0) -> 0
A6: Feb | D6: =B6-C6 -> 0 | E6: =IFERROR(D6/C6, 0) -> 0 | G6: =B6-F6 -> 0 | H6: =IFERROR(G6/F6, 0) -> 0
A7: Mar | D7: =B7-C7 -> 0 | E7: =IFERROR(D7/C7, 0) -> 0 | G7: =B7-F7 -> 0 | H7: =IFERROR(G7/F7, 0) -> 0
A8: Apr | D8: =B8-C8 -> 0 | E8: =IFERROR(D8/C8, 0) -> 0 | G8: =B8-F8 -> 0 | H8: =IFERROR(G8/F8, 0) -> 0
A9: May | D9: =B9-C9 -> 0 | E9: =IFERROR(D9/C9, 0) -> 0 | G9: =B9-F9 -> 0 | H9: =IFERROR(G9/F9, 0) -> 0
A10: Jun | D10: =B10-C10 -> 0 | E10: =IFERROR(D10/C10, 0) -> 0 | G10: =B10-F10 -> 0 | H10: =IFERROR(G10/F10, 0) -> 0
A11: Jul | D11: =B11-C11 -> 0 | E11: =IFERROR(D11/C11, 0) -> 0 | G11: =B11-F11 -> 0 | H11: =IFERROR(G11/F11, 0) -> 0
A12: Aug | D12: =B12-C12 -> 0 | E12: =IFERROR(D12/C12, 0) -> 0 | G12: =B12-F12 -> 0 | H12: =IFERROR(G12/F12, 0) -> 0
A13: Sep | D13: =B13-C13 -> 0 | E13: =IFERROR(D13/C13, 0) -> 0 | G13: =B13-F13 -> 0 | H13: =IFERROR(G13/F13, 0) -> 0
A14: Oct | D14: =B14-C14 -> 0 | E14: =IFERROR(D14/C14, 0) -> 0 | G14: =B14-F14 -> 0 | H14: =IFERROR(G14/F14, 0) -> 0
A15: Nov | D15: =B15-C15 -> 0 | E15: =IFERROR(D15/C15, 0) -> 0 | G15: =B15-F15 -> 0 | H15: =IFERROR(G15/F15, 0) -> 0
A16: Dec | D16: =B16-C16 -> 0 | E16: =IFERROR(D16/C16, 0) -> 0 | G16: =B16-F16 -> 0 | H16: =IFERROR(G16/F16, 0) -> 0
A17: Totals | B17: =SUM(B5:B16) -> 4367 | C17: =SUM(C5:C16) -> 14453 | D17: =B17-C17 -> -10086 | E17: =IFERROR(D17/C17, 0) -> -0.6978482 | F17: =SUM(F5:F16) -> 0 | G17: =B17-F17 -> 4367 | H17: =IFERROR(G17/F17, 0) -> 0

Sheet Plainfield - William B Orenic
A1: Plainfield - William B Orenic
A3: Actual vs. Expected | F3: Actual vs. Forecasted | I3: Notes
A4: Month | B4: Actual | C4: Expected | D4: Delta Expected | E4: % Expected | F4: Forecasted | G4: Delta Forecasted | H4: % Forecasted | I4: Notes | J4: Service Request
A5: Jan | B5: 4435 | C5: 17416 | D5: =B5-C5 -> -12981 | E5: =IFERROR(D5/C5, 0) -> -0.7453491 | F5: 0 | G5: =B5-F5 -> 4435 | H5: =IFERROR(G5/F5, 0) -> 0
A6: Feb | D6: =B6-C6 -> 0 | E6: =IFERROR(D6/C6, 0) -> 0 | G6: =B6-F6 -> 0 | H6: =IFERROR(G6/F6, 0) -> 0
A7: Mar | D7: =B7-C7 -> 0 | E7: =IFERROR(D7/C7, 0) -> 0 | G7: =B7-F7 -> 0 | H7: =IFERROR(G7/F7, 0) -> 0
A8: Apr | D8: =B8-C8 -> 0 | E8: =IFERROR(D8/C8, 0) -> 0 | G8: =B8-F8 -> 0 | H8: =IFERROR(G8/F8, 0) -> 0
A9: May | D9: =B9-C9 -> 0 | E9: =IFERROR(D9/C9, 0) -> 0 | G9: =B9-F9 -> 0 | H9: =IFERROR(G9/F9, 0) -> 0
A10: Jun | D10: =B10-C10 -> 0 | E10: =IFERROR(D10/C10, 0) -> 0 | G10: =B10-F10 -> 0 | H10: =IFERROR(G10/F10, 0) -> 0
A11: Jul | D11: =B11-C11 -> 0 | E11: =IFERROR(D11/C11, 0) -> 0 | G11: =B11-F11 -> 0 | H11: =IFERROR(G11/F11, 0) -> 0
A12: Aug | D12: =B12-C12 -> 0 | E12: =IFERROR(D12/C12, 0) -> 0 | G12: =B12-F12 -> 0 | H12: =IFERROR(G12/F12, 0) -> 0
A13: Sep | D13: =B13-C13 -> 0 | E13: =IFERROR(D13/C13, 0) -> 0 | G13: =B13-F13 -> 0 | H13: =IFERROR(G13/F13, 0) -> 0
A14: Oct | D14: =B14-C14 -> 0 | E14: =IFERROR(D14/C14, 0) -> 0 | G14: =B14-F14 -> 0 | H14: =IFERROR(G14/F14, 0) -> 0
A15: Nov | D15: =B15-C15 -> 0 | E15: =IFERROR(D15/C15, 0) -> 0 | G15: =B15-F15 -> 0 | H15: =IFERROR(G15/F15, 0) -> 0
A16: Dec | D16: =B16-C16 -> 0 | E16: =IFERROR(D16/C16, 0) -> 0 | G16: =B16-F16 -> 0 | H16: =IFERROR(G16/F16, 0) -> 0
A17: Totals | B17: =SUM(B5:B16) -> 4435 | C17: =SUM(C5:C16) -> 17416 | D17: =B17-C17 -> -12981 | E17: =IFERROR(D17/C17, 0) -> -0.7453491 | F17: =SUM(F5:F16) -> 0 | G17: =B17-F17 -> 4435 | H17: =IFERROR(G17/F17, 0) -> 0

Sheet Shorewood - Cronin
A1: Shorewood - Cronin
A3: Actual vs. Expected | F3: Actual vs. Forecasted | I3: Notes
A4: Month | B4: Actual | C4: Expected | D4: Delta Expected | E4: % Expected | F4: Forecasted | G4: Delta Forecasted | H4: % Forecasted | I4: Notes | J4: Service Request
A5: Jan | B5: 4681 | C5: 18468 | D5: =B5-C5 -> -13787 | E5: =IFERROR(D5/C5, 0) -> -0.74653455 | F5: 0 | G5: =B5-F5 -> 4681 | H5: =IFERROR(G5/F5, 0) -> 0
A6: Feb | D6: =B6-C6 -> 0 | E6: =IFERROR(D6/C6, 0) -> 0 | G6: =B6-F6 -> 0 | H6: =IFERROR(G6/F6, 0) -> 0
A7: Mar | D7: =B7-C7 -> 0 | E7: =IFERROR(D7/C7, 0) -> 0 | G7: =B7-F7 -> 0 | H7: =IFERROR(G7/F7, 0) -> 0
A8: Apr | D8: =B8-C8 -> 0 | E8: =IFERROR(D8/C8, 0) -> 0 | G8: =B8-F8 -> 0 | H8: =IFERROR(G8/F8, 0) -> 0
A9: May | D9: =B9-C9 -> 0 | E9: =IFERROR(D9/C9, 0) -> 0 | G9: =B9-F9 -> 0 | H9: =IFERROR(G9/F9, 0) -> 0
A10: Jun | D10: =B10-C10 -> 0 | E10: =IFERROR(D10/C10, 0) -> 0 | G10: =B10-F10 -> 0 | H10: =IFERROR(G10/F10, 0) -> 0
A11: Jul | D11: =B11-C11 -> 0 | E11: =IFERROR(D11/C11, 0) -> 0 | G11: =B11-F11 -> 0 | H11: =IFERROR(G11/F11, 0) -> 0
A12: Aug | D12: =B12-C12 -> 0 | E12: =IFERROR(D12/C12, 0) -> 0 | G12: =B12-F12 -> 0 | H12: =IFERROR(G12/F12, 0) -> 0
A13: Sep | D13: =B13-C13 -> 0 | E13: =IFERROR(D13/C13, 0) -> 0 | G13: =B13-F13 -> 0 | H13: =IFERROR(G13/F13, 0) -> 0
A14: Oct | D14: =B14-C14 -> 0 | E14: =IFERROR(D14/C14, 0) -> 0 | G14: =B14-F14 -> 0 | H14: =IFERROR(G14/F14, 0) -> 0
A15: Nov | D15: =B15-C15 -> 0 | E15: =IFERROR(D15/C15, 0) -> 0 | G15: =B15-F15 -> 0 | H15: =IFERROR(G15/F15, 0) -> 0
A16: Dec | D16: =B16-C16 -> 0 | E16: =IFERROR(D16/C16, 0) -> 0 | G16: =B16-F16 -> 0 | H16: =IFERROR(G16/F16, 0) -> 0
A17: Totals | B17: =SUM(B5:B16) -> 4681 | C17: =SUM(C5:C16) -> 18468 | D17: =B17-C17 -> -13787 | E17: =IFERROR(D17/C17, 0) -> -0.74653455 | F17: =SUM(F5:F16) -> 0 | G17: =B17-F17 -> 4681 | H17: =IFERROR(G17/F17, 0) -> 0

Sheet Shorewood - Hofer
A1: Shorewood - Hofer
A3: Actual vs. Expected | F3: Actual vs. Forecasted | I3: Notes
A4: Month | B4: Actual | C4: Expected | D4: Delta Expected | E4: % Expected | F4: Forecasted | G4: Delta Forecasted | H4: % Forecasted | I4: Notes | J4: Service Request
A5: Jan | B5: 3997 | C5: 18360 | D5: =B5-C5 -> -14363 | E5: =IFERROR(D5/C5, 0) -> -0.78229847 | F5: 0 | G5: =B5-F5 -> 3997 | H5: =IFERROR(G5/F5, 0) -> 0
A6: Feb | D6: =B6-C6 -> 0 | E6: =IFERROR(D6/C6, 0) -> 0 | G6: =B6-F6 -> 0 | H6: =IFERROR(G6/F6, 0) -> 0
A7: Mar | D7: =B7-C7 -> 0 | E7: =IFERROR(D7/C7, 0) -> 0 | G7: =B7-F7 -> 0 | H7: =IFERROR(G7/F7, 0) -> 0
A8: Apr | D8: =B8-C8 -> 0 | E8: =IFERROR(D8/C8, 0) -> 0 | G8: =B8-F8 -> 0 | H8: =IFERROR(G8/F8, 0) -> 0
A9: May | D9: =B9-C9 -> 0 | E9: =IFERROR(D9/C9, 0) -> 0 | G9: =B9-F9 -> 0 | H9: =IFERROR(G9/F9, 0) -> 0
A10: Jun | D10: =B10-C10 -> 0 | E10: =IFERROR(D10/C10, 0) -> 0 | G10: =B10-F10 -> 0 | H10: =IFERROR(G10/F10, 0) -> 0
A11: Jul | D11: =B11-C11 -> 0 | E11: =IFERROR(D11/C11, 0) -> 0 | G11: =B11-F11 -> 0 | H11: =IFERROR(G11/F11, 0) -> 0
A12: Aug | D12: =B12-C12 -> 0 | E12: =IFERROR(D12/C12, 0) -> 0 | G12: =B12-F12 -> 0 | H12: =IFERROR(G12/F12, 0) -> 0
A13: Sep | D13: =B13-C13 -> 0 | E13: =IFERROR(D13/C13, 0) -> 0 | G13: =B13-F13 -> 0 | H13: =IFERROR(G13/F13, 0) -> 0
A14: Oct | D14: =B14-C14 -> 0 | E14: =IFERROR(D14/C14, 0) -> 0 | G14: =B14-F14 -> 0 | H14: =IFERROR(G14/F14, 0) -> 0
A15: Nov | D15: =B15-C15 -> 0 | E15: =IFERROR(D15/C15, 0) -> 0 | G15: =B15-F15 -> 0 | H15: =IFERROR(G15/F15, 0) -> 0
A16: Dec | D16: =B16-C16 -> 0 | E16: =IFERROR(D16/C16, 0) -> 0 | G16: =B16-F16 -> 0 | H16: =IFERROR(G16/F16, 0) -> 0
A17: Totals | B17: =SUM(B5:B16) -> 3997 | C17: =SUM(C5:C16) -> 18360 | D17: =B17-C17 -> -14363 | E17: =IFERROR(D17/C17, 0) -> -0.78229847 | F17: =SUM(F5:F16) -> 0 | G17: =B17-F17 -> 3997 | H17: =IFERROR(G17/F17, 0) -> 0
