Workbook
Name JanActual: '01-2024'!$C$3:$C$64
Name JanActual2: '01-2024'!$H$3:$H$64
Name JanExpected: '01-2024'!$D$3:$D$64
Name JanExpectedDelta: '01-2024'!$E$3:$E$64
Name JanExpectedPercent: '01-2024'!$F$3:$F$64
Name JanExpPercent: '01-2024'!$F$3:$F$64
Name JanForecasted: '01-2024'!$I$3:$I$64
Name JanForecastedDelta: '01-2024'!$J$3:$J$64
Name JanForecastedPercent: '01-2024'!$K$3:$K$64

Sheet YTD Total 2024
A1: WELLS FARGO | B1: YTD Total 2024 Actual v. Expected | G1: YTD Total 2024 Actual v. Forecasted
A2: State | B2: Actual | C2: Expected | D2: Delta | E2: % | G2: Actual | H2: Forecasted | I2: Delta | J2: %
A3: {=_xlfn.UNIQUE(Sites[State])} -> CA | B3: ='1st Quarter 2024'!B3+'2nd Quarter 2024'!B3+'3rd Quarter 2024'!B3+'4th Quarter 2024'!B3 -> 20561.362 | C3: ='1st Quarter 2024'!C3+'2nd Quarter 2024'!C3+'3rd Quarter 2024'!C3+'4th Quarter 2024'!C3 -> 25565.67 | D3: =B3-C3 -> -5004.3081 | E3: =IFERROR(D3/C3, "-") -> -0.19574328 | G3: ='1st Quarter 2024'!G3+'2nd Quarter 2024'!G3+'3rd Quarter 2024'!G3+'4th Quarter 2024'!G3 -> 20561.362 | H3: ='1st Quarter 2024'!H3+'2nd Quarter 2024'!H3+'3rd Quarter 2024'!H3+'4th Quarter 2024'!H3 -> 24910.173 | I3: =G3-H3 -> -4348.8111 | J3: =IFERROR(I3/H3, "-") -> -0.17457972 | L3: Gold highlighted cells for Actual Production vs Expected and Forecasted values varying positive 10% or more.
A4: CO | B4: ='1st Quarter 2024'!B4+'2nd Quarter 2024'!B4+'3rd Quarter 2024'!B4+'4th Quarter 2024'!B4 -> 14268.598 | C4: ='1st Quarter 2024'!C4+'2nd Quarter 2024'!C4+'3rd Quarter 2024'!C4+'4th Quarter 2024'!C4 -> 0 | D4: =B4-C4 -> 14268.598 | E4: =IFERROR(D4/C4, "-") -> - | G4: ='1st Quarter 2024'!G4+'2nd Quarter 2024'!G4+'3rd Quarter 2024'!G4+'4th Quarter 2024'!G4 -> 14268.598 | H4: ='1st Quarter 2024'!H4+'2nd Quarter 2024'!H4+'3rd Quarter 2024'!H4+'4th Quarter 2024'!H4 -> 15280.869 | I4: =G4-H4 -> -1012.2706 | J4: =IFERROR(I4/H4, "-") -> -0.066244311 | L4: Red highlighted cells for Actual Production vs Expected and Forecasted values varying negative 10% or more.
A5: CT | B5: ='1st Quarter 2024'!B5+'2nd Quarter 2024'!B5+'3rd Quarter 2024'!B5+'4th Quarter 2024'!B5 -> 237.44058 | C5: ='1st Quarter 2024'!C5+'2nd Quarter 2024'!C5+'3rd Quarter 2024'!C5+'4th Quarter 2024'!C5 -> 664.2131 | D5: =B5-C5 -> -426.77252 | E5: =IFERROR(D5/C5, "-") -> -0.64252349 | G5: ='1st Quarter 2024'!G5+'2nd Quarter 2024'!G5+'3rd Quarter 2024'!G5+'4th Quarter 2024'!G5 -> 237.44058 | H5: ='1st Quarter 2024'!H5+'2nd Quarter 2024'!H5+'3rd Quarter 2024'!H5+'4th Quarter 2024'!H5 -> 650.032 | I5: =G5-H5 -> -412.59142 | J5: =IFERROR(I5/H5, "-") -> -0.63472479
A6: FL | B6: ='1st Quarter 2024'!B6+'2nd Quarter 2024'!B6+'3rd Quarter 2024'!B6+'4th Quarter 2024'!B6 -> 1428.4985 | C6: ='1st Quarter 2024'!C6+'2nd Quarter 2024'!C6+'3rd Quarter 2024'!C6+'4th Quarter 2024'!C6 -> 2582.073 | D6: =B6-C6 -> -1153.5745 | E6: =IFERROR(D6/C6, "-") -> -0.44676292 | G6: ='1st Quarter 2024'!G6+'2nd Quarter 2024'!G6+'3rd Quarter 2024'!G6+'4th Quarter 2024'!G6 -> 1428.4985 | H6: ='1st Quarter 2024'!H6+'2nd Quarter 2024'!H6+'3rd Quarter 2024'!H6+'4th Quarter 2024'!H6 -> 3451.661 | I6: =G6-H6 -> -2023.1625 | J6: =IFERROR(I6/H6, "-") -> -0.58614171
A7: IA | B7: ='1st Quarter 2024'!B7+'2nd Quarter 2024'!B7+'3rd Quarter 2024'!B7+'4th Quarter 2024'!B7 -> 99895.938 | C7: ='1st Quarter 2024'!C7+'2nd Quarter 2024'!C7+'3rd Quarter 2024'!C7+'4th Quarter 2024'!C7 -> 29613.754 | D7: =B7-C7 -> 70282.183 | E7: =IFERROR(D7/C7, "-") -> 2.3732953 | G7: ='1st Quarter 2024'!G7+'2nd Quarter 2024'!G7+'3rd Quarter 2024'!G7+'4th Quarter 2024'!G7 -> 99895.938 | H7: ='1st Quarter 2024'!H7+'2nd Quarter 2024'!H7+'3rd Quarter 2024'!H7+'4th Quarter 2024'!H7 -> 185906.71 | I7: =G7-H7 -> -86010.769 | J7: =IFERROR(I7/H7, "-") -> -0.46265555
A8: NC | B8: ='1st Quarter 2024'!B8+'2nd Quarter 2024'!B8+'3rd Quarter 2024'!B8+'4th Quarter 2024'!B8 -> 0 | C8: ='1st Quarter 2024'!C8+'2nd Quarter 2024'!C8+'3rd Quarter 2024'!C8+'4th Quarter 2024'!C8 -> 0 | D8: =B8-C8 -> 0 | E8: =IFERROR(D8/C8, "-") -> - | G8: ='1st Quarter 2024'!G8+'2nd Quarter 2024'!G8+'3rd Quarter 2024'!G8+'4th Quarter 2024'!G8 -> 0 | H8: ='1st Quarter 2024'!H8+'2nd Quarter 2024'!H8+'3rd Quarter 2024'!H8+'4th Quarter 2024'!H8 -> 0 | I8: =G8-H8 -> 0 | J8: =IFERROR(I8/H8, "-") -> -
A9: NJ | B9: ='1st Quarter 2024'!B9+'2nd Quarter 2024'!B9+'3rd Quarter 2024'!B9+'4th Quarter 2024'!B9 -> 22784.798 | C9: ='1st Quarter 2024'!C9+'2nd Quarter 2024'!C9+'3rd Quarter 2024'!C9+'4th Quarter 2024'!C9 -> 29041.817 | D9: =B9-C9 -> -6257.0181 | E9: =IFERROR(D9/C9, "-") -> -0.21544858 | G9: ='1st Quarter 2024'!G9+'2nd Quarter 2024'!G9+'3rd Quarter 2024'!G9+'4th Quarter 2024'!G9 -> 22784.798 | H9: ='1st Quarter 2024'!H9+'2nd Quarter 2024'!H9+'3rd Quarter 2024'!H9+'4th Quarter 2024'!H9 -> 40758.549 | I9: =G9-H9 -> -17973.751 | J9: =IFERROR(I9/H9, "-") -> -0.44098112
A10: TX | B10: ='1st Quarter 2024'!B10+'2nd Quarter 2024'!B10+'3rd Quarter 2024'!B10+'4th Quarter 2024'!B10 -> 275701.25 | C10: ='1st Quarter 2024'!C10+'2nd Quarter 2024'!C10+'3rd Quarter 2024'!C10+'4th Quarter 2024'!C10 -> 318383.4 | D10: =B10-C10 -> -42682.15 | E10: =IFERROR(D10/C10, "-") -> -0.13405897 | G10: ='1st Quarter 2024'!G10+'2nd Quarter 2024'!G10+'3rd Quarter 2024'!G10+'4th Quarter 2024'!G10 -> 275701.25 | H10: ='1st Quarter 2024'!H10+'2nd Quarter 2024'!H10+'3rd Quarter 2024'!H10+'4th Quarter 2024'!H10 -> 427842.06 | I10: =G10-H10 -> -152140.81 | J10: =IFERROR(I10/H10, "-") -> -0.3556004
A11: Total | B11: ='1st Quarter 2024'!B11+'2nd Quarter 2024'!B11+'3rd Quarter 2024'!B10+'4th Quarter 2024'!B10 -> 434877.89 | C11: ='1st Quarter 2024'!C11+'2nd Quarter 2024'!C11+'3rd Quarter 2024'!C10+'4th Quarter 2024'!C10 -> 405850.93 | D11: =B11-C11 -> 29026.959 | E11: =IFERROR(D11/C11, "-") -> 0.071521233 | G11: ='1st Quarter 2024'!G11+'2nd Quarter 2024'!G11+'3rd Quarter 2024'!G10+'4th Quarter 2024'!G10 -> 434877.89 | H11: ='1st Quarter 2024'!H11+'2nd Quarter 2024'!H11+'3rd Quarter 2024'!H10+'4th Quarter 2024'!H10 -> 698800.05 | I11: =G11-H11 -> -263922.16 | J11: =IFERROR(I11/H11, "-") -> -0.37767909

Sheet 1st Quarter 2024
A1: WELLS FARGO | B1: 1st Quarter 2024 Actual v. Expected | G1: 1st Quarter 2024 Actual v. Forecasted
A2: State | B2: Actual | C2: Expected | D2: Delta | E2: % | G2: Actual | H2: Forecasted | I2: Delta | J2: %
A3: {=_xlfn.UNIQUE(Sites[State])} -> CA | B3: {=SUM(_xlfn._xlws.FILTER('01-2024'!C$3:$C$64,'01-2024'!$B$3:$B$64=$A3), _xlfn._xlws.FILTER('02-2024'!C$3:$C$64,'02-2024'!$B$3:$B$64=$A3), _xlfn._xlws.FILTER('03-2024'!C$3:$C$64,'03-2024'!$B$3:$B$64=$A3))} -> 20561.362 | C3: {=SUM(_xlfn._xlws.FILTER('01-2024'!D$3:$D$64,'01-2024'!$B$3:$B$64=$A3), _xlfn._xlws.FILTER('02-2024'!D$3:$D$64,'02-2024'!$B$3:$B$64=$A3), _xlfn._xlws.FILTER('03-2024'!D$3:$D$64,'03-2024'!$B$3:$B$64=$A3))} -> 25565.67 | D3: =B3-C3 -> -5004.3081 | E3: =IFERROR(D3/C3, "-") -> -0.19574328 | G3: =B3 -> 20561.362 | H3: {=SUM(_xlfn._xlws.FILTER('01-2024'!$I$3:$I$64,'01-2024'!$B$3:$B$64=$A3), _xlfn._xlws.FILTER('02-2024'!$I$3:$I$64,'02-2024'!$B$3:$B$64=$A3), _xlfn._xlws.FILTER('03-2024'!I$3:$I$64,'03-2024'!$B$3:$B$64=$A3))} -> 24910.173 | I3: =G3-H3 -> -4348.8111 | J3: =IFERROR(I3/H3, "-") -> -0.17457972 | L3: Gold highlighted cells for Actual Production vs Expected and Forecasted values varying positive 10% or more.
A4: CO | B4: {=SUM(_xlfn._xlws.FILTER('01-2024'!C$3:$C$64,'01-2024'!$B$3:$B$64=$A4), _xlfn._xlws.FILTER('02-2024'!C$3:$C$64,'02-2024'!$B$3:$B$64=$A4), _xlfn._xlws.FILTER('03-2024'!C$3:$C$64,'03-2024'!$B$3:$B$64=$A4))} -> 14268.598 | C4: {=SUM(_xlfn._xlws.FILTER('01-2024'!D$3:$D$64,'01-2024'!$B$3:$B$64=$A4), _xlfn._xlws.FILTER('02-2024'!D$3:$D$64,'02-2024'!$B$3:$B$64=$A4), _xlfn._xlws.FILTER('03-2024'!D$3:$D$64,'03-2024'!$B$3:$B$64=$A4))} -> 0 | D4: =B4-C4 -> 14268.598 | E4: =IFERROR(D4/C4, "-") -> - | G4: =B4 -> 14268.598 | H4: {=SUM(_xlfn._xlws.FILTER('01-2024'!$I$3:$I$64,'01-2024'!$B$3:$B$64=$A4), _xlfn._xlws.FILTER('02-2024'!$I$3:$I$64,'02-2024'!$B$3:$B$64=$A4), _xlfn._xlws.FILTER('03-2024'!I$3:$I$64,'03-2024'!$B$3:$B$64=$A4))} -> 15280.869 | I4: =G4-H4 -> -1012.2706 | J4: =IFERROR(I4/H4, "-") -> -0.066244311 | L4: Red highlighted cells for Actual Production vs Expected and Forecasted values varying negative 10% or more.
A5: CT | B5: {=SUM(_xlfn._xlws.FILTER('01-2024'!C$3:$C$64,'01-2024'!$B$3:$B$64=$A5), _xlfn._xlws.FILTER('02-2024'!C$3:$C$64,'02-2024'!$B$3:$B$64=$A5), _xlfn._xlws.FILTER('03-2024'!C$3:$C$64,'03-2024'!$B$3:$B$64=$A5))} -> 237.44058 | C5: {=SUM(_xlfn._xlws.FILTER('01-2024'!D$3:$D$64,'01-2024'!$B$3:$B$64=$A5), _xlfn._xlws.FILTER('02-2024'!D$3:$D$64,'02-2024'!$B$3:$B$64=$A5), _xlfn._xlws.FILTER('03-2024'!D$3:$D$64,'03-2024'!$B$3:$B$64=$A5))} -> 664.2131 | D5: =B5-C5 -> -426.77252 | E5: =IFERROR(D5/C5, "-") -> -0.64252349 | G5: =B5 -> 237.44058 | H5: {=SUM(_xlfn._xlws.FILTER('01-2024'!$I$3:$I$64,'01-2024'!$B$3:$B$64=$A5), _xlfn._xlws.FILTER('02-2024'!$I$3:$I$64,'02-2024'!$B$3:$B$64=$A5), _xlfn._xlws.FILTER('03-2024'!I$3:$I$64,'03-2024'!$B$3:$B$64=$A5))} -> 650.032 | I5: =G5-H5 -> -412.59142 | J5: =IFERROR(I5/H5, "-") -> -0.63472479
A6: FL | B6: {=SUM(_xlfn._xlws.FILTER('01-2024'!C$3:$C$64,'01-2024'!$B$3:$B$64=$A6), _xlfn._xlws.FILTER('02-2024'!C$3:$C$64,'02-2024'!$B$3:$B$64=$A6), _xlfn._xlws.FILTER('03-2024'!C$3:$C$64,'03-2024'!$B$3:$B$64=$A6))} -> 1428.4985 | C6: {=SUM(_xlfn._xlws.FILTER('01-2024'!D$3:$D$64,'01-2024'!$B$3:$B$64=$A6), _xlfn._xlws.FILTER('02-2024'!D$3:$D$64,'02-2024'!$B$3:$B$64=$A6), _xlfn._xlws.FILTER('03-2024'!D$3:$D$64,'03-2024'!$B$3:$B$64=$A6))} -> 2582.073 | D6: =B6-C6 -> -1153.5745 | E6: =IFERROR(D6/C6, "-") -> -0.44676292 | G6: =B6 -> 1428.4985 | H6: {=SUM(_xlfn._xlws.FILTER('01-2024'!$I$3:$I$64,'01-2024'!$B$3:$B$64=$A6), _xlfn._xlws.FILTER('02-2024'!$I$3:$I$64,'02-2024'!$B$3:$B$64=$A6), _xlfn._xlws.FILTER('03-2024'!I$3:$I$64,'03-2024'!$B$3:$B$64=$A6))} -> 3451.661 | I6: =G6-H6 -> -2023.1625 | J6: =IFERROR(I6/H6, "-") -> -0.58614171
A7: IA | B7: {=SUM(_xlfn._xlws.FILTER('01-2024'!C$3:$C$64,'01-2024'!$B$3:$B$64=$A7), _xlfn._xlws.FILTER('02-2024'!C$3:$C$64,'02-2024'!$B$3:$B$64=$A7), _xlfn._xlws.FILTER('03-2024'!C$3:$C$64,'03-2024'!$B$3:$B$64=$A7))} -> 99895.938 | C7: {=SUM(_xlfn._xlws.FILTER('01-2024'!D$3:$D$64,'01-2024'!$B$3:$B$64=$A7), _xlfn._xlws.FILTER('02-2024'!D$3:$D$64,'02-2024'!$B$3:$B$64=$A7), _xlfn._xlws.FILTER('03-2024'!D$3:$D$64,'03-2024'!$B$3:$B$64=$A7))} -> 29613.754 | D7: =B7-C7 -> 70282.183 | E7: =IFERROR(D7/C7, "-") -> 2.3732953 | G7: =B7 -> 99895.938 | H7: {=SUM(_xlfn._xlws.FILTER('01-2024'!$I$3:$I$64,'01-2024'!$B$3:$B$64=$A7), _xlfn._xlws.FILTER('02-2024'!$I$3:$I$64,'02-2024'!$B$3:$B$64=$A7), _xlfn._xlws.FILTER('03-2024'!I$3:$I$64,'03-2024'!$B$3:$B$64=$A7))} -> 185906.71 | I7: =G7-H7 -> -86010.769 | J7: =IFERROR(I7/H7, "-") -> -0.46265555
A8: NC | B8: {=SUM(_xlfn._xlws.FILTER('01-2024'!C$3:$C$64,'01-2024'!$B$3:$B$64=$A8), _xlfn._xlws.FILTER('02-2024'!C$3:$C$64,'02-2024'!$B$3:$B$64=$A8), _xlfn._xlws.FILTER('03-2024'!C$3:$C$64,'03-2024'!$B$3:$B$64=$A8))} -> 0 | C8: {=SUM(_xlfn._xlws.FILTER('01-2024'!D$3:$D$64,'01-2024'!$B$3:$B$64=$A8), _xlfn._xlws.FILTER('02-2024'!D$3:$D$64,'02-2024'!$B$3:$B$64=$A8), _xlfn._xlws.FILTER('03-2024'!D$3:$D$64,'03-2024'!$B$3:$B$64=$A8))} -> 0 | D8: =B8-C8 -> 0 | E8: =IFERROR(D8/C8, "-") -> - | G8: =B8 -> 0 | H8: {=SUM(_xlfn._xlws.FILTER('01-2024'!$I$3:$I$64,'01-2024'!$B$3:$B$64=$A8), _xlfn._xlws.FILTER('02-2024'!$I$3:$I$64,'02-2024'!$B$3:$B$64=$A8), _xlfn._xlws.FILTER('03-2024'!I$3:$I$64,'03-2024'!$B$3:$B$64=$A8))} -> 0 | I8: =G8-H8 -> 0 | J8: =IFERROR(I8/H8, "-") -> -
A9: NJ | B9: {=SUM(_xlfn._xlws.FILTER('01-2024'!C$3:$C$64,'01-2024'!$B$3:$B$64=$A9), _xlfn._xlws.FILTER('02-2024'!C$3:$C$64,'02-2024'!$B$3:$B$64=$A9), _xlfn._xlws.FILTER('03-2024'!C$3:$C$64,'03-2024'!$B$3:$B$64=$A9))} -> 22784.798 | C9: {=SUM(_xlfn._xlws.FILTER('01-2024'!D$3:$D$64,'01-2024'!$B$3:$B$64=$A9), _xlfn._xlws.FILTER('02-2024'!D$3:$D$64,'02-2024'!$B$3:$B$64=$A9), _xlfn._xlws.FILTER('03-2024'!D$3:$D$64,'03-2024'!$B$3:$B$64=$A9))} -> 29041.817 | D9: =B9-C9 -> -6257.0181 | E9: =IFERROR(D9/C9, "-") -> -0.21544858 | G9: =B9 -> 22784.798 | H9: {=SUM(_xlfn._xlws.FILTER('01-2024'!$I$3:$I$64,'01-2024'!$B$3:$B$64=$A9), _xlfn._xlws.FILTER('02-2024'!$I$3:$I$64,'02-2024'!$B$3:$B$64=$A9), _xlfn._xlws.FILTER('03-2024'!I$3:$I$64,'03-2024'!$B$3:$B$64=$A9))} -> 40758.549 | I9: =G9-H9 -> -17973.751 | J9: =IFERROR(I9/H9, "-") -> -0.44098112
A10: TX | B10: {=SUM(_xlfn._xlws.FILTER('01-2024'!C$3:$C$64,'01-2024'!$B$3:$B$64=$A10), _xlfn._xlws.FILTER('02-2024'!C$3:$C$64,'02-2024'!$B$3:$B$64=$A10), _xlfn._xlws.FILTER('03-2024'!C$3:$C$64,'03-2024'!$B$3:$B$64=$A10))} -> 275701.25 | C10: {=SUM(_xlfn._xlws.FILTER('01-2024'!D$3:$D$64,'01-2024'!$B$3:$B$64=$A10), _xlfn._xlws.FILTER('02-2024'!D$3:$D$64,'02-2024'!$B$3:$B$64=$A10), _xlfn._xlws.FILTER('03-2024'!D$3:$D$64,'03-2024'!$B$3:$B$64=$A10))} -> 318383.4 | D10: =B10-C10 -> -42682.15 | E10: =IFERROR(D10/C10, "-") -> -0.13405897 | G10: =B10 -> 275701.25 | H10: {=SUM(_xlfn._xlws.FILTER('01-2024'!$I$3:$I$64,'01-2024'!$B$3:$B$64=$A10), _xlfn._xlws.FILTER('02-2024'!$I$3:$I$64,'02-2024'!$B$3:$B$64=$A10), _xlfn._xlws.FILTER('03-2024'!I$3:$I$64,'03-2024'!$B$3:$B$64=$A10))} -> 427842.06 | I10: =G10-H10 -> -152140.81 | J10: =IFERROR(I10/H10, "-") -> -0.3556004
A11: Total | B11: =SUM(B3:B10) -> 434877.89 | C11: =SUM(C3:C10) -> 405850.93 | D11: =B11-C11 -> 29026.959 | E11: =IFERROR(D11/C11, "-") -> 0.071521233 | G11: =SUM(G3:G10) -> 434877.89 | H11: =SUM(H3:H10) -> 698800.05 | I11: =G11-H11 -> -263922.16 | J11: =IFERROR(I11/H11, "-") -> -0.37767909

Sheet 2nd Quarter 2024
A1: WELLS FARGO | B1: 2nd Quarter 2024 Actual v. Expected | G1: 2nd Quarter 2024 Actual v. Forecasted
A2: State | B2: Actual | C2: Expected | D2: Delta | E2: % | G2: Actual | H2: Forecasted | I2: Delta | J2: %
A3: {=_xlfn.UNIQUE(Sites[State])} -> CA | B3: {=SUM(_xlfn._xlws.FILTER('04-2024'!$C$3:$C$64,'04-2024'!$B$3:$B$64=$A3), _xlfn._xlws.FILTER('05-2024'!$C$3:$C$64,'05-2024'!$B$3:$B$64=$A3), _xlfn._xlws.FILTER('06-2024'!$C$3:$C$64,'06-2024'!$B$3:$B$64=$A3))} -> 0 | C3: {=SUM(_xlfn._xlws.FILTER('04-2024'!$D$3:$D$64,'04-2024'!$B$3:$B$64=$A3), _xlfn._xlws.FILTER('05-2024'!$D$3:$D$64,'05-2024'!$B$3:$B$64=$A3), _xlfn._xlws.FILTER('06-2024'!$D$3:$D$64,'06-2024'!$B$3:$B$64=$A3))} -> 0 | D3: =B3-C3 -> 0 | E3: =IFERROR(D3/C3, "-") -> - | G3: =B3 -> 0 | H3: {=SUM(_xlfn._xlws.FILTER('04-2024'!$I$3:$I$64,'04-2024'!$B$3:$B$64=$A3), _xlfn._xlws.FILTER('05-2024'!I$3:$I$64,'05-2024'!$B$3:$B$64=$A3), _xlfn._xlws.FILTER('06-2024'!$I$3:$I$64,'06-2024'!$B$3:$B$64=$A3))} -> 0 | I3: =G3-H3 -> 0 | J3: =IFERROR(I3/H3, "-") -> - | L3: Gold highlighted cells for Actual Production vs Expected and Forecasted values varying positive 10% or more.
A4: CO | B4: {=SUM(_xlfn._xlws.FILTER('04-2024'!$C$3:$C$64,'04-2024'!$B$3:$B$64=$A4), _xlfn._xlws.FILTER('05-2024'!$C$3:$C$64,'05-2024'!$B$3:$B$64=$A4), _xlfn._xlws.FILTER('06-2024'!$C$3:$C$64,'06-2024'!$B$3:$B$64=$A4))} -> 0 | C4: {=SUM(_xlfn._xlws.FILTER('04-2024'!$D$3:$D$64,'04-2024'!$B$3:$B$64=$A4), _xlfn._xlws.FILTER('05-2024'!$D$3:$D$64,'05-2024'!$B$3:$B$64=$A4), _xlfn._xlws.FILTER('06-2024'!$D$3:$D$64,'06-2024'!$B$3:$B$64=$A4))} -> 0 | D4: =B4-C4 -> 0 | E4: =IFERROR(D4/C4, "-") -> - | G4: =B4 -> 0 | H4: {=SUM(_xlfn._xlws.FILTER('04-2024'!$I$3:$I$64,'04-2024'!$B$3:$B$64=$A4), _xlfn._xlws.FILTER('05-2024'!I$3:$I$64,'05-2024'!$B$3:$B$64=$A4), _xlfn._xlws.FILTER('06-2024'!$I$3:$I$64,'06-2024'!$B$3:$B$64=$A4))} -> 0 | I4: =G4-H4 -> 0 | J4: =IFERROR(I4/H4, "-") -> - | L4: Red highlighted cells for Actual Production vs Expected and Forecasted values varying negative 10% or more.
A5: CT | B5: {=SUM(_xlfn._xlws.FILTER('04-2024'!$C$3:$C$64,'04-2024'!$B$3:$B$64=$A5), _xlfn._xlws.FILTER('05-2024'!$C$3:$C$64,'05-2024'!$B$3:$B$64=$A5), _xlfn._xlws.FILTER('06-2024'!$C$3:$C$64,'06-2024'!$B$3:$B$64=$A5))} -> 0 | C5: {=SUM(_xlfn._xlws.FILTER('04-2024'!$D$3:$D$64,'04-2024'!$B$3:$B$64=$A5), _xlfn._xlws.FILTER('05-2024'!$D$3:$D$64,'05-2024'!$B$3:$B$64=$A5), _xlfn._xlws.FILTER('06-2024'!$D$3:$D$64,'06-2024'!$B$3:$B$64=$A5))} -> 0 | D5: =B5-C5 -> 0 | E5: =IFERROR(D5/C5, "-") -> - | G5: =B5 -> 0 | H5: {=SUM(_xlfn._xlws.FILTER('04-2024'!$I$3:$I$64,'04-2024'!$B$3:$B$64=$A5), _xlfn._xlws.FILTER('05-2024'!I$3:$I$64,'05-2024'!$B$3:$B$64=$A5), _xlfn._xlws.FILTER('06-2024'!$I$3:$I$64,'06-2024'!$B$3:$B$64=$A5))} -> 0 | I5: =G5-H5 -> 0 | J5: =IFERROR(I5/H5, "-") -> -
A6: FL | B6: {=SUM(_xlfn._xlws.FILTER('04-2024'!$C$3:$C$64,'04-2024'!$B$3:$B$64=$A6), _xlfn._xlws.FILTER('05-2024'!$C$3:$C$64,'05-2024'!$B$3:$B$64=$A6), _xlfn._xlws.FILTER('06-2024'!$C$3:$C$64,'06-2024'!$B$3:$B$64=$A6))} -> 0 | C6: {=SUM(_xlfn._xlws.FILTER('04-2024'!$D$3:$D$64,'04-2024'!$B$3:$B$64=$A6), _xlfn._xlws.FILTER('05-2024'!$D$3:$D$64,'05-2024'!$B$3:$B$64=$A6), _xlfn._xlws.FILTER('06-2024'!$D$3:$D$64,'06-2024'!$B$3:$B$64=$A6))} -> 0 | D6: =B6-C6 -> 0 | E6: =IFERROR(D6/C6, "-") -> - | G6: =B6 -> 0 | H6: {=SUM(_xlfn._xlws.FILTER('04-2024'!$I$3:$I$64,'04-2024'!$B$3:$B$64=$A6), _xlfn._xlws.FILTER('05-2024'!I$3:$I$64,'05-2024'!$B$3:$B$64=$A6), _xlfn._xlws.FILTER('06-2024'!$I$3:$I$64,'06-2024'!$B$3:$B$64=$A6))} -> 0 | I6: =G6-H6 -> 0 | J6: =IFERROR(I6/H6, "-") -> -
A7: IA | B7: {=SUM(_xlfn._xlws.FILTER('04-2024'!$C$3:$C$64,'04-2024'!$B$3:$B$64=$A7), _xlfn._xlws.FILTER('05-2024'!$C$3:$C$64,'05-2024'!$B$3:$B$64=$A7), _xlfn._xlws.FILTER('06-2024'!$C$3:$C$64,'06-2024'!$B$3:$B$64=$A7))} -> 0 | C7: {=SUM(_xlfn._xlws.FILTER('04-2024'!$D$3:$D$64,'04-2024'!$B$3:$B$64=$A7), _xlfn._xlws.FILTER('05-2024'!$D$3:$D$64,'05-2024'!$B$3:$B$64=$A7), _xlfn._xlws.FILTER('06-2024'!$D$3:$D$64,'06-2024'!$B$3:$B$64=$A7))} -> 0 | D7: =B7-C7 -> 0 | E7: =IFERROR(D7/C7, "-") -> - | G7: =B7 -> 0 | H7: {=SUM(_xlfn._xlws.FILTER('04-2024'!$I$3:$I$64,'04-2024'!$B$3:$B$64=$A7), _xlfn._xlws.FILTER('05-2024'!I$3:$I$64,'05-2024'!$B$3:$B$64=$A7), _xlfn._xlws.FILTER('06-2024'!$I$3:$I$64,'06-2024'!$B$3:$B$64=$A7))} -> 0 | I7: =G7-H7 -> 0 | J7: =IFERROR(I7/H7, "-") -> -
A8: NC | B8: {=SUM(_xlfn._xlws.FILTER('04-2024'!$C$3:$C$64,'04-2024'!$B$3:$B$64=$A8), _xlfn._xlws.FILTER('05-2024'!$C$3:$C$64,'05-2024'!$B$3:$B$64=$A8), _xlfn._xlws.FILTER('06-2024'!$C$3:$C$64,'06-2024'!$B$3:$B$64=$A8))} -> 0 | C8: {=SUM(_xlfn._xlws.FILTER('04-2024'!$D$3:$D$64,'04-2024'!$B$3:$B$64=$A8), _xlfn._xlws.FILTER('05-2024'!$D$3:$D$64,'05-2024'!$B$3:$B$64=$A8), _xlfn._xlws.FILTER('06-2024'!$D$3:$D$64,'06-2024'!$B$3:$B$64=$A8))} -> 0 | D8: =B8-C8 -> 0 | E8: =IFERROR(D8/C8, "-") -> - | G8: =B8 -> 0 | H8: {=SUM(_xlfn._xlws.FILTER('04-2024'!$I$3:$I$64,'04-2024'!$B$3:$B$64=$A8), _xlfn._xlws.FILTER('05-2024'!I$3:$I$64,'05-2024'!$B$3:$B$64=$A8), _xlfn._xlws.FILTER('06-2024'!$I$3:$I$64,'06-2024'!$B$3:$B$64=$A8))} -> 0 | I8: =G8-H8 -> 0 | J8: =IFERROR(I8/H8, "-") -> -
A9: NJ | B9: {=SUM(_xlfn._xlws.FILTER('04-2024'!$C$3:$C$64,'04-2024'!$B$3:$B$64=$A9), _xlfn._xlws.FILTER('05-2024'!$C$3:$C$64,'05-2024'!$B$3:$B$64=$A9), _xlfn._xlws.FILTER('06-2024'!$C$3:$C$64,'06-2024'!$B$3:$B$64=$A9))} -> 0 | C9: {=SUM(_xlfn._xlws.FILTER('04-2024'!$D$3:$D$64,'04-2024'!$B$3:$B$64=$A9), _xlfn._xlws.FILTER('05-2024'!$D$3:$D$64,'05-2024'!$B$3:$B$64=$A9), _xlfn._xlws.FILTER('06-2024'!$D$3:$D$64,'06-2024'!$B$3:$B$64=$A9))} -> 0 | D9: =B9-C9 -> 0 | E9: =IFERROR(D9/C9, "-") -> - | G9: =B9 -> 0 | H9: {=SUM(_xlfn._xlws.FILTER('04-2024'!$I$3:$I$64,'04-2024'!$B$3:$B$64=$A9), _xlfn._xlws.FILTER('05-2024'!I$3:$I$64,'05-2024'!$B$3:$B$64=$A9), _xlfn._xlws.FILTER('06-2024'!$I$3:$I$64,'06-2024'!$B$3:$B$64=$A9))} -> 0 | I9: =G9-H9 -> 0 | J9: =IFERROR(I9/H9, "-") -> -
A10: TX | B10: {=SUM(_xlfn._xlws.FILTER('04-2024'!$C$3:$C$64,'04-2024'!$B$3:$B$64=$A10), _xlfn._xlws.FILTER('05-2024'!$C$3:$C$64,'05-2024'!$B$3:$B$64=$A10), _xlfn._xlws.FILTER('06-2024'!$C$3:$C$64,'06-2024'!$B$3:$B$64=$A10))} -> 0 | C10: {=SUM(_xlfn._xlws.FILTER('04-2024'!$D$3:$D$64,'04-2024'!$B$3:$B$64=$A10), _xlfn._xlws.FILTER('05-2024'!$D$3:$D$64,'05-2024'!$B$3:$B$64=$A10), _xlfn._xlws.FILTER('06-2024'!$D$3:$D$64,'06-2024'!$B$3:$B$64=$A10))} -> 0 | D10: =B10-C10 -> 0 | E10: =IFERROR(D10/C10, "-") -> - | G10: =B10 -> 0 | H10: {=SUM(_xlfn._xlws.FILTER('04-2024'!$I$3:$I$64,'04-2024'!$B$3:$B$64=$A10), _xlfn._xlws.FILTER('05-2024'!I$3:$I$64,'05-2024'!$B$3:$B$64=$A10), _xlfn._xlws.FILTER('06-2024'!$I$3:$I$64,'06-2024'!$B$3:$B$64=$A10))} -> 0 | I10: =G10-H10 -> 0 | J10: =IFERROR(I10/H10, "-") -> -
A11: Total | B11: =SUM(B3:B10) -> 0 | C11: =SUM(C3:C10) -> 0 | D11: =B11-C11 -> 0 | E11: =IFERROR(D11/C11, "-") -> - | G11: =B11 -> 0 | H11: =SUM(H3:H10) -> 0 | I11: =G11-H11 -> 0 | J11: =IFERROR(I11/H11, "-") -> -

Sheet 3rd Quarter 2024
A1: WELLS FARGO | B1: 3rd Quarter 2024 Actual v. Expected | G1: 3rd Quarter 2024 Actual v. Forecasted
A2: State | B2: Actual | C2: Expected | D2: Delta | E2: % | G2: Actual | H2: Forecasted | I2: Delta | J2: %
A3: {=_xlfn.UNIQUE(Sites[State])} -> CA | B3: {=SUM(_xlfn._xlws.FILTER('07-2024'!$C$3:$C$64,'07-2024'!$B$3:$B$64=$A3), _xlfn._xlws.FILTER('08-2024'!$C$3:$C$64,'08-2024'!$B$3:$B$64=$A3), _xlfn._xlws.FILTER('09-2024'!$C$3:$C$64,'09-2024'!$B$3:$B$64=$A3))} -> 0 | C3: {=SUM(_xlfn._xlws.FILTER('07-2024'!$D$3:$D$64,'07-2024'!$B$3:$B$64=$A3), _xlfn._xlws.FILTER('08-2024'!$D$3:$D$64,'08-2024'!$B$3:$B$64=$A3), _xlfn._xlws.FILTER('09-2024'!$D$3:$D$64,'09-2024'!$B$3:$B$64=$A3))} -> 0 | D3: =B3-C3 -> 0 | E3: =IFERROR(D3/C3, "-") -> - | G3: =B3 -> 0 | H3: {=SUM(_xlfn._xlws.FILTER('07-2024'!$I$3:$I$64,'07-2024'!$B$3:$B$64=$A3), _xlfn._xlws.FILTER('08-2024'!I$3:$I$64,'08-2024'!$B$3:$B$64=$A3), _xlfn._xlws.FILTER('09-2024'!$I$3:$I$64,'09-2024'!$B$3:$B$64=$A3))} -> 0 | I3: =G3-H3 -> 0 | J3: =IFERROR(I3/H3, "-") -> - | L3: Gold highlighted cells for Actual Production vs Expected and Forecasted values varying positive 10% or more.
A4: CO | B4: {=SUM(_xlfn._xlws.FILTER('07-2024'!$C$3:$C$64,'07-2024'!$B$3:$B$64=$A4), _xlfn._xlws.FILTER('08-2024'!$C$3:$C$64,'08-2024'!$B$3:$B$64=$A4), _xlfn._xlws.FILTER('09-2024'!$C$3:$C$64,'09-2024'!$B$3:$B$64=$A4))} -> 0 | C4: {=SUM(_xlfn._xlws.FILTER('07-2024'!$D$3:$D$64,'07-2024'!$B$3:$B$64=$A4), _xlfn._xlws.FILTER('08-2024'!$D$3:$D$64,'08-2024'!$B$3:$B$64=$A4), _xlfn._xlws.FILTER('09-2024'!$D$3:$D$64,'09-2024'!$B$3:$B$64=$A4))} -> 0 | D4: =B4-C4 -> 0 | E4: =IFERROR(D4/C4, "-") -> - | G4: =B4 -> 0 | H4: {=SUM(_xlfn._xlws.FILTER('07-2024'!$I$3:$I$64,'07-2024'!$B$3:$B$64=$A4), _xlfn._xlws.FILTER('08-2024'!I$3:$I$64,'08-2024'!$B$3:$B$64=$A4), _xlfn._xlws.FILTER('09-2024'!$I$3:$I$64,'09-2024'!$B$3:$B$64=$A4))} -> 0 | I4: =G4-H4 -> 0 | J4: =IFERROR(I4/H4, "-") -> - | L4: Red highlighted cells for Actual Production vs Expected and Forecasted values varying negative 10% or more.
A5: CT | B5: {=SUM(_xlfn._xlws.FILTER('07-2024'!$C$3:$C$64,'07-2024'!$B$3:$B$64=$A5), _xlfn._xlws.FILTER('08-2024'!$C$3:$C$64,'08-2024'!$B$3:$B$64=$A5), _xlfn._xlws.FILTER('09-2024'!$C$3:$C$64,'09-2024'!$B$3:$B$64=$A5))} -> 0 | C5: {=SUM(_xlfn._xlws.FILTER('07-2024'!$D$3:$D$64,'07-2024'!$B$3:$B$64=$A5), _xlfn._xlws.FILTER('08-2024'!$D$3:$D$64,'08-2024'!$B$3:$B$64=$A5), _xlfn._xlws.FILTER('09-2024'!$D$3:$D$64,'09-2024'!$B$3:$B$64=$A5))} -> 0 | D5: =B5-C5 -> 0 | E5: =IFERROR(D5/C5, "-") -> - | G5: =B5 -> 0 | H5: {=SUM(_xlfn._xlws.FILTER('07-2024'!$I$3:$I$64,'07-2024'!$B$3:$B$64=$A5), _xlfn._xlws.FILTER('08-2024'!I$3:$I$64,'08-2024'!$B$3:$B$64=$A5), _xlfn._xlws.FILTER('09-2024'!$I$3:$I$64,'09-2024'!$B$3:$B$64=$A5))} -> 0 | I5: =G5-H5 -> 0 | J5: =IFERROR(I5/H5, "-") -> -
A6: FL | B6: {=SUM(_xlfn._xlws.FILTER('07-2024'!$C$3:$C$64,'07-2024'!$B$3:$B$64=$A6), _xlfn._xlws.FILTER('08-2024'!$C$3:$C$64,'08-2024'!$B$3:$B$64=$A6), _xlfn._xlws.FILTER('09-2024'!$C$3:$C$64,'09-2024'!$B$3:$B$64=$A6))} -> 0 | C6: {=SUM(_xlfn._xlws.FILTER('07-2024'!$D$3:$D$64,'07-2024'!$B$3:$B$64=$A6), _xlfn._xlws.FILTER('08-2024'!$D$3:$D$64,'08-2024'!$B$3:$B$64=$A6), _xlfn._xlws.FILTER('09-2024'!$D$3:$D$64,'09-2024'!$B$3:$B$64=$A6))} -> 0 | D6: =B6-C6 -> 0 | E6: =IFERROR(D6/C6, "-") -> - | G6: =B6 -> 0 | H6: {=SUM(_xlfn._xlws.FILTER('07-2024'!$I$3:$I$64,'07-2024'!$B$3:$B$64=$A6), _xlfn._xlws.FILTER('08-2024'!I$3:$I$64,'08-2024'!$B$3:$B$64=$A6), _xlfn._xlws.FILTER('09-2024'!$I$3:$I$64,'09-2024'!$B$3:$B$64=$A6))} -> 0 | I6: =G6-H6 -> 0 | J6: =IFERROR(I6/H6, "-") -> -
A7: IA | B7: {=SUM(_xlfn._xlws.FILTER('07-2024'!$C$3:$C$64,'07-2024'!$B$3:$B$64=$A7), _xlfn._xlws.FILTER('08-2024'!$C$3:$C$64,'08-2024'!$B$3:$B$64=$A7), _xlfn._xlws.FILTER('09-2024'!$C$3:$C$64,'09-2024'!$B$3:$B$64=$A7))} -> 0 | C7: {=SUM(_xlfn._xlws.FILTER('07-2024'!$D$3:$D$64,'07-2024'!$B$3:$B$64=$A7), _xlfn._xlws.FILTER('08-2024'!$D$3:$D$64,'08-2024'!$B$3:$B$64=$A7), _xlfn._xlws.FILTER('09-2024'!$D$3:$D$64,'09-2024'!$B$3:$B$64=$A7))} -> 0 | D7: =B7-C7 -> 0 | E7: =IFERROR(D7/C7, "-") -> - | G7: =B7 -> 0 | H7: {=SUM(_xlfn._xlws.FILTER('07-2024'!$I$3:$I$64,'07-2024'!$B$3:$B$64=$A7), _xlfn._xlws.FILTER('08-2024'!I$3:$I$64,'08-2024'!$B$3:$B$64=$A7), _xlfn._xlws.FILTER('09-2024'!$I$3:$I$64,'09-2024'!$B$3:$B$64=$A7))} -> 0 | I7: =G7-H7 -> 0 | J7: =IFERROR(I7/H7, "-") -> -
A8: NC | B8: {=SUM(_xlfn._xlws.FILTER('07-2024'!$C$3:$C$64,'07-2024'!$B$3:$B$64=$A8), _xlfn._xlws.FILTER('08-2024'!$C$3:$C$64,'08-2024'!$B$3:$B$64=$A8), _xlfn._xlws.FILTER('09-2024'!$C$3:$C$64,'09-2024'!$B$3:$B$64=$A8))} -> 0 | C8: {=SUM(_xlfn._xlws.FILTER('07-2024'!$D$3:$D$64,'07-2024'!$B$3:$B$64=$A8), _xlfn._xlws.FILTER('08-2024'!$D$3:$D$64,'08-2024'!$B$3:$B$64=$A8), _xlfn._xlws.FILTER('09-2024'!$D$3:$D$64,'09-2024'!$B$3:$B$64=$A8))} -> 0 | D8: =B8-C8 -> 0 | E8: =IFERROR(D8/C8, "-") -> - | G8: =B8 -> 0 | H8: {=SUM(_xlfn._xlws.FILTER('07-2024'!$I$3:$I$64,'07-2024'!$B$3:$B$64=$A8), _xlfn._xlws.FILTER('08-2024'!I$3:$I$64,'08-2024'!$B$3:$B$64=$A8), _xlfn._xlws.FILTER('09-2024'!$I$3:$I$64,'09-2024'!$B$3:$B$64=$A8))} -> 0 | I8: =G8-H8 -> 0 | J8: =IFERROR(I8/H8, "-") -> -
A9: NJ | B9: {=SUM(_xlfn._xlws.FILTER('07-2024'!$C$3:$C$64,'07-2024'!$B$3:$B$64=$A9), _xlfn._xlws.FILTER('08-2024'!$C$3:$C$64,'08-2024'!$B$3:$B$64=$A9), _xlfn._xlws.FILTER('09-2024'!$C$3:$C$64,'09-2024'!$B$3:$B$64=$A9))} -> 0 | C9: {=SUM(_xlfn._xlws.FILTER('07-2024'!$D$3:$D$64,'07-2024'!$B$3:$B$64=$A9), _xlfn._xlws.FILTER('08-2024'!$D$3:$D$64,'08-2024'!$B$3:$B$64=$A9), _xlfn._xlws.FILTER('09-2024'!$D$3:$D$64,'09-2024'!$B$3:$B$64=$A9))} -> 0 | D9: =B9-C9 -> 0 | E9: =IFERROR(D9/C9, "-") -> - | G9: =B9 -> 0 | H9: {=SUM(_xlfn._xlws.FILTER('07-2024'!$I$3:$I$64,'07-2024'!$B$3:$B$64=$A9), _xlfn._xlws.FILTER('08-2024'!I$3:$I$64,'08-2024'!$B$3:$B$64=$A9), _xlfn._xlws.FILTER('09-2024'!$I$3:$I$64,'09-2024'!$B$3:$B$64=$A9))} -> 0 | I9: =G9-H9 -> 0 | J9: =IFERROR(I9/H9, "-") -> -
A10: TX | B10: {=SUM(_xlfn._xlws.FILTER('07-2024'!$C$3:$C$64,'07-2024'!$B$3:$B$64=$A10), _xlfn._xlws.FILTER('08-2024'!$C$3:$C$64,'08-2024'!$B$3:$B$64=$A10), _xlfn._xlws.FILTER('09-2024'!$C$3:$C$64,'09-2024'!$B$3:$B$64=$A10))} -> 0 | C10: {=SUM(_xlfn._xlws.FILTER('07-2024'!$D$3:$D$64,'07-2024'!$B$3:$B$64=$A10), _xlfn._xlws.FILTER('08-2024'!$D$3:$D$64,'08-2024'!$B$3:$B$64=$A10), _xlfn._xlws.FILTER('09-2024'!$D$3:$D$64,'09-2024'!$B$3:$B$64=$A10))} -> 0 | D10: =B10-C10 -> 0 | E10: =IFERROR(D10/C10, "-") -> - | G10: =B10 -> 0 | H10: {=SUM(_xlfn._xlws.FILTER('07-2024'!$I$3:$I$64,'07-2024'!$B$3:$B$64=$A10), _xlfn._xlws.FILTER('08-2024'!I$3:$I$64,'08-2024'!$B$3:$B$64=$A10), _xlfn._xlws.FILTER('09-2024'!$I$3:$I$64,'09-2024'!$B$3:$B$64=$A10))} -> 0 | I10: =G10-H10 -> 0 | J10: =IFERROR(I10/H10, "-") -> -
A11: Total | B11: =SUM(B3:B10) -> 0 | C11: =SUM(C3:C10) -> 0 | D11: =B11-C11 -> 0 | E11: =IFERROR(D11/C11, "-") -> - | G11: =B11 -> 0 | H11: =SUM(H3:H10) -> 0 | I11: =G11-H11 -> 0 | J11: =IFERROR(I11/H11, "-") -> -

Sheet 4th Quarter 2024
A1: WELLS FARGO | B1: 4th Quarter 2024 Actual v. Expected | G1: 4th Quarter 2024 Actual v. Forecasted
A2: State | B2: Actual | C2: Expected | D2: Delta | E2: % | G2: Actual | H2: Forecasted | I2: Delta | J2: %
A3: {=_xlfn.UNIQUE(Sites[State])} -> CA | B3: {=SUM(_xlfn._xlws.FILTER('10-2024'!$C$3:$C$64,'10-2024'!$B$3:$B$64=$A3), _xlfn._xlws.FILTER('11-2024'!$C$3:$C$64,'11-2024'!$B$3:$B$64=$A3), _xlfn._xlws.FILTER('12-2024'!$C$3:$C$64,'12-2024'!$B$3:$B$64=$A3))} -> 0 | C3: {=SUM(_xlfn._xlws.FILTER('10-2024'!$D$3:$D$64,'10-2024'!$B$3:$B$64=$A3), _xlfn._xlws.FILTER('11-2024'!$D$3:$D$64,'11-2024'!$B$3:$B$64=$A3), _xlfn._xlws.FILTER('12-2024'!$D$3:$D$64,'12-2024'!$B$3:$B$64=$A3))} -> 0 | D3: =B3-C3 -> 0 | E3: =IFERROR(D3/C3, "-") -> - | G3: =B3 -> 0 | H3: {=SUM(_xlfn._xlws.FILTER('10-2024'!$I$3:$I$64,'10-2024'!$B$3:$B$64=$A3), _xlfn._xlws.FILTER('11-2024'!I$3:$I$64,'11-2024'!$B$3:$B$64=$A3), _xlfn._xlws.FILTER('12-2024'!$I$3:$I$64,'12-2024'!$B$3:$B$64=$A3))} -> 0 | I3: =G3-H3 -> 0 | J3: =IFERROR(I3/H3, "-") -> - | L3: Gold highlighted cells for Actual Production vs Expected and Forecasted values varying positive 10% or more.
A4: CO | B4: {=SUM(_xlfn._xlws.FILTER('10-2024'!$C$3:$C$64,'10-2024'!$B$3:$B$64=$A4), _xlfn._xlws.FILTER('11-2024'!$C$3:$C$64,'11-2024'!$B$3:$B$64=$A4), _xlfn._xlws.FILTER('12-2024'!$C$3:$C$64,'12-2024'!$B$3:$B$64=$A4))} -> 0 | C4: {=SUM(_xlfn._xlws.FILTER('10-2024'!$D$3:$D$64,'10-2024'!$B$3:$B$64=$A4), _xlfn._xlws.FILTER('11-2024'!$D$3:$D$64,'11-2024'!$B$3:$B$64=$A4), _xlfn._xlws.FILTER('12-2024'!$D$3:$D$64,'12-2024'!$B$3:$B$64=$A4))} -> 0 | D4: =B4-C4 -> 0 | E4: =IFERROR(D4/C4, "-") -> - | G4: =B4 -> 0 | H4: {=SUM(_xlfn._xlws.FILTER('10-2024'!$I$3:$I$64,'10-2024'!$B$3:$B$64=$A4), _xlfn._xlws.FILTER('11-2024'!I$3:$I$64,'11-2024'!$B$3:$B$64=$A4), _xlfn._xlws.FILTER('12-2024'!$I$3:$I$64,'12-2024'!$B$3:$B$64=$A4))} -> 0 | I4: =G4-H4 -> 0 | J4: =IFERROR(I4/H4, "-") -> - | L4: Red highlighted cells for Actual Production vs Expected and Forecasted values varying negative 10% or more.
A5: CT | B5: {=SUM(_xlfn._xlws.FILTER('10-2024'!$C$3:$C$64,'10-2024'!$B$3:$B$64=$A5), _xlfn._xlws.FILTER('11-2024'!$C$3:$C$64,'11-2024'!$B$3:$B$64=$A5), _xlfn._xlws.FILTER('12-2024'!$C$3:$C$64,'12-2024'!$B$3:$B$64=$A5))} -> 0 | C5: {=SUM(_xlfn._xlws.FILTER('10-2024'!$D$3:$D$64,'10-2024'!$B$3:$B$64=$A5), _xlfn._xlws.FILTER('11-2024'!$D$3:$D$64,'11-2024'!$B$3:$B$64=$A5), _xlfn._xlws.FILTER('12-2024'!$D$3:$D$64,'12-2024'!$B$3:$B$64=$A5))} -> 0 | D5: =B5-C5 -> 0 | E5: =IFERROR(D5/C5, "-") -> - | G5: =B5 -> 0 | H5: {=SUM(_xlfn._xlws.FILTER('10-2024'!$I$3:$I$64,'10-2024'!$B$3:$B$64=$A5), _xlfn._xlws.FILTER('11-2024'!I$3:$I$64,'11-2024'!$B$3:$B$64=$A5), _xlfn._xlws.FILTER('12-2024'!$I$3:$I$64,'12-2024'!$B$3:$B$64=$A5))} -> 0 | I5: =G5-H5 -> 0 | J5: =IFERROR(I5/H5, "-") -> -
A6: FL | B6: {=SUM(_xlfn._xlws.FILTER('10-2024'!$C$3:$C$64,'10-2024'!$B$3:$B$64=$A6), _xlfn._xlws.FILTER('11-2024'!$C$3:$C$64,'11-2024'!$B$3:$B$64=$A6), _xlfn._xlws.FILTER('12-2024'!$C$3:$C$64,'12-2024'!$B$3:$B$64=$A6))} -> 0 | C6: {=SUM(_xlfn._xlws.FILTER('10-2024'!$D$3:$D$64,'10-2024'!$B$3:$B$64=$A6), _xlfn._xlws.FILTER('11-2024'!$D$3:$D$64,'11-2024'!$B$3:$B$64=$A6), _xlfn._xlws.FILTER('12-2024'!$D$3:$D$64,'12-2024'!$B$3:$B$64=$A6))} -> 0 | D6: =B6-C6 -> 0 | E6: =IFERROR(D6/C6, "-") -> - | G6: =B6 -> 0 | H6: {=SUM(_xlfn._xlws.FILTER('10-2024'!$I$3:$I$64,'10-2024'!$B$3:$B$64=$A6), _xlfn._xlws.FILTER('11-2024'!I$3:$I$64,'11-2024'!$B$3:$B$64=$A6), _xlfn._xlws.FILTER('12-2024'!$I$3:$I$64,'12-2024'!$B$3:$B$64=$A6))} -> 0 | I6: =G6-H6 -> 0 | J6: =IFERROR(I6/H6, "-") -> -
A7: IA | B7: {=SUM(_xlfn._xlws.FILTER('10-2024'!$C$3:$C$64,'10-2024'!$B$3:$B$64=$A7), _xlfn._xlws.FILTER('11-2024'!$C$3:$C$64,'11-2024'!$B$3:$B$64=$A7), _xlfn._xlws.FILTER('12-2024'!$C$3:$C$64,'12-2024'!$B$3:$B$64=$A7))} -> 0 | C7: {=SUM(_xlfn._xlws.FILTER('10-2024'!$D$3:$D$64,'10-2024'!$B$3:$B$64=$A7), _xlfn._xlws.FILTER('11-2024'!$D$3:$D$64,'11-2024'!$B$3:$B$64=$A7), _xlfn._xlws.FILTER('12-2024'!$D$3:$D$64,'12-2024'!$B$3:$B$64=$A7))} -> 0 | D7: =B7-C7 -> 0 | E7: =IFERROR(D7/C7, "-") -> - | G7: =B7 -> 0 | H7: {=SUM(_xlfn._xlws.FILTER('10-2024'!$I$3:$I$64,'10-2024'!$B$3:$B$64=$A7), _xlfn._xlws.FILTER('11-2024'!I$3:$I$64,'11-2024'!$B$3:$B$64=$A7), _xlfn._xlws.FILTER('12-2024'!$I$3:$I$64,'12-2024'!$B$3:$B$64=$A7))} -> 0 | I7: =G7-H7 -> 0 | J7: =IFERROR(I7/H7, "-") -> -
A8: NC | B8: {=SUM(_xlfn._xlws.FILTER('10-2024'!$C$3:$C$64,'10-2024'!$B$3:$B$64=$A8), _xlfn._xlws.FILTER('11-2024'!$C$3:$C$64,'11-2024'!$B$3:$B$64=$A8), _xlfn._xlws.FILTER('12-2024'!$C$3:$C$64,'12-2024'!$B$3:$B$64=$A8))} -> 0 | C8: {=SUM(_xlfn._xlws.FILTER('10-2024'!$D$3:$D$64,'10-2024'!$B$3:$B$64=$A8), _xlfn._xlws.FILTER('11-2024'!$D$3:$D$64,'11-2024'!$B$3:$B$64=$A8), _xlfn._xlws.FILTER('12-2024'!$D$3:$D$64,'12-2024'!$B$3:$B$64=$A8))} -> 0 | D8: =B8-C8 -> 0 | E8: =IFERROR(D8/C8, "-") -> - | G8: =B8 -> 0 | H8: {=SUM(_xlfn._xlws.FILTER('10-2024'!$I$3:$I$64,'10-2024'!$B$3:$B$64=$A8), _xlfn._xlws.FILTER('11-2024'!I$3:$I$64,'11-2024'!$B$3:$B$64=$A8), _xlfn._xlws.FILTER('12-2024'!$I$3:$I$64,'12-2024'!$B$3:$B$64=$A8))} -> 0 | I8: =G8-H8 -> 0 | J8: =IFERROR(I8/H8, "-") -> -
A9: NJ | B9: {=SUM(_xlfn._xlws.FILTER('10-2024'!$C$3:$C$64,'10-2024'!$B$3:$B$64=$A9), _xlfn._xlws.FILTER('11-2024'!$C$3:$C$64,'11-2024'!$B$3:$B$64=$A9), _xlfn._xlws.FILTER('12-2024'!$C$3:$C$64,'12-2024'!$B$3:$B$64=$A9))} -> 0 | C9: {=SUM(_xlfn._xlws.FILTER('10-2024'!$D$3:$D$64,'10-2024'!$B$3:$B$64=$A9), _xlfn._xlws.FILTER('11-2024'!$D$3:$D$64,'11-2024'!$B$3:$B$64=$A9), _xlfn._xlws.FILTER('12-2024'!$D$3:$D$64,'12-2024'!$B$3:$B$64=$A9))} -> 0 | D9: =B9-C9 -> 0 | E9: =IFERROR(D9/C9, "-") -> - | G9: =B9 -> 0 | H9: {=SUM(_xlfn._xlws.FILTER('10-2024'!$I$3:$I$64,'10-2024'!$B$3:$B$64=$A9), _xlfn._xlws.FILTER('11-2024'!I$3:$I$64,'11-2024'!$B$3:$B$64=$A9), _xlfn._xlws.FILTER('12-2024'!$I$3:$I$64,'12-2024'!$B$3:$B$64=$A9))} -> 0 | I9: =G9-H9 -> 0 | J9: =IFERROR(I9/H9, "-") -> -
A10: TX | B10: {=SUM(_xlfn._xlws.FILTER('10-2024'!$C$3:$C$64,'10-2024'!$B$3:$B$64=$A10), _xlfn._xlws.FILTER('11-2024'!$C$3:$C$64,'11-2024'!$B$3:$B$64=$A10), _xlfn._xlws.FILTER('12-2024'!$C$3:$C$64,'12-2024'!$B$3:$B$64=$A10))} -> 0 | C10: {=SUM(_xlfn._xlws.FILTER('10-2024'!$D$3:$D$64,'10-2024'!$B$3:$B$64=$A10), _xlfn._xlws.FILTER('11-2024'!$D$3:$D$64,'11-2024'!$B$3:$B$64=$A10), _xlfn._xlws.FILTER('12-2024'!$D$3:$D$64,'12-2024'!$B$3:$B$64=$A10))} -> 0 | D10: =B10-C10 -> 0 | E10: =IFERROR(D10/C10, "-") -> - | G10: =B10 -> 0 | H10: {=SUM(_xlfn._xlws.FILTER('10-2024'!$I$3:$I$64,'10-2024'!$B$3:$B$64=$A10), _xlfn._xlws.FILTER('11-2024'!I$3:$I$64,'11-2024'!$B$3:$B$64=$A10), _xlfn._xlws.FILTER('12-2024'!$I$3:$I$64,'12-2024'!$B$3:$B$64=$A10))} -> 0 | I10: =G10-H10 -> 0 | J10: =IFERROR(I10/H10, "-") -> -
A11: Total | B11: =SUM(B3:B10) -> 0 | C11: =SUM(C3:C10) -> 0 | D11: =B11-C11 -> 0 | E11: =IFERROR(D11/C11, "-") -> - | G11: =B11 -> 0 | H11: =SUM(H3:H10) -> 0 | I11: =G11-H11 -> 0 | J11: =IFERROR(I11/H11, "-") -> -

Sheet 01-2024
A1: WELLS FARGO | C1: 01-2024 Actual v. Expected | H1: 01-2024 Actual v. Forecasted | L1: NOTES | M1: SR
A2: Site | B2: State | C2: Actual | D2: Expected | E2: Delta | F2: % | H2: Actual | I2: Forecasted | J2: Delta | K2: %
A3: {=Sites[Site]} -> Adams & Broadway | B3: {=Sites[State]} -> CA | C3: {=IF(ISBLANK(INDIRECT("'"&$A3&"'!B6:E6")), "", INDIRECT("'"&$A3&"'!B6:E6"))} -> 668.5 | D3: 0 | E3: 668.5 | F3: - | H3: {=IF(ISBLANK(INDIRECT("'"&$A3&"'!B24:G24")), "", INDIRECT("'"&$A3&"'!B24:G24"))} -> 668.5 | I3: 660.258 | J3: 8.242 | K3: 0.012482999
A4: Otay Mesa | B4: CA | C4: {=IF(ISBLANK(INDIRECT("'"&$A4&"'!B6:E6")), "", INDIRECT("'"&$A4&"'!B6:E6"))} -> 37.789 | D4: 0 | E4: 37.789 | F4: - | H4: {=IF(ISBLANK(INDIRECT("'"&$A4&"'!B24:G24")), "", INDIRECT("'"&$A4&"'!B24:G24"))} -> 37.789 | I4: 0 | J4: 37.789 | K4: -
A5: San Leandro Ops Center | B5: CA | C5: {=IF(ISBLANK(INDIRECT("'"&$A5&"'!B6:E6")), "", INDIRECT("'"&$A5&"'!B6:E6"))} -> 18587.375 | D5: 25565.67 | E5: -6978.295 | F5: -0.27295569 | H5: {=IF(ISBLANK(INDIRECT("'"&$A5&"'!B24:G24")), "", INDIRECT("'"&$A5&"'!B24:G24"))} -> 18587.375 | I5: 22910.168 | J5: -4322.793 | K5: -0.18868447 | L5: Inverter 4 was replaced on 01/31 | M5: SR079901
A6: Van Nuys | B6: CA | C6: {=IF(ISBLANK(INDIRECT("'"&$A6&"'!B6:E6")), "", INDIRECT("'"&$A6&"'!B6:E6"))} -> 1267.6979 | D6: 0 | E6: 1267.6979 | F6: - | H6: {=IF(ISBLANK(INDIRECT("'"&$A6&"'!B24:G24")), "", INDIRECT("'"&$A6&"'!B24:G24"))} -> 1267.6979 | I6: 1339.747 | J6: -72.049072 | K6: -0.053778118
A7: 98th & Grant | B7: CO | C7: {=IF(ISBLANK(INDIRECT("'"&$A7&"'!B6:E6")), "", INDIRECT("'"&$A7&"'!B6:E6"))} -> 724.2 | D7: 0 | E7: 724.2 | F7: - | H7: {=IF(ISBLANK(INDIRECT("'"&$A7&"'!B24:G24")), "", INDIRECT("'"&$A7&"'!B24:G24"))} -> 724.2 | I7: 1165.016 | J7: -440.816 | K7: -0.37837764
A8: Arapahoe Crossings | B8: CO | C8: {=IF(ISBLANK(INDIRECT("'"&$A8&"'!B6:E6")), "", INDIRECT("'"&$A8&"'!B6:E6"))} -> 2121.2004 | D8: 0 | E8: 2121.2004 | F8: - | H8: {=IF(ISBLANK(INDIRECT("'"&$A8&"'!B24:G24")), "", INDIRECT("'"&$A8&"'!B24:G24"))} -> 2121.2004 | I8: 2132.967 | J8: -11.766622 | K8: -0.0055165513
A9: Aurora City Center | B9: CO | C9: {=IF(ISBLANK(INDIRECT("'"&$A9&"'!B6:E6")), "", INDIRECT("'"&$A9&"'!B6:E6"))} -> 1077.5 | D9: 0 | E9: 1077.5 | F9: - | H9: {=IF(ISBLANK(INDIRECT("'"&$A9&"'!B24:G24")), "", INDIRECT("'"&$A9&"'!B24:G24"))} -> 1077.5 | I9: 1040.516 | J9: 36.984 | K9: 0.035543903
A10: Dry Creek | B10: CO | C10: {=IF(ISBLANK(INDIRECT("'"&$A10&"'!B6:E6")), "", INDIRECT("'"&$A10&"'!B6:E6"))} -> -0.40201212 | D10: 0 | E10: -0.40201212 | F10: - | H10: {=IF(ISBLANK(INDIRECT("'"&$A10&"'!B24:G24")), "", INDIRECT("'"&$A10&"'!B24:G24"))} -> -0.40201212 | I10: 1258.016 | J10: -1258.418 | K10: -1.0003196 | L10: Site is offline from 05/12/2023 | M10: SR078942
A11: Havana Gardens | B11: CO | C11: {=IF(ISBLANK(INDIRECT("'"&$A11&"'!B6:E6")), "", INDIRECT("'"&$A11&"'!B6:E6"))} -> 1739.8 | D11: 0 | E11: 1739.8 | F11: - | H11: {=IF(ISBLANK(INDIRECT("'"&$A11&"'!B24:G24")), "", INDIRECT("'"&$A11&"'!B24:G24"))} -> 1739.8 | I11: 846.258 | J11: 893.542 | K11: 1.0558742 | L11: 03/01/2023 Per Kate - Do Not Pursue Weather Station
A12: Highlands Ranch South | B12: CO | C12: {=IF(ISBLANK(INDIRECT("'"&$A12&"'!B6:E6")), "", INDIRECT("'"&$A12&"'!B6:E6"))} -> 1000.7 | D12: 0 | E12: 1000.7 | F12: - | H12: {=IF(ISBLANK(INDIRECT("'"&$A12&"'!B24:G24")), "", INDIRECT("'"&$A12&"'!B24:G24"))} -> 1000.7 | I12: 1110.774 | J12: -110.074 | K12: -0.099096666
A13: Lone Tree | B13: CO | C13: {=IF(ISBLANK(INDIRECT("'"&$A13&"'!B6:E6")), "", INDIRECT("'"&$A13&"'!B6:E6"))} -> 2395.4 | D13: 0 | E13: 2395.4 | F13: - | H13: {=IF(ISBLANK(INDIRECT("'"&$A13&"'!B24:G24")), "", INDIRECT("'"&$A13&"'!B24:G24"))} -> 2395.4 | I13: 2590.419 | J13: -195.019 | K13: -0.075284732
A14: Meridian | B14: CO | C14: {=IF(ISBLANK(INDIRECT("'"&$A14&"'!B6:E6")), "", INDIRECT("'"&$A14&"'!B6:E6"))} -> 1646.1 | D14: 0 | E14: 1646.1 | F14: - | H14: {=IF(ISBLANK(INDIRECT("'"&$A14&"'!B24:G24")), "", INDIRECT("'"&$A14&"'!B24:G24"))} -> 1646.1 | I14: 1355.097 | J14: 291.003 | K14: 0.21474699
A15: Southglenn Relocation | B15: CO | C15: {=IF(ISBLANK(INDIRECT("'"&$A15&"'!B6:E6")), "", INDIRECT("'"&$A15&"'!B6:E6"))} -> 1513 | D15: 0 | E15: 1513 | F15: - | H15: {=IF(ISBLANK(INDIRECT("'"&$A15&"'!B24:G24")), "", INDIRECT("'"&$A15&"'!B24:G24"))} -> 1513 | I15: 1611.403 | J15: -98.403 | K15: -0.061066661
A16: Standley Lake | B16: CO | C16: {=IF(ISBLANK(INDIRECT("'"&$A16&"'!B6:E6")), "", INDIRECT("'"&$A16&"'!B6:E6"))} -> 2051.1 | D16: 0 | E16: 2051.1 | F16: - | H16: {=IF(ISBLANK(INDIRECT("'"&$A16&"'!B24:G24")), "", INDIRECT("'"&$A16&"'!B24:G24"))} -> 2051.1 | I16: 2170.403 | J16: -119.303 | K16: -0.054968133
A17: East Hartford | B17: CT | C17: {=IF(ISBLANK(INDIRECT("'"&$A17&"'!B6:E6")), "", INDIRECT("'"&$A17&"'!B6:E6"))} -> 119.7 | D17: 246.8964 | E17: -127.1964 | F17: -0.51518127 | H17: {=IF(ISBLANK(INDIRECT("'"&$A17&"'!B24:G24")), "", INDIRECT("'"&$A17&"'!B24:G24"))} -> 119.7 | I17: 273.275 | J17: -153.575 | K17: -0.56197969
A18: Norwalk Post Road | B18: CT | C18: {=IF(ISBLANK(INDIRECT("'"&$A18&"'!B6:E6")), "", INDIRECT("'"&$A18&"'!B6:E6"))} -> 117.74058 | D18: 417.3167 | E18: -299.57612 | F18: -0.71786277 | H18: {=IF(ISBLANK(INDIRECT("'"&$A18&"'!B24:G24")), "", INDIRECT("'"&$A18&"'!B24:G24"))} -> 117.74058 | I18: 376.757 | J18: -259.01642 | K18: -0.68748934
A19: Hialeah Gardens | B19: FL | C19: {=IF(ISBLANK(INDIRECT("'"&$A19&"'!B6:E6")), "", INDIRECT("'"&$A19&"'!B6:E6"))} -> 1428.4985 | D19: 2582.073 | E19: -1153.5745 | F19: -0.44676292 | H19: {=IF(ISBLANK(INDIRECT("'"&$A19&"'!B24:G24")), "", INDIRECT("'"&$A19&"'!B24:G24"))} -> 1428.4985 | I19: 3451.661 | J19: -2023.1625 | K19: -0.58614171
A20: HMHQ | B20: IA | C20: {=IF(ISBLANK(INDIRECT("'"&$A20&"'!B6:E6")), "", INDIRECT("'"&$A20&"'!B6:E6"))} -> 12390.938 | D20: 16455.02 | E20: -4064.0825 | F20: -0.24698132 | H20: {=IF(ISBLANK(INDIRECT("'"&$A20&"'!B24:G24")), "", INDIRECT("'"&$A20&"'!B24:G24"))} -> 12390.938 | I20: 23956.604 | J20: -11565.666 | K20: -0.48277571
A21: West Des Moines Campus East | B21: IA | C21: {=IF(ISBLANK(INDIRECT("'"&$A21&"'!B6:E6")), "", INDIRECT("'"&$A21&"'!B6:E6"))} -> 62192.5 | D21: 8477.248 | E21: 53715.252 | F21: 6.3364021 | H21: {=IF(ISBLANK(INDIRECT("'"&$A21&"'!B24:G24")), "", INDIRECT("'"&$A21&"'!B24:G24"))} -> 62192.5 | I21: 105997.32 | J21: -43804.82 | K21: -0.41326347 | L21: Expected energy was not available till 01/30 | M21: SR080333
A22: West Des Moines Campus West | B22: IA | C22: {=IF(ISBLANK(INDIRECT("'"&$A22&"'!B6:E6")), "", INDIRECT("'"&$A22&"'!B6:E6"))} -> 25312.5 | D22: 4681.486 | E22: 20631.014 | F22: 4.406937 | H22: {=IF(ISBLANK(INDIRECT("'"&$A22&"'!B24:G24")), "", INDIRECT("'"&$A22&"'!B24:G24"))} -> 25312.5 | I22: 55952.783 | J22: -30640.283 | K22: -0.54760963 | L22: Inverter 4 tripped offline on 01/31 Expected energy was not available till 01/30 | M22: SR080633 SR080334
A23: CIC | B23: NC | C23: {=IF(ISBLANK(INDIRECT("'"&$A23&"'!B6:E6")), "", INDIRECT("'"&$A23&"'!B6:E6"))} -> 0 | D23: 0 | E23: 0 | F23: - | H23: {=IF(ISBLANK(INDIRECT("'"&$A23&"'!B24:G24")), "", INDIRECT("'"&$A23&"'!B24:G24"))} -> 0 | I23: 0 | J23: 0 | K23: - | L23: Site de-energized 06/02/2023 due to TIGO investigation. | M23: SR078172
A24: DUC | B24: NC | C24: {=IF(ISBLANK(INDIRECT("'"&$A24&"'!B6:E6")), "", INDIRECT("'"&$A24&"'!B6:E6"))} -> 0 | D24: 0 | E24: 0 | F24: - | H24: {=IF(ISBLANK(INDIRECT("'"&$A24&"'!B24:G24")), "", INDIRECT("'"&$A24&"'!B24:G24"))} -> 0 | I24: 0 | J24: 0 | K24: - | L24: Site de-energized 06/02/2023 due to TIGO investigation. | M24: SR078173
A25: Barnegat Office | B25: NJ | C25: {=IF(ISBLANK(INDIRECT("'"&$A25&"'!B6:E6")), "", INDIRECT("'"&$A25&"'!B6:E6"))} -> 1678.6484 | D25: 1609.744 | E25: 68.904438 | F25: 0.042804593 | H25: {=IF(ISBLANK(INDIRECT("'"&$A25&"'!B24:G24")), "", INDIRECT("'"&$A25&"'!B24:G24"))} -> 1678.6484 | I25: 2100.114 | J25: -421.46556 | K25: -0.20068699
A26: Bayonne Office | B26: NJ | C26: {=IF(ISBLANK(INDIRECT("'"&$A26&"'!B6:E6")), "", INDIRECT("'"&$A26&"'!B6:E6"))} -> 792.7 | D26: 1075.812 | E26: -283.112 | F26: -0.26316122 | H26: {=IF(ISBLANK(INDIRECT("'"&$A26&"'!B24:G24")), "", INDIRECT("'"&$A26&"'!B24:G24"))} -> 792.7 | I26: 2010.779 | J26: -1218.079 | K26: -0.60577468
A27: Bordentown | B27: NJ | C27: {=IF(ISBLANK(INDIRECT("'"&$A27&"'!B6:E6")), "", INDIRECT("'"&$A27&"'!B6:E6"))} -> 705.7 | D27: 734.3849 | E27: -28.6849 | F27: -0.039059763 | H27: {=IF(ISBLANK(INDIRECT("'"&$A27&"'!B24:G24")), "", INDIRECT("'"&$A27&"'!B24:G24"))} -> 705.7 | I27: 1121.351 | J27: -415.651 | K27: -0.37066984
A28: Burlington Springside | B28: NJ | C28: {=IF(ISBLANK(INDIRECT("'"&$A28&"'!B6:E6")), "", INDIRECT("'"&$A28&"'!B6:E6"))} -> 720 | D28: 848.942 | E28: -128.942 | F28: -0.15188552 | H28: {=IF(ISBLANK(INDIRECT("'"&$A28&"'!B24:G24")), "", INDIRECT("'"&$A28&"'!B24:G24"))} -> 720 | I28: 1105.296 | J28: -385.296 | K28: -0.34859078
A29: Cherry Hill Short Hills | B29: NJ | C29: {=IF(ISBLANK(INDIRECT("'"&$A29&"'!B6:E6")), "", INDIRECT("'"&$A29&"'!B6:E6"))} -> 566.71484 | D29: 844.154 | E29: -277.43916 | F29: -0.32865941 | H29: {=IF(ISBLANK(INDIRECT("'"&$A29&"'!B24:G24")), "", INDIRECT("'"&$A29&"'!B24:G24"))} -> 566.71484 | I29: 928.459 | J29: -361.74416 | K29: -0.3896178
A30: Clark Office | B30: NJ | C30: {=IF(ISBLANK(INDIRECT("'"&$A30&"'!B6:E6")), "", INDIRECT("'"&$A30&"'!B6:E6"))} -> 559.8 | D30: 806.6296 | E30: -246.8296 | F30: -0.30600117 | H30: {=IF(ISBLANK(INDIRECT("'"&$A30&"'!B24:G24")), "", INDIRECT("'"&$A30&"'!B24:G24"))} -> 559.8 | I30: 953.546 | J30: -393.746 | K30: -0.41292816
A31: Clifton Office | B31: NJ | C31: {=IF(ISBLANK(INDIRECT("'"&$A31&"'!B6:E6")), "", INDIRECT("'"&$A31&"'!B6:E6"))} -> 824.29688 | D31: 1479.194 | E31: -654.89712 | F31: -0.44273917 | H31: {=IF(ISBLANK(INDIRECT("'"&$A31&"'!B24:G24")), "", INDIRECT("'"&$A31&"'!B24:G24"))} -> 824.29688 | I31: 2566.102 | J31: -1741.8051 | K31: -0.6787747
A32: Clinton Main Relo | B32: NJ | C32: {=IF(ISBLANK(INDIRECT("'"&$A32&"'!B6:E6")), "", INDIRECT("'"&$A32&"'!B6:E6"))} -> 611.73828 | D32: 1001.651 | E32: -389.91272 | F32: -0.38927003 | H32: {=IF(ISBLANK(INDIRECT("'"&$A32&"'!B24:G24")), "", INDIRECT("'"&$A32&"'!B24:G24"))} -> 611.73828 | I32: 1153.765 | J32: -542.02672 | K32: -0.46978953
A33: Closter Office | B33: NJ | C33: {=IF(ISBLANK(INDIRECT("'"&$A33&"'!B6:E6")), "", INDIRECT("'"&$A33&"'!B6:E6"))} -> 144.2 | D33: 202.6485 | E33: -58.4485 | F33: -0.28842306 | H33: {=IF(ISBLANK(INDIRECT("'"&$A33&"'!B24:G24")), "", INDIRECT("'"&$A33&"'!B24:G24"))} -> 144.2 | I33: 494.769 | J33: -350.569 | K33: -0.70855086
A34: East Windsor | B34: NJ | C34: {=IF(ISBLANK(INDIRECT("'"&$A34&"'!B6:E6")), "", INDIRECT("'"&$A34&"'!B6:E6"))} -> 234.4 | D34: 395.1954 | E34: -160.7954 | F34: -0.40687569 | H34: {=IF(ISBLANK(INDIRECT("'"&$A34&"'!B24:G24")), "", INDIRECT("'"&$A34&"'!B24:G24"))} -> 234.4 | I34: 408.178 | J34: -173.778 | K34: -0.42574073
A35: Edison Office | B35: NJ | C35: {=IF(ISBLANK(INDIRECT("'"&$A35&"'!B6:E6")), "", INDIRECT("'"&$A35&"'!B6:E6"))} -> 923 | D35: 960.8481 | E35: -37.8481 | F35: -0.039390305 | H35: {=IF(ISBLANK(INDIRECT("'"&$A35&"'!B24:G24")), "", INDIRECT("'"&$A35&"'!B24:G24"))} -> 923 | I35: 1532.135 | J35: -609.135 | K35: -0.39757267
A36: Ellisburg Circle Center | B36: NJ | C36: {=IF(ISBLANK(INDIRECT("'"&$A36&"'!B6:E6")), "", INDIRECT("'"&$A36&"'!B6:E6"))} -> 241 | D36: 385.1902 | E36: -144.1902 | F36: -0.37433507 | H36: {=IF(ISBLANK(INDIRECT("'"&$A36&"'!B24:G24")), "", INDIRECT("'"&$A36&"'!B24:G24"))} -> 241 | I36: 451.606 | J36: -210.606 | K36: -0.46634899
... A51: Rt. 22 Springfield | B51: NJ | C51: {=IF(ISBLANK(INDIRECT("'"&$A51&"'!B6:E6")), "", INDIRECT("'"&$A51&"'!B6:E6"))} -> 933.7 | D51: 1153.66 | E51: -219.96 | F51: -0.19066276 | H51: {=IF(ISBLANK(INDIRECT("'"&$A51&"'!B24:G24")), "", INDIRECT("'"&$A51&"'!B24:G24"))} -> 933.7 | I51: 1296.399 | J51: -362.699 | K51: -0.27977421
A52: Somerset | B52: NJ | C52: {=IF(ISBLANK(INDIRECT("'"&$A52&"'!B6:E6")), "", INDIRECT("'"&$A52&"'!B6:E6"))} -> 0 | D52: 0 | E52: 0 | F52: - | H52: {=IF(ISBLANK(INDIRECT("'"&$A52&"'!B24:G24")), "", INDIRECT("'"&$A52&"'!B24:G24"))} -> 0 | I52: 0 | J52: 0 | K52: - | L52: No data available
A53: South Plainfield | B53: NJ | C53: {=IF(ISBLANK(INDIRECT("'"&$A53&"'!B6:E6")), "", INDIRECT("'"&$A53&"'!B6:E6"))} -> 440.8 | D53: 493.0951 | E53: -52.2951 | F53: -0.1060548 | H53: {=IF(ISBLANK(INDIRECT("'"&$A53&"'!B24:G24")), "", INDIRECT("'"&$A53&"'!B24:G24"))} -> 440.8 | I53: 750.996 | J53: -310.196 | K53: -0.41304614
A54: West Deptford Woodbury | B54: NJ | C54: {=IF(ISBLANK(INDIRECT("'"&$A54&"'!B6:E6")), "", INDIRECT("'"&$A54&"'!B6:E6"))} -> 1385.9 | D54: 1614.307 | E54: -228.407 | F54: -0.1414892 | H54: {=IF(ISBLANK(INDIRECT("'"&$A54&"'!B24:G24")), "", INDIRECT("'"&$A54&"'!B24:G24"))} -> 1385.9 | I54: 1978.362 | J54: -592.462 | K54: -0.29947098
A55: Whiting | B55: NJ | C55: {=IF(ISBLANK(INDIRECT("'"&$A55&"'!B6:E6")), "", INDIRECT("'"&$A55&"'!B6:E6"))} -> 1524.9 | D55: 1991.186 | E55: -466.286 | F55: -0.23417501 | H55: {=IF(ISBLANK(INDIRECT("'"&$A55&"'!B24:G24")), "", INDIRECT("'"&$A55&"'!B24:G24"))} -> 1524.9 | I55: 2510.996 | J55: -986.096 | K55: -0.3927111
A56: 102 - San Antonio Ops | B56: TX | C56: {=IF(ISBLANK(INDIRECT("'"&$A56&"'!B6:E6")), "", INDIRECT("'"&$A56&"'!B6:E6"))} -> 0 | D56: 0 | E56: 0 | F56: - | H56: {=IF(ISBLANK(INDIRECT("'"&$A56&"'!B24:G24")), "", INDIRECT("'"&$A56&"'!B24:G24"))} -> 0 | I56: 0 | J56: 0 | K56: - | L56: Site's de-energized 06/02/2023 due to TIGO investigation
A57: 104 - San Antonio Ops | B57: TX | C57: {=IF(ISBLANK(INDIRECT("'"&$A57&"'!B6:E6")), "", INDIRECT("'"&$A57&"'!B6:E6"))} -> 0 | D57: 0 | E57: 0 | F57: - | H57: {=IF(ISBLANK(INDIRECT("'"&$A57&"'!B24:G24")), "", INDIRECT("'"&$A57&"'!B24:G24"))} -> 0 | I57: 0 | J57: 0 | K57: - | L57: Site's de-energized 06/02/2023 due to TIGO investigation
A58: 106 - San Antonio Ops | B58: TX | C58: {=IF(ISBLANK(INDIRECT("'"&$A58&"'!B6:E6")), "", INDIRECT("'"&$A58&"'!B6:E6"))} -> 0 | D58: 0 | E58: 0 | F58: - | H58: {=IF(ISBLANK(INDIRECT("'"&$A58&"'!B24:G24")), "", INDIRECT("'"&$A58&"'!B24:G24"))} -> 0 | I58: 0 | J58: 0 | K58: - | L58: Site's de-energized 06/02/2023 due to TIGO investigation
A59: 201 - San Antonio Ops | B59: TX | C59: {=IF(ISBLANK(INDIRECT("'"&$A59&"'!B6:E6")), "", INDIRECT("'"&$A59&"'!B6:E6"))} -> 0 | D59: 0 | E59: 0 | F59: - | H59: {=IF(ISBLANK(INDIRECT("'"&$A59&"'!B24:G24")), "", INDIRECT("'"&$A59&"'!B24:G24"))} -> 0 | I59: 35803.38 | J59: -35803.38 | K59: -1 | L59: Site's de-energized 06/02/2023 due to TIGO investigation
A60: 203 - San Antonio Ops | B60: TX | C60: {=IF(ISBLANK(INDIRECT("'"&$A60&"'!B6:E6")), "", INDIRECT("'"&$A60&"'!B6:E6"))} -> 0 | D60: 0 | E60: 0 | F60: - | H60: {=IF(ISBLANK(INDIRECT("'"&$A60&"'!B24:G24")), "", INDIRECT("'"&$A60&"'!B24:G24"))} -> 0 | I60: 0 | J60: 0 | K60: - | L60: Site's de-energized 06/02/2023 due to TIGO investigation
A61: 205 - San Antonio Ops | B61: TX | C61: {=IF(ISBLANK(INDIRECT("'"&$A61&"'!B6:E6")), "", INDIRECT("'"&$A61&"'!B6:E6"))} -> 0 | D61: 0 | E61: 0 | F61: - | H61: {=IF(ISBLANK(INDIRECT("'"&$A61&"'!B24:G24")), "", INDIRECT("'"&$A61&"'!B24:G24"))} -> 0 | I61: 33517.699 | J61: -33517.699 | K61: -1 | L61: Site's de-energized 06/02/2023 due to TIGO investigation
A62: 307 - San Antonio Ops | B62: TX | C62: {=IF(ISBLANK(INDIRECT("'"&$A62&"'!B6:E6")), "", INDIRECT("'"&$A62&"'!B6:E6"))} -> 0 | D62: 0 | E62: 0 | F62: - | H62: {=IF(ISBLANK(INDIRECT("'"&$A62&"'!B24:G24")), "", INDIRECT("'"&$A62&"'!B24:G24"))} -> 0 | I62: 34698.845 | J62: -34698.845 | K62: -1 | L62: Site's de-energized 06/02/2023 due to TIGO investigation
A63: 308 - San Antonio Ops | B63: TX | C63: {=IF(ISBLANK(INDIRECT("'"&$A63&"'!B6:E6")), "", INDIRECT("'"&$A63&"'!B6:E6"))} -> 24.25 | D63: 0 | E63: 24.25 | F63: - | H63: {=IF(ISBLANK(INDIRECT("'"&$A63&"'!B24:G24")), "", INDIRECT("'"&$A63&"'!B24:G24"))} -> 24.25 | I63: 34211.301 | J63: -34187.051 | K63: -0.99929117 | L63: Site's de-energized 06/02/2023 due to TIGO investigation
A64: GM - San Antonio Ops | B64: TX | C64: {=IF(ISBLANK(INDIRECT("'"&$A64&"'!B6:E6")), "", INDIRECT("'"&$A64&"'!B6:E6"))} -> 275677 | D64: 318383.4 | E64: -42706.4 | F64: -0.13413513 | H64: {=IF(ISBLANK(INDIRECT("'"&$A64&"'!B24:G24")), "", INDIRECT("'"&$A64&"'!B24:G24"))} -> 275677 | I64: 289610.83 | J64: -13933.834 | K64: -0.048112268 | L64: Inverter 17 was offline from morning and back online at 14:00 on 01/24 | M64: SR080443
A65: Total | C65: =SUM(C3:C64) -> 434877.89 | D65: =SUM(D3:D64) -> 405850.93 | E65: =C65-D65 -> 29026.959 | F65: =IFERROR(E65/D65, "-") -> 0.071521233 | H65: =C65 -> 434877.89 | I65: =SUM(I3:I64) -> 698800.05 | J65: =H65-I65 -> -263922.16 | K65: =IFERROR(J65/I65, "-") -> -0.37767909

Sheet 02-2024
A1: WELLS FARGO | C1: 02-2024 Actual v. Expected | H1: 02-2024 Actual v. Forecasted | L1: NOTES | M1: SR
A2: Site | B2: State | C2: Actual | D2: Expected | E2: Delta | F2: % | H2: Actual | I2: Forecasted | J2: Delta | K2: %
A3: {=Sites[Site]} -> Adams & Broadway | B3: {=Sites[State]} -> CA | C3: {=IF(ISBLANK(INDIRECT("'"&$A3&"'!B7:E7")), "", INDIRECT("'"&$A3&"'!B7:E7"))} | E3: 0 | F3: - | H3: {=IF(ISBLANK(INDIRECT("'"&$A3&"'!B25:G25")), "", INDIRECT("'"&$A3&"'!B25:G25"))} -> 0 | J3: 0 | K3: -
A4: Otay Mesa | B4: CA | C4: {=IF(ISBLANK(INDIRECT("'"&$A4&"'!B7:E7")), "", INDIRECT("'"&$A4&"'!B7:E7"))} | E4: 0 | F4: - | H4: {=IF(ISBLANK(INDIRECT("'"&$A4&"'!B25:G25")), "", INDIRECT("'"&$A4&"'!B25:G25"))} -> 0 | J4: 0 | K4: -
A5: San Leandro Ops Center | B5: CA | C5: {=IF(ISBLANK(INDIRECT("'"&$A5&"'!B7:E7")), "", INDIRECT("'"&$A5&"'!B7:E7"))} | E5: 0 | F5: - | H5: {=IF(ISBLANK(INDIRECT("'"&$A5&"'!B25:G25")), "", INDIRECT("'"&$A5&"'!B25:G25"))} -> 0 | J5: 0 | K5: -
A6: Van Nuys | B6: CA | C6: {=IF(ISBLANK(INDIRECT("'"&$A6&"'!B7:E7")), "", INDIRECT("'"&$A6&"'!B7:E7"))} | E6: 0 | F6: - | H6: {=IF(ISBLANK(INDIRECT("'"&$A6&"'!B25:G25")), "", INDIRECT("'"&$A6&"'!B25:G25"))} -> 0 | J6: 0 | K6: -
A7: 98th & Grant | B7: CO | C7: {=IF(ISBLANK(INDIRECT("'"&$A7&"'!B7:E7")), "", INDIRECT("'"&$A7&"'!B7:E7"))} | E7: 0 | F7: - | H7: {=IF(ISBLANK(INDIRECT("'"&$A7&"'!B25:G25")), "", INDIRECT("'"&$A7&"'!B25:G25"))} -> 0 | J7: 0 | K7: -
A8: Arapahoe Crossings | B8: CO | C8: {=IF(ISBLANK(INDIRECT("'"&$A8&"'!B7:E7")), "", INDIRECT("'"&$A8&"'!B7:E7"))} | E8: 0 | F8: - | H8: {=IF(ISBLANK(INDIRECT("'"&$A8&"'!B25:G25")), "", INDIRECT("'"&$A8&"'!B25:G25"))} -> 0 | J8: 0 | K8: -
A9: Aurora City Center | B9: CO | C9: {=IF(ISBLANK(INDIRECT("'"&$A9&"'!B7:E7")), "", INDIRECT("'"&$A9&"'!B7:E7"))} | E9: 0 | F9: - | H9: {=IF(ISBLANK(INDIRECT("'"&$A9&"'!B25:G25")), "", INDIRECT("'"&$A9&"'!B25:G25"))} -> 0 | J9: 0 | K9: -
A10: Dry Creek | B10: CO | C10: {=IF(ISBLANK(INDIRECT("'"&$A10&"'!B7:E7")), "", INDIRECT("'"&$A10&"'!B7:E7"))} | E10: 0 | F10: - | H10: {=IF(ISBLANK(INDIRECT("'"&$A10&"'!B25:G25")), "", INDIRECT("'"&$A10&"'!B25:G25"))} -> 0 | J10: 0 | K10: -
A11: Havana Gardens | B11: CO | C11: {=IF(ISBLANK(INDIRECT("'"&$A11&"'!B7:E7")), "", INDIRECT("'"&$A11&"'!B7:E7"))} | E11: 0 | F11: - | H11: {=IF(ISBLANK(INDIRECT("'"&$A11&"'!B25:G25")), "", INDIRECT("'"&$A11&"'!B25:G25"))} -> 0 | J11: 0 | K11: -
A12: Highlands Ranch South | B12: CO | C12: {=IF(ISBLANK(INDIRECT("'"&$A12&"'!B7:E7")), "", INDIRECT("'"&$A12&"'!B7:E7"))} | E12: 0 | F12: - | H12: {=IF(ISBLANK(INDIRECT("'"&$A12&"'!B25:G25")), "", INDIRECT("'"&$A12&"'!B25:G25"))} -> 0 | J12: 0 | K12: -
A13: Lone Tree | B13: CO | C13: {=IF(ISBLANK(INDIRECT("'"&$A13&"'!B7:E7")), "", INDIRECT("'"&$A13&"'!B7:E7"))} | E13: 0 | F13: - | H13: {=IF(ISBLANK(INDIRECT("'"&$A13&"'!B25:G25")), "", INDIRECT("'"&$A13&"'!B25:G25"))} -> 0 | J13: 0 | K13: -
A14: Meridian | B14: CO | C14: {=IF(ISBLANK(INDIRECT("'"&$A14&"'!B7:E7")), "", INDIRECT("'"&$A14&"'!B7:E7"))} | E14: 0 | F14: - | H14: {=IF(ISBLANK(INDIRECT("'"&$A14&"'!B25:G25")), "", INDIRECT("'"&$A14&"'!B25:G25"))} -> 0 | J14: 0 | K14: -
A15: Southglenn Relocation | B15: CO | C15: {=IF(ISBLANK(INDIRECT("'"&$A15&"'!B7:E7")), "", INDIRECT("'"&$A15&"'!B7:E7"))} | E15: 0 | F15: - | H15: {=IF(ISBLANK(INDIRECT("'"&$A15&"'!B25:G25")), "", INDIRECT("'"&$A15&"'!B25:G25"))} -> 0 | J15: 0 | K15: -
... A64: GM - San Antonio Ops | B64: TX | C64: {=IF(ISBLANK(INDIRECT("'"&$A64&"'!B7:E7")), "", INDIRECT("'"&$A64&"'!B7:E7"))} | E64: 0 | F64: - | H64: {=IF(ISBLANK(INDIRECT("'"&$A64&"'!B25:G25")), "", INDIRECT("'"&$A64&"'!B25:G25"))} -> 0 | J64: 0 | K64: -
A65: Total | C65: =SUM(C3:C64) -> 0 | D65: =SUM(D3:D64) -> 0 | E65: =C65-D65 -> 0 | F65: =IFERROR(E65/D65, "-") -> - | H65: =C65 -> 0 | I65: =SUM(I3:I64) -> 0 | J65: =H65-I65 -> 0 | K65: =IFERROR(J65/I65, "-") -> -

Sheet 03-2024
A1: WELLS FARGO | C1: 03-2024 Actual v. Expected | H1: 03-2024 Actual v. Forecasted | L1: NOTES | M1: SR
A2: Site | B2: State | C2: Actual | D2: Expected | E2: Delta | F2: % | H2: Actual | I2: Forecasted | J2: Delta | K2: %
A3: {=Sites[Site]} -> Adams & Broadway | B3: {=Sites[State]} -> CA | C3: {=IF(ISBLANK(INDIRECT("'"&$A3&"'!B8:E8")), "", INDIRECT("'"&$A3&"'!B8:E8"))} | E3: 0 | F3: - | H3: {=IF(ISBLANK(INDIRECT("'"&$A3&"'!B26:G26")), "", INDIRECT("'"&$A3&"'!B26:G26"))} -> 0 | J3: 0 | K3: -
A4: Otay Mesa | B4: CA | C4: {=IF(ISBLANK(INDIRECT("'"&$A4&"'!B8:E8")), "", INDIRECT("'"&$A4&"'!B8:E8"))} | E4: 0 | F4: - | H4: {=IF(ISBLANK(INDIRECT("'"&$A4&"'!B26:G26")), "", INDIRECT("'"&$A4&"'!B26:G26"))} -> 0 | J4: 0 | K4: -
A5: San Leandro Ops Center | B5: CA | C5: {=IF(ISBLANK(INDIRECT("'"&$A5&"'!B8:E8")), "", INDIRECT("'"&$A5&"'!B8:E8"))} | E5: 0 | F5: - | H5: {=IF(ISBLANK(INDIRECT("'"&$A5&"'!B26:G26")), "", INDIRECT("'"&$A5&"'!B26:G26"))} -> 0 | J5: 0 | K5: -
A6: Van Nuys | B6: CA | C6: {=IF(ISBLANK(INDIRECT("'"&$A6&"'!B8:E8")), "", INDIRECT("'"&$A6&"'!B8:E8"))} | E6: 0 | F6: - | H6: {=IF(ISBLANK(INDIRECT("'"&$A6&"'!B26:G26")), "", INDIRECT("'"&$A6&"'!B26:G26"))} -> 0 | J6: 0 | K6: -
A7: 98th & Grant | B7: CO | C7: {=IF(ISBLANK(INDIRECT("'"&$A7&"'!B8:E8")), "", INDIRECT("'"&$A7&"'!B8:E8"))} | E7: 0 | F7: - | H7: {=IF(ISBLANK(INDIRECT("'"&$A7&"'!B26:G26")), "", INDIRECT("'"&$A7&"'!B26:G26"))} -> 0 | J7: 0 | K7: -
A8: Arapahoe Crossings | B8: CO | C8: {=IF(ISBLANK(INDIRECT("'"&$A8&"'!B8:E8")), "", INDIRECT("'"&$A8&"'!B8:E8"))} | E8: 0 | F8: - | H8: {=IF(ISBLANK(INDIRECT("'"&$A8&"'!B26:G26")), "", INDIRECT("'"&$A8&"'!B26:G26"))} -> 0 | J8: 0 | K8: -
A9: Aurora City Center | B9: CO | C9: {=IF(ISBLANK(INDIRECT("'"&$A9&"'!B8:E8")), "", INDIRECT("'"&$A9&"'!B8:E8"))} | E9: 0 | F9: - | H9: {=IF(ISBLANK(INDIRECT("'"&$A9&"'!B26:G26")), "", INDIRECT("'"&$A9&"'!B26:G26"))} -> 0 | J9: 0 | K9: -
A10: Dry Creek | B10: CO | C10: {=IF(ISBLANK(INDIRECT("'"&$A10&"'!B8:E8")), "", INDIRECT("'"&$A10&"'!B8:E8"))} | E10: 0 | F10: - | H10: {=IF(ISBLANK(INDIRECT("'"&$A10&"'!B26:G26")), "", INDIRECT("'"&$A10&"'!B26:G26"))} -> 0 | J10: 0 | K10: -
A11: Havana Gardens | B11: CO | C11: {=IF(ISBLANK(INDIRECT("'"&$A11&"'!B8:E8")), "", INDIRECT("'"&$A11&"'!B8:E8"))} | E11: 0 | F11: - | H11: {=IF(ISBLANK(INDIRECT("'"&$A11&"'!B26:G26")), "", INDIRECT("'"&$A11&"'!B26:G26"))} -> 0 | J11: 0 | K11: -
A12: Highlands Ranch South | B12: CO | C12: {=IF(ISBLANK(INDIRECT("'"&$A12&"'!B8:E8")), "", INDIRECT("'"&$A12&"'!B8:E8"))} | E12: 0 | F12: - | H12: {=IF(ISBLANK(INDIRECT("'"&$A12&"'!B26:G26")), "", INDIRECT("'"&$A12&"'!B26:G26"))} -> 0 | J12: 0 | K12: -
A13: Lone Tree | B13: CO | C13: {=IF(ISBLANK(INDIRECT("'"&$A13&"'!B8:E8")), "", INDIRECT("'"&$A13&"'!B8:E8"))} | E13: 0 | F13: - | H13: {=IF(ISBLANK(INDIRECT("'"&$A13&"'!B26:G26")), "", INDIRECT("'"&$A13&"'!B26:G26"))} -> 0 | J13: 0 | K13: -
A14: Meridian | B14: CO | C14: {=IF(ISBLANK(INDIRECT("'"&$A14&"'!B8:E8")), "", INDIRECT("'"&$A14&"'!B8:E8"))} | E14: 0 | F14: - | H14: {=IF(ISBLANK(INDIRECT("'"&$A14&"'!B26:G26")), "", INDIRECT("'"&$A14&"'!B26:G26"))} -> 0 | J14: 0 | K14: -
A15: Southglenn Relocation | B15: CO | C15: {=IF(ISBLANK(INDIRECT("'"&$A15&"'!B8:E8")), "", INDIRECT("'"&$A15&"'!B8:E8"))} | E15: 0 | F15: - | H15: {=IF(ISBLANK(INDIRECT("'"&$A15&"'!B26:G26")), "", INDIRECT("'"&$A15&"'!B26:G26"))} -> 0 | J15: 0 | K15: -
... A64: GM - San Antonio Ops | B64: TX | C64: {=IF(ISBLANK(INDIRECT("'"&$A64&"'!B8:E8")), "", INDIRECT("'"&$A64&"'!B8:E8"))} | E64: 0 | F64: - | H64: {=IF(ISBLANK(INDIRECT("'"&$A64&"'!B26:G26")), "", INDIRECT("'"&$A64&"'!B26:G26"))} -> 0 | J64: 0 | K64: -
A65: Total | C65: =SUM(C3:C64) -> 0 | D65: =SUM(D3:D64) -> 0 | E65: =C65-D65 -> 0 | F65: =IFERROR(E65/D65, "-") -> - | H65: =C65 -> 0 | I65: =SUM(I3:I64) -> 0 | J65: =H65-I65 -> 0 | K65: =IFERROR(J65/I65, "-") -> -

Sheet 04-2024
A1: WELLS FARGO | C1: 04-2024 Actual v. Expected | H1: 04-2024 Actual v. Forecasted | L1: NOTES | M1: SR
A2: Site | B2: State | C2: Actual | D2: Expected | E2: Delta | F2: % | H2: Actual | I2: Forecasted | J2: Delta | K2: %
A3: {=Sites[Site]} -> Adams & Broadway | B3: {=Sites[State]} -> CA | C3: {=IF(ISBLANK(INDIRECT("'"&$A3&"'!B9:E9")), "", INDIRECT("'"&$A3&"'!B9:E9"))} | E3: 0 | F3: - | H3: {=IF(ISBLANK(INDIRECT("'"&$A3&"'!B27:G27")), "", INDIRECT("'"&$A3&"'!B27:G27"))} -> 0 | J3: 0 | K3: -
A4: Otay Mesa | B4: CA | C4: {=IF(ISBLANK(INDIRECT("'"&$A4&"'!B9:E9")), "", INDIRECT("'"&$A4&"'!B9:E9"))} | E4: 0 | F4: - | H4: {=IF(ISBLANK(INDIRECT("'"&$A4&"'!B27:G27")), "", INDIRECT("'"&$A4&"'!B27:G27"))} -> 0 | J4: 0 | K4: -
A5: San Leandro Ops Center | B5: CA | C5: {=IF(ISBLANK(INDIRECT("'"&$A5&"'!B9:E9")), "", INDIRECT("'"&$A5&"'!B9:E9"))} | E5: 0 | F5: - | H5: {=IF(ISBLANK(INDIRECT("'"&$A5&"'!B27:G27")), "", INDIRECT("'"&$A5&"'!B27:G27"))} -> 0 | J5: 0 | K5: -
A6: Van Nuys | B6: CA | C6: {=IF(ISBLANK(INDIRECT("'"&$A6&"'!B9:E9")), "", INDIRECT("'"&$A6&"'!B9:E9"))} | E6: 0 | F6: - | H6: {=IF(ISBLANK(INDIRECT("'"&$A6&"'!B27:G27")), "", INDIRECT("'"&$A6&"'!B27:G27"))} -> 0 | J6: 0 | K6: -
A7: 98th & Grant | B7: CO | C7: {=IF(ISBLANK(INDIRECT("'"&$A7&"'!B9:E9")), "", INDIRECT("'"&$A7&"'!B9:E9"))} | E7: 0 | F7: - | H7: {=IF(ISBLANK(INDIRECT("'"&$A7&"'!B27:G27")), "", INDIRECT("'"&$A7&"'!B27:G27"))} -> 0 | J7: 0 | K7: -
A8: Arapahoe Crossings | B8: CO | C8: {=IF(ISBLANK(INDIRECT("'"&$A8&"'!B9:E9")), "", INDIRECT("'"&$A8&"'!B9:E9"))} | E8: 0 | F8: - | H8: {=IF(ISBLANK(INDIRECT("'"&$A8&"'!B27:G27")), "", INDIRECT("'"&$A8&"'!B27:G27"))} -> 0 | J8: 0 | K8: -
A9: Aurora City Center | B9: CO | C9: {=IF(ISBLANK(INDIRECT("'"&$A9&"'!B9:E9")), "", INDIRECT("'"&$A9&"'!B9:E9"))} | E9: 0 | F9: - | H9: {=IF(ISBLANK(INDIRECT("'"&$A9&"'!B27:G27")), "", INDIRECT("'"&$A9&"'!B27:G27"))} -> 0 | J9: 0 | K9: -
A10: Dry Creek | B10: CO | C10: {=IF(ISBLANK(INDIRECT("'"&$A10&"'!B9:E9")), "", INDIRECT("'"&$A10&"'!B9:E9"))} | E10: 0 | F10: - | H10: {=IF(ISBLANK(INDIRECT("'"&$A10&"'!B27:G27")), "", INDIRECT("'"&$A10&"'!B27:G27"))} -> 0 | J10: 0 | K10: -
A11: Havana Gardens | B11: CO | C11: {=IF(ISBLANK(INDIRECT("'"&$A11&"'!B9:E9")), "", INDIRECT("'"&$A11&"'!B9:E9"))} | E11: 0 | F11: - | H11: {=IF(ISBLANK(INDIRECT("'"&$A11&"'!B27:G27")), "", INDIRECT("'"&$A11&"'!B27:G27"))} -> 0 | J11: 0 | K11: -
A12: Highlands Ranch South | B12: CO | C12: {=IF(ISBLANK(INDIRECT("'"&$A12&"'!B9:E9")), "", INDIRECT("'"&$A12&"'!B9:E9"))} | E12: 0 | F12: - | H12: {=IF(ISBLANK(INDIRECT("'"&$A12&"'!B27:G27")), "", INDIRECT("'"&$A12&"'!B27:G27"))} -> 0 | J12: 0 | K12: -
A13: Lone Tree | B13: CO | C13: {=IF(ISBLANK(INDIRECT("'"&$A13&"'!B9:E9")), "", INDIRECT("'"&$A13&"'!B9:E9"))} | E13: 0 | F13: - | H13: {=IF(ISBLANK(INDIRECT("'"&$A13&"'!B27:G27")), "", INDIRECT("'"&$A13&"'!B27:G27"))} -> 0 | J13: 0 | K13: -
A14: Meridian | B14: CO | C14: {=IF(ISBLANK(INDIRECT("'"&$A14&"'!B9:E9")), "", INDIRECT("'"&$A14&"'!B9:E9"))} | E14: 0 | F14: - | H14: {=IF(ISBLANK(INDIRECT("'"&$A14&"'!B27:G27")), "", INDIRECT("'"&$A14&"'!B27:G27"))} -> 0 | J14: 0 | K14: -
A15: Southglenn Relocation | B15: CO | C15: {=IF(ISBLANK(INDIRECT("'"&$A15&"'!B9:E9")), "", INDIRECT("'"&$A15&"'!B9:E9"))} | E15: 0 | F15: - | H15: {=IF(ISBLANK(INDIRECT("'"&$A15&"'!B27:G27")), "", INDIRECT("'"&$A15&"'!B27:G27"))} -> 0 | J15: 0 | K15: -
... A64: GM - San Antonio Ops | B64: TX | C64: {=IF(ISBLANK(INDIRECT("'"&$A64&"'!B9:E9")), "", INDIRECT("'"&$A64&"'!B9:E9"))} | E64: 0 | F64: - | H64: {=IF(ISBLANK(INDIRECT("'"&$A64&"'!B27:G27")), "", INDIRECT("'"&$A64&"'!B27:G27"))} -> 0 | J64: 0 | K64: -
A65: Total | C65: =SUM(C3:C64) -> 0 | D65: =SUM(D3:D64) -> 0 | E65: =C65-D65 -> 0 | F65: =IFERROR(E65/D65, "-") -> - | H65: =C65 -> 0 | I65: =SUM(I3:I64) -> 0 | J65: =H65-I65 -> 0 | K65: =IFERROR(J65/I65, "-") -> -

Sheet 05-2024
A1: WELLS FARGO | C1: 05-2024 Actual v. Expected | H1: 05-2024 Actual v. Forecasted | L1: NOTES | M1: SR
A2: Site | B2: State | C2: Actual | D2: Expected | E2: Delta | F2: % | H2: Actual | I2: Forecasted | J2: Delta | K2: %
A3: {=Sites[Site]} -> Adams & Broadway | B3: {=Sites[State]} -> CA | C3: {=IF(ISBLANK(INDIRECT("'"&$A3&"'!B10:E10")), "", INDIRECT("'"&$A3&"'!B10:E10"))} | E3: 0 | F3: - | H3: {=IF(ISBLANK(INDIRECT("'"&$A3&"'!B28:G28")), "", INDIRECT("'"&$A3&"'!B28:G28"))} -> 0 | J3: 0 | K3: -
A4: Otay Mesa | B4: CA | C4: {=IF(ISBLANK(INDIRECT("'"&$A4&"'!B10:E10")), "", INDIRECT("'"&$A4&"'!B10:E10"))} | E4: 0 | F4: - | H4: {=IF(ISBLANK(INDIRECT("'"&$A4&"'!B28:G28")), "", INDIRECT("'"&$A4&"'!B28:G28"))} -> 0 | J4: 0 | K4: -
A5: San Leandro Ops Center | B5: CA | C5: {=IF(ISBLANK(INDIRECT("'"&$A5&"'!B10:E10")), "", INDIRECT("'"&$A5&"'!B10:E10"))} | E5: 0 | F5: - | H5: {=IF(ISBLANK(INDIRECT("'"&$A5&"'!B28:G28")), "", INDIRECT("'"&$A5&"'!B28:G28"))} -> 0 | J5: 0 | K5: -
A6: Van Nuys | B6: CA | C6: {=IF(ISBLANK(INDIRECT("'"&$A6&"'!B10:E10")), "", INDIRECT("'"&$A6&"'!B10:E10"))} | E6: 0 | F6: - | H6: {=IF(ISBLANK(INDIRECT("'"&$A6&"'!B28:G28")), "", INDIRECT("'"&$A6&"'!B28:G28"))} -> 0 | J6: 0 | K6: -
A7: 98th & Grant | B7: CO | C7: {=IF(ISBLANK(INDIRECT("'"&$A7&"'!B10:E10")), "", INDIRECT("'"&$A7&"'!B10:E10"))} | E7: 0 | F7: - | H7: {=IF(ISBLANK(INDIRECT("'"&$A7&"'!B28:G28")), "", INDIRECT("'"&$A7&"'!B28:G28"))} -> 0 | J7: 0 | K7: -
A8: Arapahoe Crossings | B8: CO | C8: {=IF(ISBLANK(INDIRECT("'"&$A8&"'!B10:E10")), "", INDIRECT("'"&$A8&"'!B10:E10"))} | E8: 0 | F8: - | H8: {=IF(ISBLANK(INDIRECT("'"&$A8&"'!B28:G28")), "", INDIRECT("'"&$A8&"'!B28:G28"))} -> 0 | J8: 0 | K8: -
A9: Aurora City Center | B9: CO | C9: {=IF(ISBLANK(INDIRECT("'"&$A9&"'!B10:E10")), "", INDIRECT("'"&$A9&"'!B10:E10"))} | E9: 0 | F9: - | H9: {=IF(ISBLANK(INDIRECT("'"&$A9&"'!B28:G28")), "", INDIRECT("'"&$A9&"'!B28:G28"))} -> 0 | J9: 0 | K9: -
A10: Dry Creek | B10: CO | C10: {=IF(ISBLANK(INDIRECT("'"&$A10&"'!B10:E10")), "", INDIRECT("'"&$A10&"'!B10:E10"))} | E10: 0 | F10: - | H10: {=IF(ISBLANK(INDIRECT("'"&$A10&"'!B28:G28")), "", INDIRECT("'"&$A10&"'!B28:G28"))} -> 0 | J10: 0 | K10: -
A11: Havana Gardens | B11: CO | C11: {=IF(ISBLANK(INDIRECT("'"&$A11&"'!B10:E10")), "", INDIRECT("'"&$A11&"'!B10:E10"))} | E11: 0 | F11: - | H11: {=IF(ISBLANK(INDIRECT("'"&$A11&"'!B28:G28")), "", INDIRECT("'"&$A11&"'!B28:G28"))} -> 0 | J11: 0 | K11: -
A12: Highlands Ranch South | B12: CO | C12: {=IF(ISBLANK(INDIRECT("'"&$A12&"'!B10:E10")), "", INDIRECT("'"&$A12&"'!B10:E10"))} | E12: 0 | F12: - | H12: {=IF(ISBLANK(INDIRECT("'"&$A12&"'!B28:G28")), "", INDIRECT("'"&$A12&"'!B28:G28"))} -> 0 | J12: 0 | K12: -
A13: Lone Tree | B13: CO | C13: {=IF(ISBLANK(INDIRECT("'"&$A13&"'!B10:E10")), "", INDIRECT("'"&$A13&"'!B10:E10"))} | E13: 0 | F13: - | H13: {=IF(ISBLANK(INDIRECT("'"&$A13&"'!B28:G28")), "", INDIRECT("'"&$A13&"'!B28:G28"))} -> 0 | J13: 0 | K13: -
A14: Meridian | B14: CO | C14: {=IF(ISBLANK(INDIRECT("'"&$A14&"'!B10:E10")), "", INDIRECT("'"&$A14&"'!B10:E10"))} | E14: 0 | F14: - | H14: {=IF(ISBLANK(INDIRECT("'"&$A14&"'!B28:G28")), "", INDIRECT("'"&$A14&"'!B28:G28"))} -> 0 | J14: 0 | K14: -
A15: Southglenn Relocation | B15: CO | C15: {=IF(ISBLANK(INDIRECT("'"&$A15&"'!B10:E10")), "", INDIRECT("'"&$A15&"'!B10:E10"))} | E15: 0 | F15: - | H15: {=IF(ISBLANK(INDIRECT("'"&$A15&"'!B28:G28")), "", INDIRECT("'"&$A15&"'!B28:G28"))} -> 0 | J15: 0 | K15: -
... A64: GM - San Antonio Ops | B64: TX | C64: {=IF(ISBLANK(INDIRECT("'"&$A64&"'!B10:E10")), "", INDIRECT("'"&$A64&"'!B10:E10"))} | E64: 0 | F64: - | H64: {=IF(ISBLANK(INDIRECT("'"&$A64&"'!B28:G28")), "", INDIRECT("'"&$A64&"'!B28:G28"))} -> 0 | J64: 0 | K64: -
A65: Total | C65: =SUM(C3:C64) -> 0 | D65: =SUM(D3:D64) -> 0 | E65: =C65-D65 -> 0 | F65: =IFERROR(E65/D65, "-") -> - | H65: =C65 -> 0 | I65: =SUM(I3:I64) -> 0 | J65: =H65-I65 -> 0 | K65: =IFERROR(J65/I65, "-") -> -

Sheet 06-2024
A1: WELLS FARGO | C1: 06-2024 Actual v. Expected | H1: 06-2024 Actual v. Forecasted | L1: NOTES | M1: SR
A2: Site | B2: State | C2: Actual | D2: Expected | E2: Delta | F2: % | H2: Actual | I2: Forecasted | J2: Delta | K2: %
A3: {=Sites[Site]} -> Adams & Broadway | B3: {=Sites[State]} -> CA | C3: {=IF(ISBLANK(INDIRECT("'"&$A3&"'!B11:E11")), "", INDIRECT("'"&$A3&"'!B11:E11"))} | E3: 0 | F3: - | H3: {=IF(ISBLANK(INDIRECT("'"&$A3&"'!B29:G29")), "", INDIRECT("'"&$A3&"'!B29:G29"))} -> 0 | J3: 0 | K3: -
A4: Otay Mesa | B4: CA | C4: {=IF(ISBLANK(INDIRECT("'"&$A4&"'!B11:E11")), "", INDIRECT("'"&$A4&"'!B11:E11"))} | E4: 0 | F4: - | H4: {=IF(ISBLANK(INDIRECT("'"&$A4&"'!B29:G29")), "", INDIRECT("'"&$A4&"'!B29:G29"))} -> 0 | J4: 0 | K4: -
A5: San Leandro Ops Center | B5: CA | C5: {=IF(ISBLANK(INDIRECT("'"&$A5&"'!B11:E11")), "", INDIRECT("'"&$A5&"'!B11:E11"))} | E5: 0 | F5: - | H5: {=IF(ISBLANK(INDIRECT("'"&$A5&"'!B29:G29")), "", INDIRECT("'"&$A5&"'!B29:G29"))} -> 0 | J5: 0 | K5: -
A6: Van Nuys | B6: CA | C6: {=IF(ISBLANK(INDIRECT("'"&$A6&"'!B11:E11")), "", INDIRECT("'"&$A6&"'!B11:E11"))} | E6: 0 | F6: - | H6: {=IF(ISBLANK(INDIRECT("'"&$A6&"'!B29:G29")), "", INDIRECT("'"&$A6&"'!B29:G29"))} -> 0 | J6: 0 | K6: -
A7: 98th & Grant | B7: CO | C7: {=IF(ISBLANK(INDIRECT("'"&$A7&"'!B11:E11")), "", INDIRECT("'"&$A7&"'!B11:E11"))} | E7: 0 | F7: - | H7: {=IF(ISBLANK(INDIRECT("'"&$A7&"'!B29:G29")), "", INDIRECT("'"&$A7&"'!B29:G29"))} -> 0 | J7: 0 | K7: -
A8: Arapahoe Crossings | B8: CO | C8: {=IF(ISBLANK(INDIRECT("'"&$A8&"'!B11:E11")), "", INDIRECT("'"&$A8&"'!B11:E11"))} | E8: 0 | F8: - | H8: {=IF(ISBLANK(INDIRECT("'"&$A8&"'!B29:G29")), "", INDIRECT("'"&$A8&"'!B29:G29"))} -> 0 | J8: 0 | K8: -
A9: Aurora City Center | B9: CO | C9: {=IF(ISBLANK(INDIRECT("'"&$A9&"'!B11:E11")), "", INDIRECT("'"&$A9&"'!B11:E11"))} | E9: 0 | F9: - | H9: {=IF(ISBLANK(INDIRECT("'"&$A9&"'!B29:G29")), "", INDIRECT("'"&$A9&"'!B29:G29"))} -> 0 | J9: 0 | K9: -
A10: Dry Creek | B10: CO | C10: {=IF(ISBLANK(INDIRECT("'"&$A10&"'!B11:E11")), "", INDIRECT("'"&$A10&"'!B11:E11"))} | E10: 0 | F10: - | H10: {=IF(ISBLANK(INDIRECT("'"&$A10&"'!B29:G29")), "", INDIRECT("'"&$A10&"'!B29:G29"))} -> 0 | J10: 0 | K10: -
A11: Havana Gardens | B11: CO | C11: {=IF(ISBLANK(INDIRECT("'"&$A11&"'!B11:E11")), "", INDIRECT("'"&$A11&"'!B11:E11"))} | E11: 0 | F11: - | H11: {=IF(ISBLANK(INDIRECT("'"&$A11&"'!B29:G29")), "", INDIRECT("'"&$A11&"'!B29:G29"))} -> 0 | J11: 0 | K11: -
A12: Highlands Ranch South | B12: CO | C12: {=IF(ISBLANK(INDIRECT("'"&$A12&"'!B11:E11")), "", INDIRECT("'"&$A12&"'!B11:E11"))} | E12: 0 | F12: - | H12: {=IF(ISBLANK(INDIRECT("'"&$A12&"'!B29:G29")), "", INDIRECT("'"&$A12&"'!B29:G29"))} -> 0 | J12: 0 | K12: -
A13: Lone Tree | B13: CO | C13: {=IF(ISBLANK(INDIRECT("'"&$A13&"'!B11:E11")), "", INDIRECT("'"&$A13&"'!B11:E11"))} | E13: 0 | F13: - | H13: {=IF(ISBLANK(INDIRECT("'"&$A13&"'!B29:G29")), "", INDIRECT("'"&$A13&"'!B29:G29"))} -> 0 | J13: 0 | K13: -
A14: Meridian | B14: CO | C14: {=IF(ISBLANK(INDIRECT("'"&$A14&"'!B11:E11")), "", INDIRECT("'"&$A14&"'!B11:E11"))} | E14: 0 | F14: - | H14: {=IF(ISBLANK(INDIRECT("'"&$A14&"'!B29:G29")), "", INDIRECT("'"&$A14&"'!B29:G29"))} -> 0 | J14: 0 | K14: -
A15: Southglenn Relocation | B15: CO | C15: {=IF(ISBLANK(INDIRECT("'"&$A15&"'!B11:E11")), "", INDIRECT("'"&$A15&"'!B11:E11"))} | E15: 0 | F15: - | H15: {=IF(ISBLANK(INDIRECT("'"&$A15&"'!B29:G29")), "", INDIRECT("'"&$A15&"'!B29:G29"))} -> 0 | J15: 0 | K15: -
... A64: GM - San Antonio Ops | B64: TX | C64: {=IF(ISBLANK(INDIRECT("'"&$A64&"'!B11:E11")), "", INDIRECT("'"&$A64&"'!B11:E11"))} | E64: 0 | F64: - | H64: {=IF(ISBLANK(INDIRECT("'"&$A64&"'!B29:G29")), "", INDIRECT("'"&$A64&"'!B29:G29"))} -> 0 | J64: 0 | K64: -
A65: Total | C65: =SUM(C3:C64) -> 0 | D65: =SUM(D3:D64) -> 0 | E65: =C65-D65 -> 0 | F65: =IFERROR(E65/D65, "-") -> - | H65: =C65 -> 0 | I65: =SUM(I3:I64) -> 0 | J65: =H65-I65 -> 0 | K65: =IFERROR(J65/I65, "-") -> -

Sheet 07-2024
A1: WELLS FARGO | C1: 07-2024 Actual v. Expected | H1: 07-2024 Actual v. Forecasted | L1: NOTES | M1: SR
A2: Site | B2: State | C2: Actual | D2: Expected | E2: Delta | F2: % | H2: Actual | I2: Forecasted | J2: Delta | K2: %
A3: {=Sites[Site]} -> Adams & Broadway | B3: {=Sites[State]} -> CA | C3: {=IF(ISBLANK(INDIRECT("'"&$A3&"'!B12:E12")), "", INDIRECT("'"&$A3&"'!B12:E12"))} | E3: 0 | F3: - | H3: {=IF(ISBLANK(INDIRECT("'"&$A3&"'!B30:G30")), "", INDIRECT("'"&$A3&"'!B30:G30"))} -> 0 | J3: 0 | K3: -
A4: Otay Mesa | B4: CA | C4: {=IF(ISBLANK(INDIRECT("'"&$A4&"'!B12:E12")), "", INDIRECT("'"&$A4&"'!B12:E12"))} | E4: 0 | F4: - | H4: {=IF(ISBLANK(INDIRECT("'"&$A4&"'!B30:G30")), "", INDIRECT("'"&$A4&"'!B30:G30"))} -> 0 | J4: 0 | K4: -
A5: San Leandro Ops Center | B5: CA | C5: {=IF(ISBLANK(INDIRECT("'"&$A5&"'!B12:E12")), "", INDIRECT("'"&$A5&"'!B12:E12"))} | E5: 0 | F5: - | H5: {=IF(ISBLANK(INDIRECT("'"&$A5&"'!B30:G30")), "", INDIRECT("'"&$A5&"'!B30:G30"))} -> 0 | J5: 0 | K5: -
A6: Van Nuys | B6: CA | C6: {=IF(ISBLANK(INDIRECT("'"&$A6&"'!B12:E12")), "", INDIRECT("'"&$A6&"'!B12:E12"))} | E6: 0 | F6: - | H6: {=IF(ISBLANK(INDIRECT("'"&$A6&"'!B30:G30")), "", INDIRECT("'"&$A6&"'!B30:G30"))} -> 0 | J6: 0 | K6: -
A7: 98th & Grant | B7: CO | C7: {=IF(ISBLANK(INDIRECT("'"&$A7&"'!B12:E12")), "", INDIRECT("'"&$A7&"'!B12:E12"))} | E7: 0 | F7: - | H7: {=IF(ISBLANK(INDIRECT("'"&$A7&"'!B30:G30")), "", INDIRECT("'"&$A7&"'!B30:G30"))} -> 0 | J7: 0 | K7: -
A8: Arapahoe Crossings | B8: CO | C8: {=IF(ISBLANK(INDIRECT("'"&$A8&"'!B12:E12")), "", INDIRECT("'"&$A8&"'!B12:E12"))} | E8: 0 | F8: - | H8: {=IF(ISBLANK(INDIRECT("'"&$A8&"'!B30:G30")), "", INDIRECT("'"&$A8&"'!B30:G30"))} -> 0 | J8: 0 | K8: -
A9: Aurora City Center | B9: CO | C9: {=IF(ISBLANK(INDIRECT("'"&$A9&"'!B12:E12")), "", INDIRECT("'"&$A9&"'!B12:E12"))} | E9: 0 | F9: - | H9: {=IF(ISBLANK(INDIRECT("'"&$A9&"'!B30:G30")), "", INDIRECT("'"&$A9&"'!B30:G30"))} -> 0 | J9: 0 | K9: -
A10: Dry Creek | B10: CO | C10: {=IF(ISBLANK(INDIRECT("'"&$A10&"'!B12:E12")), "", INDIRECT("'"&$A10&"'!B12:E12"))} | E10: 0 | F10: - | H10: {=IF(ISBLANK(INDIRECT("'"&$A10&"'!B30:G30")), "", INDIRECT("'"&$A10&"'!B30:G30"))} -> 0 | J10: 0 | K10: -
A11: Havana Gardens | B11: CO | C11: {=IF(ISBLANK(INDIRECT("'"&$A11&"'!B12:E12")), "", INDIRECT("'"&$A11&"'!B12:E12"))} | E11: 0 | F11: - | H11: {=IF(ISBLANK(INDIRECT("'"&$A11&"'!B30:G30")), "", INDIRECT("'"&$A11&"'!B30:G30"))} -> 0 | J11: 0 | K11: -
A12: Highlands Ranch South | B12: CO | C12: {=IF(ISBLANK(INDIRECT("'"&$A12&"'!B12:E12")), "", INDIRECT("'"&$A12&"'!B12:E12"))} | E12: 0 | F12: - | H12: {=IF(ISBLANK(INDIRECT("'"&$A12&"'!B30:G30")), "", INDIRECT("'"&$A12&"'!B30:G30"))} -> 0 | J12: 0 | K12: -
A13: Lone Tree | B13: CO | C13: {=IF(ISBLANK(INDIRECT("'"&$A13&"'!B12:E12")), "", INDIRECT("'"&$A13&"'!B12:E12"))} | E13: 0 | F13: - | H13: {=IF(ISBLANK(INDIRECT("'"&$A13&"'!B30:G30")), "", INDIRECT("'"&$A13&"'!B30:G30"))} -> 0 | J13: 0 | K13: -
A14: Meridian | B14: CO | C14: {=IF(ISBLANK(INDIRECT("'"&$A14&"'!B12:E12")), "", INDIRECT("'"&$A14&"'!B12:E12"))} | E14: 0 | F14: - | H14: {=IF(ISBLANK(INDIRECT("'"&$A14&"'!B30:G30")), "", INDIRECT("'"&$A14&"'!B30:G30"))} -> 0 | J14: 0 | K14: -
A15: Southglenn Relocation | B15: CO | C15: {=IF(ISBLANK(INDIRECT("'"&$A15&"'!B12:E12")), "", INDIRECT("'"&$A15&"'!B12:E12"))} | E15: 0 | F15: - | H15: {=IF(ISBLANK(INDIRECT("'"&$A15&"'!B30:G30")), "", INDIRECT("'"&$A15&"'!B30:G30"))} -> 0 | J15: 0 | K15: -
... A64: GM - San Antonio Ops | B64: TX | C64: {=IF(ISBLANK(INDIRECT("'"&$A64&"'!B12:E12")), "", INDIRECT("'"&$A64&"'!B12:E12"))} | E64: 0 | F64: - | H64: {=IF(ISBLANK(INDIRECT("'"&$A64&"'!B30:G30")), "", INDIRECT("'"&$A64&"'!B30:G30"))} -> 0 | J64: 0 | K64: -
A65: Total | C65: =SUM(C3:C64) -> 0 | D65: =SUM(D3:D64) -> 0 | E65: =C65-D65 -> 0 | F65: =IFERROR(E65/D65, "-") -> - | H65: =C65 -> 0 | I65: =SUM(I3:I64) -> 0 | J65: =H65-I65 -> 0 | K65: =IFERROR(J65/I65, "-") -> -

Sheet 08-2024
A1: WELLS FARGO | C1: 08-2024 Actual v. Expected | H1: 08-2024 Actual v. Forecasted | L1: NOTES | M1: SR
A2: Site | B2: State | C2: Actual | D2: Expected | E2: Delta | F2: % | H2: Actual | I2: Forecasted | J2: Delta | K2: %
A3: {=Sites[Site]} -> Adams & Broadway | B3: {=Sites[State]} -> CA | C3: {=IF(ISBLANK(INDIRECT("'"&$A3&"'!B13:E13")), "", INDIRECT("'"&$A3&"'!B13:E13"))} | E3: 0 | F3: - | H3: {=IF(ISBLANK(INDIRECT("'"&$A3&"'!B31:G31")), "", INDIRECT("'"&$A3&"'!B31:G31"))} -> 0 | J3: 0 | K3: -
A4: Otay Mesa | B4: CA | C4: {=IF(ISBLANK(INDIRECT("'"&$A4&"'!B13:E13")), "", INDIRECT("'"&$A4&"'!B13:E13"))} | E4: 0 | F4: - | H4: {=IF(ISBLANK(INDIRECT("'"&$A4&"'!B31:G31")), "", INDIRECT("'"&$A4&"'!B31:G31"))} -> 0 | J4: 0 | K4: -
A5: San Leandro Ops Center | B5: CA | C5: {=IF(ISBLANK(INDIRECT("'"&$A5&"'!B13:E13")), "", INDIRECT("'"&$A5&"'!B13:E13"))} | E5: 0 | F5: - | H5: {=IF(ISBLANK(INDIRECT("'"&$A5&"'!B31:G31")), "", INDIRECT("'"&$A5&"'!B31:G31"))} -> 0 | J5: 0 | K5: -
A6: Van Nuys | B6: CA | C6: {=IF(ISBLANK(INDIRECT("'"&$A6&"'!B13:E13")), "", INDIRECT("'"&$A6&"'!B13:E13"))} | E6: 0 | F6: - | H6: {=IF(ISBLANK(INDIRECT("'"&$A6&"'!B31:G31")), "", INDIRECT("'"&$A6&"'!B31:G31"))} -> 0 | J6: 0 | K6: -
A7: 98th & Grant | B7: CO | C7: {=IF(ISBLANK(INDIRECT("'"&$A7&"'!B13:E13")), "", INDIRECT("'"&$A7&"'!B13:E13"))} | E7: 0 | F7: - | H7: {=IF(ISBLANK(INDIRECT("'"&$A7&"'!B31:G31")), "", INDIRECT("'"&$A7&"'!B31:G31"))} -> 0 | J7: 0 | K7: -
A8: Arapahoe Crossings | B8: CO | C8: {=IF(ISBLANK(INDIRECT("'"&$A8&"'!B13:E13")), "", INDIRECT("'"&$A8&"'!B13:E13"))} | E8: 0 | F8: - | H8: {=IF(ISBLANK(INDIRECT("'"&$A8&"'!B31:G31")), "", INDIRECT("'"&$A8&"'!B31:G31"))} -> 0 | J8: 0 | K8: -
A9: Aurora City Center | B9: CO | C9: {=IF(ISBLANK(INDIRECT("'"&$A9&"'!B13:E13")), "", INDIRECT("'"&$A9&"'!B13:E13"))} | E9: 0 | F9: - | H9: {=IF(ISBLANK(INDIRECT("'"&$A9&"'!B31:G31")), "", INDIRECT("'"&$A9&"'!B31:G31"))} -> 0 | J9: 0 | K9: -
A10: Dry Creek | B10: CO | C10: {=IF(ISBLANK(INDIRECT("'"&$A10&"'!B13:E13")), "", INDIRECT("'"&$A10&"'!B13:E13"))} | E10: 0 | F10: - | H10: {=IF(ISBLANK(INDIRECT("'"&$A10&"'!B31:G31")), "", INDIRECT("'"&$A10&"'!B31:G31"))} -> 0 | J10: 0 | K10: -
A11: Havana Gardens | B11: CO | C11: {=IF(ISBLANK(INDIRECT("'"&$A11&"'!B13:E13")), "", INDIRECT("'"&$A11&"'!B13:E13"))} | E11: 0 | F11: - | H11: {=IF(ISBLANK(INDIRECT("'"&$A11&"'!B31:G31")), "", INDIRECT("'"&$A11&"'!B31:G31"))} -> 0 | J11: 0 | K11: -
A12: Highlands Ranch South | B12: CO | C12: {=IF(ISBLANK(INDIRECT("'"&$A12&"'!B13:E13")), "", INDIRECT("'"&$A12&"'!B13:E13"))} | E12: 0 | F12: - | H12: {=IF(ISBLANK(INDIRECT("'"&$A12&"'!B31:G31")), "", INDIRECT("'"&$A12&"'!B31:G31"))} -> 0 | J12: 0 | K12: -
A13: Lone Tree | B13: CO | C13: {=IF(ISBLANK(INDIRECT("'"&$A13&"'!B13:E13")), "", INDIRECT("'"&$A13&"'!B13:E13"))} | E13: 0 | F13: - | H13: {=IF(ISBLANK(INDIRECT("'"&$A13&"'!B31:G31")), "", INDIRECT("'"&$A13&"'!B31:G31"))} -> 0 | J13: 0 | K13: -
A14: Meridian | B14: CO | C14: {=IF(ISBLANK(INDIRECT("'"&$A14&"'!B13:E13")), "", INDIRECT("'"&$A14&"'!B13:E13"))} | E14: 0 | F14: - | H14: {=IF(ISBLANK(INDIRECT("'"&$A14&"'!B31:G31")), "", INDIRECT("'"&$A14&"'!B31:G31"))} -> 0 | J14: 0 | K14: -
A15: Southglenn Relocation | B15: CO | C15: {=IF(ISBLANK(INDIRECT("'"&$A15&"'!B13:E13")), "", INDIRECT("'"&$A15&"'!B13:E13"))} | E15: 0 | F15: - | H15: {=IF(ISBLANK(INDIRECT("'"&$A15&"'!B31:G31")), "", INDIRECT("'"&$A15&"'!B31:G31"))} -> 0 | J15: 0 | K15: -
... A64: GM - San Antonio Ops | B64: TX | C64: {=IF(ISBLANK(INDIRECT("'"&$A64&"'!B13:E13")), "", INDIRECT("'"&$A64&"'!B13:E13"))} | E64: 0 | F64: - | H64: {=IF(ISBLANK(INDIRECT("'"&$A64&"'!B31:G31")), "", INDIRECT("'"&$A64&"'!B31:G31"))} -> 0 | J64: 0 | K64: -
A65: Total | C65: =SUM(C3:C64) -> 0 | D65: =SUM(D3:D64) -> 0 | E65: =C65-D65 -> 0 | F65: =IFERROR(E65/D65, "-") -> - | H65: =C65 -> 0 | I65: =SUM(I3:I64) -> 0 | J65: =H65-I65 -> 0 | K65: =IFERROR(J65/I65, "-") -> -

Sheet 09-2024
A1: WELLS FARGO | C1: 09-2024 Actual v. Expected | H1: 09-2024 Actual v. Forecasted | L1: NOTES | M1: SR
A2: Site | B2: State | C2: Actual | D2: Expected | E2: Delta | F2: % | H2: Actual | I2: Forecasted | J2: Delta | K2: %
A3: {=Sites[Site]} -> Adams & Broadway | B3: {=Sites[State]} -> CA | C3: {=IF(ISBLANK(INDIRECT("'"&$A3&"'!B14:E14")), "", INDIRECT("'"&$A3&"'!B14:E14"))} | E3: 0 | F3: - | H3: {=IF(ISBLANK(INDIRECT("'"&$A3&"'!B32:G32")), "", INDIRECT("'"&$A3&"'!B32:G32"))} -> 0 | J3: 0 | K3: -
A4: Otay Mesa | B4: CA | C4: {=IF(ISBLANK(INDIRECT("'"&$A4&"'!B14:E14")), "", INDIRECT("'"&$A4&"'!B14:E14"))} | E4: 0 | F4: - | H4: {=IF(ISBLANK(INDIRECT("'"&$A4&"'!B32:G32")), "", INDIRECT("'"&$A4&"'!B32:G32"))} -> 0 | J4: 0 | K4: -
A5: San Leandro Ops Center | B5: CA | C5: {=IF(ISBLANK(INDIRECT("'"&$A5&"'!B14:E14")), "", INDIRECT("'"&$A5&"'!B14:E14"))} | E5: 0 | F5: - | H5: {=IF(ISBLANK(INDIRECT("'"&$A5&"'!B32:G32")), "", INDIRECT("'"&$A5&"'!B32:G32"))} -> 0 | J5: 0 | K5: -
A6: Van Nuys | B6: CA | C6: {=IF(ISBLANK(INDIRECT("'"&$A6&"'!B14:E14")), "", INDIRECT("'"&$A6&"'!B14:E14"))} | E6: 0 | F6: - | H6: {=IF(ISBLANK(INDIRECT("'"&$A6&"'!B32:G32")), "", INDIRECT("'"&$A6&"'!B32:G32"))} -> 0 | J6: 0 | K6: -
A7: 98th & Grant | B7: CO | C7: {=IF(ISBLANK(INDIRECT("'"&$A7&"'!B14:E14")), "", INDIRECT("'"&$A7&"'!B14:E14"))} | E7: 0 | F7: - | H7: {=IF(ISBLANK(INDIRECT("'"&$A7&"'!B32:G32")), "", INDIRECT("'"&$A7&"'!B32:G32"))} -> 0 | J7: 0 | K7: -
A8: Arapahoe Crossings | B8: CO | C8: {=IF(ISBLANK(INDIRECT("'"&$A8&"'!B14:E14")), "", INDIRECT("'"&$A8&"'!B14:E14"))} | E8: 0 | F8: - | H8: {=IF(ISBLANK(INDIRECT("'"&$A8&"'!B32:G32")), "", INDIRECT("'"&$A8&"'!B32:G32"))} -> 0 | J8: 0 | K8: -
A9: Aurora City Center | B9: CO | C9: {=IF(ISBLANK(INDIRECT("'"&$A9&"'!B14:E14")), "", INDIRECT("'"&$A9&"'!B14:E14"))} | E9: 0 | F9: - | H9: {=IF(ISBLANK(INDIRECT("'"&$A9&"'!B32:G32")), "", INDIRECT("'"&$A9&"'!B32:G32"))} -> 0 | J9: 0 | K9: -
A10: Dry Creek | B10: CO | C10: {=IF(ISBLANK(INDIRECT("'"&$A10&"'!B14:E14")), "", INDIRECT("'"&$A10&"'!B14:E14"))} | E10: 0 | F10: - | H10: {=IF(ISBLANK(INDIRECT("'"&$A10&"'!B32:G32")), "", INDIRECT("'"&$A10&"'!B32:G32"))} -> 0 | J10: 0 | K10: -
A11: Havana Gardens | B11: CO | C11: {=IF(ISBLANK(INDIRECT("'"&$A11&"'!B14:E14")), "", INDIRECT("'"&$A11&"'!B14:E14"))} | E11: 0 | F11: - | H11: {=IF(ISBLANK(INDIRECT("'"&$A11&"'!B32:G32")), "", INDIRECT("'"&$A11&"'!B32:G32"))} -> 0 | J11: 0 | K11: -
A12: Highlands Ranch South | B12: CO | C12: {=IF(ISBLANK(INDIRECT("'"&$A12&"'!B14:E14")), "", INDIRECT("'"&$A12&"'!B14:E14"))} | E12: 0 | F12: - | H12: {=IF(ISBLANK(INDIRECT("'"&$A12&"'!B32:G32")), "", INDIRECT("'"&$A12&"'!B32:G32"))} -> 0 | J12: 0 | K12: -
A13: Lone Tree | B13: CO | C13: {=IF(ISBLANK(INDIRECT("'"&$A13&"'!B14:E14")), "", INDIRECT("'"&$A13&"'!B14:E14"))} | E13: 0 | F13: - | H13: {=IF(ISBLANK(INDIRECT("'"&$A13&"'!B32:G32")), "", INDIRECT("'"&$A13&"'!B32:G32"))} -> 0 | J13: 0 | K13: -
A14: Meridian | B14: CO | C14: {=IF(ISBLANK(INDIRECT("'"&$A14&"'!B14:E14")), "", INDIRECT("'"&$A14&"'!B14:E14"))} | E14: 0 | F14: - | H14: {=IF(ISBLANK(INDIRECT("'"&$A14&"'!B32:G32")), "", INDIRECT("'"&$A14&"'!B32:G32"))} -> 0 | J14: 0 | K14: -
A15: Southglenn Relocation | B15: CO | C15: {=IF(ISBLANK(INDIRECT("'"&$A15&"'!B14:E14")), "", INDIRECT("'"&$A15&"'!B14:E14"))} | E15: 0 | F15: - | H15: {=IF(ISBLANK(INDIRECT("'"&$A15&"'!B32:G32")), "", INDIRECT("'"&$A15&"'!B32:G32"))} -> 0 | J15: 0 | K15: -
... A64: GM - San Antonio Ops | B64: TX | C64: {=IF(ISBLANK(INDIRECT("'"&$A64&"'!B14:E14")), "", INDIRECT("'"&$A64&"'!B14:E14"))} | E64: 0 | F64: - | H64: {=IF(ISBLANK(INDIRECT("'"&$A64&"'!B32:G32")), "", INDIRECT("'"&$A64&"'!B32:G32"))} -> 0 | J64: 0 | K64: -
A65: Total | C65: =SUM(C3:C64) -> 0 | D65: =SUM(D3:D64) -> 0 | E65: =C65-D65 -> 0 | F65: =IFERROR(E65/D65, "-") -> - | H65: =C65 -> 0 | I65: =SUM(I3:I64) -> 0 | J65: =H65-I65 -> 0 | K65: =IFERROR(J65/I65, "-") -> -

Sheet 10-2024
A1: WELLS FARGO | C1: 10-2024 Actual v. Expected | H1: 10-2024 Actual v. Forecasted | L1: NOTES | M1: SR
A2: Site | B2: State | C2: Actual | D2: Expected | E2: Delta | F2: % | H2: Actual | I2: Forecasted | J2: Delta | K2: %
A3: {=Sites[Site]} -> Adams & Broadway | B3: {=Sites[State]} -> CA | C3: {=IF(ISBLANK(INDIRECT("'"&$A3&"'!B15:E15")), "", INDIRECT("'"&$A3&"'!B15:E15"))} | E3: 0 | F3: - | H3: {=IF(ISBLANK(INDIRECT("'"&$A3&"'!B33:G33")), "", INDIRECT("'"&$A3&"'!B33:G33"))} -> 0 | J3: 0 | K3: -
A4: Otay Mesa | B4: CA | C4: {=IF(ISBLANK(INDIRECT("'"&$A4&"'!B15:E15")), "", INDIRECT("'"&$A4&"'!B15:E15"))} | E4: 0 | F4: - | H4: {=IF(ISBLANK(INDIRECT("'"&$A4&"'!B33:G33")), "", INDIRECT("'"&$A4&"'!B33:G33"))} -> 0 | J4: 0 | K4: -
A5: San Leandro Ops Center | B5: CA | C5: {=IF(ISBLANK(INDIRECT("'"&$A5&"'!B15:E15")), "", INDIRECT("'"&$A5&"'!B15:E15"))} | E5: 0 | F5: - | H5: {=IF(ISBLANK(INDIRECT("'"&$A5&"'!B33:G33")), "", INDIRECT("'"&$A5&"'!B33:G33"))} -> 0 | J5: 0 | K5: -
A6: Van Nuys | B6: CA | C6: {=IF(ISBLANK(INDIRECT("'"&$A6&"'!B15:E15")), "", INDIRECT("'"&$A6&"'!B15:E15"))} | E6: 0 | F6: - | H6: {=IF(ISBLANK(INDIRECT("'"&$A6&"'!B33:G33")), "", INDIRECT("'"&$A6&"'!B33:G33"))} -> 0 | J6: 0 | K6: -
A7: 98th & Grant | B7: CO | C7: {=IF(ISBLANK(INDIRECT("'"&$A7&"'!B15:E15")), "", INDIRECT("'"&$A7&"'!B15:E15"))} | E7: 0 | F7: - | H7: {=IF(ISBLANK(INDIRECT("'"&$A7&"'!B33:G33")), "", INDIRECT("'"&$A7&"'!B33:G33"))} -> 0 | J7: 0 | K7: -
A8: Arapahoe Crossings | B8: CO | C8: {=IF(ISBLANK(INDIRECT("'"&$A8&"'!B15:E15")), "", INDIRECT("'"&$A8&"'!B15:E15"))} | E8: 0 | F8: - | H8: {=IF(ISBLANK(INDIRECT("'"&$A8&"'!B33:G33")), "", INDIRECT("'"&$A8&"'!B33:G33"))} -> 0 | J8: 0 | K8: -
A9: Aurora City Center | B9: CO | C9: {=IF(ISBLANK(INDIRECT("'"&$A9&"'!B15:E15")), "", INDIRECT("'"&$A9&"'!B15:E15"))} | E9: 0 | F9: - | H9: {=IF(ISBLANK(INDIRECT("'"&$A9&"'!B33:G33")), "", INDIRECT("'"&$A9&"'!B33:G33"))} -> 0 | J9: 0 | K9: -
A10: Dry Creek | B10: CO | C10: {=IF(ISBLANK(INDIRECT("'"&$A10&"'!B15:E15")), "", INDIRECT("'"&$A10&"'!B15:E15"))} | E10: 0 | F10: - | H10: {=IF(ISBLANK(INDIRECT("'"&$A10&"'!B33:G33")), "", INDIRECT("'"&$A10&"'!B33:G33"))} -> 0 | J10: 0 | K10: -
A11: Havana Gardens | B11: CO | C11: {=IF(ISBLANK(INDIRECT("'"&$A11&"'!B15:E15")), "", INDIRECT("'"&$A11&"'!B15:E15"))} | E11: 0 | F11: - | H11: {=IF(ISBLANK(INDIRECT("'"&$A11&"'!B33:G33")), "", INDIRECT("'"&$A11&"'!B33:G33"))} -> 0 | J11: 0 | K11: -
A12: Highlands Ranch South | B12: CO | C12: {=IF(ISBLANK(INDIRECT("'"&$A12&"'!B15:E15")), "", INDIRECT("'"&$A12&"'!B15:E15"))} | E12: 0 | F12: - | H12: {=IF(ISBLANK(INDIRECT("'"&$A12&"'!B33:G33")), "", INDIRECT("'"&$A12&"'!B33:G33"))} -> 0 | J12: 0 | K12: -
A13: Lone Tree | B13: CO | C13: {=IF(ISBLANK(INDIRECT("'"&$A13&"'!B15:E15")), "", INDIRECT("'"&$A13&"'!B15:E15"))} | E13: 0 | F13: - | H13: {=IF(ISBLANK(INDIRECT("'"&$A13&"'!B33:G33")), "", INDIRECT("'"&$A13&"'!B33:G33"))} -> 0 | J13: 0 | K13: -
A14: Meridian | B14: CO | C14: {=IF(ISBLANK(INDIRECT("'"&$A14&"'!B15:E15")), "", INDIRECT("'"&$A14&"'!B15:E15"))} | E14: 0 | F14: - | H14: {=IF(ISBLANK(INDIRECT("'"&$A14&"'!B33:G33")), "", INDIRECT("'"&$A14&"'!B33:G33"))} -> 0 | J14: 0 | K14: -
A15: Southglenn Relocation | B15: CO | C15: {=IF(ISBLANK(INDIRECT("'"&$A15&"'!B15:E15")), "", INDIRECT("'"&$A15&"'!B15:E15"))} | E15: 0 | F15: - | H15: {=IF(ISBLANK(INDIRECT("'"&$A15&"'!B33:G33")), "", INDIRECT("'"&$A15&"'!B33:G33"))} -> 0 | J15: 0 | K15: -
... A64: GM - San Antonio Ops | B64: TX | C64: {=IF(ISBLANK(INDIRECT("'"&$A64&"'!B15:E15")), "", INDIRECT("'"&$A64&"'!B15:E15"))} | E64: 0 | F64: - | H64: {=IF(ISBLANK(INDIRECT("'"&$A64&"'!B33:G33")), "", INDIRECT("'"&$A64&"'!B33:G33"))} -> 0 | J64: 0 | K64: -
A65: Total | C65: =SUM(C3:C64) -> 0 | D65: =SUM(D3:D64) -> 0 | E65: =C65-D65 -> 0 | F65: =IFERROR(E65/D65, "-") -> - | H65: =C65 -> 0 | I65: =SUM(I3:I64) -> 0 | J65: =H65-I65 -> 0 | K65: =IFERROR(J65/I65, "-") -> -

Sheet 11-2024
A1: WELLS FARGO | C1: 11-2024 Actual v. Expected | H1: 11-2024 Actual v. Forecasted | L1: NOTES | M1: SR
A2: Site | B2: State | C2: Actual | D2: Expected | E2: Delta | F2: % | H2: Actual | I2: Forecasted | J2: Delta | K2: %
A3: {=Sites[Site]} -> Adams & Broadway | B3: {=Sites[State]} -> CA | C3: {=IF(ISBLANK(INDIRECT("'"&$A3&"'!B16:E16")), "", INDIRECT("'"&$A3&"'!B16:E16"))} | E3: 0 | F3: - | H3: {=IF(ISBLANK(INDIRECT("'"&$A3&"'!B34:G34")), "", INDIRECT("'"&$A3&"'!B34:G34"))} -> 0 | J3: 0 | K3: -
A4: Otay Mesa | B4: CA | C4: {=IF(ISBLANK(INDIRECT("'"&$A4&"'!B16:E16")), "", INDIRECT("'"&$A4&"'!B16:E16"))} | E4: 0 | F4: - | H4: {=IF(ISBLANK(INDIRECT("'"&$A4&"'!B34:G34")), "", INDIRECT("'"&$A4&"'!B34:G34"))} -> 0 | J4: 0 | K4: -
A5: San Leandro Ops Center | B5: CA | C5: {=IF(ISBLANK(INDIRECT("'"&$A5&"'!B16:E16")), "", INDIRECT("'"&$A5&"'!B16:E16"))} | E5: 0 | F5: - | H5: {=IF(ISBLANK(INDIRECT("'"&$A5&"'!B34:G34")), "", INDIRECT("'"&$A5&"'!B34:G34"))} -> 0 | J5: 0 | K5: -
A6: Van Nuys | B6: CA | C6: {=IF(ISBLANK(INDIRECT("'"&$A6&"'!B16:E16")), "", INDIRECT("'"&$A6&"'!B16:E16"))} | E6: 0 | F6: - | H6: {=IF(ISBLANK(INDIRECT("'"&$A6&"'!B34:G34")), "", INDIRECT("'"&$A6&"'!B34:G34"))} -> 0 | J6: 0 | K6: -
A7: 98th & Grant | B7: CO | C7: {=IF(ISBLANK(INDIRECT("'"&$A7&"'!B16:E16")), "", INDIRECT("'"&$A7&"'!B16:E16"))} | E7: 0 | F7: - | H7: {=IF(ISBLANK(INDIRECT("'"&$A7&"'!B34:G34")), "", INDIRECT("'"&$A7&"'!B34:G34"))} -> 0 | J7: 0 | K7: -
A8: Arapahoe Crossings | B8: CO | C8: {=IF(ISBLANK(INDIRECT("'"&$A8&"'!B16:E16")), "", INDIRECT("'"&$A8&"'!B16:E16"))} | E8: 0 | F8: - | H8: {=IF(ISBLANK(INDIRECT("'"&$A8&"'!B34:G34")), "", INDIRECT("'"&$A8&"'!B34:G34"))} -> 0 | J8: 0 | K8: -
A9: Aurora City Center | B9: CO | C9: {=IF(ISBLANK(INDIRECT("'"&$A9&"'!B16:E16")), "", INDIRECT("'"&$A9&"'!B16:E16"))} | E9: 0 | F9: - | H9: {=IF(ISBLANK(INDIRECT("'"&$A9&"'!B34:G34")), "", INDIRECT("'"&$A9&"'!B34:G34"))} -> 0 | J9: 0 | K9: -
A10: Dry Creek | B10: CO | C10: {=IF(ISBLANK(INDIRECT("'"&$A10&"'!B16:E16")), "", INDIRECT("'"&$A10&"'!B16:E16"))} | E10: 0 | F10: - | H10: {=IF(ISBLANK(INDIRECT("'"&$A10&"'!B34:G34")), "", INDIRECT("'"&$A10&"'!B34:G34"))} -> 0 | J10: 0 | K10: -
A11: Havana Gardens | B11: CO | C11: {=IF(ISBLANK(INDIRECT("'"&$A11&"'!B16:E16")), "", INDIRECT("'"&$A11&"'!B16:E16"))} | E11: 0 | F11: - | H11: {=IF(ISBLANK(INDIRECT("'"&$A11&"'!B34:G34")), "", INDIRECT("'"&$A11&"'!B34:G34"))} -> 0 | J11: 0 | K11: -
A12: Highlands Ranch South | B12: CO | C12: {=IF(ISBLANK(INDIRECT("'"&$A12&"'!B16:E16")), "", INDIRECT("'"&$A12&"'!B16:E16"))} | E12: 0 | F12: - | H12: {=IF(ISBLANK(INDIRECT("'"&$A12&"'!B34:G34")), "", INDIRECT("'"&$A12&"'!B34:G34"))} -> 0 | J12: 0 | K12: -
A13: Lone Tree | B13: CO | C13: {=IF(ISBLANK(INDIRECT("'"&$A13&"'!B16:E16")), "", INDIRECT("'"&$A13&"'!B16:E16"))} | E13: 0 | F13: - | H13: {=IF(ISBLANK(INDIRECT("'"&$A13&"'!B34:G34")), "", INDIRECT("'"&$A13&"'!B34:G34"))} -> 0 | J13: 0 | K13: -
A14: Meridian | B14: CO | C14: {=IF(ISBLANK(INDIRECT("'"&$A14&"'!B16:E16")), "", INDIRECT("'"&$A14&"'!B16:E16"))} | E14: 0 | F14: - | H14: {=IF(ISBLANK(INDIRECT("'"&$A14&"'!B34:G34")), "", INDIRECT("'"&$A14&"'!B34:G34"))} -> 0 | J14: 0 | K14: -
A15: Southglenn Relocation | B15: CO | C15: {=IF(ISBLANK(INDIRECT("'"&$A15&"'!B16:E16")), "", INDIRECT("'"&$A15&"'!B16:E16"))} | E15: 0 | F15: - | H15: {=IF(ISBLANK(INDIRECT("'"&$A15&"'!B34:G34")), "", INDIRECT("'"&$A15&"'!B34:G34"))} -> 0 | J15: 0 | K15: -
... A64: GM - San Antonio Ops | B64: TX | C64: {=IF(ISBLANK(INDIRECT("'"&$A64&"'!B16:E16")), "", INDIRECT("'"&$A64&"'!B16:E16"))} | E64: 0 | F64: - | H64: {=IF(ISBLANK(INDIRECT("'"&$A64&"'!B34:G34")), "", INDIRECT("'"&$A64&"'!B34:G34"))} -> 0 | J64: 0 | K64: -
A65: Total | C65: =SUM(C3:C64) -> 0 | D65: =SUM(D3:D64) -> 0 | E65: =C65-D65 -> 0 | F65: =IFERROR(E65/D65, "-") -> - | H65: =C65 -> 0 | I65: =SUM(I3:I64) -> 0 | J65: =H65-I65 -> 0 | K65: =IFERROR(J65/I65, "-") -> -

Sheet 12-2024
A1: WELLS FARGO | C1: 12-2024 Actual v. Expected | H1: 12-2024 Actual v. Forecasted | L1: NOTES | M1: SR
A2: Site | B2: State | C2: Actual | D2: Expected | E2: Delta | F2: % | H2: Actual | I2: Forecasted | J2: Delta | K2: %
A3: {=Sites[Site]} -> Adams & Broadway | B3: {=Sites[State]} -> CA | C3: {=IF(ISBLANK(INDIRECT("'"&$A3&"'!B17:E17")), "", INDIRECT("'"&$A3&"'!B17:E17"))} | E3: 0 | F3: - | H3: {=IF(ISBLANK(INDIRECT("'"&$A3&"'!B35:G35")), "", INDIRECT("'"&$A3&"'!B35:G35"))} -> 0 | J3: 0 | K3: -
A4: Otay Mesa | B4: CA | C4: {=IF(ISBLANK(INDIRECT("'"&$A4&"'!B17:E17")), "", INDIRECT("'"&$A4&"'!B17:E17"))} | E4: 0 | F4: - | H4: {=IF(ISBLANK(INDIRECT("'"&$A4&"'!B35:G35")), "", INDIRECT("'"&$A4&"'!B35:G35"))} -> 0 | J4: 0 | K4: -
A5: San Leandro Ops Center | B5: CA | C5: {=IF(ISBLANK(INDIRECT("'"&$A5&"'!B17:E17")), "", INDIRECT("'"&$A5&"'!B17:E17"))} | E5: 0 | F5: - | H5: {=IF(ISBLANK(INDIRECT("'"&$A5&"'!B35:G35")), "", INDIRECT("'"&$A5&"'!B35:G35"))} -> 0 | J5: 0 | K5: -
A6: Van Nuys | B6: CA | C6: {=IF(ISBLANK(INDIRECT("'"&$A6&"'!B17:E17")), "", INDIRECT("'"&$A6&"'!B17:E17"))} | E6: 0 | F6: - | H6: {=IF(ISBLANK(INDIRECT("'"&$A6&"'!B35:G35")), "", INDIRECT("'"&$A6&"'!B35:G35"))} -> 0 | J6: 0 | K6: -
A7: 98th & Grant | B7: CO | C7: {=IF(ISBLANK(INDIRECT("'"&$A7&"'!B17:E17")), "", INDIRECT("'"&$A7&"'!B17:E17"))} | E7: 0 | F7: - | H7: {=IF(ISBLANK(INDIRECT("'"&$A7&"'!B35:G35")), "", INDIRECT("'"&$A7&"'!B35:G35"))} -> 0 | J7: 0 | K7: -
A8: Arapahoe Crossings | B8: CO | C8: {=IF(ISBLANK(INDIRECT("'"&$A8&"'!B17:E17")), "", INDIRECT("'"&$A8&"'!B17:E17"))} | E8: 0 | F8: - | H8: {=IF(ISBLANK(INDIRECT("'"&$A8&"'!B35:G35")), "", INDIRECT("'"&$A8&"'!B35:G35"))} -> 0 | J8: 0 | K8: -
A9: Aurora City Center | B9: CO | C9: {=IF(ISBLANK(INDIRECT("'"&$A9&"'!B17:E17")), "", INDIRECT("'"&$A9&"'!B17:E17"))} | E9: 0 | F9: - | H9: {=IF(ISBLANK(INDIRECT("'"&$A9&"'!B35:G35")), "", INDIRECT("'"&$A9&"'!B35:G35"))} -> 0 | J9: 0 | K9: -
A10: Dry Creek | B10: CO | C10: {=IF(ISBLANK(INDIRECT("'"&$A10&"'!B17:E17")), "", INDIRECT("'"&$A10&"'!B17:E17"))} | E10: 0 | F10: - | H10: {=IF(ISBLANK(INDIRECT("'"&$A10&"'!B35:G35")), "", INDIRECT("'"&$A10&"'!B35:G35"))} -> 0 | J10: 0 | K10: -
A11: Havana Gardens | B11: CO | C11: {=IF(ISBLANK(INDIRECT("'"&$A11&"'!B17:E17")), "", INDIRECT("'"&$A11&"'!B17:E17"))} | E11: 0 | F11: - | H11: {=IF(ISBLANK(INDIRECT("'"&$A11&"'!B35:G35")), "", INDIRECT("'"&$A11&"'!B35:G35"))} -> 0 | J11: 0 | K11: -
A12: Highlands Ranch South | B12: CO | C12: {=IF(ISBLANK(INDIRECT("'"&$A12&"'!B17:E17")), "", INDIRECT("'"&$A12&"'!B17:E17"))} | E12: 0 | F12: - | H12: {=IF(ISBLANK(INDIRECT("'"&$A12&"'!B35:G35")), "", INDIRECT("'"&$A12&"'!B35:G35"))} -> 0 | J12: 0 | K12: -
A13: Lone Tree | B13: CO | C13: {=IF(ISBLANK(INDIRECT("'"&$A13&"'!B17:E17")), "", INDIRECT("'"&$A13&"'!B17:E17"))} | E13: 0 | F13: - | H13: {=IF(ISBLANK(INDIRECT("'"&$A13&"'!B35:G35")), "", INDIRECT("'"&$A13&"'!B35:G35"))} -> 0 | J13: 0 | K13: -
A14: Meridian | B14: CO | C14: {=IF(ISBLANK(INDIRECT("'"&$A14&"'!B17:E17")), "", INDIRECT("'"&$A14&"'!B17:E17"))} | E14: 0 | F14: - | H14: {=IF(ISBLANK(INDIRECT("'"&$A14&"'!B35:G35")), "", INDIRECT("'"&$A14&"'!B35:G35"))} -> 0 | J14: 0 | K14: -
A15: Southglenn Relocation | B15: CO | C15: {=IF(ISBLANK(INDIRECT("'"&$A15&"'!B17:E17")), "", INDIRECT("'"&$A15&"'!B17:E17"))} | E15: 0 | F15: - | H15: {=IF(ISBLANK(INDIRECT("'"&$A15&"'!B35:G35")), "", INDIRECT("'"&$A15&"'!B35:G35"))} -> 0 | J15: 0 | K15: -
... A64: GM - San Antonio Ops | B64: TX | C64: {=IF(ISBLANK(INDIRECT("'"&$A64&"'!B17:E17")), "", INDIRECT("'"&$A64&"'!B17:E17"))} | E64: 0 | F64: - | H64: {=IF(ISBLANK(INDIRECT("'"&$A64&"'!B35:G35")), "", INDIRECT("'"&$A64&"'!B35:G35"))} -> 0 | J64: 0 | K64: -
A65: Total | C65: =SUM(C3:C64) -> 0 | D65: =SUM(D3:D64) -> 0 | E65: =C65-D65 -> 0 | F65: =IFERROR(E65/D65, "-") -> - | H65: =C65 -> 0 | I65: =SUM(I3:I64) -> 0 | J65: =H65-I65 -> 0 | K65: =IFERROR(J65/I65, "-") -> -

Sheet Sites
A1: Site DAS Name | B1: Site | C1: State | D1: # of sites: | E1: 62
A2: BE 191334 Adams & Broadway | B2: Adams & Broadway | C2: CA
A3: BE 196270 - Otay Mesa (ATM) | B3: Otay Mesa | C3: CA
A4: BE 144682 - San Leandro Ops Center | B4: San Leandro Ops Center | C4: CA | D4: AE | E4: AEF
A5: BE 191705 - Van Nuys | B5: Van Nuys | C5: CA | D5: A | E5: AF
A6: BE 103541 - 98th & Grant | B6: 98th & Grant | C6: CO | D6: A | E6: AF
A7: BE 101451 - Arapahoe Crossings | B7: Arapahoe Crossings | C7: CO | D7: A | E7: AF
A8: BE 120617 - Aurora City Center | B8: Aurora City Center | C8: CO | D8: A | E8: AF
A9: BE 101995 - Dry Creek | B9: Dry Creek | C9: CO | D9: AE | E9: AEF
A10: BE 106004 - Havana Gardens | B10: Havana Gardens | C10: CO | D10: A | E10: AF
A11: BE 102040 - Highlands Ranch South | B11: Highlands Ranch South | C11: CO | D11: A | E11: AF
A12: BE 120717 - Lone Tree | B12: Lone Tree | C12: CO | D12: A | E12: AF
A13: BE 103553 - Meridian | B13: Meridian | C13: CO | D13: A | E13: AF
A14: BE 105797 - Southglenn Relocation | B14: Southglenn Relocation | C14: CO | D14: A | E14: AF
A15: BE 120768 - Standley Lake | B15: Standley Lake | C15: CO | D15: A | E15: AF
... A50: BE 140332 - Rt. 22 Springfield | B50: Rt. 22 Springfield | C50: NJ | D50: AE | E50: AEF
A51: BE 144813 - Somerset | B51: Somerset | C51: NJ | E51: AEF
A52: BE 141918 - South Plainfield | B52: South Plainfield | C52: NJ | D52: AE | E52: AEF
A53: BE 144269 - West Deptford / Woodbury | B53: West Deptford Woodbury | C53: NJ | D53: AE | E53: AEF
A54: BE 141443 - Whiting | B54: Whiting | C54: NJ | D54: AE | E54: AEF
A55: BE 103541 - 98th & Grant | B55: 102 - San Antonio Ops | C55: TX
A56: BE 144679 - 104 - San Antonio Ops | B56: 104 - San Antonio Ops | C56: TX | D56: AE | E56: AEF
A57: BE 144679 - 106 - San Antonio Ops | B57: 106 - San Antonio Ops | C57: TX | D57: AE | E57: AEF
A58: BE 144679 - 201 - San Antonio Ops | B58: 201 - San Antonio Ops | C58: TX | D58: AE | E58: AEF
A59: BE 144679 - 203 - San Antonio Ops | B59: 203 - San Antonio Ops | C59: TX | D59: AE | E59: AEF
A60: BE 144679 - 205 - San Antonio Ops | B60: 205 - San Antonio Ops | C60: TX | D60: AE | E60: AEF
A61: BE 144679 - 307 - San Antonio Ops | B61: 307 - San Antonio Ops | C61: TX | D61: AE | E61: AEF
A62: BE 144679 - 308 - San Antonio Ops | B62: 308 - San Antonio Ops | C62: TX | D62: AE | E62: AEF
A63: BE 144679 - GM - San Antonio Ops | B63: GM - San Antonio Ops | C63: TX | D63: AE | E63: AEF

Sheet Adams & Broadway
A1: Adams & Broadway
A3: State: | B3: CA
A4: Actual vs. Expected
A5: Month | B5: Actual | C5: Expected | D5: Delta | E5: %
A6: Jan | B6: 668.5 | C6: 0 | D6: =B6-C6 -> 668.5 | E6: =IFERROR(D6/C6, "-") -> -
A7: Feb | D7: =B7-C7 -> 0 | E7: =IFERROR(D7/C7, "-") -> -
A8: Mar | D8: =B8-C8 -> 0 | E8: =IFERROR(D8/C8, "-") -> -
A9: Apr | D9: =B9-C9 -> 0 | E9: =IFERROR(D9/C9, "-") -> -
A10: May | D10: =B10-C10 -> 0 | E10: =IFERROR(D10/C10, "-") -> -
A11: Jun | D11: =B11-C11 -> 0 | E11: =IFERROR(D11/C11, "-") -> -
A12: Jul | D12: =B12-C12 -> 0 | E12: =IFERROR(D12/C12, "-") -> -
A13: Aug | D13: =B13-C13 -> 0 | E13: =IFERROR(D13/C13, "-") -> -
A14: Sep | D14: =B14-C14 -> 0 | E14: =IFERROR(D14/C14, "-") -> -
A15: Oct | D15: =B15-C15 -> 0 | E15: =IFERROR(D15/C15, "-") -> -
A16: Nov | D16: =B16-C16 -> 0 | E16: =IFERROR(D16/C16, "-") -> -
A17: Dec | D17: =B17-C17 -> 0 | E17: =IFERROR(D17/C17, "-") -> -
A18: Totals | B18: =SUM(B6:B17) -> 668.5 | C18: =SUM(C6:C17) -> 0 | D18: =B18-C18 -> 668.5 | E18: =IFERROR(D18/C18, "-") -> -
A22: Actual vs. Forecasted
A23: Month | B23: Actual | C23: Forecasted | D23: Delta | E23: % | F23: Notes | G23: Service Request
A24: Jan | B24: {=B6:B18} -> 668.5 | C24: 660.258 | D24: =B24-C24 -> 8.242 | E24: =IFERROR(D24/C24, "-") -> 0.012482999
A25: Feb | B25: 0 | D25: =B25-C25 -> 0 | E25: =IFERROR(D25/C25, "-") -> -
A26: Mar | B26: 0 | D26: =B26-C26 -> 0 | E26: =IFERROR(D26/C26, "-") -> -
A27: Apr | B27: 0 | D27: =B27-C27 -> 0 | E27: =IFERROR(D27/C27, "-") -> -
A28: May | B28: 0 | D28: =B28-C28 -> 0 | E28: =IFERROR(D28/C28, "-") -> -
A29: Jun | B29: 0 | D29: =B29-C29 -> 0 | E29: =IFERROR(D29/C29, "-") -> -
A30: Jul | B30: 0 | D30: =B30-C30 -> 0 | E30: =IFERROR(D30/C30, "-") -> -
A31: Aug | B31: 0 | D31: =B31-C31 -> 0 | E31: =IFERROR(D31/C31, "-") -> -
A32: Sep | B32: 0 | D32: =B32-C32 -> 0 | E32: =IFERROR(D32/C32, "-") -> -
A33: Oct | B33: 0 | D33: =B33-C33 -> 0 | E33: =IFERROR(D33/C33, "-") -> -
A34: Nov | B34: 0 | D34: =B34-C34 -> 0 | E34: =IFERROR(D34/C34, "-") -> -
A35: Dec | B35: 0 | D35: =B35-C35 -> 0 | E35: =IFERROR(D35/C35, "-") -> -
A36: Totals | B36: 668.5 | C36: =SUM(C24:C35) -> 660.258 | D36: =B36-C36 -> 8.242 | E36: =IFERROR(D36/C36, "-") -> 0.012482999

Sheet Otay Mesa
A1: Otay Mesa
A3: State: | B3: CA
A4: Actual vs. Expected
A5: Month | B5: Actual | C5: Expected | D5: Delta | E5: %
A6: Jan | B6: 37.789 | C6: 0 | D6: =B6-C6 -> 37.789 | E6: =IFERROR(D6/C6, "-") -> -
A7: Feb | D7: =B7-C7 -> 0 | E7: =IFERROR(D7/C7, "-") -> -
A8: Mar | D8: =B8-C8 -> 0 | E8: =IFERROR(D8/C8, "-") -> -
A9: Apr | D9: =B9-C9 -> 0 | E9: =IFERROR(D9/C9, "-") -> -
A10: May | D10: =B10-C10 -> 0 | E10: =IFERROR(D10/C10, "-") -> -
A11: Jun | D11: =B11-C11 -> 0 | E11: =IFERROR(D11/C11, "-") -> -
A12: Jul | D12: =B12-C12 -> 0 | E12: =IFERROR(D12/C12, "-") -> -
A13: Aug | D13: =B13-C13 -> 0 | E13: =IFERROR(D13/C13, "-") -> -
A14: Sep | D14: =B14-C14 -> 0 | E14: =IFERROR(D14/C14, "-") -> -
A15: Oct | D15: =B15-C15 -> 0 | E15: =IFERROR(D15/C15, "-") -> -
A16: Nov | D16: =B16-C16 -> 0 | E16: =IFERROR(D16/C16, "-") -> -
A17: Dec | D17: =B17-C17 -> 0 | E17: =IFERROR(D17/C17, "-") -> -
A18: Totals | B18: =SUM(B6:B17) -> 37.789 | C18: =SUM(C6:C17) -> 0 | D18: =SUM(D6:D17) -> 37.789 | E18: =IFERROR(D18/C18, "-") -> -
A22: Actual vs. Forecasted
A23: Month | B23: Actual | C23: Forecasted | D23: Delta | E23: % | F23: Notes | G23: Service Request
A24: Jan | B24: {=B6:B18} -> 37.789 | C24: 0 | D24: =B24-C24 -> 37.789 | E24: =IFERROR(D24/C24, "-") -> -
A25: Feb | B25: 0 | D25: =B25-C25 -> 0 | E25: =IFERROR(D25/C25, "-") -> -
A26: Mar | B26: 0 | D26: =B26-C26 -> 0 | E26: =IFERROR(D26/C26, "-") -> -
A27: Apr | B27: 0 | D27: =B27-C27 -> 0 | E27: =IFERROR(D27/C27, "-") -> -
A28: May | B28: 0 | D28: =B28-C28 -> 0 | E28: =IFERROR(D28/C28, "-") -> -
A29: Jun | B29: 0 | D29: =B29-C29 -> 0 | E29: =IFERROR(D29/C29, "-") -> -
A30: Jul | B30: 0 | D30: =B30-C30 -> 0 | E30: =IFERROR(D30/C30, "-") -> -
A31: Aug | B31: 0 | D31: =B31-C31 -> 0 | E31: =IFERROR(D31/C31, "-") -> -
A32: Sep | B32: 0 | D32: =B32-C32 -> 0 | E32: =IFERROR(D32/C32, "-") -> -
A33: Oct | B33: 0 | D33: =B33-C33 -> 0 | E33: =IFERROR(D33/C33, "-") -> -
A34: Nov | B34: 0 | D34: =B34-C34 -> 0 | E34: =IFERROR(D34/C34, "-") -> -
A35: Dec | B35: 0 | D35: =B35-C35 -> 0 | E35: =IFERROR(D35/C35, "-") -> -
A36: Totals | B36: 37.789 | C36: =SUM(C24:C35) -> 0 | D36: =SUM(D24:D35) -> 37.789 | E36: =IFERROR(D36/C36, "-") -> -

Sheet San Leandro Ops Center
A1: San Leandro Ops Center
A3: State: | B3: CA
A4: Actual vs. Expected
A5: Month | B5: Actual | C5: Expected | D5: Delta | E5: %
A6: Jan | B6: 18587.375 | C6: 25565.67 | D6: =B6-C6 -> -6978.295 | E6: =IFERROR(D6/C6, "-") -> -0.27295569
A7: Feb | D7: =B7-C7 -> 0 | E7: =IFERROR(D7/C7, "-") -> -
A8: Mar | D8: =B8-C8 -> 0 | E8: =IFERROR(D8/C8, "-") -> -
A9: Apr | D9: =B9-C9 -> 0 | E9: =IFERROR(D9/C9, "-") -> -
A10: May | D10: =B10-C10 -> 0 | E10: =IFERROR(D10/C10, "-") -> -
A11: Jun | D11: =B11-C11 -> 0 | E11: =IFERROR(D11/C11, "-") -> -
A12: Jul | D12: =B12-C12 -> 0 | E12: =IFERROR(D12/C12, "-") -> -
A13: Aug | D13: =B13-C13 -> 0 | E13: =IFERROR(D13/C13, "-") -> -
A14: Sep | D14: =B14-C14 -> 0 | E14: =IFERROR(D14/C14, "-") -> -
A15: Oct | D15: =B15-C15 -> 0 | E15: =IFERROR(D15/C15, "-") -> -
A16: Nov | D16: =B16-C16 -> 0 | E16: =IFERROR(D16/C16, "-") -> -
A17: Dec | D17: =B17-C17 -> 0 | E17: =IFERROR(D17/C17, "-") -> -
A18: Totals | B18: =SUM(B6:B17) -> 18587.375 | C18: =SUM(C6:C17) -> 25565.67 | D18: =SUM(D6:D17) -> -6978.295 | E18: =IFERROR(D18/C18, "-") -> -0.27295569
A22: Actual vs. Forecasted
A23: Month | B23: Actual | C23: Forecasted | D23: Delta | E23: % | F23: Notes | G23: Service Request
A24: Jan | B24: {=B6:B18} -> 18587.375 | C24: 22910.168 | D24: =B24-C24 -> -4322.793 | E24: =IFERROR(D24/C24, "-") -> -0.18868447 | F24: Inverter 4 was replaced on 01/31 | G24: SR079901
A25: Feb | B25: 0 | D25: =B25-C25 -> 0 | E25: =IFERROR(D25/C25, "-") -> -
A26: Mar | B26: 0 | D26: =B26-C26 -> 0 | E26: =IFERROR(D26/C26, "-") -> -
A27: Apr | B27: 0 | D27: =B27-C27 -> 0 | E27: =IFERROR(D27/C27, "-") -> -
A28: May | B28: 0 | D28: =B28-C28 -> 0 | E28: =IFERROR(D28/C28, "-") -> -
A29: Jun | B29: 0 | D29: =B29-C29 -> 0 | E29: =IFERROR(D29/C29, "-") -> -
A30: Jul | B30: 0 | D30: =B30-C30 -> 0 | E30: =IFERROR(D30/C30, "-") -> -
A31: Aug | B31: 0 | D31: =B31-C31 -> 0 | E31: =IFERROR(D31/C31, "-") -> -
A32: Sep | B32: 0 | D32: =B32-C32 -> 0 | E32: =IFERROR(D32/C32, "-") -> -
A33: Oct | B33: 0 | D33: =B33-C33 -> 0 | E33: =IFERROR(D33/C33, "-") -> -
A34: Nov | B34: 0 | D34: =B34-C34 -> 0 | E34: =IFERROR(D34/C34, "-") -> -
A35: Dec | B35: 0 | D35: =B35-C35 -> 0 | E35: =IFERROR(D35/C35, "-") -> -
A36: Totals | B36: 18587.375 | C36: =SUM(C24:C35) -> 22910.168 | D36: =SUM(D24:D35) -> -4322.793 | E36: =IFERROR(D36/C36, "-") -> -0.18868447

Sheet Van Nuys
A1: Van Nuys
A3: State: | B3: CA
A4: Actual vs. Expected
A5: Month | B5: Actual | C5: Expected | D5: Delta | E5: %
A6: Jan | B6: 1267.6979 | C6: 0 | D6: =B6-C6 -> 1267.6979 | E6: =IFERROR(D6/C6, "-") -> -
A7: Feb | D7: =B7-C7 -> 0 | E7: =IFERROR(D7/C7, "-") -> -
A8: Mar | D8: =B8-C8 -> 0 | E8: =IFERROR(D8/C8, "-") -> -
A9: Apr | D9: =B9-C9 -> 0 | E9: =IFERROR(D9/C9, "-") -> -
A10: May | D10: =B10-C10 -> 0 | E10: =IFERROR(D10/C10, "-") -> -
A11: Jun | D11: =B11-C11 -> 0 | E11: =IFERROR(D11/C11, "-") -> -
A12: Jul | D12: =B12-C12 -> 0 | E12: =IFERROR(D12/C12, "-") -> -
A13: Aug | D13: =B13-C13 -> 0 | E13: =IFERROR(D13/C13, "-") -> -
A14: Sep | D14: =B14-C14 -> 0 | E14: =IFERROR(D14/C14, "-") -> -
A15: Oct | D15: =B15-C15 -> 0 | E15: =IFERROR(D15/C15, "-") -> -
A16: Nov | D16: =B16-C16 -> 0 | E16: =IFERROR(D16/C16, "-") -> -
A17: Dec | D17: =B17-C17 -> 0 | E17: =IFERROR(D17/C17, "-") -> -
A18: Totals | B18: =SUM(B6:B17) -> 1267.6979 | C18: =SUM(C6:C17) -> 0 | D18: =SUM(D6:D17) -> 1267.6979 | E18: =IFERROR(D18/C18, "-") -> -
A22: Actual vs. Forecasted
A23: Month | B23: Actual | C23: Forecasted | D23: Delta | E23: % | F23: Notes | G23: Service Request
A24: Jan | B24: {=B6:B18} -> 1267.6979 | C24: 1339.747 | D24: =B24-C24 -> -72.049072 | E24: =IFERROR(D24/C24, "-") -> -0.053778118
A25: Feb | B25: 0 | D25: =B25-C25 -> 0 | E25: =IFERROR(D25/C25, "-") -> -
A26: Mar | B26: 0 | D26: =B26-C26 -> 0 | E26: =IFERROR(D26/C26, "-") -> -
A27: Apr | B27: 0 | D27: =B27-C27 -> 0 | E27: =IFERROR(D27/C27, "-") -> -
A28: May | B28: 0 | D28: =B28-C28 -> 0 | E28: =IFERROR(D28/C28, "-") -> -
A29: Jun | B29: 0 | D29: =B29-C29 -> 0 | E29: =IFERROR(D29/C29, "-") -> -
A30: Jul | B30: 0 | D30: =B30-C30 -> 0 | E30: =IFERROR(D30/C30, "-") -> -
A31: Aug | B31: 0 | D31: =B31-C31 -> 0 | E31: =IFERROR(D31/C31, "-") -> -
A32: Sep | B32: 0 | D32: =B32-C32 -> 0 | E32: =IFERROR(D32/C32, "-") -> -
A33: Oct | B33: 0 | D33: =B33-C33 -> 0 | E33: =IFERROR(D33/C33, "-") -> -
A34: Nov | B34: 0 | D34: =B34-C34 -> 0 | E34: =IFERROR(D34/C34, "-") -> -
A35: Dec | B35: 0 | D35: =B35-C35 -> 0 | E35: =IFERROR(D35/C35, "-") -> -
A36: Totals | B36: 1267.6979 | C36: =SUM(C24:C35) -> 1339.747 | D36: =SUM(D24:D35) -> -72.049072 | E36: =IFERROR(D36/C36, "-") -> -0.053778118

Sheet 98th & Grant
A1: 98th & Grant
A3: State: | B3: CO
A4: Actual vs. Expected
A5: Month | B5: Actual | C5: Expected | D5: Delta | E5: %
A6: Jan | B6: 724.2 | C6: 0 | D6: =B6-C6 -> 724.2 | E6: =IFERROR(D6/C6, "-") -> -
A7: Feb | D7: =B7-C7 -> 0 | E7: =IFERROR(D7/C7, "-") -> -
A8: Mar | D8: =B8-C8 -> 0 | E8: =IFERROR(D8/C8, "-") -> -
A9: Apr | D9: =B9-C9 -> 0 | E9: =IFERROR(D9/C9, "-") -> -
A10: May | D10: =B10-C10 -> 0 | E10: =IFERROR(D10/C10, "-") -> -
A11: Jun | D11: =B11-C11 -> 0 | E11: =IFERROR(D11/C11, "-") -> -
A12: Jul | D12: =B12-C12 -> 0 | E12: =IFERROR(D12/C12, "-") -> -
A13: Aug | D13: =B13-C13 -> 0 | E13: =IFERROR(D13/C13, "-") -> -
A14: Sep | D14: =B14-C14 -> 0 | E14: =IFERROR(D14/C14, "-") -> -
A15: Oct | D15: =B15-C15 -> 0 | E15: =IFERROR(D15/C15, "-") -> -
A16: Nov | D16: =B16-C16 -> 0 | E16: =IFERROR(D16/C16, "-") -> -
A17: Dec | D17: =B17-C17 -> 0 | E17: =IFERROR(D17/C17, "-") -> -
A18: Totals | B18: =SUM(B6:B17) -> 724.2 | C18: =SUM(C6:C17) -> 0 | D18: =SUM(D6:D17) -> 724.2 | E18: =IFERROR(D18/C18, "-") -> -
A22: Actual vs. Forecasted
A23: Month | B23: Actual | C23: Forecasted | D23: Delta | E23: % | F23: Notes | G23: Service Request
A24: Jan | B24: {=B6:B18} -> 724.2 | C24: 1165.016 | D24: =B24-C24 -> -440.816 | E24: =IFERROR(D24/C24, "-") -> -0.37837764
A25: Feb | B25: 0 | D25: =B25-C25 -> 0 | E25: =IFERROR(D25/C25, "-") -> -
A26: Mar | B26: 0 | D26: =B26-C26 -> 0 | E26: =IFERROR(D26/C26, "-") -> -
A27: Apr | B27: 0 | D27: =B27-C27 -> 0 | E27: =IFERROR(D27/C27, "-") -> -
A28: May | B28: 0 | D28: =B28-C28 -> 0 | E28: =IFERROR(D28/C28, "-") -> -
A29: Jun | B29: 0 | D29: =B29-C29 -> 0 | E29: =IFERROR(D29/C29, "-") -> -
A30: Jul | B30: 0 | D30: =B30-C30 -> 0 | E30: =IFERROR(D30/C30, "-") -> -
A31: Aug | B31: 0 | D31: =B31-C31 -> 0 | E31: =IFERROR(D31/C31, "-") -> -
A32: Sep | B32: 0 | D32: =B32-C32 -> 0 | E32: =IFERROR(D32/C32, "-") -> -
A33: Oct | B33: 0 | D33: =B33-C33 -> 0 | E33: =IFERROR(D33/C33, "-") -> -
A34: Nov | B34: 0 | D34: =B34-C34 -> 0 | E34: =IFERROR(D34/C34, "-") -> -
A35: Dec | B35: 0 | D35: =B35-C35 -> 0 | E35: =IFERROR(D35/C35, "-") -> -
A36: Totals | B36: 724.2 | C36: =SUM(C24:C35) -> 1165.016 | D36: =SUM(D24:D35) -> -440.816 | E36: =IFERROR(D36/C36, "-") -> -0.37837764

Sheet Arapahoe Crossings
A1: Arapahoe Crossings
A3: State: | B3: CO
A4: Actual vs. Expected
A5: Month | B5: Actual | C5: Expected | D5: Delta | E5: %
A6: Jan | B6: 2121.2004 | C6: 0 | D6: =B6-C6 -> 2121.2004 | E6: =IFERROR(D6/C6, "-") -> -
A7: Feb | D7: =B7-C7 -> 0 | E7: =IFERROR(D7/C7, "-") -> -
A8: Mar | D8: =B8-C8 -> 0 | E8: =IFERROR(D8/C8, "-") -> -
A9: Apr | D9: =B9-C9 -> 0 | E9: =IFERROR(D9/C9, "-") -> -
A10: May | D10: =B10-C10 -> 0 | E10: =IFERROR(D10/C10, "-") -> -
A11: Jun | D11: =B11-C11 -> 0 | E11: =IFERROR(D11/C11, "-") -> -
A12: Jul | D12: =B12-C12 -> 0 | E12: =IFERROR(D12/C12, "-") -> -
A13: Aug | D13: =B13-C13 -> 0 | E13: =IFERROR(D13/C13, "-") -> -
A14: Sep | D14: =B14-C14 -> 0 | E14: =IFERROR(D14/C14, "-") -> -
A15: Oct | D15: =B15-C15 -> 0 | E15: =IFERROR(D15/C15, "-") -> -
A16: Nov | D16: =B16-C16 -> 0 | E16: =IFERROR(D16/C16, "-") -> -
A17: Dec | D17: =B17-C17 -> 0 | E17: =IFERROR(D17/C17, "-") -> -
A18: Totals | B18: =SUM(B6:B17) -> 2121.2004 | C18: =SUM(C6:C17) -> 0 | D18: =SUM(D6:D17) -> 2121.2004 | E18: =IFERROR(D18/C18, "-") -> -
A22: Actual vs. Forecasted
A23: Month | B23: Actual | C23: Forecasted | D23: Delta | E23: % | F23: Notes | G23: Service Request
A24: Jan | B24: {=B6:B18} -> 2121.2004 | C24: 2132.967 | D24: =B24-C24 -> -11.766622 | E24: =IFERROR(D24/C24, "-") -> -0.0055165513
A25: Feb | B25: 0 | D25: =B25-C25 -> 0 | E25: =IFERROR(D25/C25, "-") -> -
A26: Mar | B26: 0 | D26: =B26-C26 -> 0 | E26: =IFERROR(D26/C26, "-") -> -
A27: Apr | B27: 0 | D27: =B27-C27 -> 0 | E27: =IFERROR(D27/C27, "-") -> -
A28: May | B28: 0 | D28: =B28-C28 -> 0 | E28: =IFERROR(D28/C28, "-") -> -
A29: Jun | B29: 0 | D29: =B29-C29 -> 0 | E29: =IFERROR(D29/C29, "-") -> -
A30: Jul | B30: 0 | D30: =B30-C30 -> 0 | E30: =IFERROR(D30/C30, "-") -> -
A31: Aug | B31: 0 | D31: =B31-C31 -> 0 | E31: =IFERROR(D31/C31, "-") -> -
A32: Sep | B32: 0 | D32: =B32-C32 -> 0 | E32: =IFERROR(D32/C32, "-") -> -
A33: Oct | B33: 0 | D33: =B33-C33 -> 0 | E33: =IFERROR(D33/C33, "-") -> -
A34: Nov | B34: 0 | D34: =B34-C34 -> 0 | E34: =IFERROR(D34/C34, "-") -> -
A35: Dec | B35: 0 | D35: =B35-C35 -> 0 | E35: =IFERROR(D35/C35, "-") -> -
A36: Totals | B36: 2121.2004 | C36: =SUM(C24:C35) -> 2132.967 | D36: =SUM(D24:D35) -> -11.766622 | E36: =IFERROR(D36/C36, "-") -> -0.0055165513

Sheet Havana Gardens
A1: Havana Gardens
A3: State: | B3: CO
A4: Actual vs. Expected
A5: Month | B5: Actual | C5: Expected | D5: Delta | E5: %
A6: Jan | B6: 1739.8 | C6: 0 | D6: =B6-C6 -> 1739.8 | E6: =IFERROR(D6/C6, "-") -> -
A7: Feb | D7: =B7-C7 -> 0 | E7: =IFERROR(D7/C7, "-") -> -
A8: Mar | D8: =B8-C8 -> 0 | E8: =IFERROR(D8/C8, "-") -> -
A9: Apr | D9: =B9-C9 -> 0 | E9: =IFERROR(D9/C9, "-") -> -
A10: May | D10: =B10-C10 -> 0 | E10: =IFERROR(D10/C10, "-") -> -
A11: Jun | D11: =B11-C11 -> 0 | E11: =IFERROR(D11/C11, "-") -> -
A12: Jul | D12: =B12-C12 -> 0 | E12: =IFERROR(D12/C12, "-") -> -
A13: Aug | D13: =B13-C13 -> 0 | E13: =IFERROR(D13/C13, "-") -> -
A14: Sep | D14: =B14-C14 -> 0 | E14: =IFERROR(D14/C14, "-") -> -
A15: Oct | D15: =B15-C15 -> 0 | E15: =IFERROR(D15/C15, "-") -> -
A16: Nov | D16: =B16-C16 -> 0 | E16: =IFERROR(D16/C16, "-") -> -
A17: Dec | D17: =B17-C17 -> 0 | E17: =IFERROR(D17/C17, "-") -> -
A18: Totals | B18: =SUM(B6:B17) -> 1739.8 | C18: =SUM(C6:C17) -> 0 | D18: =SUM(D6:D17) -> 1739.8 | E18: =IFERROR(D18/C18, "-") -> -
A22: Actual vs. Forecasted
A23: Month | B23: Actual | C23: Forecasted | D23: Delta | E23: % | F23: Notes | G23: Service Request
A24: Jan | B24: {=B6:B18} -> 1739.8 | C24: 846.258 | D24: =B24-C24 -> 893.542 | E24: =IFERROR(D24/C24, "-") -> 1.0558742 | F24: 03/01/2023 Per Kate - Do Not Pursue Weather Station
A25: Feb | B25: 0 | D25: =B25-C25 -> 0 | E25: =IFERROR(D25/C25, "-") -> -
A26: Mar | B26: 0 | D26: =B26-C26 -> 0 | E26: =IFERROR(D26/C26, "-") -> -
A27: Apr | B27: 0 | D27: =B27-C27 -> 0 | E27: =IFERROR(D27/C27, "-") -> -
A28: May | B28: 0 | D28: =B28-C28 -> 0 | E28: =IFERROR(D28/C28, "-") -> -
A29: Jun | B29: 0 | D29: =B29-C29 -> 0 | E29: =IFERROR(D29/C29, "-") -> -
A30: Jul | B30: 0 | D30: =B30-C30 -> 0 | E30: =IFERROR(D30/C30, "-") -> -
A31: Aug | B31: 0 | D31: =B31-C31 -> 0 | E31: =IFERROR(D31/C31, "-") -> -
A32: Sep | B32: 0 | D32: =B32-C32 -> 0 | E32: =IFERROR(D32/C32, "-") -> -
A33: Oct | B33: 0 | D33: =B33-C33 -> 0 | E33: =IFERROR(D33/C33, "-") -> -
A34: Nov | B34: 0 | D34: =B34-C34 -> 0 | E34: =IFERROR(D34/C34, "-") -> -
A35: Dec | B35: 0 | D35: =B35-C35 -> 0 | E35: =IFERROR(D35/C35, "-") -> -
A36: Totals | B36: 1739.8 | C36: =SUM(C24:C35) -> 846.258 | D36: =SUM(D24:D35) -> 893.542 | E36: =IFERROR(D36/C36, "-") -> 1.0558742

Sheet Aurora City Center
A1: Aurora City Center
A3: State: | B3: CO
A4: Actual vs. Expected
A5: Month | B5: Actual | C5: Expected | D5: Delta | E5: %
A6: Jan | B6: 1077.5 | C6: 0 | D6: =B6-C6 -> 1077.5 | E6: =IFERROR(D6/C6, "-") -> -
A7: Feb | D7: =B7-C7 -> 0 | E7: =IFERROR(D7/C7, "-") -> -
A8: Mar | D8: =B8-C8 -> 0 | E8: =IFERROR(D8/C8, "-") -> -
A9: Apr | D9: =B9-C9 -> 0 | E9: =IFERROR(D9/C9, "-") -> -
A10: May | D10: =B10-C10 -> 0 | E10: =IFERROR(D10/C10, "-") -> -
A11: Jun | D11: =B11-C11 -> 0 | E11: =IFERROR(D11/C11, "-") -> -
A12: Jul | D12: =B12-C12 -> 0 | E12: =IFERROR(D12/C12, "-") -> -
A13: Aug | D13: =B13-C13 -> 0 | E13: =IFERROR(D13/C13, "-") -> -
A14: Sep | D14: =B14-C14 -> 0 | E14: =IFERROR(D14/C14, "-") -> -
A15: Oct | D15: =B15-C15 -> 0 | E15: =IFERROR(D15/C15, "-") -> -
A16: Nov | D16: =B16-C16 -> 0 | E16: =IFERROR(D16/C16, "-") -> -
A17: Dec | D17: =B17-C17 -> 0 | E17: =IFERROR(D17/C17, "-") -> -
A18: Totals | B18: =SUM(B6:B17) -> 1077.5 | C18: =SUM(C6:C17) -> 0 | D18: =SUM(D6:D17) -> 1077.5 | E18: =IFERROR(D18/C18, "-") -> -
A22: Actual vs. Forecasted
A23: Month | B23: Actual | C23: Forecasted | D23: Delta | E23: % | F23: Notes | G23: Service Request
A24: Jan | B24: {=B6:B18} -> 1077.5 | C24: 1040.516 | D24: =B24-C24 -> 36.984 | E24: =IFERROR(D24/C24, "-") -> 0.035543903
A25: Feb | B25: 0 | D25: =B25-C25 -> 0 | E25: =IFERROR(D25/C25, "-") -> -
A26: Mar | B26: 0 | D26: =B26-C26 -> 0 | E26: =IFERROR(D26/C26, "-") -> -
A27: Apr | B27: 0 | D27: =B27-C27 -> 0 | E27: =IFERROR(D27/C27, "-") -> -
A28: May | B28: 0 | D28: =B28-C28 -> 0 | E28: =IFERROR(D28/C28, "-") -> -
A29: Jun | B29: 0 | D29: =B29-C29 -> 0 | E29: =IFERROR(D29/C29, "-") -> -
A30: Jul | B30: 0 | D30: =B30-C30 -> 0 | E30: =IFERROR(D30/C30, "-") -> -
A31: Aug | B31: 0 | D31: =B31-C31 -> 0 | E31: =IFERROR(D31/C31, "-") -> -
A32: Sep | B32: 0 | D32: =B32-C32 -> 0 | E32: =IFERROR(D32/C32, "-") -> -
A33: Oct | B33: 0 | D33: =B33-C33 -> 0 | E33: =IFERROR(D33/C33, "-") -> -
A34: Nov | B34: 0 | D34: =B34-C34 -> 0 | E34: =IFERROR(D34/C34, "-") -> -
A35: Dec | B35: 0 | D35: =B35-C35 -> 0 | E35: =IFERROR(D35/C35, "-") -> -
A36: Totals | B36: 1077.5 | C36: =SUM(C24:C35) -> 1040.516 | D36: =SUM(D24:D35) -> 36.984 | E36: =IFERROR(D36/C36, "-") -> 0.035543903

Sheet Dry Creek
A1: Dry Creek
A3: State: | B3: CO
A4: Actual vs. Expected
A5: Month | B5: Actual | C5: Expected | D5: Delta | E5: %
A6: Jan | B6: -0.40201212 | C6: 0 | D6: =B6-C6 -> -0.40201212 | E6: =IFERROR(D6/C6, "-") -> -
A7: Feb | D7: =B7-C7 -> 0 | E7: =IFERROR(D7/C7, "-") -> -
A8: Mar | D8: =B8-C8 -> 0 | E8: =IFERROR(D8/C8, "-") -> -
A9: Apr | D9: =B9-C9 -> 0 | E9: =IFERROR(D9/C9, "-") -> -
A10: May | D10: =B10-C10 -> 0 | E10: =IFERROR(D10/C10, "-") -> -
A11: Jun | D11: =B11-C11 -> 0 | E11: =IFERROR(D11/C11, "-") -> -
A12: Jul | D12: =B12-C12 -> 0 | E12: =IFERROR(D12/C12, "-") -> -
A13: Aug | D13: =B13-C13 -> 0 | E13: =IFERROR(D13/C13, "-") -> -
A14: Sep | D14: =B14-C14 -> 0 | E14: =IFERROR(D14/C14, "-") -> -
A15: Oct | D15: =B15-C15 -> 0 | E15: =IFERROR(D15/C15, "-") -> -
A16: Nov | D16: =B16-C16 -> 0 | E16: =IFERROR(D16/C16, "-") -> -
A17: Dec | D17: =B17-C17 -> 0 | E17: =IFERROR(D17/C17, "-") -> -
A18: Totals | B18: =SUM(B6:B17) -> -0.40201212 | C18: =SUM(C6:C17) -> 0 | D18: =SUM(D6:D17) -> -0.40201212 | E18: =IFERROR(D18/C18, "-") -> -
A22: Actual vs. Forecasted
A23: Month | B23: Actual | C23: Forecasted | D23: Delta | E23: % | F23: Notes | G23: Service Request
A24: Jan | B24: {=B6:B18} -> -0.40201212 | C24: 1258.016 | D24: =B24-C24 -> -1258.418 | E24: =IFERROR(D24/C24, "-") -> -1.0003196 | F24: Site is offline from 05/12/2023 | G24: SR078942
A25: Feb | B25: 0 | D25: =B25-C25 -> 0 | E25: =IFERROR(D25/C25, "-") -> -
A26: Mar | B26: 0 | D26: =B26-C26 -> 0 | E26: =IFERROR(D26/C26, "-") -> -
A27: Apr | B27: 0 | D27: =B27-C27 -> 0 | E27: =IFERROR(D27/C27, "-") -> -
A28: May | B28: 0 | D28: =B28-C28 -> 0 | E28: =IFERROR(D28/C28, "-") -> -
A29: Jun | B29: 0 | D29: =B29-C29 -> 0 | E29: =IFERROR(D29/C29, "-") -> -
A30: Jul | B30: 0 | D30: =B30-C30 -> 0 | E30: =IFERROR(D30/C30, "-") -> -
A31: Aug | B31: 0 | D31: =B31-C31 -> 0 | E31: =IFERROR(D31/C31, "-") -> -
A32: Sep | B32: 0 | D32: =B32-C32 -> 0 | E32: =IFERROR(D32/C32, "-") -> -
A33: Oct | B33: 0 | D33: =B33-C33 -> 0 | E33: =IFERROR(D33/C33, "-") -> -
A34: Nov | B34: 0 | D34: =B34-C34 -> 0 | E34: =IFERROR(D34/C34, "-") -> -
A35: Dec | B35: 0 | D35: =B35-C35 -> 0 | E35: =IFERROR(D35/C35, "-") -> -
A36: Totals | B36: -0.40201212 | C36: =SUM(C24:C35) -> 1258.016 | D36: =SUM(D24:D35) -> -1258.418 | E36: =IFERROR(D36/C36, "-") -> -1.0003196

Sheet Highlands Ranch South
A1: Highlands Ranch South
A3: State: | B3: CO
A4: Actual vs. Expected
A5: Month | B5: Actual | C5: Expected | D5: Delta | E5: %
A6: Jan | B6: 1000.7 | C6: 0 | D6: =B6-C6 -> 1000.7 | E6: =IFERROR(D6/C6, "-") -> -
A7: Feb | D7: =B7-C7 -> 0 | E7: =IFERROR(D7/C7, "-") -> -
A8: Mar | D8: =B8-C8 -> 0 | E8: =IFERROR(D8/C8, "-") -> -
A9: Apr | D9: =B9-C9 -> 0 | E9: =IFERROR(D9/C9, "-") -> -
A10: May | D10: =B10-C10 -> 0 | E10: =IFERROR(D10/C10, "-") -> -
A11: Jun | D11: =B11-C11 -> 0 | E11: =IFERROR(D11/C11, "-") -> -
A12: Jul | D12: =B12-C12 -> 0 | E12: =IFERROR(D12/C12, "-") -> -
A13: Aug | D13: =B13-C13 -> 0 | E13: =IFERROR(D13/C13, "-") -> -
A14: Sep | D14: =B14-C14 -> 0 | E14: =IFERROR(D14/C14, "-") -> -
A15: Oct | D15: =B15-C15 -> 0 | E15: =IFERROR(D15/C15, "-") -> -
A16: Nov | D16: =B16-C16 -> 0 | E16: =IFERROR(D16/C16, "-") -> -
A17: Dec | D17: =B17-C17 -> 0 | E17: =IFERROR(D17/C17, "-") -> -
A18: Totals | B18: =SUM(B6:B17) -> 1000.7 | C18: =SUM(C6:C17) -> 0 | D18: =SUM(D6:D17) -> 1000.7 | E18: =IFERROR(D18/C18, "-") -> -
A22: Actual vs. Forecasted
A23: Month | B23: Actual | C23: Forecasted | D23: Delta | E23: % | F23: Notes | G23: Service Request
A24: Jan | B24: {=B6:B18} -> 1000.7 | C24: 1110.774 | D24: =B24-C24 -> -110.074 | E24: =IFERROR(D24/C24, "-") -> -0.099096666
A25: Feb | B25: 0 | D25: =B25-C25 -> 0 | E25: =IFERROR(D25/C25, "-") -> -
A26: Mar | B26: 0 | D26: =B26-C26 -> 0 | E26: =IFERROR(D26/C26, "-") -> -
A27: Apr | B27: 0 | D27: =B27-C27 -> 0 | E27: =IFERROR(D27/C27, "-") -> -
A28: May | B28: 0 | D28: =B28-C28 -> 0 | E28: =IFERROR(D28/C28, "-") -> -
A29: Jun | B29: 0 | D29: =B29-C29 -> 0 | E29: =IFERROR(D29/C29, "-") -> -
A30: Jul | B30: 0 | D30: =B30-C30 -> 0 | E30: =IFERROR(D30/C30, "-") -> -
A31: Aug | B31: 0 | D31: =B31-C31 -> 0 | E31: =IFERROR(D31/C31, "-") -> -
A32: Sep | B32: 0 | D32: =B32-C32 -> 0 | E32: =IFERROR(D32/C32, "-") -> -
A33: Oct | B33: 0 | D33: =B33-C33 -> 0 | E33: =IFERROR(D33/C33, "-") -> -
A34: Nov | B34: 0 | D34: =B34-C34 -> 0 | E34: =IFERROR(D34/C34, "-") -> -
A35: Dec | B35: 0 | D35: =B35-C35 -> 0 | E35: =IFERROR(D35/C35, "-") -> -
A36: Totals | B36: 1000.7 | C36: =SUM(C24:C35) -> 1110.774 | D36: =SUM(D24:D35) -> -110.074 | E36: =IFERROR(D36/C36, "-") -> -0.099096666

Sheet Lone Tree
A1: Lone Tree
A3: State: | B3: CO
A4: Actual vs. Expected
A5: Month | B5: Actual | C5: Expected | D5: Delta | E5: %
A6: Jan | B6: 2395.4 | C6: 0 | D6: =B6-C6 -> 2395.4 | E6: =IFERROR(D6/C6, "-") -> -
A7: Feb | D7: =B7-C7 -> 0 | E7: =IFERROR(D7/C7, "-") -> -
A8: Mar | D8: =B8-C8 -> 0 | E8: =IFERROR(D8/C8, "-") -> -
A9: Apr | D9: =B9-C9 -> 0 | E9: =IFERROR(D9/C9, "-") -> -
A10: May | D10: =B10-C10 -> 0 | E10: =IFERROR(D10/C10, "-") -> -
A11: Jun | D11: =B11-C11 -> 0 | E11: =IFERROR(D11/C11, "-") -> -
A12: Jul | D12: =B12-C12 -> 0 | E12: =IFERROR(D12/C12, "-") -> -
A13: Aug | D13: =B13-C13 -> 0 | E13: =IFERROR(D13/C13, "-") -> -
A14: Sep | D14: =B14-C14 -> 0 | E14: =IFERROR(D14/C14, "-") -> -
A15: Oct | D15: =B15-C15 -> 0 | E15: =IFERROR(D15/C15, "-") -> -
A16: Nov | D16: =B16-C16 -> 0 | E16: =IFERROR(D16/C16, "-") -> -
A17: Dec | D17: =B17-C17 -> 0 | E17: =IFERROR(D17/C17, "-") -> -
A18: Totals | B18: =SUM(B6:B17) -> 2395.4 | C18: =SUM(C6:C17) -> 0 | D18: =SUM(D6:D17) -> 2395.4 | E18: =IFERROR(D18/C18, "-") -> -
A22: Actual vs. Forecasted
A23: Month | B23: Actual | C23: Forecasted | D23: Delta | E23: % | F23: Notes | G23: Service Request
A24: Jan | B24: {=B6:B18} -> 2395.4 | C24: 2590.419 | D24: =B24-C24 -> -195.019 | E24: =IFERROR(D24/C24, "-") -> -0.075284732
A25: Feb | B25: 0 | D25: =B25-C25 -> 0 | E25: =IFERROR(D25/C25, "-") -> -
A26: Mar | B26: 0 | D26: =B26-C26 -> 0 | E26: =IFERROR(D26/C26, "-") -> -
A27: Apr | B27: 0 | D27: =B27-C27 -> 0 | E27: =IFERROR(D27/C27, "-") -> -
A28: May | B28: 0 | D28: =B28-C28 -> 0 | E28: =IFERROR(D28/C28, "-") -> -
A29: Jun | B29: 0 | D29: =B29-C29 -> 0 | E29: =IFERROR(D29/C29, "-") -> -
A30: Jul | B30: 0 | D30: =B30-C30 -> 0 | E30: =IFERROR(D30/C30, "-") -> -
A31: Aug | B31: 0 | D31: =B31-C31 -> 0 | E31: =IFERROR(D31/C31, "-") -> -
A32: Sep | B32: 0 | D32: =B32-C32 -> 0 | E32: =IFERROR(D32/C32, "-") -> -
A33: Oct | B33: 0 | D33: =B33-C33 -> 0 | E33: =IFERROR(D33/C33, "-") -> -
A34: Nov | B34: 0 | D34: =B34-C34 -> 0 | E34: =IFERROR(D34/C34, "-") -> -
A35: Dec | B35: 0 | D35: =B35-C35 -> 0 | E35: =IFERROR(D35/C35, "-") -> -
A36: Totals | B36: 2395.4 | C36: =SUM(C24:C35) -> 2590.419 | D36: =SUM(D24:D35) -> -195.019 | E36: =IFERROR(D36/C36, "-") -> -0.075284732

Sheet Meridian
A1: Meridian
A3: State: | B3: CO
A4: Actual vs. Expected
A5: Month | B5: Actual | C5: Expected | D5: Delta | E5: %
A6: Jan | B6: 1646.1 | C6: 0 | D6: =B6-C6 -> 1646.1 | E6: =IFERROR(D6/C6, "-") -> -
A7: Feb | D7: =B7-C7 -> 0 | E7: =IFERROR(D7/C7, "-") -> -
A8: Mar | D8: =B8-C8 -> 0 | E8: =IFERROR(D8/C8, "-") -> -
A9: Apr | D9: =B9-C9 -> 0 | E9: =IFERROR(D9/C9, "-") -> -
A10: May | D10: =B10-C10 -> 0 | E10: =IFERROR(D10/C10, "-") -> -
A11: Jun | D11: =B11-C11 -> 0 | E11: =IFERROR(D11/C11, "-") -> -
A12: Jul | D12: =B12-C12 -> 0 | E12: =IFERROR(D12/C12, "-") -> -
A13: Aug | D13: =B13-C13 -> 0 | E13: =IFERROR(D13/C13, "-") -> -
A14: Sep | D14: =B14-C14 -> 0 | E14: =IFERROR(D14/C14, "-") -> -
A15: Oct | D15: =B15-C15 -> 0 | E15: =IFERROR(D15/C15, "-") -> -
A16: Nov | D16: =B16-C16 -> 0 | E16: =IFERROR(D16/C16, "-") -> -
A17: Dec | D17: =B17-C17 -> 0 | E17: =IFERROR(D17/C17, "-") -> -
A18: Totals | B18: =SUM(B6:B17) -> 1646.1 | C18: =SUM(C6:C17) -> 0 | D18: =SUM(D6:D17) -> 1646.1 | E18: =IFERROR(D18/C18, "-") -> -
A22: Actual vs. Forecasted
A23: Month | B23: Actual | C23: Forecasted | D23: Delta | E23: % | F23: Notes | G23: Service Request
A24: Jan | B24: {=B6:B18} -> 1646.1 | C24: 1355.097 | D24: =B24-C24 -> 291.003 | E24: =IFERROR(D24/C24, "-") -> 0.21474699
A25: Feb | B25: 0 | D25: =B25-C25 -> 0 | E25: =IFERROR(D25/C25, "-") -> -
A26: Mar | B26: 0 | D26: =B26-C26 -> 0 | E26: =IFERROR(D26/C26, "-") -> -
A27: Apr | B27: 0 | D27: =B27-C27 -> 0 | E27: =IFERROR(D27/C27, "-") -> -
A28: May | B28: 0 | D28: =B28-C28 -> 0 | E28: =IFERROR(D28/C28, "-") -> -
A29: Jun | B29: 0 | D29: =B29-C29 -> 0 | E29: =IFERROR(D29/C29, "-") -> -
A30: Jul | B30: 0 | D30: =B30-C30 -> 0 | E30: =IFERROR(D30/C30, "-") -> -
A31: Aug | B31: 0 | D31: =B31-C31 -> 0 | E31: =IFERROR(D31/C31, "-") -> -
A32: Sep | B32: 0 | D32: =B32-C32 -> 0 | E32: =IFERROR(D32/C32, "-") -> -
A33: Oct | B33: 0 | D33: =B33-C33 -> 0 | E33: =IFERROR(D33/C33, "-") -> -
A34: Nov | B34: 0 | D34: =B34-C34 -> 0 | E34: =IFERROR(D34/C34, "-") -> -
A35: Dec | B35: 0 | D35: =B35-C35 -> 0 | E35: =IFERROR(D35/C35, "-") -> -
A36: Totals | B36: 1646.1 | C36: =SUM(C24:C35) -> 1355.097 | D36: =SUM(D24:D35) -> 291.003 | E36: =IFERROR(D36/C36, "-") -> 0.21474699

Sheet Southglenn Relocation
A1: Southglenn Relocation
A3: State: | B3: CO
A4: Actual vs. Expected
A5: Month | B5: Actual | C5: Expected | D5: Delta | E5: %
A6: Jan | B6: 1513 | C6: 0 | D6: =B6-C6 -> 1513 | E6: =IFERROR(D6/C6, "-") -> -
A7: Feb | D7: =B7-C7 -> 0 | E7: =IFERROR(D7/C7, "-") -> -
A8: Mar | D8: =B8-C8 -> 0 | E8: =IFERROR(D8/C8, "-") -> -
A9: Apr | D9: =B9-C9 -> 0 | E9: =IFERROR(D9/C9, "-") -> -
A10: May | D10: =B10-C10 -> 0 | E10: =IFERROR(D10/C10, "-") -> -
A11: Jun | D11: =B11-C11 -> 0 | E11: =IFERROR(D11/C11, "-") -> -
A12: Jul | D12: =B12-C12 -> 0 | E12: =IFERROR(D12/C12, "-") -> -
A13: Aug | D13: =B13-C13 -> 0 | E13: =IFERROR(D13/C13, "-") -> -
A14: Sep | D14: =B14-C14 -> 0 | E14: =IFERROR(D14/C14, "-") -> -
A15: Oct | D15: =B15-C15 -> 0 | E15: =IFERROR(D15/C15, "-") -> -
A16: Nov | D16: =B16-C16 -> 0 | E16: =IFERROR(D16/C16, "-") -> -
A17: Dec | D17: =B17-C17 -> 0 | E17: =IFERROR(D17/C17, "-") -> -
A18: Totals | B18: =SUM(B6:B17) -> 1513 | C18: =SUM(C6:C17) -> 0 | D18: =SUM(D6:D17) -> 1513 | E18: =IFERROR(D18/C18, "-") -> -
A22: Actual vs. Forecasted
A23: Month | B23: Actual | C23: Forecasted | D23: Delta | E23: % | F23: Notes | G23: Service Request
A24: Jan | B24: {=B6:B18} -> 1513 | C24: 1611.403 | D24: =B24-C24 -> -98.403 | E24: =IFERROR(D24/C24, "-") -> -0.061066661
A25: Feb | B25: 0 | D25: =B25-C25 -> 0 | E25: =IFERROR(D25/C25, "-") -> -
A26: Mar | B26: 0 | D26: =B26-C26 -> 0 | E26: =IFERROR(D26/C26, "-") -> -
A27: Apr | B27: 0 | D27: =B27-C27 -> 0 | E27: =IFERROR(D27/C27, "-") -> -
A28: May | B28: 0 | D28: =B28-C28 -> 0 | E28: =IFERROR(D28/C28, "-") -> -
A29: Jun | B29: 0 | D29: =B29-C29 -> 0 | E29: =IFERROR(D29/C29, "-") -> -
A30: Jul | B30: 0 | D30: =B30-C30 -> 0 | E30: =IFERROR(D30/C30, "-") -> -
A31: Aug | B31: 0 | D31: =B31-C31 -> 0 | E31: =IFERROR(D31/C31, "-") -> -
A32: Sep | B32: 0 | D32: =B32-C32 -> 0 | E32: =IFERROR(D32/C32, "-") -> -
A33: Oct | B33: 0 | D33: =B33-C33 -> 0 | E33: =IFERROR(D33/C33, "-") -> -
A34: Nov | B34: 0 | D34: =B34-C34 -> 0 | E34: =IFERROR(D34/C34, "-") -> -
A35: Dec | B35: 0 | D35: =B35-C35 -> 0 | E35: =IFERROR(D35/C35, "-") -> -
A36: Totals | B36: 1513 | C36: =SUM(C24:C35) -> 1611.403 | D36: =SUM(D24:D35) -> -98.403 | E36: =IFERROR(D36/C36, "-") -> -0.061066661

Sheet Standley Lake
A1: Standley Lake
A3: State: | B3: CO
A4: Actual vs. Expected
A5: Month | B5: Actual | C5: Expected | D5: Delta | E5: %
A6: Jan | B6: 2051.1 | C6: 0 | D6: =B6-C6 -> 2051.1 | E6: =IFERROR(D6/C6, "-") -> -
A7: Feb | D7: =B7-C7 -> 0 | E7: =IFERROR(D7/C7, "-") -> -
A8: Mar | D8: =B8-C8 -> 0 | E8: =IFERROR(D8/C8, "-") -> -
A9: Apr | D9: =B9-C9 -> 0 | E9: =IFERROR(D9/C9, "-") -> -
A10: May | D10: =B10-C10 -> 0 | E10: =IFERROR(D10/C10, "-") -> -
A11: Jun | D11: =B11-C11 -> 0 | E11: =IFERROR(D11/C11, "-") -> -
A12: Jul | D12: =B12-C12 -> 0 | E12: =IFERROR(D12/C12, "-") -> -
A13: Aug | D13: =B13-C13 -> 0 | E13: =IFERROR(D13/C13, "-") -> -
A14: Sep | D14: =B14-C14 -> 0 | E14: =IFERROR(D14/C14, "-") -> -
A15: Oct | D15: =B15-C15 -> 0 | E15: =IFERROR(D15/C15, "-") -> -
A16: Nov | D16: =B16-C16 -> 0 | E16: =IFERROR(D16/C16, "-") -> -
A17: Dec | D17: =B17-C17 -> 0 | E17: =IFERROR(D17/C17, "-") -> -
A18: Totals | B18: =SUM(B6:B17) -> 2051.1 | C18: =SUM(C6:C17) -> 0 | D18: =SUM(D6:D17) -> 2051.1 | E18: =IFERROR(D18/C18, "-") -> -
A22: Actual vs. Forecasted
A23: Month | B23: Actual | C23: Forecasted | D23: Delta | E23: % | F23: Notes | G23: Service Request
A24: Jan | B24: {=B6:B18} -> 2051.1 | C24: 2170.403 | D24: =B24-C24 -> -119.303 | E24: =IFERROR(D24/C24, "-") -> -0.054968133
A25: Feb | B25: 0 | D25: =B25-C25 -> 0 | E25: =IFERROR(D25/C25, "-") -> -
A26: Mar | B26: 0 | D26: =B26-C26 -> 0 | E26: =IFERROR(D26/C26, "-") -> -
A27: Apr | B27: 0 | D27: =B27-C27 -> 0 | E27: =IFERROR(D27/C27, "-") -> -
A28: May | B28: 0 | D28: =B28-C28 -> 0 | E28: =IFERROR(D28/C28, "-") -> -
A29: Jun | B29: 0 | D29: =B29-C29 -> 0 | E29: =IFERROR(D29/C29, "-") -> -
A30: Jul | B30: 0 | D30: =B30-C30 -> 0 | E30: =IFERROR(D30/C30, "-") -> -
A31: Aug | B31: 0 | D31: =B31-C31 -> 0 | E31: =IFERROR(D31/C31, "-") -> -
A32: Sep | B32: 0 | D32: =B32-C32 -> 0 | E32: =IFERROR(D32/C32, "-") -> -
A33: Oct | B33: 0 | D33: =B33-C33 -> 0 | E33: =IFERROR(D33/C33, "-") -> -
A34: Nov | B34: 0 | D34: =B34-C34 -> 0 | E34: =IFERROR(D34/C34, "-") -> -
A35: Dec | B35: 0 | D35: =B35-C35 -> 0 | E35: =IFERROR(D35/C35, "-") -> -
A36: Totals | B36: 2051.1 | C36: =SUM(C24:C35) -> 2170.403 | D36: =SUM(D24:D35) -> -119.303 | E36: =IFERROR(D36/C36, "-") -> -0.054968133

Sheet East Hartford
A1: East Hartford
A3: State: | B3: CT
A4: Actual vs. Expected
A5: Month | B5: Actual | C5: Expected | D5: Delta | E5: %
A6: Jan | B6: 119.7 | C6: 246.8964 | D6: =B6-C6 -> -127.1964 | E6: =IFERROR(D6/C6, "-") -> -0.51518127
A7: Feb | D7: =B7-C7 -> 0 | E7: =IFERROR(D7/C7, "-") -> -
A8: Mar | D8: =B8-C8 -> 0 | E8: =IFERROR(D8/C8, "-") -> -
A9: Apr | D9: =B9-C9 -> 0 | E9: =IFERROR(D9/C9, "-") -> -
A10: May | D10: =B10-C10 -> 0 | E10: =IFERROR(D10/C10, "-") -> -
A11: Jun | D11: =B11-C11 -> 0 | E11: =IFERROR(D11/C11, "-") -> -
A12: Jul | D12: =B12-C12 -> 0 | E12: =IFERROR(D12/C12, "-") -> -
A13: Aug | D13: =B13-C13 -> 0 | E13: =IFERROR(D13/C13, "-") -> -
A14: Sep | D14: =B14-C14 -> 0 | E14: =IFERROR(D14/C14, "-") -> -
A15: Oct | D15: =B15-C15 -> 0 | E15: =IFERROR(D15/C15, "-") -> -
A16: Nov | D16: =B16-C16 -> 0 | E16: =IFERROR(D16/C16, "-") -> -
A17: Dec | D17: =B17-C17 -> 0 | E17: =IFERROR(D17/C17, "-") -> -
A18: Totals | B18: =SUM(B6:B17) -> 119.7 | C18: =SUM(C6:C17) -> 246.8964 | D18: =SUM(D6:D17) -> -127.1964 | E18: =IFERROR(D18/C18, "-") -> -0.51518127
A22: Actual vs. Forecasted
A23: Month | B23: Actual | C23: Forecasted | D23: Delta | E23: % | F23: Notes | G23: Service Request
A24: Jan | B24: {=B6:B18} -> 119.7 | C24: 273.275 | D24: =B24-C24 -> -153.575 | E24: =IFERROR(D24/C24, "-") -> -0.56197969
A25: Feb | B25: 0 | D25: =B25-C25 -> 0 | E25: =IFERROR(D25/C25, "-") -> -
A26: Mar | B26: 0 | D26: =B26-C26 -> 0 | E26: =IFERROR(D26/C26, "-") -> -
A27: Apr | B27: 0 | D27: =B27-C27 -> 0 | E27: =IFERROR(D27/C27, "-") -> -
A28: May | B28: 0 | D28: =B28-C28 -> 0 | E28: =IFERROR(D28/C28, "-") -> -
A29: Jun | B29: 0 | D29: =B29-C29 -> 0 | E29: =IFERROR(D29/C29, "-") -> -
A30: Jul | B30: 0 | D30: =B30-C30 -> 0 | E30: =IFERROR(D30/C30, "-") -> -
A31: Aug | B31: 0 | D31: =B31-C31 -> 0 | E31: =IFERROR(D31/C31, "-") -> -
A32: Sep | B32: 0 | D32: =B32-C32 -> 0 | E32: =IFERROR(D32/C32, "-") -> -
A33: Oct | B33: 0 | D33: =B33-C33 -> 0 | E33: =IFERROR(D33/C33, "-") -> -
A34: Nov | B34: 0 | D34: =B34-C34 -> 0 | E34: =IFERROR(D34/C34, "-") -> -
A35: Dec | B35: 0 | D35: =B35-C35 -> 0 | E35: =IFERROR(D35/C35, "-") -> -
A36: Totals | B36: 119.7 | C36: =SUM(C24:C35) -> 273.275 | D36: =SUM(D24:D35) -> -153.575 | E36: =IFERROR(D36/C36, "-") -> -0.56197969

Sheet Norwalk Post Road
A1: Norwalk Post Road
A3: State: | B3: CT
A4: Actual vs. Expected
A5: Month | B5: Actual | C5: Expected | D5: Delta | E5: %
A6: Jan | B6: 117.74058 | C6: 417.3167 | D6: =B6-C6 -> -299.57612 | E6: =IFERROR(D6/C6, "-") -> -0.71786277
A7: Feb | D7: =B7-C7 -> 0 | E7: =IFERROR(D7/C7, "-") -> -
A8: Mar | D8: =B8-C8 -> 0 | E8: =IFERROR(D8/C8, "-") -> -
A9: Apr | D9: =B9-C9 -> 0 | E9: =IFERROR(D9/C9, "-") -> -
A10: May | D10: =B10-C10 -> 0 | E10: =IFERROR(D10/C10, "-") -> -
A11: Jun | D11: =B11-C11 -> 0 | E11: =IFERROR(D11/C11, "-") -> -
A12: Jul | D12: =B12-C12 -> 0 | E12: =IFERROR(D12/C12, "-") -> -
A13: Aug | D13: =B13-C13 -> 0 | E13: =IFERROR(D13/C13, "-") -> -
A14: Sep | D14: =B14-C14 -> 0 | E14: =IFERROR(D14/C14, "-") -> -
A15: Oct | D15: =B15-C15 -> 0 | E15: =IFERROR(D15/C15, "-") -> -
A16: Nov | D16: =B16-C16 -> 0 | E16: =IFERROR(D16/C16, "-") -> -
A17: Dec | D17: =B17-C17 -> 0 | E17: =IFERROR(D17/C17, "-") -> -
A18: Totals | B18: =SUM(B6:B17) -> 117.74058 | C18: =SUM(C6:C17) -> 417.3167 | D18: =SUM(D6:D17) -> -299.57612 | E18: =IFERROR(D18/C18, "-") -> -0.71786277
A22: Actual vs. Forecasted
A23: Month | B23: Actual | C23: Forecasted | D23: Delta | E23: % | F23: Notes | G23: Service Request
A24: Jan | B24: {=B6:B18} -> 117.74058 | C24: 376.757 | D24: =B24-C24 -> -259.01642 | E24: =IFERROR(D24/C24, "-") -> -0.68748934
A25: Feb | B25: 0 | D25: =B25-C25 -> 0 | E25: =IFERROR(D25/C25, "-") -> -
A26: Mar | B26: 0 | D26: =B26-C26 -> 0 | E26: =IFERROR(D26/C26, "-") -> -
A27: Apr | B27: 0 | D27: =B27-C27 -> 0 | E27: =IFERROR(D27/C27, "-") -> -
A28: May | B28: 0 | D28: =B28-C28 -> 0 | E28: =IFERROR(D28/C28, "-") -> -
A29: Jun | B29: 0 | D29: =B29-C29 -> 0 | E29: =IFERROR(D29/C29, "-") -> -
A30: Jul | B30: 0 | D30: =B30-C30 -> 0 | E30: =IFERROR(D30/C30, "-") -> -
A31: Aug | B31: 0 | D31: =B31-C31 -> 0 | E31: =IFERROR(D31/C31, "-") -> -
A32: Sep | B32: 0 | D32: =B32-C32 -> 0 | E32: =IFERROR(D32/C32, "-") -> -
A33: Oct | B33: 0 | D33: =B33-C33 -> 0 | E33: =IFERROR(D33/C33, "-") -> -
A34: Nov | B34: 0 | D34: =B34-C34 -> 0 | E34: =IFERROR(D34/C34, "-") -> -
A35: Dec | B35: 0 | D35: =B35-C35 -> 0 | E35: =IFERROR(D35/C35, "-") -> -
A36: Totals | B36: 117.74058 | C36: =SUM(C24:C35) -> 376.757 | D36: =SUM(D24:D35) -> -259.01642 | E36: =IFERROR(D36/C36, "-") -> -0.68748934

Sheet Hialeah Gardens
A1: Hialeah Gardens
A3: State: | B3: FL
A4: Actual vs. Expected
A5: Month | B5: Actual | C5: Expected | D5: Delta | E5: %
A6: Jan | B6: 1428.4985 | C6: 2582.073 | D6: =B6-C6 -> -1153.5745 | E6: =IFERROR(D6/C6, "-") -> -0.44676292
A7: Feb | D7: =B7-C7 -> 0 | E7: =IFERROR(D7/C7, "-") -> -
A8: Mar | D8: =B8-C8 -> 0 | E8: =IFERROR(D8/C8, "-") -> -
A9: Apr | D9: =B9-C9 -> 0 | E9: =IFERROR(D9/C9, "-") -> -
A10: May | D10: =B10-C10 -> 0 | E10: =IFERROR(D10/C10, "-") -> -
A11: Jun | D11: =B11-C11 -> 0 | E11: =IFERROR(D11/C11, "-") -> -
A12: Jul | D12: =B12-C12 -> 0 | E12: =IFERROR(D12/C12, "-") -> -
A13: Aug | D13: =B13-C13 -> 0 | E13: =IFERROR(D13/C13, "-") -> -
A14: Sep | D14: =B14-C14 -> 0 | E14: =IFERROR(D14/C14, "-") -> -
A15: Oct | D15: =B15-C15 -> 0 | E15: =IFERROR(D15/C15, "-") -> -
A16: Nov | D16: =B16-C16 -> 0 | E16: =IFERROR(D16/C16, "-") -> -
A17: Dec | D17: =B17-C17 -> 0 | E17: =IFERROR(D17/C17, "-") -> -
A18: Totals | B18: =SUM(B6:B17) -> 1428.4985 | C18: =SUM(C6:C17) -> 2582.073 | D18: =SUM(D6:D17) -> -1153.5745 | E18: =IFERROR(D18/C18, "-") -> -0.44676292
A22: Actual vs. Forecasted
A23: Month | B23: Actual | C23: Forecasted | D23: Delta | E23: % | F23: Notes | G23: Service Request
A24: Jan | B24: {=B6:B18} -> 1428.4985 | C24: 3451.661 | D24: =B24-C24 -> -2023.1625 | E24: =IFERROR(D24/C24, "-") -> -0.58614171
A25: Feb | B25: 0 | D25: =B25-C25 -> 0 | E25: =IFERROR(D25/C25, "-") -> -
A26: Mar | B26: 0 | D26: =B26-C26 -> 0 | E26: =IFERROR(D26/C26, "-") -> -
A27: Apr | B27: 0 | D27: =B27-C27 -> 0 | E27: =IFERROR(D27/C27, "-") -> -
A28: May | B28: 0 | D28: =B28-C28 -> 0 | E28: =IFERROR(D28/C28, "-") -> -
A29: Jun | B29: 0 | D29: =B29-C29 -> 0 | E29: =IFERROR(D29/C29, "-") -> -
A30: Jul | B30: 0 | D30: =B30-C30 -> 0 | E30: =IFERROR(D30/C30, "-") -> -
A31: Aug | B31: 0 | D31: =B31-C31 -> 0 | E31: =IFERROR(D31/C31, "-") -> -
A32: Sep | B32: 0 | D32: =B32-C32 -> 0 | E32: =IFERROR(D32/C32, "-") -> -
A33: Oct | B33: 0 | D33: =B33-C33 -> 0 | E33: =IFERROR(D33/C33, "-") -> -
A34: Nov | B34: 0 | D34: =B34-C34 -> 0 | E34: =IFERROR(D34/C34, "-") -> -
A35: Dec | B35: 0 | D35: =B35-C35 -> 0 | E35: =IFERROR(D35/C35, "-") -> -
A36: Totals | B36: 1428.4985 | C36: =SUM(C24:C35) -> 3451.661 | D36: =SUM(D24:D35) -> -2023.1625 | E36: =IFERROR(D36/C36, "-") -> -0.58614171

Sheet HMHQ
A1: HMHQ | G1: DAS Site Name
A3: State: | B3: IA
A4: Actual vs. Expected
A5: Month | B5: Actual | C5: Expected | D5: Delta | E5: %
A6: Jan | B6: 12390.938 | C6: 16455.02 | D6: =B6-C6 -> -4064.0825 | E6: =IFERROR(D6/C6, "-") -> -0.24698132
A7: Feb | D7: =B7-C7 -> 0 | E7: =IFERROR(D7/C7, "-") -> -
A8: Mar | D8: =B8-C8 -> 0 | E8: =IFERROR(D8/C8, "-") -> -
A9: Apr | D9: =B9-C9 -> 0 | E9: =IFERROR(D9/C9, "-") -> -
A10: May | D10: =B10-C10 -> 0 | E10: =IFERROR(D10/C10, "-") -> -
A11: Jun | D11: =B11-C11 -> 0 | E11: =IFERROR(D11/C11, "-") -> -
A12: Jul | D12: =B12-C12 -> 0 | E12: =IFERROR(D12/C12, "-") -> -
A13: Aug | D13: =B13-C13 -> 0 | E13: =IFERROR(D13/C13, "-") -> -
A14: Sep | D14: =B14-C14 -> 0 | E14: =IFERROR(D14/C14, "-") -> -
A15: Oct | D15: =B15-C15 -> 0 | E15: =IFERROR(D15/C15, "-") -> -
A16: Nov | D16: =B16-C16 -> 0 | E16: =IFERROR(D16/C16, "-") -> -
A17: Dec | D17: =B17-C17 -> 0 | E17: =IFERROR(D17/C17, "-") -> -
A18: Totals | B18: =SUM(B6:B17) -> 12390.938 | C18: =SUM(C6:C17) -> 16455.02 | D18: =SUM(D6:D17) -> -4064.0825 | E18: =IFERROR(D18/C18, "-") -> -0.24698132
A22: Actual vs. Forecasted
A23: Month | B23: Actual | C23: Forecasted | D23: Delta | E23: % | F23: Notes | G23: Service Request
A24: Jan | B24: {=B6:B18} -> 12390.938 | C24: 23956.604 | D24: =B24-C24 -> -11565.666 | E24: =IFERROR(D24/C24, "-") -> -0.48277571
A25: Feb | B25: 0 | D25: =B25-C25 -> 0 | E25: =IFERROR(D25/C25, "-") -> -
A26: Mar | B26: 0 | D26: =B26-C26 -> 0 | E26: =IFERROR(D26/C26, "-") -> -
A27: Apr | B27: 0 | D27: =B27-C27 -> 0 | E27: =IFERROR(D27/C27, "-") -> -
A28: May | B28: 0 | D28: =B28-C28 -> 0 | E28: =IFERROR(D28/C28, "-") -> -
A29: Jun | B29: 0 | D29: =B29-C29 -> 0 | E29: =IFERROR(D29/C29, "-") -> -
A30: Jul | B30: 0 | D30: =B30-C30 -> 0 | E30: =IFERROR(D30/C30, "-") -> -
A31: Aug | B31: 0 | D31: =B31-C31 -> 0 | E31: =IFERROR(D31/C31, "-") -> -
A32: Sep | B32: 0 | D32: =B32-C32 -> 0 | E32: =IFERROR(D32/C32, "-") -> -
A33: Oct | B33: 0 | D33: =B33-C33 -> 0 | E33: =IFERROR(D33/C33, "-") -> -
A34: Nov | B34: 0 | D34: =B34-C34 -> 0 | E34: =IFERROR(D34/C34, "-") -> -
A35: Dec | B35: 0 | D35: =B35-C35 -> 0 | E35: =IFERROR(D35/C35, "-") -> -
A36: Totals | B36: 12390.938 | C36: =SUM(C24:C35) -> 23956.604 | D36: =SUM(D24:D35) -> -11565.666 | E36: =IFERROR(D36/C36, "-") -> -0.48277571

Sheet West Des Moines Campus East
A1: West Des Moines Campus East
A3: State: | B3: IA
A4: Actual vs. Expected
A5: Month | B5: Actual | C5: Expected | D5: Delta | E5: %
A6: Jan | B6: 62192.5 | C6: 8477.248 | D6: =B6-C6 -> 53715.252 | E6: =IFERROR(D6/C6, "-") -> 6.3364021
A7: Feb | D7: =B7-C7 -> 0 | E7: =IFERROR(D7/C7, "-") -> -
A8: Mar | D8: =B8-C8 -> 0 | E8: =IFERROR(D8/C8, "-") -> -
A9: Apr | D9: =B9-C9 -> 0 | E9: =IFERROR(D9/C9, "-") -> -
A10: May | D10: =B10-C10 -> 0 | E10: =IFERROR(D10/C10, "-") -> -
A11: Jun | D11: =B11-C11 -> 0 | E11: =IFERROR(D11/C11, "-") -> -
A12: Jul | D12: =B12-C12 -> 0 | E12: =IFERROR(D12/C12, "-") -> -
A13: Aug | D13: =B13-C13 -> 0 | E13: =IFERROR(D13/C13, "-") -> -
A14: Sep | D14: =B14-C14 -> 0 | E14: =IFERROR(D14/C14, "-") -> -
A15: Oct | D15: =B15-C15 -> 0 | E15: =IFERROR(D15/C15, "-") -> -
A16: Nov | D16: =B16-C16 -> 0 | E16: =IFERROR(D16/C16, "-") -> -
A17: Dec | D17: =B17-C17 -> 0 | E17: =IFERROR(D17/C17, "-") -> -
A18: Totals | B18: =SUM(B6:B17) -> 62192.5 | C18: =SUM(C6:C17) -> 8477.248 | D18: =SUM(D6:D17) -> 53715.252 | E18: =IFERROR(D18/C18, "-") -> 6.3364021
A22: Actual vs. Forecasted
A23: Month | B23: Actual | C23: Forecasted | D23: Delta | E23: % | F23: Notes | G23: Service Request
A24: Jan | B24: {=B6:B18} -> 62192.5 | C24: 105997.32 | D24: =B24-C24 -> -43804.82 | E24: =IFERROR(D24/C24, "-") -> -0.41326347 | F24: Expected energy was not available till 01/30 | G24: SR080333
A25: Feb | B25: 0 | D25: =B25-C25 -> 0 | E25: =IFERROR(D25/C25, "-") -> -
A26: Mar | B26: 0 | D26: =B26-C26 -> 0 | E26: =IFERROR(D26/C26, "-") -> -
A27: Apr | B27: 0 | D27: =B27-C27 -> 0 | E27: =IFERROR(D27/C27, "-") -> -
A28: May | B28: 0 | D28: =B28-C28 -> 0 | E28: =IFERROR(D28/C28, "-") -> -
A29: Jun | B29: 0 | D29: =B29-C29 -> 0 | E29: =IFERROR(D29/C29, "-") -> -
A30: Jul | B30: 0 | D30: =B30-C30 -> 0 | E30: =IFERROR(D30/C30, "-") -> -
A31: Aug | B31: 0 | D31: =B31-C31 -> 0 | E31: =IFERROR(D31/C31, "-") -> -
A32: Sep | B32: 0 | D32: =B32-C32 -> 0 | E32: =IFERROR(D32/C32, "-") -> -
A33: Oct | B33: 0 | D33: =B33-C33 -> 0 | E33: =IFERROR(D33/C33, "-") -> -
A34: Nov | B34: 0 | D34: =B34-C34 -> 0 | E34: =IFERROR(D34/C34, "-") -> -
A35: Dec | B35: 0 | D35: =B35-C35 -> 0 | E35: =IFERROR(D35/C35, "-") -> -
A36: Totals | B36: 62192.5 | C36: =SUM(C24:C35) -> 105997.32 | D36: =SUM(D24:D35) -> -43804.82 | E36: =IFERROR(D36/C36, "-") -> -0.41326347

Sheet West Des Moines Campus West
A1: West Des Moines Campus West
A3: State: | B3: IA
A4: Actual vs. Expected
A5: Month | B5: Actual | C5: Expected | D5: Delta | E5: %
A6: Jan | B6: 25312.5 | C6: 4681.486 | D6: =B6-C6 -> 20631.014 | E6: =IFERROR(D6/C6, "-") -> 4.406937
A7: Feb | D7: =B7-C7 -> 0 | E7: =IFERROR(D7/C7, "-") -> -
A8: Mar | D8: =B8-C8 -> 0 | E8: =IFERROR(D8/C8, "-") -> -
A9: Apr | D9: =B9-C9 -> 0 | E9: =IFERROR(D9/C9, "-") -> -
A10: May | D10: =B10-C10 -> 0 | E10: =IFERROR(D10/C10, "-") -> -
A11: Jun | D11: =B11-C11 -> 0 | E11: =IFERROR(D11/C11, "-") -> -
A12: Jul | D12: =B12-C12 -> 0 | E12: =IFERROR(D12/C12, "-") -> -
A13: Aug | D13: =B13-C13 -> 0 | E13: =IFERROR(D13/C13, "-") -> -
A14: Sep | D14: =B14-C14 -> 0 | E14: =IFERROR(D14/C14, "-") -> -
A15: Oct | D15: =B15-C15 -> 0 | E15: =IFERROR(D15/C15, "-") -> -
A16: Nov | D16: =B16-C16 -> 0 | E16: =IFERROR(D16/C16, "-") -> -
A17: Dec | D17: =B17-C17 -> 0 | E17: =IFERROR(D17/C17, "-") -> -
A18: Totals | B18: =SUM(B6:B17) -> 25312.5 | C18: =SUM(C6:C17) -> 4681.486 | D18: =SUM(D6:D17) -> 20631.014 | E18: =IFERROR(D18/C18, "-") -> 4.406937
A22: Actual vs. Forecasted
A23: Month | B23: Actual | C23: Forecasted | D23: Delta | E23: % | F23: Notes | G23: Service Request
A24: Jan | B24: {=B6:B18} -> 25312.5 | C24: 55952.783 | D24: =B24-C24 -> -30640.283 | E24: =IFERROR(D24/C24, "-") -> -0.54760963 | F24: Inverter 4 tripped offline on 01/31 Expected energy was not available till 01/30 | G24: SR080633 SR080334
A25: Feb | B25: 0 | D25: =B25-C25 -> 0 | E25: =IFERROR(D25/C25, "-") -> -
A26: Mar | B26: 0 | D26: =B26-C26 -> 0 | E26: =IFERROR(D26/C26, "-") -> -
A27: Apr | B27: 0 | D27: =B27-C27 -> 0 | E27: =IFERROR(D27/C27, "-") -> -
A28: May | B28: 0 | D28: =B28-C28 -> 0 | E28: =IFERROR(D28/C28, "-") -> -
A29: Jun | B29: 0 | D29: =B29-C29 -> 0 | E29: =IFERROR(D29/C29, "-") -> -
A30: Jul | B30: 0 | D30: =B30-C30 -> 0 | E30: =IFERROR(D30/C30, "-") -> -
A31: Aug | B31: 0 | D31: =B31-C31 -> 0 | E31: =IFERROR(D31/C31, "-") -> -
A32: Sep | B32: 0 | D32: =B32-C32 -> 0 | E32: =IFERROR(D32/C32, "-") -> -
A33: Oct | B33: 0 | D33: =B33-C33 -> 0 | E33: =IFERROR(D33/C33, "-") -> -
A34: Nov | B34: 0 | D34: =B34-C34 -> 0 | E34: =IFERROR(D34/C34, "-") -> -
A35: Dec | B35: 0 | D35: =B35-C35 -> 0 | E35: =IFERROR(D35/C35, "-") -> -
A36: Totals | B36: 25312.5 | C36: =SUM(C24:C35) -> 55952.783 | D36: =SUM(D24:D35) -> -30640.283 | E36: =IFERROR(D36/C36, "-") -> -0.54760963

Sheet CIC
A1: CIC
A3: State: | B3: NC
A4: Actual vs. Expected
A5: Month | B5: Actual | C5: Expected | D5: Delta | E5: %
A6: Jan | B6: 0 | C6: 0 | D6: =B6-C6 -> 0 | E6: =IFERROR(D6/C6, "-") -> -
A7: Feb | D7: =B7-C7 -> 0 | E7: =IFERROR(D7/C7, "-") -> -
A8: Mar | D8: =B8-C8 -> 0 | E8: =IFERROR(D8/C8, "-") -> -
A9: Apr | D9: =B9-C9 -> 0 | E9: =IFERROR(D9/C9, "-") -> -
A10: May | D10: =B10-C10 -> 0 | E10: =IFERROR(D10/C10, "-") -> -
A11: Jun | D11: =B11-C11 -> 0 | E11: =IFERROR(D11/C11, "-") -> -
A12: Jul | D12: =B12-C12 -> 0 | E12: =IFERROR(D12/C12, "-") -> -
A13: Aug | D13: =B13-C13 -> 0 | E13: =IFERROR(D13/C13, "-") -> -
A14: Sep | D14: =B14-C14 -> 0 | E14: =IFERROR(D14/C14, "-") -> -
A15: Oct | D15: =B15-C15 -> 0 | E15: =IFERROR(D15/C15, "-") -> -
A16: Nov | D16: =B16-C16 -> 0 | E16: =IFERROR(D16/C16, "-") -> -
A17: Dec | D17: =B17-C17 -> 0 | E17: =IFERROR(D17/C17, "-") -> -
A18: Totals | B18: =SUM(B6:B17) -> 0 | C18: =SUM(C6:C17) -> 0 | D18: =SUM(D6:D17) -> 0 | E18: =IFERROR(D18/C18, "-") -> -
A22: Actual vs. Forecasted
A23: Month | B23: Actual | C23: Forecasted | D23: Delta | E23: % | F23: Notes | G23: Service Request
A24: Jan | B24: {=B6:B18} -> 0 | C24: 0 | D24: =B24-C24 -> 0 | E24: =IFERROR(D24/C24, "-") -> - | F24: Site de-energized 06/02/2023 due to TIGO investigation. | G24: SR078172
A25: Feb | B25: 0 | D25: =B25-C25 -> 0 | E25: =IFERROR(D25/C25, "-") -> -
A26: Mar | B26: 0 | D26: =B26-C26 -> 0 | E26: =IFERROR(D26/C26, "-") -> -
A27: Apr | B27: 0 | D27: =B27-C27 -> 0 | E27: =IFERROR(D27/C27, "-") -> -
A28: May | B28: 0 | D28: =B28-C28 -> 0 | E28: =IFERROR(D28/C28, "-") -> -
A29: Jun | B29: 0 | D29: =B29-C29 -> 0 | E29: =IFERROR(D29/C29, "-") -> -
A30: Jul | B30: 0 | D30: =B30-C30 -> 0 | E30: =IFERROR(D30/C30, "-") -> -
A31: Aug | B31: 0 | D31: =B31-C31 -> 0 | E31: =IFERROR(D31/C31, "-") -> -
A32: Sep | B32: 0 | D32: =B32-C32 -> 0 | E32: =IFERROR(D32/C32, "-") -> -
A33: Oct | B33: 0 | D33: =B33-C33 -> 0 | E33: =IFERROR(D33/C33, "-") -> -
A34: Nov | B34: 0 | D34: =B34-C34 -> 0 | E34: =IFERROR(D34/C34, "-") -> -
A35: Dec | B35: 0 | D35: =B35-C35 -> 0 | E35: =IFERROR(D35/C35, "-") -> -
A36: Totals | B36: 0 | C36: =SUM(C24:C35) -> 0 | D36: =SUM(D24:D35) -> 0 | E36: =IFERROR(D36/C36, "-") -> -

Sheet DUC
A1: DUC
A3: State: | B3: NC
A4: Actual vs. Expected
A5: Month | B5: Actual | C5: Expected | D5: Delta | E5: %
A6: Jan | B6: 0 | C6: 0 | D6: =B6-C6 -> 0 | E6: =IFERROR(D6/C6, "-") -> -
A7: Feb | D7: =B7-C7 -> 0 | E7: =IFERROR(D7/C7, "-") -> -
A8: Mar | D8: =B8-C8 -> 0 | E8: =IFERROR(D8/C8, "-") -> -
A9: Apr | D9: =B9-C9 -> 0 | E9: =IFERROR(D9/C9, "-") -> -
A10: May | D10: =B10-C10 -> 0 | E10: =IFERROR(D10/C10, "-") -> -
A11: Jun | D11: =B11-C11 -> 0 | E11: =IFERROR(D11/C11, "-") -> -
A12: Jul | D12: =B12-C12 -> 0 | E12: =IFERROR(D12/C12, "-") -> -
A13: Aug | D13: =B13-C13 -> 0 | E13: =IFERROR(D13/C13, "-") -> -
A14: Sep | D14: =B14-C14 -> 0 | E14: =IFERROR(D14/C14, "-") -> -
A15: Oct | D15: =B15-C15 -> 0 | E15: =IFERROR(D15/C15, "-") -> -
A16: Nov | D16: =B16-C16 -> 0 | E16: =IFERROR(D16/C16, "-") -> -
A17: Dec | D17: =B17-C17 -> 0 | E17: =IFERROR(D17/C17, "-") -> -
A18: Totals | B18: =SUM(B6:B17) -> 0 | C18: =SUM(C6:C17) -> 0 | D18: =SUM(D6:D17) -> 0 | E18: =IFERROR(D18/C18, "-") -> -
A22: Actual vs. Forecasted
A23: Month | B23: Actual | C23: Forecasted | D23: Delta | E23: % | F23: Notes | G23: Service Request
A24: Jan | B24: {=B6:B18} -> 0 | C24: 0 | D24: =B24-C24 -> 0 | E24: =IFERROR(D24/C24, "-") -> - | F24: Site de-energized 06/02/2023 due to TIGO investigation. | G24: SR078173
A25: Feb | B25: 0 | D25: =B25-C25 -> 0 | E25: =IFERROR(D25/C25, "-") -> -
A26: Mar | B26: 0 | D26: =B26-C26 -> 0 | E26: =IFERROR(D26/C26, "-") -> -
A27: Apr | B27: 0 | D27: =B27-C27 -> 0 | E27: =IFERROR(D27/C27, "-") -> -
A28: May | B28: 0 | D28: =B28-C28 -> 0 | E28: =IFERROR(D28/C28, "-") -> -
A29: Jun | B29: 0 | D29: =B29-C29 -> 0 | E29: =IFERROR(D29/C29, "-") -> -
A30: Jul | B30: 0 | D30: =B30-C30 -> 0 | E30: =IFERROR(D30/C30, "-") -> -
A31: Aug | B31: 0 | D31: =B31-C31 -> 0 | E31: =IFERROR(D31/C31, "-") -> -
A32: Sep | B32: 0 | D32: =B32-C32 -> 0 | E32: =IFERROR(D32/C32, "-") -> -
A33: Oct | B33: 0 | D33: =B33-C33 -> 0 | E33: =IFERROR(D33/C33, "-") -> -
A34: Nov | B34: 0 | D34: =B34-C34 -> 0 | E34: =IFERROR(D34/C34, "-") -> -
A35: Dec | B35: 0 | D35: =B35-C35 -> 0 | E35: =IFERROR(D35/C35, "-") -> -
A36: Totals | B36: 0 | C36: =SUM(C24:C35) -> 0 | D36: =SUM(D24:D35) -> 0 | E36: =IFERROR(D36/C36, "-") -> -

Sheet Barnegat Office
A1: Barnegat Office
A3: State: | B3: NJ
A4: Actual vs. Expected
A5: Month | B5: Actual | C5: Expected | D5: Delta | E5: %
A6: Jan | B6: 1678.6484 | C6: 1609.744 | D6: =B6-C6 -> 68.904438 | E6: =IFERROR(D6/C6, "-") -> 0.042804593
A7: Feb | D7: =B7-C7 -> 0 | E7: =IFERROR(D7/C7, "-") -> -
A8: Mar | D8: =B8-C8 -> 0 | E8: =IFERROR(D8/C8, "-") -> -
A9: Apr | D9: =B9-C9 -> 0 | E9: =IFERROR(D9/C9, "-") -> -
A10: May | D10: =B10-C10 -> 0 | E10: =IFERROR(D10/C10, "-") -> -
A11: Jun | D11: =B11-C11 -> 0 | E11: =IFERROR(D11/C11, "-") -> -
A12: Jul | D12: =B12-C12 -> 0 | E12: =IFERROR(D12/C12, "-") -> -
A13: Aug | D13: =B13-C13 -> 0 | E13: =IFERROR(D13/C13, "-") -> -
A14: Sep | D14: =B14-C14 -> 0 | E14: =IFERROR(D14/C14, "-") -> -
A15: Oct | D15: =B15-C15 -> 0 | E15: =IFERROR(D15/C15, "-") -> -
A16: Nov | D16: =B16-C16 -> 0 | E16: =IFERROR(D16/C16, "-") -> -
A17: Dec | D17: =B17-C17 -> 0 | E17: =IFERROR(D17/C17, "-") -> -
A18: Totals | B18: =SUM(B6:B17) -> 1678.6484 | C18: =SUM(C6:C17) -> 1609.744 | D18: =SUM(D6:D17) -> 68.904438 | E18: =IFERROR(D18/C18, "-") -> 0.042804593
A22: Actual vs. Forecasted
A23: Month | B23: Actual | C23: Forecasted | D23: Delta | E23: % | F23: Notes | G23: Service Request
A24: Jan | B24: {=B6:B18} -> 1678.6484 | C24: 2100.114 | D24: =B24-C24 -> -421.46556 | E24: =IFERROR(D24/C24, "-") -> -0.20068699
A25: Feb | B25: 0 | D25: =B25-C25 -> 0 | E25: =IFERROR(D25/C25, "-") -> -
A26: Mar | B26: 0 | D26: =B26-C26 -> 0 | E26: =IFERROR(D26/C26, "-") -> -
A27: Apr | B27: 0 | D27: =B27-C27 -> 0 | E27: =IFERROR(D27/C27, "-") -> -
A28: May | B28: 0 | D28: =B28-C28 -> 0 | E28: =IFERROR(D28/C28, "-") -> -
A29: Jun | B29: 0 | D29: =B29-C29 -> 0 | E29: =IFERROR(D29/C29, "-") -> -
A30: Jul | B30: 0 | D30: =B30-C30 -> 0 | E30: =IFERROR(D30/C30, "-") -> -
A31: Aug | B31: 0 | D31: =B31-C31 -> 0 | E31: =IFERROR(D31/C31, "-") -> -
A32: Sep | B32: 0 | D32: =B32-C32 -> 0 | E32: =IFERROR(D32/C32, "-") -> -
A33: Oct | B33: 0 | D33: =B33-C33 -> 0 | E33: =IFERROR(D33/C33, "-") -> -
A34: Nov | B34: 0 | D34: =B34-C34 -> 0 | E34: =IFERROR(D34/C34, "-") -> -
A35: Dec | B35: 0 | D35: =B35-C35 -> 0 | E35: =IFERROR(D35/C35, "-") -> -
A36: Totals | B36: 1678.6484 | C36: =SUM(C24:C35) -> 2100.114 | D36: =SUM(D24:D35) -> -421.46556 | E36: =IFERROR(D36/C36, "-") -> -0.20068699

Sheet Bayonne Office
A1: Bayonne Office
A3: State: | B3: NJ
A4: Actual vs. Expected
A5: Month | B5: Actual | C5: Expected | D5: Delta | E5: %
A6: Jan | B6: 792.7 | C6: 1075.812 | D6: =B6-C6 -> -283.112 | E6: =IFERROR(D6/C6, "-") -> -0.26316122
A7: Feb | D7: =B7-C7 -> 0 | E7: =IFERROR(D7/C7, "-") -> -
A8: Mar | D8: =B8-C8 -> 0 | E8: =IFERROR(D8/C8, "-") -> -
A9: Apr | D9: =B9-C9 -> 0 | E9: =IFERROR(D9/C9, "-") -> -
A10: May | D10: =B10-C10 -> 0 | E10: =IFERROR(D10/C10, "-") -> -
A11: Jun | D11: =B11-C11 -> 0 | E11: =IFERROR(D11/C11, "-") -> -
A12: Jul | D12: =B12-C12 -> 0 | E12: =IFERROR(D12/C12, "-") -> -
A13: Aug | D13: =B13-C13 -> 0 | E13: =IFERROR(D13/C13, "-") -> -
A14: Sep | D14: =B14-C14 -> 0 | E14: =IFERROR(D14/C14, "-") -> -
A15: Oct | D15: =B15-C15 -> 0 | E15: =IFERROR(D15/C15, "-") -> -
A16: Nov | D16: =B16-C16 -> 0 | E16: =IFERROR(D16/C16, "-") -> -
A17: Dec | D17: =B17-C17 -> 0 | E17: =IFERROR(D17/C17, "-") -> -
A18: Totals | B18: =SUM(B6:B17) -> 792.7 | C18: =SUM(C6:C17) -> 1075.812 | D18: =SUM(D6:D17) -> -283.112 | E18: =IFERROR(D18/C18, "-") -> -0.26316122
A22: Actual vs. Forecasted
A23: Month | B23: Actual | C23: Forecasted | D23: Delta | E23: % | F23: Notes | G23: Service Request
A24: Jan | B24: {=B6:B18} -> 792.7 | C24: 2010.779 | D24: =B24-C24 -> -1218.079 | E24: =IFERROR(D24/C24, "-") -> -0.60577468
A25: Feb | B25: 0 | D25: =B25-C25 -> 0 | E25: =IFERROR(D25/C25, "-") -> -
A26: Mar | B26: 0 | D26: =B26-C26 -> 0 | E26: =IFERROR(D26/C26, "-") -> -
A27: Apr | B27: 0 | D27: =B27-C27 -> 0 | E27: =IFERROR(D27/C27, "-") -> -
A28: May | B28: 0 | D28: =B28-C28 -> 0 | E28: =IFERROR(D28/C28, "-") -> -
A29: Jun | B29: 0 | D29: =B29-C29 -> 0 | E29: =IFERROR(D29/C29, "-") -> -
A30: Jul | B30: 0 | D30: =B30-C30 -> 0 | E30: =IFERROR(D30/C30, "-") -> -
A31: Aug | B31: 0 | D31: =B31-C31 -> 0 | E31: =IFERROR(D31/C31, "-") -> -
A32: Sep | B32: 0 | D32: =B32-C32 -> 0 | E32: =IFERROR(D32/C32, "-") -> -
A33: Oct | B33: 0 | D33: =B33-C33 -> 0 | E33: =IFERROR(D33/C33, "-") -> -
A34: Nov | B34: 0 | D34: =B34-C34 -> 0 | E34: =IFERROR(D34/C34, "-") -> -
A35: Dec | B35: 0 | D35: =B35-C35 -> 0 | E35: =IFERROR(D35/C35, "-") -> -
A36: Totals | B36: 792.7 | C36: =SUM(C24:C35) -> 2010.779 | D36: =SUM(D24:D35) -> -1218.079 | E36: =IFERROR(D36/C36, "-") -> -0.60577468

Sheet Bordentown
A1: Bordentown
A3: State: | B3: NJ
A4: Actual vs. Expected
A5: Month | B5: Actual | C5: Expected | D5: Delta | E5: %
A6: Jan | B6: 705.7 | C6: 734.3849 | D6: =B6-C6 -> -28.6849 | E6: =IFERROR(D6/C6, "-") -> -0.039059763
A7: Feb | D7: =B7-C7 -> 0 | E7: =IFERROR(D7/C7, "-") -> -
A8: Mar | D8: =B8-C8 -> 0 | E8: =IFERROR(D8/C8, "-") -> -
A9: Apr | D9: =B9-C9 -> 0 | E9: =IFERROR(D9/C9, "-") -> -
A10: May | D10: =B10-C10 -> 0 | E10: =IFERROR(D10/C10, "-") -> -
A11: Jun | D11: =B11-C11 -> 0 | E11: =IFERROR(D11/C11, "-") -> -
A12: Jul | D12: =B12-C12 -> 0 | E12: =IFERROR(D12/C12, "-") -> -
A13: Aug | D13: =B13-C13 -> 0 | E13: =IFERROR(D13/C13, "-") -> -
A14: Sep | D14: =B14-C14 -> 0 | E14: =IFERROR(D14/C14, "-") -> -
A15: Oct | D15: =B15-C15 -> 0 | E15: =IFERROR(D15/C15, "-") -> -
A16: Nov | D16: =B16-C16 -> 0 | E16: =IFERROR(D16/C16, "-") -> -
A17: Dec | D17: =B17-C17 -> 0 | E17: =IFERROR(D17/C17, "-") -> -
A18: Totals | B18: =SUM(B6:B17) -> 705.7 | C18: =SUM(C6:C17) -> 734.3849 | D18: =SUM(D6:D17) -> -28.6849 | E18: =IFERROR(D18/C18, "-") -> -0.039059763
A22: Actual vs. Forecasted
A23: Month | B23: Actual | C23: Forecasted | D23: Delta | E23: % | F23: Notes | G23: Service Request
A24: Jan | B24: {=B6:B18} -> 705.7 | C24: 1121.351 | D24: =B24-C24 -> -415.651 | E24: =IFERROR(D24/C24, "-") -> -0.37066984
A25: Feb | B25: 0 | D25: =B25-C25 -> 0 | E25: =IFERROR(D25/C25, "-") -> -
A26: Mar | B26: 0 | D26: =B26-C26 -> 0 | E26: =IFERROR(D26/C26, "-") -> -
A27: Apr | B27: 0 | D27: =B27-C27 -> 0 | E27: =IFERROR(D27/C27, "-") -> -
A28: May | B28: 0 | D28: =B28-C28 -> 0 | E28: =IFERROR(D28/C28, "-") -> -
A29: Jun | B29: 0 | D29: =B29-C29 -> 0 | E29: =IFERROR(D29/C29, "-") -> -
A30: Jul | B30: 0 | D30: =B30-C30 -> 0 | E30: =IFERROR(D30/C30, "-") -> -
A31: Aug | B31: 0 | D31: =B31-C31 -> 0 | E31: =IFERROR(D31/C31, "-") -> -
A32: Sep | B32: 0 | D32: =B32-C32 -> 0 | E32: =IFERROR(D32/C32, "-") -> -
A33: Oct | B33: 0 | D33: =B33-C33 -> 0 | E33: =IFERROR(D33/C33, "-") -> -
A34: Nov | B34: 0 | D34: =B34-C34 -> 0 | E34: =IFERROR(D34/C34, "-") -> -
A35: Dec | B35: 0 | D35: =B35-C35 -> 0 | E35: =IFERROR(D35/C35, "-") -> -
A36: Totals | B36: 705.7 | C36: =SUM(C24:C35) -> 1121.351 | D36: =SUM(D24:D35) -> -415.651 | E36: =IFERROR(D36/C36, "-") -> -0.37066984

Sheet Burlington Springside
A1: Burlington Springside
A3: State: | B3: NJ
A4: Actual vs. Expected
A5: Month | B5: Actual | C5: Expected | D5: Delta | E5: %
A6: Jan | B6: 720 | C6: 848.942 | D6: =B6-C6 -> -128.942 | E6: =IFERROR(D6/C6, "-") -> -0.15188552
A7: Feb | D7: =B7-C7 -> 0 | E7: =IFERROR(D7/C7, "-") -> -
A8: Mar | D8: =B8-C8 -> 0 | E8: =IFERROR(D8/C8, "-") -> -
A9: Apr | D9: =B9-C9 -> 0 | E9: =IFERROR(D9/C9, "-") -> -
A10: May | D10: =B10-C10 -> 0 | E10: =IFERROR(D10/C10, "-") -> -
A11: Jun | D11: =B11-C11 -> 0 | E11: =IFERROR(D11/C11, "-") -> -
A12: Jul | D12: =B12-C12 -> 0 | E12: =IFERROR(D12/C12, "-") -> -
A13: Aug | D13: =B13-C13 -> 0 | E13: =IFERROR(D13/C13, "-") -> -
A14: Sep | D14: =B14-C14 -> 0 | E14: =IFERROR(D14/C14, "-") -> -
A15: Oct | D15: =B15-C15 -> 0 | E15: =IFERROR(D15/C15, "-") -> -
A16: Nov | D16: =B16-C16 -> 0 | E16: =IFERROR(D16/C16, "-") -> -
A17: Dec | D17: =B17-C17 -> 0 | E17: =IFERROR(D17/C17, "-") -> -
A18: Totals | B18: =SUM(B6:B17) -> 720 | C18: =SUM(C6:C17) -> 848.942 | D18: =SUM(D6:D17) -> -128.942 | E18: =IFERROR(D18/C18, "-") -> -0.15188552
A22: Actual vs. Forecasted
A23: Month | B23: Actual | C23: Forecasted | D23: Delta | E23: % | F23: Notes | G23: Service Request
A24: Jan | B24: {=B6:B18} -> 720 | C24: 1105.296 | D24: =B24-C24 -> -385.296 | E24: =IFERROR(D24/C24, "-") -> -0.34859078
A25: Feb | B25: 0 | D25: =B25-C25 -> 0 | E25: =IFERROR(D25/C25, "-") -> -
A26: Mar | B26: 0 | D26: =B26-C26 -> 0 | E26: =IFERROR(D26/C26, "-") -> -
A27: Apr | B27: 0 | D27: =B27-C27 -> 0 | E27: =IFERROR(D27/C27, "-") -> -
A28: May | B28: 0 | D28: =B28-C28 -> 0 | E28: =IFERROR(D28/C28, "-") -> -
A29: Jun | B29: 0 | D29: =B29-C29 -> 0 | E29: =IFERROR(D29/C29, "-") -> -
A30: Jul | B30: 0 | D30: =B30-C30 -> 0 | E30: =IFERROR(D30/C30, "-") -> -
A31: Aug | B31: 0 | D31: =B31-C31 -> 0 | E31: =IFERROR(D31/C31, "-") -> -
A32: Sep | B32: 0 | D32: =B32-C32 -> 0 | E32: =IFERROR(D32/C32, "-") -> -
A33: Oct | B33: 0 | D33: =B33-C33 -> 0 | E33: =IFERROR(D33/C33, "-") -> -
A34: Nov | B34: 0 | D34: =B34-C34 -> 0 | E34: =IFERROR(D34/C34, "-") -> -
A35: Dec | B35: 0 | D35: =B35-C35 -> 0 | E35: =IFERROR(D35/C35, "-") -> -
A36: Totals | B36: 720 | C36: =SUM(C24:C35) -> 1105.296 | D36: =SUM(D24:D35) -> -385.296 | E36: =IFERROR(D36/C36, "-") -> -0.34859078

Sheet Cherry Hill Short Hills
A1: Cherry Hill Short Hills
A3: State: | B3: NJ
A4: Actual vs. Expected
A5: Month | B5: Actual | C5: Expected | D5: Delta | E5: %
A6: Jan | B6: 566.71484 | C6: 844.154 | D6: =B6-C6 -> -277.43916 | E6: =IFERROR(D6/C6, "-") -> -0.32865941
A7: Feb | D7: =B7-C7 -> 0 | E7: =IFERROR(D7/C7, "-") -> -
A8: Mar | D8: =B8-C8 -> 0 | E8: =IFERROR(D8/C8, "-") -> -
A9: Apr | D9: =B9-C9 -> 0 | E9: =IFERROR(D9/C9, "-") -> -
A10: May | D10: =B10-C10 -> 0 | E10: =IFERROR(D10/C10, "-") -> -
A11: Jun | D11: =B11-C11 -> 0 | E11: =IFERROR(D11/C11, "-") -> -
A12: Jul | D12: =B12-C12 -> 0 | E12: =IFERROR(D12/C12, "-") -> -
A13: Aug | D13: =B13-C13 -> 0 | E13: =IFERROR(D13/C13, "-") -> -
A14: Sep | D14: =B14-C14 -> 0 | E14: =IFERROR(D14/C14, "-") -> -
A15: Oct | D15: =B15-C15 -> 0 | E15: =IFERROR(D15/C15, "-") -> -
A16: Nov | D16: =B16-C16 -> 0 | E16: =IFERROR(D16/C16, "-") -> -
A17: Dec | D17: =B17-C17 -> 0 | E17: =IFERROR(D17/C17, "-") -> -
A18: Totals | B18: =SUM(B6:B17) -> 566.71484 | C18: =SUM(C6:C17) -> 844.154 | D18: =SUM(D6:D17) -> -277.43916 | E18: =IFERROR(D18/C18, "-") -> -0.32865941
A22: Actual vs. Forecasted
A23: Month | B23: Actual | C23: Forecasted | D23: Delta | E23: % | F23: Notes | G23: Service Request
A24: Jan | B24: {=B6:B18} -> 566.71484 | C24: 928.459 | D24: =B24-C24 -> -361.74416 | E24: =IFERROR(D24/C24, "-") -> -0.3896178
A25: Feb | B25: 0 | D25: =B25-C25 -> 0 | E25: =IFERROR(D25/C25, "-") -> -
A26: Mar | B26: 0 | D26: =B26-C26 -> 0 | E26: =IFERROR(D26/C26, "-") -> -
A27: Apr | B27: 0 | D27: =B27-C27 -> 0 | E27: =IFERROR(D27/C27, "-") -> -
A28: May | B28: 0 | D28: =B28-C28 -> 0 | E28: =IFERROR(D28/C28, "-") -> -
A29: Jun | B29: 0 | D29: =B29-C29 -> 0 | E29: =IFERROR(D29/C29, "-") -> -
A30: Jul | B30: 0 | D30: =B30-C30 -> 0 | E30: =IFERROR(D30/C30, "-") -> -
A31: Aug | B31: 0 | D31: =B31-C31 -> 0 | E31: =IFERROR(D31/C31, "-") -> -
A32: Sep | B32: 0 | D32: =B32-C32 -> 0 | E32: =IFERROR(D32/C32, "-") -> -
A33: Oct | B33: 0 | D33: =B33-C33 -> 0 | E33: =IFERROR(D33/C33, "-") -> -
A34: Nov | B34: 0 | D34: =B34-C34 -> 0 | E34: =IFERROR(D34/C34, "-") -> -
A35: Dec | B35: 0 | D35: =B35-C35 -> 0 | E35: =IFERROR(D35/C35, "-") -> -
A36: Totals | B36: 566.71484 | C36: =SUM(C24:C35) -> 928.459 | D36: =SUM(D24:D35) -> -361.74416 | E36: =IFERROR(D36/C36, "-") -> -0.3896178

Sheet Clark Office
A1: Clark Office
A3: State: | B3: NJ
A4: Actual vs. Expected
A5: Month | B5: Actual | C5: Expected | D5: Delta | E5: %
A6: Jan | B6: 559.8 | C6: 806.6296 | D6: =B6-C6 -> -246.8296 | E6: =IFERROR(D6/C6, "-") -> -0.30600117
A7: Feb | D7: =B7-C7 -> 0 | E7: =IFERROR(D7/C7, "-") -> -
A8: Mar | D8: =B8-C8 -> 0 | E8: =IFERROR(D8/C8, "-") -> -
A9: Apr | D9: =B9-C9 -> 0 | E9: =IFERROR(D9/C9, "-") -> -
A10: May | D10: =B10-C10 -> 0 | E10: =IFERROR(D10/C10, "-") -> -
A11: Jun | D11: =B11-C11 -> 0 | E11: =IFERROR(D11/C11, "-") -> -
A12: Jul | D12: =B12-C12 -> 0 | E12: =IFERROR(D12/C12, "-") -> -
A13: Aug | D13: =B13-C13 -> 0 | E13: =IFERROR(D13/C13, "-") -> -
A14: Sep | D14: =B14-C14 -> 0 | E14: =IFERROR(D14/C14, "-") -> -
A15: Oct | D15: =B15-C15 -> 0 | E15: =IFERROR(D15/C15, "-") -> -
A16: Nov | D16: =B16-C16 -> 0 | E16: =IFERROR(D16/C16, "-") -> -
A17: Dec | D17: =B17-C17 -> 0 | E17: =IFERROR(D17/C17, "-") -> -
A18: Totals | B18: =SUM(B6:B17) -> 559.8 | C18: =SUM(C6:C17) -> 806.6296 | D18: =SUM(D6:D17) -> -246.8296 | E18: =IFERROR(D18/C18, "-") -> -0.30600117
A22: Actual vs. Forecasted
A23: Month | B23: Actual | C23: Forecasted | D23: Delta | E23: % | F23: Notes | G23: Service Request
A24: Jan | B24: {=B6:B18} -> 559.8 | C24: 953.546 | D24: =B24-C24 -> -393.746 | E24: =IFERROR(D24/C24, "-") -> -0.41292816
A25: Feb | B25: 0 | D25: =B25-C25 -> 0 | E25: =IFERROR(D25/C25, "-") -> -
A26: Mar | B26: 0 | D26: =B26-C26 -> 0 | E26: =IFERROR(D26/C26, "-") -> -
A27: Apr | B27: 0 | D27: =B27-C27 -> 0 | E27: =IFERROR(D27/C27, "-") -> -
A28: May | B28: 0 | D28: =B28-C28 -> 0 | E28: =IFERROR(D28/C28, "-") -> -
A29: Jun | B29: 0 | D29: =B29-C29 -> 0 | E29: =IFERROR(D29/C29, "-") -> -
A30: Jul | B30: 0 | D30: =B30-C30 -> 0 | E30: =IFERROR(D30/C30, "-") -> -
A31: Aug | B31: 0 | D31: =B31-C31 -> 0 | E31: =IFERROR(D31/C31, "-") -> -
A32: Sep | B32: 0 | D32: =B32-C32 -> 0 | E32: =IFERROR(D32/C32, "-") -> -
A33: Oct | B33: 0 | D33: =B33-C33 -> 0 | E33: =IFERROR(D33/C33, "-") -> -
A34: Nov | B34: 0 | D34: =B34-C34 -> 0 | E34: =IFERROR(D34/C34, "-") -> -
A35: Dec | B35: 0 | D35: =B35-C35 -> 0 | E35: =IFERROR(D35/C35, "-") -> -
A36: Totals | B36: 559.8 | C36: =SUM(C24:C35) -> 953.546 | D36: =SUM(D24:D35) -> -393.746 | E36: =IFERROR(D36/C36, "-") -> -0.41292816

Sheet Clifton Office
A1: Clifton Office
A3: State: | B3: NJ
A4: Actual vs. Expected
A5: Month | B5: Actual | C5: Expected | D5: Delta | E5: %
A6: Jan | B6: 824.29688 | C6: 1479.194 | D6: =B6-C6 -> -654.89712 | E6: =IFERROR(D6/C6, "-") -> -0.44273917
A7: Feb | D7: =B7-C7 -> 0 | E7: =IFERROR(D7/C7, "-") -> -
A8: Mar | D8: =B8-C8 -> 0 | E8: =IFERROR(D8/C8, "-") -> -
A9: Apr | D9: =B9-C9 -> 0 | E9: =IFERROR(D9/C9, "-") -> -
A10: May | D10: =B10-C10 -> 0 | E10: =IFERROR(D10/C10, "-") -> -
A11: Jun | D11: =B11-C11 -> 0 | E11: =IFERROR(D11/C11, "-") -> -
A12: Jul | D12: =B12-C12 -> 0 | E12: =IFERROR(D12/C12, "-") -> -
A13: Aug | D13: =B13-C13 -> 0 | E13: =IFERROR(D13/C13, "-") -> -
A14: Sep | D14: =B14-C14 -> 0 | E14: =IFERROR(D14/C14, "-") -> -
A15: Oct | D15: =B15-C15 -> 0 | E15: =IFERROR(D15/C15, "-") -> -
A16: Nov | D16: =B16-C16 -> 0 | E16: =IFERROR(D16/C16, "-") -> -
A17: Dec | D17: =B17-C17 -> 0 | E17: =IFERROR(D17/C17, "-") -> -
A18: Totals | B18: =SUM(B6:B17) -> 824.29688 | C18: =SUM(C6:C17) -> 1479.194 | D18: =SUM(D6:D17) -> -654.89712 | E18: =IFERROR(D18/C18, "-") -> -0.44273917
A22: Actual vs. Forecasted
A23: Month | B23: Actual | C23: Forecasted | D23: Delta | E23: % | F23: Notes | G23: Service Request
A24: Jan | B24: {=B6:B18} -> 824.29688 | C24: 2566.102 | D24: =B24-C24 -> -1741.8051 | E24: =IFERROR(D24/C24, "-") -> -0.6787747
A25: Feb | B25: 0 | D25: =B25-C25 -> 0 | E25: =IFERROR(D25/C25, "-") -> -
A26: Mar | B26: 0 | D26: =B26-C26 -> 0 | E26: =IFERROR(D26/C26, "-") -> -
A27: Apr | B27: 0 | D27: =B27-C27 -> 0 | E27: =IFERROR(D27/C27, "-") -> -
A28: May | B28: 0 | D28: =B28-C28 -> 0 | E28: =IFERROR(D28/C28, "-") -> -
A29: Jun | B29: 0 | D29: =B29-C29 -> 0 | E29: =IFERROR(D29/C29, "-") -> -
A30: Jul | B30: 0 | D30: =B30-C30 -> 0 | E30: =IFERROR(D30/C30, "-") -> -
A31: Aug | B31: 0 | D31: =B31-C31 -> 0 | E31: =IFERROR(D31/C31, "-") -> -
A32: Sep | B32: 0 | D32: =B32-C32 -> 0 | E32: =IFERROR(D32/C32, "-") -> -
A33: Oct | B33: 0 | D33: =B33-C33 -> 0 | E33: =IFERROR(D33/C33, "-") -> -
A34: Nov | B34: 0 | D34: =B34-C34 -> 0 | E34: =IFERROR(D34/C34, "-") -> -
A35: Dec | B35: 0 | D35: =B35-C35 -> 0 | E35: =IFERROR(D35/C35, "-") -> -
A36: Totals | B36: 824.29688 | C36: =SUM(C24:C35) -> 2566.102 | D36: =SUM(D24:D35) -> -1741.8051 | E36: =IFERROR(D36/C36, "-") -> -0.6787747

Sheet Clinton Main Relo
A1: Clinton Main Relo
A3: State: | B3: NJ
A4: Actual vs. Expected
A5: Month | B5: Actual | C5: Expected | D5: Delta | E5: %
A6: Jan | B6: 611.73828 | C6: 1001.651 | D6: =B6-C6 -> -389.91272 | E6: =IFERROR(D6/C6, "-") -> -0.38927003
A7: Feb | D7: =B7-C7 -> 0 | E7: =IFERROR(D7/C7, "-") -> -
A8: Mar | D8: =B8-C8 -> 0 | E8: =IFERROR(D8/C8, "-") -> -
A9: Apr | D9: =B9-C9 -> 0 | E9: =IFERROR(D9/C9, "-") -> -
A10: May | D10: =B10-C10 -> 0 | E10: =IFERROR(D10/C10, "-") -> -
A11: Jun | D11: =B11-C11 -> 0 | E11: =IFERROR(D11/C11, "-") -> -
A12: Jul | D12: =B12-C12 -> 0 | E12: =IFERROR(D12/C12, "-") -> -
A13: Aug | D13: =B13-C13 -> 0 | E13: =IFERROR(D13/C13, "-") -> -
A14: Sep | D14: =B14-C14 -> 0 | E14: =IFERROR(D14/C14, "-") -> -
A15: Oct | D15: =B15-C15 -> 0 | E15: =IFERROR(D15/C15, "-") -> -
A16: Nov | D16: =B16-C16 -> 0 | E16: =IFERROR(D16/C16, "-") -> -
A17: Dec | D17: =B17-C17 -> 0 | E17: =IFERROR(D17/C17, "-") -> -
A18: Totals | B18: =SUM(B6:B17) -> 611.73828 | C18: =SUM(C6:C17) -> 1001.651 | D18: =SUM(D6:D17) -> -389.91272 | E18: =IFERROR(D18/C18, "-") -> -0.38927003
A22: Actual vs. Forecasted
A23: Month | B23: Actual | C23: Forecasted | D23: Delta | E23: % | F23: Notes | G23: Service Request
A24: Jan | B24: {=B6:B18} -> 611.73828 | C24: 1153.765 | D24: =B24-C24 -> -542.02672 | E24: =IFERROR(D24/C24, "-") -> -0.46978953
A25: Feb | B25: 0 | D25: =B25-C25 -> 0 | E25: =IFERROR(D25/C25, "-") -> -
A26: Mar | B26: 0 | D26: =B26-C26 -> 0 | E26: =IFERROR(D26/C26, "-") -> -
A27: Apr | B27: 0 | D27: =B27-C27 -> 0 | E27: =IFERROR(D27/C27, "-") -> -
A28: May | B28: 0 | D28: =B28-C28 -> 0 | E28: =IFERROR(D28/C28, "-") -> -
A29: Jun | B29: 0 | D29: =B29-C29 -> 0 | E29: =IFERROR(D29/C29, "-") -> -
A30: Jul | B30: 0 | D30: =B30-C30 -> 0 | E30: =IFERROR(D30/C30, "-") -> -
A31: Aug | B31: 0 | D31: =B31-C31 -> 0 | E31: =IFERROR(D31/C31, "-") -> -
A32: Sep | B32: 0 | D32: =B32-C32 -> 0 | E32: =IFERROR(D32/C32, "-") -> -
A33: Oct | B33: 0 | D33: =B33-C33 -> 0 | E33: =IFERROR(D33/C33, "-") -> -
A34: Nov | B34: 0 | D34: =B34-C34 -> 0 | E34: =IFERROR(D34/C34, "-") -> -
A35: Dec | B35: 0 | D35: =B35-C35 -> 0 | E35: =IFERROR(D35/C35, "-") -> -
A36: Totals | B36: 611.73828 | C36: =SUM(C24:C35) -> 1153.765 | D36: =SUM(D24:D35) -> -542.02672 | E36: =IFERROR(D36/C36, "-") -> -0.46978953

Sheet Closter Office
A1: Closter Office
A3: State: | B3: NJ
A4: Actual vs. Expected
A5: Month | B5: Actual | C5: Expected | D5: Delta | E5: %
A6: Jan | B6: 144.2 | C6: 202.6485 | D6: =B6-C6 -> -58.4485 | E6: =IFERROR(D6/C6, "-") -> -0.28842306
A7: Feb | D7: =B7-C7 -> 0 | E7: =IFERROR(D7/C7, "-") -> -
A8: Mar | D8: =B8-C8 -> 0 | E8: =IFERROR(D8/C8, "-") -> -
A9: Apr | D9: =B9-C9 -> 0 | E9: =IFERROR(D9/C9, "-") -> -
A10: May | D10: =B10-C10 -> 0 | E10: =IFERROR(D10/C10, "-") -> -
A11: Jun | D11: =B11-C11 -> 0 | E11: =IFERROR(D11/C11, "-") -> -
A12: Jul | D12: =B12-C12 -> 0 | E12: =IFERROR(D12/C12, "-") -> -
A13: Aug | D13: =B13-C13 -> 0 | E13: =IFERROR(D13/C13, "-") -> -
A14: Sep | D14: =B14-C14 -> 0 | E14: =IFERROR(D14/C14, "-") -> -
A15: Oct | D15: =B15-C15 -> 0 | E15: =IFERROR(D15/C15, "-") -> -
A16: Nov | D16: =B16-C16 -> 0 | E16: =IFERROR(D16/C16, "-") -> -
A17: Dec | D17: =B17-C17 -> 0 | E17: =IFERROR(D17/C17, "-") -> -
A18: Totals | B18: =SUM(B6:B17) -> 144.2 | C18: =SUM(C6:C17) -> 202.6485 | D18: =SUM(D6:D17) -> -58.4485 | E18: =IFERROR(D18/C18, "-") -> -0.28842306
A22: Actual vs. Forecasted
A23: Month | B23: Actual | C23: Forecasted | D23: Delta | E23: % | F23: Notes | G23: Service Request
A24: Jan | B24: {=B6:B18} -> 144.2 | C24: 494.769 | D24: =B24-C24 -> -350.569 | E24: =IFERROR(D24/C24, "-") -> -0.70855086
A25: Feb | B25: 0 | D25: =B25-C25 -> 0 | E25: =IFERROR(D25/C25, "-") -> -
A26: Mar | B26: 0 | D26: =B26-C26 -> 0 | E26: =IFERROR(D26/C26, "-") -> -
A27: Apr | B27: 0 | D27: =B27-C27 -> 0 | E27: =IFERROR(D27/C27, "-") -> -
A28: May | B28: 0 | D28: =B28-C28 -> 0 | E28: =IFERROR(D28/C28, "-") -> -
A29: Jun | B29: 0 | D29: =B29-C29 -> 0 | E29: =IFERROR(D29/C29, "-") -> -
A30: Jul | B30: 0 | D30: =B30-C30 -> 0 | E30: =IFERROR(D30/C30, "-") -> -
A31: Aug | B31: 0 | D31: =B31-C31 -> 0 | E31: =IFERROR(D31/C31, "-") -> -
A32: Sep | B32: 0 | D32: =B32-C32 -> 0 | E32: =IFERROR(D32/C32, "-") -> -
A33: Oct | B33: 0 | D33: =B33-C33 -> 0 | E33: =IFERROR(D33/C33, "-") -> -
A34: Nov | B34: 0 | D34: =B34-C34 -> 0 | E34: =IFERROR(D34/C34, "-") -> -
A35: Dec | B35: 0 | D35: =B35-C35 -> 0 | E35: =IFERROR(D35/C35, "-") -> -
A36: Totals | B36: 144.2 | C36: =SUM(C24:C35) -> 494.769 | D36: =SUM(D24:D35) -> -350.569 | E36: =IFERROR(D36/C36, "-") -> -0.70855086

Sheet East Windsor
A1: East Windsor
A3: State: | B3: NJ
A4: Actual vs. Expected
A5: Month | B5: Actual | C5: Expected | D5: Delta | E5: %
A6: Jan | B6: 234.4 | C6: 395.1954 | D6: =B6-C6 -> -160.7954 | E6: =IFERROR(D6/C6, "-") -> -0.40687569
A7: Feb | D7: =B7-C7 -> 0 | E7: =IFERROR(D7/C7, "-") -> -
A8: Mar | D8: =B8-C8 -> 0 | E8: =IFERROR(D8/C8, "-") -> -
A9: Apr | D9: =B9-C9 -> 0 | E9: =IFERROR(D9/C9, "-") -> -
A10: May | D10: =B10-C10 -> 0 | E10: =IFERROR(D10/C10, "-") -> -
A11: Jun | D11: =B11-C11 -> 0 | E11: =IFERROR(D11/C11, "-") -> -
A12: Jul | D12: =B12-C12 -> 0 | E12: =IFERROR(D12/C12, "-") -> -
A13: Aug | D13: =B13-C13 -> 0 | E13: =IFERROR(D13/C13, "-") -> -
A14: Sep | D14: =B14-C14 -> 0 | E14: =IFERROR(D14/C14, "-") -> -
A15: Oct | D15: =B15-C15 -> 0 | E15: =IFERROR(D15/C15, "-") -> -
A16: Nov | D16: =B16-C16 -> 0 | E16: =IFERROR(D16/C16, "-") -> -
A17: Dec | D17: =B17-C17 -> 0 | E17: =IFERROR(D17/C17, "-") -> -
A18: Totals | B18: =SUM(B6:B17) -> 234.4 | C18: =SUM(C6:C17) -> 395.1954 | D18: =SUM(D6:D17) -> -160.7954 | E18: =IFERROR(D18/C18, "-") -> -0.40687569
A22: Actual vs. Forecasted
A23: Month | B23: Actual | C23: Forecasted | D23: Delta | E23: % | F23: Notes | G23: Service Request
A24: Jan | B24: {=B6:B18} -> 234.4 | C24: 408.178 | D24: =B24-C24 -> -173.778 | E24: =IFERROR(D24/C24, "-") -> -0.42574073
A25: Feb | B25: 0 | D25: =B25-C25 -> 0 | E25: =IFERROR(D25/C25, "-") -> -
A26: Mar | B26: 0 | D26: =B26-C26 -> 0 | E26: =IFERROR(D26/C26, "-") -> -
A27: Apr | B27: 0 | D27: =B27-C27 -> 0 | E27: =IFERROR(D27/C27, "-") -> -
A28: May | B28: 0 | D28: =B28-C28 -> 0 | E28: =IFERROR(D28/C28, "-") -> -
A29: Jun | B29: 0 | D29: =B29-C29 -> 0 | E29: =IFERROR(D29/C29, "-") -> -
A30: Jul | B30: 0 | D30: =B30-C30 -> 0 | E30: =IFERROR(D30/C30, "-") -> -
A31: Aug | B31: 0 | D31: =B31-C31 -> 0 | E31: =IFERROR(D31/C31, "-") -> -
A32: Sep | B32: 0 | D32: =B32-C32 -> 0 | E32: =IFERROR(D32/C32, "-") -> -
A33: Oct | B33: 0 | D33: =B33-C33 -> 0 | E33: =IFERROR(D33/C33, "-") -> -
A34: Nov | B34: 0 | D34: =B34-C34 -> 0 | E34: =IFERROR(D34/C34, "-") -> -
A35: Dec | B35: 0 | D35: =B35-C35 -> 0 | E35: =IFERROR(D35/C35, "-") -> -
A36: Totals | B36: 234.4 | C36: =SUM(C24:C35) -> 408.178 | D36: =SUM(D24:D35) -> -173.778 | E36: =IFERROR(D36/C36, "-") -> -0.42574073

Sheet Edison Office
A1: Edison Office
A3: State: | B3: NJ
A4: Actual vs. Expected
A5: Month | B5: Actual | C5: Expected | D5: Delta | E5: %
A6: Jan | B6: 923 | C6: 960.8481 | D6: =B6-C6 -> -37.8481 | E6: =IFERROR(D6/C6, "-") -> -0.039390305
A7: Feb | D7: =B7-C7 -> 0 | E7: =IFERROR(D7/C7, "-") -> -
A8: Mar | D8: =B8-C8 -> 0 | E8: =IFERROR(D8/C8, "-") -> -
A9: Apr | D9: =B9-C9 -> 0 | E9: =IFERROR(D9/C9, "-") -> -
A10: May | D10: =B10-C10 -> 0 | E10: =IFERROR(D10/C10, "-") -> -
A11: Jun | D11: =B11-C11 -> 0 | E11: =IFERROR(D11/C11, "-") -> -
A12: Jul | D12: =B12-C12 -> 0 | E12: =IFERROR(D12/C12, "-") -> -
A13: Aug | D13: =B13-C13 -> 0 | E13: =IFERROR(D13/C13, "-") -> -
A14: Sep | D14: =B14-C14 -> 0 | E14: =IFERROR(D14/C14, "-") -> -
A15: Oct | D15: =B15-C15 -> 0 | E15: =IFERROR(D15/C15, "-") -> -
A16: Nov | D16: =B16-C16 -> 0 | E16: =IFERROR(D16/C16, "-") -> -
A17: Dec | D17: =B17-C17 -> 0 | E17: =IFERROR(D17/C17, "-") -> -
A18: Totals | B18: =SUM(B6:B17) -> 923 | C18: =SUM(C6:C17) -> 960.8481 | D18: =SUM(D6:D17) -> -37.8481 | E18: =IFERROR(D18/C18, "-") -> -0.039390305
A22: Actual vs. Forecasted
A23: Month | B23: Actual | C23: Forecasted | D23: Delta | E23: % | F23: Notes | G23: Service Request
A24: Jan | B24: {=B6:B18} -> 923 | C24: 1532.135 | D24: =B24-C24 -> -609.135 | E24: =IFERROR(D24/C24, "-") -> -0.39757267
A25: Feb | B25: 0 | D25: =B25-C25 -> 0 | E25: =IFERROR(D25/C25, "-") -> -
A26: Mar | B26: 0 | D26: =B26-C26 -> 0 | E26: =IFERROR(D26/C26, "-") -> -
A27: Apr | B27: 0 | D27: =B27-C27 -> 0 | E27: =IFERROR(D27/C27, "-") -> -
A28: May | B28: 0 | D28: =B28-C28 -> 0 | E28: =IFERROR(D28/C28, "-") -> -
A29: Jun | B29: 0 | D29: =B29-C29 -> 0 | E29: =IFERROR(D29/C29, "-") -> -
A30: Jul | B30: 0 | D30: =B30-C30 -> 0 | E30: =IFERROR(D30/C30, "-") -> -
A31: Aug | B31: 0 | D31: =B31-C31 -> 0 | E31: =IFERROR(D31/C31, "-") -> -
A32: Sep | B32: 0 | D32: =B32-C32 -> 0 | E32: =IFERROR(D32/C32, "-") -> -
A33: Oct | B33: 0 | D33: =B33-C33 -> 0 | E33: =IFERROR(D33/C33, "-") -> -
A34: Nov | B34: 0 | D34: =B34-C34 -> 0 | E34: =IFERROR(D34/C34, "-") -> -
A35: Dec | B35: 0 | D35: =B35-C35 -> 0 | E35: =IFERROR(D35/C35, "-") -> -
A36: Totals | B36: 923 | C36: =SUM(C24:C35) -> 1532.135 | D36: =SUM(D24:D35) -> -609.135 | E36: =IFERROR(D36/C36, "-") -> -0.39757267

Sheet Ellisburg Circle Center
A1: Ellisburg Circle Center
A3: State: | B3: NJ
A4: Actual vs. Expected
A5: Month | B5: Actual | C5: Expected | D5: Delta | E5: %
A6: Jan | B6: 241 | C6: 385.1902 | D6: =B6-C6 -> -144.1902 | E6: =IFERROR(D6/C6, "-") -> -0.37433507
A7: Feb | D7: =B7-C7 -> 0 | E7: =IFERROR(D7/C7, "-") -> -
A8: Mar | D8: =B8-C8 -> 0 | E8: =IFERROR(D8/C8, "-") -> -
A9: Apr | D9: =B9-C9 -> 0 | E9: =IFERROR(D9/C9, "-") -> -
A10: May | D10: =B10-C10 -> 0 | E10: =IFERROR(D10/C10, "-") -> -
A11: Jun | D11: =B11-C11 -> 0 | E11: =IFERROR(D11/C11, "-") -> -
A12: Jul | D12: =B12-C12 -> 0 | E12: =IFERROR(D12/C12, "-") -> -
A13: Aug | D13: =B13-C13 -> 0 | E13: =IFERROR(D13/C13, "-") -> -
A14: Sep | D14: =B14-C14 -> 0 | E14: =IFERROR(D14/C14, "-") -> -
A15: Oct | D15: =B15-C15 -> 0 | E15: =IFERROR(D15/C15, "-") -> -
A16: Nov | D16: =B16-C16 -> 0 | E16: =IFERROR(D16/C16, "-") -> -
A17: Dec | D17: =B17-C17 -> 0 | E17: =IFERROR(D17/C17, "-") -> -
A18: Totals | B18: =SUM(B6:B17) -> 241 | C18: =SUM(C6:C17) -> 385.1902 | D18: =SUM(D6:D17) -> -144.1902 | E18: =IFERROR(D18/C18, "-") -> -0.37433507
A22: Actual vs. Forecasted
A23: Month | B23: Actual | C23: Forecasted | D23: Delta | E23: % | F23: Notes | G23: Service Request
A24: Jan | B24: {=B6:B18} -> 241 | C24: 451.606 | D24: =B24-C24 -> -210.606 | E24: =IFERROR(D24/C24, "-") -> -0.46634899
A25: Feb | B25: 0 | D25: =B25-C25 -> 0 | E25: =IFERROR(D25/C25, "-") -> -
A26: Mar | B26: 0 | D26: =B26-C26 -> 0 | E26: =IFERROR(D26/C26, "-") -> -
A27: Apr | B27: 0 | D27: =B27-C27 -> 0 | E27: =IFERROR(D27/C27, "-") -> -
A28: May | B28: 0 | D28: =B28-C28 -> 0 | E28: =IFERROR(D28/C28, "-") -> -
A29: Jun | B29: 0 | D29: =B29-C29 -> 0 | E29: =IFERROR(D29/C29, "-") -> -
A30: Jul | B30: 0 | D30: =B30-C30 -> 0 | E30: =IFERROR(D30/C30, "-") -> -
A31: Aug | B31: 0 | D31: =B31-C31 -> 0 | E31: =IFERROR(D31/C31, "-") -> -
A32: Sep | B32: 0 | D32: =B32-C32 -> 0 | E32: =IFERROR(D32/C32, "-") -> -
A33: Oct | B33: 0 | D33: =B33-C33 -> 0 | E33: =IFERROR(D33/C33, "-") -> -
A34: Nov | B34: 0 | D34: =B34-C34 -> 0 | E34: =IFERROR(D34/C34, "-") -> -
A35: Dec | B35: 0 | D35: =B35-C35 -> 0 | E35: =IFERROR(D35/C35, "-") -> -
A36: Totals | B36: 241 | C36: =SUM(C24:C35) -> 451.606 | D36: =SUM(D24:D35) -> -210.606 | E36: =IFERROR(D36/C36, "-") -> -0.46634899

Sheet Flemington
A1: Flemington
A3: State: | B3: NJ
A4: Actual vs. Expected
A5: Month | B5: Actual | C5: Expected | D5: Delta | E5: %
A6: Jan | B6: 745.8 | C6: 1052.367 | D6: =B6-C6 -> -306.567 | E6: =IFERROR(D6/C6, "-") -> -0.29131187
A7: Feb | D7: =B7-C7 -> 0 | E7: =IFERROR(D7/C7, "-") -> -
A8: Mar | D8: =B8-C8 -> 0 | E8: =IFERROR(D8/C8, "-") -> -
A9: Apr | D9: =B9-C9 -> 0 | E9: =IFERROR(D9/C9, "-") -> -
A10: May | D10: =B10-C10 -> 0 | E10: =IFERROR(D10/C10, "-") -> -
A11: Jun | D11: =B11-C11 -> 0 | E11: =IFERROR(D11/C11, "-") -> -
A12: Jul | D12: =B12-C12 -> 0 | E12: =IFERROR(D12/C12, "-") -> -
A13: Aug | D13: =B13-C13 -> 0 | E13: =IFERROR(D13/C13, "-") -> -
A14: Sep | D14: =B14-C14 -> 0 | E14: =IFERROR(D14/C14, "-") -> -
A15: Oct | D15: =B15-C15 -> 0 | E15: =IFERROR(D15/C15, "-") -> -
A16: Nov | D16: =B16-C16 -> 0 | E16: =IFERROR(D16/C16, "-") -> -
A17: Dec | D17: =B17-C17 -> 0 | E17: =IFERROR(D17/C17, "-") -> -
A18: Totals | B18: =SUM(B6:B17) -> 745.8 | C18: =SUM(C6:C17) -> 1052.367 | D18: =SUM(D6:D17) -> -306.567 | E18: =IFERROR(D18/C18, "-") -> -0.29131187
A22: Actual vs. Forecasted
A23: Month | B23: Actual | C23: Forecasted | D23: Delta | E23: % | F23: Notes | G23: Service Request
A24: Jan | B24: {=B6:B18} -> 745.8 | C24: 1315.785 | D24: =B24-C24 -> -569.985 | E24: =IFERROR(D24/C24, "-") -> -0.43319007
A25: Feb | B25: 0 | D25: =B25-C25 -> 0 | E25: =IFERROR(D25/C25, "-") -> -
A26: Mar | B26: 0 | D26: =B26-C26 -> 0 | E26: =IFERROR(D26/C26, "-") -> -
A27: Apr | B27: 0 | D27: =B27-C27 -> 0 | E27: =IFERROR(D27/C27, "-") -> -
A28: May | B28: 0 | D28: =B28-C28 -> 0 | E28: =IFERROR(D28/C28, "-") -> -
A29: Jun | B29: 0 | D29: =B29-C29 -> 0 | E29: =IFERROR(D29/C29, "-") -> -
A30: Jul | B30: 0 | D30: =B30-C30 -> 0 | E30: =IFERROR(D30/C30, "-") -> -
A31: Aug | B31: 0 | D31: =B31-C31 -> 0 | E31: =IFERROR(D31/C31, "-") -> -
A32: Sep | B32: 0 | D32: =B32-C32 -> 0 | E32: =IFERROR(D32/C32, "-") -> -
A33: Oct | B33: 0 | D33: =B33-C33 -> 0 | E33: =IFERROR(D33/C33, "-") -> -
A34: Nov | B34: 0 | D34: =B34-C34 -> 0 | E34: =IFERROR(D34/C34, "-") -> -
A35: Dec | B35: 0 | D35: =B35-C35 -> 0 | E35: =IFERROR(D35/C35, "-") -> -
A36: Totals | B36: 745.8 | C36: =SUM(C24:C35) -> 1315.785 | D36: =SUM(D24:D35) -> -569.985 | E36: =IFERROR(D36/C36, "-") -> -0.43319007

Sheet Franklin Township
A1: Franklin Township
A3: State: | B3: NJ
A4: Actual vs. Expected
A5: Month | B5: Actual | C5: Expected | D5: Delta | E5: %
A6: Jan | B6: 643.1 | C6: 924.3221 | D6: =B6-C6 -> -281.2221 | E6: =IFERROR(D6/C6, "-") -> -0.30424686
A7: Feb | D7: =B7-C7 -> 0 | E7: =IFERROR(D7/C7, "-") -> -
A8: Mar | D8: =B8-C8 -> 0 | E8: =IFERROR(D8/C8, "-") -> -
A9: Apr | D9: =B9-C9 -> 0 | E9: =IFERROR(D9/C9, "-") -> -
A10: May | D10: =B10-C10 -> 0 | E10: =IFERROR(D10/C10, "-") -> -
A11: Jun | D11: =B11-C11 -> 0 | E11: =IFERROR(D11/C11, "-") -> -
A12: Jul | D12: =B12-C12 -> 0 | E12: =IFERROR(D12/C12, "-") -> -
A13: Aug | D13: =B13-C13 -> 0 | E13: =IFERROR(D13/C13, "-") -> -
A14: Sep | D14: =B14-C14 -> 0 | E14: =IFERROR(D14/C14, "-") -> -
A15: Oct | D15: =B15-C15 -> 0 | E15: =IFERROR(D15/C15, "-") -> -
A16: Nov | D16: =B16-C16 -> 0 | E16: =IFERROR(D16/C16, "-") -> -
A17: Dec | D17: =B17-C17 -> 0 | E17: =IFERROR(D17/C17, "-") -> -
A18: Totals | B18: =SUM(B6:B17) -> 643.1 | C18: =SUM(C6:C17) -> 924.3221 | D18: =SUM(D6:D17) -> -281.2221 | E18: =IFERROR(D18/C18, "-") -> -0.30424686
A22: Actual vs. Forecasted
A23: Month | B23: Actual | C23: Forecasted | D23: Delta | E23: % | F23: Notes | G23: Service Request
A24: Jan | B24: {=B6:B18} -> 643.1 | C24: 1767.34 | D24: =B24-C24 -> -1124.24 | E24: =IFERROR(D24/C24, "-") -> -0.63611982
A25: Feb | B25: 0 | D25: =B25-C25 -> 0 | E25: =IFERROR(D25/C25, "-") -> -
A26: Mar | B26: 0 | D26: =B26-C26 -> 0 | E26: =IFERROR(D26/C26, "-") -> -
A27: Apr | B27: 0 | D27: =B27-C27 -> 0 | E27: =IFERROR(D27/C27, "-") -> -
A28: May | B28: 0 | D28: =B28-C28 -> 0 | E28: =IFERROR(D28/C28, "-") -> -
A29: Jun | B29: 0 | D29: =B29-C29 -> 0 | E29: =IFERROR(D29/C29, "-") -> -
A30: Jul | B30: 0 | D30: =B30-C30 -> 0 | E30: =IFERROR(D30/C30, "-") -> -
A31: Aug | B31: 0 | D31: =B31-C31 -> 0 | E31: =IFERROR(D31/C31, "-") -> -
A32: Sep | B32: 0 | D32: =B32-C32 -> 0 | E32: =IFERROR(D32/C32, "-") -> -
A33: Oct | B33: 0 | D33: =B33-C33 -> 0 | E33: =IFERROR(D33/C33, "-") -> -
A34: Nov | B34: 0 | D34: =B34-C34 -> 0 | E34: =IFERROR(D34/C34, "-") -> -
A35: Dec | B35: 0 | D35: =B35-C35 -> 0 | E35: =IFERROR(D35/C35, "-") -> -
A36: Totals | B36: 643.1 | C36: =SUM(C24:C35) -> 1767.34 | D36: =SUM(D24:D35) -> -1124.24 | E36: =IFERROR(D36/C36, "-") -> -0.63611982

Sheet Haddon Westmont Plaza
A1: Haddon Westmont Plaza
A3: State: | B3: NJ
A4: Actual vs. Expected
A5: Month | B5: Actual | C5: Expected | D5: Delta | E5: %
A6: Jan | B6: 494.2 | C6: 789.4208 | D6: =B6-C6 -> -295.2208 | E6: =IFERROR(D6/C6, "-") -> -0.3739714
A7: Feb | D7: =B7-C7 -> 0 | E7: =IFERROR(D7/C7, "-") -> -
A8: Mar | D8: =B8-C8 -> 0 | E8: =IFERROR(D8/C8, "-") -> -
A9: Apr | D9: =B9-C9 -> 0 | E9: =IFERROR(D9/C9, "-") -> -
A10: May | D10: =B10-C10 -> 0 | E10: =IFERROR(D10/C10, "-") -> -
A11: Jun | D11: =B11-C11 -> 0 | E11: =IFERROR(D11/C11, "-") -> -
A12: Jul | D12: =B12-C12 -> 0 | E12: =IFERROR(D12/C12, "-") -> -
A13: Aug | D13: =B13-C13 -> 0 | E13: =IFERROR(D13/C13, "-") -> -
A14: Sep | D14: =B14-C14 -> 0 | E14: =IFERROR(D14/C14, "-") -> -
A15: Oct | D15: =B15-C15 -> 0 | E15: =IFERROR(D15/C15, "-") -> -
A16: Nov | D16: =B16-C16 -> 0 | E16: =IFERROR(D16/C16, "-") -> -
A17: Dec | D17: =B17-C17 -> 0 | E17: =IFERROR(D17/C17, "-") -> -
A18: Totals | B18: =SUM(B6:B17) -> 494.2 | C18: =SUM(C6:C17) -> 789.4208 | D18: =SUM(D6:D17) -> -295.2208 | E18: =IFERROR(D18/C18, "-") -> -0.3739714
A22: Actual vs. Forecasted
A23: Month | B23: Actual | C23: Forecasted | D23: Delta | E23: % | F23: Notes | G23: Service Request
A24: Jan | B24: {=B6:B18} -> 494.2 | C24: 999.193 | D24: =B24-C24 -> -504.993 | E24: =IFERROR(D24/C24, "-") -> -0.50540086
A25: Feb | B25: 0 | D25: =B25-C25 -> 0 | E25: =IFERROR(D25/C25, "-") -> -
A26: Mar | B26: 0 | D26: =B26-C26 -> 0 | E26: =IFERROR(D26/C26, "-") -> -
A27: Apr | B27: 0 | D27: =B27-C27 -> 0 | E27: =IFERROR(D27/C27, "-") -> -
A28: May | B28: 0 | D28: =B28-C28 -> 0 | E28: =IFERROR(D28/C28, "-") -> -
A29: Jun | B29: 0 | D29: =B29-C29 -> 0 | E29: =IFERROR(D29/C29, "-") -> -
A30: Jul | B30: 0 | D30: =B30-C30 -> 0 | E30: =IFERROR(D30/C30, "-") -> -
A31: Aug | B31: 0 | D31: =B31-C31 -> 0 | E31: =IFERROR(D31/C31, "-") -> -
A32: Sep | B32: 0 | D32: =B32-C32 -> 0 | E32: =IFERROR(D32/C32, "-") -> -
A33: Oct | B33: 0 | D33: =B33-C33 -> 0 | E33: =IFERROR(D33/C33, "-") -> -
A34: Nov | B34: 0 | D34: =B34-C34 -> 0 | E34: =IFERROR(D34/C34, "-") -> -
A35: Dec | B35: 0 | D35: =B35-C35 -> 0 | E35: =IFERROR(D35/C35, "-") -> -
A36: Totals | B36: 494.2 | C36: =SUM(C24:C35) -> 999.193 | D36: =SUM(D24:D35) -> -504.993 | E36: =IFERROR(D36/C36, "-") -> -0.50540086

Sheet Hainesport Crossroads
A1: Hainesport Crossroads
A3: State: | B3: NJ
A4: Actual vs. Expected
A5: Month | B5: Actual | C5: Expected | D5: Delta | E5: %
A6: Jan | B6: 701.1 | C6: 866.3807 | D6: =B6-C6 -> -165.2807 | E6: =IFERROR(D6/C6, "-") -> -0.19077145
A7: Feb | D7: =B7-C7 -> 0 | E7: =IFERROR(D7/C7, "-") -> -
A8: Mar | D8: =B8-C8 -> 0 | E8: =IFERROR(D8/C8, "-") -> -
A9: Apr | D9: =B9-C9 -> 0 | E9: =IFERROR(D9/C9, "-") -> -
A10: May | D10: =B10-C10 -> 0 | E10: =IFERROR(D10/C10, "-") -> -
A11: Jun | D11: =B11-C11 -> 0 | E11: =IFERROR(D11/C11, "-") -> -
A12: Jul | D12: =B12-C12 -> 0 | E12: =IFERROR(D12/C12, "-") -> -
A13: Aug | D13: =B13-C13 -> 0 | E13: =IFERROR(D13/C13, "-") -> -
A14: Sep | D14: =B14-C14 -> 0 | E14: =IFERROR(D14/C14, "-") -> -
A15: Oct | D15: =B15-C15 -> 0 | E15: =IFERROR(D15/C15, "-") -> -
A16: Nov | D16: =B16-C16 -> 0 | E16: =IFERROR(D16/C16, "-") -> -
A17: Dec | D17: =B17-C17 -> 0 | E17: =IFERROR(D17/C17, "-") -> -
A18: Totals | B18: =SUM(B6:B17) -> 701.1 | C18: =SUM(C6:C17) -> 866.3807 | D18: =SUM(D6:D17) -> -165.2807 | E18: =IFERROR(D18/C18, "-") -> -0.19077145
A22: Actual vs. Forecasted
A23: Month | B23: Actual | C23: Forecasted | D23: Delta | E23: % | F23: Notes | G23: Service Request
A24: Jan | B24: {=B6:B18} -> 701.1 | C24: 998.585 | D24: =B24-C24 -> -297.485 | E24: =IFERROR(D24/C24, "-") -> -0.29790654
A25: Feb | B25: 0 | D25: =B25-C25 -> 0 | E25: =IFERROR(D25/C25, "-") -> -
A26: Mar | B26: 0 | D26: =B26-C26 -> 0 | E26: =IFERROR(D26/C26, "-") -> -
A27: Apr | B27: 0 | D27: =B27-C27 -> 0 | E27: =IFERROR(D27/C27, "-") -> -
A28: May | B28: 0 | D28: =B28-C28 -> 0 | E28: =IFERROR(D28/C28, "-") -> -
A29: Jun | B29: 0 | D29: =B29-C29 -> 0 | E29: =IFERROR(D29/C29, "-") -> -
A30: Jul | B30: 0 | D30: =B30-C30 -> 0 | E30: =IFERROR(D30/C30, "-") -> -
A31: Aug | B31: 0 | D31: =B31-C31 -> 0 | E31: =IFERROR(D31/C31, "-") -> -
A32: Sep | B32: 0 | D32: =B32-C32 -> 0 | E32: =IFERROR(D32/C32, "-") -> -
A33: Oct | B33: 0 | D33: =B33-C33 -> 0 | E33: =IFERROR(D33/C33, "-") -> -
A34: Nov | B34: 0 | D34: =B34-C34 -> 0 | E34: =IFERROR(D34/C34, "-") -> -
A35: Dec | B35: 0 | D35: =B35-C35 -> 0 | E35: =IFERROR(D35/C35, "-") -> -
A36: Totals | B36: 701.1 | C36: =SUM(C24:C35) -> 998.585 | D36: =SUM(D24:D35) -> -297.485 | E36: =IFERROR(D36/C36, "-") -> -0.29790654

Sheet Holmdel Rt. 35
A1: Holmdel Rt. 35
A3: State: | B3: NJ
A4: Actual vs. Expected
A5: Month | B5: Actual | C5: Expected | D5: Delta | E5: %
A6: Jan | B6: 450.3 | C6: 643.0844 | D6: =B6-C6 -> -192.7844 | E6: =IFERROR(D6/C6, "-") -> -0.29978087
A7: Feb | D7: =B7-C7 -> 0 | E7: =IFERROR(D7/C7, "-") -> -
A8: Mar | D8: =B8-C8 -> 0 | E8: =IFERROR(D8/C8, "-") -> -
A9: Apr | D9: =B9-C9 -> 0 | E9: =IFERROR(D9/C9, "-") -> -
A10: May | D10: =B10-C10 -> 0 | E10: =IFERROR(D10/C10, "-") -> -
A11: Jun | D11: =B11-C11 -> 0 | E11: =IFERROR(D11/C11, "-") -> -
A12: Jul | D12: =B12-C12 -> 0 | E12: =IFERROR(D12/C12, "-") -> -
A13: Aug | D13: =B13-C13 -> 0 | E13: =IFERROR(D13/C13, "-") -> -
A14: Sep | D14: =B14-C14 -> 0 | E14: =IFERROR(D14/C14, "-") -> -
A15: Oct | D15: =B15-C15 -> 0 | E15: =IFERROR(D15/C15, "-") -> -
A16: Nov | D16: =B16-C16 -> 0 | E16: =IFERROR(D16/C16, "-") -> -
A17: Dec | D17: =B17-C17 -> 0 | E17: =IFERROR(D17/C17, "-") -> -
A18: Totals | B18: =SUM(B6:B17) -> 450.3 | C18: =SUM(C6:C17) -> 643.0844 | D18: =SUM(D6:D17) -> -192.7844 | E18: =IFERROR(D18/C18, "-") -> -0.29978087
A22: Actual vs. Forecasted
A23: Month | B23: Actual | C23: Forecasted | D23: Delta | E23: % | F23: Notes | G23: Service Request
A24: Jan | B24: {=B6:B18} -> 450.3 | C24: 809.704 | D24: =B24-C24 -> -359.404 | E24: =IFERROR(D24/C24, "-") -> -0.44387085
A25: Feb | B25: 0 | D25: =B25-C25 -> 0 | E25: =IFERROR(D25/C25, "-") -> -
A26: Mar | B26: 0 | D26: =B26-C26 -> 0 | E26: =IFERROR(D26/C26, "-") -> -
A27: Apr | B27: 0 | D27: =B27-C27 -> 0 | E27: =IFERROR(D27/C27, "-") -> -
A28: May | B28: 0 | D28: =B28-C28 -> 0 | E28: =IFERROR(D28/C28, "-") -> -
A29: Jun | B29: 0 | D29: =B29-C29 -> 0 | E29: =IFERROR(D29/C29, "-") -> -
A30: Jul | B30: 0 | D30: =B30-C30 -> 0 | E30: =IFERROR(D30/C30, "-") -> -
A31: Aug | B31: 0 | D31: =B31-C31 -> 0 | E31: =IFERROR(D31/C31, "-") -> -
A32: Sep | B32: 0 | D32: =B32-C32 -> 0 | E32: =IFERROR(D32/C32, "-") -> -
A33: Oct | B33: 0 | D33: =B33-C33 -> 0 | E33: =IFERROR(D33/C33, "-") -> -
A34: Nov | B34: 0 | D34: =B34-C34 -> 0 | E34: =IFERROR(D34/C34, "-") -> -
A35: Dec | B35: 0 | D35: =B35-C35 -> 0 | E35: =IFERROR(D35/C35, "-") -> -
A36: Totals | B36: 450.3 | C36: =SUM(C24:C35) -> 809.704 | D36: =SUM(D24:D35) -> -359.404 | E36: =IFERROR(D36/C36, "-") -> -0.44387085

Sheet Laurelton Office
A1: Laurelton Office
A3: State: | B3: NJ
A4: Actual vs. Expected
A5: Month | B5: Actual | C5: Expected | D5: Delta | E5: %
A6: Jan | B6: 799.4 | C6: 861.1401 | D6: =B6-C6 -> -61.7401 | E6: =IFERROR(D6/C6, "-") -> -0.071695767
A7: Feb | D7: =B7-C7 -> 0 | E7: =IFERROR(D7/C7, "-") -> -
A8: Mar | D8: =B8-C8 -> 0 | E8: =IFERROR(D8/C8, "-") -> -
A9: Apr | D9: =B9-C9 -> 0 | E9: =IFERROR(D9/C9, "-") -> -
A10: May | D10: =B10-C10 -> 0 | E10: =IFERROR(D10/C10, "-") -> -
A11: Jun | D11: =B11-C11 -> 0 | E11: =IFERROR(D11/C11, "-") -> -
A12: Jul | D12: =B12-C12 -> 0 | E12: =IFERROR(D12/C12, "-") -> -
A13: Aug | D13: =B13-C13 -> 0 | E13: =IFERROR(D13/C13, "-") -> -
A14: Sep | D14: =B14-C14 -> 0 | E14: =IFERROR(D14/C14, "-") -> -
A15: Oct | D15: =B15-C15 -> 0 | E15: =IFERROR(D15/C15, "-") -> -
A16: Nov | D16: =B16-C16 -> 0 | E16: =IFERROR(D16/C16, "-") -> -
A17: Dec | D17: =B17-C17 -> 0 | E17: =IFERROR(D17/C17, "-") -> -
A18: Totals | B18: =SUM(B6:B17) -> 799.4 | C18: =SUM(C6:C17) -> 861.1401 | D18: =SUM(D6:D17) -> -61.7401 | E18: =IFERROR(D18/C18, "-") -> -0.071695767
A22: Actual vs. Forecasted
A23: Month | B23: Actual | C23: Forecasted | D23: Delta | E23: % | F23: Notes | G23: Service Request
A24: Jan | B24: {=B6:B18} -> 799.4 | C24: 1207.299 | D24: =B24-C24 -> -407.899 | E24: =IFERROR(D24/C24, "-") -> -0.3378608
A25: Feb | B25: 0 | D25: =B25-C25 -> 0 | E25: =IFERROR(D25/C25, "-") -> -
A26: Mar | B26: 0 | D26: =B26-C26 -> 0 | E26: =IFERROR(D26/C26, "-") -> -
A27: Apr | B27: 0 | D27: =B27-C27 -> 0 | E27: =IFERROR(D27/C27, "-") -> -
A28: May | B28: 0 | D28: =B28-C28 -> 0 | E28: =IFERROR(D28/C28, "-") -> -
A29: Jun | B29: 0 | D29: =B29-C29 -> 0 | E29: =IFERROR(D29/C29, "-") -> -
A30: Jul | B30: 0 | D30: =B30-C30 -> 0 | E30: =IFERROR(D30/C30, "-") -> -
A31: Aug | B31: 0 | D31: =B31-C31 -> 0 | E31: =IFERROR(D31/C31, "-") -> -
A32: Sep | B32: 0 | D32: =B32-C32 -> 0 | E32: =IFERROR(D32/C32, "-") -> -
A33: Oct | B33: 0 | D33: =B33-C33 -> 0 | E33: =IFERROR(D33/C33, "-") -> -
A34: Nov | B34: 0 | D34: =B34-C34 -> 0 | E34: =IFERROR(D34/C34, "-") -> -
A35: Dec | B35: 0 | D35: =B35-C35 -> 0 | E35: =IFERROR(D35/C35, "-") -> -
A36: Totals | B36: 799.4 | C36: =SUM(C24:C35) -> 1207.299 | D36: =SUM(D24:D35) -> -407.899 | E36: =IFERROR(D36/C36, "-") -> -0.3378608

Sheet Mahwah
A1: Mahwah
A3: State: | B3: NJ
A4: Actual vs. Expected
A5: Month | B5: Actual | C5: Expected | D5: Delta | E5: %
A6: Jan | B6: 530.1 | C6: 950.6528 | D6: =B6-C6 -> -420.5528 | E6: =IFERROR(D6/C6, "-") -> -0.44238317
A7: Feb | D7: =B7-C7 -> 0 | E7: =IFERROR(D7/C7, "-") -> -
A8: Mar | D8: =B8-C8 -> 0 | E8: =IFERROR(D8/C8, "-") -> -
A9: Apr | D9: =B9-C9 -> 0 | E9: =IFERROR(D9/C9, "-") -> -
A10: May | D10: =B10-C10 -> 0 | E10: =IFERROR(D10/C10, "-") -> -
A11: Jun | D11: =B11-C11 -> 0 | E11: =IFERROR(D11/C11, "-") -> -
A12: Jul | D12: =B12-C12 -> 0 | E12: =IFERROR(D12/C12, "-") -> -
A13: Aug | D13: =B13-C13 -> 0 | E13: =IFERROR(D13/C13, "-") -> -
A14: Sep | D14: =B14-C14 -> 0 | E14: =IFERROR(D14/C14, "-") -> -
A15: Oct | D15: =B15-C15 -> 0 | E15: =IFERROR(D15/C15, "-") -> -
A16: Nov | D16: =B16-C16 -> 0 | E16: =IFERROR(D16/C16, "-") -> -
A17: Dec | D17: =B17-C17 -> 0 | E17: =IFERROR(D17/C17, "-") -> -
A18: Totals | B18: =SUM(B6:B17) -> 530.1 | C18: =SUM(C6:C17) -> 950.6528 | D18: =SUM(D6:D17) -> -420.5528 | E18: =IFERROR(D18/C18, "-") -> -0.44238317
A22: Actual vs. Forecasted
A23: Month | B23: Actual | C23: Forecasted | D23: Delta | E23: % | F23: Notes | G23: Service Request
A24: Jan | B24: {=B6:B18} -> 530.1 | C24: 1061.701 | D24: =B24-C24 -> -531.601 | E24: =IFERROR(D24/C24, "-") -> -0.50070688
A25: Feb | B25: 0 | D25: =B25-C25 -> 0 | E25: =IFERROR(D25/C25, "-") -> -
A26: Mar | B26: 0 | D26: =B26-C26 -> 0 | E26: =IFERROR(D26/C26, "-") -> -
A27: Apr | B27: 0 | D27: =B27-C27 -> 0 | E27: =IFERROR(D27/C27, "-") -> -
A28: May | B28: 0 | D28: =B28-C28 -> 0 | E28: =IFERROR(D28/C28, "-") -> -
A29: Jun | B29: 0 | D29: =B29-C29 -> 0 | E29: =IFERROR(D29/C29, "-") -> -
A30: Jul | B30: 0 | D30: =B30-C30 -> 0 | E30: =IFERROR(D30/C30, "-") -> -
A31: Aug | B31: 0 | D31: =B31-C31 -> 0 | E31: =IFERROR(D31/C31, "-") -> -
A32: Sep | B32: 0 | D32: =B32-C32 -> 0 | E32: =IFERROR(D32/C32, "-") -> -
A33: Oct | B33: 0 | D33: =B33-C33 -> 0 | E33: =IFERROR(D33/C33, "-") -> -
A34: Nov | B34: 0 | D34: =B34-C34 -> 0 | E34: =IFERROR(D34/C34, "-") -> -
A35: Dec | B35: 0 | D35: =B35-C35 -> 0 | E35: =IFERROR(D35/C35, "-") -> -
A36: Totals | B36: 530.1 | C36: =SUM(C24:C35) -> 1061.701 | D36: =SUM(D24:D35) -> -531.601 | E36: =IFERROR(D36/C36, "-") -> -0.50070688

Sheet Manchester Office
A1: Manchester Office
A3: State: | B3: NJ
A4: Actual vs. Expected
A5: Month | B5: Actual | C5: Expected | D5: Delta | E5: %
A6: Jan | B6: 1243.7 | C6: 1242.431 | D6: =B6-C6 -> 1.269 | E6: =IFERROR(D6/C6, "-") -> 0.0010213847
A7: Feb | D7: =B7-C7 -> 0 | E7: =IFERROR(D7/C7, "-") -> -
A8: Mar | D8: =B8-C8 -> 0 | E8: =IFERROR(D8/C8, "-") -> -
A9: Apr | D9: =B9-C9 -> 0 | E9: =IFERROR(D9/C9, "-") -> -
A10: May | D10: =B10-C10 -> 0 | E10: =IFERROR(D10/C10, "-") -> -
A11: Jun | D11: =B11-C11 -> 0 | E11: =IFERROR(D11/C11, "-") -> -
A12: Jul | D12: =B12-C12 -> 0 | E12: =IFERROR(D12/C12, "-") -> -
A13: Aug | D13: =B13-C13 -> 0 | E13: =IFERROR(D13/C13, "-") -> -
A14: Sep | D14: =B14-C14 -> 0 | E14: =IFERROR(D14/C14, "-") -> -
A15: Oct | D15: =B15-C15 -> 0 | E15: =IFERROR(D15/C15, "-") -> -
A16: Nov | D16: =B16-C16 -> 0 | E16: =IFERROR(D16/C16, "-") -> -
A17: Dec | D17: =B17-C17 -> 0 | E17: =IFERROR(D17/C17, "-") -> -
A18: Totals | B18: =SUM(B6:B17) -> 1243.7 | C18: =SUM(C6:C17) -> 1242.431 | D18: =SUM(D6:D17) -> 1.269 | E18: =IFERROR(D18/C18, "-") -> 0.0010213847
A22: Actual vs. Forecasted
A23: Month | B23: Actual | C23: Forecasted | D23: Delta | E23: % | F23: Notes | G23: Service Request
A24: Jan | B24: {=B6:B18} -> 1243.7 | C24: 2172.929 | D24: =B24-C24 -> -929.229 | E24: =IFERROR(D24/C24, "-") -> -0.42763892
A25: Feb | B25: 0 | D25: =B25-C25 -> 0 | E25: =IFERROR(D25/C25, "-") -> -
A26: Mar | B26: 0 | D26: =B26-C26 -> 0 | E26: =IFERROR(D26/C26, "-") -> -
A27: Apr | B27: 0 | D27: =B27-C27 -> 0 | E27: =IFERROR(D27/C27, "-") -> -
A28: May | B28: 0 | D28: =B28-C28 -> 0 | E28: =IFERROR(D28/C28, "-") -> -
A29: Jun | B29: 0 | D29: =B29-C29 -> 0 | E29: =IFERROR(D29/C29, "-") -> -
A30: Jul | B30: 0 | D30: =B30-C30 -> 0 | E30: =IFERROR(D30/C30, "-") -> -
A31: Aug | B31: 0 | D31: =B31-C31 -> 0 | E31: =IFERROR(D31/C31, "-") -> -
A32: Sep | B32: 0 | D32: =B32-C32 -> 0 | E32: =IFERROR(D32/C32, "-") -> -
A33: Oct | B33: 0 | D33: =B33-C33 -> 0 | E33: =IFERROR(D33/C33, "-") -> -
A34: Nov | B34: 0 | D34: =B34-C34 -> 0 | E34: =IFERROR(D34/C34, "-") -> -
A35: Dec | B35: 0 | D35: =B35-C35 -> 0 | E35: =IFERROR(D35/C35, "-") -> -
A36: Totals | B36: 1243.7 | C36: =SUM(C24:C35) -> 2172.929 | D36: =SUM(D24:D35) -> -929.229 | E36: =IFERROR(D36/C36, "-") -> -0.42763892

Sheet Marlton
A1: Marlton
A3: State: | B3: NJ
A4: Actual vs. Expected
A5: Month | B5: Actual | C5: Expected | D5: Delta | E5: %
A6: Jan | B6: 1016.6 | C6: 1055.635 | D6: =B6-C6 -> -39.035 | E6: =IFERROR(D6/C6, "-") -> -0.036977743
A7: Feb | D7: =B7-C7 -> 0 | E7: =IFERROR(D7/C7, "-") -> -
A8: Mar | D8: =B8-C8 -> 0 | E8: =IFERROR(D8/C8, "-") -> -
A9: Apr | D9: =B9-C9 -> 0 | E9: =IFERROR(D9/C9, "-") -> -
A10: May | D10: =B10-C10 -> 0 | E10: =IFERROR(D10/C10, "-") -> -
A11: Jun | D11: =B11-C11 -> 0 | E11: =IFERROR(D11/C11, "-") -> -
A12: Jul | D12: =B12-C12 -> 0 | E12: =IFERROR(D12/C12, "-") -> -
A13: Aug | D13: =B13-C13 -> 0 | E13: =IFERROR(D13/C13, "-") -> -
A14: Sep | D14: =B14-C14 -> 0 | E14: =IFERROR(D14/C14, "-") -> -
A15: Oct | D15: =B15-C15 -> 0 | E15: =IFERROR(D15/C15, "-") -> -
A16: Nov | D16: =B16-C16 -> 0 | E16: =IFERROR(D16/C16, "-") -> -
A17: Dec | D17: =B17-C17 -> 0 | E17: =IFERROR(D17/C17, "-") -> -
A18: Totals | B18: =SUM(B6:B17) -> 1016.6 | C18: =SUM(C6:C17) -> 1055.635 | D18: =SUM(D6:D17) -> -39.035 | E18: =IFERROR(D18/C18, "-") -> -0.036977743
A22: Actual vs. Forecasted
A23: Month | B23: Actual | C23: Forecasted | D23: Delta | E23: % | F23: Notes | G23: Service Request
A24: Jan | B24: {=B6:B18} -> 1016.6 | C24: 1680.262 | D24: =B24-C24 -> -663.662 | E24: =IFERROR(D24/C24, "-") -> -0.39497531
A25: Feb | B25: 0 | D25: =B25-C25 -> 0 | E25: =IFERROR(D25/C25, "-") -> -
A26: Mar | B26: 0 | D26: =B26-C26 -> 0 | E26: =IFERROR(D26/C26, "-") -> -
A27: Apr | B27: 0 | D27: =B27-C27 -> 0 | E27: =IFERROR(D27/C27, "-") -> -
A28: May | B28: 0 | D28: =B28-C28 -> 0 | E28: =IFERROR(D28/C28, "-") -> -
A29: Jun | B29: 0 | D29: =B29-C29 -> 0 | E29: =IFERROR(D29/C29, "-") -> -
A30: Jul | B30: 0 | D30: =B30-C30 -> 0 | E30: =IFERROR(D30/C30, "-") -> -
A31: Aug | B31: 0 | D31: =B31-C31 -> 0 | E31: =IFERROR(D31/C31, "-") -> -
A32: Sep | B32: 0 | D32: =B32-C32 -> 0 | E32: =IFERROR(D32/C32, "-") -> -
A33: Oct | B33: 0 | D33: =B33-C33 -> 0 | E33: =IFERROR(D33/C33, "-") -> -
A34: Nov | B34: 0 | D34: =B34-C34 -> 0 | E34: =IFERROR(D34/C34, "-") -> -
A35: Dec | B35: 0 | D35: =B35-C35 -> 0 | E35: =IFERROR(D35/C35, "-") -> -
A36: Totals | B36: 1016.6 | C36: =SUM(C24:C35) -> 1680.262 | D36: =SUM(D24:D35) -> -663.662 | E36: =IFERROR(D36/C36, "-") -> -0.39497531

Sheet Middletown
A1: Middletown
A3: State: | B3: NJ
A4: Actual vs. Expected
A5: Month | B5: Actual | C5: Expected | D5: Delta | E5: %
A6: Jan | B6: 994.1 | C6: 964.945 | D6: =B6-C6 -> 29.155 | E6: =IFERROR(D6/C6, "-") -> 0.030214157
A7: Feb | D7: =B7-C7 -> 0 | E7: =IFERROR(D7/C7, "-") -> -
A8: Mar | D8: =B8-C8 -> 0 | E8: =IFERROR(D8/C8, "-") -> -
A9: Apr | D9: =B9-C9 -> 0 | E9: =IFERROR(D9/C9, "-") -> -
A10: May | D10: =B10-C10 -> 0 | E10: =IFERROR(D10/C10, "-") -> -
A11: Jun | D11: =B11-C11 -> 0 | E11: =IFERROR(D11/C11, "-") -> -
A12: Jul | D12: =B12-C12 -> 0 | E12: =IFERROR(D12/C12, "-") -> -
A13: Aug | D13: =B13-C13 -> 0 | E13: =IFERROR(D13/C13, "-") -> -
A14: Sep | D14: =B14-C14 -> 0 | E14: =IFERROR(D14/C14, "-") -> -
A15: Oct | D15: =B15-C15 -> 0 | E15: =IFERROR(D15/C15, "-") -> -
A16: Nov | D16: =B16-C16 -> 0 | E16: =IFERROR(D16/C16, "-") -> -
A17: Dec | D17: =B17-C17 -> 0 | E17: =IFERROR(D17/C17, "-") -> -
A18: Totals | B18: =SUM(B6:B17) -> 994.1 | C18: =SUM(C6:C17) -> 964.945 | D18: =SUM(D6:D17) -> 29.155 | E18: =IFERROR(D18/C18, "-") -> 0.030214157
A22: Actual vs. Forecasted
A23: Month | B23: Actual | C23: Forecasted | D23: Delta | E23: % | F23: Notes | G23: Service Request
A24: Jan | B24: {=B6:B18} -> 994.1 | C24: 1643.936 | D24: =B24-C24 -> -649.836 | E24: =IFERROR(D24/C24, "-") -> -0.39529276
A25: Feb | B25: 0 | D25: =B25-C25 -> 0 | E25: =IFERROR(D25/C25, "-") -> -
A26: Mar | B26: 0 | D26: =B26-C26 -> 0 | E26: =IFERROR(D26/C26, "-") -> -
A27: Apr | B27: 0 | D27: =B27-C27 -> 0 | E27: =IFERROR(D27/C27, "-") -> -
A28: May | B28: 0 | D28: =B28-C28 -> 0 | E28: =IFERROR(D28/C28, "-") -> -
A29: Jun | B29: 0 | D29: =B29-C29 -> 0 | E29: =IFERROR(D29/C29, "-") -> -
A30: Jul | B30: 0 | D30: =B30-C30 -> 0 | E30: =IFERROR(D30/C30, "-") -> -
A31: Aug | B31: 0 | D31: =B31-C31 -> 0 | E31: =IFERROR(D31/C31, "-") -> -
A32: Sep | B32: 0 | D32: =B32-C32 -> 0 | E32: =IFERROR(D32/C32, "-") -> -
A33: Oct | B33: 0 | D33: =B33-C33 -> 0 | E33: =IFERROR(D33/C33, "-") -> -
A34: Nov | B34: 0 | D34: =B34-C34 -> 0 | E34: =IFERROR(D34/C34, "-") -> -
A35: Dec | B35: 0 | D35: =B35-C35 -> 0 | E35: =IFERROR(D35/C35, "-") -> -
A36: Totals | B36: 994.1 | C36: =SUM(C24:C35) -> 1643.936 | D36: =SUM(D24:D35) -> -649.836 | E36: =IFERROR(D36/C36, "-") -> -0.39529276

Sheet North Brunswick
A1: North Brunswick
A3: State: | B3: NJ
A4: Actual vs. Expected
A5: Month | B5: Actual | C5: Expected | D5: Delta | E5: %
A6: Jan | B6: 740.1 | C6: 851.9058 | D6: =B6-C6 -> -111.8058 | E6: =IFERROR(D6/C6, "-") -> -0.13124198
A7: Feb | D7: =B7-C7 -> 0 | E7: =IFERROR(D7/C7, "-") -> -
A8: Mar | D8: =B8-C8 -> 0 | E8: =IFERROR(D8/C8, "-") -> -
A9: Apr | D9: =B9-C9 -> 0 | E9: =IFERROR(D9/C9, "-") -> -
A10: May | D10: =B10-C10 -> 0 | E10: =IFERROR(D10/C10, "-") -> -
A11: Jun | D11: =B11-C11 -> 0 | E11: =IFERROR(D11/C11, "-") -> -
A12: Jul | D12: =B12-C12 -> 0 | E12: =IFERROR(D12/C12, "-") -> -
A13: Aug | D13: =B13-C13 -> 0 | E13: =IFERROR(D13/C13, "-") -> -
A14: Sep | D14: =B14-C14 -> 0 | E14: =IFERROR(D14/C14, "-") -> -
A15: Oct | D15: =B15-C15 -> 0 | E15: =IFERROR(D15/C15, "-") -> -
A16: Nov | D16: =B16-C16 -> 0 | E16: =IFERROR(D16/C16, "-") -> -
A17: Dec | D17: =B17-C17 -> 0 | E17: =IFERROR(D17/C17, "-") -> -
A18: Totals | B18: =SUM(B6:B17) -> 740.1 | C18: =SUM(C6:C17) -> 851.9058 | D18: =SUM(D6:D17) -> -111.8058 | E18: =IFERROR(D18/C18, "-") -> -0.13124198
A22: Actual vs. Forecasted
A23: Month | B23: Actual | C23: Forecasted | D23: Delta | E23: % | F23: Notes | G23: Service Request
A24: Jan | B24: {=B6:B18} -> 740.1 | C24: 1435.025 | D24: =B24-C24 -> -694.925 | E24: =IFERROR(D24/C24, "-") -> -0.48425986
A25: Feb | B25: 0 | D25: =B25-C25 -> 0 | E25: =IFERROR(D25/C25, "-") -> -
A26: Mar | B26: 0 | D26: =B26-C26 -> 0 | E26: =IFERROR(D26/C26, "-") -> -
A27: Apr | B27: 0 | D27: =B27-C27 -> 0 | E27: =IFERROR(D27/C27, "-") -> -
A28: May | B28: 0 | D28: =B28-C28 -> 0 | E28: =IFERROR(D28/C28, "-") -> -
A29: Jun | B29: 0 | D29: =B29-C29 -> 0 | E29: =IFERROR(D29/C29, "-") -> -
A30: Jul | B30: 0 | D30: =B30-C30 -> 0 | E30: =IFERROR(D30/C30, "-") -> -
A31: Aug | B31: 0 | D31: =B31-C31 -> 0 | E31: =IFERROR(D31/C31, "-") -> -
A32: Sep | B32: 0 | D32: =B32-C32 -> 0 | E32: =IFERROR(D32/C32, "-") -> -
A33: Oct | B33: 0 | D33: =B33-C33 -> 0 | E33: =IFERROR(D33/C33, "-") -> -
A34: Nov | B34: 0 | D34: =B34-C34 -> 0 | E34: =IFERROR(D34/C34, "-") -> -
A35: Dec | B35: 0 | D35: =B35-C35 -> 0 | E35: =IFERROR(D35/C35, "-") -> -
A36: Totals | B36: 740.1 | C36: =SUM(C24:C35) -> 1435.025 | D36: =SUM(D24:D35) -> -694.925 | E36: =IFERROR(D36/C36, "-") -> -0.48425986

Sheet North Elizabeth
A1: North Elizabeth
A3: State: | B3: NJ
A4: Actual vs. Expected
A5: Month | B5: Actual | C5: Expected | D5: Delta | E5: %
