Workbook
Name JanActual: #REF!
Name JanActual2: #REF!
Name JanExpected: #REF!
Name JanExpectedDelta: #REF!
Name JanExpectedPercent: #REF!
Name JanExpPercent: #REF!
Name JanForecasted: #REF!
Name JanForecastedDelta: #REF!
Name JanForecastedPercent: #REF!
Name portfolio: Sites!$B$1:$B$1
Name Year: Sites!#REF!

Sheet Year to Date
A1: {=portfolio} -> KPCA Investment, LLC | D1: Year to Date Actual v. Expected | G1: Year to Date Actual v. Forecasted
A2: Total | C2: =SUM(C4:C80) -> 2944309.8 | D2: =SUM(D4:D80) -> 3101311.2 | E2: =C2-D2 -> -157001.46 | F2: =IFERROR(E2/D2, 0) -> -0.050624218 | G2: =SUM(G4:G80) -> 3312855.9 | H2: =C2-G2 -> -368546.13 | I2: =IFERROR(H2/G2, 0) -> -0.11124726
A3: Site | B3: State | C3: Actual | D3: Expected | E3: Delta | F3: % | G3: Forecasted | H3: Delta | I3: %
A4: {=Sites[Site]} -> Chino - 3750-3770 Grand Ave | B4: {=Sites[State]} -> CA | C4: =SUM('1st Qtr'!C4, '2nd Qtr'!C4, '3rd Qtr'!C4) -> 175089.09 | D4: =SUM('1st Qtr'!D4, '2nd Qtr'!D4, '3rd Qtr'!D4, '4th Qtr'!D4) -> 152820.62 | E4: =IF(AND(ISNUMBER(C4),ISNUMBER(D4)), C4-D4, "") -> 22268.466 | F4: =IFERROR(E4/D4, "") -> 0.14571637 | G4: =SUM('1st Qtr'!G4, '2nd Qtr'!G4, '3rd Qtr'!G4, '4th Qtr'!G4) -> 226748 | H4: =SUM('1st Qtr'!H4, '2nd Qtr'!H4, '3rd Qtr'!H4, '4th Qtr'!H4) -> -51658.914 | I4: =IFERROR(H4/G4, "") -> -0.22782523
A5: Murrieta - 28150 Keller Rd | B5: CA | C5: =SUM('1st Qtr'!C5, '2nd Qtr'!C5, '3rd Qtr'!C5, '4th Qtr'!C5) -> 512072 | D5: =SUM('1st Qtr'!D5, '2nd Qtr'!D5, '3rd Qtr'!D5, '4th Qtr'!D5) -> 516182.31 | E5: =IF(AND(ISNUMBER(C5),ISNUMBER(D5)), C5-D5, "") -> -4110.31 | F5: =IFERROR(E5/D5, "") -> -0.0079629036 | G5: =SUM('1st Qtr'!G5, '2nd Qtr'!G5, '3rd Qtr'!G5, '4th Qtr'!G5) -> 579636.8 | H5: =SUM(Jan!H5, Feb!H5, Mar!H5) -> 0 | I5: =IFERROR(H5/G5, "") -> 0
A6: La Habra - 601 E Imperial Way | B6: CA | C6: =SUM('1st Qtr'!C6, '2nd Qtr'!C6, '3rd Qtr'!C6, '4th Qtr'!C6) -> 105627.63 | D6: =SUM('1st Qtr'!D6, '2nd Qtr'!D6, '3rd Qtr'!D6, '4th Qtr'!D6) -> 83409.283 | E6: =IF(AND(ISNUMBER(C6),ISNUMBER(D6)), C6-D6, "") -> 22218.347 | F6: =IFERROR(E6/D6, "") -> 0.26637739 | G6: =SUM('1st Qtr'!G6, '2nd Qtr'!G6, '3rd Qtr'!G6, '4th Qtr'!G6) -> 119494.38 | H6: =SUM('1st Qtr'!H6, '2nd Qtr'!H6, '3rd Qtr'!H6, '4th Qtr'!H6) -> -13866.75 | I6: =IFERROR(H6/G6, "") -> -0.11604521
A7: Kaiser - KP3 - SCA Skyport - CN7901 Site | B7: CA | C7: =SUM('1st Qtr'!C7, '2nd Qtr'!C7, '3rd Qtr'!C7, '4th Qtr'!C7) -> 587326.63 | D7: =SUM('1st Qtr'!D7, '2nd Qtr'!D7, '3rd Qtr'!D7, '4th Qtr'!D7) -> 607649.7 | E7: =IF(AND(ISNUMBER(C7),ISNUMBER(D7)), C7-D7, "") -> -20323.069 | F7: =IFERROR(E7/D7, "") -> -0.03344537 | G7: =SUM('1st Qtr'!G7, '2nd Qtr'!G7, '3rd Qtr'!G7, '4th Qtr'!G7) -> 637667.49 | H7: =SUM(Jan!H7, Feb!H7, Mar!H7) -> 0 | I7: =IFERROR(H7/G7, "") -> 0
A8: Irwindale - 12761 Schabarum Ave | B8: CA | C8: =SUM('1st Qtr'!C8, '2nd Qtr'!C8, '3rd Qtr'!C8, '4th Qtr'!C8) -> 141563.87 | D8: =SUM('1st Qtr'!D8, '2nd Qtr'!D8, '3rd Qtr'!D8, '4th Qtr'!D8) -> 114166.25 | E8: =IF(AND(ISNUMBER(C8),ISNUMBER(D8)), C8-D8, "") -> 27397.617 | F8: =IFERROR(E8/D8, "") -> 0.23998 | G8: =SUM('1st Qtr'!G8, '2nd Qtr'!G8, '3rd Qtr'!G8, '4th Qtr'!G8) -> 166536.73 | H8: =SUM('1st Qtr'!H8, '2nd Qtr'!H8, '3rd Qtr'!H8, '4th Qtr'!H8) -> -24972.86 | I8: =IFERROR(H8/G8, "") -> -0.14995407
A9: Santa Rosa - 2240 Mercury Way | B9: CA | C9: =SUM('1st Qtr'!C9, '2nd Qtr'!C9, '3rd Qtr'!C9, '4th Qtr'!C9) -> 485404.55 | D9: =SUM('1st Qtr'!D9, '2nd Qtr'!D9, '3rd Qtr'!D9, '4th Qtr'!D9) -> 532925.48 | E9: =IF(AND(ISNUMBER(C9),ISNUMBER(D9)), C9-D9, "") -> -47520.928 | F9: =IFERROR(E9/D9, "") -> -0.08916993 | G9: =SUM('1st Qtr'!G9, '2nd Qtr'!G9, '3rd Qtr'!G9, '4th Qtr'!G9) -> 549276 | H9: =SUM(Jan!H9, Feb!H9, Mar!H9) -> 0 | I9: =IFERROR(H9/G9, "") -> 0
A10: Dublin - 3100 Dublin Blvd | B10: CA | C10: =SUM('1st Qtr'!C10, '2nd Qtr'!C10, '3rd Qtr'!C10, '4th Qtr'!C10) -> 937226 | D10: =SUM('1st Qtr'!D10, '2nd Qtr'!D10, '3rd Qtr'!D10, '4th Qtr'!D10) -> 1094157.6 | E10: =IF(AND(ISNUMBER(C10),ISNUMBER(D10)), C10-D10, "") -> -156931.58 | F10: =IFERROR(E10/D10, "") -> -0.14342685 | G10: =SUM('1st Qtr'!G10, '2nd Qtr'!G10, '3rd Qtr'!G10, '4th Qtr'!G10) -> 1033496.5 | H10: =SUM('1st Qtr'!H10, '2nd Qtr'!H10, '3rd Qtr'!H10, '4th Qtr'!H10) -> -96270.5 | I10: =IFERROR(H10/G10, "") -> -0.093150291

Sheet 1st Qtr
A1: {=portfolio} -> KPCA Investment, LLC | D1: 1st Quarter Actual v. Expected | G1: 1st Quarter Actual v. Forecasted
A2: Total | C2: =SUM(C4:C80) -> 0 | D2: =SUM(D4:D80) -> 0 | E2: =C2-D2 -> 0 | F2: =IFERROR(E2/D2, 0) -> 0 | G2: =SUM(G4:G80) -> 0 | H2: =C2-G2 -> 0 | I2: =IFERROR(H2/G2, 0) -> 0
A3: Site | B3: State | C3: Actual | D3: Expected | E3: Delta | F3: % | G3: Forecasted | H3: Delta | I3: %
A4: {=Sites[Site]} -> Chino - 3750-3770 Grand Ave | B4: {=Sites[State]} -> CA | C4: =SUM(Jan!C4, Feb!C4, Mar!C4) -> 0 | D4: =SUM(Jan!D4, Feb!D4, Mar!D4) -> 0 | E4: =IF(AND(ISNUMBER(C4),ISNUMBER(D4)), C4-D4, "") -> 0 | F4: =IFERROR(E4/D4, "") | G4: =SUM(Jan!G4, Feb!G4, Mar!G4) -> 0 | H4: =SUM(Jan!H4, Feb!H4, Mar!H4) -> 0 | I4: =IFERROR(H4/G4, "")
A5: Murrieta - 28150 Keller Rd | B5: CA | C5: =SUM(Jan!C5, Feb!C5, Mar!C5) -> 0 | D5: =SUM(Jan!D5, Feb!D5, Mar!D5) -> 0 | E5: =IF(AND(ISNUMBER(C5),ISNUMBER(D5)), C5-D5, "") -> 0 | F5: =IFERROR(E5/D5, "") | G5: =SUM(Jan!G5, Feb!G5, Mar!G5) -> 0 | H5: =SUM(Jan!H5, Feb!H5, Mar!H5) -> 0 | I5: =IFERROR(H5/G5, "")
A6: La Habra - 601 E Imperial Way | B6: CA | C6: =SUM(Jan!C6, Feb!C6, Mar!C6) -> 0 | D6: =SUM(Jan!D6, Feb!D6, Mar!D6) -> 0 | E6: =IF(AND(ISNUMBER(C6),ISNUMBER(D6)), C6-D6, "") -> 0 | F6: =IFERROR(E6/D6, "") | G6: =SUM(Jan!G6, Feb!G6, Mar!G6) -> 0 | H6: =SUM(Jan!H6, Feb!H6, Mar!H6) -> 0 | I6: =IFERROR(H6/G6, "")
A7: Kaiser - KP3 - SCA Skyport - CN7901 Site | B7: CA | C7: =SUM(Jan!C7, Feb!C7, Mar!C7) -> 0 | D7: =SUM(Jan!D7, Feb!D7, Mar!D7) -> 0 | E7: =IF(AND(ISNUMBER(C7),ISNUMBER(D7)), C7-D7, "") -> 0 | F7: =IFERROR(E7/D7, "") | G7: =SUM(Jan!G7, Feb!G7, Mar!G7) -> 0 | H7: =SUM(Jan!H7, Feb!H7, Mar!H7) -> 0 | I7: =IFERROR(H7/G7, "")
A8: Irwindale - 12761 Schabarum Ave | B8: CA | C8: =SUM(Jan!C8, Feb!C8, Mar!C8) -> 0 | D8: =SUM(Jan!D8, Feb!D8, Mar!D8) -> 0 | E8: =IF(AND(ISNUMBER(C8),ISNUMBER(D8)), C8-D8, "") -> 0 | F8: =IFERROR(E8/D8, "") | G8: =SUM(Jan!G8, Feb!G8, Mar!G8) -> 0 | H8: =SUM(Jan!H8, Feb!H8, Mar!H8) -> 0 | I8: =IFERROR(H8/G8, "")
A9: Santa Rosa - 2240 Mercury Way | B9: CA | C9: =SUM(Jan!C9, Feb!C9, Mar!C9) -> 0 | D9: =SUM(Jan!D9, Feb!D9, Mar!D9) -> 0 | E9: =IF(AND(ISNUMBER(C9),ISNUMBER(D9)), C9-D9, "") -> 0 | F9: =IFERROR(E9/D9, "") | G9: =SUM(Jan!G9, Feb!G9, Mar!G9) -> 0 | H9: =SUM(Jan!H9, Feb!H9, Mar!H9) -> 0 | I9: =IFERROR(H9/G9, "")
A10: Dublin - 3100 Dublin Blvd | B10: CA | C10: =SUM(Jan!C10, Feb!C10, Mar!C10) -> 0 | D10: =SUM(Jan!D10, Feb!D10, Mar!D10) -> 0 | E10: =IF(AND(ISNUMBER(C10),ISNUMBER(D10)), C10-D10, "") -> 0 | F10: =IFERROR(E10/D10, "") | G10: =SUM(Jan!G10, Feb!G10, Mar!G10) -> 0 | H10: =SUM(Jan!H10, Feb!H10, Mar!H10) -> 0 | I10: =IFERROR(H10/G10, "")

Sheet 2nd Qtr
A1: {=portfolio} -> KPCA Investment, LLC | D1: 2nd Quarter Actual v. Expected | G1: 2nd Quarter Actual v. Forecasted
A2: Total | C2: =SUM(C4:C80) -> 1771758.1 | D2: =SUM(D4:D80) -> 1834976.3 | E2: =C2-D2 -> -63218.216 | F2: =IFERROR(E2/D2, 0) -> -0.03445179 | G2: =SUM(G4:G80) -> 1939577 | H2: =C2-G2 -> -167818.97 | I2: =IFERROR(H2/G2, 0) -> -0.086523488
A3: Site | B3: State | C3: Actual | D3: Expected | E3: Delta | F3: % | G3: Forecasted | H3: Delta | I3: %
A4: {=Sites[Site]} -> Chino - 3750-3770 Grand Ave | B4: {=Sites[State]} -> CA | C4: =SUM(Apr!C4, May!C4, Jun!C4) -> 105148.94 | D4: =SUM(Apr!D4, May!D4, Jun!D4) -> 88704.65 | E4: =IF(AND(ISNUMBER(C4),ISNUMBER(D4)), C4-D4, "") -> 16444.287 | F4: =IFERROR(E4/D4, "") -> 0.18538247 | G4: =SUM(Apr!G4+May!G4+Jun!G4) -> 132650 | H4: =SUM(Apr!H4, May!H4, Jun!H4) -> -27501.063 | I4: =IFERROR(H4/G4, "") -> -0.20732049
A5: Murrieta - 28150 Keller Rd | B5: CA | C5: =SUM(Apr!C5, May!C5, Jun!C5) -> 301660 | D5: =SUM(Apr!D5, May!D5, Jun!D5) -> 301975.25 | E5: =IF(AND(ISNUMBER(C5),ISNUMBER(D5)), C5-D5, "") -> -315.25 | F5: =IFERROR(E5/D5, "") -> -0.0010439597 | G5: =SUM(Apr!G5+May!G5+Jun!G5) -> 338989.4 | H5: =SUM(Apr!H5, May!H5, Jun!H5) -> -37329.4 | I5: =IFERROR(H5/G5, "") -> -0.11011967
A6: La Habra - 601 E Imperial Way | B6: CA | C6: =SUM(Apr!C6, May!C6, Jun!C6) -> 60220.63 | D6: =SUM(Apr!D6, May!D6, Jun!D6) -> 48057.75 | E6: =IF(AND(ISNUMBER(C6),ISNUMBER(D6)), C6-D6, "") -> 12162.88 | F6: =IFERROR(E6/D6, "") -> 0.25308884 | G6: =SUM(Apr!G6+May!G6+Jun!G6) -> 67344.57 | H6: =SUM(Apr!H6, May!H6, Jun!H6) -> -7123.94 | I6: =IFERROR(H6/G6, "") -> -0.10578344
A7: Kaiser - KP3 - SCA Skyport - CN7901 Site | B7: CA | C7: =SUM(Apr!C7, May!C7, Jun!C7) -> 357011.58 | D7: =SUM(Apr!D7, May!D7, Jun!D7) -> 364194.09 | E7: =IF(AND(ISNUMBER(C7),ISNUMBER(D7)), C7-D7, "") -> -7182.5059 | F7: =IFERROR(E7/D7, "") -> -0.019721643 | G7: =SUM(Apr!G7+May!G7+Jun!G7) -> 372880.59 | H7: =SUM(Apr!H7, May!H7, Jun!H7) -> -15869.005 | I7: =IFERROR(H7/G7, "") -> -0.042557873
A8: Irwindale - 12761 Schabarum Ave | B8: CA | C8: =SUM(Apr!C8, May!C8, Jun!C8) -> 84093.87 | D8: =SUM(Apr!D8, May!D8, Jun!D8) -> 65700.18 | E8: =IF(AND(ISNUMBER(C8),ISNUMBER(D8)), C8-D8, "") -> 18393.69 | F8: =IFERROR(E8/D8, "") -> 0.27996407 | G8: =SUM(Apr!G8+May!G8+Jun!G8) -> 95470.97 | H8: =SUM(Apr!H8, May!H8, Jun!H8) -> -11377.1 | I8: =IFERROR(H8/G8, "") -> -0.11916816
A9: Santa Rosa - 2240 Mercury Way | B9: CA | C9: =SUM(Apr!C9, May!C9, Jun!C9) -> 294721.04 | D9: =SUM(Apr!D9, May!D9, Jun!D9) -> 315356.7 | E9: =IF(AND(ISNUMBER(C9),ISNUMBER(D9)), C9-D9, "") -> -20635.663 | F9: =IFERROR(E9/D9, "") -> -0.065435943 | G9: =SUM(Apr!G9+May!G9+Jun!G9) -> 324424 | H9: =SUM(Apr!H9, May!H9, Jun!H9) -> -29702.963 | I9: =IFERROR(H9/G9, "") -> -0.091555997
A10: Dublin - 3100 Dublin Blvd | B10: CA | C10: =SUM(Apr!C10, May!C10, Jun!C10) -> 568902 | D10: =SUM(Apr!D10, May!D10, Jun!D10) -> 650987.66 | E10: =IF(AND(ISNUMBER(C10),ISNUMBER(D10)), C10-D10, "") -> -82085.655 | F10: =IFERROR(E10/D10, "") -> -0.12609403 | G10: =SUM(Apr!G10+May!G10+Jun!G10) -> 607817.5 | H10: =SUM(Apr!H10, May!H10, Jun!H10) -> -38915.5 | I10: =IFERROR(H10/G10, "") -> -0.064024975

Sheet 3rd Qtr
A1: {=portfolio} -> KPCA Investment, LLC | D1: 3rd Quarter Actual v. Expected | G1: 3rd Quarter Actual v. Forecasted
A2: Total | C2: =SUM(C4:C79) -> 1172551.7 | D2: =SUM(D4:D79) -> 1266334.9 | E2: =C2-D2 -> -93783.239 | F2: =IFERROR(E2/D2, 0) -> -0.074058794 | G2: =SUM(G4:G79) -> 1373278.9 | H2: =C2-G2 -> -200727.16 | I2: =IFERROR(H2/G2, 0) -> -0.14616635
A3: Site | B3: State | C3: Actual | D3: Expected | E3: Delta | F3: % | G3: Forecasted | H3: Delta | I3: %
A4: {=Sites[Site]} -> Chino - 3750-3770 Grand Ave | B4: {=Sites[State]} -> CA | C4: =SUM(Jul!C4, Aug!C4, Sep!C4) -> 69940.148 | D4: =SUM(Jul!D4, Aug!D4, Sep!D4) -> 64115.97 | E4: =IF(AND(ISNUMBER(C4),ISNUMBER(D4)), C4-D4, "") -> 5824.1785 | F4: =IFERROR(E4/D4, "") -> 0.090838187 | G4: =SUM(Jul!G4,Aug!G4,Sep!G4) -> 94098 | H4: =SUM(Jul!H4, Aug!H4, Sep!H4) -> -24157.852 | I4: =IFERROR(H4/G4, "") -> -0.25673076
A5: Murrieta - 28150 Keller Rd | B5: CA | C5: =SUM(Jul!C5, Aug!C5, Sep!C5) -> 210412 | D5: =SUM(Jul!D5, Aug!D5, Sep!D5) -> 214207.06 | E5: =IF(AND(ISNUMBER(C5),ISNUMBER(D5)), C5-D5, "") -> -3795.06 | F5: =IFERROR(E5/D5, "") -> -0.017716783 | G5: =SUM(Jul!G5,Aug!G5,Sep!G5) -> 240647.4 | H5: =SUM(Jul!H5, Aug!H5, Sep!H5) -> -30235.4 | I5: =IFERROR(H5/G5, "") -> -0.12564191
A6: La Habra - 601 E Imperial Way | B6: CA | C6: =SUM(Jul!C6, Aug!C6, Sep!C6) -> 45407 | D6: =SUM(Jul!D6, Aug!D6, Sep!D6) -> 35351.533 | E6: =IF(AND(ISNUMBER(C6),ISNUMBER(D6)), C6-D6, "") -> 10055.467 | F6: =IFERROR(E6/D6, "") -> 0.28444218 | G6: =SUM(Jul!G6,Aug!G6,Sep!G6) -> 52149.81 | H6: =SUM(Jul!H6, Aug!H6, Sep!H6) -> -6742.81 | I6: =IFERROR(H6/G6, "") -> -0.12929692
A7: Kaiser - KP3 - SCA Skyport - CN7901 Site | B7: CA | C7: =SUM(Jul!C7, Aug!C7, Sep!C7) -> 230315.05 | D7: =SUM(Jul!D7, Aug!D7, Sep!D7) -> 243455.61 | E7: =IF(AND(ISNUMBER(C7),ISNUMBER(D7)), C7-D7, "") -> -13140.563 | F7: =IFERROR(E7/D7, "") -> -0.053975192 | G7: =SUM(Jul!G7,Aug!G7,Sep!G7) -> 264786.9 | H7: =SUM(Jul!H7, Aug!H7, Sep!H7) -> -34471.853 | I7: =IFERROR(H7/G7, "") -> -0.13018716
A8: Irwindale - 12761 Schabarum Ave | B8: CA | C8: =SUM(Jul!C8, Aug!C8, Sep!C8) -> 57470 | D8: =SUM(Jul!D8, Aug!D8, Sep!D8) -> 48466.073 | E8: =IF(AND(ISNUMBER(C8),ISNUMBER(D8)), C8-D8, "") -> 9003.927 | F8: =IFERROR(E8/D8, "") -> 0.18577794 | G8: =SUM(Jul!G8,Aug!G8,Sep!G8) -> 71065.76 | H8: =SUM(Jul!H8, Aug!H8, Sep!H8) -> -13595.76 | I8: =IFERROR(H8/G8, "") -> -0.19131238
A9: Santa Rosa - 2240 Mercury Way | B9: CA | C9: =SUM(Jul!C9, Aug!C9, Sep!C9) -> 190683.52 | D9: =SUM(Jul!D9, Aug!D9, Sep!D9) -> 217568.78 | E9: =IF(AND(ISNUMBER(C9),ISNUMBER(D9)), C9-D9, "") -> -26885.265 | F9: =IFERROR(E9/D9, "") -> -0.12357134 | G9: =SUM(Jul!G9,Aug!G9,Sep!G9) -> 224852 | H9: =SUM(Jul!H9, Aug!H9, Sep!H9) -> -34168.485 | I9: =IFERROR(H9/G9, "") -> -0.15195989
A10: Dublin - 3100 Dublin Blvd | B10: CA | C10: =SUM(Jul!C10, Aug!C10, Sep!C10) -> 368324 | D10: =SUM(Jul!D10, Aug!D10, Sep!D10) -> 443169.92 | E10: =IF(AND(ISNUMBER(C10),ISNUMBER(D10)), C10-D10, "") -> -74845.923 | F10: =IFERROR(E10/D10, "") -> -0.16888764 | G10: =SUM(Jul!G10,Aug!G10,Sep!G10) -> 425679 | H10: =SUM(Jul!H10, Aug!H10, Sep!H10) -> -57355 | I10: =IFERROR(H10/G10, "") -> -0.13473768

Sheet 4th Qtr
A1: {=portfolio} -> KPCA Investment, LLC | D1: 4th Quarter Actual v. Expected | G1: 4th Quarter Actual v. Forecasted
A2: Total | C2: =SUM(C4:C80) -> 0 | D2: =SUM(D4:D80) -> 0 | E2: =C2-D2 -> 0 | F2: =IFERROR(E2/D2, 0) -> 0 | G2: =SUM(G4:G80) -> 0 | H2: =C2-G2 -> 0 | I2: =IFERROR(H2/G2, 0) -> 0
A3: Site | B3: State | C3: Actual | D3: Expected | E3: Delta | F3: % | G3: Forecasted | H3: Delta | I3: %
A4: {=Sites[Site]} -> Chino - 3750-3770 Grand Ave | B4: {=Sites[State]} -> CA | C4: =SUM(Oct!C4, Nov!C4, Dec!C4) -> 0 | D4: =SUM(Oct!D4, Nov!D4, Dec!D4) -> 0 | E4: =IF(AND(ISNUMBER(C4),ISNUMBER(D4)), C4-D4, "") -> 0 | F4: =IFERROR(E4/D4, "") | G4: =SUM(Oct!G4,Nov!G4,Dec!G4) -> 0 | H4: =SUM(Oct!H4, Nov!H4, Dec!H4) -> 0 | I4: =IFERROR(H4/G4, "")
A5: Murrieta - 28150 Keller Rd | B5: CA | C5: =SUM(Oct!C5, Nov!C5, Dec!C5) -> 0 | D5: =SUM(Oct!D5, Nov!D5, Dec!D5) -> 0 | E5: =IF(AND(ISNUMBER(C5),ISNUMBER(D5)), C5-D5, "") -> 0 | F5: =IFERROR(E5/D5, "") | G5: =SUM(Oct!G5,Nov!G5,Dec!G5) -> 0 | H5: =SUM(Oct!H5, Nov!H5, Dec!H5) -> 0 | I5: =IFERROR(H5/G5, "")
A6: La Habra - 601 E Imperial Way | B6: CA | C6: =SUM(Oct!C6, Nov!C6, Dec!C6) -> 0 | D6: =SUM(Oct!D6, Nov!D6, Dec!D6) -> 0 | E6: =IF(AND(ISNUMBER(C6),ISNUMBER(D6)), C6-D6, "") -> 0 | F6: =IFERROR(E6/D6, "") | G6: =SUM(Oct!G6,Nov!G6,Dec!G6) -> 0 | H6: =SUM(Oct!H6, Nov!H6, Dec!H6) -> 0 | I6: =IFERROR(H6/G6, "")
A7: Kaiser - KP3 - SCA Skyport - CN7901 Site | B7: CA | C7: =SUM(Oct!C7, Nov!C7, Dec!C7) -> 0 | D7: =SUM(Oct!D7, Nov!D7, Dec!D7) -> 0 | E7: =IF(AND(ISNUMBER(C7),ISNUMBER(D7)), C7-D7, "") -> 0 | F7: =IFERROR(E7/D7, "") | G7: =SUM(Oct!G7,Nov!G7,Dec!G7) -> 0 | H7: =SUM(Oct!H7, Nov!H7, Dec!H7) -> 0 | I7: =IFERROR(H7/G7, "")
A8: Irwindale - 12761 Schabarum Ave | B8: CA | C8: =SUM(Oct!C8, Nov!C8, Dec!C8) -> 0 | D8: =SUM(Oct!D8, Nov!D8, Dec!D8) -> 0 | E8: =IF(AND(ISNUMBER(C8),ISNUMBER(D8)), C8-D8, "") -> 0 | F8: =IFERROR(E8/D8, "") | G8: =SUM(Oct!G8,Nov!G8,Dec!G8) -> 0 | H8: =SUM(Oct!H8,Nov!H8,Dec!H8) -> 0 | I8: =IFERROR(H8/G8, "")
A9: Santa Rosa - 2240 Mercury Way | B9: CA | C9: =SUM(Oct!C9, Nov!C9, Dec!C9) -> 0 | D9: =SUM(Oct!D9, Nov!D9, Dec!D9) -> 0 | E9: =IF(AND(ISNUMBER(C9),ISNUMBER(D9)), C9-D9, "") -> 0 | F9: =IFERROR(E9/D9, "") | G9: =SUM(Oct!G9,Nov!G9,Dec!G9) -> 0 | H9: =SUM(Oct!H9,Nov!H9,Dec!H9) -> 0 | I9: =IFERROR(H9/G9, "")
A10: Dublin - 3100 Dublin Blvd | B10: CA | C10: =SUM(Oct!C10, Nov!C10, Dec!C10) -> 0 | D10: =SUM(Oct!D10, Nov!D10, Dec!D10) -> 0 | E10: =IF(AND(ISNUMBER(C10),ISNUMBER(D10)), C10-D10, "") -> 0 | F10: =IFERROR(E10/D10, "") | G10: =SUM(Oct!G10,Nov!G10,Dec!G10) -> 0 | H10: =SUM(Oct!H10,Nov!H10,Dec!H10) -> 0 | I10: =IFERROR(H10/G10, "")

Sheet Jan
A1: {=portfolio} -> KPCA Investment, LLC | D1: January Actual v. Expected | G1: January Actual v. Forecasted
A2: Total | C2: =SUM(C4:C79) -> 0 | D2: =SUM(D4:D79) -> 0 | E2: =C2-D2 -> 0 | F2: =IFERROR(E2/D2, 0) -> 0 | G2: =SUM(G4:G79) -> 0 | H2: =C2-G2 -> 0 | I2: =IFERROR(H2/G2, 0) -> 0 | J2: =IF(AND(TODAY()>DATE(2024, 1, 1), COUNTA(Sites[Site])<>(COUNT(C:C)-1)), "Some sites are missing actual data; if new sites were added, make sure they are aligned correctly (including prior months!)", "") -> Some sites are missing actual data; if new sites were added, make sure they are aligned correctly (including prior months!)
A3: Site | B3: State | C3: Actual | D3: Expected | E3: Delta | F3: % | G3: Forecasted | H3: Delta | I3: % | J3: Notes | K3: Service Requests
A4: {=Sites[Site]} -> Chino - 3750-3770 Grand Ave | B4: {=Sites[State]} -> CA | E4: =IF(AND(ISNUMBER(C4),ISNUMBER(D4)), C4-D4, "") | F4: =IFERROR(E4/D4, "") | H4: =IF(AND(ISNUMBER(C4),ISNUMBER(G4)), C4-G4, "") | I4: =IFERROR(H4/G4, "")
A5: Murrieta - 28150 Keller Rd | B5: CA | E5: =IF(AND(ISNUMBER(C5),ISNUMBER(D5)), C5-D5, "") | F5: =IFERROR(E5/D5, "") | H5: =IF(AND(ISNUMBER(C5),ISNUMBER(G5)), C5-G5, "") | I5: =IFERROR(H5/G5, "")
A6: La Habra - 601 E Imperial Way | B6: CA | E6: =IF(AND(ISNUMBER(C6),ISNUMBER(D6)), C6-D6, "") | F6: =IFERROR(E6/D6, "") | H6: =IF(AND(ISNUMBER(C6),ISNUMBER(G6)), C6-G6, "") | I6: =IFERROR(H6/G6, "")
A7: Kaiser - KP3 - SCA Skyport - CN7901 Site | B7: CA | E7: =IF(AND(ISNUMBER(C7),ISNUMBER(D7)), C7-D7, "") | F7: =IFERROR(E7/D7, "") | H7: =IF(AND(ISNUMBER(C7),ISNUMBER(G7)), C7-G7, "") | I7: =IFERROR(H7/G7, "")
A8: Irwindale - 12761 Schabarum Ave | B8: CA | E8: =IF(AND(ISNUMBER(C8),ISNUMBER(D8)), C8-D8, "") | F8: =IFERROR(E8/D8, "") | H8: =IF(AND(ISNUMBER(C8),ISNUMBER(G8)), C8-G8, "") | I8: =IFERROR(H8/G8, "")
A9: Santa Rosa - 2240 Mercury Way | B9: CA | E9: =IF(AND(ISNUMBER(C9),ISNUMBER(D9)), C9-D9, "") | F9: =IFERROR(E9/D9, "") | H9: =IF(AND(ISNUMBER(C9),ISNUMBER(G9)), C9-G9, "") | I9: =IFERROR(H9/G9, "")
A10: Dublin - 3100 Dublin Blvd | B10: CA | E10: =IF(AND(ISNUMBER(C10),ISNUMBER(D10)), C10-D10, "") | F10: =IFERROR(E10/D10, "") | H10: =IF(AND(ISNUMBER(C10),ISNUMBER(G10)), C10-G10, "") | I10: =IFERROR(H10/G10, "")

Sheet Feb
A1: {=portfolio} -> KPCA Investment, LLC | D1: February Actual v. Expected | G1: February Actual v. Forecasted
A2: Total | C2: =SUM(C4:C80) -> 0 | D2: =SUM(D4:D80) -> 0 | E2: =C2-D2 -> 0 | F2: =IFERROR(E2/D2, 0) -> 0 | G2: =SUM(G4:G80) -> 0 | H2: =C2-G2 -> 0 | I2: =IFERROR(H2/G2, 0) -> 0 | J2: =IF(AND(TODAY()>DATE(2024, 2, 1), COUNTA(Sites[Site])<>(COUNT(C:C)-1)), "Some sites are missing actual data; if new sites were added, make sure they are aligned correctly (including prior months!)", "") -> Some sites are missing actual data; if new sites were added, make sure they are aligned correctly (including prior months!)
A3: Site | B3: State | C3: Actual | D3: Expected | E3: Delta | F3: % | G3: Forecasted | H3: Delta | I3: % | J3: Notes | K3: Service Requests
A4: {=Sites[Site]} -> Chino - 3750-3770 Grand Ave | B4: {=Sites[State]} -> CA | E4: =IF(AND(ISNUMBER(C4),ISNUMBER(D4)), C4-D4, "") | F4: =IFERROR(E4/D4, "") | H4: =IF(AND(ISNUMBER(C4),ISNUMBER(G4)), C4-G4, "") | I4: =IFERROR(H4/G4, "")
A5: Murrieta - 28150 Keller Rd | B5: CA | E5: =IF(AND(ISNUMBER(C5),ISNUMBER(D5)), C5-D5, "") | F5: =IFERROR(E5/D5, "") | H5: =IF(AND(ISNUMBER(C5),ISNUMBER(G5)), C5-G5, "") | I5: =IFERROR(H5/G5, "")
A6: La Habra - 601 E Imperial Way | B6: CA | E6: =IF(AND(ISNUMBER(C6),ISNUMBER(D6)), C6-D6, "") | F6: =IFERROR(E6/D6, "") | H6: =IF(AND(ISNUMBER(C6),ISNUMBER(G6)), C6-G6, "") | I6: =IFERROR(H6/G6, "")
A7: Kaiser - KP3 - SCA Skyport - CN7901 Site | B7: CA | E7: =IF(AND(ISNUMBER(C7),ISNUMBER(D7)), C7-D7, "") | F7: =IFERROR(E7/D7, "") | H7: =IF(AND(ISNUMBER(C7),ISNUMBER(G7)), C7-G7, "") | I7: =IFERROR(H7/G7, "")
A8: Irwindale - 12761 Schabarum Ave | B8: CA | E8: =IF(AND(ISNUMBER(C8),ISNUMBER(D8)), C8-D8, "") | F8: =IFERROR(E8/D8, "") | H8: =IF(AND(ISNUMBER(C8),ISNUMBER(G8)), C8-G8, "") | I8: =IFERROR(H8/G8, "")
A9: Santa Rosa - 2240 Mercury Way | B9: CA | E9: =IF(AND(ISNUMBER(C9),ISNUMBER(D9)), C9-D9, "") | F9: =IFERROR(E9/D9, "") | H9: =IF(AND(ISNUMBER(C9),ISNUMBER(G9)), C9-G9, "") | I9: =IFERROR(H9/G9, "")
A10: Dublin - 3100 Dublin Blvd | B10: CA | E10: =IF(AND(ISNUMBER(C10),ISNUMBER(D10)), C10-D10, "") | F10: =IFERROR(E10/D10, "") | H10: =IF(AND(ISNUMBER(C10),ISNUMBER(G10)), C10-G10, "") | I10: =IFERROR(H10/G10, "")

Sheet Mar
A1: {=portfolio} -> KPCA Investment, LLC | D1: March Actual v. Expected | G1: March Actual v. Forecasted
A2: Total | C2: =SUM(C4:C80) -> 0 | D2: =SUM(D4:D80) -> 0 | E2: =C2-D2 -> 0 | F2: =IFERROR(E2/D2, 0) -> 0 | G2: =SUM(G4:G80) -> 0 | H2: =C2-G2 -> 0 | I2: =IFERROR(H2/G2, 0) -> 0 | J2: =IF(AND(TODAY()>DATE(2024, 3, 1), COUNTA(Sites[Site])<>(COUNT(C:C)-1)), "Some sites are missing actual data; if new sites were added, make sure they are aligned correctly (including prior months!)", "") -> Some sites are missing actual data; if new sites were added, make sure they are aligned correctly (including prior months!)
A3: Site | B3: State | C3: Actual | D3: Expected | E3: Delta | F3: % | G3: Forecasted | H3: Delta | I3: % | J3: Notes | K3: Service Requests
A4: {=Sites[Site]} -> Chino - 3750-3770 Grand Ave | B4: {=Sites[State]} -> CA | E4: =IF(AND(ISNUMBER(C4),ISNUMBER(D4)), C4-D4, "") | F4: =IFERROR(E4/D4, "") | H4: =IF(AND(ISNUMBER(C4),ISNUMBER(G4)), C4-G4, "") | I4: =IFERROR(H4/G4, "")
A5: Murrieta - 28150 Keller Rd | B5: CA | E5: =IF(AND(ISNUMBER(C5),ISNUMBER(D5)), C5-D5, "") | F5: =IFERROR(E5/D5, "") | H5: =IF(AND(ISNUMBER(C5),ISNUMBER(G5)), C5-G5, "") | I5: =IFERROR(H5/G5, "")
A6: La Habra - 601 E Imperial Way | B6: CA | E6: =IF(AND(ISNUMBER(C6),ISNUMBER(D6)), C6-D6, "") | F6: =IFERROR(E6/D6, "") | H6: =IF(AND(ISNUMBER(C6),ISNUMBER(G6)), C6-G6, "") | I6: =IFERROR(H6/G6, "")
A7: Kaiser - KP3 - SCA Skyport - CN7901 Site | B7: CA | E7: =IF(AND(ISNUMBER(C7),ISNUMBER(D7)), C7-D7, "") | F7: =IFERROR(E7/D7, "") | H7: =IF(AND(ISNUMBER(C7),ISNUMBER(G7)), C7-G7, "") | I7: =IFERROR(H7/G7, "")
A8: Irwindale - 12761 Schabarum Ave | B8: CA | E8: =IF(AND(ISNUMBER(C8),ISNUMBER(D8)), C8-D8, "") | F8: =IFERROR(E8/D8, "") | H8: =IF(AND(ISNUMBER(C8),ISNUMBER(G8)), C8-G8, "") | I8: =IFERROR(H8/G8, "")
A9: Santa Rosa - 2240 Mercury Way | B9: CA | E9: =IF(AND(ISNUMBER(C9),ISNUMBER(D9)), C9-D9, "") | F9: =IFERROR(E9/D9, "") | H9: =IF(AND(ISNUMBER(C9),ISNUMBER(G9)), C9-G9, "") | I9: =IFERROR(H9/G9, "")
A10: Dublin - 3100 Dublin Blvd | B10: CA | E10: =IF(AND(ISNUMBER(C10),ISNUMBER(D10)), C10-D10, "") | F10: =IFERROR(E10/D10, "") | H10: =IF(AND(ISNUMBER(C10),ISNUMBER(G10)), C10-G10, "") | I10: =IFERROR(H10/G10, "")

Sheet Apr
A1: {=portfolio} -> KPCA Investment, LLC | D1: April Actual v. Expected | G1: April Actual v. Forecasted
A2: Total | C2: =SUM(C4:C80) -> 498732.26 | D2: =SUM(D4:D80) -> 522792 | E2: =C2-D2 -> -24059.74 | F2: =IFERROR(E2/D2, 0) -> -0.046021631 | G2: =SUM(G4:G80) -> 576056.18 | H2: =C2-G2 -> -77323.92 | I2: =IFERROR(H2/G2, 0) -> -0.13422983 | J2: =IF(AND(TODAY()>DATE(2024, 4, 1), COUNTA(Sites[Site])<>(COUNT(C:C)-1)), "Some sites are missing actual data; if new sites were added, make sure they are aligned correctly (including prior months!)", "")
A3: Site | B3: State | C3: Actual | D3: Expected | E3: Delta | F3: % | G3: Forecasted | H3: Delta | I3: % | J3: Notes | K3: Service Requests
A4: {=Sites[Site]} -> Chino - 3750-3770 Grand Ave | B4: {=Sites[State]} -> CA | C4: 31190.763 | D4: 26716.3 | E4: =IF(AND(ISNUMBER(C4),ISNUMBER(D4)), C4-D4, "") -> 4474.4633 | F4: =IFERROR(E4/D4, "") -> 0.16748065 | G4: 40273 | H4: =IF(AND(ISNUMBER(C4),ISNUMBER(G4)), C4-G4, "") -> -9082.2367 | I4: =IFERROR(H4/G4, "") -> -0.22551677 | J4: 1. Meter A phase CT dropped 20 amps on 9/26/24. There is a 5 % variance between the meter and total inverter power. Will be addressed in next PM. | K4: 1.SR098881
A5: Murrieta - 28150 Keller Rd | B5: CA | C5: 87140 | D5: 90233.95 | E5: =IF(AND(ISNUMBER(C5),ISNUMBER(D5)), C5-D5, "") -> -3093.95 | F5: =IFERROR(E5/D5, "") -> -0.034288092 | G5: 100122.5 | H5: =IF(AND(ISNUMBER(C5),ISNUMBER(G5)), C5-G5, "") -> -12982.5 | I5: =IFERROR(H5/G5, "") -> -0.12966616 | J5: 1.The site is producing as expected. The higher delta value indicates that the forecasted values are on the higher side.
A6: La Habra - 601 E Imperial Way | B6: CA | C6: 17571.88 | D6: 14932.1 | E6: =IF(AND(ISNUMBER(C6),ISNUMBER(D6)), C6-D6, "") -> 2639.78 | F6: =IFERROR(E6/D6, "") -> 0.17678558 | G6: 20943.08 | H6: =IF(AND(ISNUMBER(C6),ISNUMBER(G6)), C6-G6, "") -> -3371.2 | I6: =IFERROR(H6/G6, "") -> -0.16096964 | J6: 1.The site is producing as expected. The higher delta value indicates that the forecasted values are on the higher side.
A7: Kaiser - KP3 - SCA Skyport - CN7901 Site | B7: CA | C7: 97799.495 | D7: 102139.7 | E7: =IF(AND(ISNUMBER(C7),ISNUMBER(D7)), C7-D7, "") -> -4340.2051 | F7: =IFERROR(E7/D7, "") -> -0.042492832 | G7: 110380.3 | H7: =IF(AND(ISNUMBER(C7),ISNUMBER(G7)), C7-G7, "") -> -12580.805 | I7: =IFERROR(H7/G7, "") -> -0.11397691 | J7: 1.Inverter 22 has been down a string (5 kW) since it was re-energized on 05/22/2024. The Operations Team is currently reviewing the issue. 2.Inverter 10 was offline from 04/01 and came back online at 10:30 on 04/04. It went offline again at 17:00 on 04/25 and remained offline for the rest of the month. A dispatch has been scheduled for next month. | K7: 1.SR098879 2.SR099137,SR100773 | L7: SR099137 | M7: SR100773
A8: Irwindale - 12761 Schabarum Ave | B8: CA | C8: 25974.62 | D8: 20129.85 | E8: =IF(AND(ISNUMBER(C8),ISNUMBER(D8)), C8-D8, "") -> 5844.77 | F8: =IFERROR(E8/D8, "") -> 0.29035338 | G8: 29983.3 | H8: =IF(AND(ISNUMBER(C8),ISNUMBER(G8)), C8-G8, "") -> -4008.68 | I8: =IFERROR(H8/G8, "") -> -0.13369709 | J8: 1.The site is producing as expected. The higher delta value indicates that the forecasted values are on the higher side.
A9: Santa Rosa - 2240 Mercury Way | B9: CA | C9: 78610.002 | D9: 86048.7 | E9: =IF(AND(ISNUMBER(C9),ISNUMBER(D9)), C9-D9, "") -> -7438.6985 | F9: =IFERROR(E9/D9, "") -> -0.08644754 | G9: 98920 | H9: =IF(AND(ISNUMBER(C9),ISNUMBER(G9)), C9-G9, "") -> -20309.998 | I9: =IFERROR(H9/G9, "") -> -0.20531741 | J9: 1.Inverter 16 is having an history of multiple trip events. On 04/02, a technician addressed that faults occured due to PV imbalance issues and adjusted settings of comibner boxes. However, the inverter tripped again on 04/03 at 13:45, came online at 11:30 on 04/04,even after technician troubleshooted again inverter tripped at 12:45on 04/04. Issue got resolved after technician ensured all strands were compressed and torqued to 50 in-lbs. Inverter is back online at 14:00 on 04/22 | K9: 1.SR099120,SR099410,SR099504 | L9: SR099410 | M9: SR099504
A10: Dublin - 3100 Dublin Blvd | B10: CA | C10: 160445.5 | D10: 182591.4 | E10: =IF(AND(ISNUMBER(C10),ISNUMBER(D10)), C10-D10, "") -> -22145.9 | F10: =IFERROR(E10/D10, "") -> -0.12128665 | G10: 175434 | H10: =IF(AND(ISNUMBER(C10),ISNUMBER(G10)), C10-G10, "") -> -14988.5 | I10: =IFERROR(H10/G10, "") -> -0.085436688 | J10: 1. Inverters 3, 5, and 7 may be swapped with 4, 6, and 8 in PowerTrack, as their performance suggests mismatched string counts—3, 5, and 7 (7-string) are performing like 8-string units, and vice versa. | K10: 1.SR100567

Sheet May
A1: {=portfolio} -> KPCA Investment, LLC | D1: May Actual v. Expected | G1: May Actual v. Forecasted
A2: Total | C2: =SUM(C4:C80) -> 624624.67 | D2: =SUM(D4:D80) -> 660255.13 | E2: =C2-D2 -> -35630.458 | F2: =IFERROR(E2/D2, 0) -> -0.053964682 | G2: =SUM(G4:G80) -> 673935.73 | H2: =C2-G2 -> -49311.058 | I2: =IFERROR(H2/G2, 0) -> -0.073168784 | J2: =IF(AND(TODAY()>DATE(2024, 5, 1), COUNTA(Sites[Site])<>(COUNT(C:C)-1)), "Some sites are missing actual data; if new sites were added, make sure they are aligned correctly (including prior months!)", "")
A3: Site | B3: State | C3: Actual | D3: Expected | E3: Delta | F3: % | G3: Forecasted | H3: Delta | I3: % | J3: Notes | K3: Service Requests
A4: {=Sites[Site]} -> Chino - 3750-3770 Grand Ave | B4: {=Sites[State]} -> CA | C4: 34717.229 | D4: 30123.32 | E4: =IF(AND(ISNUMBER(C4),ISNUMBER(D4)), C4-D4, "") -> 4593.9094 | F4: =IFERROR(E4/D4, "") -> 0.15250342 | G4: 45926 | H4: =IF(AND(ISNUMBER(C4),ISNUMBER(G4)), C4-G4, "") -> -11208.771 | I4: =IFERROR(H4/G4, "") -> -0.24406155 | J4: 1.The A-phase CT on the meter recorded a drop of 20 amps on 09/26/2024. In May, the drop was reduced to 10 amps on the same phase. A 5% variance currently exwasts between the meter readings and the total inverter power. Thwas wassue was scheduled to be investigated during the upcoming preventive maintenance (PM) event. 2.Inverter 5 started late for production at 07:45 on 05/19.wassue got self resoled. | K4: 1.SR098881 2.SR101671 | L4: SR101671
A5: Murrieta - 28150 Keller Rd | B5: CA | C5: 100090 | D5: 104378.3 | E5: =IF(AND(ISNUMBER(C5),ISNUMBER(D5)), C5-D5, "") -> -4288.3 | F5: =IFERROR(E5/D5, "") -> -0.04108421 | G5: 118934.8 | H5: =IF(AND(ISNUMBER(C5),ISNUMBER(G5)), C5-G5, "") -> -18844.8 | I5: =IFERROR(H5/G5, "") -> -0.15844648 | J5: 1. Multiple inverters experiencied tripping events from 10:30AM to 15:30 due technician was onsite for preventive maintenance. 2. Inverter 5 was offline from 15:30 to 16:30 due technician was onsite for preventive maintenance. 3. The site was producing as expected. The higher delta value indicates that the forecasted values are on the higher side. | K5: 1. PM13593 2. PM13593
A6: La Habra - 601 E Imperial Way | B6: CA | C6: 19128.62 | D6: 16120.48 | E6: =IF(AND(ISNUMBER(C6),ISNUMBER(D6)), C6-D6, "") -> 3008.14 | F6: =IFERROR(E6/D6, "") -> 0.18660362 | G6: 23850.17 | H6: =IF(AND(ISNUMBER(C6),ISNUMBER(G6)), C6-G6, "") -> -4721.55 | I6: =IFERROR(H6/G6, "") -> -0.19796714 | J6: 1.Inverter 3 down a string from 5/06. issue did not resolve. 2. Inverter 4 was offline from 10:55 to 11:20 on 05/06 due to technician was onsite for preventive maintenance. | K6: 1.SR101329 2. PM13591.
A7: Kaiser - KP3 - SCA Skyport - CN7901 Site | B7: CA | C7: 128682.05 | D7: 133149.1 | E7: =IF(AND(ISNUMBER(C7),ISNUMBER(D7)), C7-D7, "") -> -4467.0488 | F7: =IFERROR(E7/D7, "") -> -0.033549223 | G7: 129050.2 | H7: =IF(AND(ISNUMBER(C7),ISNUMBER(G7)), C7-G7, "") -> -368.1488 | I7: =IFERROR(H7/G7, "") -> -0.0028527565
A8: Irwindale - 12761 Schabarum Ave | B8: CA | C8: 27504.75 | D8: 21662.73 | E8: =IF(AND(ISNUMBER(C8),ISNUMBER(D8)), C8-D8, "") -> 5842.02 | F8: =IFERROR(E8/D8, "") -> 0.26968069 | G8: 32927.56 | H8: =IF(AND(ISNUMBER(C8),ISNUMBER(G8)), C8-G8, "") -> -5422.81 | I8: =IFERROR(H8/G8, "") -> -0.16468909 | J8: 1. Multiple inverters experiencied tripping events from 11:30AM to 15:30 due technician was onsite for preventive maintenance. 2. The site was producing as expected. The higher delta value indicates that the forecasted values are on the higher side. | K8: 1. PM13589
A9: Santa Rosa - 2240 Mercury Way | B9: CA | C9: 110658.02 | D9: 118241.5 | E9: =IF(AND(ISNUMBER(C9),ISNUMBER(D9)), C9-D9, "") -> -7583.4786 | F9: =IFERROR(E9/D9, "") -> -0.064135508 | G9: 110018 | H9: =IF(AND(ISNUMBER(C9),ISNUMBER(G9)), C9-G9, "") -> 640.02137 | I9: =IFERROR(H9/G9, "") -> 0.0058174241
A10: Dublin - 3100 Dublin Blvd | B10: CA | C10: 203844 | D10: 236579.7 | E10: =IF(AND(ISNUMBER(C10),ISNUMBER(D10)), C10-D10, "") -> -32735.7 | F10: =IFERROR(E10/D10, "") -> -0.13837071 | G10: 213229 | H10: =IF(AND(ISNUMBER(C10),ISNUMBER(G10)), C10-G10, "") -> -9385 | I10: =IFERROR(H10/G10, "") -> -0.044013713 | J10: 1.Inverter 14 tripped offline at 11:15 and self resolved at 11:25 on 05/03. 2. Inverters 3, 5, and 7 may be swapped with inverters 4, 6, and 8 in PowerTrack. Invs 3, 5, and 7 are seven string inverters that are performing like eight string inverters, while 4, 6, and 8 are eight string inverters that are performing like seven strings. Will investigate during PM event. | K10: 1.SR100962 2. SR100567 | L10: SR100567

Sheet Jun
A1: {=portfolio} -> KPCA Investment, LLC | D1: June Actual v. Expected | G1: June Actual v. Forecasted
A2: Total | C2: =SUM(C4:C80) -> 648401.13 | D2: =SUM(D4:D80) -> 651929.15 | E2: =C2-D2 -> -3528.0181 | F2: =IFERROR(E2/D2, 0) -> -0.0054116588 | G2: =SUM(G4:G80) -> 689585.12 | H2: =C2-G2 -> -41183.992 | I2: =IFERROR(H2/G2, 0) -> -0.059722855 | J2: =IF(AND(TODAY()>DATE(2024, 6, 1), COUNTA(Sites[Site])<>(COUNT(C:C)-1)), "Some sites are missing actual data; if new sites were added, make sure they are aligned correctly (including prior months!)", "")
A3: Site | B3: State | C3: Actual | D3: Expected | E3: Delta | F3: % | G3: Forecasted | H3: Delta | I3: % | J3: Notes | K3: Service Requests
A4: {=Sites[Site]} -> Chino - 3750-3770 Grand Ave | B4: {=Sites[State]} -> CA | C4: 39240.945 | D4: 31865.03 | E4: =IF(AND(ISNUMBER(C4),ISNUMBER(D4)), C4-D4, "") -> 7375.9147 | F4: =IFERROR(E4/D4, "") -> 0.23147365 | G4: 46451 | H4: =IF(AND(ISNUMBER(C4),ISNUMBER(G4)), C4-G4, "") -> -7210.0553 | I4: =IFERROR(H4/G4, "") -> -0.15521852 | J4: 1.The A-phase CT on the meter recorded a drop of 20 amps on 09/26/2024. In May, the drop was reduced to 10 amps on the same phase. A 5% variance currently exwasts between the meter readings and the total inverter power. This issue was scheduled to be investigated during the upcoming preventive maintenance (PM) event. 2.Inverter 1 is underperforming by 5 kW down compared to its peer inverters since 06/16 at 14:00. | K4: 1. SR098881 2. SR103049 | L4: SR103049
A5: Murrieta - 28150 Keller Rd | B5: CA | C5: 114430 | D5: 107363 | E5: =IF(AND(ISNUMBER(C5),ISNUMBER(D5)), C5-D5, "") -> 7067 | F5: =IFERROR(E5/D5, "") -> 0.065823421 | G5: 119932.1 | H5: =IF(AND(ISNUMBER(C5),ISNUMBER(G5)), C5-G5, "") -> -5502.1 | I5: =IFERROR(H5/G5, "") -> -0.045876792
A6: La Habra - 601 E Imperial Way | B6: CA | C6: 23520.13 | D6: 17005.17 | E6: =IF(AND(ISNUMBER(C6),ISNUMBER(D6)), C6-D6, "") -> 6514.96 | F6: =IFERROR(E6/D6, "") -> 0.38311643 | G6: 22551.32 | H6: =IF(AND(ISNUMBER(C6),ISNUMBER(G6)), C6-G6, "") -> 968.81 | I6: =IFERROR(H6/G6, "") -> 0.042960235 | J6: 1.Inverter 3 down a string from 5/06. Issue was haven't resolved. | K6: 1. SR101329
A7: Kaiser - KP3 - SCA Skyport - CN7901 Site | B7: CA | C7: 130530.04 | D7: 128905.29 | E7: =IF(AND(ISNUMBER(C7),ISNUMBER(D7)), C7-D7, "") -> 1624.748 | F7: =IFERROR(E7/D7, "") -> 0.0126042 | G7: 133450.09 | H7: =IF(AND(ISNUMBER(C7),ISNUMBER(G7)), C7-G7, "") -> -2920.051 | I7: =IFERROR(H7/G7, "") -> -0.021881222
A8: Irwindale - 12761 Schabarum Ave | B8: CA | C8: 30614.5 | D8: 23907.6 | E8: =IF(AND(ISNUMBER(C8),ISNUMBER(D8)), C8-D8, "") -> 6706.9 | F8: =IFERROR(E8/D8, "") -> 0.28053422 | G8: 32560.11 | H8: =IF(AND(ISNUMBER(C8),ISNUMBER(G8)), C8-G8, "") -> -1945.61 | I8: =IFERROR(H8/G8, "") -> -0.059754405 | J8: 1.Inverter 2 tripped offline at 06:15 on 06/23, reporting a 'Steady State GFCI Fault – Fault0090.' The inverter came back online on 06/24. | K8: 1. SR103317
A9: Santa Rosa - 2240 Mercury Way | B9: CA | C9: 105453.01 | D9: 111066.5 | E9: =IF(AND(ISNUMBER(C9),ISNUMBER(D9)), C9-D9, "") -> -5613.4858 | F9: =IFERROR(E9/D9, "") -> -0.050541665 | G9: 115486 | H9: =IF(AND(ISNUMBER(C9),ISNUMBER(G9)), C9-G9, "") -> -10032.986 | I9: =IFERROR(H9/G9, "") -> -0.086876208
A10: Dublin - 3100 Dublin Blvd | B10: CA | C10: 204612.5 | D10: 231816.55 | E10: =IF(AND(ISNUMBER(C10),ISNUMBER(D10)), C10-D10, "") -> -27204.055 | F10: =IFERROR(E10/D10, "") -> -0.11735165 | G10: 219154.5 | H10: =IF(AND(ISNUMBER(C10),ISNUMBER(G10)), C10-G10, "") -> -14542 | I10: =IFERROR(H10/G10, "") -> -0.066355014 | J10: 1.Inverters 3, 5, and 7 may be swapped with inverters 4, 6, and 8 in PowerTrack. Invs 3, 5, and 7 are seven string inverters that are performing like eight string inverters, while 4, 6, and 8 are eight string inverters that are performing like seven strings. Will investigate during PM event. | K10: 1. SR100567

Sheet Jul
A1: {=portfolio} -> KPCA Investment, LLC | D1: July Actual v. Expected | G1: July Actual v. Forecasted
A2: Total | C2: =SUM(C4:C80) -> 623987.74 | D2: =SUM(D4:D80) -> 663153.11 | E2: =C2-D2 -> -39165.372 | F2: =IFERROR(E2/D2, 0) -> -0.05905932 | G2: =SUM(G4:G80) -> 718627 | H2: =C2-G2 -> -94639.263 | I2: =IFERROR(H2/G2, 0) -> -0.13169456 | J2: =IF(AND(TODAY()>DATE(2024, 7, 1), COUNTA(Sites[Site])<>(COUNT(C:C)-1)), "Some sites are missing actual data; if new sites were added, make sure they are aligned correctly (including prior months!)", "")
A3: Site | B3: State | C3: Actual | D3: Expected | E3: Delta | F3: % | G3: Forecasted | H3: Delta | I3: % | J3: Notes | K3: Service Requests
A4: {=Sites[Site]} -> Chino - 3750-3770 Grand Ave | B4: {=Sites[State]} -> CA | C4: 38033.494 | D4: 34071.27 | E4: =IF(AND(ISNUMBER(C4),ISNUMBER(D4)), C4-D4, "") -> 3962.224 | F4: =IFERROR(E4/D4, "") -> 0.11629223 | G4: 48864 | H4: =IF(AND(ISNUMBER(C4),ISNUMBER(G4)), C4-G4, "") -> -10830.506 | I4: =IFERROR(H4/G4, "") -> -0.22164592 | J4: 1. Inverter 1 is underperforming by 5 kW down compared to its peer inverters since 06/16 at 14:00. 2.The A-phase CT on the meter recorded a drop of 20 amps on 09/26/2024. In May, the drop was reduced to 10 amps on the same phase. A 5% variance currently exist between the meter readings and the total inverter power. | K4: 1. SR103049 2. SR104160 | L4: SR104160
A5: Murrieta - 28150 Keller Rd | B5: CA | C5: 115259 | D5: 114481.1 | E5: =IF(AND(ISNUMBER(C5),ISNUMBER(D5)), C5-D5, "") -> 777.9 | F5: =IFERROR(E5/D5, "") -> 0.0067950081 | G5: 126237 | H5: =IF(AND(ISNUMBER(C5),ISNUMBER(G5)), C5-G5, "") -> -10978 | I5: =IFERROR(H5/G5, "") -> -0.08696341
A6: La Habra - 601 E Imperial Way | B6: CA | C6: 24207.37 | D6: 18656.803 | E6: =IF(AND(ISNUMBER(C6),ISNUMBER(D6)), C6-D6, "") -> 5550.567 | F6: =IFERROR(E6/D6, "") -> 0.29750901 | G6: 25624 | H6: =IF(AND(ISNUMBER(C6),ISNUMBER(G6)), C6-G6, "") -> -1416.63 | I6: =IFERROR(H6/G6, "") -> -0.055285279
A7: Kaiser - KP3 - SCA Skyport - CN7901 Site | B7: CA | C7: 123422 | D7: 129061.81 | E7: =IF(AND(ISNUMBER(C7),ISNUMBER(D7)), C7-D7, "") -> -5639.807 | F7: =IFERROR(E7/D7, "") -> -0.043698496 | G7: 141665 | H7: =IF(AND(ISNUMBER(C7),ISNUMBER(G7)), C7-G7, "") -> -18242.997 | I7: =IFERROR(H7/G7, "") -> -0.12877561 | J7: 1. Inverter 16 is having reoccurring late starts from 6/12. 2. Inverter 20 is down a string since 7/7. | K7: 1. SR103140 2. SR104320 | L7: SR104320
A8: Irwindale - 12761 Schabarum Ave | B8: CA | C8: 31536.37 | D8: 25932.523 | E8: =IF(AND(ISNUMBER(C8),ISNUMBER(D8)), C8-D8, "") -> 5603.847 | F8: =IFERROR(E8/D8, "") -> 0.2160934 | G8: 37219 | H8: =IF(AND(ISNUMBER(C8),ISNUMBER(G8)), C8-G8, "") -> -5682.63 | I8: =IFERROR(H8/G8, "") -> -0.15268089 | J8: 1.Inverter 5 String 4 has low performance. | K8: 1.SR102034
A9: Santa Rosa - 2240 Mercury Way | B9: CA | C9: 97975.5 | D9: 110139.48 | E9: =IF(AND(ISNUMBER(C9),ISNUMBER(D9)), C9-D9, "") -> -12163.98 | F9: =IFERROR(E9/D9, "") -> -0.1104416 | G9: 117314 | H9: =IF(AND(ISNUMBER(C9),ISNUMBER(G9)), C9-G9, "") -> -19338.5 | I9: =IFERROR(H9/G9, "") -> -0.16484392
A10: Dublin - 3100 Dublin Blvd | B10: CA | C10: 193554 | D10: 230810.12 | E10: =IF(AND(ISNUMBER(C10),ISNUMBER(D10)), C10-D10, "") -> -37256.123 | F10: =IFERROR(E10/D10, "") -> -0.1614146 | G10: 221704 | H10: =IF(AND(ISNUMBER(C10),ISNUMBER(G10)), C10-G10, "") -> -28150 | I10: =IFERROR(H10/G10, "") -> -0.1269711 | J10: 1.Inverters 3, 5, and 7 may be swapped with inverters 4, 6, and 8 in PowerTrack. Invs 3, 5, and 7 are seven string inverters that are performing like eight string inverters, while 4, 6, and 8 are eight string inverters that are performing like seven strings. | K10: 1. SR100567

Sheet Aug
A1: {=portfolio} -> KPCA Investment, LLC | D1: August Actual v. Expected | G1: August Actual v. Forecasted
A2: Total | C2: =SUM(C4:C80) -> 548563.97 | D2: =SUM(D4:D80) -> 603181.84 | E2: =C2-D2 -> -54617.867 | F2: =IFERROR(E2/D2, 0) -> -0.090549587 | G2: =SUM(G4:G80) -> 654651.87 | H2: =C2-G2 -> -106087.9 | I2: =IFERROR(H2/G2, 0) -> -0.16205238 | J2: =IF(AND(TODAY()>DATE(2024, 8, 1), COUNTA(Sites[Site])<>(COUNT(C:C)-1)), "Some sites are missing actual data; if new sites were added, make sure they are aligned correctly (including prior months!)", "")
A3: Site | B3: State | C3: Actual | D3: Expected | E3: Delta | F3: % | G3: Forecasted | H3: Delta | I3: % | J3: Notes | K3: Service Requests
A4: {=Sites[Site]} -> Chino - 3750-3770 Grand Ave | B4: {=Sites[State]} -> CA | C4: 31906.654 | D4: 30044.7 | E4: =IF(AND(ISNUMBER(C4),ISNUMBER(D4)), C4-D4, "") -> 1861.9545 | F4: =IFERROR(E4/D4, "") -> 0.06197281 | G4: 45234 | H4: =IF(AND(ISNUMBER(C4),ISNUMBER(G4)), C4-G4, "") -> -13327.346 | I4: =IFERROR(H4/G4, "") -> -0.29463115 | J4: 1.Inverter 1 is underperforming by 5 kW down compared to its peer inverters since 06/16 at 14:00. 2.The A-phase CT on the meter recorded a drop of 20 amps on 09/26/2024. In May, the drop was reduced to 10 amps on the same phase. A 5% variance currently exist between the meter readings and the total inverter power. | K4: 1.SR103049 2.SR104160 | L4: SR104160
A5: Murrieta - 28150 Keller Rd | B5: CA | C5: 95153 | D5: 99725.96 | E5: =IF(AND(ISNUMBER(C5),ISNUMBER(D5)), C5-D5, "") -> -4572.96 | F5: =IFERROR(E5/D5, "") -> -0.045855262 | G5: 114410.4 | H5: =IF(AND(ISNUMBER(C5),ISNUMBER(G5)), C5-G5, "") -> -19257.4 | I5: =IFERROR(H5/G5, "") -> -0.16831861 | J5: 1.Site is producing as expected, may be issue with forecasted value
A6: La Habra - 601 E Imperial Way | B6: CA | C6: 21199.63 | D6: 16694.73 | E6: =IF(AND(ISNUMBER(C6),ISNUMBER(D6)), C6-D6, "") -> 4504.9 | F6: =IFERROR(E6/D6, "") -> 0.26983964 | G6: 26525.81 | H6: =IF(AND(ISNUMBER(C6),ISNUMBER(G6)), C6-G6, "") -> -5326.18 | I6: =IFERROR(H6/G6, "") -> -0.20079236 | J6: 1.Site is producing as expected, may be issue with forecasted value
A7: Kaiser - KP3 - SCA Skyport - CN7901 Site | B7: CA | C7: 106893.04 | D7: 114393.8 | E7: =IF(AND(ISNUMBER(C7),ISNUMBER(D7)), C7-D7, "") -> -7500.7562 | F7: =IFERROR(E7/D7, "") -> -0.065569605 | G7: 123121.9 | H7: =IF(AND(ISNUMBER(C7),ISNUMBER(G7)), C7-G7, "") -> -16228.856 | I7: =IFERROR(H7/G7, "") -> -0.13181129 | J7: 1. Inverter 16 is having reoccurring late starts from 6/12. 2. Inverter 20 is down a string since 7/7. | K7: 1.SR103140 2.SR104320 | L7: SR104320
A8: Irwindale - 12761 Schabarum Ave | B8: CA | C8: 25933.63 | D8: 22533.55 | E8: =IF(AND(ISNUMBER(C8),ISNUMBER(D8)), C8-D8, "") -> 3400.08 | F8: =IFERROR(E8/D8, "") -> 0.15088967 | G8: 33846.76 | H8: =IF(AND(ISNUMBER(C8),ISNUMBER(G8)), C8-G8, "") -> -7913.13 | I8: =IFERROR(H8/G8, "") -> -0.23379284 | J8: 1.Inverter 5 String 4 has low performance. 2. Inverters 1 and 2 tripped offline at 7:00 on 08/27 and later back online on 08/28 at 07:00 | K8: 1.SR102034 2.SR107041 | L8: SR107041
A9: Santa Rosa - 2240 Mercury Way | B9: CA | C9: 92708.015 | D9: 107429.3 | E9: =IF(AND(ISNUMBER(C9),ISNUMBER(D9)), C9-D9, "") -> -14721.285 | F9: =IFERROR(E9/D9, "") -> -0.13703231 | G9: 107538 | H9: =IF(AND(ISNUMBER(C9),ISNUMBER(G9)), C9-G9, "") -> -14829.985 | I9: =IFERROR(H9/G9, "") -> -0.1379046
A10: Dublin - 3100 Dublin Blvd | B10: CA | C10: 174770 | D10: 212359.8 | E10: =IF(AND(ISNUMBER(C10),ISNUMBER(D10)), C10-D10, "") -> -37589.8 | F10: =IFERROR(E10/D10, "") -> -0.17700996 | G10: 203975 | H10: =IF(AND(ISNUMBER(C10),ISNUMBER(G10)), C10-G10, "") -> -29205 | I10: =IFERROR(H10/G10, "") -> -0.14317931 | J10: 1.Low production due to weather on 08/16

Sheet Sep
A1: {=portfolio} -> KPCA Investment, LLC | D1: September Actual v. Expected | G1: September Actual v. Forecasted
A2: Total | C2: =SUM(C4:C80) -> 0 | D2: =SUM(D4:D80) -> 0 | E2: =C2-D2 -> 0 | F2: =IFERROR(E2/D2, 0) -> 0 | G2: =SUM(G4:G80) -> 0 | H2: =C2-G2 -> 0 | I2: =IFERROR(H2/G2, 0) -> 0 | J2: =IF(AND(TODAY()>DATE(2024, 9, 1), COUNTA(Sites[Site])<>(COUNT(C:C)-1)), "Some sites are missing actual data; if new sites were added, make sure they are aligned correctly (including prior months!)", "") -> Some sites are missing actual data; if new sites were added, make sure they are aligned correctly (including prior months!)
A3: Site | B3: State | C3: Actual | D3: Expected | E3: Delta | F3: % | G3: Forecasted | H3: Delta | I3: % | J3: Notes | K3: Service Requests
A4: {=Sites[Site]} -> Chino - 3750-3770 Grand Ave | B4: {=Sites[State]} -> CA | E4: =IF(AND(ISNUMBER(C4),ISNUMBER(D4)), C4-D4, "") | F4: =IFERROR(E4/D4, "") | H4: =IF(AND(ISNUMBER(C4),ISNUMBER(G4)), C4-G4, "") | I4: =IFERROR(H4/G4, "")
A5: Murrieta - 28150 Keller Rd | B5: CA | E5: =IF(AND(ISNUMBER(C5),ISNUMBER(D5)), C5-D5, "") | F5: =IFERROR(E5/D5, "") | H5: =IF(AND(ISNUMBER(C5),ISNUMBER(G5)), C5-G5, "") | I5: =IFERROR(H5/G5, "")
A6: La Habra - 601 E Imperial Way | B6: CA | E6: =IF(AND(ISNUMBER(C6),ISNUMBER(D6)), C6-D6, "") | F6: =IFERROR(E6/D6, "") | H6: =IF(AND(ISNUMBER(C6),ISNUMBER(G6)), C6-G6, "") | I6: =IFERROR(H6/G6, "")
A7: Kaiser - KP3 - SCA Skyport - CN7901 Site | B7: CA | E7: =IF(AND(ISNUMBER(C7),ISNUMBER(D7)), C7-D7, "") | F7: =IFERROR(E7/D7, "") | H7: =IF(AND(ISNUMBER(C7),ISNUMBER(G7)), C7-G7, "") | I7: =IFERROR(H7/G7, "")
A8: Irwindale - 12761 Schabarum Ave | B8: CA | E8: =IF(AND(ISNUMBER(C8),ISNUMBER(D8)), C8-D8, "") | F8: =IFERROR(E8/D8, "") | H8: =IF(AND(ISNUMBER(C8),ISNUMBER(G8)), C8-G8, "") | I8: =IFERROR(H8/G8, "")
A9: Santa Rosa - 2240 Mercury Way | B9: CA | E9: =IF(AND(ISNUMBER(C9),ISNUMBER(D9)), C9-D9, "") | F9: =IFERROR(E9/D9, "") | H9: =IF(AND(ISNUMBER(C9),ISNUMBER(G9)), C9-G9, "") | I9: =IFERROR(H9/G9, "")
A10: Dublin - 3100 Dublin Blvd | B10: CA

Sheet Oct
A1: {=portfolio} -> KPCA Investment, LLC | D1: October Actual v. Expected | G1: October Actual v. Forecasted
A2: Total | C2: =SUM(C4:C80) -> 0 | D2: =SUM(D4:D80) -> 0 | E2: =C2-D2 -> 0 | F2: =IFERROR(E2/D2, 0) -> 0 | G2: =SUM(G4:G80) -> 0 | H2: =C2-G2 -> 0 | I2: =IFERROR(H2/G2, 0) -> 0 | J2: =IF(AND(TODAY()>DATE(2024, 10, 1), COUNTA(Sites[Site])<>(COUNT(C:C)-1)), "Some sites are missing actual data; if new sites were added, make sure they are aligned correctly (including prior months!)", "") -> Some sites are missing actual data; if new sites were added, make sure they are aligned correctly (including prior months!)
A3: Site | B3: State | C3: Actual | D3: Expected | E3: Delta | F3: % | G3: Forecasted | H3: Delta | I3: % | J3: Notes | K3: Service Requests
A4: {=Sites[Site]} -> Chino - 3750-3770 Grand Ave | B4: {=Sites[State]} -> CA | E4: =IF(AND(ISNUMBER(C4),ISNUMBER(D4)), C4-D4, "") | F4: =IFERROR(E4/D4, "") | I4: =IFERROR(H4/G4, "")
A5: Murrieta - 28150 Keller Rd | B5: CA | E5: =IF(AND(ISNUMBER(C5),ISNUMBER(D5)), C5-D5, "") | F5: =IFERROR(E5/D5, "") | H5: =IF(AND(ISNUMBER(C5),ISNUMBER(G5)), C5-G5, "") | I5: =IFERROR(H5/G6, "")
A6: La Habra - 601 E Imperial Way | B6: CA | E6: =IF(AND(ISNUMBER(C6),ISNUMBER(D6)), C6-D6, "") | F6: =IFERROR(E6/D6, "") | I6: =IFERROR(H6/G6, "")
A7: Kaiser - KP3 - SCA Skyport - CN7901 Site | B7: CA | E7: =IF(AND(ISNUMBER(C7),ISNUMBER(D7)), C7-D7, "") | F7: =IFERROR(E7/D7, "") | H7: =IF(AND(ISNUMBER(C7),ISNUMBER(G7)), C7-G7, "") | I7: =IFERROR(H7/G8, "")
A8: Irwindale - 12761 Schabarum Ave | B8: CA | E8: =IF(AND(ISNUMBER(C8),ISNUMBER(D8)), C8-D8, "") | F8: =IFERROR(E8/D8, "") | I8: =IFERROR(H8/G8, "")
A9: Santa Rosa - 2240 Mercury Way | B9: CA | E9: =IF(AND(ISNUMBER(C9),ISNUMBER(D9)), C9-D9, "") | F9: =IFERROR(E9/D9, "") | H9: =IF(AND(ISNUMBER(C9),ISNUMBER(G9)), C9-G9, "") | I9: =IFERROR(H9/G9, "")
A10: Dublin - 3100 Dublin Blvd | B10: CA

Sheet Nov
A1: {=portfolio} -> KPCA Investment, LLC | D1: November Actual v. Expected | G1: November Actual v. Forecasted
A2: Total | C2: =SUM(C4:C80) -> 0 | D2: =SUM(D4:D80) -> 0 | E2: =C2-D2 -> 0 | F2: =IFERROR(E2/D2, 0) -> 0 | G2: =SUM(G4:G80) -> 0 | H2: =C2-G2 -> 0 | I2: =IFERROR(H2/G2, 0) -> 0 | J2: =IF(AND(TODAY()>DATE(2024, 11, 1), COUNTA(Sites[Site])<>(COUNT(C:C)-1)), "Some sites are missing actual data; if new sites were added, make sure they are aligned correctly (including prior months!)", "") -> Some sites are missing actual data; if new sites were added, make sure they are aligned correctly (including prior months!)
A3: Site | B3: State | C3: Actual | D3: Expected | E3: Delta | F3: % | G3: Forecasted | H3: Delta | I3: % | J3: Notes | K3: Service Requests
A4: {=Sites[Site]} -> Chino - 3750-3770 Grand Ave | B4: {=Sites[State]} -> CA | E4: =IF(AND(ISNUMBER(C4),ISNUMBER(D4)), C4-D4, "") | F4: =IFERROR(E4/D4, "") | H4: =IF(AND(ISNUMBER(C4),ISNUMBER(G4)), C4-G4, "") | I4: =IFERROR(H4/G4, "")
A5: Murrieta - 28150 Keller Rd | B5: CA | E5: =IF(AND(ISNUMBER(C5),ISNUMBER(D5)), C5-D5, "") | F5: =IFERROR(E5/D5, "") | H5: =IF(AND(ISNUMBER(C5),ISNUMBER(G5)), C5-G5, "") | I5: =IFERROR(H5/G5, "")
A6: La Habra - 601 E Imperial Way | B6: CA | E6: =IF(AND(ISNUMBER(C6),ISNUMBER(D6)), C6-D6, "") | F6: =IFERROR(E6/D6, "") | H6: =IF(AND(ISNUMBER(C6),ISNUMBER(G6)), C6-G6, "") | I6: =IFERROR(H6/G6, "")
A7: Kaiser - KP3 - SCA Skyport - CN7901 Site | B7: CA | E7: =IF(AND(ISNUMBER(C7),ISNUMBER(D7)), C7-D7, "") | F7: =IFERROR(E7/D7, "") | H7: =IF(AND(ISNUMBER(C7),ISNUMBER(G7)), C7-G7, "") | I7: =IFERROR(H7/G7, "")
A8: Irwindale - 12761 Schabarum Ave | B8: CA | E8: =IF(AND(ISNUMBER(C8),ISNUMBER(D8)), C8-D8, "") | F8: =IFERROR(E8/D8, "") | H8: =IF(AND(ISNUMBER(C8),ISNUMBER(G8)), C8-G8, "") | I8: =IFERROR(H8/G8, "")
A9: Santa Rosa - 2240 Mercury Way | B9: CA | E9: =IF(AND(ISNUMBER(C9),ISNUMBER(D9)), C9-D9, "") | F9: =IFERROR(E9/D9, "") | H9: =IF(AND(ISNUMBER(C9),ISNUMBER(G9)), C9-G9, "") | I9: =IFERROR(H9/G9, "")
A10: Dublin - 3100 Dublin Blvd | B10: CA

Sheet Dec
A1: {=portfolio} -> KPCA Investment, LLC | D1: December Actual v. Expected | G1: December Actual v. Forecasted
A2: Total | C2: =SUM(C4:C80) -> 0 | D2: =SUM(D4:D80) -> 0 | E2: =C2-D2 -> 0 | F2: =IFERROR(E2/D2, 0) -> 0 | G2: =SUM(G4:G80) -> 0 | H2: =C2-G2 -> 0 | I2: =IFERROR(H2/G2, 0) -> 0 | J2: =IF(AND(TODAY()>DATE(2024, 12, 1), COUNTA(Sites[Site])<>(COUNT(C:C)-1)), "Some sites are missing actual data; if new sites were added, make sure they are aligned correctly (including prior months!)", "") -> Some sites are missing actual data; if new sites were added, make sure they are aligned correctly (including prior months!)
A3: Site | B3: State | C3: Actual | D3: Expected | E3: Delta | F3: % | G3: Forecasted | H3: Delta | I3: % | J3: Notes | K3: Service Requests
A4: {=Sites[Site]} -> Chino - 3750-3770 Grand Ave | B4: {=Sites[State]} -> CA | E4: =IF(AND(ISNUMBER(C4),ISNUMBER(D4)), C4-D4, "") | F4: =IFERROR(E4/D4, "") | H4: =IF(AND(ISNUMBER(C4),ISNUMBER(G4)), C4-G4, "") | I4: =IFERROR(H4/G4, "")
A5: Murrieta - 28150 Keller Rd | B5: CA | E5: =IF(AND(ISNUMBER(C5),ISNUMBER(D5)), C5-D5, "") | F5: =IFERROR(E5/D5, "") | H5: =IF(AND(ISNUMBER(C5),ISNUMBER(G5)), C5-G5, "") | I5: =IFERROR(H5/G5, "")
A6: La Habra - 601 E Imperial Way | B6: CA | E6: =IF(AND(ISNUMBER(C6),ISNUMBER(D6)), C6-D6, "") | F6: =IFERROR(E6/D6, "") | H6: =IF(AND(ISNUMBER(C6),ISNUMBER(G6)), C6-G6, "") | I6: =IFERROR(H6/G6, "")
A7: Kaiser - KP3 - SCA Skyport - CN7901 Site | B7: CA | E7: =IF(AND(ISNUMBER(C7),ISNUMBER(D7)), C7-D7, "") | F7: =IFERROR(E7/D7, "") | H7: =IF(AND(ISNUMBER(C7),ISNUMBER(G7)), C7-G7, "") | I7: =IFERROR(H7/G7, "")
A8: Irwindale - 12761 Schabarum Ave | B8: CA | E8: =IF(AND(ISNUMBER(C8),ISNUMBER(D8)), C8-D8, "") | F8: =IFERROR(E8/D8, "") | H8: =IF(AND(ISNUMBER(C8),ISNUMBER(G8)), C8-G8, "") | I8: =IFERROR(H8/G8, "")
A9: Santa Rosa - 2240 Mercury Way | B9: CA | E9: =IF(AND(ISNUMBER(C9),ISNUMBER(D9)), C9-D9, "") | F9: =IFERROR(E9/D9, "") | H9: =IF(AND(ISNUMBER(C9),ISNUMBER(G9)), C9-G9, "") | I9: =IFERROR(H9/G9, "")
A10: Dublin - 3100 Dublin Blvd | B10: CA

Sheet Sites
A1: Portfolio: | B1: KPCA Investment, LLC
A3: Site DAS Name | B3: Site | C3: State | D3: Update | E3: DAS
A4: Kaiser - KP3 - Chino Grand CA6581 | B4: Chino - 3750-3770 Grand Ave | C4: CA | D4: AEF | E4: PowerTrack
A5: Murrietta MOB - CA5341 | B5: Murrieta - 28150 Keller Rd | C5: CA | D5: AEF | E5: PowerTrack
A6: Kaiser - KP3 - La Habra - CA3841 Site | B6: La Habra - 601 E Imperial Way | C6: CA | D6: AEF | E6: PowerTrack
A7: San Jose - Skyport | B7: Kaiser - KP3 - SCA Skyport - CN7901 Site | C7: CA | E7: PowerTrack
A8: Kaiser - KP3 - Irwindale MOB & Garage - CA5681 Site | B8: Irwindale - 12761 Schabarum Ave | C8: CA | D8: AEF | E8: PowerTrack
A9: Santa Rosa 6 - CN7001 | B9: Santa Rosa - 2240 Mercury Way | C9: CA | D9: AEF | E9: PowerTrack
A10: Kaiser - KP3 - Dublin - CN2A99 Site | B10: Dublin - 3100 Dublin Blvd | C10: CA | E10: PowerTrack
