Workbook
Name JanActual: #REF!
Name JanActual2: #REF!
Name JanExpected: #REF!
Name JanExpectedDelta: #REF!
Name JanExpectedPercent: #REF!
Name JanExpPercent: #REF!
Name JanForecasted: #REF!
Name JanForecastedDelta: #REF!
Name JanForecastedPercent: #REF!
Name portfolio: Sites!$B$1:$B$1
Name Year: Sites!#REF!

Sheet Year to Date
A1: {=portfolio} -> Altus Power | D1: Year to Date Actual v. Expected | G1: Year to Date Actual v. Forecasted
A2: Total | C2: =SUM(C4:C72) -> 6185280 | D2: =SUM(D4:D72) -> 10534676 | E2: =C2-D2 -> -4349395.7 | F2: =IFERROR(E2/D2, 0) -> -0.4128647 | G2: =SUM(G4:G72) -> 10523807 | H2: =C2-G2 -> -4338526.6 | I2: =IFERROR(H2/G2, 0) -> -0.4122583
A3: Site | B3: State | C3: Actual | D3: Expected | E3: Delta | F3: % | G3: Forecasted | H3: Delta | I3: %
A4: {=Sites[Site]} -> Pratt Solar Farm | B4: {=Sites[State]} -> KS | C4: =SUM('1st Qtr'!C4, '2nd Qtr'!C4, '3rd Qtr'!C4, '4th Qtr'!C4) -> 6185280 | D4: =SUM('1st Qtr'!D4, '2nd Qtr'!D4, '3rd Qtr'!D4, '4th Qtr'!D4) -> 10534676 | E4: =IF(AND(ISNUMBER(C4),ISNUMBER(D4)), C4-D4, "") -> -4349395.7 | F4: =IFERROR(E4/D4, "") -> -0.4128647 | G4: =SUM('1st Qtr'!G4, '2nd Qtr'!G4, '3rd Qtr'!G4, '4th Qtr'!G4) -> 10523807 | H4: =SUM('1st Qtr'!H4, '2nd Qtr'!H4, '3rd Qtr'!H4, '4th Qtr'!H4) -> -4338526.6 | I4: =IFERROR(H4/G4, "") -> -0.4122583

Sheet 1st Qtr
A1: {=portfolio} -> Altus Power | D1: 1st Quarter Actual v. Expected | G1: 1st Quarter Actual v. Forecasted
A2: Total | C2: =SUM(C4:C72) -> 1654930 | D2: =SUM(D4:D72) -> 3097059.9 | E2: =C2-D2 -> -1442129.9 | F2: =IFERROR(E2/D2, 0) -> -0.46564482 | G2: =SUM(G4:G72) -> 2716093.9 | H2: =C2-G2 -> -1061163.9 | I2: =IFERROR(H2/G2, 0) -> -0.39069486
A3: Site | B3: State | C3: Actual | D3: Expected | E3: Delta | F3: % | G3: Forecasted | H3: Delta | I3: %
A4: {=Sites[Site]} -> Pratt Solar Farm | B4: {=Sites[State]} -> KS | C4: =SUM(Jan!C4, Feb!C4, Mar!C4) -> 1654930 | D4: =SUM(Jan!D4, Feb!D4, Mar!D4) -> 3097059.9 | E4: =IF(AND(ISNUMBER(C4),ISNUMBER(D4)), C4-D4, "") -> -1442129.9 | F4: =IFERROR(E4/D4, "") -> -0.46564482 | G4: =SUM(Jan!G4, Feb!G4, Mar!G4) -> 2716093.9 | H4: =SUM(Jan!H4, Feb!H4, Mar!H4) -> -1061163.9 | I4: =IFERROR(H4/G4, "") -> -0.39069486

Sheet 2nd Qtr
A1: {=portfolio} -> Altus Power | D1: 2nd Quarter Actual v. Expected | G1: 2nd Quarter Actual v. Forecasted
A2: Total | C2: =SUM(C4:C72) -> 1996740 | D2: =SUM(D4:D72) -> 3212449.5 | E2: =C2-D2 -> -1215709.5 | F2: =IFERROR(E2/D2, 0) -> -0.37843691 | G2: =SUM(G4:G72) -> 3399757.1 | H2: =C2-G2 -> -1403017.1 | I2: =IFERROR(H2/G2, 0) -> -0.41268156
A3: Site | B3: State | C3: Actual | D3: Expected | E3: Delta | F3: % | G3: Forecasted | H3: Delta | I3: %
A4: {=Sites[Site]} -> Pratt Solar Farm | B4: {=Sites[State]} -> KS | C4: =SUM(Apr!C4, May!C4, Jun!C4) -> 1996740 | D4: =SUM(Apr!D4, May!D4, Jun!D4) -> 3212449.5 | E4: =IF(AND(ISNUMBER(C4),ISNUMBER(D4)), C4-D4, "") -> -1215709.5 | F4: =IFERROR(E4/D4, "") -> -0.37843691 | G4: =SUM(Apr!G4,May!G4,Jun!G4) -> 3399757.1 | H4: =SUM(Apr!H4, May!H4, Jun!H4) -> -1403017.1 | I4: =IFERROR(H4/G4, "") -> -0.41268156

Sheet 3rd Qtr
A1: {=portfolio} -> Altus Power | D1: 3rd Quarter Actual v. Expected | G1: 3rd Quarter Actual v. Forecasted
A2: Total | C2: =SUM(C4:C72) -> 1658850 | D2: =SUM(D4:D72) -> 3252416.1 | E2: =C2-D2 -> -1593566.1 | F2: =IFERROR(E2/D2, 0) -> -0.48996379 | G2: =SUM(G4:G72) -> 3435205.4 | H2: =C2-G2 -> -1776355.4 | I2: =IFERROR(H2/G2, 0) -> -0.51710311
A3: Site | B3: State | C3: Actual | D3: Expected | E3: Delta | F3: % | G3: Forecasted | H3: Delta | I3: %
A4: {=Sites[Site]} -> Pratt Solar Farm | B4: {=Sites[State]} -> KS | C4: =SUM(Jul!C4, Aug!C4, Sep!C4) -> 1658850 | D4: =SUM(Jul!D4, Aug!D4, Sep!D4) -> 3252416.1 | E4: =IF(AND(ISNUMBER(C4),ISNUMBER(D4)), C4-D4, "") -> -1593566.1 | F4: =IFERROR(E4/D4, "") -> -0.48996379 | G4: =SUM(Jul!G4,Aug!G4,Sep!G4) -> 3435205.4 | H4: =SUM(Jul!H4, Aug!H4, Sep!H4) -> -1776355.4 | I4: =IFERROR(H4/G4, "") -> -0.51710311

Sheet 4th Qtr
A1: {=portfolio} -> Altus Power | D1: 4th Quarter Actual v. Expected | G1: 4th Quarter Actual v. Forecasted
A2: Total | C2: =SUM(C4:C72) -> 874760 | D2: =SUM(D4:D72) -> 972750.23 | E2: =C2-D2 -> -97990.23 | F2: =IFERROR(E2/D2, 0) -> -0.10073524 | G2: =SUM(G4:G72) -> 972750.23 | H2: =C2-G2 -> -97990.23 | I2: =IFERROR(H2/G2, 0) -> -0.10073524
A3: Site | B3: State | C3: Actual | D3: Expected | E3: Delta | F3: % | G3: Forecasted | H3: Delta | I3: %
A4: {=Sites[Site]} -> Pratt Solar Farm | B4: {=Sites[State]} -> KS | C4: =SUM(Oct!C4, Nov!C4, Dec!C4) -> 874760 | D4: =SUM(Oct!D4, Nov!D4, Dec!D4) -> 972750.23 | E4: =IF(AND(ISNUMBER(C4),ISNUMBER(D4)), C4-D4, "") -> -97990.23 | F4: =IFERROR(E4/D4, "") -> -0.10073524 | G4: =SUM(Oct!G4, Nov!G4, Dec!G4) -> 972750.23 | H4: =SUM(Oct!H4, Nov!H4, Dec!H4) -> -97990.23 | I4: =IFERROR(H4/G4, "") -> -0.10073524

Sheet Jan
A1: {=portfolio} -> Altus Power | D1: January Actual v. Expected | G1: January Actual v. Forecasted
A2: Total | C2: =SUM(C4:C71) -> 641110 | D2: =SUM(D4:D71) -> 959485.1 | E2: =C2-D2 -> -318375.1 | F2: =IFERROR(E2/D2, 0) -> -0.3318187 | G2: =SUM(G4:G71) -> 865991.1 | H2: =C2-G2 -> -224881.1 | I2: =IFERROR(H2/G2, 0) -> -0.25968061 | J2: =IF(AND(TODAY()>DATE(2024, 1, 1), COUNTA(Sites[Site])<>(COUNT(C:C)-1)), "Some sites are missing actual data; if new sites were added, make sure they are aligned correctly (including prior months!)", "")
A3: Site | B3: State | C3: Actual | D3: Expected | E3: Delta | F3: % | G3: Forecasted | H3: Delta | I3: % | J3: Notes | K3: Service Requests
A4: {=Sites[Site]} -> Pratt Solar Farm | B4: {=Sites[State]} -> KS | C4: 641110 | D4: 959485.1 | E4: =IF(AND(ISNUMBER(C4),ISNUMBER(D4)), C4-D4, "") -> -318375.1 | F4: =IFERROR(E4/D4, "") -> -0.3318187 | G4: 865991.1 | H4: =IF(AND(ISNUMBER(C4),ISNUMBER(G4)), C4-G4, "") -> -224881.1 | I4: =IFERROR(H4/G4, "") -> -0.25968061 | J4: 1. Inverter 1 is derating by 1000kW due to Impulsion fan comms issue from 11/20 | K4: 1.SR093458

Sheet Feb
A1: {=portfolio} -> Altus Power | D1: February Actual v. Expected | G1: February Actual v. Forecasted
A2: Total | C2: =SUM(C4:C72) -> 609030 | D2: =SUM(D4:D72) -> 919002.6 | E2: =C2-D2 -> -309972.6 | F2: =IFERROR(E2/D2, 0) -> -0.33729241 | G2: =SUM(G4:G72) -> 811213.8 | H2: =C2-G2 -> -202183.8 | I2: =IFERROR(H2/G2, 0) -> -0.24923614 | J2: =IF(AND(TODAY()>DATE(2024, 2, 1), COUNTA(Sites[Site])<>(COUNT(C:C)-1)), "Some sites are missing actual data; if new sites were added, make sure they are aligned correctly (including prior months!)", "")
A3: Site | B3: State | C3: Actual | D3: Expected | E3: Delta | F3: % | G3: Forecasted | H3: Delta | I3: % | J3: Notes | K3: Service Requests
A4: {=Sites[Site]} -> Pratt Solar Farm | B4: {=Sites[State]} -> KS | C4: 609030 | D4: 919002.6 | E4: =IF(AND(ISNUMBER(C4),ISNUMBER(D4)), C4-D4, "") -> -309972.6 | F4: =IFERROR(E4/D4, "") -> -0.33729241 | G4: 811213.8 | H4: =IF(AND(ISNUMBER(C4),ISNUMBER(G4)), C4-G4, "") -> -202183.8 | I4: =IFERROR(H4/G4, "") -> -0.24923614 | J4: 1. Inverter 1 is derating by 1000kW due to Impulsion fan comms issue since 11/20. Waiting on DGA syringe to group with the dispatch. | K4: 1.SR093458

Sheet Mar
A1: {=portfolio} -> Altus Power | D1: March Actual v. Expected | G1: March Actual v. Forecasted
A2: Total | C2: =SUM(C4:C72) -> 404790 | D2: =SUM(D4:D72) -> 1218572.2 | E2: =C2-D2 -> -813782.21 | F2: =IFERROR(E2/D2, 0) -> -0.66781616 | G2: =SUM(G4:G72) -> 1038889 | H2: =C2-G2 -> -634099.03 | I2: =IFERROR(H2/G2, 0) -> -0.61036262 | J2: =IF(AND(TODAY()>DATE(2024, 3, 1), COUNTA(Sites[Site])<>(COUNT(C:C)-1)), "Some sites are missing actual data; if new sites were added, make sure they are aligned correctly (including prior months!)", "")
A3: Site | B3: State | C3: Actual | D3: Expected | E3: Delta | F3: % | G3: Forecasted | H3: Delta | I3: % | J3: Notes | K3: Service Requests
A4: {=Sites[Site]} -> Pratt Solar Farm | B4: {=Sites[State]} -> KS | C4: 404790 | D4: 1218572.2 | E4: =IF(AND(ISNUMBER(C4),ISNUMBER(D4)), C4-D4, "") -> -813782.21 | F4: =IFERROR(E4/D4, "") -> -0.66781616 | G4: 1038889 | H4: =IF(AND(ISNUMBER(C4),ISNUMBER(G4)), C4-G4, "") -> -634099.03 | I4: =IFERROR(H4/G4, "") -> -0.61036262 | J4: 1.Inverter 1 was derating by 1000kw due to Impulsion fan Comms issue since 11/20/24. On 03/04, technician replaced bad exhaust fan with new fan and re-energized the inverter but didn't have the required software needed to configure it for proper operation. Again inverter started derating by 1.7MW due to fan fault from 03/29. 2.Inverter 1 tripped offline at 13:45 on 03/15 due to Fault:197 and back online at 11AM on 03/16 again tripped offline at 12:30 on 03/16 and back online by remote reset at 10:15AM on 03/17. Again tripped offline at 12PM on 03/21 and self resolved and back online on 03/24. 3.Inverter 2 was offline from 03/07 due to Isolation fault and was offline through out the month. | K4: 1.SR093458 & SR099185 2.SR098335 3.SR098248 | L4: SR099185 | M4: SR098335 | N4: SR098248

Sheet Apr
A1: {=portfolio} -> Altus Power | D1: April Actual v. Expected | G1: April Actual v. Forecasted
A2: Total | C2: =SUM(C4:C72) -> 323630 | D2: =SUM(D4:D72) -> 1020112 | E2: =C2-D2 -> -696482 | F2: =IFERROR(E2/D2, 0) -> -0.68275052 | G2: =SUM(G4:G72) -> 1092313 | H2: =C2-G2 -> -768683 | I2: =IFERROR(H2/G2, 0) -> -0.70372045 | J2: =IF(AND(TODAY()>DATE(2024, 4, 1), COUNTA(Sites[Site])<>(COUNT(C:C)-1)), "Some sites are missing actual data; if new sites were added, make sure they are aligned correctly (including prior months!)", "")
A3: Site | B3: State | C3: Actual | D3: Expected | E3: Delta | F3: % | G3: Forecasted | H3: Delta | I3: % | J3: Notes | K3: Service Requests
A4: {=Sites[Site]} -> Pratt Solar Farm | B4: {=Sites[State]} -> KS | C4: 323630 | D4: 1020112 | E4: =IF(AND(ISNUMBER(C4),ISNUMBER(D4)), C4-D4, "") -> -696482 | F4: =IFERROR(E4/D4, "") -> -0.68275052 | G4: 1092313 | H4: =IF(AND(ISNUMBER(C4),ISNUMBER(G4)), C4-G4, "") -> -768683 | I4: =IFERROR(H4/G4, "") -> -0.70372045 | J4: 1. Inverter 1 was derating for whole month fan being replaced and during visit on 04/14 technician found twelve AC capacitors requiring replacement. 2. Inverter 2 was tripped offline on 04/06 at 18:00 due to GFDI. inverter 2 needs DC contactors and possibly capacitors. | K4: 1. SR099994, SR099185 2.SR099478 | L4: SR099185 | M4: SR099478

Sheet May
A1: {=portfolio} -> Altus Power | D1: May Actual v. Expected | G1: May Actual v. Forecasted
A2: Total | C2: =SUM(C4:C72) -> 610590 | D2: =SUM(D4:D72) -> 1070510 | E2: =C2-D2 -> -459920 | F2: =IFERROR(E2/D2, 0) -> -0.429627 | G2: =SUM(G4:G72) -> 1172680 | H2: =C2-G2 -> -562090 | I2: =IFERROR(H2/G2, 0) -> -0.47932087 | J2: =IF(AND(TODAY()>DATE(2024, 5, 1), COUNTA(Sites[Site])<>(COUNT(C:C)-1)), "Some sites are missing actual data; if new sites were added, make sure they are aligned correctly (including prior months!)", "")
A3: Site | B3: State | C3: Actual | D3: Expected | E3: Delta | F3: % | G3: Forecasted | H3: Delta | I3: % | J3: Notes | K3: Service Requests
A4: {=Sites[Site]} -> Pratt Solar Farm | B4: {=Sites[State]} -> KS | C4: 610590 | D4: 1070510 | E4: =IF(AND(ISNUMBER(C4),ISNUMBER(D4)), C4-D4, "") -> -459920 | F4: =IFERROR(E4/D4, "") -> -0.429627 | G4: 1172680 | H4: =IF(AND(ISNUMBER(C4),ISNUMBER(G4)), C4-G4, "") -> -562090 | I4: =IFERROR(H4/G4, "") -> -0.47932087 | J4: 1. Inverter B tripped offline on 04/06 at 18:00 due to a GFDI fault. The inverter requires new DC contactors and possibly capacitors. A technician visited the site on 05/15, installed a new LS filter, and de-energized the inverter; it came back online at 12:00 the same day.Later, on 05/21 at 07:00, Inverter B tripped offline again, reporting an F45 insulation fault. It was remotely reset and came back online at 14:00. Additionally, on 05/22, Inverter B was offline again from 08:45 to 10:30 due to Pratt being on site to replace the SEL-651R reclosing relay on the inverter. 2. Inverter A was derated by 1000KW down on 05/15 at 09:15 technician took the inverter offline to replace capacitors and exhaust fan. later inverter was re-energized at EOD. Additionally, Inverter A was offline from 15:30 to 17:15 on 05/17 while a technician was on site and performing preventive maintenance inspection. Inverter A was intermittently tripping on and off throughout the day on 05/30. | K4: 1. SR099478 SR101785, SR101822 2. SR099994, SR099185, SR102003, SR102210 PM8642 | L4: SR101785 | M4: SR101822 | N4: SR099994 | O4: SR099185 | P4: SR102003 | Q4: SR102210

Sheet Jun
A1: {=portfolio} -> Altus Power | D1: June Actual v. Expected | G1: June Actual v. Forecasted
A2: Total | C2: =SUM(C4:C72) -> 1062520 | D2: =SUM(D4:D72) -> 1121827.5 | E2: =C2-D2 -> -59307.46 | F2: =IFERROR(E2/D2, 0) -> -0.052866829 | G2: =SUM(G4:G72) -> 1134764.1 | H2: =C2-G2 -> -72244.06 | I2: =IFERROR(H2/G2, 0) -> -0.063664389 | J2: =IF(AND(TODAY()>DATE(2024, 6, 1), COUNTA(Sites[Site])<>(COUNT(C:C)-1)), "Some sites are missing actual data; if new sites were added, make sure they are aligned correctly (including prior months!)", "")
A3: Site | B3: State | C3: Actual | D3: Expected | E3: Delta | F3: % | G3: Forecasted | H3: Delta | I3: % | J3: Notes | K3: Service Requests
A4: {=Sites[Site]} -> Pratt Solar Farm | B4: {=Sites[State]} -> KS | C4: 1062520 | D4: 1121827.5 | E4: =IF(AND(ISNUMBER(C4),ISNUMBER(D4)), C4-D4, "") -> -59307.46 | F4: =IFERROR(E4/D4, "") -> -0.052866829 | G4: 1134764.1 | H4: =IF(AND(ISNUMBER(C4),ISNUMBER(G4)), C4-G4, "") -> -72244.06 | I4: =IFERROR(H4/G4, "") -> -0.063664389 | J4: 1. Inverter 1 has tripped offline at 19:26 on 06/03 and is reporting "GFDI fuse or fuse holder open." Inverter 1 came back online at 10:15 on 06/04. 2.Inverter 2 started production late at 15:15 on 06/24, and has been derating by 500 kW since 06/15 3.Inverter 1 offline from 06/30 | K4: 1.SR102433 2.SR103157 3.SR103746 | L4: SR103157 | M4: SR103746

Sheet Jul
A1: {=portfolio} -> Altus Power | D1: July Actual v. Expected | G1: July Actual v. Forecasted
A2: Total | C2: =SUM(C4:C72) -> 477710 | D2: =SUM(D4:D72) -> 1137108.4 | E2: =C2-D2 -> -659398.38 | F2: =IFERROR(E2/D2, 0) -> -0.57989053 | G2: =SUM(G4:G72) -> 1189387.4 | H2: =C2-G2 -> -711677.36 | I2: =IFERROR(H2/G2, 0) -> -0.59835625 | J2: =IF(AND(TODAY()>DATE(2024, 7, 1), COUNTA(Sites[Site])<>(COUNT(C:C)-1)), "Some sites are missing actual data; if new sites were added, make sure they are aligned correctly (including prior months!)", "")
A3: Site | B3: State | C3: Actual | D3: Expected | E3: Delta | F3: % | G3: Forecasted | H3: Delta | I3: % | J3: Notes | K3: Service Requests
A4: {=Sites[Site]} -> Pratt Solar Farm | B4: {=Sites[State]} -> KS | C4: 477710 | D4: 1137108.4 | E4: =IF(AND(ISNUMBER(C4),ISNUMBER(D4)), C4-D4, "") -> -659398.38 | F4: =IFERROR(E4/D4, "") -> -0.57989053 | G4: 1189387.4 | H4: =IF(AND(ISNUMBER(C4),ISNUMBER(G4)), C4-G4, "") -> -711677.36 | I4: =IFERROR(H4/G4, "") -> -0.59835625 | J4: 1.Inverter 1 offline from 06/30. On 07/23 inverter came back online at 09:00 2. Inverter B was derating by 1000kW from 07/01 to 07/10. Inverter B offline from 07/11. On 07/23 inverter came back online at 11:15 and again started derating byn 500kW from 07/23 to 07/31 at peek hours. 3. Inverter 1 is derating by 300 kW during high irradiance starting from 07/26 due to down a module. 4. The ratio of meter to inverter production is 97%, it could be a CT issue affecting the total meter production v/s the inverter production for whole month. | K4: 1. SR103746 , SR103157 2. SR103157 3.SR105299 4. SR104462 | L4: SR103157 | M4: SR103157 | N4: SR105299 | O4: SR104462

Sheet Aug
A1: {=portfolio} -> Altus Power | D1: August Actual v. Expected | G1: August Actual v. Forecasted
A2: Total | C2: =SUM(C4:C72) -> 442700 | D2: =SUM(D4:D72) -> 1070863.4 | E2: =C2-D2 -> -628163.36 | F2: =IFERROR(E2/D2, 0) -> -0.58659525 | G2: =SUM(G4:G72) -> 1150995.8 | H2: =C2-G2 -> -708295.84 | I2: =IFERROR(H2/G2, 0) -> -0.61537654 | J2: =IF(AND(TODAY()>DATE(2024, 8, 1), COUNTA(Sites[Site])<>(COUNT(C:C)-1)), "Some sites are missing actual data; if new sites were added, make sure they are aligned correctly (including prior months!)", "")
A3: Site | B3: State | C3: Actual | D3: Expected | E3: Delta | F3: % | G3: Forecasted | H3: Delta | I3: % | J3: Notes | K3: Service Requests
A4: {=Sites[Site]} -> Pratt Solar Farm | B4: {=Sites[State]} -> KS | C4: 442700 | D4: 1070863.4 | E4: =IF(AND(ISNUMBER(C4),ISNUMBER(D4)), C4-D4, "") -> -628163.36 | F4: =IFERROR(E4/D4, "") -> -0.58659525 | G4: 1150995.8 | H4: =IF(AND(ISNUMBER(C4),ISNUMBER(G4)), C4-G4, "") -> -708295.84 | I4: =IFERROR(H4/G4, "") -> -0.61537654 | J4: 1.Inverter 2 was offline on 08/01, and Inverter 1 also went offline on 08/04 at 17:00. Both inverters came back online at 10:00 on 08/06. Again inverter 2 stated late for the production at 14:30 on 08/07. Inverter 2 went offline again on 08/22, followed by Inverter 1 on 08/26. Both inverters came back online at 07:45 on 08/28 2.Inverter 1 went offline on 08/11, and Inverter 2 went offline on 08/12. Both inverters came back online at 11:00 on 08/19. Inverter 1 tripped offline again from 12:00 to 13:00 on 08/20 3.The site was offline from 07:45 to 10:45 on 08/28 because a technician was on-site to take transformer DGA samples. 4. The ratio of meter to inverter production is 97%, it could be a CT issue affecting the total meter production v/s the inverter production for whole month. | K4: 1.SR103157 , SR106097 2.SR106001 , SR105299 3.PM8643 4.SR104462 | L4: SR106097 | M4: SR106001 | N4: SR105299 | O4: SR104462

Sheet Sep
A1: {=portfolio} -> Altus Power | D1: September Actual v. Expected | G1: September Actual v. Forecasted
A2: Total | C2: =SUM(C4:C72) -> 738440 | D2: =SUM(D4:D72) -> 1044444.4 | E2: =C2-D2 -> -306004.38 | F2: =IFERROR(E2/D2, 0) -> -0.29298293 | G2: =SUM(G4:G72) -> 1094822.2 | H2: =C2-G2 -> -356382.21 | I2: =IFERROR(H2/G2, 0) -> -0.32551606 | J2: =IF(AND(TODAY()>DATE(2024, 9, 1), COUNTA(Sites[Site])<>(COUNT(C:C)-1)), "Some sites are missing actual data; if new sites were added, make sure they are aligned correctly (including prior months!)", "")
A3: Site | B3: State | C3: Actual | D3: Expected | E3: Delta | F3: % | G3: Forecasted | H3: Delta | I3: % | J3: Notes | K3: Service Requests
A4: {=Sites[Site]} -> Pratt Solar Farm | B4: {=Sites[State]} -> KS | C4: 738440 | D4: 1044444.4 | E4: =IF(AND(ISNUMBER(C4),ISNUMBER(D4)), C4-D4, "") -> -306004.38 | F4: =IFERROR(E4/D4, "") -> -0.29298293 | G4: 1094822.2 | H4: =IF(AND(ISNUMBER(C4),ISNUMBER(G4)), C4-G4, "") -> -356382.21 | I4: =IFERROR(H4/G4, "") -> -0.32551606 | J4: 1. Inverter 1 was offline at 16:00 on 09/14 and back online at 08:30 on 09/15 2. Inverter 2 was taken offline by PE at 12:45 on 09/22 and back online at 10:00 on 09/23 3. Inverter 1 was taken offline by PE at 10:45 to 14:00 on 09/23 4. Inverter 2 is offline from 09/25 till end of the month 5. Inverter 1 was offline from 09/27 till end of the month 6. Inverter 1 and 2 was derated for whole month. | K4: 1.SR106001 2.SR108348 3.SR108442 4.SR106097 5.SR108673 6. SR103157, SR103746 | L4: SR108348 | M4: SR108442 | N4: SR106097 | O4: SR108673 | P4: SR103157 | Q4: SR103746

Sheet Oct
A1: {=portfolio} -> Altus Power | D1: October Actual v. Expected | G1: October Actual v. Forecasted
A2: Total | C2: =SUM(C4:C72) -> 874760 | D2: =SUM(D4:D72) -> 972750.23 | E2: =C2-D2 -> -97990.23 | F2: =IFERROR(E2/D2, 0) -> -0.10073524 | G2: =SUM(G4:G72) -> 972750.23 | H2: =C2-G2 -> -97990.23 | I2: =IFERROR(H2/G2, 0) -> -0.10073524 | J2: =IF(AND(TODAY()>DATE(2024, 10, 1), COUNTA(Sites[Site])<>(COUNT(C:C)-1)), "Some sites are missing actual data; if new sites were added, make sure they are aligned correctly (including prior months!)", "")
A3: Site | B3: State | C3: Actual | D3: Expected | E3: Delta | F3: % | G3: Forecasted | H3: Delta | I3: % | J3: Notes | K3: Service Requests | L3: Status
A4: {=Sites[Site]} -> Pratt Solar Farm | B4: {=Sites[State]} -> KS | C4: 874760 | D4: 972750.23 | E4: =IF(AND(ISNUMBER(C4),ISNUMBER(D4)), C4-D4, "") -> -97990.23 | F4: =IFERROR(E4/D4, "") -> -0.10073524 | G4: 972750.23 | H4: =IF(AND(ISNUMBER(C4),ISNUMBER(G4)), C4-G4, "") -> -97990.23 | I4: =IFERROR(H4/G4, "") -> -0.10073524 | J4: 1. Inverter 1 tripped offline at 13:30 on 09/30, reporting "IMI has detected an insulation problem," and was back online at 12:15 on 10/01. and again tripped offline at 11:45 on 10/29 and back online at 13:30 on 10/30. 2. Inverter 2 tripped offline at 13:30 on 09/30, and after a remote reset, it was back online at 16:30 on 10/01. | K4: 1. SR108673, SR110226 2. SR110267 | L4: 1. pending 2. Closed | M4: SR110226 | N4: SR110267

Sheet Nov
A1: {=portfolio} -> Altus Power | D1: November Actual v. Expected | G1: November Actual v. Forecasted
A2: Total | C2: =SUM(C4:C72) -> 0 | D2: =SUM(D4:D72) -> 0 | E2: =C2-D2 -> 0 | F2: =IFERROR(E2/D2, 0) -> 0 | G2: =SUM(G4:G72) -> 0 | H2: =C2-G2 -> 0 | I2: =IFERROR(H2/G2, 0) -> 0 | J2: =IF(AND(TODAY()>DATE(2024, 11, 1), COUNTA(Sites[Site])<>(COUNT(C:C)-1)), "Some sites are missing actual data; if new sites were added, make sure they are aligned correctly (including prior months!)", "") -> Some sites are missing actual data; if new sites were added, make sure they are aligned correctly (including prior months!)
A3: Site | B3: State | C3: Actual | D3: Expected | E3: Delta | F3: % | G3: Forecasted | H3: Delta | I3: % | J3: Notes | K3: Service Requests
A4: {=Sites[Site]} -> Pratt Solar Farm | B4: {=Sites[State]} -> KS | E4: =IF(AND(ISNUMBER(C4),ISNUMBER(D4)), C4-D4, "") | F4: =IFERROR(E4/D4, "") | G4: 0 | H4: =IF(AND(ISNUMBER(C4),ISNUMBER(G4)), C4-G4, "") | I4: =IFERROR(H4/G4, "") | J4: 1. Inverter 4 is underperforming by 6kW from 11/02 due to stuck tracker. 2. Site tripped offline at 05:15 AM and back online at 06:00 AM on 11/25 due to utility outage. 3. Forecasted data is not available.

Sheet Dec
A1: {=portfolio} -> Altus Power | D1: December Actual v. Expected | G1: December Actual v. Forecasted
A2: Total | C2: =SUM(C4:C72) -> 0 | D2: =SUM(D4:D72) -> 0 | E2: =C2-D2 -> 0 | F2: =IFERROR(E2/D2, 0) -> 0 | G2: =SUM(G4:G72) -> 0 | H2: =C2-G2 -> 0 | I2: =IFERROR(H2/G2, 0) -> 0 | J2: =IF(AND(TODAY()>DATE(2024, 12, 1), COUNTA(Sites[Site])<>(COUNT(C:C)-1)), "Some sites are missing actual data; if new sites were added, make sure they are aligned correctly (including prior months!)", "") -> Some sites are missing actual data; if new sites were added, make sure they are aligned correctly (including prior months!)
A3: Site | B3: State | C3: Actual | D3: Expected | E3: Delta | F3: % | G3: Forecasted | H3: Delta | I3: % | J3: Notes | K3: Service Requests
A4: {=Sites[Site]} -> Pratt Solar Farm | B4: {=Sites[State]} -> KS | E4: =IF(AND(ISNUMBER(C4),ISNUMBER(D4)), C4-D4, "") | F4: =IFERROR(E4/D4, "") | G4: 0 | H4: =IF(AND(ISNUMBER(C4),ISNUMBER(G4)), C4-G4, "") | I4: =IFERROR(H4/G4, "")

Sheet Sites
A1: Portfolio: | B1: Altus Power
A3: Site DAS Name | B3: Site | C3: State | D3: Update | E3: DAS
A4: Kenyon Energy KS Solar | B4: Pratt Solar Farm | C4: KS | E4: PowerTrack
