Workbook
Name JanActual: #REF!
Name JanActual2: #REF!
Name JanExpected: #REF!
Name JanExpectedDelta: #REF!
Name JanExpectedPercent: #REF!
Name JanExpPercent: #REF!
Name JanForecasted: #REF!
Name JanForecastedDelta: #REF!
Name JanForecastedPercent: #REF!
Name portfolio: Sites!$B$1:$B$1
Name Year: Sites!#REF!

Sheet Year to Date
A1: {=portfolio} -> Clean Capital | D1: Year to Date Actual v. Expected | G1: Year to Date Actual v. Forecasted
A2: Total | C2: =SUM(C4:C171) -> 31448037 | D2: =SUM(D4:D171) -> 18177218 | E2: =C2-D2 -> 13270819 | F2: =IFERROR(E2/D2, 0) -> 0.73007976 | G2: =SUM(G4:G171) -> 35397737 | H2: =C2-G2 -> -3949700.6 | I2: =IFERROR(H2/G2, 0) -> -0.1115806
A3: Site | B3: State | C3: Actual | D3: Expected | E3: Delta | F3: % | G3: Forecasted | H3: Delta | I3: %
A4: {=Sites[Site]} -> Lexington - Cotting School | B4: {=Sites[State]} -> MA | C4: =SUM('1st Qtr'!C4, '2nd Qtr'!C4, '3rd Qtr'!C4, '4th Qtr'!C4) -> 278107.89 | D4: =SUM('1st Qtr'!D4, '2nd Qtr'!D4, '3rd Qtr'!D4, '4th Qtr'!D4) -> 0 | E4: =IF(AND(ISNUMBER(C4),ISNUMBER(D4)), C4-D4, "") -> 278107.89 | F4: =IFERROR(E4/D4, "") | G4: =SUM('1st Qtr'!G4, '2nd Qtr'!G4, '3rd Qtr'!G4, '4th Qtr'!G4) -> 0 | H4: =SUM('1st Qtr'!H4, '2nd Qtr'!H4, '3rd Qtr'!H4, '4th Qtr'!H4) -> 18073.6 | I4: =IFERROR(H4/G4, "")
A5: Pacoima - Whiteman Airport | B5: CA | C5: =SUM('1st Qtr'!C5, '2nd Qtr'!C5, '3rd Qtr'!C5, '4th Qtr'!C5) -> 228624.1 | D5: =SUM('1st Qtr'!D5, '2nd Qtr'!D5, '3rd Qtr'!D5, '4th Qtr'!D5) -> 0 | E5: =IF(AND(ISNUMBER(C5),ISNUMBER(D5)), C5-D5, "") -> 228624.1 | F5: =IFERROR(E5/D5, "") | G5: =SUM('1st Qtr'!G5, '2nd Qtr'!G5, '3rd Qtr'!G5, '4th Qtr'!G5) -> 408267.6 | H5: =SUM('1st Qtr'!H5, '2nd Qtr'!H5, '3rd Qtr'!H5, '4th Qtr'!H5) -> -179643.5 | I5: =IFERROR(H5/G5, "") -> -0.4400141
A6: Hyannis - Sturgis Charter School | B6: MA | C6: =SUM('1st Qtr'!C6, '2nd Qtr'!C6, '3rd Qtr'!C6, '4th Qtr'!C6) -> 288864.64 | D6: =SUM('1st Qtr'!D6, '2nd Qtr'!D6, '3rd Qtr'!D6, '4th Qtr'!D6) -> 0 | E6: =IF(AND(ISNUMBER(C6),ISNUMBER(D6)), C6-D6, "") -> 288864.64 | F6: =IFERROR(E6/D6, "") | G6: =SUM('1st Qtr'!G6, '2nd Qtr'!G6, '3rd Qtr'!G6, '4th Qtr'!G6) -> 274319.08 | H6: =SUM('1st Qtr'!H6, '2nd Qtr'!H6, '3rd Qtr'!H6, '4th Qtr'!H6) -> 14545.565 | I6: =IFERROR(H6/G6, "") -> 0.053024254
A7: South Dennis - Tony Kent Arena | B7: MA | C7: =SUM('1st Qtr'!C7, '2nd Qtr'!C7, '3rd Qtr'!C7, '4th Qtr'!C7) -> 325217.18 | D7: =SUM('1st Qtr'!D7, '2nd Qtr'!D7, '3rd Qtr'!D7, '4th Qtr'!D7) -> 0 | E7: =IF(AND(ISNUMBER(C7),ISNUMBER(D7)), C7-D7, "") -> 325217.18 | F7: =IFERROR(E7/D7, "") | G7: =SUM('1st Qtr'!G7, '2nd Qtr'!G7, '3rd Qtr'!G7, '4th Qtr'!G7) -> 0 | H7: =SUM('1st Qtr'!H7, '2nd Qtr'!H7, '3rd Qtr'!H7, '4th Qtr'!H7) -> 30999.12 | I7: =IFERROR(H7/G7, "")
A8: Caropolis - Felician Sisters | B8: PA | C8: =SUM('1st Qtr'!C8, '2nd Qtr'!C8, '3rd Qtr'!C8, '4th Qtr'!C8) -> 416062.3 | D8: =SUM('1st Qtr'!D8, '2nd Qtr'!D8, '3rd Qtr'!D8, '4th Qtr'!D8) -> 0 | E8: =IF(AND(ISNUMBER(C8),ISNUMBER(D8)), C8-D8, "") -> 416062.3 | F8: =IFERROR(E8/D8, "") | G8: =SUM('1st Qtr'!G8, '2nd Qtr'!G8, '3rd Qtr'!G8, '4th Qtr'!G8) -> 0 | H8: =SUM('1st Qtr'!H8, '2nd Qtr'!H8, '3rd Qtr'!H8, '4th Qtr'!H8) -> 0 | I8: =IFERROR(H8/G8, "")
A9: Clear Lake - Eastlake Gohman | B9: MN | C9: =SUM('1st Qtr'!C9, '2nd Qtr'!C9, '3rd Qtr'!C9, '4th Qtr'!C9) -> 1328939.1 | D9: =SUM('1st Qtr'!D9, '2nd Qtr'!D9, '3rd Qtr'!D9, '4th Qtr'!D9) -> 0 | E9: =IF(AND(ISNUMBER(C9),ISNUMBER(D9)), C9-D9, "") -> 1328939.1 | F9: =IFERROR(E9/D9, "") | G9: =SUM('1st Qtr'!G9, '2nd Qtr'!G9, '3rd Qtr'!G9, '4th Qtr'!G9) -> 1455149.6 | H9: =SUM('1st Qtr'!H9, '2nd Qtr'!H9, '3rd Qtr'!H9, '4th Qtr'!H9) -> -126210.5 | I9: =IFERROR(H9/G9, "") -> -0.086733697
A10: Zumbrota - Eastlake Brenda Luhman | B10: MN | C10: =SUM('1st Qtr'!C10, '2nd Qtr'!C10, '3rd Qtr'!C10, '4th Qtr'!C10) -> 1455643.1 | D10: =SUM('1st Qtr'!D10, '2nd Qtr'!D10, '3rd Qtr'!D10, '4th Qtr'!D10) -> 0 | E10: =IF(AND(ISNUMBER(C10),ISNUMBER(D10)), C10-D10, "") -> 1455643.1 | F10: =IFERROR(E10/D10, "") | G10: =SUM('1st Qtr'!G10, '2nd Qtr'!G10, '3rd Qtr'!G10, '4th Qtr'!G10) -> 1425381.8 | H10: =SUM('1st Qtr'!H10, '2nd Qtr'!H10, '3rd Qtr'!H10, '4th Qtr'!H10) -> 30261.327 | I10: =IFERROR(H10/G10, "") -> 0.021230331
A11: Cokato - Eastlake Carlson | B11: MN | C11: =SUM('1st Qtr'!C11, '2nd Qtr'!C11, '3rd Qtr'!C11, '4th Qtr'!C11) -> 1312942.5 | D11: =SUM('1st Qtr'!D11, '2nd Qtr'!D11, '3rd Qtr'!D11, '4th Qtr'!D11) -> 0 | E11: =IF(AND(ISNUMBER(C11),ISNUMBER(D11)), C11-D11, "") -> 1312942.5 | F11: =IFERROR(E11/D11, "") | G11: =SUM('1st Qtr'!G11, '2nd Qtr'!G11, '3rd Qtr'!G11, '4th Qtr'!G11) -> 1541905.1 | H11: =SUM('1st Qtr'!H11, '2nd Qtr'!H11, '3rd Qtr'!H11, '4th Qtr'!H11) -> -228962.62 | I11: =IFERROR(H11/G11, "") -> -0.14849333
A12: North Branch - Cornille 2 | B12: MN | C12: =SUM('1st Qtr'!C12, '2nd Qtr'!C12, '3rd Qtr'!C12, '4th Qtr'!C12) -> 1331327 | D12: =SUM('1st Qtr'!D12, '2nd Qtr'!D12, '3rd Qtr'!D12, '4th Qtr'!D12) -> 0 | E12: =IF(AND(ISNUMBER(C12),ISNUMBER(D12)), C12-D12, "") -> 1331327 | F12: =IFERROR(E12/D12, "") | G12: =SUM('1st Qtr'!G12, '2nd Qtr'!G12, '3rd Qtr'!G12, '4th Qtr'!G12) -> 1465703.4 | H12: =SUM('1st Qtr'!H12, '2nd Qtr'!H12, '3rd Qtr'!H12, '4th Qtr'!H12) -> -134376.4 | I12: =IFERROR(H12/G12, "") -> -0.091680486
A13: Clear Lake - Eastlake Hammer | B13: MN | C13: =SUM('1st Qtr'!C13, '2nd Qtr'!C13, '3rd Qtr'!C13, '4th Qtr'!C13) -> 1595516 | D13: =SUM('1st Qtr'!D13, '2nd Qtr'!D13, '3rd Qtr'!D13, '4th Qtr'!D13) -> 0 | E13: =IF(AND(ISNUMBER(C13),ISNUMBER(D13)), C13-D13, "") -> 1595516 | F13: =IFERROR(E13/D13, "") | G13: =SUM('1st Qtr'!G13, '2nd Qtr'!G13, '3rd Qtr'!G13, '4th Qtr'!G13) -> 1742961.4 | H13: =SUM('1st Qtr'!H13, '2nd Qtr'!H13, '3rd Qtr'!H13, '4th Qtr'!H13) -> -147445.4 | I13: =IFERROR(H13/G13, "") -> -0.084594759
A14: Eastlake - Hertzberg CSG 1 | B14: MN | C14: =SUM('1st Qtr'!C14, '2nd Qtr'!C14, '3rd Qtr'!C14, '4th Qtr'!C14) -> 1471542 | D14: =SUM('1st Qtr'!D14, '2nd Qtr'!D14, '3rd Qtr'!D14, '4th Qtr'!D14) -> 0 | E14: =IF(AND(ISNUMBER(C14),ISNUMBER(D14)), C14-D14, "") -> 1471542 | F14: =IFERROR(E14/D14, "") | G14: =SUM('1st Qtr'!G14, '2nd Qtr'!G14, '3rd Qtr'!G14, '4th Qtr'!G14) -> 1751801.9 | H14: =SUM('1st Qtr'!H14, '2nd Qtr'!H14, '3rd Qtr'!H14, '4th Qtr'!H14) -> -280259.92 | I14: =IFERROR(H14/G14, "") -> -0.1599838
A15: Cokato - Eastlake Laurel Village | B15: MN | C15: =SUM('1st Qtr'!C15, '2nd Qtr'!C15, '3rd Qtr'!C15, '4th Qtr'!C15) -> 1605992.3 | D15: =SUM('1st Qtr'!D15, '2nd Qtr'!D15, '3rd Qtr'!D15, '4th Qtr'!D15) -> 0 | E15: =IF(AND(ISNUMBER(C15),ISNUMBER(D15)), C15-D15, "") -> 1605992.3 | F15: =IFERROR(E15/D15, "") | G15: =SUM('1st Qtr'!G15, '2nd Qtr'!G15, '3rd Qtr'!G15, '4th Qtr'!G15) -> 1763060.3 | H15: =SUM('1st Qtr'!H15, '2nd Qtr'!H15, '3rd Qtr'!H15, '4th Qtr'!H15) -> -157067.99 | I15: =IFERROR(H15/G15, "") -> -0.089088267
A16: St. Peter - Eastlake Paulson | B16: MN | C16: =SUM('1st Qtr'!C16, '2nd Qtr'!C16, '3rd Qtr'!C16, '4th Qtr'!C16) -> 1413701.5 | D16: =SUM('1st Qtr'!D16, '2nd Qtr'!D16, '3rd Qtr'!D16, '4th Qtr'!D16) -> 0 | E16: =IF(AND(ISNUMBER(C16),ISNUMBER(D16)), C16-D16, "") -> 1413701.5 | F16: =IFERROR(E16/D16, "") | G16: =SUM('1st Qtr'!G16, '2nd Qtr'!G16, '3rd Qtr'!G16, '4th Qtr'!G16) -> 1539248.4 | H16: =SUM('1st Qtr'!H16, '2nd Qtr'!H16, '3rd Qtr'!H16, '4th Qtr'!H16) -> -125546.94 | I16: =IFERROR(H16/G16, "") -> -0.081563794
... A85: NY: Rome - 7776 Tannery RD | B85: NY | C85: =SUM('1st Qtr'!C85, '2nd Qtr'!C85, '3rd Qtr'!C85, '4th Qtr'!C85) -> 1355367.8 | D85: =SUM('1st Qtr'!D85, '2nd Qtr'!D85, '3rd Qtr'!D85, '4th Qtr'!D85) -> 1483213.7 | E85: =IF(AND(ISNUMBER(C85),ISNUMBER(D85)), C85-D85, "") -> -127845.89 | F85: =IFERROR(E85/D85, "") -> -0.086195191 | G85: =SUM('1st Qtr'!G85, '2nd Qtr'!G85, '3rd Qtr'!G85, '4th Qtr'!G85) -> 1424070.8 | H85: =SUM('1st Qtr'!H85, '2nd Qtr'!H85, '3rd Qtr'!H85, '4th Qtr'!H85) -> -68702.988 | I85: =IFERROR(H85/G85, "") -> -0.048244081

Sheet 1st Qtr
A1: {=portfolio} -> Clean Capital | D1: 1st Quarter Actual v. Expected | G1: 1st Quarter Actual v. Forecasted
A2: Total | C2: =SUM(C4:C179) -> 1827946.7 | D2: =SUM(D4:D179) -> 0 | E2: =C2-D2 -> 1827946.7 | F2: =IFERROR(E2/D2, 0) -> 0 | G2: =SUM(G4:G179) -> 1530690.2 | H2: =C2-G2 -> 297256.49 | I2: =IFERROR(H2/G2, 0) -> 0.19419768
A3: Site | B3: State | C3: Actual | D3: Expected | E3: Delta | F3: % | G3: Forecasted | H3: Delta | I3: %
A4: {=Sites[Site]} -> Lexington - Cotting School | B4: {=Sites[State]} -> MA | C4: =SUM(Jan!C4, Feb!C4, Mar!C4) -> 45888.64 | D4: =SUM(Jan!D4, Feb!D4, Mar!D4) -> 0 | E4: =IF(AND(ISNUMBER(C4),ISNUMBER(D4)), C4-D4, "") -> 45888.64 | F4: =IFERROR(E4/D4, "") | G4: =SUM(Jan!G4, Feb!G4, Mar!G4) -> 0 | H4: =SUM(Jan!H4, Feb!H4, Mar!H4) -> 18073.6 | I4: =IFERROR(H4/G4, "")
A5: Pacoima - Whiteman Airport | B5: CA | C5: =SUM(Jan!C5, Feb!C5, Mar!C5) -> 58146 | D5: =SUM(Jan!D5, Feb!D5, Mar!D5) -> 0 | E5: =IF(AND(ISNUMBER(C5),ISNUMBER(D5)), C5-D5, "") -> 58146 | F5: =IFERROR(E5/D5, "") | G5: =SUM(Jan!G5, Feb!G5, Mar!G5) -> 108680 | H5: =SUM(Jan!H5, Feb!H5, Mar!H5) -> -50534 | I5: =IFERROR(H5/G5, "") -> -0.46497976
A6: Hyannis - Sturgis Charter School | B6: MA | C6: =SUM(Jan!C6, Feb!C6, Mar!C6) -> 56832.395 | D6: =SUM(Jan!D6, Feb!D6, Mar!D6) -> 0 | E6: =IF(AND(ISNUMBER(C6),ISNUMBER(D6)), C6-D6, "") -> 56832.395 | F6: =IFERROR(E6/D6, "") | G6: =SUM(Jan!G6, Feb!G6, Mar!G6) -> 54540 | H6: =SUM(Jan!H6, Feb!H6, Mar!H6) -> 2292.3948 | I6: =IFERROR(H6/G6, "") -> 0.042031441
A7: South Dennis - Tony Kent Arena | B7: MA | C7: =SUM(Jan!C7, Feb!C7, Mar!C7) -> 61513.2 | D7: =SUM(Jan!D7, Feb!D7, Mar!D7) -> 0 | E7: =IF(AND(ISNUMBER(C7),ISNUMBER(D7)), C7-D7, "") -> 61513.2 | F7: =IFERROR(E7/D7, "") | G7: =SUM(Jan!G7, Feb!G7, Mar!G7) -> 0 | H7: =SUM(Jan!H7, Feb!H7, Mar!H7) -> 30999.12 | I7: =IFERROR(H7/G7, "")
A8: Caropolis - Felician Sisters | B8: PA | C8: =SUM(Jan!C8, Feb!C8, Mar!C8) -> 51053.4 | D8: =SUM(Jan!D8, Feb!D8, Mar!D8) -> 0 | E8: =IF(AND(ISNUMBER(C8),ISNUMBER(D8)), C8-D8, "") -> 51053.4 | F8: =IFERROR(E8/D8, "") | G8: =SUM(Jan!G8, Feb!G8, Mar!G8) -> 0 | H8: =SUM(Jan!H8, Feb!H8, Mar!H8) -> 0 | I8: =IFERROR(H8/G8, "")
A9: Clear Lake - Eastlake Gohman | B9: MN | C9: =SUM(Jan!C9, Feb!C9, Mar!C9) -> 174810 | D9: =SUM(Jan!D9, Feb!D9, Mar!D9) -> 0 | E9: =IF(AND(ISNUMBER(C9),ISNUMBER(D9)), C9-D9, "") -> 174810 | F9: =IFERROR(E9/D9, "") | G9: =SUM(Jan!G9, Feb!G9, Mar!G9) -> 155938.5 | H9: =SUM(Jan!H9, Feb!H9, Mar!H9) -> 18871.5 | I9: =IFERROR(H9/G9, "") -> 0.12101886
A10: Zumbrota - Eastlake Brenda Luhman | B10: MN | C10: =SUM(Jan!C10, Feb!C10, Mar!C10) -> 179285.13 | D10: =SUM(Jan!D10, Feb!D10, Mar!D10) -> 0 | E10: =IF(AND(ISNUMBER(C10),ISNUMBER(D10)), C10-D10, "") -> 179285.13 | F10: =IFERROR(E10/D10, "") | G10: =SUM(Jan!G10, Feb!G10, Mar!G10) -> 161850.1 | H10: =SUM(Jan!H10, Feb!H10, Mar!H10) -> 17435.027 | I10: =IFERROR(H10/G10, "") -> 0.1077233
A11: Cokato - Eastlake Carlson | B11: MN | C11: =SUM(Jan!C11, Feb!C11, Mar!C11) -> 147025.48 | D11: =SUM(Jan!D11, Feb!D11, Mar!D11) -> 0 | E11: =IF(AND(ISNUMBER(C11),ISNUMBER(D11)), C11-D11, "") -> 147025.48 | F11: =IFERROR(E11/D11, "") | G11: =SUM(Jan!G11, Feb!G11, Mar!G11) -> 189506 | H11: =SUM(Jan!H11, Feb!H11, Mar!H11) -> -42480.516 | I11: =IFERROR(H11/G11, "") -> -0.22416449
A12: North Branch - Cornille 2 | B12: MN | C12: =SUM(Jan!C12, Feb!C12, Mar!C12) -> 142625 | D12: =SUM(Jan!D12, Feb!D12, Mar!D12) -> 0 | E12: =IF(AND(ISNUMBER(C12),ISNUMBER(D12)), C12-D12, "") -> 142625 | F12: =IFERROR(E12/D12, "") | G12: =SUM(Jan!G12, Feb!G12, Mar!G12) -> 156749.8 | H12: =SUM(Jan!H12, Feb!H12, Mar!H12) -> -14124.8 | I12: =IFERROR(H12/G12, "") -> -0.090110482
A13: Clear Lake - Eastlake Hammer | B13: MN | C13: =SUM(Jan!C13, Feb!C13, Mar!C13) -> 196603.03 | D13: =SUM(Jan!D13, Feb!D13, Mar!D13) -> 0 | E13: =IF(AND(ISNUMBER(C13),ISNUMBER(D13)), C13-D13, "") -> 196603.03 | F13: =IFERROR(E13/D13, "") | G13: =SUM(Jan!G13, Feb!G13, Mar!G13) -> 181153.8 | H13: =SUM(Jan!H13, Feb!H13, Mar!H13) -> 15449.233 | I13: =IFERROR(H13/G13, "") -> 0.085282409
A14: Eastlake - Hertzberg CSG 1 | B14: MN | C14: =SUM(Jan!C14, Feb!C14, Mar!C14) -> 178773.26 | D14: =SUM(Jan!D14, Feb!D14, Mar!D14) -> 0 | E14: =IF(AND(ISNUMBER(C14),ISNUMBER(D14)), C14-D14, "") -> 178773.26 | F14: =IFERROR(E14/D14, "") | G14: =SUM(Jan!G14, Feb!G14, Mar!G14) -> 179090.7 | H14: =SUM(Jan!H14, Feb!H14, Mar!H14) -> -317.4356 | I14: =IFERROR(H14/G14, "") -> -0.0017724851
A15: Cokato - Eastlake Laurel Village | B15: MN | C15: =SUM(Jan!C15, Feb!C15, Mar!C15) -> 192745.31 | D15: =SUM(Jan!D15, Feb!D15, Mar!D15) -> 0 | E15: =IF(AND(ISNUMBER(C15),ISNUMBER(D15)), C15-D15, "") -> 192745.31 | F15: =IFERROR(E15/D15, "") | G15: =SUM(Jan!G15, Feb!G15, Mar!G15) -> 177944.7 | H15: =SUM(Jan!H15, Feb!H15, Mar!H15) -> 14800.614 | I15: =IFERROR(H15/G15, "") -> 0.083175357
A16: St. Peter - Eastlake Paulson | B16: MN | C16: =SUM(Jan!C16, Feb!C16, Mar!C16) -> 167620.93 | D16: =SUM(Jan!D16, Feb!D16, Mar!D16) -> 0 | E16: =IF(AND(ISNUMBER(C16),ISNUMBER(D16)), C16-D16, "") -> 167620.93 | F16: =IFERROR(E16/D16, "") | G16: =SUM(Jan!G16, Feb!G16, Mar!G16) -> 165236.6 | H16: =SUM(Jan!H16, Feb!H16, Mar!H16) -> 2384.3295 | I16: =IFERROR(H16/G16, "") -> 0.01442979
... A75: CA: Stockton - SUSD - Peyton | B75: CA | C75: =SUM(Jan!C75, Feb!C75, Mar!C75) -> 0 | D75: =SUM(Jan!D75, Feb!D75, Mar!D75) -> 0 | E75: =IF(AND(ISNUMBER(C75),ISNUMBER(D75)), C75-D75, "") -> 0 | F75: =IFERROR(E75/D75, "") | G75: =SUM(Jan!G75, Feb!G75, Mar!G75) -> 0 | H75: =SUM(Jan!H75, Feb!H75, Mar!H75) -> 0 | I75: =IFERROR(H75/G75, "")
A76: TX: Barnhart - 42917 Ranch RD 2469 | B76: TX
A77: AZ: San Manuel - Senior & Junior HS | B77: AZ
A78: AZ: Sierra Vista - Colonel Smith MS | B78: AZ
A79: AZ: Sierra Vista - Colonel Johnston ES | B79: AZ
A80: NH: Dover - Dover HS | B80: NH
A81: MA: Somerville - 30 Inner Belt Rd | B81: MA
A82: MA: Boxborough - 1414 Massachusetts Ave | B82: MA
A83: NY: Amsterdam - 153 NY Route 67 | B83: NY
A84: CA: San Jose - GE Mobile Water | B84: CA
A85: NY: Rome - 7776 Tannery RD | B85: NY

Sheet 2nd Qtr
A1: {=portfolio} -> Clean Capital | D1: 2nd Quarter Actual v. Expected | G1: 2nd Quarter Actual v. Forecasted
A2: Total | C2: =SUM(C4:C179) -> 8113968.2 | D2: =SUM(D4:D179) -> 3491701.9 | E2: =C2-D2 -> 4622266.2 | F2: =IFERROR(E2/D2, 0) -> 1.323786 | G2: =SUM(G4:G179) -> 9641237.5 | H2: =C2-G2 -> -1527269.3 | I2: =IFERROR(H2/G2, 0) -> -0.15841009
A3: Site | B3: State | C3: Actual | D3: Expected | E3: Delta | F3: % | G3: Forecasted | H3: Delta | I3: %
A4: {=Sites[Site]} -> Lexington - Cotting School | B4: {=Sites[State]} -> MA | C4: =SUM(Apr!C4, May!C4, Jun!C4) -> 79912.248 | D4: =SUM(Apr!D4, May!D4, Jun!D4) -> 0 | E4: =IF(AND(ISNUMBER(C4),ISNUMBER(D4)), C4-D4, "") -> 79912.248 | F4: =IFERROR(E4/D4, "") | G4: =SUM(Apr!G4,May!G4,Jun!G4) -> 0 | H4: =SUM(Apr!H4, May!H4, Jun!H4) -> 0 | I4: =IFERROR(H4/G4, "")
A5: Pacoima - Whiteman Airport | B5: CA | C5: =SUM(Apr!C5, May!C5, Jun!C5) -> 74866.5 | D5: =SUM(Apr!D5, May!D5, Jun!D5) -> 0 | E5: =IF(AND(ISNUMBER(C5),ISNUMBER(D5)), C5-D5, "") -> 74866.5 | F5: =IFERROR(E5/D5, "") | G5: =SUM(Apr!G5,May!G5,Jun!G5) -> 124728.7 | H5: =SUM(Apr!H5, May!H5, Jun!H5) -> -49862.2 | I5: =IFERROR(H5/G5, "") -> -0.39976525
A6: Hyannis - Sturgis Charter School | B6: MA | C6: =SUM(Apr!C6, May!C6, Jun!C6) -> 104886.55 | D6: =SUM(Apr!D6, May!D6, Jun!D6) -> 0 | E6: =IF(AND(ISNUMBER(C6),ISNUMBER(D6)), C6-D6, "") -> 104886.55 | F6: =IFERROR(E6/D6, "") | G6: =SUM(Apr!G6,May!G6,Jun!G6) -> 100940 | H6: =SUM(Apr!H6, May!H6, Jun!H6) -> 3946.5505 | I6: =IFERROR(H6/G6, "") -> 0.039097984
A7: South Dennis - Tony Kent Arena | B7: MA | C7: =SUM(Apr!C7, May!C7, Jun!C7) -> 121443.18 | D7: =SUM(Apr!D7, May!D7, Jun!D7) -> 0 | E7: =IF(AND(ISNUMBER(C7),ISNUMBER(D7)), C7-D7, "") -> 121443.18 | F7: =IFERROR(E7/D7, "") | G7: =SUM(Apr!G7,May!G7,Jun!G7) -> 0 | H7: =SUM(Apr!H7, May!H7, Jun!H7) -> 0 | I7: =IFERROR(H7/G7, "")
A8: Caropolis - Felician Sisters | B8: PA | C8: =SUM(Apr!C8, May!C8, Jun!C8) -> 176632.5 | D8: =SUM(Apr!D8, May!D8, Jun!D8) -> 0 | E8: =IF(AND(ISNUMBER(C8),ISNUMBER(D8)), C8-D8, "") -> 176632.5 | F8: =IFERROR(E8/D8, "") | G8: =SUM(Apr!G8,May!G8,Jun!G8) -> 0 | H8: =SUM(Apr!H8, May!H8, Jun!H8) -> 0 | I8: =IFERROR(H8/G8, "")
A9: Clear Lake - Eastlake Gohman | B9: MN | C9: =SUM(Apr!C9, May!C9, Jun!C9) -> 526656 | D9: =SUM(Apr!D9, May!D9, Jun!D9) -> 0 | E9: =IF(AND(ISNUMBER(C9),ISNUMBER(D9)), C9-D9, "") -> 526656 | F9: =IFERROR(E9/D9, "") | G9: =SUM(Apr!G9+May!G9+Jun!G9) -> 570311.4 | H9: =SUM(Apr!H9, May!H9, Jun!H9) -> -43655.4 | I9: =IFERROR(H9/G9, "") -> -0.076546602
A10: Zumbrota - Eastlake Brenda Luhman | B10: MN | C10: =SUM(Apr!C10, May!C10, Jun!C10) -> 552019 | D10: =SUM(Apr!D10, May!D10, Jun!D10) -> 0 | E10: =IF(AND(ISNUMBER(C10),ISNUMBER(D10)), C10-D10, "") -> 552019 | F10: =IFERROR(E10/D10, "") | G10: =SUM(Apr!G10+May!G10+Jun!G10) -> 567651 | H10: =SUM(Apr!H10, May!H10, Jun!H10) -> -15632 | I10: =IFERROR(H10/G10, "") -> -0.027538047
A11: Cokato - Eastlake Carlson | B11: MN | C11: =SUM(Apr!C11, May!C11, Jun!C11) -> 502584 | D11: =SUM(Apr!D11, May!D11, Jun!D11) -> 0 | E11: =IF(AND(ISNUMBER(C11),ISNUMBER(D11)), C11-D11, "") -> 502584 | F11: =IFERROR(E11/D11, "") | G11: =SUM(Apr!G11+May!G11+Jun!G11) -> 605960.3 | H11: =SUM(Apr!H11, May!H11, Jun!H11) -> -103376.3 | I11: =IFERROR(H11/G11, "") -> -0.17059913
A12: North Branch - Cornille 2 | B12: MN | C12: =SUM(Apr!C12, May!C12, Jun!C12) -> 490309 | D12: =SUM(Apr!D12, May!D12, Jun!D12) -> 0 | E12: =IF(AND(ISNUMBER(C12),ISNUMBER(D12)), C12-D12, "") -> 490309 | F12: =IFERROR(E12/D12, "") | G12: =SUM(Apr!G12+May!G12+Jun!G12) -> 590753.3 | H12: =SUM(Apr!H12, May!H12, Jun!H12) -> -100444.3 | I12: =IFERROR(H12/G12, "") -> -0.17002749
A13: Clear Lake - Eastlake Hammer | B13: MN | C13: =SUM(Apr!C13, May!C13, Jun!C13) -> 637280.97 | D13: =SUM(Apr!D13, May!D13, Jun!D13) -> 0 | E13: =IF(AND(ISNUMBER(C13),ISNUMBER(D13)), C13-D13, "") -> 637280.97 | F13: =IFERROR(E13/D13, "") | G13: =SUM(Apr!G13+May!G13+Jun!G13) -> 714867.6 | H13: =SUM(Apr!H13, May!H13, Jun!H13) -> -77586.633 | I13: =IFERROR(H13/G13, "") -> -0.10853287
A14: Eastlake - Hertzberg CSG 1 | B14: MN | C14: =SUM(Apr!C14, May!C14, Jun!C14) -> 645017.74 | D14: =SUM(Apr!D14, May!D14, Jun!D14) -> 0 | E14: =IF(AND(ISNUMBER(C14),ISNUMBER(D14)), C14-D14, "") -> 645017.74 | F14: =IFERROR(E14/D14, "") | G14: =SUM(Apr!G14+May!G14+Jun!G14) -> 715062.31 | H14: =SUM(Apr!H14, May!H14, Jun!H14) -> -70044.57 | I14: =IFERROR(H14/G14, "") -> -0.097955898
A15: Cokato - Eastlake Laurel Village | B15: MN | C15: =SUM(Apr!C15, May!C15, Jun!C15) -> 659571 | D15: =SUM(Apr!D15, May!D15, Jun!D15) -> 0 | E15: =IF(AND(ISNUMBER(C15),ISNUMBER(D15)), C15-D15, "") -> 659571 | F15: =IFERROR(E15/D15, "") | G15: =SUM(Apr!G15+May!G15+Jun!G15) -> 748373 | H15: =SUM(Apr!H15, May!H15, Jun!H15) -> -88802 | I15: =IFERROR(H15/G15, "") -> -0.11866008
A16: St. Peter - Eastlake Paulson | B16: MN | C16: =SUM(Apr!C16, May!C16, Jun!C16) -> 545011.03 | D16: =SUM(Apr!D16, May!D16, Jun!D16) -> 0 | E16: =IF(AND(ISNUMBER(C16),ISNUMBER(D16)), C16-D16, "") -> 545011.03 | F16: =IFERROR(E16/D16, "") | G16: =SUM(Apr!G16+May!G16+Jun!G16) -> 610393.6 | H16: =SUM(Apr!H16, May!H16, Jun!H16) -> -65382.566 | I16: =IFERROR(H16/G16, "") -> -0.10711542
A17: Felician Sisters Convent | B17: NJ | C17: =SUM(Apr!C17, May!C17, Jun!C17) -> 53857.6 | D17: =SUM(Apr!D17, May!D17, Jun!D17) -> 0 | E17: =IF(AND(ISNUMBER(C17),ISNUMBER(D17)), C17-D17, "") -> 53857.6 | F17: =IFERROR(E17/D17, "") | G17: =SUM(Apr!G17,May!G17,Jun!G17) -> 0 | H17: =SUM(Apr!H17, May!H17, Jun!H17) -> 0 | I17: =IFERROR(H17/G17, "")
A18: Sussex County Fairgrounds | B18: NJ | C18: =SUM(Apr!C18, May!C18, Jun!C18) -> 124570.36 | D18: =SUM(Apr!D18, May!D18, Jun!D18) -> 0 | E18: =IF(AND(ISNUMBER(C18),ISNUMBER(D18)), C18-D18, "") -> 124570.36 | F18: =IFERROR(E18/D18, "") | G18: =SUM(Apr!G18,May!G18,Jun!G18) -> 0 | H18: =SUM(Apr!H18, May!H18, Jun!H18) -> 0 | I18: =IFERROR(H18/G18, "")
A19: Gateway Church | B19: NJ | C19: =SUM(Apr!C19, May!C19, Jun!C19) -> 81953 | D19: =SUM(Apr!D19, May!D19, Jun!D19) -> 0 | E19: =IF(AND(ISNUMBER(C19),ISNUMBER(D19)), C19-D19, "") -> 81953 | F19: =IFERROR(E19/D19, "") | G19: =SUM(Apr!G19,May!G19,Jun!G19) -> 0 | H19: =SUM(Apr!H19, May!H19, Jun!H19) -> 0 | I19: =IFERROR(H19/G19, "")
A20: Beaver Falls - Felician Sisters | B20: PA | C20: =SUM(Apr!C20, May!C20, Jun!C20) -> 123444 | D20: =SUM(Apr!D20, May!D20, Jun!D20) -> 0 | E20: =IF(AND(ISNUMBER(C20),ISNUMBER(D20)), C20-D20, "") -> 123444 | F20: =IFERROR(E20/D20, "") | G20: =SUM(Apr!G20,May!G20,Jun!G20) -> 0 | H20: =SUM(Apr!H20, May!H20, Jun!H20) -> 0 | I20: =IFERROR(H20/G20, "")
A21: Livonia - Felician Sisters Ground | B21: MI | C21: =SUM(Apr!C21, May!C21, Jun!C21) -> 0 | D21: =SUM(Apr!D21, May!D21, Jun!D21) -> 0 | E21: =IF(AND(ISNUMBER(C21),ISNUMBER(D21)), C21-D21, "") -> 0 | F21: =IFERROR(E21/D21, "") | G21: =SUM(Apr!G21,May!G21,Jun!G21) -> 0 | H21: =SUM(Apr!H21, May!H21, Jun!H21) -> 0 | I21: =IFERROR(H21/G21, "")
A22: Livonia - Felician Sisters Roof | B22: MI | C22: =SUM(Apr!C22, May!C22, Jun!C22) -> 50116 | D22: =SUM(Apr!D22, May!D22, Jun!D22) -> 0 | E22: =IF(AND(ISNUMBER(C22),ISNUMBER(D22)), C22-D22, "") -> 50116 | F22: =IFERROR(E22/D22, "") | G22: =SUM(Apr!G22,May!G22,Jun!G22) -> 0 | H22: =SUM(Apr!H22, May!H22, Jun!H22) -> 0 | I22: =IFERROR(H22/G22, "")
A23: Monmouth Worship Ctr | B23: NJ | C23: =SUM(Apr!C23, May!C23, Jun!C23) -> 35553.98 | D23: =SUM(Apr!D23, May!D23, Jun!D23) -> 0 | E23: =IF(AND(ISNUMBER(C23),ISNUMBER(D23)), C23-D23, "") -> 35553.98 | F23: =IFERROR(E23/D23, "") | G23: =SUM(Apr!G23,May!G23,Jun!G23) -> 0 | H23: =SUM(Apr!H23, May!H23, Jun!H23) -> 0 | I23: =IFERROR(H23/G23, "")
A24: Audubon - Senior Citizens United | B24: NJ | C24: =SUM(Apr!C24, May!C24, Jun!C24) -> 26707.475 | D24: =SUM(Apr!D24, May!D24, Jun!D24) -> 0 | E24: =IF(AND(ISNUMBER(C24),ISNUMBER(D24)), C24-D24, "") -> 26707.475 | F24: =IFERROR(E24/D24, "") | G24: =SUM(Apr!G24,May!G24,Jun!G24) -> 0 | H24: =SUM(Apr!H24, May!H24, Jun!H24) -> 0 | I24: =IFERROR(H24/G24, "")
A25: Hollister - PG&E (Enerparc) | B25: CA | C25: =SUM(Apr!C25, May!C25, Jun!C25) -> 0 | D25: =SUM(Apr!D25, May!D25, Jun!D25) -> 0 | E25: =IF(AND(ISNUMBER(C25),ISNUMBER(D25)), C25-D25, "") -> 0 | F25: =IFERROR(E25/D25, "") | G25: =SUM(Apr!G25,May!G25,Jun!G25) -> 759371.6 | H25: =SUM(Apr!H25, May!H25, Jun!H25) -> -759371.6 | I25: =IFERROR(H25/G25, "") -> -1
A26: Taos County - Kit Carson Electric Co-Op | B26: NM | C26: =SUM(Apr!C26, May!C26, Jun!C26) -> 432600 | D26: =SUM(Apr!D26, May!D26, Jun!D26) -> 508266.5 | E26: =IF(AND(ISNUMBER(C26),ISNUMBER(D26)), C26-D26, "") -> -75666.5 | F26: =IFERROR(E26/D26, "") -> -0.1488717 | G26: =SUM(Apr!G26,May!G26,Jun!G26) -> 448501.1 | H26: =SUM(Apr!H26, May!H26, Jun!H26) -> -15901.1 | I26: =IFERROR(H26/G26, "") -> -0.035453871
A27: Commerce City - Adams City HS | B27: CO | C27: =SUM(Apr!C27, May!C27, Jun!C27) -> 33504 | D27: =SUM(Apr!D27, May!D27, Jun!D27) -> 27090.29 | E27: =IF(AND(ISNUMBER(C27),ISNUMBER(D27)), C27-D27, "") -> 6413.71 | F27: =IFERROR(E27/D27, "") -> 0.23675309 | G27: =SUM(Apr!G27,May!G27,Jun!G27) -> 30650.47 | H27: =SUM(Apr!H27, May!H27, Jun!H27) -> 2853.53 | I27: =IFERROR(H27/G27, "") -> 0.093099062
A28: Commerce City - Adams City MS | B28: CO | C28: =SUM(Apr!C28, May!C28, Jun!C28) -> 27929 | D28: =SUM(Apr!D28, May!D28, Jun!D28) -> 24607.63 | E28: =IF(AND(ISNUMBER(C28),ISNUMBER(D28)), C28-D28, "") -> 3321.37 | F28: =IFERROR(E28/D28, "") -> 0.13497318 | G28: =SUM(Apr!G28,May!G28,Jun!G28) -> 26962.44 | H28: =SUM(Apr!H28, May!H28, Jun!H28) -> 966.56 | I28: =IFERROR(H28/G28, "") -> 0.035848388
... A75: CA: Stockton - SUSD - Peyton | B75: CA | C75: =SUM(Apr!C75, May!C75, Jun!C75) -> 50091 | D75: =SUM(Apr!D75, May!D75, Jun!D75) -> 56827.77 | E75: =IF(AND(ISNUMBER(C75),ISNUMBER(D75)), C75-D75, "") -> -6736.77 | F75: =IFERROR(E75/D75, "") -> -0.11854715 | G75: =SUM(Apr!G75,May!G75,Jun!G75) -> 55927.75 | H75: =SUM(Apr!H75, May!H75, Jun!H75) -> -5836.75 | I75: =IFERROR(H75/G75, "") -> -0.10436232
A76: TX: Barnhart - 42917 Ranch RD 2469 | B76: TX
A77: AZ: San Manuel - Senior & Junior HS | B77: AZ
A78: AZ: Sierra Vista - Colonel Smith MS | B78: AZ
A79: AZ: Sierra Vista - Colonel Johnston ES | B79: AZ
A80: NH: Dover - Dover HS | B80: NH
A81: MA: Somerville - 30 Inner Belt Rd | B81: MA
A82: MA: Boxborough - 1414 Massachusetts Ave | B82: MA
A83: NY: Amsterdam - 153 NY Route 67 | B83: NY
A84: CA: San Jose - GE Mobile Water | B84: CA
A85: NY: Rome - 7776 Tannery RD | B85: NY

Sheet 3rd Qtr
A1: {=portfolio} -> Clean Capital | D1: 3rd Quarter Actual v. Expected | G1: 3rd Quarter Actual v. Forecasted
A2: Total | C2: =SUM(C4:C179) -> 17176529 | D2: =SUM(D4:D179) -> 11534670 | E2: =C2-D2 -> 5641859 | F2: =IFERROR(E2/D2, 0) -> 0.48912183 | G2: =SUM(G4:G179) -> 19588978 | H2: =C2-G2 -> -2412449.2 | I2: =IFERROR(H2/G2, 0) -> -0.1231534
A3: Site | B3: State | C3: Actual | D3: Expected | E3: Delta | F3: % | G3: Forecasted | H3: Delta | I3: %
A4: {=Sites[Site]} -> Lexington - Cotting School | B4: {=Sites[State]} -> MA | C4: =SUM(Jul!C4, Aug!C4, Sep!C4) -> 125988.8 | D4: =SUM(Jul!D4, Aug!D4, Sep!D4) -> 0 | E4: =IF(AND(ISNUMBER(C4),ISNUMBER(D4)), C4-D4, "") -> 125988.8 | F4: =IFERROR(E4/D4, "") | G4: =SUM(Jul!G4,Aug!G4,Sep!G4) -> 0 | H4: =SUM(Jul!H4, Aug!H4, Sep!H4) -> 0 | I4: =IFERROR(H4/G4, "")
A5: Pacoima - Whiteman Airport | B5: CA | C5: =SUM(Jul!C5, Aug!C5, Sep!C5) -> 69837.1 | D5: =SUM(Jul!D5, Aug!D5, Sep!D5) -> 0 | E5: =IF(AND(ISNUMBER(C5),ISNUMBER(D5)), C5-D5, "") -> 69837.1 | F5: =IFERROR(E5/D5, "") | G5: =SUM(Jul!G5,Aug!G5,Sep!G5) -> 134818.9 | H5: =SUM(Jul!H5, Aug!H5, Sep!H5) -> -64981.8 | I5: =IFERROR(H5/G5, "") -> -0.48199325
A6: Hyannis - Sturgis Charter School | B6: MA | C6: =SUM(Jul!C6, Aug!C6, Sep!C6) -> 106190.1 | D6: =SUM(Jul!D6, Aug!D6, Sep!D6) -> 0 | E6: =IF(AND(ISNUMBER(C6),ISNUMBER(D6)), C6-D6, "") -> 106190.1 | F6: =IFERROR(E6/D6, "") | G6: =SUM(Jul!G6,Aug!G6,Sep!G6) -> 97999.08 | H6: =SUM(Jul!H6, Aug!H6, Sep!H6) -> 8191.0151 | I6: =IFERROR(H6/G6, "") -> 0.083582571
A7: South Dennis - Tony Kent Arena | B7: MA | C7: =SUM(Jul!C7, Aug!C7, Sep!C7) -> 120140.6 | D7: =SUM(Jul!D7, Aug!D7, Sep!D7) -> 0 | E7: =IF(AND(ISNUMBER(C7),ISNUMBER(D7)), C7-D7, "") -> 120140.6 | F7: =IFERROR(E7/D7, "") | G7: =SUM(Jul!G7,Aug!G7,Sep!G7) -> 0 | H7: =SUM(Jul!H7, Aug!H7, Sep!H7) -> 0 | I7: =IFERROR(H7/G7, "")
A8: Caropolis - Felician Sisters | B8: PA | C8: =SUM(Jul!C8, Aug!C8, Sep!C8) -> 141425.5 | D8: =SUM(Jul!D8, Aug!D8, Sep!D8) -> 0 | E8: =IF(AND(ISNUMBER(C8),ISNUMBER(D8)), C8-D8, "") -> 141425.5 | F8: =IFERROR(E8/D8, "") | G8: =SUM(Jul!G8,Aug!G8,Sep!G8) -> 0 | H8: =SUM(Jul!H8, Aug!H8, Sep!H8) -> 0 | I8: =IFERROR(H8/G8, "")
A9: Clear Lake - Eastlake Gohman | B9: MN | C9: =SUM(Jul!C9, Aug!C9, Sep!C9) -> 504186.1 | D9: =SUM(Jul!D9, Aug!D9, Sep!D9) -> 0 | E9: =IF(AND(ISNUMBER(C9),ISNUMBER(D9)), C9-D9, "") -> 504186.1 | F9: =IFERROR(E9/D9, "") | G9: =SUM(Jul!G9,Aug!G9,Sep!G9) -> 572348.9 | H9: =SUM(Jul!H9, Aug!H9, Sep!H9) -> -68162.804 | I9: =IFERROR(H9/G9, "") -> -0.1190931
A10: Zumbrota - Eastlake Brenda Luhman | B10: MN | C10: =SUM(Jul!C10, Aug!C10, Sep!C10) -> 575157 | D10: =SUM(Jul!D10, Aug!D10, Sep!D10) -> 0 | E10: =IF(AND(ISNUMBER(C10),ISNUMBER(D10)), C10-D10, "") -> 575157 | F10: =IFERROR(E10/D10, "") | G10: =SUM(Jul!G10,Aug!G10,Sep!G10) -> 556918.5 | H10: =SUM(Jul!H10, Aug!H10, Sep!H10) -> 18238.5 | I10: =IFERROR(H10/G10, "") -> 0.032748957
A11: Cokato - Eastlake Carlson | B11: MN | C11: =SUM(Jul!C11, Aug!C11, Sep!C11) -> 543099 | D11: =SUM(Jul!D11, Aug!D11, Sep!D11) -> 0 | E11: =IF(AND(ISNUMBER(C11),ISNUMBER(D11)), C11-D11, "") -> 543099 | F11: =IFERROR(E11/D11, "") | G11: =SUM(Jul!G11,Aug!G11,Sep!G11) -> 604667.2 | H11: =SUM(Jul!H11, Aug!H11, Sep!H11) -> -61568.2 | I11: =IFERROR(H11/G11, "") -> -0.10182163
A12: North Branch - Cornille 2 | B12: MN | C12: =SUM(Jul!C12, Aug!C12, Sep!C12) -> 563255 | D12: =SUM(Jul!D12, Aug!D12, Sep!D12) -> 0 | E12: =IF(AND(ISNUMBER(C12),ISNUMBER(D12)), C12-D12, "") -> 563255 | F12: =IFERROR(E12/D12, "") | G12: =SUM(Jul!G12,Aug!G12,Sep!G12) -> 570208 | H12: =SUM(Jul!H12, Aug!H12, Sep!H12) -> -6953 | I12: =IFERROR(H12/G12, "") -> -0.012193796
A13: Clear Lake - Eastlake Hammer | B13: MN | C13: =SUM(Jul!C13, Aug!C13, Sep!C13) -> 632010 | D13: =SUM(Jul!D13, Aug!D13, Sep!D13) -> 0 | E13: =IF(AND(ISNUMBER(C13),ISNUMBER(D13)), C13-D13, "") -> 632010 | F13: =IFERROR(E13/D13, "") | G13: =SUM(Jul!G13,Aug!G13,Sep!G13) -> 695386.4 | H13: =SUM(Jul!H13, Aug!H13, Sep!H13) -> -63376.4 | I13: =IFERROR(H13/G13, "") -> -0.091138394
A14: Eastlake - Hertzberg CSG 1 | B14: MN | C14: =SUM(Jul!C14, Aug!C14, Sep!C14) -> 535713.77 | D14: =SUM(Jul!D14, Aug!D14, Sep!D14) -> 0 | E14: =IF(AND(ISNUMBER(C14),ISNUMBER(D14)), C14-D14, "") -> 535713.77 | F14: =IFERROR(E14/D14, "") | G14: =SUM(Jul!G14,Aug!G14,Sep!G14) -> 702968.21 | H14: =SUM(Jul!H14, Aug!H14, Sep!H14) -> -167254.44 | I14: =IFERROR(H14/G14, "") -> -0.23792604
A15: Cokato - Eastlake Laurel Village | B15: MN | C15: =SUM(Jul!C15, Aug!C15, Sep!C15) -> 624307.95 | D15: =SUM(Jul!D15, Aug!D15, Sep!D15) -> 0 | E15: =IF(AND(ISNUMBER(C15),ISNUMBER(D15)), C15-D15, "") -> 624307.95 | F15: =IFERROR(E15/D15, "") | G15: =SUM(Jul!G15,Aug!G15,Sep!G15) -> 685835.7 | H15: =SUM(Jul!H15, Aug!H15, Sep!H15) -> -61527.75 | I15: =IFERROR(H15/G15, "") -> -0.089712084
A16: St. Peter - Eastlake Paulson | B16: MN | C16: =SUM(Jul!C16, Aug!C16, Sep!C16) -> 571528.15 | D16: =SUM(Jul!D16, Aug!D16, Sep!D16) -> 0 | E16: =IF(AND(ISNUMBER(C16),ISNUMBER(D16)), C16-D16, "") -> 571528.15 | F16: =IFERROR(E16/D16, "") | G16: =SUM(Jul!G16,Aug!G16,Sep!G16) -> 618414.4 | H16: =SUM(Jul!H16, Aug!H16, Sep!H16) -> -46886.248 | I16: =IFERROR(H16/G16, "") -> -0.075816877
... A85: NY: Rome - 7776 Tannery RD | B85: NY | C85: =SUM(Jul!C85, Aug!C85, Sep!C85) -> 1067992.5 | D85: =SUM(Jul!D85, Aug!D85, Sep!D85) -> 1175527.5 | E85: =IF(AND(ISNUMBER(C85),ISNUMBER(D85)), C85-D85, "") -> -107535 | F85: =IFERROR(E85/D85, "") -> -0.091478084 | G85: =SUM(Jul!G85,Aug!G85,Sep!G85) -> 1159047.7 | H85: =SUM(Jul!H85, Aug!H85, Sep!H85) -> -91055.203 | I85: =IFERROR(H85/G85, "") -> -0.078560359

Sheet 4th Qtr
A1: {=portfolio} -> Clean Capital | D1: 4th Quarter Actual v. Expected | G1: 4th Quarter Actual v. Forecasted
A2: Total | C2: =SUM(C4:C178) -> 4329592.5 | D2: =SUM(D4:D178) -> 3150845.6 | E2: =C2-D2 -> 1178746.9 | F2: =IFERROR(E2/D2, 0) -> 0.37410495 | G2: =SUM(G4:G178) -> 4636831.1 | H2: =C2-G2 -> -307238.54 | I2: =IFERROR(H2/G2, 0) -> -0.066260456
A3: Site | B3: State | C3: Actual | D3: Expected | E3: Delta | F3: % | G3: Forecasted | H3: Delta | I3: %
A4: {=Sites[Site]} -> Lexington - Cotting School | B4: {=Sites[State]} -> MA | C4: =SUM(Oct!C4, Nov!C4, Dec!C4) -> 26318.2 | D4: =SUM(Oct!D4, Nov!D4, Dec!D4) -> 0 | E4: =IF(AND(ISNUMBER(C4),ISNUMBER(D4)), C4-D4, "") -> 26318.2 | F4: =IFERROR(E4/D4, "") | G4: =SUM(Oct!G4,Nov!G4,Dec!G4) -> 0 | H4: =SUM(Oct!H4, Nov!H4, Dec!H4) -> 0 | I4: =IFERROR(H4/G4, "")
A5: Pacoima - Whiteman Airport | B5: CA | C5: =SUM(Oct!C5, Nov!C5, Dec!C5) -> 25774.5 | D5: =SUM(Oct!D5, Nov!D5, Dec!D5) -> 0 | E5: =IF(AND(ISNUMBER(C5),ISNUMBER(D5)), C5-D5, "") -> 25774.5 | F5: =IFERROR(E5/D5, "") | G5: =SUM(Oct!G5,Nov!G5,Dec!G5) -> 40040 | H5: =SUM(Oct!H5, Nov!H5, Dec!H5) -> -14265.5 | I5: =IFERROR(H5/G5, "") -> -0.35628122
A6: Hyannis - Sturgis Charter School | B6: MA | C6: =SUM(Oct!C6, Nov!C6, Dec!C6) -> 20955.604 | D6: =SUM(Oct!D6, Nov!D6, Dec!D6) -> 0 | E6: =IF(AND(ISNUMBER(C6),ISNUMBER(D6)), C6-D6, "") -> 20955.604 | F6: =IFERROR(E6/D6, "") | G6: =SUM(Oct!G6,Nov!G6,Dec!G6) -> 20840 | H6: =SUM(Oct!H6, Nov!H6, Dec!H6) -> 115.60413 | I6: =IFERROR(H6/G6, "") -> 0.0055472231
A7: South Dennis - Tony Kent Arena | B7: MA | C7: =SUM(Oct!C7, Nov!C7, Dec!C7) -> 22120.2 | D7: =SUM(Oct!D7, Nov!D7, Dec!D7) -> 0 | E7: =IF(AND(ISNUMBER(C7),ISNUMBER(D7)), C7-D7, "") -> 22120.2 | F7: =IFERROR(E7/D7, "") | G7: =SUM(Oct!G7,Nov!G7,Dec!G7) -> 0 | H7: =SUM(Oct!H7, Nov!H7, Dec!H7) -> 0 | I7: =IFERROR(H7/G7, "")
A8: Caropolis - Felician Sisters | B8: PA | C8: =SUM(Oct!C8, Nov!C8, Dec!C8) -> 46950.9 | D8: =SUM(Oct!D8, Nov!D8, Dec!D8) -> 0 | E8: =IF(AND(ISNUMBER(C8),ISNUMBER(D8)), C8-D8, "") -> 46950.9 | F8: =IFERROR(E8/D8, "") | G8: =SUM(Oct!G8,Nov!G8,Dec!G8) -> 0 | H8: =SUM(Oct!H8, Nov!H8, Dec!H8) -> 0 | I8: =IFERROR(H8/G8, "")
A9: Clear Lake - Eastlake Gohman | B9: MN | C9: =SUM(Oct!C9, Nov!C9, Dec!C9) -> 123287 | D9: =SUM(Oct!D9, Nov!D9, Dec!D9) -> 0 | E9: =IF(AND(ISNUMBER(C9),ISNUMBER(D9)), C9-D9, "") -> 123287 | F9: =IFERROR(E9/D9, "") | G9: =SUM(Oct!G9,Nov!G9,Dec!G9) -> 156550.8 | H9: =SUM(Oct!H9, Nov!H9, Dec!H9) -> -33263.8 | I9: =IFERROR(H9/G9, "") -> -0.21247927
A10: Zumbrota - Eastlake Brenda Luhman | B10: MN | C10: =SUM(Oct!C10, Nov!C10, Dec!C10) -> 149182 | D10: =SUM(Oct!D10, Nov!D10, Dec!D10) -> 0 | E10: =IF(AND(ISNUMBER(C10),ISNUMBER(D10)), C10-D10, "") -> 149182 | F10: =IFERROR(E10/D10, "") | G10: =SUM(Oct!G10,Nov!G10,Dec!G10) -> 138962.2 | H10: =SUM(Oct!H10, Nov!H10, Dec!H10) -> 10219.8 | I10: =IFERROR(H10/G10, "") -> 0.073543741
A11: Cokato - Eastlake Carlson | B11: MN | C11: =SUM(Oct!C11, Nov!C11, Dec!C11) -> 120234 | D11: =SUM(Oct!D11, Nov!D11, Dec!D11) -> 0 | E11: =IF(AND(ISNUMBER(C11),ISNUMBER(D11)), C11-D11, "") -> 120234 | F11: =IFERROR(E11/D11, "") | G11: =SUM(Oct!G11,Nov!G11,Dec!G11) -> 141771.6 | H11: =SUM(Oct!H11, Nov!H11, Dec!H11) -> -21537.6 | I11: =IFERROR(H11/G11, "") -> -0.15191759
A12: North Branch - Cornille 2 | B12: MN | C12: =SUM(Oct!C12, Nov!C12, Dec!C12) -> 135138 | D12: =SUM(Oct!D12, Nov!D12, Dec!D12) -> 0 | E12: =IF(AND(ISNUMBER(C12),ISNUMBER(D12)), C12-D12, "") -> 135138 | F12: =IFERROR(E12/D12, "") | G12: =SUM(Oct!G12,Nov!G12,Dec!G12) -> 147992.3 | H12: =SUM(Oct!H12, Nov!H12, Dec!H12) -> -12854.3 | I12: =IFERROR(H12/G12, "") -> -0.086857897
A13: Clear Lake - Eastlake Hammer | B13: MN | C13: =SUM(Oct!C13, Nov!C13, Dec!C13) -> 129622 | D13: =SUM(Oct!D13, Nov!D13, Dec!D13) -> 0 | E13: =IF(AND(ISNUMBER(C13),ISNUMBER(D13)), C13-D13, "") -> 129622 | F13: =IFERROR(E13/D13, "") | G13: =SUM(Oct!G13,Nov!G13,Dec!G13) -> 151553.6 | H13: =SUM(Oct!H13, Nov!H13, Dec!H13) -> -21931.6 | I13: =IFERROR(H13/G13, "") -> -0.14471184
A14: Eastlake - Hertzberg CSG 1 | B14: MN | C14: =SUM(Oct!C14, Nov!C14, Dec!C14) -> 112037.23 | D14: =SUM(Oct!D14, Nov!D14, Dec!D14) -> 0 | E14: =IF(AND(ISNUMBER(C14),ISNUMBER(D14)), C14-D14, "") -> 112037.23 | F14: =IFERROR(E14/D14, "") | G14: =SUM(Oct!G14,Nov!G14,Dec!G14) -> 154680.7 | H14: =SUM(Oct!H14, Nov!H14, Dec!H14) -> -42643.475 | I14: =IFERROR(H14/G14, "") -> -0.27568711
A15: Cokato - Eastlake Laurel Village | B15: MN | C15: =SUM(Oct!C15, Nov!C15, Dec!C15) -> 129368.05 | D15: =SUM(Oct!D15, Nov!D15, Dec!D15) -> 0 | E15: =IF(AND(ISNUMBER(C15),ISNUMBER(D15)), C15-D15, "") -> 129368.05 | F15: =IFERROR(E15/D15, "") | G15: =SUM(Oct!G15,Nov!G15,Dec!G15) -> 150906.9 | H15: =SUM(Oct!H15, Nov!H15, Dec!H15) -> -21538.85 | I15: =IFERROR(H15/G15, "") -> -0.14272939
A16: St. Peter - Eastlake Paulson | B16: MN | C16: =SUM(Oct!C16, Nov!C16, Dec!C16) -> 129541.35 | D16: =SUM(Oct!D16, Nov!D16, Dec!D16) -> 0 | E16: =IF(AND(ISNUMBER(C16),ISNUMBER(D16)), C16-D16, "") -> 129541.35 | F16: =IFERROR(E16/D16, "") | G16: =SUM(Oct!G16,Nov!G16,Dec!G16) -> 145203.8 | H16: =SUM(Oct!H16, Nov!H16, Dec!H16) -> -15662.454 | I16: =IFERROR(H16/G16, "") -> -0.10786532
... A85: NY: Rome - 7776 Tannery RD | B85: NY | C85: =SUM(Oct!C85, Nov!C85, Dec!C85) -> 287375.32 | D85: =SUM(Oct!D85, Nov!D85, Dec!D85) -> 307686.2 | E85: =IF(AND(ISNUMBER(C85),ISNUMBER(D85)), C85-D85, "") -> -20310.885 | F85: =IFERROR(E85/D85, "") -> -0.066011685 | G85: =SUM(Oct!G85,Nov!G85,Dec!G85) -> 265023.1 | H85: =SUM(Oct!H85, Nov!H85, Dec!H85) -> 22352.215 | I85: =IFERROR(H85/G85, "") -> 0.084340631

Sheet Jan
A1: {=portfolio} -> Clean Capital | D1: January Actual v. Expected | G1: January Actual v. Forecasted
A2: Total | C2: =SUM(C4:C78) -> 52388.975 | D2: =SUM(D4:D78) -> 0 | E2: =C2-D2 -> 52388.975 | F2: =IFERROR(E2/D2, 0) -> 0 | G2: =SUM(G4:G78) -> 40330 | H2: =C2-G2 -> 12058.975 | I2: =IFERROR(H2/G2, 0) -> 0.29900756 | J2: =IF(AND(TODAY()>DATE(2024, 1, 1), COUNTA(Sites[Site])<>(COUNT(C:C)-1)), "Some sites are missing actual data; if new sites were added, make sure they are aligned correctly (including prior months!)", "") -> Some sites are missing actual data; if new sites were added, make sure they are aligned correctly (including prior months!)
A3: Site | B3: State | C3: Actual | D3: Expected | E3: Delta | F3: % | G3: Forecasted | H3: Delta | I3: % | J3: Notes1 | K3: Service Requests
A4: {=Sites[Site]} -> Lexington - Cotting School | B4: {=Sites[State]} -> MA | C4: 10561.04 | D4: 0 | E4: =IF(AND(ISNUMBER(C4),ISNUMBER(D4)), C4-D4, "") -> 10561.04 | F4: =IFERROR(E4/D4, "") | G4: 0 | H4: =IF(AND(ISNUMBER(C4),ISNUMBER(G4)), C4-G4, "") -> 10561.04 | I4: =IFERROR(H4/G4, "") | J4: 1. Inverter 2 is offline from 01/01 due to several isolation errors. | K4: 1. SR095368
A5: Pacoima - Whiteman Airport | B5: CA | C5: 14475.1 | D5: 0 | E5: =IF(AND(ISNUMBER(C5),ISNUMBER(D5)), C5-D5, "") -> 14475.1 | F5: =IFERROR(E5/D5, "") | G5: 28600 | H5: =IF(AND(ISNUMBER(C5),ISNUMBER(G5)), C5-G5, "") -> -14124.9 | I5: =IFERROR(H5/G5, "") -> -0.49387762 | J5: 1. Inverters D, I, and O were offline due to arc faults, while inverters L and Q had been offline since 12/08/23, and Inverter P had been offline since 06/14/24. On 01/17, a technician visited the site, troubleshot all inverters, and brought them back online except for inverter K, which remained out of service due to a non-functional LED screen. Inverter K has been RMA’d. | K5: 1.SR095501
A6: Hyannis - Sturgis Charter School | B6: MA | C6: 13994.515 | D6: 0 | E6: =IF(AND(ISNUMBER(C6),ISNUMBER(D6)), C6-D6, "") -> 13994.515 | F6: =IFERROR(E6/D6, "") | G6: 11730 | H6: =IF(AND(ISNUMBER(C6),ISNUMBER(G6)), C6-G6, "") -> 2264.515 | I6: =IFERROR(H6/G6, "") -> 0.19305328
A7: South Dennis - Tony Kent Arena | B7: MA | C7: 13358.32 | D7: 0 | E7: =IF(AND(ISNUMBER(C7),ISNUMBER(D7)), C7-D7, "") -> 13358.32 | F7: =IFERROR(E7/D7, "") | G7: 0 | H7: =IF(AND(ISNUMBER(C7),ISNUMBER(G7)), C7-G7, "") -> 13358.32 | I7: =IFERROR(H7/G7, "") | J7: 1. Site started derated at 12:30pm and later was offline at 15:00 on 01/29 through out the month. | K7: 1.SR096179
A8: Caropolis - Felician Sisters | B8: PA
A9: Clear Lake - Eastlake Gohman | B9: MN
A10: Zumbrota - Eastlake Brenda Luhman | B10: MN
A11: Cokato - Eastlake Carlson | B11: MN
A12: North Branch - Cornille 2 | B12: MN
A13: Clear Lake - Eastlake Hammer | B13: MN
A14: Eastlake - Hertzberg CSG 1 | B14: MN
A15: Cokato - Eastlake Laurel Village | B15: MN
A16: St. Peter - Eastlake Paulson | B16: MN
A17: Felician Sisters Convent | B17: NJ
A18: Sussex County Fairgrounds | B18: NJ
A19: Gateway Church | B19: NJ
... A85: NY: Rome - 7776 Tannery RD | B85: NY

Sheet Feb
A1: {=portfolio} -> Clean Capital | D1: February Actual v. Expected | G1: February Actual v. Forecasted
A2: Total | C2: =SUM(C4:C80) -> 65342.146 | D2: =SUM(D4:D80) -> 0 | E2: =C2-D2 -> 65342.146 | F2: =IFERROR(E2/D2, 0) -> 0 | G2: =SUM(G4:G80) -> 50120 | H2: =C2-G2 -> 15222.146 | I2: =IFERROR(H2/G2, 0) -> 0.303714 | J2: =IF(AND(TODAY()>DATE(2024, 2, 1), COUNTA(Sites[Site])<>(COUNT(C:C)-1)), "Some sites are missing actual data; if new sites were added, make sure they are aligned correctly (including prior months!)", "") -> Some sites are missing actual data; if new sites were added, make sure they are aligned correctly (including prior months!)
A3: Site | B3: State | C3: Actual | D3: Expected | E3: Delta | F3: % | G3: Forecasted | H3: Delta | I3: % | K3: Service Requests
A4: {=Sites[Site]} -> Lexington - Cotting School | B4: {=Sites[State]} -> MA | C4: 7512.56 | D4: 0 | E4: =IF(AND(ISNUMBER(C4),ISNUMBER(D4)), C4-D4, "") -> 7512.56 | F4: =IFERROR(E4/D4, "") | G4: 0 | H4: =IF(AND(ISNUMBER(C4),ISNUMBER(G4)), C4-G4, "") -> 7512.56 | I4: =IFERROR(H4/G4, "") | J4: 1. Inverter 2 is offline from 01/01 due to several isolation errors. 2. Inverter 1 tripped offline since 02/25 due to insulation faults. | K4: 1.SR095368 2.SR097850 | L4: SR097850
A5: Pacoima - Whiteman Airport | B5: CA | C5: 23461.7 | D5: 0 | E5: =IF(AND(ISNUMBER(C5),ISNUMBER(D5)), C5-D5, "") -> 23461.7 | F5: =IFERROR(E5/D5, "") | G5: 34320 | H5: =IF(AND(ISNUMBER(C5),ISNUMBER(G5)), C5-G5, "") -> -10858.3 | I5: =IFERROR(H5/G5, "") -> -0.31638403 | J5: 1.Inverters L, N, P, and Q were offline, and Inverter I was reporting an ARC fault. On 02/20 upon the technician's arrival, it was found that Inverters L, P, and Q were offline, Inverter I was offline and reporting an ARC fault, while Inverter N was also reporting an ARC fault. The fault was cleared, and the inverters L, Q, I and N was power-cycled and they are back online. But Inverters N and P are out of warranty required additional troubleshoot. 2.Inverter K has been RMA’d, On 02/04, the technician brought Inverter K back online by updating its software. | K5: 1.SR096409, SR097783 2.SR095501 | L5: SR097783 | M5: SR095501
A6: Hyannis - Sturgis Charter School | B6: MA | C6: 16727.086 | D6: 0 | E6: =IF(AND(ISNUMBER(C6),ISNUMBER(D6)), C6-D6, "") -> 16727.086 | F6: =IFERROR(E6/D6, "") | G6: 15800 | H6: =IF(AND(ISNUMBER(C6),ISNUMBER(G6)), C6-G6, "") -> 927.08582 | I6: =IFERROR(H6/G6, "") -> 0.058676317
A7: South Dennis - Tony Kent Arena | B7: MA | C7: 17640.8 | D7: 0 | E7: =IF(AND(ISNUMBER(C7),ISNUMBER(D7)), C7-D7, "") -> 17640.8 | F7: =IFERROR(E7/D7, "") | G7: 0 | H7: =IF(AND(ISNUMBER(C7),ISNUMBER(G7)), C7-G7, "") -> 17640.8 | I7: =IFERROR(H7/G7, "") | J7: 1.The site has been offline since 01/29. On 02/03, upon the technician's arrival, it was found that DC strings CB1, string 10, and CB6, string 7, each had no open-circuit string voltage, even without the fuse. After isolating these strings, the inverter was re-energized, and the site was brought back online at 02:45 PM on 02/03. | K7: 1.SR096179, SR096262 | L7: SR096262
A8: Caropolis - Felician Sisters | B8: PA
A9: Clear Lake - Eastlake Gohman | B9: MN
A10: Zumbrota - Eastlake Brenda Luhman | B10: MN
A11: Cokato - Eastlake Carlson | B11: MN
A12: North Branch - Cornille 2 | B12: MN
A13: Clear Lake - Eastlake Hammer | B13: MN
A14: Eastlake - Hertzberg CSG 1 | B14: MN
A15: Cokato - Eastlake Laurel Village | B15: MN
A16: St. Peter - Eastlake Paulson | B16: MN
A17: Felician Sisters Convent | B17: NJ
A18: Sussex County Fairgrounds | B18: NJ
A19: Gateway Church | B19: NJ
... A85: NY: Rome - 7776 Tannery RD | B85: NY

Sheet Mar
A1: {=portfolio} -> Clean Capital | D1: March Actual v. Expected | G1: March Actual v. Forecasted
A2: Total | C2: =SUM(C4:C85) -> 1710215.6 | D2: =SUM(D4:D85) -> 0 | E2: =C2-D2 -> 1710215.6 | F2: =IFERROR(E2/D2, 0) -> 0 | G2: =SUM(G4:G85) -> 1440240.2 | H2: =C2-G2 -> 269975.37 | I2: =IFERROR(H2/G2, 0) -> 0.18745162 | J2: =IF(AND(TODAY()>DATE(2024, 3, 1), COUNTA(Sites[Site])<>(COUNT(C:C)-1)), "Some sites are missing actual data; if new sites were added, make sure they are aligned correctly (including prior months!)", "") -> Some sites are missing actual data; if new sites were added, make sure they are aligned correctly (including prior months!)
A3: Site | B3: State | C3: Actual | D3: Expected | E3: Delta | F3: % | G3: Forecasted | H3: Delta | I3: % | J3: Notes | K3: Service Requests
A4: {=Sites[Site]} -> Lexington - Cotting School | B4: {=Sites[State]} -> MA | C4: 27815.04 | D4: N/A | E4: =IF(AND(ISNUMBER(C4),ISNUMBER(D4)), C4-D4, "") | F4: =IFERROR(E4/D4, "") | G4: N/A | H4: =IF(AND(ISNUMBER(C4),ISNUMBER(G4)), C4-G4, "") | I4: =IFERROR(H4/G4, "") | J4: 1. Inverter 2 is offline from 01/01 due to several isolation errors. 2. Inverter 1 tripped offline on 02/25 due to insulation faults and came back online at 02:35 on 03/01. It has also gone offline multiple times throughout the month. | K4: 1.SR095368 2.SR097850 | L4: SR097850
A5: Pacoima - Whiteman Airport | B5: CA | C5: 20209.2 | D5: N/A | E5: =IF(AND(ISNUMBER(C5),ISNUMBER(D5)), C5-D5, "") | F5: =IFERROR(E5/D5, "") | G5: 45760 | H5: =IF(AND(ISNUMBER(C5),ISNUMBER(G5)), C5-G5, "") -> -25550.8 | I5: =IFERROR(H5/G5, "") -> -0.55836538 | J5: 1.Inverter L tripped offline due to Arc fault detected from 09:50AM on 03/02 through out the month. 2.Inverter I tripped offline due to an arc fault from 17:10 on 03/09 through out the month. 3.Site was offline between 9AM to 10:30Am on 03/07 due to grid fault. Again site was offline from 15:30 to 15:40 on 03/19 due to Grid undervoltage. 4.Inverter P was offline and Inverter N was offline and lost communication on multiple days through out the month. Inverters N and P require manufacturer diagnostics, but their warranties have expired—repair and shipping costs not covered. Client is considering replacing AE inverters with another brand and is seeking recommendations. | K5: 1.SR097975 2.SR097975 3.SR098262 & SR098783 4.SR097783 & SR098428 | L5: SR097975 | M5: SR098262 | N5: SR098783 | O5: SR097783 | P5: SR098428
A6: Hyannis - Sturgis Charter School | B6: MA | C6: 26110.794 | D6: N/A | E6: =IF(AND(ISNUMBER(C6),ISNUMBER(D6)), C6-D6, "") | F6: =IFERROR(E6/D6, "") | G6: 27010 | H6: =IF(AND(ISNUMBER(C6),ISNUMBER(G6)), C6-G6, "") -> -899.20606 | I6: =IFERROR(H6/G6, "") -> -0.033291598
A7: South Dennis - Tony Kent Arena | B7: MA | C7: 30514.08 | D7: N/A | E7: =IF(AND(ISNUMBER(C7),ISNUMBER(D7)), C7-D7, "") | F7: =IFERROR(E7/D7, "") | G7: N/A | H7: =IF(AND(ISNUMBER(C7),ISNUMBER(G7)), C7-G7, "") | I7: =IFERROR(H7/G7, "") | J7: 1. The inverter was tripping on and off. Upon the technician's arrival, it was found that DC strings—CB1 String 10 and CB6 String 7—had no open-circuit voltage and a broken module, even with the fuses removed. After isolating these strings, the inverter was re-energized, and the affected modules are currently pending replacement. | K7: 1. SR096262, SR099066 | L7: SR099066
A8: Caropolis - Felician Sisters | B8: PA | C8: 51053.4 | D8: N/A | E8: =IF(AND(ISNUMBER(C8),ISNUMBER(D8)), C8-D8, "") | F8: =IFERROR(E8/D8, "") | H8: =IF(AND(ISNUMBER(C8),ISNUMBER(G8)), C8-G8, "") | I8: =IFERROR(H8/G8, "") | J8: 1. Inverter 13 is underperforming by approximately 10 kW compared to its peers. | K8: 1. SR098870
A9: Clear Lake - Eastlake Gohman | B9: MN | C9: 174810 | D9: N/A | E9: =IF(AND(ISNUMBER(C9),ISNUMBER(D9)), C9-D9, "") | F9: =IFERROR(E9/D9, "") | G9: 155938.5 | H9: =IF(AND(ISNUMBER(C9),ISNUMBER(G9)), C9-G9, "") -> 18871.5 | I9: =IFERROR(H9/G9, "") -> 0.12101886
A10: Zumbrota - Eastlake Brenda Luhman | B10: MN | C10: 179285.13 | D10: N/A | E10: =IF(AND(ISNUMBER(C10),ISNUMBER(D10)), C10-D10, "") | F10: =IFERROR(E10/D10, "") | G10: 161850.1 | H10: =IF(AND(ISNUMBER(C10),ISNUMBER(G10)), C10-G10, "") -> 17435.027 | I10: =IFERROR(H10/G10, "") -> 0.1077233
A11: Cokato - Eastlake Carlson | B11: MN | C11: 147025.48 | D11: N/A | E11: =IF(AND(ISNUMBER(C11),ISNUMBER(D11)), C11-D11, "") | F11: =IFERROR(E11/D11, "") | G11: 189506 | H11: =IF(AND(ISNUMBER(C11),ISNUMBER(G11)), C11-G11, "") -> -42480.516 | I11: =IFERROR(H11/G11, "") -> -0.22416449 | J11: 1.Site has not started for the production on 03/13, technician found that the SEL realy was opened and later closed the relay the site was back online at 16:20 on 03/13. 2. Site was offline on 03/15 due to heavy stroms later technician was able to close the relay on 03/17 at 14:15. | K11: 1.SR098497 2.SR098613 | L11: SR098613
A12: North Branch - Cornille 2 | B12: MN | C12: 142625 | D12: N/A | E12: =IF(AND(ISNUMBER(C12),ISNUMBER(D12)), C12-D12, "") | F12: =IFERROR(E12/D12, "") | G12: 156749.8 | H12: =IF(AND(ISNUMBER(C12),ISNUMBER(G12)), C12-G12, "") -> -14124.8 | I12: =IFERROR(H12/G12, "") -> -0.090110482 | J12: 1.Inverter 6 is down a string from 07/30/24. 2.Site has not started for the production on 03/13, technician found that the SEL realy was opened and later closed the relay the site was back online at 14:45 on 03/13. 3.Site was offline on 03/15 due to heavy stroms later technician was able to close the relay on 03/17 at 13:15. | K12: 1.SR098046 2.SR098496 3.SR098614 | L12: SR098496 | M12: SR098614
A13: Clear Lake - Eastlake Hammer | B13: MN | C13: 196603.03 | D13: N/A | E13: =IF(AND(ISNUMBER(C13),ISNUMBER(D13)), C13-D13, "") | F13: =IFERROR(E13/D13, "") | G13: 181153.8 | H13: =IF(AND(ISNUMBER(C13),ISNUMBER(G13)), C13-G13, "") -> 15449.233 | I13: =IFERROR(H13/G13, "") -> 0.085282409 | J13: 1. Inverter 3 has been down a string since 09/09/21. Additionally, Inverter 3 tripped offline at 15:00 CDT on 03/31 and is reporting a permanent fault on the power module. After a technician checked in, it was confirmed that the inverter powerhead has been RMA’d. | K13: 1. SR098047, SR099230 | L13: SR099230
A14: Eastlake - Hertzberg CSG 1 | B14: MN | C14: 178773.26 | D14: N/A | E14: =IF(AND(ISNUMBER(C14),ISNUMBER(D14)), C14-D14, "") | F14: =IFERROR(E14/D14, "") | G14: 179090.7 | H14: =IF(AND(ISNUMBER(C14),ISNUMBER(G14)), C14-G14, "") -> -317.4356 | I14: =IFERROR(H14/G14, "") -> -0.0017724851 | J14: 1. Site was offline at 09:45am on 03/30 till end of the month due to recloser open | K14: 1.SR099167
A15: Cokato - Eastlake Laurel Village | B15: MN | C15: 192745.31 | D15: N/A | E15: =IF(AND(ISNUMBER(C15),ISNUMBER(D15)), C15-D15, "") | F15: =IFERROR(E15/D15, "") | G15: 177944.7 | H15: =IF(AND(ISNUMBER(C15),ISNUMBER(G15)), C15-G15, "") -> 14800.614 | I15: =IFERROR(H15/G15, "") -> 0.083175357 | J15: 1. Inverters B4, C2, C5 are each down 1 string. 2.Site is offline with multiple grid under frequency alerts at 09:30 on 03/30 later has reenegized the site at 12:00 on 03/31. | K15: 1.SR098048 2.SR099150 | L15: SR099150
A16: St. Peter - Eastlake Paulson | B16: MN | C16: 167620.93 | D16: N/A | E16: =IF(AND(ISNUMBER(C16),ISNUMBER(D16)), C16-D16, "") | F16: =IFERROR(E16/D16, "") | G16: 165236.6 | H16: =IF(AND(ISNUMBER(C16),ISNUMBER(G16)), C16-G16, "") -> 2384.3295 | I16: =IFERROR(H16/G16, "") -> 0.01442979
A17: Felician Sisters Convent | B17: NJ | C17: 34597.2 | D17: N/A | E17: =IF(AND(ISNUMBER(C17),ISNUMBER(D17)), C17-D17, "") | F17: =IFERROR(E17/D17, "") | H17: =IF(AND(ISNUMBER(C17),ISNUMBER(G17)), C17-G17, "") | I17: =IFERROR(H17/G17, "") | J17: 1. The college inverter 18 is offline due to an Isolation Error. | K17: 1. SR098818
A18: Sussex County Fairgrounds | B18: NJ | C18: 44370 | D18: N/A | E18: =IF(AND(ISNUMBER(C18),ISNUMBER(D18)), C18-D18, "") | F18: =IFERROR(E18/D18, "") | G18: N/A | H18: =IF(AND(ISNUMBER(C18),ISNUMBER(G18)), C18-G18, "") | I18: =IFERROR(H18/G18, "") | J18: 1. Meter A Inverters 1 through 4 went offline on 03/20 due to a power unit issue. Additionally, Meter A Inverter 12 went offline on 03/31 and is reporting an electric arc detection. | K18: 1. SR098819
A19: Gateway Church | B19: NJ | C19: 26234 | D19: N/A | E19: =IF(AND(ISNUMBER(C19),ISNUMBER(D19)), C19-D19, "") | F19: =IFERROR(E19/D19, "") | G19: N/A | H19: =IF(AND(ISNUMBER(C19),ISNUMBER(G19)), C19-G19, "") | I19: =IFERROR(H19/G19, "") | J19: 1.Inverters 12 and 15 were offline at 07:00 AM on 03/04, and inverter 15 later self-resolved at 05:50 PM on 03/27. Inverter 9 has been offline since 11/25/24. Inverter 18 has been offline since 04/27/24. 2.Inverter 5 is offline multiple days in a month. | K19: 1. SR098076 2. SR098231 | L19: SR098231
A20: Beaver Falls - Felician Sisters | B20: PA | C20: 36640 | D20: N/A | E20: =IF(AND(ISNUMBER(C20),ISNUMBER(D20)), C20-D20, "") | F20: =IFERROR(E20/D20, "") | G20: N/A | H20: =IF(AND(ISNUMBER(C20),ISNUMBER(G20)), C20-G20, "") | I20: =IFERROR(H20/G20, "")
A21: Livonia - Felician Sisters Ground | B21: MI | C21: 0 | D21: N/A | E21: =IF(AND(ISNUMBER(C21),ISNUMBER(D21)), C21-D21, "") | F21: =IFERROR(E21/D21, "") | G21: N/A | H21: =IF(AND(ISNUMBER(C21),ISNUMBER(G21)), C21-G21, "") | I21: =IFERROR(H21/G21, "") | J21: 1. Inverter 1 has been offline since the site began operations. 2. Inverter 7 is offline from 12/09/24. | K21: 1. SR098015 2. SR098016 | L21: SR098016
A22: Livonia - Felician Sisters Roof | B22: MI | C22: 12782 | D22: N/A | E22: =IF(AND(ISNUMBER(C22),ISNUMBER(D22)), C22-D22, "") | F22: =IFERROR(E22/D22, "") | G22: N/A | H22: =IF(AND(ISNUMBER(C22),ISNUMBER(G22)), C22-G22, "") | I22: =IFERROR(H22/G22, "")
A23: Monmouth Worship Ctr | B23: NJ | C23: 11687.5 | D23: N/A | E23: =IF(AND(ISNUMBER(C23),ISNUMBER(D23)), C23-D23, "") | F23: =IFERROR(E23/D23, "") | G23: N/A | H23: =IF(AND(ISNUMBER(C23),ISNUMBER(G23)), C23-G23, "") | I23: =IFERROR(H23/G23, "")
A24: Audubon - Senior Citizens United | B24: NJ | C24: 8714.2 | D24: N/A | E24: =IF(AND(ISNUMBER(C24),ISNUMBER(D24)), C24-D24, "") | F24: =IFERROR(E24/D24, "") | G24: N/A | H24: =IF(AND(ISNUMBER(C24),ISNUMBER(G24)), C24-G24, "") | I24: =IFERROR(H24/G24, "")
A25: Hollister - PG&E (Enerparc) | B25: CA
A26: Taos County - Kit Carson Electric Co-Op | B26: NM
A27: Commerce City - Adams City HS | B27: CO
A28: Commerce City - Adams City MS | B28: CO
A29: Commerce City - Central ES | B29: CO
A30: Commerce City - Dupont ES | B30: CO
A31: Commerce City - Educational Support Services | B31: CO
A32: Commerce City - Hanson ES | B32: CO
A33: Commerce City - Kemp ES | B33: CO
A34: Commerce City - Lester Arnold HS | B34: CO
A35: Commerce City - Monaco ES | B35: CO
A36: Denver - Northgate / Old Fort Logan ES | B36: CO
... A85: NY: Rome - 7776 Tannery RD | B85: NY

Sheet Apr
A1: {=portfolio} -> Clean Capital | D1: April Actual v. Expected | G1: April Actual v. Forecasted
A2: Total | C2: =SUM(C4:C85) -> 1758365.3 | D2: =SUM(D4:D85) -> 0 | E2: =C2-D2 -> 1758365.3 | F2: =IFERROR(E2/D2, 0) -> 0 | G2: =SUM(G4:G85) -> 1632050.7 | H2: =C2-G2 -> 126314.59 | I2: =IFERROR(H2/G2, 0) -> 0.07739624 | J2: =IF(AND(TODAY()>DATE(2024, 4, 1), COUNTA(Sites[Site])<>(COUNT(C:C)-1)), "Some sites are missing actual data; if new sites were added, make sure they are aligned correctly (including prior months!)", "") -> Some sites are missing actual data; if new sites were added, make sure they are aligned correctly (including prior months!)
A3: Site | B3: State | C3: Actual | D3: Expected | E3: Delta | F3: % | G3: Forecasted | H3: Delta | I3: % | J3: Notes | K3: Service Requests
A4: {=Sites[Site]} -> Lexington - Cotting School | B4: {=Sites[State]} -> MA | C4: 3263.048 | D4: N/A | E4: =IF(AND(ISNUMBER(C4),ISNUMBER(D4)), C4-D4, "") | F4: =IFERROR(E4/D4, "") | G4: N/A | H4: =IF(AND(ISNUMBER(C4),ISNUMBER(G4)), C4-G4, "") | I4: =IFERROR(H4/G4, "") | J4: 1.Inverter 1 was offline on multiple days of the month due to Insulation Fault. 2.Inverter 2 is offline from 01/01 due to Isolation fault. 3.Inverter 12 was significantly affected by shading, resulting in a 6 kW reduction in output. This issue is more likely to occur on high irradiance days throughout the month. | K4: 1.SR097850 2.SR095368 3.SR099290 | L4: SR095368 | M4: SR099290
A5: Pacoima - Whiteman Airport | B5: CA | C5: 38033.5 | D5: N/A | E5: =IF(AND(ISNUMBER(C5),ISNUMBER(D5)), C5-D5, "") | F5: =IFERROR(E5/D5, "") | G5: 57200 | H5: =IF(AND(ISNUMBER(C5),ISNUMBER(G5)), C5-G5, "") -> -19166.5 | I5: =IFERROR(H5/G5, "") -> -0.33507867 | J5: 1.Inverter L tripped offline due to Arc fault detected from 09:50AM on 03/02 and back online at 11:20AM on 04/03 after technician reset code. 2.Inverter I tripped offline at 17:10 on 03/09 due to an arc fault and back online at 11:30AM on 04/03 after technician reset code. again tripped offline from 9:00 to 16:00 on 04/08 due to arc fault. 3. Alll inverters tripped offline from 9:00 to 16:00 on 04/08 due to grid fault. 4.Inverter P was offline and Inverter N was offline and lost communication on multiple days through out the month. Inverters N and P require manufacturer diagnostics, but their warranties have expired—repair and shipping costs not covered. Client is considering replacing AE inverters with another brand and is seeking recommendations. | K5: 1.SR097975 2.SR097975 & SR099501 3.SR099508 4.SR097783 | L5: SR097975 | M5: SR099501 | N5: SR099508 | O5: SR097783
A6: Hyannis - Sturgis Charter School | B6: MA | C6: 31798.9 | D6: N/A | E6: =IF(AND(ISNUMBER(C6),ISNUMBER(D6)), C6-D6, "") | F6: =IFERROR(E6/D6, "") | G6: 32170 | H6: =IF(AND(ISNUMBER(C6),ISNUMBER(G6)), C6-G6, "") -> -371.10046 | I6: =IFERROR(H6/G6, "") -> -0.011535607
A7: South Dennis - Tony Kent Arena | B7: MA | C7: 36670.4 | D7: N/A | E7: =IF(AND(ISNUMBER(C7),ISNUMBER(D7)), C7-D7, "") | F7: =IFERROR(E7/D7, "") | G7: N/A | H7: =IF(AND(ISNUMBER(C7),ISNUMBER(G7)), C7-G7, "") | I7: =IFERROR(H7/G7, "") | J7: 1.On 03/14, Technicians identified failed modules on CB1 String 10 and CB6 String 7 causing inverter shutdown. They isolated the faulty strings, restored DC voltage, and brought the inverter back online. Site is now producing normally; module procurement and replacement are pending. | K7: 1.SR096262 & SR099066 | L7: SR099066
A8: Caropolis - Felician Sisters | B8: PA | C8: 56484 | D8: N/A | E8: =IF(AND(ISNUMBER(C8),ISNUMBER(D8)), C8-D8, "") | F8: =IFERROR(E8/D8, "") | G8: N/A | H8: =IF(AND(ISNUMBER(C8),ISNUMBER(G8)), C8-G8, "") | I8: =IFERROR(H8/G8, "") | J8: 1. Inverter 13 is underperforming by approximately 10 kW compared to its peers. 2.The weather station has experienced intermittent communication over a period of 2-3 days Since 04/05, due to an RS485 failure outside the PowerDash enclosure. While the gateway and Acuvim meter remain online, the inverters and weather station have lost connection. Additional troubleshooting is required | K8: 1.SR098870 2.SR099461 | L8: SR099461
A9: Clear Lake - Eastlake Gohman | B9: MN | C9: 166857 | D9: N/A | E9: =IF(AND(ISNUMBER(C9),ISNUMBER(D9)), C9-D9, "") | F9: =IFERROR(E9/D9, "") | G9: 175953.3 | H9: =IF(AND(ISNUMBER(C9),ISNUMBER(G9)), C9-G9, "") -> -9096.3 | I9: =IFERROR(H9/G9, "") -> -0.05169724 | J9: 1.Site remained offline from 10:15 CDT on 04/26 to 08:30 CDT on 04/29.Site came back online after technician has reset the main breaker | K9: 1.SR100445
A10: Zumbrota - Eastlake Brenda Luhman | B10: MN | C10: 171462 | D10: N/A | E10: =IF(AND(ISNUMBER(C10),ISNUMBER(D10)), C10-D10, "") | F10: =IFERROR(E10/D10, "") | G10: 177314.6 | H10: =IF(AND(ISNUMBER(C10),ISNUMBER(G10)), C10-G10, "") -> -5852.6 | I10: =IFERROR(H10/G10, "") -> -0.03300687
A11: Cokato - Eastlake Carlson | B11: MN | C11: 155585 | D11: N/A | E11: =IF(AND(ISNUMBER(C11),ISNUMBER(D11)), C11-D11, "") | F11: =IFERROR(E11/D11, "") | G11: 195439.7 | H11: =IF(AND(ISNUMBER(C11),ISNUMBER(G11)), C11-G11, "") -> -39854.7 | I11: =IFERROR(H11/G11, "") -> -0.20392326 | J11: 1.The site remained offline from 07:15 on 04/22 to 12:30 on 04/23. On 04/23, a technician reset the SEL relay and tripped breaker, that the issue could be due to poor utility power quality—harmonics or capacitor banks may need adjustment 2. Meter communications have been intermittent, with frequent losses in connectivity lasting between 45 minutes to 2 hours before self-resolving. This issue has persisted throughout the month and is affecting the accuracy of forecasted values 3.Site remained offline from 06:30 to 16:30 on 04/29.Site was back online after technician has closed in the Main Breaker | K11: 1.SR100131 2.SR100417 3.SR100617 | L11: SR100417 | M11: SR100617
A12: North Branch - Cornille 2 | B12: MN | C12: 147463 | D12: N/A | E12: =IF(AND(ISNUMBER(C12),ISNUMBER(D12)), C12-D12, "") | F12: =IFERROR(E12/D12, "") | G12: 178898.6 | H12: =IF(AND(ISNUMBER(C12),ISNUMBER(G12)), C12-G12, "") -> -31435.6 | I12: =IFERROR(H12/G12, "") -> -0.17571742 | J12: 1.Site remained offline from 12:47 on 04/05 to 12:45 on 04/07.Site came back online after the technician has reset the SEL relay and main breaker. 2.Site remained offline from 06:30 to 17:30 on 04/29.Site was back online after technician has closed in the Main Breaker 3. Inverter 6 is down 2 strings from 07/30/24. | K12: 1.SR099457 2.SR100618 3.SR098046,PM13355 | L12: SR100618 | M12: SR098046
A13: Clear Lake - Eastlake Hammer | B13: MN | C13: 193331.15 | D13: N/A | G13: 209933.6 | H13: =IF(AND(ISNUMBER(C13),ISNUMBER(G13)), C13-G13, "") -> -16602.45 | I13: =IFERROR(H13/G13, "") -> -0.079084291 | J13: 1.Inverter 3 is down a string since 09/09/21.Issue got resolved on 04/23 after the inverter replacement. 2.Inverter 3 tripped offline at 15:00CDT on 03/31 and powerhead being RMAD from 04/03. On 04/23,Inverter 3 is producing as expected after inverter replcament done by technician. | K13: 1.SR098047,PM13645 2.SR099230 | L13: SR099230
A14: Eastlake - Hertzberg CSG 1 | B14: MN | C14: 202083.1 | D14: N/A | G14: 204889.7 | H14: =IF(AND(ISNUMBER(C14),ISNUMBER(G14)), C14-G14, "") -> -2806.5969 | I14: =IFERROR(H14/G14, "") -> -0.013698087 | J14: 1.The site was offline from 04/01 to 15:00 on 04/03. Heavy snow in that area may have caused the outage. The site came back online after the technician reset the breaker on 04/03. 2.Site was offline from 19:15 on 04/14 to 11:45 on 04/15 due to utility outage.Site was back online after technician has reset the main breaker. 3.Site was offline from 22:45 on 04/28 to 11:45 on 04/29.After tecnician reset main breaker. 4.Weather Station (Wind, Amb, Mod1, POA) (POA) is intermittently reading irradiance greater than 0W/m2 during night hours. Intermittently reading 0 W/m2 during the day on 3/28/25.Issue persisted throughout the month | K14: 1.SR099167 2.SR099789 3.SR100621 4.SR099110 | L14: SR099789 | M14: SR100621 | N14: SR099110
A15: Cokato - Eastlake Laurel Village | B15: MN | C15: 212645 | D15: N/A | G15: 213345 | H15: =IF(AND(ISNUMBER(C15),ISNUMBER(G15)), C15-G15, "") -> -700 | I15: =IFERROR(H15/G15, "") -> -0.0032810706 | J15: 1. Inverters B4, C2, C5 are each down 1 string and investigating on PM event. | K15: 1. SR098048
A16: St. Peter - Eastlake Paulson | B16: MN | C16: 170931.53 | D16: N/A | G16: 186906.2 | H16: =IF(AND(ISNUMBER(C16),ISNUMBER(G16)), C16-G16, "") -> -15974.669 | I16: =IFERROR(H16/G16, "") -> -0.085468907
A17: Felician Sisters Convent | B17: NJ | C17: 36712.3 | D17: N/A | G17: N/A | H17: =IF(AND(ISNUMBER(C17),ISNUMBER(G17)), C17-G17, "") | I17: =IFERROR(H17/G17, "") | J17: 1. College Inverter 18 tripped offline at 18:00 on 04/02 due to an isolation error. Additionally, Inverter 45 tripped offline at 06:00 on 04/04 due to an isolation fault. Both inverters were back online at 07:00 on 04/08. 2. Inverter 18 tripped offline at 06:00 on 04/12 due to an "isolation error" and later self-resolved, and back online at 12:00 on 04/13. It tripped offline again from 06:00 to 12:00 on 04/13 due to "isolation fault" and later self-resolved. | K17: 1. SR098818 2. SR099746 | L17: SR099746
A18: Sussex County Fairgrounds | B18: NJ | C18: 32793.7 | D18: N/A | G18: N/A | H18: =IF(AND(ISNUMBER(C18),ISNUMBER(G18)), C18-G18, "") | I18: =IFERROR(H18/G18, "") | J18: 1. Meter A Inverters 1 through 4 went offline on 03/20 due to a power unit issue in Inverter 2. Inverters 1, 3, and 4 also reported electric arc detection. Additionally, Meter A Inverter 12 went offline on 03/31 and reported an electric arc detection. After a technician arrived and reset the inverters, A1, A3, A4, and A12 came back online at 13:00 on 04/04. Inverter A2 remains offline and requires further troubleshooting. However, Inverter A12 went offline again at 11:00 on 04/08 and has reporting electric arc detection and continued throughout the month. 2. Meter A is completely offline. Admin inverters 01 and 02 are also offline on 04/22. | K18: 1. SR098819, SR099691, 2. SR101068 | L18: SR099691 | M18: SR101068
A19: Gateway Church | B19: NJ | C19: 25984 | D19: N/A | G19: N/A | H19: =IF(AND(ISNUMBER(C19),ISNUMBER(G19)), C19-G19, "") | I19: =IFERROR(H19/G19, "") | J19: 1.Inverter 15 went offline at 07:00 on 04/03 and came back online at 11:10 on 04/05. The inverter has been tripping multiple times throughout the month. Inverter 8 was offline from 07:00 to 17:20 on 04/04 later self-resolved.The inverter has been tripping multiple times throughout the month. Inverter 12 has been offline since 03/04/25. Inverter 9 has been offline since 11/25/24. Inverter 18 has been offline since 04/27/24. 2.Inverter 5 went offline from 07:00 to 17:20 on 04/01. It tripped offline again at 07:00 on 04/03 and back online at 07:00 on 04/09. It tripped offline once at 07:00 on 04/10 and was back online at 19:10 on 04/17. 3.Inverter 3 went offline from 06:30 to 02:45 on 04/06. It tripped offline again at 07:00 on 04/12 and later self-resolved and back online at 11:15 on 04/13. Inverters 3, 4, 5, 6, 7, 8, 9, 11, 12, 13, 15, 17, and 18 went offline at 07:00 on 04/13. Later, Inverters 3 and 13 back online on the same day. Additionally, multiple inverters are tripping on and off intermittently through out the month. | K19: 1. SR098076 2. SR098231 3. SR099730 | L19: SR098231 | M19: SR099730
A20: Beaver Falls - Felician Sisters | B20: PA | C20: 39677 | D20: N/A | G20: N/A | H20: =IF(AND(ISNUMBER(C20),ISNUMBER(G20)), C20-G20, "") | I20: =IFERROR(H20/G20, "")
A21: Livonia - Felician Sisters Ground | B21: MI | C21: 0 | D21: N/A | G21: N/A | H21: =IF(AND(ISNUMBER(C21),ISNUMBER(G21)), C21-G21, "") | I21: =IFERROR(H21/G21, "") | J21: 1. Inverter 1 has been offline since the site began operations. 2. Inverter 7 is offline from 12/09/24. 3. Inverter 4 is derating by 4 kW on high irradiance days. It's possible due to inverter fan fault. 4. The meter stopped communicating since 12/09/24. | K21: 1. SR098015 2. SR098016 3. SR099500 4. SR098016 | L21: SR098016 | M21: SR099500 | N21: SR098016
A22: Livonia - Felician Sisters Roof | B22: MI | C22: 16168 | D22: N/A | G22: N/A | H22: =IF(AND(ISNUMBER(C22),ISNUMBER(G22)), C22-G22, "") | I22: =IFERROR(H22/G22, "")
A23: Monmouth Worship Ctr | B23: NJ | C23: 11787.28 | D23: N/A | G23: N/A | H23: =IF(AND(ISNUMBER(C23),ISNUMBER(G23)), C23-G23, "") | I23: =IFERROR(H23/G23, "")
A24: Audubon - Senior Citizens United | B24: NJ | C24: 8635.375 | D24: N/A | G24: N/A | H24: =IF(AND(ISNUMBER(C24),ISNUMBER(G24)), C24-G24, "") | I24: =IFERROR(H24/G24, "")
A25: Hollister - PG&E (Enerparc) | B25: CA
A26: Taos County - Kit Carson Electric Co-Op | B26: NM
A27: Commerce City - Adams City HS | B27: CO
A28: Commerce City - Adams City MS | B28: CO
A29: Commerce City - Central ES | B29: CO
A30: Commerce City - Dupont ES | B30: CO
A31: Commerce City - Educational Support Services | B31: CO
A32: Commerce City - Hanson ES | B32: CO
A33: Commerce City - Kemp ES | B33: CO
A34: Commerce City - Lester Arnold HS | B34: CO
A35: Commerce City - Monaco ES | B35: CO
A36: Denver - Northgate / Old Fort Logan ES | B36: CO
... A85: NY: Rome - 7776 Tannery RD | B85: NY

Sheet May
A1: {=portfolio} -> Clean Capital | D1: May Actual v. Expected | G1: May Actual v. Forecasted
A2: Total | C2: =SUM(C4:C85) -> 2827723.6 | D2: =SUM(D4:D85) -> 943768.39 | E2: =C2-D2 -> 1883955.2 | F2: =IFERROR(E2/D2, 0) -> 1.996205 | G2: =SUM(G4:G85) -> 3193583 | H2: =C2-G2 -> -365859.43 | I2: =IFERROR(H2/G2, 0) -> -0.1145608 | J2: =IF(AND(TODAY()>DATE(2024, 5, 1), COUNTA(Sites[Site])<>(COUNT(C:C)-1)), "Some sites are missing actual data; if new sites were added, make sure they are aligned correctly (including prior months!)", "") -> Some sites are missing actual data; if new sites were added, make sure they are aligned correctly (including prior months!)
A3: Site | B3: State | C3: Actual | D3: Expected | E3: Delta | F3: % | G3: Forecasted | H3: Delta | I3: % | J3: Notes | K3: Service Requests
A4: {=Sites[Site]} -> Lexington - Cotting School | B4: {=Sites[State]} -> MA | C4: 35088 | D4: N/A | E4: =IF(AND(ISNUMBER(C4),ISNUMBER(D4)), C4-D4, "") | F4: =IFERROR(E4/D4, "") | G4: N/A | H4: =IF(AND(ISNUMBER(C4),ISNUMBER(G4)), C4-G4, "") | I4: =IFERROR(H4/G4, "") | J4: 1. Inverter 2 back online at 16:10 on 05/12. 2. Inverter 1 has been producing as expected from 05/01. 3. Inverter 12 was significantly affected by shading, resulting in a 6 kW reduction in output. This issue is more likely to occur on high irradiance days throughout the month. 4. Inverter 5 tripped offline at 14:00 on 05/12/25 due to "GridV.OutLim" and back online at 16:10 the same day. | K4: 1. SR095368 2. SR097850 3. SR099290 4. SR101343 | L4: SR097850 | M4: SR099290 | N4: SR101343
A5: Pacoima - Whiteman Airport | B5: CA | C5: 2023 | D5: N/A | E5: =IF(AND(ISNUMBER(C5),ISNUMBER(D5)), C5-D5, "") | F5: =IFERROR(E5/D5, "") | G5: 4608.7 | H5: =IF(AND(ISNUMBER(C5),ISNUMBER(G5)), C5-G5, "") -> -2585.7 | I5: =IFERROR(H5/G5, "") -> -0.56104758 | J5: 1. Inverter I has been offline from at 06:04 on 05/12 due to an "ARC fault detected" and remained offline throught the month. 2. Inverter L tripped offline at 12:20 on 05/13 due to an "ARC fault detected" and remained offline throught the month. 3. Inverter Q tripped offline at 10:10 on 05/18 due to an "ARC fault detected" and remained offline throught the month. 4. Inverter P was offline and Inverter N was offline and lost communication on multiple days through out the month addtionaly Inverter N tripped offline at 12:10 on 05/19 due to "Actual AC power deviation" and lost communication nextday. Inverters N and P require manufacturer diagnostics, but their warranties have expired—repair and shipping costs not covered. Client is considering replacing AE inverters with another brand and is seeking recommendations. 5. Weather station jumps from 0 to 1200 W/m^2 at sunrise and stays high all day. Inverter production seems to reflect cloud cover on some days, but the irradiance sensor always reports very sunny conditions | K5: 1. SR101243 2. SR101243 3. SR101243 4. SR101243 5. SR101245 | L5: SR101243 | M5: SR101243 | N5: SR101243 | O5: SR101245
A6: Hyannis - Sturgis Charter School | B6: MA | C6: 35801.705 | D6: N/A | E6: =IF(AND(ISNUMBER(C6),ISNUMBER(D6)), C6-D6, "") | F6: =IFERROR(E6/D6, "") | G6: 31250 | H6: =IF(AND(ISNUMBER(C6),ISNUMBER(G6)), C6-G6, "") -> 4551.7053 | I6: =IFERROR(H6/G6, "") -> 0.14565457
A7: South Dennis - Tony Kent Arena | B7: MA | C7: 40411.9 | D7: N/A | E7: =IF(AND(ISNUMBER(C7),ISNUMBER(D7)), C7-D7, "") | F7: =IFERROR(E7/D7, "") | G7: N/A | H7: =IF(AND(ISNUMBER(C7),ISNUMBER(G7)), C7-G7, "") | I7: =IFERROR(H7/G7, "") | J7: 1.On 03/14, Technicians identified failed modules on CB1 String 10 and CB6 String 7 causing inverter shutdown. They isolated the faulty strings, restored DC voltage, and brought the inverter back online. Site is now producing normally; module procurement and replacement are pending. | K7: 1. SR096262 & SR099066 | L7: SR099066
A8: Caropolis - Felician Sisters | B8: PA | C8: 56475.3 | D8: N/A | E8: =IF(AND(ISNUMBER(C8),ISNUMBER(D8)), C8-D8, "") | F8: =IFERROR(E8/D8, "") | G8: N/A | H8: =IF(AND(ISNUMBER(C8),ISNUMBER(G8)), C8-G8, "") | I8: =IFERROR(H8/G8, "") | J8: 1. Inverter 13 is underperforming by approximately 10 kW compared to its peers. 2. The weather station has experienced intermittent communication over a period of 2-3 days Since 04/05, due to an RS485 failure outside the PowerDash enclosure. While the gateway and Acuvim meter remain online, the inverters and weather station have lost connection. Additional troubleshooting is required | K8: 1.SR098870 2.SR099461 | L8: SR099461
A9: Clear Lake - Eastlake Gohman | B9: MN | C9: 198397 | D9: N/A | E9: =IF(AND(ISNUMBER(C9),ISNUMBER(D9)), C9-D9, "") | F9: =IFERROR(E9/D9, "") | G9: 199753.9 | H9: =IF(AND(ISNUMBER(C9),ISNUMBER(G9)), C9-G9, "") -> -1356.9 | I9: =IFERROR(H9/G9, "") -> -0.0067928586 | J9: 1. Site was taken offline from 12:45 to 13:30 on 05/08 to work on Annual Preventative Maintenance Inspection. 2. Inverter 3.5 tripped offline at 14:15 on 05/11 due to "Grid Line Voltage Out of Range - GridV.OutLim." On 05/15, the technician found the breaker in the combiner panel for 3.5 had tripped. The inverter was inspected and tested for ground faults before resetting. Breaker was reset at 15:15 the same day. 3. Inverter 2.6 has been derating since 05/09 during periods of high irradiance, possibly due to a fan fault. On 05/15, the technician contacted CPS to check for any resettable settings. no immediate issue found, but they noted the complaint and and inverter has been producing as expected since 05/16. | K9: 1. PM13816 2. SR101286 3. SR101468 | L9: SR101468
A10: Zumbrota - Eastlake Brenda Luhman | B10: MN | C10: 205051 | D10: N/A | E10: =IF(AND(ISNUMBER(C10),ISNUMBER(D10)), C10-D10, "") | F10: =IFERROR(E10/D10, "") | G10: 194233.4 | H10: =IF(AND(ISNUMBER(C10),ISNUMBER(G10)), C10-G10, "") -> 10817.6 | I10: =IFERROR(H10/G10, "") -> 0.05569382
A11: Cokato - Eastlake Carlson | B11: MN | C11: 188253 | D11: N/A | E11: =IF(AND(ISNUMBER(C11),ISNUMBER(D11)), C11-D11, "") | F11: =IFERROR(E11/D11, "") | G11: 198830.9 | H11: =IF(AND(ISNUMBER(C11),ISNUMBER(G11)), C11-G11, "") -> -10577.9 | I11: =IFERROR(H11/G11, "") -> -0.053200483 | J11: 1. Site was offline from 06:00 to 10:00 on 05/02 due to an "Loss of Main - GridV.OutLim". 2. Site was offline on 05/11 due to "Loss of Main - GridV.OutLim." On 05/12, technician found nuisance tripping; GFCI study recommended to evaluate possible adjustments on main breaker. Main breaker and SEL relay were reset, and site came back online at 09:45 the same day. 3. Site tripped offline at 14:30 on 05/15 and came back online at 09:45 on 05/16 after the technician re-energized the breaker. | K11: 1. SR100903 2. SR101277 3. SR101563 | L11: SR101277 | M11: SR101563
A12: North Branch - Cornille 2 | B12: MN | C12: 185597 | D12: N/A | E12: =IF(AND(ISNUMBER(C12),ISNUMBER(D12)), C12-D12, "") | F12: =IFERROR(E12/D12, "") | G12: 204259.6 | H12: =IF(AND(ISNUMBER(C12),ISNUMBER(G12)), C12-G12, "") -> -18662.6 | I12: =IFERROR(H12/G12, "") -> -0.091367064 | J12: 1. Site was offline from 05:45 on 05/02 and came back online at 13:15 the same day after the technician resetting the main breaker. 2. Site was offline on 05/11 due to "Loss of Main - GridV.OutLim." On 05/12, technician found nuisance tripping; GFCI study recommended to evaluate possible adjustments on main breaker. Main breaker and SEL relay were reset, and site came back online at 10:30 the same day. 3. Site tripped offline at 14:30 on 05/15 and came back online at 09:00 on 05/16 after the technician re-energized the breaker. 4. Inverter 6 tripped offline on 05/17 due to "Insulation Resistance Low - IsolationErr." On 05/21, the technician inspected a ground fault on Inverter 6 and noted Inverter 5 was also offline; after troubleshooting with Chint, RMA ticket #14530 was submitted for Inverter 5. A grounded negative wire was found in string 7 of Inverter 6. Due to lack of array diagrams and rain, the technician isolated string 7, and Inverter 6 was restarted and back online at 13:45 the same day. 5. Inverter 12 underperforming by about 10kW compared to peers on 05/22 and the issue self resolved on 05/23. 6. Inverter 9 derating at 40kW due to an "External Fan Err - ExtFanerr" from 05/30. | K12: 1. SR100902 2. SR101276 3. SR101564 4. SR101628 5. SR101867 6. SR102209 | L12: SR101276 | M12: SR101564 | N12: SR101628 | O12: SR101867 | P12: SR102209
A13: Clear Lake - Eastlake Hammer | B13: MN | C13: 260043.82 | D13: N/A | E13: =IF(AND(ISNUMBER(C13),ISNUMBER(D13)), C13-D13, "") | F13: =IFERROR(E13/D13, "") | G13: 246556.3 | H13: =IF(AND(ISNUMBER(C13),ISNUMBER(G13)), C13-G13, "") -> 13487.517 | I13: =IFERROR(H13/G13, "") -> 0.054703601
A14: Eastlake - Hertzberg CSG 1 | B14: MN | C14: 254551.63 | D14: N/A | E14: =IF(AND(ISNUMBER(C14),ISNUMBER(D14)), C14-D14, "") | F14: =IFERROR(E14/D14, "") | G14: 255012.1 | H14: =IF(AND(ISNUMBER(C14),ISNUMBER(G14)), C14-G14, "") -> -460.4675 | I14: =IFERROR(H14/G14, "") -> -0.0018056692 | J14: 1. Inverters 6 and 7 derating during high irradiance from 5/4. The total kW down is approximately 16 kW. 2. Weather station intermittently reports irradiance at night, no irradiance during the day, or excessively high values (2,400 W/m²). The issue has worsened throughout the month. | K14: 1. SR101470 2. SR099110 | L14: SR099110
A15: Cokato - Eastlake Laurel Village | B15: MN | C15: 242819.8 | D15: N/A | E15: =IF(AND(ISNUMBER(C15),ISNUMBER(D15)), C15-D15, "") | F15: =IFERROR(E15/D15, "") | G15: 258683 | H15: =IF(AND(ISNUMBER(C15),ISNUMBER(G15)), C15-G15, "") -> -15863.195 | I15: =IFERROR(H15/G15, "") -> -0.061322913 | J15: 1. Inverters C1 to C6 stopped communicating and tripped offline at 09:15 on 05/25. On 05/27, the technician re-energized Pad C at 12:00 after de-energizing Pad A at 10:45 and Pad B at 12:00 to perform tracker work. On 05/28, mechanical work continued in the hall; Pads A and B remained offline and required further troubleshooting. On 05/29, the technician inspected the trackers and re-energized Pads A and B at 14:45. An additional visit is needed to address stuck trackers. | K15: 1. SR101919, SR102140 | L15: SR102140
A16: St. Peter - Eastlake Paulson | B16: MN | C16: 201936.8 | D16: N/A | E16: =IF(AND(ISNUMBER(C16),ISNUMBER(D16)), C16-D16, "") | F16: =IFERROR(E16/D16, "") | G16: 210220.3 | H16: =IF(AND(ISNUMBER(C16),ISNUMBER(G16)), C16-G16, "") -> -8283.5048 | I16: =IFERROR(H16/G16, "") -> -0.039403924 | J16: 1. Site was offline from 10:45 to 18:15 on 05/16 due to a brife outage. | K16: 1. SR101596
A17: Felician Sisters Convent | B17: NJ | C17: 3676.9 | D17: N/A | E17: =IF(AND(ISNUMBER(C17),ISNUMBER(D17)), C17-D17, "") | F17: =IFERROR(E17/D17, "") | G17: N/A | H17: =IF(AND(ISNUMBER(C17),ISNUMBER(G17)), C17-G17, "") | I17: =IFERROR(H17/G17, "") | J17: 1. Inverter 4 (DAS Inverter 18) went offline on 05/04 due to "Insulation Resistance Low," came back online on 05/07, and went offline again on 05/09 and 05/14. On 05/15, the technician inspected the array, found a defective MC4 connector, replaced it, and brought the inverter back online at 11:00. 2. Inverter 17 (DAS 45) tripped offline at 15:00 on 05/01. On 05/15, the technician diagnosed an isolation fault caused by string #1, isolated the string, and re-energized the inverter at 14:00 without string #1. Further troubleshooting is required for string #1. | K17: 1. SR099746 2. SR099746, SR100930 | L17: SR099746 | M17: SR100930
A18: Sussex County Fairgrounds | B18: NJ | C18: 38854.14 | D18: N/A | E18: =IF(AND(ISNUMBER(C18),ISNUMBER(D18)), C18-D18, "") | F18: =IFERROR(E18/D18, "") | G18: N/A | H18: =IF(AND(ISNUMBER(C18),ISNUMBER(G18)), C18-G18, "") | I18: =IFERROR(H18/G18, "") | J18: 1. Inverter A2 has been offline since 03/24, and Inverter A12 has been intermittently tripping on and off on multiple days. Inverter A12 & A8 came back online at 14:00 on 05/23 after the technician performed a reset inhibition on all inverters but expect Inverter A2 remain all inverters back online. A site visit is required to address Inverter A2 and to contact SMA to initiate the RMA process. 2. Inverter A11 tripped offline at 14:00 on 05/11 and came back online at 14:00 on 05/23 after the technician performed a reset inhibition. | K18: 1. SR101068 2. SR101068 | L18: SR101068
A19: Gateway Church | B19: NJ | C19: 26806 | D19: N/A | E19: =IF(AND(ISNUMBER(C19),ISNUMBER(D19)), C19-D19, "") | F19: =IFERROR(E19/D19, "") | G19: N/A | H19: =IF(AND(ISNUMBER(C19),ISNUMBER(G19)), C19-G19, "") | I19: =IFERROR(H19/G19, "") | J19: 1. Inverter 5 is offline on 05/06 and back online at 16:25 on 05/07, again offline on 05/14 and back online at 16:50 on 05/18, offlline again on 05/22 and back online at 16:19 on 05/26, and offline on 05/29 and remained offline throught the month. 2. Inverter 12 went offline on 05/12 and back online at 18:00 on 05/11 the issue self resoved, and went offline again on 05/14. On 05/15, Inverters 7, 8, and 17 were offline, while Inverters 6, 11, 13, and 15 had delayed production starts. Inverter 8 was restored on 05/16, followed by Inverters 7 and 8 on 05/17, Inverter 17 on 05/18, and Inverter 12 on 05/20. However, Inverters 7 and 12 went offline again on 05/23, with Inverter 12 also tripping offline on 05/25. Both Inverters 7 and 12 were brought back online on 05/26, though Inverter 12 went offline again later that day. Additionally, Inverter 9 has remained offline since 11/25/2024, and Inverter 18 has been offline since 04/27/2024. | K19: 1. SR098231 2. SR099730, SR098076 | L19: SR099730 | M19: SR098076
A20: Beaver Falls - Felician Sisters | B20: PA | C20: 39310 | D20: N/A | E20: =IF(AND(ISNUMBER(C20),ISNUMBER(D20)), C20-D20, "") | F20: =IFERROR(E20/D20, "") | G20: N/A | H20: =IF(AND(ISNUMBER(C20),ISNUMBER(G20)), C20-G20, "") | I20: =IFERROR(H20/G20, "")
A21: Livonia - Felician Sisters Ground | B21: MI | C21: 0 | D21: N/A | E21: =IF(AND(ISNUMBER(C21),ISNUMBER(D21)), C21-D21, "") | F21: =IFERROR(E21/D21, "") | G21: N/A | H21: =IF(AND(ISNUMBER(C21),ISNUMBER(G21)), C21-G21, "") | I21: =IFERROR(H21/G21, "") | J21: 1. Inverter 1 has been offline since the site began operations. 2. Inverter 7 is offline from 12/09/24. 3. Inverter 4 is derating by 4 kW on high irradiance days. It's possible due to inverter fan fault. 4. The meter stopped communicating since 12/09/24. | K21: 1. SR098015 2. SR098016 3. SR099500 4. SR098016 | L21: SR098016 | M21: SR099500 | N21: SR098016
A22: Livonia - Felician Sisters Roof | B22: MI | C22: 16092 | D22: N/A | E22: =IF(AND(ISNUMBER(C22),ISNUMBER(D22)), C22-D22, "") | F22: =IFERROR(E22/D22, "") | G22: N/A | H22: =IF(AND(ISNUMBER(C22),ISNUMBER(G22)), C22-G22, "") | I22: =IFERROR(H22/G22, "")
A23: Monmouth Worship Ctr | B23: NJ | C23: 12020.5 | D23: N/A | E23: =IF(AND(ISNUMBER(C23),ISNUMBER(D23)), C23-D23, "") | F23: =IFERROR(E23/D23, "") | G23: N/A | H23: =IF(AND(ISNUMBER(C23),ISNUMBER(G23)), C23-G23, "") | I23: =IFERROR(H23/G23, "")
A24: Audubon - Senior Citizens United | B24: NJ | C24: 8373.4 | D24: N/A | E24: =IF(AND(ISNUMBER(C24),ISNUMBER(D24)), C24-D24, "") | F24: =IFERROR(E24/D24, "") | G24: N/A | H24: =IF(AND(ISNUMBER(C24),ISNUMBER(G24)), C24-G24, "") | I24: =IFERROR(H24/G24, "")
A25: Hollister - PG&E (Enerparc) | B25: CA | C25: 0 | D25: 0 | E25: =IF(AND(ISNUMBER(C25),ISNUMBER(D25)), C25-D25, "") -> 0 | F25: =IFERROR(E25/D25, "") | G25: 378519.7 | H25: =IF(AND(ISNUMBER(C25),ISNUMBER(G25)), C25-G25, "") -> -378519.7 | I25: =IFERROR(H25/G25, "") -> -1 | J25: 1. Inverter 2 had been offline since 05/05 due to an "Operating state error (1392)" and came back online at 09:45 on 05/12 after the technician vacuumed the fan and power-cycled the inverter. The remaining work will be completed during the PM event. 2. Inverter 2 went offline again on 05/27 due to an "Operating State: Error (1392)." On 05/28, the technician updated the firmware and brought it back online at 17:30 the same day. | K25: 1. SR101017, SR101372 2. SR102011 | L25: SR101372 | M25: SR102011
A26: Taos County - Kit Carson Electric Co-Op | B26: NM | C26: 208950 | D26: 262727.8 | E26: =IF(AND(ISNUMBER(C26),ISNUMBER(D26)), C26-D26, "") -> -53777.8 | F26: =IFERROR(E26/D26, "") -> -0.20469018 | G26: 222002.7 | H26: =IF(AND(ISNUMBER(C26),ISNUMBER(G26)), C26-G26, "") -> -13052.7 | I26: =IFERROR(H26/G26, "") -> -0.058795231 | J26: 1. Inverter 1 has not communicated since 04/26 and appears to be offline. A quote for inverter parts is pending from Bold. | K26: 1. SR100843
A27: Commerce City - Adams City HS | B27: CO | C27: 16933 | D27: 13265.67 | E27: =IF(AND(ISNUMBER(C27),ISNUMBER(D27)), C27-D27, "") -> 3667.33 | F27: =IFERROR(E27/D27, "") -> 0.27645268 | G27: 14930.87 | H27: =IF(AND(ISNUMBER(C27),ISNUMBER(G27)), C27-G27, "") -> 2002.13 | I27: =IFERROR(H27/G27, "") -> 0.13409332 | J27: 1. Combiner Box 2 has one string down, according to the drawing | K27: 1. SR101040
A28: Commerce City - Adams City MS | B28: CO | C28: 14198 | D28: 12047.05 | E28: =IF(AND(ISNUMBER(C28),ISNUMBER(D28)), C28-D28, "") -> 2150.95 | F28: =IFERROR(E28/D28, "") -> 0.17854579 | G28: 13139.15 | H28: =IF(AND(ISNUMBER(C28),ISNUMBER(G28)), C28-G28, "") -> 1058.85 | I28: =IFERROR(H28/G28, "") -> 0.080587405
A29: Commerce City - Central ES | B29: CO | C29: 3710.2 | D29: 3461.887 | E29: =IF(AND(ISNUMBER(C29),ISNUMBER(D29)), C29-D29, "") -> 248.313 | F29: =IFERROR(E29/D29, "") -> 0.071727644 | G29: 3842.98 | H29: =IF(AND(ISNUMBER(C29),ISNUMBER(G29)), C29-G29, "") -> -132.78 | I29: =IFERROR(H29/G29, "") -> -0.034551312
A30: Commerce City - Dupont ES | B30: CO | C30: 11670 | D30: 9782.425 | E30: =IF(AND(ISNUMBER(C30),ISNUMBER(D30)), C30-D30, "") -> 1887.575 | F30: =IFERROR(E30/D30, "") -> 0.19295573 | G30: 10978.82 | H30: =IF(AND(ISNUMBER(C30),ISNUMBER(G30)), C30-G30, "") -> 691.18 | I30: =IFERROR(H30/G30, "") -> 0.062955764 | J30: 1. Meter is capturing 3 or 4 kW more than the inverter is producing on high irradiance days. Possible issue with meter calibration. Issue has been present for many years | K30: 1. SR102137
A31: Commerce City - Educational Support Services | B31: CO | C31: 11891 | D31: 10164.36 | E31: =IF(AND(ISNUMBER(C31),ISNUMBER(D31)), C31-D31, "") -> 1726.64 | F31: =IFERROR(E31/D31, "") -> 0.16987198 | G31: 11375.6 | H31: =IF(AND(ISNUMBER(C31),ISNUMBER(G31)), C31-G31, "") -> 515.4 | I31: =IFERROR(H31/G31, "") -> 0.0453075
A32: Commerce City - Hanson ES | B32: CO | C32: 14925 | D32: 13253.54 | E32: =IF(AND(ISNUMBER(C32),ISNUMBER(D32)), C32-D32, "") -> 1671.46 | F32: =IFERROR(E32/D32, "") -> 0.12611423 | G32: 14873.58 | H32: =IF(AND(ISNUMBER(C32),ISNUMBER(G32)), C32-G32, "") -> 51.42 | I32: =IFERROR(H32/G32, "") -> 0.0034571367 | J32: 1. Site tripped offline from 08:30 to 09:55 on 05/25 due to a brife outage. | K32: 1. SR101917
A33: Commerce City - Kemp ES | B33: CO | C33: 5886.4614 | D33: 13247.98 | E33: =IF(AND(ISNUMBER(C33),ISNUMBER(D33)), C33-D33, "") -> -7361.5186 | F33: =IFERROR(E33/D33, "") -> -0.55567103 | G33: 14866.23 | H33: =IF(AND(ISNUMBER(C33),ISNUMBER(G33)), C33-G33, "") -> -8979.7686 | I33: =IFERROR(H33/G33, "") -> -0.60403805 | J33: 1. Site was not communicating due the DC transformer is no longer working but the site was online. A new DC transformer will need to be replaced. | K33: 1. SR100833
A34: Commerce City - Lester Arnold HS | B34: CO | C34: 4738 | D34: 12807.06 | E34: =IF(AND(ISNUMBER(C34),ISNUMBER(D34)), C34-D34, "") -> -8069.06 | F34: =IFERROR(E34/D34, "") -> -0.6300478 | G34: 14432.74 | H34: =IF(AND(ISNUMBER(C34),ISNUMBER(G34)), C34-G34, "") -> -9694.74 | I34: =IFERROR(H34/G34, "") -> -0.67171861 | J34: 1. Two of the combiner boxes appear to be offline, with peak production at ~35kW. Based on drawings provided, combiner 1, along with one of the other two combiner boxes are offline. On 05/22 technician found two Combiners had fuses open, closed the fuses and also he found that filters are filthy, and fans are not operating. Bold renewables informed technician to shut down Inverter or it may lead to a damage of heat sink. Inverter will remain offline. | K34: 1. SR100883
A35: Commerce City - Monaco ES | B35: CO | C35: 7723 | D35: 13255.17 | E35: =IF(AND(ISNUMBER(C35),ISNUMBER(D35)), C35-D35, "") -> -5532.17 | F35: =IFERROR(E35/D35, "") -> -0.41735942 | G35: 14873.58 | H35: =IF(AND(ISNUMBER(C35),ISNUMBER(G35)), C35-G35, "") -> -7150.58 | I35: =IFERROR(H35/G35, "") -> -0.48075715 | J35: 1. Meter is not capturing inverter production and reporting 0kW from 07:00 on 05/26 to End of the month. 2. Site produced at about half rated capacity from 04/24 to 12:00 on 05/20 it is most likely that combiner box #1 (47% of modules) is offline, or combiner boxes 2 and 3 are both offline. | K35: 1. SR101936 2. SR100884 | L35: SR100884
A36: Denver - Northgate / Old Fort Logan ES | B36: CO | C36: 14110 | D36: 11489.7 | E36: =IF(AND(ISNUMBER(C36),ISNUMBER(D36)), C36-D36, "") -> 2620.3 | F36: =IFERROR(E36/D36, "") -> 0.22805643 | G36: 14384.82 | H36: =IF(AND(ISNUMBER(C36),ISNUMBER(G36)), C36-G36, "") -> -274.82 | I36: =IFERROR(H36/G36, "") -> -0.019104862
A37: Denver - Sheridan High School | B37: CO | C37: 16526 | D37: 13256.88 | E37: =IF(AND(ISNUMBER(C37),ISNUMBER(D37)), C37-D37, "") -> 3269.12 | F37: =IFERROR(E37/D37, "") -> 0.24659799 | G37: 14317.74 | H37: =IF(AND(ISNUMBER(C37),ISNUMBER(G37)), C37-G37, "") -> 2208.26 | I37: =IFERROR(H37/G37, "") -> 0.15423244
A38: Englewood - Alice Terry Elementary | B38: CO | C38: 15679 | D38: 13257.15 | E38: =IF(AND(ISNUMBER(C38),ISNUMBER(D38)), C38-D38, "") -> 2421.85 | F38: =IFERROR(E38/D38, "") -> 0.18268255 | G38: 14384.82 | H38: =IF(AND(ISNUMBER(C38),ISNUMBER(G38)), C38-G38, "") -> 1294.18 | I38: =IFERROR(H38/G38, "") -> 0.089968453
A39: Englewood - Sheridan Middle School | B39: CO | C39: 6542 | D39: 7855.071 | E39: =IF(AND(ISNUMBER(C39),ISNUMBER(D39)), C39-D39, "") -> -1313.071 | F39: =IFERROR(E39/D39, "") -> -0.16716221 | G39: 8423.277 | H39: =IF(AND(ISNUMBER(C39),ISNUMBER(G39)), C39-G39, "") -> -1881.277 | I39: =IFERROR(H39/G39, "") -> -0.22334265 | J39: 1. Meter captured half of inverter production from 07:00 on 05/01 to 19:00 on 05/07 due to Power Factor reading intermittently goes to -0.33. | K39: 1. SR100857
A40: Goshen - NIPSCO | B40: IN | C40: 49128 | D40: 54524.15 | E40: =IF(AND(ISNUMBER(C40),ISNUMBER(D40)), C40-D40, "") -> -5396.15 | F40: =IFERROR(E40/D40, "") -> -0.098968072 | G40: 71872.85 | H40: =IF(AND(ISNUMBER(C40),ISNUMBER(G40)), C40-G40, "") -> -22744.85 | I40: =IFERROR(H40/G40, "") -> -0.31645955 | J40: 1. Inverter 2 underperforming by approximately 70 kW. When looking at previous years during the same time frame this trend is relevant. inverter 1 is underperforming by approximately 120 kW. When looking at previous years during the same time frame this trend is relevant maybe due to weather. | K40: 1. SR101963
A41: Alamogordo - City of Alamogordo - Effluent | B41: NM | C41: 26336 | D41: 31408.3 | E41: =IF(AND(ISNUMBER(C41),ISNUMBER(D41)), C41-D41, "") -> -5072.3 | F41: =IFERROR(E41/D41, "") -> -0.16149553 | G41: 35349.8 | H41: =IF(AND(ISNUMBER(C41),ISNUMBER(G41)), C41-G41, "") -> -9013.8 | I41: =IFERROR(H41/G41, "") -> -0.25498871 | J41: 1. Multiple modules that are burned and broken and need to be replaced. | K41: 1. SR101818, SR101668 | L41: SR101668
A42: Alamogordo - City of Alamogordo - WWTP | B42: NM | C42: 33510 | D42: 0.001247583 | E42: =IF(AND(ISNUMBER(C42),ISNUMBER(D42)), C42-D42, "") -> 33509.999 | F42: =IFERROR(E42/D42, "") -> 26859935 | G42: 149913.1 | H42: =IF(AND(ISNUMBER(C42),ISNUMBER(G42)), C42-G42, "") -> -116403.1 | I42: =IFERROR(H42/G42, "") -> -0.7764705 | J42: 1.Inverter 1's DC contactor needs to be replaced. It remained offline for the entire month, except on 05/08 when a technician was able to temporarily bring it back online through troubleshooting. However, it went offline again on 05/09. 2. The POA sensor has been reporting 0 W/m² for the entire month and needs to be replaced. | K42: 1. SR100834 2. SR101034 | L42: SR101034
A43: Deming - Bilbo Booster | B43: NM | C43: 13955 | D43: 0 | E43: =IF(AND(ISNUMBER(C43),ISNUMBER(D43)), C43-D43, "") -> 13955 | F43: =IFERROR(E43/D43, "") | G43: 14175 | H43: =IF(AND(ISNUMBER(C43),ISNUMBER(G43)), C43-G43, "") -> -220 | I43: =IFERROR(H43/G43, "") -> -0.015520282
A44: Deming - Bilbo Well | B44: NM | C44: 25230 | D44: 0 | E44: =IF(AND(ISNUMBER(C44),ISNUMBER(D44)), C44-D44, "") -> 25230 | F44: =IFERROR(E44/D44, "") | G44: 25624.43 | H44: =IF(AND(ISNUMBER(C44),ISNUMBER(G44)), C44-G44, "") -> -394.43 | I44: =IFERROR(H44/G44, "") -> -0.015392733 | J44: 1. The weather station was not communicating for the entire month. The client stated that the weather station is not needed, as they use satellite data. The data logger was replaced with a power logger, which is now visible on Bilbo Booster. | K44: 1. SR100915
A45: Deming - WWTP | B45: NM | C45: 89500 | D45: 72718 | E45: =IF(AND(ISNUMBER(C45),ISNUMBER(D45)), C45-D45, "") -> 16782 | F45: =IFERROR(E45/D45, "") -> 0.23078192 | G45: 102941.5 | H45: =IF(AND(ISNUMBER(C45),ISNUMBER(G45)), C45-G45, "") -> -13441.5 | I45: =IFERROR(H45/G45, "") -> -0.13057416 | J45: 1. The inverter was underproducing by 100 kW and intermittently derating by 75 kW during peak hours. On 05/20, a technician took the inverter offline from 08:00 to 10:00 and contacted Solectria for further troubleshooting. They recommended replacing all three fans and the inverter display. | K45: 1. SR101100
A46: Truth or Consequences - Walmart | B46: NM | C46: 185000 | D46: 375246.2 | E46: =IF(AND(ISNUMBER(C46),ISNUMBER(D46)), C46-D46, "") -> -190246.2 | F46: =IFERROR(E46/D46, "") -> -0.50699034 | G46: 224951.5 | H46: =IF(AND(ISNUMBER(C46),ISNUMBER(G46)), C46-G46, "") -> -39951.5 | I46: =IFERROR(H46/G46, "") -> -0.1776005 | J46: 1. Inverter B1 tripped offline on 05/02 at 16:00 and back online on 05/03 at 14:00. Inverter B1 started late at 12:00 on 05/04 and inverter B1 was offline from 07:00 on 05/06 to 07:00 on 05/08. Inverter C1 was offline for whole month. 2. Weather station reading erroneous value at 1237.22 W/m2. AlsoEnergy mentioned it is a hardware issue either with the wiring of the sensor to the logger or with the sensor itself. | K46: 1. SR100906 2. SR101057 | L46: SR101057
A47: CA: Stockton - SUSD - Merlo | B47: CA | F47: =IFERROR(E47/D47, "")
A48: Stockton Unified School Dist. - Bush Elementary | B48: CA
A49: CA: Stockton - SUSD - Marshall JHS | B49: CA
A50: CA: Stockton - SUSD - Hong-Kingston ES | B50: CA
A51: CA: Stockton - SUSD - Hamilton ES | B51: CA
A52: CA: Stockton - SUSD - Franklin - North | B52: CA
A53: Stockton Unified School Dist. - Fillmore Elementary | B53: CA
A54: CA: Stockton - SUSD - El Dorado ES | B54: CA
A55: CA: Stockton - SUSD - Edison HS | B55: CA
A56: CA: Stockton - SUSD - Chavez HS - Large | B56: CA
A57: CA: San Jose - GE Mobile Water | B57: CA
A58: CA: San Marcos - Vallecitos Water - Lift Station | B58: CA
A59: CA: San Marcos - Vallecitos Water - Twin Oaks Reservoir | B59: CA
... A85: NY: Rome - 7776 Tannery RD | B85: NY

Sheet Jun
A1: {=portfolio} -> Clean Capital | D1: June Actual v. Expected | G1: June Actual v. Forecasted
A2: Total | C2: =SUM(C4:C85) -> 3527879.3 | D2: =SUM(D4:D85) -> 2547933.5 | E2: =C2-D2 -> 979945.78 | F2: =IFERROR(E2/D2, 0) -> 0.38460414 | G2: =SUM(G4:G85) -> 4815603.8 | H2: =C2-G2 -> -1287724.5 | I2: =IFERROR(H2/G2, 0) -> -0.26740665 | J2: =IF(AND(TODAY()>DATE(2024, 6, 1), COUNTA(Sites[Site])<>(COUNT(C:C)-1)), "Some sites are missing actual data; if new sites were added, make sure they are aligned correctly (including prior months!)", "") -> Some sites are missing actual data; if new sites were added, make sure they are aligned correctly (including prior months!)
A3: Site | B3: State | C3: Actual | D3: Expected | E3: Delta | F3: % | G3: Forecasted | H3: Delta | I3: % | J3: Notes | K3: Service Requests
A4: {=Sites[Site]} -> Lexington - Cotting School | B4: {=Sites[State]} -> MA | C4: 41561.2 | D4: N/A | E4: =IF(AND(ISNUMBER(C4),ISNUMBER(D4)), C4-D4, "") | F4: =IFERROR(E4/D4, "") | G4: N/A | H4: =IF(AND(ISNUMBER(C4),ISNUMBER(G4)), C4-G4, "") | I4: =IFERROR(H4/G4, "") | J4: 1. Inverter 12 was significantly affected by shading, resulting in a 6 kW reduction in output. This issue is more likely to occur on high irradiance days throughout the month. | K4: 1. SR099290
A5: Pacoima - Whiteman Airport | B5: CA | C5: 34810 | D5: N/A | E5: =IF(AND(ISNUMBER(C5),ISNUMBER(D5)), C5-D5, "") | F5: =IFERROR(E5/D5, "") | G5: 62920 | H5: =IF(AND(ISNUMBER(C5),ISNUMBER(G5)), C5-G5, "") -> -28110 | I5: =IFERROR(H5/G5, "") -> -0.44675779 | J5: 1. Inverter I has been offline at 06:04 on 05/12 due to an "ARC fault detected" and remained offline throught the month. 2. Inverter L tripped offline at 12:20 on 05/13 due to an "ARC fault detected" and remained offline throught the month. 3. Inverter Q tripped offline at 10:10 on 05/18 due to an "ARC fault detected" and remained offline throught the month. 4. Inverter P was offline and Inverter N was trippong on and off and lost communication on multiple days through out the month. and addtionaly Inverter N tripped offline at 12:10 on 05/19 due to "Actual AC power deviation" and lost communication nextday and back online at 12:35 on 06/12.considering replacing AE inverters with another brand and is seeking recommendations. 5. Weather station jumps from 0 to 1200 W/m^2 at sunrise and stays high all day. Inverter production seems to reflect cloud cover on some days, but the irradiance sensor always reports very sunny conditions. | K5: 1. SR101243 2. SR101243 3. SR101243 4. SR101243 5. SR101245 | L5: SR101243 | M5: SR101243 | N5: SR101243 | O5: SR101245
A6: Hyannis - Sturgis Charter School | B6: MA | C6: 37285.946 | D6: N/A | E6: =IF(AND(ISNUMBER(C6),ISNUMBER(D6)), C6-D6, "") | F6: =IFERROR(E6/D6, "") | G6: 37520 | H6: =IF(AND(ISNUMBER(C6),ISNUMBER(G6)), C6-G6, "") -> -234.05432 | I6: =IFERROR(H6/G6, "") -> -0.0062381215
A7: South Dennis - Tony Kent Arena | B7: MA | C7: 44360.88 | D7: N/A | E7: =IF(AND(ISNUMBER(C7),ISNUMBER(D7)), C7-D7, "") | F7: =IFERROR(E7/D7, "") | G7: N/A | H7: =IF(AND(ISNUMBER(C7),ISNUMBER(G7)), C7-G7, "") | I7: =IFERROR(H7/G7, "") | J7: 1.On 03/14, Technicians identified failed modules on CB1 String 10 and CB6 String 7 causing inverter shutdown. They isolated the faulty strings, restored DC voltage, and brought the inverter back online. Site is now producing normally; module procurement and replacement are pending. | K7: 1. SR096262 & SR099066 | L7: SR099066
A8: Caropolis - Felician Sisters | B8: PA | C8: 63673.2 | D8: N/A | E8: =IF(AND(ISNUMBER(C8),ISNUMBER(D8)), C8-D8, "") | F8: =IFERROR(E8/D8, "") | G8: N/A | H8: =IF(AND(ISNUMBER(C8),ISNUMBER(G8)), C8-G8, "") | I8: =IFERROR(H8/G8, "") | J8: 1. Inverter 13 is underperforming by approximately 10 kW compared to its peers Since 03/21/25. 2. The weather station has experienced intermittent communication over a period of 2-3 days Since 04/05, due to an RS485 failure outside the PowerDash enclosure. While the gateway and Acuvim meter remain online, the inverters and weather station have lost connection. Additional troubleshooting is required. | K8: 1. SR098870 2. SR099461 | L8: SR099461
A9: Clear Lake - Eastlake Gohman | B9: MN | C9: 161402 | D9: N/A | E9: =IF(AND(ISNUMBER(C9),ISNUMBER(D9)), C9-D9, "") | F9: =IFERROR(E9/D9, "") | G9: 194604.2 | H9: =IF(AND(ISNUMBER(C9),ISNUMBER(G9)), C9-G9, "") -> -33202.2 | I9: =IFERROR(H9/G9, "") -> -0.17061399 | J9: 1. Inverter 2.5 is underperforming by 5kW compared to its peers on 06/02. On 06/03 technician was on site and noted it has been overcast so the underperformance may not have triggered, as it was occurring during peak production hours. | K9: 1. SR102343
A10: Zumbrota - Eastlake Brenda Luhman | B10: MN | C10: 175506 | D10: N/A | E10: =IF(AND(ISNUMBER(C10),ISNUMBER(D10)), C10-D10, "") | F10: =IFERROR(E10/D10, "") | G10: 196103 | H10: =IF(AND(ISNUMBER(C10),ISNUMBER(G10)), C10-G10, "") -> -20597 | I10: =IFERROR(H10/G10, "") -> -0.10503154 | J10: 1.Site production was low on 06/03 , 06/09, 06/12 06/26 due to low irradiance
A11: Cokato - Eastlake Carlson | B11: MN | C11: 158746 | D11: N/A | E11: =IF(AND(ISNUMBER(C11),ISNUMBER(D11)), C11-D11, "") | F11: =IFERROR(E11/D11, "") | G11: 211689.7 | H11: =IF(AND(ISNUMBER(C11),ISNUMBER(G11)), C11-G11, "") -> -52943.7 | I11: =IFERROR(H11/G11, "") -> -0.2501005 | J11: 1. The site was offline and inverters tripped offline at 08:45 on 06/03, reporting "Grid phase voltage out of range - GridV.OutLim." After re-energizing the site, it came back online at 08:45 on 06/04. 2. The site was offline. and all inverters tripped offline at 07:00 on 06/15, reporting "Grid phase voltage out of range - GridV.OutLim." After resetting the main breaker, the site came back online at 17:00 on 06/16. | K11: 1. SR102384 2. SR102998 | L11: SR102998
A12: North Branch - Cornille 2 | B12: MN | C12: 157249 | D12: N/A | E12: =IF(AND(ISNUMBER(C12),ISNUMBER(D12)), C12-D12, "") | F12: =IFERROR(E12/D12, "") | G12: 207595.1 | H12: =IF(AND(ISNUMBER(C12),ISNUMBER(G12)), C12-G12, "") -> -50346.1 | I12: =IFERROR(H12/G12, "") -> -0.24252066 | J12: 1. Inverter 12 was offline on 06/07 and reporting "Bst hardware overcurrent fault - Fault0080 Bst Hardware overcurrent - Protect0550" and is being RMA'd and remains offline. 2. Inverter 9 derated at 40kW from 06/01 to 06/05 and reporting reporting "External Fan Err - ExtFanerr". 3. Inverter 6 tripped offline at 8:45 on 06/03 and back online at 10:00 on 06/04 and on 06/20 tech was onsite and inverter is offline from 11:15-13:30 | K12: 1. SR102644 2. SR102209 3. SR102644 | L12: SR102209 | M12: SR102644
A13: Clear Lake - Eastlake Hammer | B13: MN | C13: 183906 | D13: N/A | E13: =IF(AND(ISNUMBER(C13),ISNUMBER(D13)), C13-D13, "") | F13: =IFERROR(E13/D13, "") | G13: 258377.7 | H13: =IF(AND(ISNUMBER(C13),ISNUMBER(G13)), C13-G13, "") -> -74471.7 | I13: =IFERROR(H13/G13, "") -> -0.28822805 | J13: 1. Inverter 4 has started late on 06/04 and inverters 1,2,3,4,6,7,8 has started late on 06/05 2. Site was offline at 8:45am on 06/12 and back online at 13:15 on 06/17 3. Inverter 3 is derating at 75kW from 13:45 on 06/19 and reporting "External Fan Err - ExtFanerr" and the fan is being RMA'd. | K13: 1. SR102557 2. SR102982 3.SR103184 | L13: SR102982 | M13: SR103184
A14: Eastlake - Hertzberg CSG 1 | B14: MN | C14: 188383 | D14: N/A | E14: =IF(AND(ISNUMBER(C14),ISNUMBER(D14)), C14-D14, "") | F14: =IFERROR(E14/D14, "") | G14: 255160.51 | H14: =IF(AND(ISNUMBER(C14),ISNUMBER(G14)), C14-G14, "") -> -66777.506 | I14: =IFERROR(H14/G14, "") -> -0.26170784 | J14: 1. Inverters 5 through 8 are producing about half the amount from 06/02 to 06/24 2. Tracker Position 1 stuck at 30.55degrees at 15:30CDT on 06/01, effecting production of inverters 5,6,7 & 8 in the morning time and later technician has removed the old encoder and installed a new one. Tracker 1 is now operating properly from 06/24. 3. Inverters 1,6,7,8 have a sporadic derating pattern during high irradiance from 06/30 4. Weather station intermittently reports irradiance at night, no irradiance during the day, or excessively high values (2,400 W/m²). The issue has worsened throughout the month. | K14: 1.SR102296 2.SR102296, SR102336 3. SR103740 4. SR099110 | L14: SR102296 | M14: SR102336 | N14: SR103740 | O14: SR099110
A15: Cokato - Eastlake Laurel Village | B15: MN | C15: 204106.2 | D15: N/A | E15: =IF(AND(ISNUMBER(C15),ISNUMBER(D15)), C15-D15, "") | F15: =IFERROR(E15/D15, "") | G15: 276345 | H15: =IF(AND(ISNUMBER(C15),ISNUMBER(G15)), C15-G15, "") -> -72238.805 | I15: =IFERROR(H15/G15, "") -> -0.26140804 | J15: 1. Tracker position A1 S 19 is stuck at 2 degrees. Waiting for TerraSmart to finish their work. | K15: 1. SR101919
A16: St. Peter - Eastlake Paulson | B16: MN | C16: 172142.71 | D16: N/A | E16: =IF(AND(ISNUMBER(C16),ISNUMBER(D16)), C16-D16, "") | F16: =IFERROR(E16/D16, "") | G16: 213267.1 | H16: =IF(AND(ISNUMBER(C16),ISNUMBER(G16)), C16-G16, "") -> -41124.393 | I16: =IFERROR(H16/G16, "") -> -0.19283046 | J16: 1. Inverter 5 dropped a string on 06/11 and fuse need to be replaced. 2. Site was offline at 09:15 on 06/23 and back online at 08:00 on 06/24 | K16: 1. SR103239 2. SR103324 | L16: SR103324
A17: Felician Sisters Convent | B17: NJ | C17: 13468.4 | D17: N/A | E17: =IF(AND(ISNUMBER(C17),ISNUMBER(D17)), C17-D17, "") | F17: =IFERROR(E17/D17, "") | G17: N/A | H17: =IF(AND(ISNUMBER(C17),ISNUMBER(G17)), C17-G17, "") | I17: =IFERROR(H17/G17, "") | J17: 1. Inverter 8 (College Inverter 16 on DAS) is under performing by about 30% on average and Inverters 11 and 17 (Convent 39 and HS 45) also appear to be intermittently underperforming compared to peers for whole month | K17: 1. SR103048
A18: Sussex County Fairgrounds | B18: NJ | C18: 52922.52 | D18: N/A | E18: =IF(AND(ISNUMBER(C18),ISNUMBER(D18)), C18-D18, "") | F18: =IFERROR(E18/D18, "") | G18: N/A | H18: =IF(AND(ISNUMBER(C18),ISNUMBER(G18)), C18-G18, "") | I18: =IFERROR(H18/G18, "") | J18: 1. Inverters 3 and 4 tripped offline at 13:00 on 06/28and reporting "Serial el.arc in String detected by AFCI mod" 2. inverters 1,4 and 12 were offline from 14:00 on 06/08 to 06/10. 3. Inverter A2 was offline from 06/01 to 06/08 at 16:00 and again offline from 06/09 to 06/29 and inverteer being RMA'd | K18: 1. SR103686 2. SR102669 3. SR101068 | L18: SR102669 | M18: SR101068
A19: Gateway Church | B19: NJ | C19: 29163 | D19: N/A | E19: =IF(AND(ISNUMBER(C19),ISNUMBER(D19)), C19-D19, "") | F19: =IFERROR(E19/D19, "") | G19: N/A | H19: =IF(AND(ISNUMBER(C19),ISNUMBER(G19)), C19-G19, "") | I19: =IFERROR(H19/G19, "") | J19: 1. Inverter 5 and 12 were offline almost for whole month and inverter 9 and 18 offline for whole month.Inverters 6,7, 8, 11 & 13 were offline on 06/17 and Inverters 1, 6, 7, 8, 11, 13, 15, 17 were started late at 01:50 on 06/18 | K19: 1. SR099730
A20: Beaver Falls - Felician Sisters | B20: PA | C20: 44457 | D20: N/A | E20: =IF(AND(ISNUMBER(C20),ISNUMBER(D20)), C20-D20, "") | F20: =IFERROR(E20/D20, "") | G20: N/A | H20: =IF(AND(ISNUMBER(C20),ISNUMBER(G20)), C20-G20, "") | I20: =IFERROR(H20/G20, "") | J20: 1. Inverters 5 and 7 are derating at 10kW in the afternoons. Inverter 14 and 15 underperforming by 3kW compared to peers and Inverter 9 and 11 underperforming by 2kW compared to peers for whole month. | K20: 1. SR103950
A21: Livonia - Felician Sisters Ground | B21: MI | C21: 0 | D21: N/A | E21: =IF(AND(ISNUMBER(C21),ISNUMBER(D21)), C21-D21, "") | F21: =IFERROR(E21/D21, "") | G21: N/A | H21: =IF(AND(ISNUMBER(C21),ISNUMBER(G21)), C21-G21, "") | I21: =IFERROR(H21/G21, "") | J21: 1. Inverter 10 is derating at 10kW from 12:40 on 06/02 to end of month. 2. Inverter 4 was derating for whole month. 3. Inverters 1 and 7 were offline and meter was not communicated for whole month. | K21: 1. SR102316 2. SR099500 3. SR098016 | L21: SR099500 | M21: SR098016
A22: Livonia - Felician Sisters Roof | B22: MI | C22: 17856 | D22: N/A | E22: =IF(AND(ISNUMBER(C22),ISNUMBER(D22)), C22-D22, "") | F22: =IFERROR(E22/D22, "") | G22: N/A | H22: =IF(AND(ISNUMBER(C22),ISNUMBER(G22)), C22-G22, "") | I22: =IFERROR(H22/G22, "") | J22: 1. Inverter 4 started derating midday by 4kW on 6/28/25. | K22: 1. SR103914
A23: Monmouth Worship Ctr | B23: NJ | C23: 11746.2 | D23: N/A | E23: =IF(AND(ISNUMBER(C23),ISNUMBER(D23)), C23-D23, "") | F23: =IFERROR(E23/D23, "") | G23: N/A | H23: =IF(AND(ISNUMBER(C23),ISNUMBER(G23)), C23-G23, "") | I23: =IFERROR(H23/G23, "")
A24: Audubon - Senior Citizens United | B24: NJ | C24: 9698.7 | D24: N/A | E24: =IF(AND(ISNUMBER(C24),ISNUMBER(D24)), C24-D24, "") | F24: =IFERROR(E24/D24, "") | G24: N/A | H24: =IF(AND(ISNUMBER(C24),ISNUMBER(G24)), C24-G24, "") | I24: =IFERROR(H24/G24, "") | J24: 1. 2 strings offline and CB offline from aerial | K24: 1. SR103124
A25: Hollister - PG&E (Enerparc) | B25: CA | C25: 0 | D25: 0 | E25: =IF(AND(ISNUMBER(C25),ISNUMBER(D25)), C25-D25, "") -> 0 | F25: =IFERROR(E25/D25, "") | G25: 380851.9 | H25: =IF(AND(ISNUMBER(C25),ISNUMBER(G25)), C25-G25, "") -> -380851.9 | I25: =IFERROR(H25/G25, "") -> -1 | J25: 1. Inverter 3 is derating by about 10kW during peak irradiance since 06/09 2. CB 1.7 2.10, 2.13, 3.1, 3.3 underperforming by about 80 amps. CB 1.2, 1.8, 3.9 underperforming by about 50 amps. CB 1.3, 2.11, 2.12 underperforming by about 30 amps. CB 2.1, 2.2, 2.3, 2.4, 2.5, 2.6, 2.7, 2.8, 2.9, 3.5, 3.11, 3.12, 3.13 underperforming by about 20 amps. CB 1.13, 1.5, 1.4, 1.6, 3.0, 3.2, 3.4, 3.6, 3.7, 3.8, 3.10 underperforming by about 10 amps 3. PG &E isolated the meter. 4. Inverter 2 tripped offline at 12:45pm on 06/01 and back online on 06/03 at 10:30 and again inverter 2 was offline from 06/13 to 09:00 on 06/16. | K25: 1. SR104147 2.SR102794, PM16047 3. SR103335 4. SR102011 | L25: SR102794 | M25: SR103335 | N25: SR102011
A26: Taos County - Kit Carson Electric Co-Op | B26: NM | C26: 223650 | D26: 245538.7 | E26: =IF(AND(ISNUMBER(C26),ISNUMBER(D26)), C26-D26, "") -> -21888.7 | F26: =IFERROR(E26/D26, "") -> -0.089145621 | G26: 226498.4 | H26: =IF(AND(ISNUMBER(C26),ISNUMBER(G26)), C26-G26, "") -> -2848.4 | I26: =IFERROR(H26/G26, "") -> -0.012575806
A27: Commerce City - Adams City HS | B27: CO | C27: 16571 | D27: 13824.62 | E27: =IF(AND(ISNUMBER(C27),ISNUMBER(D27)), C27-D27, "") -> 2746.38 | F27: =IFERROR(E27/D27, "") -> 0.19865862 | G27: 15719.6 | H27: =IF(AND(ISNUMBER(C27),ISNUMBER(G27)), C27-G27, "") -> 851.4 | I27: =IFERROR(H27/G27, "") -> 0.054161684
A28: Commerce City - Adams City MS | B28: CO | C28: 13731 | D28: 12560.58 | E28: =IF(AND(ISNUMBER(C28),ISNUMBER(D28)), C28-D28, "") -> 1170.42 | F28: =IFERROR(E28/D28, "") -> 0.093182003 | G28: 13823.29 | H28: =IF(AND(ISNUMBER(C28),ISNUMBER(G28)), C28-G28, "") -> -92.29 | I28: =IFERROR(H28/G28, "") -> -0.0066764135
A29: Commerce City - Central ES | B29: CO | C29: 3601 | D29: 3595.888 | E29: =IF(AND(ISNUMBER(C29),ISNUMBER(D29)), C29-D29, "") -> 5.112 | F29: =IFERROR(E29/D29, "") -> 0.0014216238 | G29: 4056.882 | H29: =IF(AND(ISNUMBER(C29),ISNUMBER(G29)), C29-G29, "") -> -455.882 | I29: =IFERROR(H29/G29, "") -> -0.11237251 | J29: 1.Site production was low on 06/03 , 06/17 due to low irradiance
A30: Commerce City - Dupont ES | B30: CO | C30: 6581 | D30: 10176.84 | E30: =IF(AND(ISNUMBER(C30),ISNUMBER(D30)), C30-D30, "") -> -3595.84 | F30: =IFERROR(E30/D30, "") -> -0.35333561 | G30: 11635.48 | H30: =IF(AND(ISNUMBER(C30),ISNUMBER(G30)), C30-G30, "") -> -5054.48 | I30: =IFERROR(H30/G30, "") -> -0.43440236 | J30: 1. Site was offline from 11:45 on 06/25 to 12:00 on 06/26. 2. Site was offline from 16:30 on 06/09 to 14:15 on 06/20 3. Meter is capturing 3 or 4 kW more than the inverter is producing on high irradiance days. | K30: 1. SR103561 2. SR102760 3. SR102137 | L30: SR102760 | M30: SR102137
A31: Commerce City - Educational Support Services | B31: CO | C31: 11571 | D31: 10568.61 | E31: =IF(AND(ISNUMBER(C31),ISNUMBER(D31)), C31-D31, "") -> 1002.39 | F31: =IFERROR(E31/D31, "") -> 0.094845964 | G31: 11983.85 | H31: =IF(AND(ISNUMBER(C31),ISNUMBER(G31)), C31-G31, "") -> -412.85 | I31: =IFERROR(H31/G31, "") -> -0.034450531
A32: Commerce City - Hanson ES | B32: CO | C32: 14653 | D32: 13781.65 | E32: =IF(AND(ISNUMBER(C32),ISNUMBER(D32)), C32-D32, "") -> 871.35 | F32: =IFERROR(E32/D32, "") -> 0.063225376 | G32: 15662.34 | H32: =IF(AND(ISNUMBER(C32),ISNUMBER(G32)), C32-G32, "") -> -1009.34 | I32: =IFERROR(H32/G32, "") -> -0.064443755
A33: Commerce City - Kemp ES | B33: CO | C33: 18786.861 | D33: 13774.61 | E33: =IF(AND(ISNUMBER(C33),ISNUMBER(D33)), C33-D33, "") -> 5012.2511 | F33: =IFERROR(E33/D33, "") -> 0.36387608 | G33: 15654.61 | H33: =IF(AND(ISNUMBER(C33),ISNUMBER(G33)), C33-G33, "") -> 3132.2511 | I33: =IFERROR(H33/G33, "") -> 0.2000849 | J33: 1. Site was not communicated from 05/10 to 10:15 on 06/06. 2. CB 2A string 1 is underperforming by 6 amps for whole month. CB 1 not communicating from 6/13/24. CB 3 and 4 not communicating from 5/10/25 2. Meter was offline from 06:30 to 09:00 on 06/26. | K33: 1. SR100833 2.SR102723 3. SR103597 | L33: SR102723 | M33: SR103597
A34: Commerce City - Lester Arnold HS | B34: CO | C34: 237.99939 | D34: 13316.23 | E34: =IF(AND(ISNUMBER(C34),ISNUMBER(D34)), C34-D34, "") -> -13078.231 | F34: =IFERROR(E34/D34, "") -> -0.98212712 | G34: 15202.53 | H34: =IF(AND(ISNUMBER(C34),ISNUMBER(G34)), C34-G34, "") -> -14964.531 | I34: =IFERROR(H34/G34, "") -> -0.98434475 | J34: 1. Site was offline almost for whole month. | K34: 1. SR103375, SR100883, SR103638 | L34: SR100883 | M34: SR103638
A35: Commerce City - Monaco ES | B35: CO | C35: 13502 | D35: 13782.19 | E35: =IF(AND(ISNUMBER(C35),ISNUMBER(D35)), C35-D35, "") -> -280.19 | F35: =IFERROR(E35/D35, "") -> -0.02032986 | G35: 15662.34 | H35: =IF(AND(ISNUMBER(C35),ISNUMBER(G35)), C35-G35, "") -> -2160.34 | I35: =IFERROR(H35/G35, "") -> -0.13793214 | J35: 1. Meter was reported zero from 06/01 to 06/05 | K35: 1. SR101936
A36: Denver - Northgate / Old Fort Logan ES | B36: CO | C36: 13219 | D36: 11978.36 | E36: =IF(AND(ISNUMBER(C36),ISNUMBER(D36)), C36-D36, "") -> 1240.64 | F36: =IFERROR(E36/D36, "") -> 0.10357344 | G36: 13861.41 | H36: =IF(AND(ISNUMBER(C36),ISNUMBER(G36)), C36-G36, "") -> -642.41 | I36: =IFERROR(H36/G36, "") -> -0.046345213
A37: Denver - Sheridan High School | B37: CO | C37: 15416 | D37: 13814.97 | E37: =IF(AND(ISNUMBER(C37),ISNUMBER(D37)), C37-D37, "") -> 1601.03 | F37: =IFERROR(E37/D37, "") -> 0.11589095 | G37: 13803.94 | H37: =IF(AND(ISNUMBER(C37),ISNUMBER(G37)), C37-G37, "") -> 1612.06 | I37: =IFERROR(H37/G37, "") -> 0.1167826
A38: Englewood - Alice Terry Elementary | B38: CO | C38: 14582 | D38: 13815.06 | E38: =IF(AND(ISNUMBER(C38),ISNUMBER(D38)), C38-D38, "") -> 766.94 | F38: =IFERROR(E38/D38, "") -> 0.055514779 | G38: 13861.41 | H38: =IF(AND(ISNUMBER(C38),ISNUMBER(G38)), C38-G38, "") -> 720.59 | I38: =IFERROR(H38/G38, "") -> 0.051985332
A39: Englewood - Sheridan Middle School | B39: CO | C39: 8599 | D39: 8327.854 | E39: =IF(AND(ISNUMBER(C39),ISNUMBER(D39)), C39-D39, "") -> 271.146 | F39: =IFERROR(E39/D39, "") -> 0.032558928 | G39: 8116.015 | H39: =IF(AND(ISNUMBER(C39),ISNUMBER(G39)), C39-G39, "") -> 482.985 | I39: =IFERROR(H39/G39, "") -> 0.059510117
A40: Goshen - NIPSCO | B40: IN | C40: 53223 | D40: 57754.22 | E40: =IF(AND(ISNUMBER(C40),ISNUMBER(D40)), C40-D40, "") -> -4531.22 | F40: =IFERROR(E40/D40, "") -> -0.078456951 | G40: 73745.61 | H40: =IF(AND(ISNUMBER(C40),ISNUMBER(G40)), C40-G40, "") -> -20522.61 | I40: =IFERROR(H40/G40, "") -> -0.27828924 | J40: 1. Inverter 2 underperforming by approximately 70 kW and inverter 1 is underperforming by approximately 120 kW. When looking at previous years during the same time frame this trend is relevant. | K40: 1. SR101963
A41: Alamogordo - City of Alamogordo - Effluent | B41: NM | C41: 23847 | D41: 28652.4 | E41: =IF(AND(ISNUMBER(C41),ISNUMBER(D41)), C41-D41, "") -> -4805.4 | F41: =IFERROR(E41/D41, "") -> -0.1677137 | G41: 35207.36 | H41: =IF(AND(ISNUMBER(C41),ISNUMBER(G41)), C41-G41, "") -> -11360.36 | I41: =IFERROR(H41/G41, "") -> -0.32267003 | J41: 1. Inverter 1 and 2 are underproducing by 60kW due to multiple modules that are burned and broken and need to be replaced. | K41: 1. SR101818
A42: Alamogordo - City of Alamogordo - WWTP | B42: NM | C42: 53120 | D42: 0.005350212 | E42: =IF(AND(ISNUMBER(C42),ISNUMBER(D42)), C42-D42, "") -> 53119.995 | F42: =IFERROR(E42/D42, "") -> 9928577.5 | G42: 149309.6 | H42: =IF(AND(ISNUMBER(C42),ISNUMBER(G42)), C42-G42, "") -> -96189.6 | I42: =IFERROR(H42/G42, "") -> -0.64422917 | J42: 1. The POA has been reading 0 W/m2 since 08/01/23. 2. 200 Modules were damaged and need to be replaced. | K42: 1. SR101034 2. SR103779, SR102621 | L42: SR103779 | M42: SR102621
A43: Deming - Bilbo Booster | B43: NM | C43: 12401 | D43: 0 | E43: =IF(AND(ISNUMBER(C43),ISNUMBER(D43)), C43-D43, "") -> 12401 | F43: =IFERROR(E43/D43, "") | G43: 14116.31 | H43: =IF(AND(ISNUMBER(C43),ISNUMBER(G43)), C43-G43, "") -> -1715.31 | I43: =IFERROR(H43/G43, "") -> -0.12151263 | J43: 1. The anemometer SE 03 has stopped communicating from 10/14/23. | K43: 1. SR101021
A44: Deming - Bilbo Well | B44: NM | C44: 22539 | D44: 0 | E44: =IF(AND(ISNUMBER(C44),ISNUMBER(D44)), C44-D44, "") -> 22539 | F44: =IFERROR(E44/D44, "") | G44: 25517.47 | H44: =IF(AND(ISNUMBER(C44),ISNUMBER(G44)), C44-G44, "") -> -2978.47 | I44: =IFERROR(H44/G44, "") -> -0.11672278 | J44: 1. Weather station was not communicated for whole month. | K44: 1. SR100915
A45: Deming - WWTP | B45: NM | C45: 82740 | D45: 75801.73 | E45: =IF(AND(ISNUMBER(C45),ISNUMBER(D45)), C45-D45, "") -> 6938.27 | F45: =IFERROR(E45/D45, "") -> 0.091531816 | G45: 100567.3 | H45: =IF(AND(ISNUMBER(C45),ISNUMBER(G45)), C45-G45, "") -> -17827.3 | I45: =IFERROR(H45/G45, "") -> -0.17726736 | J45: 1. Inverter was underproducing 100kW down from 08/23/23. | K45: 1. SR101100
A46: Truth or Consequences - Walmart | B46: NM | C46: 150200 | D46: 313720.4 | E46: =IF(AND(ISNUMBER(C46),ISNUMBER(D46)), C46-D46, "") -> -163520.4 | F46: =IFERROR(E46/D46, "") -> -0.52122973 | G46: 216035.6 | H46: =IF(AND(ISNUMBER(C46),ISNUMBER(G46)), C46-G46, "") -> -65835.6 | I46: =IFERROR(H46/G46, "") -> -0.30474422 | J46: 1. Inverter C1 is remain offline for whole month 2. Inverter B1 was started late on 06/02, 06/03, 06/11. 3. Inverters B1 - B5 and C1 is offline on 06/25 and later they back online at 15:15 on 06/26 and again the inverters are tripped offline on 06/27 and remains offline through out month. | K46: 1. SR100906 2. SR100906 3. SR103517 | L46: SR100906 | M46: SR103517
A47: CA: Stockton - SUSD - Merlo | B47: CA | C47: 0 | D47: 0 | E47: =IF(AND(ISNUMBER(C47),ISNUMBER(D47)), C47-D47, "") -> 0 | F47: =IFERROR(E47/D47, "") | G47: 0 | H47: =IF(AND(ISNUMBER(C47),ISNUMBER(G47)), C47-G47, "") -> 0 | I47: =IFERROR(H47/G47, "") | J47: 1. Site has not communicated since 5/14/25, inverter 3 offline from 3/19/25 and LOTOd. inverter 1 offline from 3/18/25. inverter 2 offline from 3/18/25. inverter 4 offline from 3/23/25. | K47: 1. SR102419
A48: Stockton Unified School Dist. - Bush Elementary | B48: CA | C48: 28518.75 | D48: 41029.64 | E48: =IF(AND(ISNUMBER(C48),ISNUMBER(D48)), C48-D48, "") -> -12510.89 | F48: =IFERROR(E48/D48, "") -> -0.30492322 | G48: 41223.45 | H48: =IF(AND(ISNUMBER(C48),ISNUMBER(G48)), C48-G48, "") -> -12704.7 | I48: =IFERROR(H48/G48, "") -> -0.30819109 | J48: 1. Inverter g was underproduced by 4kW compared peers and on 06/27 inverter G was offline and back online on 06/28. 2. Inverter E offline (LOTO'd on 6/12/24). inverter A underperforming by 17kW. Inverter G underperforming by 7kW. Inverter F underperforming by 5kW. for whole month. | K48: 1. SR103160 2. SR102283 | L48: SR102283
A49: CA: Stockton - SUSD - Marshall JHS | B49: CA | C49: 9336.75 | D49: 26671.02 | E49: =IF(AND(ISNUMBER(C49),ISNUMBER(D49)), C49-D49, "") -> -17334.27 | F49: =IFERROR(E49/D49, "") -> -0.64992902 | G49: 27196.61 | H49: =IF(AND(ISNUMBER(C49),ISNUMBER(G49)), C49-G49, "") -> -17859.86 | I49: =IFERROR(H49/G49, "") -> -0.65669435 | J49: 1. Inverter C and E offline and LOTOd during PM on 11/18/24. Inverters A,B,D are not communicating from 3/6/25 according to the meter 1 of these inverters is offline. | K49: 1. SR102418
A50: CA: Stockton - SUSD - Hong-Kingston ES | B50: CA | C50: 14926.5 | D50: 44733.39 | E50: =IF(AND(ISNUMBER(C50),ISNUMBER(D50)), C50-D50, "") -> -29806.89 | F50: =IFERROR(E50/D50, "") -> -0.66632308 | G50: 44081.08 | H50: =IF(AND(ISNUMBER(C50),ISNUMBER(G50)), C50-G50, "") -> -29154.58 | I50: =IFERROR(H50/G50, "") -> -0.66138534 | J50: 1. Inverters F and H were LOTOd from 06/14 and Inverters A,B,C,D,E,G not communicating from 9/19/24 according to meter 3 3 of these inverters are offline. | K50: 1. SR102416
A51: CA: Stockton - SUSD - Hamilton ES | B51: CA | C51: 7429.75 | D51: 23069.73 | E51: =IF(AND(ISNUMBER(C51),ISNUMBER(D51)), C51-D51, "") -> -15639.98 | F51: =IFERROR(E51/D51, "") -> -0.67794378 | G51: 23358.81 | H51: =IF(AND(ISNUMBER(C51),ISNUMBER(G51)), C51-G51, "") -> -15929.06 | I51: =IFERROR(H51/G51, "") -> -0.68192943 | J51: 1. Inverter A offline from 7/1/24 to end of the month, inverter C offline from 7/30/24 to end of the month, Inverter D offline from 7/24/24 to end of the month | K51: 1. SR102392
A52: CA: Stockton - SUSD - Franklin - North | B52: CA | C52: 38561.5 | D52: 107498.1 | E52: =IF(AND(ISNUMBER(C52),ISNUMBER(D52)), C52-D52, "") -> -68936.6 | F52: =IFERROR(E52/D52, "") -> -0.64128203 | G52: 61870.89 | H52: =IF(AND(ISNUMBER(C52),ISNUMBER(G52)), C52-G52, "") -> -23309.39 | I52: =IFERROR(H52/G52, "") -> -0.37674244 | J52: 1. POA data was inaccurate. Reading a constant 1237.82 W/m2. 2. Inverter B-2 and D-4 were LOTO'd from 2/28/25, inverter I-9 offline from 5/17/25, inverter 10 underperforming by 10 kW for whole month. 3. Inverter C3 was offline from 15:45 on 06/26 to end of the month. | K52: 1. SR102539 2. SR102321 3. SR103636 | L52: SR102321 | M52: SR103636
A53: Stockton Unified School Dist. - Fillmore Elementary | B53: CA | C53: 5137.75 | D53: 18622.43 | E53: =IF(AND(ISNUMBER(C53),ISNUMBER(D53)), C53-D53, "") -> -13484.68 | F53: =IFERROR(E53/D53, "") -> -0.72410958 | G53: 18734.84 | H53: =IF(AND(ISNUMBER(C53),ISNUMBER(G53)), C53-G53, "") -> -13597.09 | I53: =IFERROR(H53/G53, "") -> -0.72576494 | J53: 1. inverter A offline from 1/21/24 and LOTO'd, Inverter C offline from 6/12/24 and LOTO'd, Inverter D offline from 8/8/24 and LOTO'd to end of the month. | K53: 1. SR102320
A54: CA: Stockton - SUSD - El Dorado ES | B54: CA | C54: 6179.375 | D54: 24531.64 | E54: =IF(AND(ISNUMBER(C54),ISNUMBER(D54)), C54-D54, "") -> -18352.265 | F54: =IFERROR(E54/D54, "") -> -0.74810592 | G54: 0 | H54: =IF(AND(ISNUMBER(C54),ISNUMBER(G54)), C54-G54, "") -> 6179.375 | I54: =IFERROR(H54/G54, "") | J54: 1. Inverter B,E offline (LOTO'd from 9/27/24) no faults reported. Inverter D offline. Inverter C underperforming by 8kW for whole month | K54: 1. SR102317
A55: CA: Stockton - SUSD - Edison HS | B55: CA | C55: 38415.5 | D55: 63384.38 | E55: =IF(AND(ISNUMBER(C55),ISNUMBER(D55)), C55-D55, "") -> -24968.88 | F55: =IFERROR(E55/D55, "") -> -0.39392797 | G55: 63941.16 | H55: =IF(AND(ISNUMBER(C55),ISNUMBER(G55)), C55-G55, "") -> -25525.66 | I55: =IFERROR(H55/G55, "") -> -0.39920546 | J55: 1. Inverter D was offline LOTO'd from 9/13/24 and reporting "Arc fault".Inverter K was offline LOTO'd from 9/13/24 and reporting " Grid undervoltage PS". and Inverter H,I and J was offline LOTO'd from 9/13/24. Additionally Inverter F and L are underperforming by 11kW for whole month. later on Inverter F self-resolved at 14:30 on 06/18. and Inverter I, J, D and K are back online on 06/18. 2. Inverter M underperforming by 15kW since 06/18/25 and Inverter H offline and since 09/08/24 and also Inverter L possibly underperforming by 5kW through out the month. | K55: 1. SR102315 2. SR102315 | L55: SR102315
A56: CA: Stockton - SUSD - Chavez HS - Large | B56: CA | C56: 47486 | D56: 136295.4 | E56: =IF(AND(ISNUMBER(C56),ISNUMBER(D56)), C56-D56, "") -> -88809.4 | F56: =IFERROR(E56/D56, "") -> -0.65159499 | G56: 133980.3 | H56: =IF(AND(ISNUMBER(C56),ISNUMBER(G56)), C56-G56, "") -> -86494.3 | I56: =IFERROR(H56/G56, "") -> -0.64557476 | J56: 1. Inverters 1, 4, 9, 15, 16, 18, 21, and 26 have been offline since 22/04/24, reporting an "Arc fault." Additionally, Inverters 3 and 20 have been offline since 17/03/25, reporting "Grid undervoltage PS." Inverter 12 has been offline since 20/03/25, reporting an "Arc fault," and Inverter 24 has been offline since 01/04/25, also reporting an "Arc fault." Inverter 17 has been offline since 17/03/25, and Inverter 27 has been offline since 30/05/25 and contionues through out the month. 2. The Inverter 2 is underperforming by 13 kW, Inverter 8 by 17 kW, Inverter 5 by 10 kW, and Inverter 6 by 9 kW. Inverters 11 and 14 are each underperforming by 5 kW for whole month. | K56: 1. SR102286 2. SR102286 | L56: SR102286
A57: CA: San Jose - GE Mobile Water | B57: CA | C57: 32358 | D57: 35744.62 | E57: =IF(AND(ISNUMBER(C57),ISNUMBER(D57)), C57-D57, "") -> -3386.62 | F57: =IFERROR(E57/D57, "") -> -0.094744887 | G57: 35095.11 | H57: =IF(AND(ISNUMBER(C57),ISNUMBER(G57)), C57-G57, "") -> -2737.11 | I57: =IFERROR(H57/G57, "") -> -0.077991207 | J57: 1. Inverter 4, 5 derating to 14KW and reporting "external fan error". Additionally Inverter 3 is underperforming by 5kW, likely down a string. for whole month. | K57: 1. SR102281
A58: CA: San Marcos - Vallecitos Water - Lift Station | B58: CA | C58: 37845.75 | D58: 36334.62 | E58: =IF(AND(ISNUMBER(C58),ISNUMBER(D58)), C58-D58, "") -> 1511.13 | F58: =IFERROR(E58/D58, "") -> 0.041589261 | G58: 41212.51 | H58: =IF(AND(ISNUMBER(C58),ISNUMBER(G58)), C58-G58, "") -> -3366.76 | I58: =IFERROR(H58/G58, "") -> -0.081692671
A59: CA: San Marcos - Vallecitos Water - Twin Oaks Reservoir | B59: CA | C59: 279330 | D59: 287665.9 | E59: =IF(AND(ISNUMBER(C59),ISNUMBER(D59)), C59-D59, "") -> -8335.9 | F59: =IFERROR(E59/D59, "") -> -0.028977713 | G59: 256482 | H59: =IF(AND(ISNUMBER(C59),ISNUMBER(G59)), C59-G59, "") -> 22848 | I59: =IFERROR(H59/G59, "") -> 0.089082275 | J59: 1. Inverter E2.04 is consistently derating at 58kW, reporting "W07 - De-rating" and "W11 - Fan Fail" since 06/02. and For whole month. | K59: 1. SR102503
A60: CA: Stockton - SUSD - Wilhelmina Henry ES | B60: CA | C60: 9373.75 | D60: 52210.21 | E60: =IF(AND(ISNUMBER(C60),ISNUMBER(D60)), C60-D60, "") -> -42836.46 | F60: =IFERROR(E60/D60, "") -> -0.82046136 | G60: 43120.46 | H60: =IF(AND(ISNUMBER(C60),ISNUMBER(G60)), C60-G60, "") -> -33746.71 | I60: =IFERROR(H60/G60, "") -> -0.7826148 | J60: 1. inverter A,B,G was offline from 2/20/25 and reporting " Arc fault ".and additionally, Inverter D,E,F,I was offline from 2/20/25 and LOTOd. | K60: 1. SR102451
A61: Stockton Unified School Dist. - Franklin (North) | B61: CA | C61: 38561.5 | D61: 107498.1 | E61: =IF(AND(ISNUMBER(C61),ISNUMBER(D61)), C61-D61, "") -> -68936.6 | F61: =IFERROR(E61/D61, "") -> -0.64128203 | G61: 61870.89 | H61: =IF(AND(ISNUMBER(C61),ISNUMBER(G61)), C61-G61, "") -> -23309.39 | I61: =IFERROR(H61/G61, "") -> -0.37674244 | J61: 1. Inverter B-2 was offline from 02/28/25, reporting an "Arc fault." Inverter D-4 was also offline from 02/28/25. Inverter 8 was offline from 05/06/25. Inverter I-9 was offline from 05/17/25, reporting an "Arc fault." Additionally, Inverter 10 was underperforming by 10 kW. and For whole month. 2. The weather station is reading a constant 1237.82 W/m2 intermittently through out the month. 3. Inverter C3 tripped offline at 15:45 on 06/26 and reporting "Arc Fault" and through out the month. | K61: 1. SR102321 2. SR102539 3. SR103636 | L61: SR102539 | M61: SR103636
A62: CA: Stockton - SUSD - Franklin - South | B62: CA | C62: 46797.75 | D62: 103691.9 | E62: =IF(AND(ISNUMBER(C62),ISNUMBER(D62)), C62-D62, "") -> -56894.15 | F62: =IFERROR(E62/D62, "") -> -0.54868461 | G62: 99884.52 | H62: =IF(AND(ISNUMBER(C62),ISNUMBER(G62)), C62-G62, "") -> -53086.77 | I62: =IFERROR(H62/G62, "") -> -0.53148145 | J62: 1. Inverter 17 tripped offline at 12:30 on 05/28/25 reporting "Fault Grid Phase Voltage Out of Range - GridV.OutLim" and through out the month. 2. Inverter 30 was offline from 02/20/25 reporting "Insulation Resistance Low - IsolationErr" and through out the month. 3. Inverter 21 was offline from 7/4/24, reporting an "ARC fault." Inverter 22 was offline from 12/17/24, also reporting an "ARC fault." Inverters 21 and 25 were offline from 7/4/24, both reporting an "ARC fault." Additionally, Inverter 28 was offline from 6/14/24, reporting an "ARC fault." Inverter 31 has been offline since 6/14/24. Inverter 32 was offline from 2/20/25, reporting an "ARC fault," and Inverter 33 was offline from 5/26/25. 4. Inverter 26 underperforming by 12kW and Inverter 23 underperforming by 4 kW For whole month. | K62: 1. SR102329 2. SR102329 3. SR102329 4. SR102329 | L62: SR102329 | M62: SR102329 | N62: SR102329
A63: CA: Stockton - SUSD - Chavez HS - Small | B63: CA | C63: 27596.5 | D63: 25880.94 | E63: =IF(AND(ISNUMBER(C63),ISNUMBER(D63)), C63-D63, "") -> 1715.56 | F63: =IFERROR(E63/D63, "") -> 0.066286619 | G63: 37889.96 | H63: =IF(AND(ISNUMBER(C63),ISNUMBER(G63)), C63-G63, "") -> -10293.46 | I63: =IFERROR(H63/G63, "") -> -0.27166722 | J63: 1. Inverter 30 has been offline since 03/18/2025. Inverter 31 has been underperforming by 18 kW, and Inverter 33 by 7 kW throughout the month. | K63: 1. SR102303
A64: CA: Stockton - SUSD - Facilities | B64: CA | C64: 21223.5 | D64: 58946.07 | E64: =IF(AND(ISNUMBER(C64),ISNUMBER(D64)), C64-D64, "") -> -37722.57 | F64: =IFERROR(E64/D64, "") -> -0.63995055 | G64: 64262.86 | H64: =IF(AND(ISNUMBER(C64),ISNUMBER(G64)), C64-G64, "") -> -43039.36 | I64: =IFERROR(H64/G64, "") -> -0.66973926 | J64: 1. Inverter 1 has been offline since 08/13/2024. Inverter 7 has been offline and LOTO'd since 08/13/2024. Inverter 8 has been offline and LOTO'd since 06/14/2024. Inverter 9 has been offline throughout the month due to an "Arc Fault". Inverter 10 has been offline and LOTO'd since 08/12/2024 due to an "Arc Fault". Inverter 13 has been offline and LOTO'd since 08/09/2024. Inverter 4 has been underperforming by 5 kW, and Inverter 3 by 10 kW throughout the month. | K64: 1. SR102411
A65: CA: Stockton - SUSD - Harrison | B65: CA | C65: 15057.125 | D65: 23600.42 | E65: =IF(AND(ISNUMBER(C65),ISNUMBER(D65)), C65-D65, "") -> -8543.295 | F65: =IFERROR(E65/D65, "") -> -0.36199758 | G65: 23028.24 | H65: =IF(AND(ISNUMBER(C65),ISNUMBER(G65)), C65-G65, "") -> -7971.115 | I65: =IFERROR(H65/G65, "") -> -0.34614521 | J65: 1. Inverter 1 has been underperforming by 10 kW, Inverter 3 by 5 kW, and Inverter 4 by 15 kW throughout the month. Inverter 5 tripped offline at 13:40 on 06/02/2025 due to an "Arc Fault" and came back online at 10:45 on 06/05/2025. | K65: 1. SR102403
A66: CA: Stockton - SUSD - Commodore Skills School | B66: CA | C66: 7851 | D66: 47473.79 | E66: =IF(AND(ISNUMBER(C66),ISNUMBER(D66)), C66-D66, "") -> -39622.79 | F66: =IFERROR(E66/D66, "") -> -0.83462454 | G66: 50004.5 | H66: =IF(AND(ISNUMBER(C66),ISNUMBER(G66)), C66-G66, "") -> -42153.5 | I66: =IFERROR(H66/G66, "") -> -0.84299413 | J66: 1. Inverters A, B, C, D, E, F, and G have been offline and LOTO'd since 10/29/2024 due to an 'Arc Fault.' Inverter H has been offline since 06/14/2024. | K66: 1. SR102310
A67: CA: Stockton - SUSD - Nightingale ES | B67: CA | C67: 21480 | D67: 23211.94 | E67: =IF(AND(ISNUMBER(C67),ISNUMBER(D67)), C67-D67, "") -> -1731.94 | F67: =IFERROR(E67/D67, "") -> -0.074614186 | G67: 23168.91 | H67: =IF(AND(ISNUMBER(C67),ISNUMBER(G67)), C67-G67, "") -> -1688.91 | I67: =IFERROR(H67/G67, "") -> -0.072895531
A68: CA: Stockton - SUSD - Weber Institute | B68: CA | C68: 9225.25 | D68: 47274.77 | E68: =IF(AND(ISNUMBER(C68),ISNUMBER(D68)), C68-D68, "") -> -38049.52 | F68: =IFERROR(E68/D68, "") -> -0.80485891 | G68: 47822.98 | H68: =IF(AND(ISNUMBER(C68),ISNUMBER(G68)), C68-G68, "") -> -38597.73 | I68: =IFERROR(H68/G68, "") -> -0.80709588 | J68: 1. Inverters A, C, and J have been offline and LOTO'd since 09/09/2024. Inverter I has been offline since 09/09/2024 due to an "Arc Fault". Inverters B, D, E, F, G, and H have not been communicating since 06/14/2024, however, the meter indicates that only three of these inverters are actually offline. | K68: 1. SR102450
A69: CA: Stockton - SUSD - Warehouse | B69: CA | C69: 15367.5 | D69: 40420.62 | E69: =IF(AND(ISNUMBER(C69),ISNUMBER(D69)), C69-D69, "") -> -25053.12 | F69: =IFERROR(E69/D69, "") -> -0.61981038 | G69: 45356.66 | H69: =IF(AND(ISNUMBER(C69),ISNUMBER(G69)), C69-G69, "") -> -29989.16 | I69: =IFERROR(H69/G69, "") -> -0.66118537 | J69: 1. Inverter 19 has been offline and LOTO'd since 06/14/2024 due to an 'Arc Fault.' Inverter 20 has been offline since 06/14/2024, and Inverters 21 and 26 have been offline since 11/02/2024. Inverters 22 and 23 have been underperforming by 13 kW each throughout the month. | K69: 1. SR102413
A70: CA: Stockton - SUSD - Walton Special Center | B70: CA | C70: 16659.5 | D70: 32950.04 | E70: =IF(AND(ISNUMBER(C70),ISNUMBER(D70)), C70-D70, "") -> -16290.54 | F70: =IFERROR(E70/D70, "") -> -0.49440122 | G70: 33380.56 | H70: =IF(AND(ISNUMBER(C70),ISNUMBER(G70)), C70-G70, "") -> -16721.06 | I70: =IFERROR(H70/G70, "") -> -0.50092209 | J70: 1. Inverter D has been offline and LOTO'd since 06/14/2024 due to an "Arc Fault". Inverter F has been offline since 01/24/2025, and Inverter H has been offline since 05/12/2025 — both due to an "Arc Fault". | K70: 1. SR102425
A71: CA: Stockton - SUSD - Stagg HS | B71: CA | C71: 96454 | D71: 127090.1 | E71: =IF(AND(ISNUMBER(C71),ISNUMBER(D71)), C71-D71, "") -> -30636.1 | F71: =IFERROR(E71/D71, "") -> -0.24105812 | G71: 125207 | H71: =IF(AND(ISNUMBER(C71),ISNUMBER(G71)), C71-G71, "") -> -28753 | I71: =IFERROR(H71/G71, "") -> -0.22964371 | J71: 1. Zone 1.6, 2.13, 2.14 are reporting -50 amps. Zone 1.7 is reporting 30 amps higher than expected. Zone 2.9 is reporting 70 amps higher than expected. Possible CT issues reaching out to Also Energy | K71: 1.SR102820
A72: CA: Stockton - SUSD - School for Adults | B72: CA | C72: 10459.25 | D72: 27419.35 | E72: =IF(AND(ISNUMBER(C72),ISNUMBER(D72)), C72-D72, "") -> -16960.1 | F72: =IFERROR(E72/D72, "") -> -0.61854493 | G72: 27045.04 | H72: =IF(AND(ISNUMBER(C72),ISNUMBER(G72)), C72-G72, "") -> -16585.79 | I72: =IFERROR(H72/G72, "") -> -0.6132655 | J72: 1. Inverters B, C, and E have been offline and LOTO'd since 08/30/2024 due to an "Arc Fault". Inverter D has been offline since 06/19/2024, also due to an "Arc Fault". | K72: 1. SR102424
A73: CA: Stockton - SUSD - San Joaquin | B73: CA | C73: 14177.875 | D73: 25583.21 | E73: =IF(AND(ISNUMBER(C73),ISNUMBER(D73)), C73-D73, "") -> -11405.335 | F73: =IFERROR(E73/D73, "") -> -0.44581329 | G73: 25981.17 | H73: =IF(AND(ISNUMBER(C73),ISNUMBER(G73)), C73-G73, "") -> -11803.295 | I73: =IFERROR(H73/G73, "") -> -0.4543019 | J73: 1. Inverter A has been offline and LOTO'd since 06/14/2024. Inverter D has been offline since 05/30/2025 due to an 'Arc Fault. | K73: 1. SR102423
A74: CA: Stockton - SUSD - Rio Calaveras | B74: CA | C74: 6763.375 | D74: 27488.51 | E74: =IF(AND(ISNUMBER(C74),ISNUMBER(D74)), C74-D74, "") -> -20725.135 | F74: =IFERROR(E74/D74, "") -> -0.75395629 | G74: 0 | H74: =IF(AND(ISNUMBER(C74),ISNUMBER(G74)), C74-G74, "") -> 6763.375 | I74: =IFERROR(H74/G74, "") | J74: 1. Inverters A, B, E, and G have been offline and LOTO'd since 11/26/2024 due to an "Arc Fault". Inverter C is also offline and LOTO'd from the same date. | K74: 1. SR102421
A75: CA: Stockton - SUSD - Peyton | B75: CA | C75: 50091 | D75: 56827.77 | E75: =IF(AND(ISNUMBER(C75),ISNUMBER(D75)), C75-D75, "") -> -6736.77 | F75: =IFERROR(E75/D75, "") -> -0.11854715 | G75: 55927.75 | H75: =IF(AND(ISNUMBER(C75),ISNUMBER(G75)), C75-G75, "") -> -5836.75 | I75: =IFERROR(H75/G75, "") -> -0.10436232 | J75: 1. Inverters D, H, and K have been underperforming by 6 kW each since 06/03. | K75: 1. SR102420
A76: TX: Barnhart - 42917 Ranch RD 2469 | B76: TX
A77: AZ: San Manuel - Senior & Junior HS | B77: AZ
A78: AZ: Sierra Vista - Colonel Smith MS | B78: AZ
A79: AZ: Sierra Vista - Colonel Johnston ES | B79: AZ
A80: NH: Dover - Dover HS | B80: NH
A81: MA: Somerville - 30 Inner Belt Rd | B81: MA
A82: MA: Boxborough - 1414 Massachusetts Ave | B82: MA
A83: NY: Amsterdam - 153 NY Route 67 | B83: NY
A84: CA: San Jose - GE Mobile Water | B84: CA
A85: NY: Rome - 7776 Tannery RD | B85: NY

Sheet Jul
A1: {=portfolio} -> Clean Capital | D1: July Actual v. Expected | G1: July Actual v. Forecasted
A2: Total | C2: =SUM(C4:C85) -> 6188915.7 | D2: =SUM(D4:D85) -> 4213786.7 | E2: =C2-D2 -> 1975128.9 | F2: =IFERROR(E2/D2, 0) -> 0.46873016 | G2: =SUM(G4:G85) -> 7276054.1 | H2: =C2-G2 -> -1087138.5 | I2: =IFERROR(H2/G2, 0) -> -0.14941319 | J2: =IF(AND(TODAY()>DATE(2024, 7, 1), COUNTA(Sites[Site])<>(COUNT(C:C)-1)), "Some sites are missing actual data; if new sites were added, make sure they are aligned correctly (including prior months!)", "")
A3: Site | B3: State | C3: Actual | D3: Expected | E3: Delta | F3: % | G3: Forecasted | H3: Delta | I3: % | J3: Notes | K3: Service Requests
A4: {=Sites[Site]} -> Lexington - Cotting School | B4: {=Sites[State]} -> MA | C4: 45160 | D4: N/A | E4: =IF(AND(ISNUMBER(C4),ISNUMBER(D4)), C4-D4, "") | F4: =IFERROR(E4/D4, "") | G4: N/A | H4: =IF(AND(ISNUMBER(C4),ISNUMBER(G4)), C4-G4, "") | I4: =IFERROR(H4/G4, "") | J4: 1. Inverter 12 was significantly affected by shading, resulting in a 6 kW reduction in output. This issue is more likely to occur on high irradiance days throughout the month. | K4: 1. SR099290
A5: Pacoima - Whiteman Airport | B5: CA | C5: 33959.1 | D5: N/A | E5: =IF(AND(ISNUMBER(C5),ISNUMBER(D5)), C5-D5, "") | F5: =IFERROR(E5/D5, "") | G5: 68640 | H5: =IF(AND(ISNUMBER(C5),ISNUMBER(G5)), C5-G5, "") -> -34680.9 | I5: =IFERROR(H5/G5, "") -> -0.50525787 | J5: 1. Inverter I has been offline at 06:04 on 05/12 due to an "ARC fault detected" and back online at 13:20 on 07/28. 2. Inverter L tripped offline at 12:20 on 05/13 due to an "ARC fault detected" and back online at 13:20 on 07/28. 3. Inverter Q tripped offline at 10:10 on 05/18 due to an "ARC fault detected" and back online at 13:20 on 07/28.. 4. Inverter P was offline and Inverter N was trippiing on and off and lost communication on multiple days through out the month. and addtionaly Inverter N tripped offline at 11:50 on 06/16 due to "Actual AC power deviation" and lost communication. considering replacing AE inverters with another brand and is seeking recommendations. 5. Weather station jumps from 0 to 1200 W/m^2 at sunrise and stays high all day. Inverter production seems to reflect cloud cover on some days, but the irradiance sensor always reports very sunny conditions. 6. Inverter O went offline at 06:40 on 07/18 and back online at 06:50 on 07/22. It tripped offline again at 06:50 on 07/23 and was back online at 07:20 on 07/29. | K5: 1. SR101243 2. SR101243 3. SR101243 4. SR101243 5. SR101245 6. SR104647 | L5: SR101243 | M5: SR101243 | N5: SR101243 | O5: SR101245 | P5: SR104647
A6: Hyannis - Sturgis Charter School | B6: MA | C6: 38047.875 | D6: N/A | E6: =IF(AND(ISNUMBER(C6),ISNUMBER(D6)), C6-D6, "") | F6: =IFERROR(E6/D6, "") | G6: 36029.08 | H6: =IF(AND(ISNUMBER(C6),ISNUMBER(G6)), C6-G6, "") -> 2018.795 | I6: =IFERROR(H6/G6, "") -> 0.056032377 | J6: 1. Site was offline at 18:00 on 07/27 and back online at 07:15 on 07/28. | K6: 1. SR103481
A7: South Dennis - Tony Kent Arena | B7: MA | C7: 45190 | D7: N/A | E7: =IF(AND(ISNUMBER(C7),ISNUMBER(D7)), C7-D7, "") | F7: =IFERROR(E7/D7, "") | G7: N/A | H7: =IF(AND(ISNUMBER(C7),ISNUMBER(G7)), C7-G7, "") | I7: =IFERROR(H7/G7, "") | J7: 1.On 03/14, Technicians identified failed modules on CB1 String 10 and CB6 String 7 causing inverter shutdown. They isolated the faulty strings, restored DC voltage, and brought the inverter back online. Site is now producing normally; module procurement and replacement are pending. | K7: 1. SR096262 & SR099066 | L7: SR099066
A8: Caropolis - Felician Sisters | B8: PA | C8: 67944.6 | D8: N/A | E8: =IF(AND(ISNUMBER(C8),ISNUMBER(D8)), C8-D8, "") | F8: =IFERROR(E8/D8, "") | G8: N/A | H8: =IF(AND(ISNUMBER(C8),ISNUMBER(G8)), C8-G8, "") | I8: =IFERROR(H8/G8, "") | J8: 1. Inverter 13 is underperforming by approximately 10 kW compared to its peers Since 03/21/25. 2. The weather station has experienced intermittent communication over a period of 2-3 days Since 04/05, due to an RS485 failure outside the PowerDash enclosure. While the gateway and Acuvim meter remain online, the inverters and weather station have lost connection. Additional troubleshooting is required. | K8: 1. SR098870 2. SR099461 | L8: SR099461
A9: Clear Lake - Eastlake Gohman | B9: MN | C9: 194116 | D9: N/A | E9: =IF(AND(ISNUMBER(C9),ISNUMBER(D9)), C9-D9, "") | F9: =IFERROR(E9/D9, "") | G9: 211756.7 | H9: =IF(AND(ISNUMBER(C9),ISNUMBER(G9)), C9-G9, "") -> -17640.7 | I9: =IFERROR(H9/G9, "") -> -0.083306455 | J9: 1. Inverter 3.5 has tripped offline at 14:45 on 07/04 and reporting " Grid Line Voltage Out of Range - GridV.OutLim" and offline throughout the month. 2. Inverter 2.5 is intermittently derating during high irradiance since 07/08. | K9: 1. SR104023 2.SR104137, SR102343 | L9: SR104137 | M9: SR102343
A10: Zumbrota - Eastlake Brenda Luhman | B10: MN | C10: 217797 | D10: N/A | E10: =IF(AND(ISNUMBER(C10),ISNUMBER(D10)), C10-D10, "") | F10: =IFERROR(E10/D10, "") | G10: 207047.9 | H10: =IF(AND(ISNUMBER(C10),ISNUMBER(G10)), C10-G10, "") -> 10749.1 | I10: =IFERROR(H10/G10, "") -> 0.051916006
A11: Cokato - Eastlake Carlson | B11: MN | C11: 209302 | D11: N/A | E11: =IF(AND(ISNUMBER(C11),ISNUMBER(D11)), C11-D11, "") | F11: =IFERROR(E11/D11, "") | G11: 222404 | H11: =IF(AND(ISNUMBER(C11),ISNUMBER(G11)), C11-G11, "") -> -13102 | I11: =IFERROR(H11/G11, "") -> -0.058910811 | J11: 1. Site tripped offline at 07:00 on 07/29 and after reset the main breaker Site is back online at 12:30 on 07/29. | K11: 1. SR105212
A12: North Branch - Cornille 2 | B12: MN | C12: 213975 | D12: N/A | E12: =IF(AND(ISNUMBER(C12),ISNUMBER(D12)), C12-D12, "") | F12: =IFERROR(E12/D12, "") | G12: 208780.4 | H12: =IF(AND(ISNUMBER(C12),ISNUMBER(G12)), C12-G12, "") -> 5194.6 | I12: =IFERROR(H12/G12, "") -> 0.024880688 | J12: 1. Inverter 12 was offline on 06/07 and reporting "Bst hardware overcurrent fault - and is being RMA'd and back online at 07:00 on 07/03. And again tripped offline at 06:00 on 07/26 and back online at 06:00 on 07/28. 2. Inverter 9 derated at 40kW from 06/01 to 06/05 and reporting reporting "External Fan Err - ExtFanerr" and inverter is under RMA for replacement fans. | K12: 1. SR102644 2. SR102209 | L12: SR102209
A13: Clear Lake - Eastlake Hammer | B13: MN | C13: 260364.69 | D13: N/A | E13: =IF(AND(ISNUMBER(C13),ISNUMBER(D13)), C13-D13, "") | F13: =IFERROR(E13/D13, "") | G13: 272073.8 | H13: =IF(AND(ISNUMBER(C13),ISNUMBER(G13)), C13-G13, "") -> -11709.115 | I13: =IFERROR(H13/G13, "") -> -0.043036539 | J13: 1. Inverter 3 is derating at 75kW from 13:45 on 06/19 and reporting "External Fan Err - ExtFanerr" and the fan is being RMA'd. | K13: 1. SR103184
A14: Eastlake - Hertzberg CSG 1 | B14: MN | C14: 227610.99 | D14: N/A | E14: =IF(AND(ISNUMBER(C14),ISNUMBER(D14)), C14-D14, "") | F14: =IFERROR(E14/D14, "") | G14: 268893.82 | H14: =IF(AND(ISNUMBER(C14),ISNUMBER(G14)), C14-G14, "") -> -41282.821 | I14: =IFERROR(H14/G14, "") -> -0.15352834 | J14: 1. Inverters 1,6,7,8 have a sporadic derating pattern during high irradiance. Additioanlly inverter 3 was started derating since 07/25. Waiting for mowing to occur on 8/11/25 to see if production improves. 2. Site stopped communicating at 05:30 on 07/01 and tech found breaker trip and site back online on 07/02. | K14: 1. SR103740 2. SR103900 | L14: SR103900
A15: Cokato - Eastlake Laurel Village | B15: MN | C15: 276621 | D15: N/A | E15: =IF(AND(ISNUMBER(C15),ISNUMBER(D15)), C15-D15, "") | F15: =IFERROR(E15/D15, "") | G15: 273010.2 | H15: =IF(AND(ISNUMBER(C15),ISNUMBER(G15)), C15-G15, "") -> 3610.8 | I15: =IFERROR(H15/G15, "") -> 0.013225879 | J15: 1. All trackers were stuck on 07/27 and later self-resolved and came back online on 07/28, except tracker A1 S 19, which is still stuck. | K15: 1. SR101919
A16: St. Peter - Eastlake Paulson | B16: MN | C16: 221361.15 | D16: N/A | E16: =IF(AND(ISNUMBER(C16),ISNUMBER(D16)), C16-D16, "") | F16: =IFERROR(E16/D16, "") | G16: 232603 | H16: =IF(AND(ISNUMBER(C16),ISNUMBER(G16)), C16-G16, "") -> -11241.852 | I16: =IFERROR(H16/G16, "") -> -0.048330642 | J16: 1. Expect inverter 3 all inveters are offline from 16:00 on 07/21 and later self resolved and back online at 06:00 07/22. 2. Inverter 5 dropped a string on 06/11 and fuse need to be replaced. | K16: 1. SR104742 2. SR103239 | L16: SR103239
A17: Felician Sisters Convent | B17: NJ | C17: 4559.4 | D17: N/A | E17: =IF(AND(ISNUMBER(C17),ISNUMBER(D17)), C17-D17, "") | F17: =IFERROR(E17/D17, "") | G17: N/A | H17: =IF(AND(ISNUMBER(C17),ISNUMBER(G17)), C17-G17, "") | I17: =IFERROR(H17/G17, "") | J17: 1. Inverter 8 (College Inverter 16 on DAS) is under performing by about 30% on average and Inverters 11 and 17 (Convent 39 and HS 45) also appear to be intermittently underperforming compared to peers for whole month. Will be investigate while nextime onsite. | K17: 1. SR103048
A18: Sussex County Fairgrounds | B18: NJ | C18: 63906.8 | D18: N/A | E18: =IF(AND(ISNUMBER(C18),ISNUMBER(D18)), C18-D18, "") | F18: =IFERROR(E18/D18, "") | G18: N/A | H18: =IF(AND(ISNUMBER(C18),ISNUMBER(G18)), C18-G18, "") | I18: =IFERROR(H18/G18, "") | J18: 1. Inverters 3 and 4 tripped offline at 13:00 on 06/28 and reporting "Serial el.arc in String detected by AFCI mod" and back online at 09:00 07/08. 2. Inverter A2 was offline at 06:00 on 07/01 and after Installed the new inverter A2 was back online at 09:00 on 07/08. | K18: 1. SR103686 2. SR101068 | L18: SR101068
A19: Gateway Church | B19: NJ | C19: 35865 | D19: N/A | E19: =IF(AND(ISNUMBER(C19),ISNUMBER(D19)), C19-D19, "") | F19: =IFERROR(E19/D19, "") | G19: N/A | H19: =IF(AND(ISNUMBER(C19),ISNUMBER(G19)), C19-G19, "") | I19: =IFERROR(H19/G19, "") | J19: 1. Inverters 9, 12, and 18 went offline at 06:00 on 07/01. Only Inverter 12 is back online at 14:00 on 07/08. Additionally, Inverter 5 was offline at 06:00 on 07/10 and self-resolved and was back online at 12:40 on 07/10. and Inverter 13 tripped offline at 09:50 on 07/18. Waiting for approval to dispatch. | K19: 1. SR099730
A20: Beaver Falls - Felician Sisters | B20: PA | C20: 48534 | D20: N/A | E20: =IF(AND(ISNUMBER(C20),ISNUMBER(D20)), C20-D20, "") | F20: =IFERROR(E20/D20, "") | G20: N/A | H20: =IF(AND(ISNUMBER(C20),ISNUMBER(G20)), C20-G20, "") | I20: =IFERROR(H20/G20, "") | J20: 1. Inverters 5 and 7 are again derating at 10kW in the 12:00 on 07/22 and 07/23. Inverter 14 and 15 underperforming by 3kW compared to peers and Inverter 9 and 11 underperforming by 2kW compared to peers for whole month. Waiting for approval to dispatch. | K20: 1. SR103950
A21: Livonia - Felician Sisters Ground | B21: MI | C21: 0 | D21: N/A | E21: =IF(AND(ISNUMBER(C21),ISNUMBER(D21)), C21-D21, "") | F21: =IFERROR(E21/D21, "") | G21: N/A | H21: =IF(AND(ISNUMBER(C21),ISNUMBER(G21)), C21-G21, "") | I21: =IFERROR(H21/G21, "") | J21: 1. Inverter 10 is derating at 10kW from 12:40 on 06/02 for whole month.Additionally Inverter 10 tripped offline at 11:10 on 07/23. Will be addressed in next month. 2. Inverter 4 was derating for whole month. Will be addressed in next month. 3. Inverters 1 and 7 were offline and meter was not communicated for whole month. Will be addressed in next month. | K21: 1. SR102316 2. SR099500 3. SR098016 | L21: SR099500 | M21: SR098016
A22: Livonia - Felician Sisters Roof | B22: MI | C22: 17462 | D22: N/A | E22: =IF(AND(ISNUMBER(C22),ISNUMBER(D22)), C22-D22, "") | F22: =IFERROR(E22/D22, "") | G22: N/A | H22: =IF(AND(ISNUMBER(C22),ISNUMBER(G22)), C22-G22, "") | I22: =IFERROR(H22/G22, "") | J22: 1. Inverter 4 started derating midday by 4kW on 6/28/25.Will need to be investigate | K22: SR103914, SR 098016 | L22: SR 09801
A23: Monmouth Worship Ctr | B23: NJ | C23: 12364 | D23: N/A | E23: =IF(AND(ISNUMBER(C23),ISNUMBER(D23)), C23-D23, "") | F23: =IFERROR(E23/D23, "") | G23: N/A | H23: =IF(AND(ISNUMBER(C23),ISNUMBER(G23)), C23-G23, "") | I23: =IFERROR(H23/G23, "")
A24: Audubon - Senior Citizens United | B24: NJ | C24: 14095 | D24: N/A | E24: =IF(AND(ISNUMBER(C24),ISNUMBER(D24)), C24-D24, "") | F24: =IFERROR(E24/D24, "") | G24: N/A | H24: =IF(AND(ISNUMBER(C24),ISNUMBER(G24)), C24-G24, "") | I24: =IFERROR(H24/G24, "") | J24: 1. 2 strings and the combiner box were offline from the aerial. On 07/10, the technician checked the system and found that Inverter 1 was offline, and Inverters 3 and 6 were each missing one fuse. He installed new fuses and re-energized the system. All inverters were back online at 12:20 on 07/10. | K24: 1. SR103124
A25: Hollister - PG&E (Enerparc) | B25: CA | C25: 0 | D25: 0 | E25: =IF(AND(ISNUMBER(C25),ISNUMBER(D25)), C25-D25, "") -> 0 | F25: =IFERROR(E25/D25, "") | G25: 418819.3 | H25: =IF(AND(ISNUMBER(C25),ISNUMBER(G25)), C25-G25, "") -> -418819.3 | I25: =IFERROR(H25/G25, "") -> -1 | J25: 1. Inverter 3 is derating by about 10kW during peak irradiance since 06/09 2. CB 1.7 2.10, 2.13, 3.1, 3.3 underperforming by about 80 amps. CB 1.2, 1.8, 3.9 underperforming by about 50 amps. CB 1.3, 2.11, 2.12 underperforming by about 30 amps. CB 2.1, 2.2, 2.3, 2.4, 2.5, 2.6, 2.7, 2.8, 2.9, 3.5, 3.11, 3.12, 3.13 underperforming by about 20 amps. CB 1.13, 1.5, 1.4, 1.6, 3.0, 3.2, 3.4, 3.6, 3.7, 3.8, 3. 10 underperforming by about 10 amps. 3.Meter was not communicating for whole month and its under PG &E isolated the meter. | K25: 1. SR104147, SR104192 2.SR102794, PM16047 3. SR103335 | L25: SR104192 | M25: SR102794 | N25: SR103335
A26: Taos County - Kit Carson Electric Co-Op | B26: NM | C26: 318620 | D26: 232697.4 | E26: =IF(AND(ISNUMBER(C26),ISNUMBER(D26)), C26-D26, "") -> 85922.6 | F26: =IFERROR(E26/D26, "") -> 0.36924607 | G26: 212995 | H26: =IF(AND(ISNUMBER(C26),ISNUMBER(G26)), C26-G26, "") -> 105625 | I26: =IFERROR(H26/G26, "") -> 0.49590366 | J26: 1. Actual vs expected delta is showing 37% due to expected energy recording low possibly due to data glitch (similar event observe last 2 years).
A27: Commerce City - Adams City HS | B27: CO | C27: 16174 | D27: 13789.06 | E27: =IF(AND(ISNUMBER(C27),ISNUMBER(D27)), C27-D27, "") -> 2384.94 | F27: =IFERROR(E27/D27, "") -> 0.17295885 | G27: 15090.74 | H27: =IF(AND(ISNUMBER(C27),ISNUMBER(G27)), C27-G27, "") -> 1083.26 | I27: =IFERROR(H27/G27, "") -> 0.071783093 | J27: 1. Actual vs expected delta is showing 17% due to expected energy recording low possibly due to data glitch (similar event observe last 2 years).
A28: Commerce City - Adams City MS | B28: CO | C28: 13401 | D28: 12529.32 | E28: =IF(AND(ISNUMBER(C28),ISNUMBER(D28)), C28-D28, "") -> 871.68 | F28: =IFERROR(E28/D28, "") -> 0.069571214 | G28: 13271.79 | H28: =IF(AND(ISNUMBER(C28),ISNUMBER(G28)), C28-G28, "") -> 129.21 | I28: =IFERROR(H28/G28, "") -> 0.0097356875
A29: Commerce City - Central ES | B29: CO | C29: 3542.3 | D29: 3602.334 | E29: =IF(AND(ISNUMBER(C29),ISNUMBER(D29)), C29-D29, "") -> -60.034 | F29: =IFERROR(E29/D29, "") -> -0.016665306 | G29: 3901.321 | H29: =IF(AND(ISNUMBER(C29),ISNUMBER(G29)), C29-G29, "") -> -359.021 | I29: =IFERROR(H29/G29, "") -> -0.092025496
A30: Commerce City - Dupont ES | B30: CO | C30: 10965 | D30: 10210.22 | E30: =IF(AND(ISNUMBER(C30),ISNUMBER(D30)), C30-D30, "") -> 754.78 | F30: =IFERROR(E30/D30, "") -> 0.07392397 | G30: 11266.63 | H30: =IF(AND(ISNUMBER(C30),ISNUMBER(G30)), C30-G30, "") -> -301.63 | I30: =IFERROR(H30/G30, "") -> -0.026771981
A31: Commerce City - Educational Support Services | B31: CO | C31: 11410 | D31: 10530.03 | E31: =IF(AND(ISNUMBER(C31),ISNUMBER(D31)), C31-D31, "") -> 879.97 | F31: =IFERROR(E31/D31, "") -> 0.083567663 | G31: 11500.14 | H31: =IF(AND(ISNUMBER(C31),ISNUMBER(G31)), C31-G31, "") -> -90.14 | I31: =IFERROR(H31/G31, "") -> -0.0078381654
A32: Commerce City - Hanson ES | B32: CO | C32: 14359 | D32: 13731.56 | E32: =IF(AND(ISNUMBER(C32),ISNUMBER(D32)), C32-D32, "") -> 627.44 | F32: =IFERROR(E32/D32, "") -> 0.045693279 | G32: 15033.49 | H32: =IF(AND(ISNUMBER(C32),ISNUMBER(G32)), C32-G32, "") -> -674.49 | I32: =IFERROR(H32/G32, "") -> -0.04486583
A33: Commerce City - Kemp ES | B33: CO | C33: 12990 | D33: 13724.519 | E33: =IF(AND(ISNUMBER(C33),ISNUMBER(D33)), C33-D33, "") -> -734.519 | F33: =IFERROR(E33/D33, "") -> -0.053518743 | G33: 14983.057 | H33: =IF(AND(ISNUMBER(C33),ISNUMBER(G33)), C33-G33, "") -> -1993.057 | I33: =IFERROR(H33/G33, "") -> -0.13302072 | J33: 1. CB 2A string 1 is underperforming by 6 amps for whole month. CB 1 not communicating from 6/13/24. CB 3 and 4 not communicating from 5/10/25. | K33: 1. SR102723, SR105641 | L33: SR105641
A34: Commerce City - Lester Arnold HS | B34: CO | C34: 6913.999 | D34: 13267.75 | E34: =IF(AND(ISNUMBER(C34),ISNUMBER(D34)), C34-D34, "") -> -6353.751 | F34: =IFERROR(E34/D34, "") -> -0.47888685 | G34: 14593.02 | H34: =IF(AND(ISNUMBER(C34),ISNUMBER(G34)), C34-G34, "") -> -7679.021 | I34: =IFERROR(H34/G34, "") -> -0.52621192 | J34: 1. The site went offline at 15:45 on 05/22. After replacing the backplane of the card cage and the wiring harness for Fan 1, the site came back online at 10:30 on 07/16. | K34: 1. SR103375, SR100883, SR103638 | L34: SR100883 | M34: SR103638
A35: Commerce City - Monaco ES | B35: CO | C35: 14801 | D35: 13731.98 | E35: =IF(AND(ISNUMBER(C35),ISNUMBER(D35)), C35-D35, "") -> 1069.02 | F35: =IFERROR(E35/D35, "") -> 0.077848934 | G35: 15033.49 | H35: =IF(AND(ISNUMBER(C35),ISNUMBER(G35)), C35-G35, "") -> -232.49 | I35: =IFERROR(H35/G35, "") -> -0.015464806
A36: Denver - Northgate / Old Fort Logan ES | B36: CO | C36: 13060 | D36: 11944.08 | E36: =IF(AND(ISNUMBER(C36),ISNUMBER(D36)), C36-D36, "") -> 1115.92 | F36: =IFERROR(E36/D36, "") -> 0.093428711 | G36: 13903.58 | H36: =IF(AND(ISNUMBER(C36),ISNUMBER(G36)), C36-G36, "") -> -843.58 | I36: =IFERROR(H36/G36, "") -> -0.060673582
A37: Denver - Sheridan High School | B37: CO | C37: 15216 | D37: 13779.41 | E37: =IF(AND(ISNUMBER(C37),ISNUMBER(D37)), C37-D37, "") -> 1436.59 | F37: =IFERROR(E37/D37, "") -> 0.10425628 | G37: 13836.56 | H37: =IF(AND(ISNUMBER(C37),ISNUMBER(G37)), C37-G37, "") -> 1379.44 | I37: =IFERROR(H37/G37, "") -> 0.0996953
A38: Englewood - Alice Terry Elementary | B38: CO | C38: 14253 | D38: 13779.63 | E38: =IF(AND(ISNUMBER(C38),ISNUMBER(D38)), C38-D38, "") -> 473.37 | F38: =IFERROR(E38/D38, "") -> 0.034352882 | G38: 13903.58 | H38: =IF(AND(ISNUMBER(C38),ISNUMBER(G38)), C38-G38, "") -> 349.42 | I38: =IFERROR(H38/G38, "") -> 0.025131657
A39: Englewood - Sheridan Middle School | B39: CO | C39: 8499 | D39: 8247.708 | E39: =IF(AND(ISNUMBER(C39),ISNUMBER(D39)), C39-D39, "") -> 251.292 | F39: =IFERROR(E39/D39, "") -> 0.030468101 | G39: 8142.359 | H39: =IF(AND(ISNUMBER(C39),ISNUMBER(G39)), C39-G39, "") -> 356.641 | I39: =IFERROR(H39/G39, "") -> 0.043800697
A40: Goshen - NIPSCO | B40: IN | C40: 53669 | D40: 58710.61 | E40: =IF(AND(ISNUMBER(C40),ISNUMBER(D40)), C40-D40, "") -> -5041.61 | F40: =IFERROR(E40/D40, "") -> -0.085872213 | G40: 73604.12 | H40: =IF(AND(ISNUMBER(C40),ISNUMBER(G40)), C40-G40, "") -> -19935.12 | I40: =IFERROR(H40/G40, "") -> -0.27084245 | J40: 1. Inverter 2 underperforming by approximately 70 kW and inverter 1 is underperforming by approximately 120 kW. When looking at previous years during the same time frame this trend is relevant and scheduled during PM. | K40: 1. SR101963
A41: Alamogordo - City of Alamogordo - Effluent | B41: NM | C41: 22995 | D41: 26789.92 | E41: =IF(AND(ISNUMBER(C41),ISNUMBER(D41)), C41-D41, "") -> -3794.92 | F41: =IFERROR(E41/D41, "") -> -0.14165477 | G41: 33158.93 | H41: =IF(AND(ISNUMBER(C41),ISNUMBER(G41)), C41-G41, "") -> -10163.93 | I41: =IFERROR(H41/G41, "") -> -0.30652165 | J41: 1. Inverter 1 and 2 are underproducing by 60kW due to multiple modules that are burned and broken and need to be replaced. 2. Site was offline at 15:45 on 07/28 and after Power cycled DAS equipment site is back online at 16:00 on 07/30 | K41: 1. SR101818 2. SR105205 | L41: SR105205
A42: Alamogordo - City of Alamogordo - WWTP | B42: NM | C42: 85320 | D42: 0.01390832 | E42: =IF(AND(ISNUMBER(C42),ISNUMBER(D42)), C42-D42, "") -> 85319.986 | F42: =IFERROR(E42/D42, "") -> 6134456.6 | G42: 140619.9 | H42: =IF(AND(ISNUMBER(C42),ISNUMBER(G42)), C42-G42, "") -> -55299.9 | I42: =IFERROR(H42/G42, "") -> -0.393258 | J42: 1. The POA has been reading 0 W/m2 since 08/01/23. 2. 200 Modules were damaged and need to be replaced. | K42: 1. SR101034 2. SR103779, SR102621 | L42: SR103779 | M42: SR102621
A43: Deming - Bilbo Booster | B43: NM | C43: 10162 | D43: 0 | E43: =IF(AND(ISNUMBER(C43),ISNUMBER(D43)), C43-D43, "") -> 10162 | F43: =IFERROR(E43/D43, "") | G43: 13292.43 | H43: =IF(AND(ISNUMBER(C43),ISNUMBER(G43)), C43-G43, "") -> -3130.43 | I43: =IFERROR(H43/G43, "") -> -0.23550472 | J43: 1. The anemometer SE 03 has stopped communicating from 10/14/23. 2. The inverter is tripped offline at 17:45 on 07/11 and reporting system fault (fault6) and main fault (fault 1) and back online at 11:30 on 07/17. | K43: 1. SR101021 2. SR104390 | L43: SR104390
A44: Deming - Bilbo Well | B44: NM | C44: 22028 | D44: 0 | E44: =IF(AND(ISNUMBER(C44),ISNUMBER(D44)), C44-D44, "") -> 22028 | F44: =IFERROR(E44/D44, "") | G44: 24028.99 | H44: =IF(AND(ISNUMBER(C44),ISNUMBER(G44)), C44-G44, "") -> -2000.99 | I44: =IFERROR(H44/G44, "") -> -0.083273995 | J44: 1. Weather station was not communicated for whole month. | K44: 1. SR100915
A45: Deming - WWTP | B45: NM | C45: 81020 | D45: 74196.2 | E45: =IF(AND(ISNUMBER(C45),ISNUMBER(D45)), C45-D45, "") -> 6823.8 | F45: =IFERROR(E45/D45, "") -> 0.09196967 | G45: 96020.48 | H45: =IF(AND(ISNUMBER(C45),ISNUMBER(G45)), C45-G45, "") -> -15000.48 | I45: =IFERROR(H45/G45, "") -> -0.15622167 | J45: 1. 10 modules were broken and will need to be replaced 2. Inverter was underproducing 100kW down from 08/23/23. | K45: 1. SR105366, PM16547 2. SR101100 | L45: SR101100
A46: Truth or Consequences - Walmart | B46: NM | C46: 162900 | D46: 362661.9 | E46: =IF(AND(ISNUMBER(C46),ISNUMBER(D46)), C46-D46, "") -> -199761.9 | F46: =IFERROR(E46/D46, "") -> -0.5508213 | G46: 202400.8 | H46: =IF(AND(ISNUMBER(C46),ISNUMBER(G46)), C46-G46, "") -> -39500.8 | I46: =IFERROR(H46/G46, "") -> -0.19516128 | J46: 1. Inverters E2, E4, and G4 were offline for whole month and inverter A3, 2 strings down 0 voltage since 07/25. Inverter A2 1 string down 0 voltage. 2. Inverters A1 - A4 have tripped offline at 13:00 on 07/08 and back online at 13:45 on 07/09 and again inverters tripped offline at 12:00 on 07/10 and back online at 13:00 on 07/25. 3. Inverter B1 tripped offline at 15:30 on 07/18 and back online at 15:30 on 07/19 and again offline on 07/29. 4. Inverters B1 - B5 and C1 were offline from 06/27 to 13:45 on 07/09 5. The POA was reading a constant 1237.22 W/m2 from 7:30 to 18:30 MDT daily. | K46: 1. SR105192 2. SR104170 3. SR104643 4. SR103517 5. SR101057 | L46: SR104170 | M46: SR104643 | N46: SR103517 | O46: SR101057
A47: CA: Stockton - SUSD - Merlo | B47: CA | C47: 758.37481 | D47: 12488.86 | E47: =IF(AND(ISNUMBER(C47),ISNUMBER(D47)), C47-D47, "") -> -11730.485 | F47: =IFERROR(E47/D47, "") -> -0.9392759 | G47: 19393.2 | H47: =IF(AND(ISNUMBER(C47),ISNUMBER(G47)), C47-G47, "") -> -18634.825 | I47: =IFERROR(H47/G47, "") -> -0.96089481 | J47: 1. Site has not communicated since 5/14/25, inverter 3 offline from 3/19/25 and LOTOd. inverter 1 offline from 3/18/25. inverter 2 offline from 3/18/25. inverter 4 offline from 3/23/25. | K47: 1. SR102419
A48: Stockton Unified School Dist. - Bush Elementary | B48: CA | C48: 27159 | D48: 40520.577 | E48: =IF(AND(ISNUMBER(C48),ISNUMBER(D48)), C48-D48, "") -> -13361.577 | F48: =IFERROR(E48/D48, "") -> -0.32974795 | G48: 41018.271 | H48: =IF(AND(ISNUMBER(C48),ISNUMBER(G48)), C48-G48, "") -> -13859.271 | I48: =IFERROR(H48/G48, "") -> -0.33788043 | J48: 1. Inverter G was offline from 07/06 to 07/15 and again inverter G was offline from 07/21 to 07/22 and again inverter was offline on 07/26 and back online on 07/27, 2. inverter E offline (LOTO'd on 6/12/24). inverter A underperforming by 17kW. Inverter G underperforming by 7kW. Inverter F underperforming by 5kW. | K48: 1. SR103160 2. SR102283 | L48: SR102283
A49: CA: Stockton - SUSD - Marshall JHS | B49: CA | C49: 8862.875 | D49: 26362.83 | E49: =IF(AND(ISNUMBER(C49),ISNUMBER(D49)), C49-D49, "") -> -17499.955 | F49: =IFERROR(E49/D49, "") -> -0.6638117 | G49: 27213.82 | H49: =IF(AND(ISNUMBER(C49),ISNUMBER(G49)), C49-G49, "") -> -18350.945 | I49: =IFERROR(H49/G49, "") -> -0.67432448 | J49: 1. Inverters C and E offline and LOTOd during PM on 11/18/24. Inverters A,B,D are not communicating from 3/6/25; according to the meter 1 of these inverters is offline. | K49: 1. SR102418
A50: CA: Stockton - SUSD - Hong-Kingston ES | B50: CA | C50: 12004 | D50: 44134.75 | E50: =IF(AND(ISNUMBER(C50),ISNUMBER(D50)), C50-D50, "") -> -32130.75 | F50: =IFERROR(E50/D50, "") -> -0.72801477 | G50: 44138.66 | H50: =IF(AND(ISNUMBER(C50),ISNUMBER(G50)), C50-G50, "") -> -32134.66 | I50: =IFERROR(H50/G50, "") -> -0.72803887 | J50: 1. Inverter F offline and LOTOd from 6/14/24. Inverter H offline from and LOTOd from 6/14/24. Inverters A,B,C,D,E,G not communicating from 9/19/24 not all production at the meter (60kW difference between total inverter and meter power; possible 3 of these inverters are offline). | K50: 1. SR102416
A51: CA: Stockton - SUSD - Hamilton ES | B51: CA | C51: 7114.625 | D51: 22870.41 | E51: =IF(AND(ISNUMBER(C51),ISNUMBER(D51)), C51-D51, "") -> -15755.785 | F51: =IFERROR(E51/D51, "") -> -0.68891572 | G51: 23396.54 | H51: =IF(AND(ISNUMBER(C51),ISNUMBER(G51)), C51-G51, "") -> -16281.915 | I51: =IFERROR(H51/G51, "") -> -0.69591123 | J51: 1. Inverters A, C and D were offline for whole month. | K51: 1. SR102392
A52: CA: Stockton - SUSD - Franklin - North | B52: CA | C52: 32153.25 | D52: 101097.1 | E52: =IF(AND(ISNUMBER(C52),ISNUMBER(D52)), C52-D52, "") -> -68943.85 | F52: =IFERROR(E52/D52, "") -> -0.68195675 | G52: 61943.14 | H52: =IF(AND(ISNUMBER(C52),ISNUMBER(G52)), C52-G52, "") -> -29789.89 | I52: =IFERROR(H52/G52, "") -> -0.48092315 | J52: 1. Inverter K11 tripped offline on 07/23 at 10:45 and was offline for whole month. 2. Inverter C3 was offline for whole month. 3. Inverter B-2 offline from 2/28/25 and LOTO'd ". Inverter D-4 offline from 2/28/25 and LOTO'd. Inverter 8 offline 5/6/25 was replaced but not communicating. inverter I-9 offline from 5/17/25. inverter 10 underperforming by 10 kW. Inverter F-6 was offline. 4. POA data inaccurate. Reading a constant 1237.82 W/m2 intermittently. | K52: 1. SR104882 2. SR103636 3. SR102321 4. SR102539 | L52: SR103636 | M52: SR102321 | N52: SR102539
A53: Stockton Unified School Dist. - Fillmore Elementary | B53: CA | C53: 4989.5 | D53: 18516.7 | E53: =IF(AND(ISNUMBER(C53),ISNUMBER(D53)), C53-D53, "") -> -13527.2 | F53: =IFERROR(E53/D53, "") -> -0.73054054 | G53: 18704.5 | H53: =IF(AND(ISNUMBER(C53),ISNUMBER(G53)), C53-G53, "") -> -13715 | I53: =IFERROR(H53/G53, "") -> -0.73324601 | J53: 1. Inverters A, D, C were offline and LOTO'd for whole month. | K53: 1. SR102320
A54: CA: Stockton - SUSD - El Dorado ES | B54: CA | C54: 5944.75 | D54: 24303.11 | E54: =IF(AND(ISNUMBER(C54),ISNUMBER(D54)), C54-D54, "") -> -18358.36 | F54: =IFERROR(E54/D54, "") -> -0.75539139 | G54: 0 | H54: =IF(AND(ISNUMBER(C54),ISNUMBER(G54)), C54-G54, "") -> 5944.75 | I54: =IFERROR(H54/G54, "") | J54: 1. inverter B,E offline (LOTO'd from 9/27/24) no faults reported. Inverter D offline (unknown reason) no faults reported. Inverter C underperforming by 8kW. | K54: 1. SR102317
A55: CA: Stockton - SUSD - Edison HS | B55: CA | C55: 46049.5 | D55: 62768.43 | E55: =IF(AND(ISNUMBER(C55),ISNUMBER(D55)), C55-D55, "") -> -16718.93 | F55: =IFERROR(E55/D55, "") -> -0.2663589 | G55: 64104.39 | H55: =IF(AND(ISNUMBER(C55),ISNUMBER(G55)), C55-G55, "") -> -18054.89 | I55: =IFERROR(H55/G55, "") -> -0.28164826 | J55: 1. Inverter M underperforming by 15kW compared to peers. and inverter M was started late on 07/23 at 07:15. and Inverter H was offline for whole month. Inverter L underproducing by 5kW. | K55: 1. SR102315
A56: CA: Stockton - SUSD - Chavez HS - Large | B56: CA | C56: 42316 | D56: 137020.8 | E56: =IF(AND(ISNUMBER(C56),ISNUMBER(D56)), C56-D56, "") -> -94704.8 | F56: =IFERROR(E56/D56, "") -> -0.69117098 | G56: 134209.5 | H56: =IF(AND(ISNUMBER(C56),ISNUMBER(G56)), C56-G56, "") -> -91893.5 | I56: =IFERROR(H56/G56, "") -> -0.6847019 | J56: 1. Inverter 14 tripped offline on 07/03 at 12:45. Inverters 1,3, 4,9, 12, 15,16, 17,18,20, 21, 24, 26, 27, were offline and LOTO'd. Inverter 2 underperforming by 13kW. Inverter 8 underperforming by 17kW. Inverter 5 underperforming by 10kW. Inverter 6 underperforming by 9 kW. Inverter 11, 14 underperforming by 5kW. | K56: 1. SR102286
A57: CA: San Jose - GE Mobile Water | B57: CA | C57: 30650 | D57: 34545 | E57: =IF(AND(ISNUMBER(C57),ISNUMBER(D57)), C57-D57, "") -> -3895 | F57: =IFERROR(E57/D57, "") -> -0.11275148 | G57: 34995.04 | H57: =IF(AND(ISNUMBER(C57),ISNUMBER(G57)), C57-G57, "") -> -4345.04 | I57: =IFERROR(H57/G57, "") -> -0.1241616 | J57: 1. Inverter 3 is underperforming by 5kW, likely down a string. Inverter 4, 5 derating by 8kW and reporting external fan error. | K57: 1. SR102281
A58: CA: San Marcos - Vallecitos Water - Lift Station | B58: CA | C58: 43839.375 | D58: 44822.83 | E58: =IF(AND(ISNUMBER(C58),ISNUMBER(D58)), C58-D58, "") -> -983.455 | F58: =IFERROR(E58/D58, "") -> -0.021940939 | G58: 40781.5 | H58: =IF(AND(ISNUMBER(C58),ISNUMBER(G58)), C58-G58, "") -> 3057.875 | I58: =IFERROR(H58/G58, "") -> 0.074981916
A59: CA: San Marcos - Vallecitos Water - Twin Oaks Reservoir | B59: CA | C59: 322309 | D59: 342298.7 | E59: =IF(AND(ISNUMBER(C59),ISNUMBER(D59)), C59-D59, "") -> -19989.7 | F59: =IFERROR(E59/D59, "") -> -0.058398411 | G59: 265194 | H59: =IF(AND(ISNUMBER(C59),ISNUMBER(G59)), C59-G59, "") -> 57115 | I59: =IFERROR(H59/G59, "") -> 0.21537063 | J59: 1. Inverter E2.04 is derating due to a fan fault. 2. Estimated energy recording low possibly due to data glitch (similar event observe last 3 years). | K59: 1. SR102503, SR101986 | L59: SR101986
A60: CA: Stockton - SUSD - Wilhelmina Henry ES | B60: CA | C60: 9050 | D60: 52630.76 | E60: =IF(AND(ISNUMBER(C60),ISNUMBER(D60)), C60-D60, "") -> -43580.76 | F60: =IFERROR(E60/D60, "") -> -0.82804732 | G60: 43197.49 | H60: =IF(AND(ISNUMBER(C60),ISNUMBER(G60)), C60-G60, "") -> -34147.49 | I60: =IFERROR(H60/G60, "") -> -0.79049709 | J60: 1. Inverter A,B,G offline from 2/20/25 and LOTOd. Inverter D,E,F,I offline from 2/20/25 and LOTOd. | K60: 1. SR102451
A61: Stockton Unified School Dist. - Franklin (North) | B61: CA | C61: 32153.2 | D61: 101097.1 | E61: =IF(AND(ISNUMBER(C61),ISNUMBER(D61)), C61-D61, "") -> -68943.9 | F61: =IFERROR(E61/D61, "") -> -0.68195725 | G61: 61549.4 | H61: =IF(AND(ISNUMBER(C61),ISNUMBER(G61)), C61-G61, "") -> -29396.2 | I61: =IFERROR(H61/G61, "") -> -0.47760336
A62: CA: Stockton - SUSD - Franklin - South | B62: CA | C62: 44241 | D62: 103754.7 | E62: =IF(AND(ISNUMBER(C62),ISNUMBER(D62)), C62-D62, "") -> -59513.7 | F62: =IFERROR(E62/D62, "") -> -0.57360004 | G62: 100033.1 | H62: =IF(AND(ISNUMBER(C62),ISNUMBER(G62)), C62-G62, "") -> -55792.1 | I62: =IFERROR(H62/G62, "") -> -0.55773639 | J62: 1. Inverter 17, H 21, I 22, L 25, O28, 30, R 31, S 32, T 33 were offline and LOTO'd. Inverter 26 underperforming by 12kW for whole month. Inverter J - 23 underperforming by 4 kW. 2. Inverter N tripped offline at 10:00 on 07/27 and was offline for end of month | K62: 1. SR102329 2. SR105139 | L62: SR105139
A63: CA: Stockton - SUSD - Chavez HS - Small | B63: CA | C63: 26171 | D63: 25981.72 | E63: =IF(AND(ISNUMBER(C63),ISNUMBER(D63)), C63-D63, "") -> 189.28 | F63: =IFERROR(E63/D63, "") -> 0.007285122 | G63: 37931.24 | H63: =IF(AND(ISNUMBER(C63),ISNUMBER(G63)), C63-G63, "") -> -11760.24 | I63: =IFERROR(H63/G63, "") -> -0.31004101 | J63: 1. inverter 30 offline for whole month. Inverter 33 underperforming by 7 kW each for whole month. Inverter 31 underperforming by 18 kW for whole month. | K63: 1. SR102303
A64: CA: Stockton - SUSD - Facilities | B64: CA | C64: 23947.5 | D64: 58896.19 | E64: =IF(AND(ISNUMBER(C64),ISNUMBER(D64)), C64-D64, "") -> -34948.69 | F64: =IFERROR(E64/D64, "") -> -0.59339475 | G64: 64415.55 | H64: =IF(AND(ISNUMBER(C64),ISNUMBER(G64)), C64-G64, "") -> -40468.05 | I64: =IFERROR(H64/G64, "") -> -0.62823418 | J64: 1. Inverters 1, 7, 8, 10, 11, 12, 13 were offline and LOTO'd. Inverter 4 underperforming by 5 kW. inverter 3 underperforming by 10kW. Inverter 9 was offline from 07/01 to 10:45 on 07/08 | K64: 1. SR102411
A65: CA: Stockton - SUSD - Harrison | B65: CA | C65: 16318.875 | D65: 23563.83 | E65: =IF(AND(ISNUMBER(C65),ISNUMBER(D65)), C65-D65, "") -> -7244.955 | F65: =IFERROR(E65/D65, "") -> -0.30746084 | G65: 23068.04 | H65: =IF(AND(ISNUMBER(C65),ISNUMBER(G65)), C65-G65, "") -> -6749.165 | I65: =IFERROR(H65/G65, "") -> -0.29257644 | J65: 1. Inverter 5 was offline on 07/11 for whole day. | K65: 1. SR102403
A66: CA: Stockton - SUSD - Commodore Skills School | B66: CA | C66: 7429.25 | D66: 47012.17 | E66: =IF(AND(ISNUMBER(C66),ISNUMBER(D66)), C66-D66, "") -> -39582.92 | F66: =IFERROR(E66/D66, "") -> -0.84197177 | G66: 50211.37 | H66: =IF(AND(ISNUMBER(C66),ISNUMBER(G66)), C66-G66, "") -> -42782.12 | I66: =IFERROR(H66/G66, "") -> -0.85204048 | J66: 1. Inverters A,B,C,D,E,F,G, H were offline and LOTO'd. | K66: 1. SR102310
A67: CA: Stockton - SUSD - Nightingale ES | B67: CA | C67: 20610 | D67: 22926.99 | E67: =IF(AND(ISNUMBER(C67),ISNUMBER(D67)), C67-D67, "") -> -2316.99 | F67: =IFERROR(E67/D67, "") -> -0.10105949 | G67: 23244.69 | H67: =IF(AND(ISNUMBER(C67),ISNUMBER(G67)), C67-G67, "") -> -2634.69 | I67: =IFERROR(H67/G67, "") -> -0.11334589 | J67: 1. Inverter 1 underperforming by 4kW from 07/10. | K67: 1. SR104289
A68: CA: Stockton - SUSD - Weber Institute | B68: CA | C68: 8929 | D68: 46891.05 | E68: =IF(AND(ISNUMBER(C68),ISNUMBER(D68)), C68-D68, "") -> -37962.05 | F68: =IFERROR(E68/D68, "") -> -0.80957987 | G68: 48030.57 | H68: =IF(AND(ISNUMBER(C68),ISNUMBER(G68)), C68-G68, "") -> -39101.57 | I68: =IFERROR(H68/G68, "") -> -0.81409756 | J68: 1. Inverters A,C,J, were offline and LOTO'd. Inverter I was offline for whole month. Inverter B,D,E,F,G,H are not communicating from 6/14/24; meter indicates 3 of these inverters are offline. | K68: 1. SR102450
A69: CA: Stockton - SUSD - Warehouse | B69: CA | C69: 21128.5 | D69: 40830.93 | E69: =IF(AND(ISNUMBER(C69),ISNUMBER(D69)), C69-D69, "") -> -19702.43 | F69: =IFERROR(E69/D69, "") -> -0.48253689 | G69: 45438.47 | H69: =IF(AND(ISNUMBER(C69),ISNUMBER(G69)), C69-G69, "") -> -24309.97 | I69: =IFERROR(H69/G69, "") -> -0.53500855 | J69: 1. Inverters 19, 20,21, 26 were offline for whole month. Inverter 22,23 underperforming by 13 kW each. | K69: 1. SR102413
A70: CA: Stockton - SUSD - Walton Special Center | B70: CA | C70: 15581.75 | D70: 32541.88 | E70: =IF(AND(ISNUMBER(C70),ISNUMBER(D70)), C70-D70, "") -> -16960.13 | F70: =IFERROR(E70/D70, "") -> -0.52117856 | G70: 33433.1 | H70: =IF(AND(ISNUMBER(C70),ISNUMBER(G70)), C70-G70, "") -> -17851.35 | I70: =IFERROR(H70/G70, "") -> -0.53394241 | J70: 1. Inverters D, F, H were offline. for whole month. | K70: 1. SR102425
A71: CA: Stockton - SUSD - Stagg HS | B71: CA | C71: 88074 | D71: 126185.6 | E71: =IF(AND(ISNUMBER(C71),ISNUMBER(D71)), C71-D71, "") -> -38111.6 | F71: =IFERROR(E71/D71, "") -> -0.30202812 | G71: 125723.9 | H71: =IF(AND(ISNUMBER(C71),ISNUMBER(G71)), C71-G71, "") -> -37649.9 | I71: =IFERROR(H71/G71, "") -> -0.29946494 | J71: 1. Zone 1.6, 2.13, 2.14 are reporting -50 amps. Zone 1.7 is reporting 30 amps higher than expected. Zone 2.9 is reporting 70 amps higher than expected. Possible CT issues reached out to Also Energy. 2. Zone 1.1 has been operating at 3 kW since 09:00 on 07/10. | K71: 1. SR102820 2. SR104290 | L71: SR104290
A72: CA: Stockton - SUSD - School for Adults | B72: CA | C72: 10147.125 | D72: 27297.15 | E72: =IF(AND(ISNUMBER(C72),ISNUMBER(D72)), C72-D72, "") -> -17150.025 | F72: =IFERROR(E72/D72, "") -> -0.62827163 | G72: 27157 | H72: =IF(AND(ISNUMBER(C72),ISNUMBER(G72)), C72-G72, "") -> -17009.875 | I72: =IFERROR(H72/G72, "") -> -0.62635324 | J72: 1. Inverters B, C, and E have been offline due to "Arc Fault" and LOTO'd since 08/30/24. Inverter D has been offline due to "Arc Fault" since 06/19/24. | K72: 1. SR102424
A73: CA: Stockton - SUSD - San Joaquin | B73: CA | C73: 13454.25 | D73: 25185.05 | E73: =IF(AND(ISNUMBER(C73),ISNUMBER(D73)), C73-D73, "") -> -11730.8 | F73: =IFERROR(E73/D73, "") -> -0.46578426 | G73: 25998.9 | H73: =IF(AND(ISNUMBER(C73),ISNUMBER(G73)), C73-G73, "") -> -12544.65 | I73: =IFERROR(H73/G73, "") -> -0.48250695 | J73: 1. Inverter A is offline and LOTO'd from 06/14/2024. Inverter D is offline due to "Arc fault" from 05/30/2025. | K73: 1. SR102423
A74: CA: Stockton - SUSD - Rio Calaveras | B74: CA | C74: 6553.25 | D74: 27326.26 | E74: =IF(AND(ISNUMBER(C74),ISNUMBER(D74)), C74-D74, "") -> -20773.01 | F74: =IFERROR(E74/D74, "") -> -0.76018489 | G74: 0 | H74: =IF(AND(ISNUMBER(C74),ISNUMBER(G74)), C74-G74, "") -> 6553.25 | I74: =IFERROR(H74/G74, "") | J74: 1. Inverters A, B, E, and G are offline due to "Arc Fault" and have been LOTO'd since 11/26. Inverter C is also offline and LOTO'd since 11/26. | K74: 1. SR102421
A75: CA: Stockton - SUSD - Peyton | B75: CA | C75: 47637.5 | D75: 56484.35 | E75: =IF(AND(ISNUMBER(C75),ISNUMBER(D75)), C75-D75, "") -> -8846.85 | F75: =IFERROR(E75/D75, "") -> -0.1566248 | G75: 56075.34 | H75: =IF(AND(ISNUMBER(C75),ISNUMBER(G75)), C75-G75, "") -> -8437.84 | I75: =IFERROR(H75/G75, "") -> -0.15047327 | J75: 1. Inverters D, H, and K have been underperforming by 6 kW each since 06/03. | K75: 1. SR102420
A76: TX: Barnhart - 42917 Ranch RD 2469 | B76: TX | C76: 241800 | D76: 278659.2 | E76: =IF(AND(ISNUMBER(C76),ISNUMBER(D76)), C76-D76, "") -> -36859.2 | F76: =IFERROR(E76/D76, "") -> -0.1322734 | G76: 285140.4 | H76: =IF(AND(ISNUMBER(C76),ISNUMBER(G76)), C76-G76, "") -> -43340.4 | I76: =IFERROR(H76/G76, "") -> -0.1519967 | J76: 1. Inverter 2 has been derating by about 25 kW due to an "External Fan Err - ExtFanerr" throughout the month. Inverter 8 has been derating by 40 kW due to an 'External Fan Fault' since 07/10. 2. Inverter 3 was derating by 40 kW due to "External Fan Err - ExtFanerr" from 10:15 on 07/05 and resumed normal operation on 07/06. 4. Inverter 13 has been underperforming since 07/10, and Tracker 33 has been stuck at 0 degrees since 07/10. | K76: 1. SR103869 2. SR104043 3. SR104043 4. SR104246 | L76: SR104043 | M76: SR104043 | N76: SR104246
A77: AZ: San Manuel - Senior & Junior HS | B77: AZ | C77: 36060 | D77: N/A | E77: =IF(AND(ISNUMBER(C77),ISNUMBER(D77)), C77-D77, "") | F77: =IFERROR(E77/D77, "") | G77: 48892 | H77: =IF(AND(ISNUMBER(C77),ISNUMBER(G77)), C77-G77, "") -> -12832 | I77: =IFERROR(H77/G77, "") -> -0.26245603 | J77: 1. Inverter 1 has experienced multiple trippings during peak hours throughout the month. 2. Inverter 3 tripped offline due to a "Real Time Clock Error" at 15:30 on 07/09 and came back online at 11:45 on 07/22. | K77: 1. SR103868 2. SR104231 | L77: SR104231
A78: AZ: Sierra Vista - Colonel Smith MS | B78: AZ | C78: 41600 | D78: 66229.38 | E78: =IF(AND(ISNUMBER(C78),ISNUMBER(D78)), C78-D78, "") -> -24629.38 | F78: =IFERROR(E78/D78, "") -> -0.37187997 | G78: 60155.22 | H78: =IF(AND(ISNUMBER(C78),ISNUMBER(G78)), C78-G78, "") -> -18555.22 | I78: =IFERROR(H78/G78, "") -> -0.30845569 | J78: 1. Inverters 2, 16, 17, 20, 22, and 26 are not communicating, and meter data shows that 3 or 4 of them have been offline throughout the month. Inverter 15 tripped multiple times during peak hours. Inverter 25 underperformed by 3 kW, and Inverter 3 underperformed by 2 kW throughout the month. Inverter 10 has been offline since 14:15 on 07/28 | K78: 1. SR103867
A79: AZ: Sierra Vista - Colonel Johnston ES | B79: AZ | C79: 13160 | D79: 22045.48 | E79: =IF(AND(ISNUMBER(C79),ISNUMBER(D79)), C79-D79, "") -> -8885.48 | F79: =IFERROR(E79/D79, "") -> -0.40305224 | G79: 19695.87 | H79: =IF(AND(ISNUMBER(C79),ISNUMBER(G79)), C79-G79, "") -> -6535.87 | I79: =IFERROR(H79/G79, "") -> -0.33183962 | J79: 1. Inverter 1 has been offline due to a 'Ground Fault' throughout the month. Additionally, Inverters 2 to 4 and 7 have not been communicating throughout the month, and according to meter data, one of these inverters is offline. | K79: 1. SR103866
A80: NH: Dover - Dover HS | B80: NH | C80: 99181.5 | D80: 147489.6 | E80: =IF(AND(ISNUMBER(C80),ISNUMBER(D80)), C80-D80, "") -> -48308.1 | F80: =IFERROR(E80/D80, "") -> -0.32753564 | G80: 137072.1 | H80: =IF(AND(ISNUMBER(C80),ISNUMBER(G80)), C80-G80, "") -> -37890.6 | I80: =IFERROR(H80/G80, "") -> -0.27642824 | J80: 1. Inverter 1 is down 30 kW, Inverter 4 is down 30 kW, Inverter 5 is down 36 kW, Inverter 6 is down 30 kW, Inverter 7 is down 36 kW, and Inverter 8 is down 30 kW throughout the month. Additionally, the relay boards of Inverters 1 and 4 are currently being RMA'd. | K80: 1. SR104456
A81: MA: Somerville - 30 Inner Belt Rd | B81: MA | C81: 106125.5 | D81: 103334 | E81: =IF(AND(ISNUMBER(C81),ISNUMBER(D81)), C81-D81, "") -> 2791.5 | F81: =IFERROR(E81/D81, "") -> 0.027014342 | G81: 197445.3 | H81: =IF(AND(ISNUMBER(C81),ISNUMBER(G81)), C81-G81, "") -> -91319.8 | I81: =IFERROR(H81/G81, "") -> -0.46250683 | J81: As per site weather station data, the plant is performing as expected. The forecasted (theoretical) values appear higher because they are based on long-term average weather data (typically 10–15 years). In contrast, actual vs expected generation reflects real-time weather conditions during the period, providing a more accurate measure of current performance.
A82: MA: Boxborough - 1414 Massachusetts Ave | B82: MA | C82: 709647.92 | D82: 202302.4 | E82: =IF(AND(ISNUMBER(C82),ISNUMBER(D82)), C82-D82, "") -> 507345.52 | F82: =IFERROR(E82/D82, "") -> 2.5078571 | G82: 751000 | H82: =IF(AND(ISNUMBER(C82),ISNUMBER(G82)), C82-G82, "") -> -41352.083 | I82: =IFERROR(H82/G82, "") -> -0.055062694 | J82: 1. Inverter 1.1.3.4 started producing late on 07/02, 07/03, 07/12, 07/21, and 07/29. It tripped offline at 11:00 on 07/27 and came back online at 11:00 on 07/28. 2. Inverter 1.1.1.3 tripped offline at 13:30 on 07/22 due to 'Grid Phase Voltage Out of Range' and will remain offline until the new AC breaker and AC busbars are RMA'd. 3. Actual vs expected delta is showing 251% due to expected energy recording low possibly due to data glitch (similar event observe last 3 years). | K82: 1. SR103944 2. SR104776 | L82: SR104776
A83: NY: Amsterdam - 153 NY Route 67 | B83: NY | C83: 402490 | D83: 305334.7 | E83: =IF(AND(ISNUMBER(C83),ISNUMBER(D83)), C83-D83, "") -> 97155.3 | F83: =IFERROR(E83/D83, "") -> 0.31819279 | G83: 390058.8 | H83: =IF(AND(ISNUMBER(C83),ISNUMBER(G83)), C83-G83, "") -> 12431.2 | I83: =IFERROR(H83/G83, "") -> 0.031870067 | J83: 1. Inverter 16 has been derating by up to 40 kW since 10/24/2024. 2. Inverter 28 has been underperforming by 10 kW due to DC current being offline since 11/08/2022 and will be investigated during the next site visit. 3. Actual vs expected delta is showing 32% due to expected energy recording low possibly due to data glitch (similar event observe last 2 years). | K83: 1. SR103946 2. SR103946, SR104855 | L83: SR103946 | M83: SR104855
A84: CA: San Jose - GE Mobile Water | B84: CA | C84: 30650 | D84: 34545.005 | E84: =IF(AND(ISNUMBER(C84),ISNUMBER(D84)), C84-D84, "") -> -3895.005 | F84: =IFERROR(E84/D84, "") -> -0.11275161 | G84: 34698.832 | H84: =IF(AND(ISNUMBER(C84),ISNUMBER(G84)), C84-G84, "") -> -4048.832 | I84: =IFERROR(H84/G84, "") -> -0.11668497 | J84: 1. Inverters 4 and 5 have been derating by approximately 6 kW since 02/05. | K84: 1. SR102281
A85: NY: Rome - 7776 Tannery RD | B85: NY | C85: 372090.38 | D85: 415567.5 | E85: =IF(AND(ISNUMBER(C85),ISNUMBER(D85)), C85-D85, "") -> -43477.115 | F85: =IFERROR(E85/D85, "") -> -0.10462107 | G85: 430656.3 | H85: =IF(AND(ISNUMBER(C85),ISNUMBER(G85)), C85-G85, "") -> -58565.915 | I85: =IFERROR(H85/G85, "") -> -0.13599224 | J85: 1. The site went offline at 11:00 on 07/02 due to the SEL relay being in an "Open" state and later came back online at 12:45 on 07/03. 2. Inverter 1, Module 5 has been offline since 07/20 and will remain offline until further troubleshooting. 3. Inverter 2, Module 7 has been offline since 07/28. | K85: 1. SR103947 2. SR104665 3. SR105155 | L85: SR104665 | M85: SR105155

Sheet Aug
A1: {=portfolio} -> Clean Capital | D1: August Actual v. Expected | G1: August Actual v. Forecasted
A2: Total | C2: =SUM(C4:C85) -> 5944538.9 | D2: =SUM(D4:D85) -> 3903144.5 | E2: =C2-D2 -> 2041394.5 | F2: =IFERROR(E2/D2, 0) -> 0.52301279 | G2: =SUM(G4:G85) -> 6702857.9 | H2: =C2-G2 -> -758318.94 | I2: =IFERROR(H2/G2, 0) -> -0.11313367 | J2: =IF(AND(TODAY()>DATE(2024, 8, 1), COUNTA(Sites[Site])<>(COUNT(C:C)-1)), "Some sites are missing actual data; if new sites were added, make sure they are aligned correctly (including prior months!)", "") -> Some sites are missing actual data; if new sites were added, make sure they are aligned correctly (including prior months!)
A3: Site | B3: State | C3: Actual | D3: Expected | E3: Delta | F3: % | G3: Forecasted | H3: Delta | I3: % | J3: Notes | K3: Service Requests
A4: {=Sites[Site]} -> Lexington - Cotting School | B4: {=Sites[State]} -> MA | C4: 45808.8 | D4: N/A | E4: =IF(AND(ISNUMBER(C4),ISNUMBER(D4)), C4-D4, "") | F4: =IFERROR(E4/D4, "") | G4: N/A | H4: =IF(AND(ISNUMBER(C4),ISNUMBER(G4)), C4-G4, "") | I4: =IFERROR(H4/G4, "") | J4: 1. Inverter 12 was significantly affected by shading, resulting in a 6 kW reduction in output. This issue is more likely to occur on high irradiance days throughout the month. | K4: 1. SR099290
A5: Pacoima - Whiteman Airport | B5: CA | C5: 33646 | D5: N/A | E5: =IF(AND(ISNUMBER(C5),ISNUMBER(D5)), C5-D5, "") | F5: =IFERROR(E5/D5, "") | G5: 62900 | H5: =IF(AND(ISNUMBER(C5),ISNUMBER(G5)), C5-G5, "") -> -29254 | I5: =IFERROR(H5/G5, "") -> -0.46508744 | J5: 1. Inverter 1 was offline from 19:20 on 08/07. 2. Inverter P was offline and Inverter N was trippiing on and off and lost communication on multiple days through out the month. and addtionaly Inverter N tripped offline at 11:50 on 06/16 due to "Actual AC power deviation" and lost communication. considering replacing AE inverters with another brand and is seeking recommendations. 3. Weather station jumps from 0 to 1200 W/m^2 at sunrise and stays high all day. Inverter production seems to reflect cloud cover on some days, but the irradiance sensor always reports very sunny conditions. | K5: 1. SR105924 2. SR101243 3. SR101245 | L5: SR101243 | M5: SR101245
A6: Hyannis - Sturgis Charter School | B6: MA | C6: 39438.369 | D6: N/A | E6: =IF(AND(ISNUMBER(C6),ISNUMBER(D6)), C6-D6, "") | F6: =IFERROR(E6/D6, "") | G6: 33890 | H6: =IF(AND(ISNUMBER(C6),ISNUMBER(G6)), C6-G6, "") -> 5548.3693 | I6: =IFERROR(H6/G6, "") -> 0.163717
A7: South Dennis - Tony Kent Arena | B7: MA | C7: 43650.6 | D7: N/A | E7: =IF(AND(ISNUMBER(C7),ISNUMBER(D7)), C7-D7, "") | F7: =IFERROR(E7/D7, "") | G7: N/A | H7: =IF(AND(ISNUMBER(C7),ISNUMBER(G7)), C7-G7, "") | I7: =IFERROR(H7/G7, "") | J7: 1.On 03/14, Technicians identified failed modules on CB1 String 10 and CB6 String 7 causing inverter shutdown. They isolated the faulty strings, restored DC voltage, and brought the inverter back online. Site is now producing normally; module procurement and replacement are pending. | K7: 1. SR096262, SR099066 | L7: SR099066
A8: Caropolis - Felician Sisters | B8: PA | C8: 33772.7 | D8: N/A | E8: =IF(AND(ISNUMBER(C8),ISNUMBER(D8)), C8-D8, "") | F8: =IFERROR(E8/D8, "") | G8: N/A | H8: =IF(AND(ISNUMBER(C8),ISNUMBER(G8)), C8-G8, "") | I8: =IFERROR(H8/G8, "") | J8: 1. Inverter 13 is underperforming by approximately 10 kW compared to its peers Since 03/21/25. 2. The weather station has experienced intermittent communication over a period of 2-3 days Since 04/05, due to an RS485 failure outside the PowerDash enclosure. While the gateway and Acuvim meter remain online, the inverters and weather station have lost connection. Additional troubleshooting is required. | K8: 1. SR098870 2. SR099461 | L8: SR099461
A9: Clear Lake - Eastlake Gohman | B9: MN | C9: 49207 | D9: N/A | E9: =IF(AND(ISNUMBER(C9),ISNUMBER(D9)), C9-D9, "") | F9: =IFERROR(E9/D9, "") | G9: 200183.1 | H9: =IF(AND(ISNUMBER(C9),ISNUMBER(G9)), C9-G9, "") -> -150976.1 | I9: =IFERROR(H9/G9, "") -> -0.75419004 | J9: 1. Inverter 3.5 has been offline since 14:45 on 07/04. 2. Inverter 2.5 has been intermittently derating during high irradiance since 07/08. 3. The site has been offline since 01:30 on 08/09 and requires further troubleshooting with AlsoEnergy. | K9: 1. SR104023 2. SR104137 3. SR105956 | L9: SR104137 | M9: SR105956
A10: Zumbrota - Eastlake Brenda Luhman | B10: MN | C10: 187373 | D10: N/A | E10: =IF(AND(ISNUMBER(C10),ISNUMBER(D10)), C10-D10, "") | F10: =IFERROR(E10/D10, "") | G10: 187551.3 | H10: =IF(AND(ISNUMBER(C10),ISNUMBER(G10)), C10-G10, "") -> -178.3 | I10: =IFERROR(H10/G10, "") -> -0.00095067323
A11: Cokato - Eastlake Carlson | B11: MN | C11: 174063 | D11: N/A | E11: =IF(AND(ISNUMBER(C11),ISNUMBER(D11)), C11-D11, "") | F11: =IFERROR(E11/D11, "") | G11: 202940.3 | H11: =IF(AND(ISNUMBER(C11),ISNUMBER(G11)), C11-G11, "") -> -28877.3 | I11: =IFERROR(H11/G11, "") -> -0.14229456 | J11: 1. The site was offline from 07:45 to 17:30 on 08/16. 2. The site tripped offline at 12:00 on 08/28 and came back online at 10:45 on 08/29. 3. Meter communication has been intermittent throughout the month. | K11: 1. SR106384 2. SR107143 3. SR100417 | L11: SR107143 | M11: SR100417
A12: North Branch - Cornille 2 | B12: MN | C12: 183459 | D12: N/A | E12: =IF(AND(ISNUMBER(C12),ISNUMBER(D12)), C12-D12, "") | F12: =IFERROR(E12/D12, "") | G12: 197065 | H12: =IF(AND(ISNUMBER(C12),ISNUMBER(G12)), C12-G12, "") -> -13606 | I12: =IFERROR(H12/G12, "") -> -0.069043209 | J12: 1. Inverter 9 derated at 40kW from 06/01 to 06/05 and reporting "External Fan Err - ExtFanerr" and inverter is under RMA for replacement fans. | K12: 1. SR102209
A13: Clear Lake - Eastlake Hammer | B13: MN | C13: 202837.31 | D13: N/A | E13: =IF(AND(ISNUMBER(C13),ISNUMBER(D13)), C13-D13, "") | F13: =IFERROR(E13/D13, "") | G13: 246223.7 | H13: =IF(AND(ISNUMBER(C13),ISNUMBER(G13)), C13-G13, "") -> -43386.385 | I13: =IFERROR(H13/G13, "") -> -0.17620719 | J13: 1. Inverter 3 is derating at 75kW from 13:45 on 06/19 and reporting "External Fan Err - ExtFanerr" and the fan is being RMA'd. 2. Inverter 7 has been offline since 13:30 on 08/09 and is currently being RMA'd. | K13: 1. SR103184
A14: Eastlake - Hertzberg CSG 1 | B14: MN | C14: 191655.01 | D14: N/A | E14: =IF(AND(ISNUMBER(C14),ISNUMBER(D14)), C14-D14, "") | F14: =IFERROR(E14/D14, "") | G14: 245960.4 | H14: =IF(AND(ISNUMBER(C14),ISNUMBER(G14)), C14-G14, "") -> -54305.394 | I14: =IFERROR(H14/G14, "") -> -0.22078918 | J14: 1. Inverters 1, 6, 7, and 8 show a sporadic derating pattern during high irradiance, while Inverters 3 and 4 have been derating by 12 kW in the afternoons throughout the month. 2. Inverter 1 has been offline since 10:30 on 08/20 and is currently being RMA'd. | K14: 1. SR103740 2. SR106599 | L14: SR106599
A15: Cokato - Eastlake Laurel Village | B15: MN | C15: 214719 | D15: N/A | E15: =IF(AND(ISNUMBER(C15),ISNUMBER(D15)), C15-D15, "") | F15: =IFERROR(E15/D15, "") | G15: 232306.3 | H15: =IF(AND(ISNUMBER(C15),ISNUMBER(G15)), C15-G15, "") -> -17587.3 | I15: =IFERROR(H15/G15, "") -> -0.075707374 | J15: 1. All trackers have been stuck since 08/26. | K15: 1. SR106946
A16: St. Peter - Eastlake Paulson | B16: MN | C16: 186643.95 | D16: N/A | E16: =IF(AND(ISNUMBER(C16),ISNUMBER(D16)), C16-D16, "") | F16: =IFERROR(E16/D16, "") | G16: 207053.5 | H16: =IF(AND(ISNUMBER(C16),ISNUMBER(G16)), C16-G16, "") -> -20409.55 | I16: =IFERROR(H16/G16, "") -> -0.098571382 | J16: 1. Inverter 5 dropped a string on 06/11 and the fuse needs to be replaced. | K16: 1. SR103239
A17: Felician Sisters Convent | B17: NJ | C17: 4488 | D17: N/A | E17: =IF(AND(ISNUMBER(C17),ISNUMBER(D17)), C17-D17, "") | F17: =IFERROR(E17/D17, "") | G17: N/A | H17: =IF(AND(ISNUMBER(C17),ISNUMBER(G17)), C17-G17, "") | I17: =IFERROR(H17/G17, "") | J17: 1. Inverter 8 (College Inverter 16 on DAS) is under performing by about 30% on average and Inverters 11 and 17 (Convent 39 and HS 45) also appear to be intermittently underperforming compared to peers for whole month. Will be investigate while nextime onsite. | K17: 1. SR103048
A18: Sussex County Fairgrounds | B18: NJ | C18: 58853.64 | D18: N/A | E18: =IF(AND(ISNUMBER(C18),ISNUMBER(D18)), C18-D18, "") | F18: =IFERROR(E18/D18, "") | G18: N/A | H18: =IF(AND(ISNUMBER(C18),ISNUMBER(G18)), C18-G18, "") | I18: =IFERROR(H18/G18, "") | J18: 1. Inverters 3 and 4 have been running on 2 strings each since 07/08. 2. Inverter 10 tripped offline at 10:00 on 08/10 and came back online at 07:00 on 08/15. 3. Meter A inverters (1 through 12) experienced multiple trippings on 08/11 and 08/12, were offline on 08/14, and came back online on 08/15. | K18: 1. SR103686 2. SR105968 3. SR106026 | L18: SR105968 | M18: SR106026
A19: Gateway Church | B19: NJ | C19: 32387 | D19: N/A | E19: =IF(AND(ISNUMBER(C19),ISNUMBER(D19)), C19-D19, "") | F19: =IFERROR(E19/D19, "") | G19: N/A | H19: =IF(AND(ISNUMBER(C19),ISNUMBER(G19)), C19-G19, "") | I19: =IFERROR(H19/G19, "") | J19: 1. Inverters 9,13 and 18 are offline through out the month. 2. Inverter 5 was offline on 08/21 and came back online at 13:55 on 08/22. 3. Inverter 2 has been running on half of the strings throughout the month. 4. Inverter 3 has been running on 2 strings throughout the month. 5. Inverter 4 has been running on 4 strings throughout the month. 6. Inverter 5 has been running on 5 strings throughout the month. 7. Inverter 10 has been running on 4 strings throughout the month. 8. Inverter 7 has been running on half of the strings throughout the month. 9. Inverter 11 has been running on 5 strings throughout the month. 10. Inverter 15 has been running on 5 strings throughout the month. 11. Inverter 16 has been running on half of the strings throughout the month. | K19: 1. SR099730 2. SR106719 3. SR104823 4. SR104824 5. SR104825 6. SR104826 7. SR104828 8. SR104827 9. SR104829 10. SR104831 11. SR104832 | L19: SR106719 | M19: SR104823 | N19: SR104824 | O19: SR104825 | P19: SR104826 | Q19: SR104828 | R19: SR104827 | S19: SR104829 | T19: SR104831 | U19: SR104832
A20: Beaver Falls - Felician Sisters | B20: PA | C20: 50613 | D20: N/A | E20: =IF(AND(ISNUMBER(C20),ISNUMBER(D20)), C20-D20, "") | F20: =IFERROR(E20/D20, "") | G20: N/A | H20: =IF(AND(ISNUMBER(C20),ISNUMBER(G20)), C20-G20, "") | I20: =IFERROR(H20/G20, "") | J20: 1. Inverters 5 and 7 are again derating by 10 kW. Inverters 14 and 15 are underperforming by 3 kW compared to their peers, and Inverters 9 and 11 are underperforming by 2 kW compared to their peers throughout the month. Waiting for approval to dispatch. | K20: 1. SR103950
A21: Livonia - Felician Sisters Ground | B21: MI | C21: 6402.6 | D21: N/A | E21: =IF(AND(ISNUMBER(C21),ISNUMBER(D21)), C21-D21, "") | F21: =IFERROR(E21/D21, "") | G21: N/A | H21: =IF(AND(ISNUMBER(C21),ISNUMBER(G21)), C21-G21, "") | I21: =IFERROR(H21/G21, "") | J21: 1. Inverter 10 was derating at 10kW from 12:40 on 06/02 and issue was resolved on 08/18 2. Inverter 4 was derating since 04/08 and was resolved on 08/18. 3. Inverters 1 and 7 were offline since 03/04 to till date and meter was not communicated issue was resolved on 08/18. | K21: 1.SR102316 2.SR099500 3.SR098016 | L21: SR099500 | M21: SR098016
A22: Livonia - Felician Sisters Roof | B22: MI | C22: 15821 | D22: N/A | E22: =IF(AND(ISNUMBER(C22),ISNUMBER(D22)), C22-D22, "") | F22: =IFERROR(E22/D22, "") | G22: N/A | H22: =IF(AND(ISNUMBER(C22),ISNUMBER(G22)), C22-G22, "") | I22: =IFERROR(H22/G22, "") | J22: 1. Inverter 4 started derating midday by 4kW on 6/28/25.Will need to be investigate | K22: 1.SR103914,
A23: Monmouth Worship Ctr | B23: NJ | C23: 8408.5 | D23: N/A | E23: =IF(AND(ISNUMBER(C23),ISNUMBER(D23)), C23-D23, "") | F23: =IFERROR(E23/D23, "") | G23: N/A | H23: =IF(AND(ISNUMBER(C23),ISNUMBER(G23)), C23-G23, "") | I23: =IFERROR(H23/G23, "")
A24: Audubon - Senior Citizens United | B24: NJ | C24: 13045.3 | D24: N/A | E24: =IF(AND(ISNUMBER(C24),ISNUMBER(D24)), C24-D24, "") | F24: =IFERROR(E24/D24, "") | G24: N/A | H24: =IF(AND(ISNUMBER(C24),ISNUMBER(G24)), C24-G24, "") | I24: =IFERROR(H24/G24, "")
A25: Hollister - PG&E (Enerparc) | B25: CA | C25: 367875.14 | E25: =IF(AND(ISNUMBER(C25),ISNUMBER(D25)), C25-D25, "") | F25: =IFERROR(E25/D25, "") | G25: 384780 | H25: =IF(AND(ISNUMBER(C25),ISNUMBER(G25)), C25-G25, "") -> -16904.859 | I25: =IFERROR(H25/G25, "") -> -0.04393383 | J25: 1. Inverter 3 is derating by about 10kW during peak irradiance since 06/09 2. CB 1.7 2.10, 2.13, 3.1, 3.3 underperforming by about 80 amps. CB 1.2, 1.8, 3.9 underperforming by about 50 amps. CB 1.3, 2.11, 2.12 underperforming by about 30 amps. CB 2.1, 2.2, 2.3, 2.4, 2.5, 2.6, 2.7, 2.8, 2.9, 3.5, 3.11, 3.12, 3.13 underperforming by about 20 amps. CB 1.13, 1.5, 1.4, 1.6, 3.0, 3.2, 3.4, 3.6, 3.7, 3.8, 3. 10 underperforming by about 10 amps. 3.Meter was not communicating for whole month and its under PG &E isolated the meter we used the inverter data instead. | K25: 1. SR104192 2. SR102794, PM10647 3. SR105489 | L25: SR102794 | M25: SR105489
A26: Taos County - Kit Carson Electric Co-Op | B26: NM | C26: 304300 | D26: 221106.5 | E26: =IF(AND(ISNUMBER(C26),ISNUMBER(D26)), C26-D26, "") -> 83193.5 | F26: =IFERROR(E26/D26, "") -> 0.37625986 | G26: 198905.5 | H26: =IF(AND(ISNUMBER(C26),ISNUMBER(G26)), C26-G26, "") -> 105394.5 | I26: =IFERROR(H26/G26, "") -> 0.52987223 | J26: 1. Actual vs expected delta is showing 38% due to expected energy recording low possibly due to data glitch (similar event observe last 2 years).
A27: Commerce City - Adams City HS | B27: CO | C27: 15201 | D27: 12649.09 | E27: =IF(AND(ISNUMBER(C27),ISNUMBER(D27)), C27-D27, "") -> 2551.91 | F27: =IFERROR(E27/D27, "") -> 0.20174653 | G27: 13868.77 | H27: =IF(AND(ISNUMBER(C27),ISNUMBER(G27)), C27-G27, "") -> 1332.23 | I27: =IFERROR(H27/G27, "") -> 0.096059708 | J27: 1. Actual vs expected delta is showing 20% due to expected energy recording low possibly due to data glitch (similar event observe last 2 years).
A28: Commerce City - Adams City MS | B28: CO | C28: 12467 | D28: 11493.86 | E28: =IF(AND(ISNUMBER(C28),ISNUMBER(D28)), C28-D28, "") -> 973.14 | F28: =IFERROR(E28/D28, "") -> 0.084666074 | G28: 12203.7 | H28: =IF(AND(ISNUMBER(C28),ISNUMBER(G28)), C28-G28, "") -> 263.3 | I28: =IFERROR(H28/G28, "") -> 0.021575424
A29: Commerce City - Central ES | B29: CO | C29: 3220.4 | D29: 3280.531 | E29: =IF(AND(ISNUMBER(C29),ISNUMBER(D29)), C29-D29, "") -> -60.131 | F29: =IFERROR(E29/D29, "") -> -0.018329655 | G29: 3573.96 | H29: =IF(AND(ISNUMBER(C29),ISNUMBER(G29)), C29-G29, "") -> -353.56 | I29: =IFERROR(H29/G29, "") -> -0.098926681
A30: Commerce City - Dupont ES | B30: CO | C30: 9964 | D30: 9235.585 | E30: =IF(AND(ISNUMBER(C30),ISNUMBER(D30)), C30-D30, "") -> 728.415 | F30: =IFERROR(E30/D30, "") -> 0.078870478 | G30: 10198.86 | H30: =IF(AND(ISNUMBER(C30),ISNUMBER(G30)), C30-G30, "") -> -234.86 | I30: =IFERROR(H30/G30, "") -> -0.023028064
A31: Commerce City - Educational Support Services | B31: CO | C31: 3105 | D31: 9666.055 | E31: =IF(AND(ISNUMBER(C31),ISNUMBER(D31)), C31-D31, "") -> -6561.055 | F31: =IFERROR(E31/D31, "") -> -0.67877278 | G31: 10576.4 | H31: =IF(AND(ISNUMBER(C31),ISNUMBER(G31)), C31-G31, "") -> -7471.4 | I31: =IFERROR(H31/G31, "") -> -0.70642184 | J31: 1. The site was offline at 01:00 on 08/10 and remained offline through out the month. | K31: 1. SR105973
A32: Commerce City - Hanson ES | B32: CO | C32: 12960 | D32: 12604.85 | E32: =IF(AND(ISNUMBER(C32),ISNUMBER(D32)), C32-D32, "") -> 355.15 | F32: =IFERROR(E32/D32, "") -> 0.028175663 | G32: 13821.1 | H32: =IF(AND(ISNUMBER(C32),ISNUMBER(G32)), C32-G32, "") -> -861.1 | I32: =IFERROR(H32/G32, "") -> -0.06230329
A33: Commerce City - Kemp ES | B33: CO | C33: 11902 | D33: 12598.39 | E33: =IF(AND(ISNUMBER(C33),ISNUMBER(D33)), C33-D33, "") -> -696.39 | F33: =IFERROR(E33/D33, "") -> -0.055276111 | G33: 13814.27 | H33: =IF(AND(ISNUMBER(C33),ISNUMBER(G33)), C33-G33, "") -> -1912.27 | I33: =IFERROR(H33/G33, "") -> -0.13842715 | J33: 1. CB 2A string 1 is underperforming by 6 amps for whole month. CB 1 not communicating from 6/13/24. CB 3 and 4 not communicating from 5/10/25. | K33: 1. SR102723, SR105641 | L33: SR105641
A34: Commerce City - Lester Arnold HS | B34: CO | C34: 13777 | D34: 12179.06 | E34: =IF(AND(ISNUMBER(C34),ISNUMBER(D34)), C34-D34, "") -> 1597.94 | F34: =IFERROR(E34/D34, "") -> 0.13120389 | G34: 13419.1 | H34: =IF(AND(ISNUMBER(C34),ISNUMBER(G34)), C34-G34, "") -> 357.9 | I34: =IFERROR(H34/G34, "") -> 0.026670939 | J34: 1. Actual vs expected delta is showing 13% due to expected energy recording low possibly due to data glitch (similar event observe last 2 years).
A35: Commerce City - Monaco ES | B35: CO | C35: 13486 | D35: 12605.18 | E35: =IF(AND(ISNUMBER(C35),ISNUMBER(D35)), C35-D35, "") -> 880.82 | F35: =IFERROR(E35/D35, "") -> 0.069877622 | G35: 13821.1 | H35: =IF(AND(ISNUMBER(C35),ISNUMBER(G35)), C35-G35, "") -> -335.1 | I35: =IFERROR(H35/G35, "") -> -0.024245538
A36: Denver - Northgate / Old Fort Logan ES | B36: CO | C36: 12124 | D36: 10953.74 | E36: =IF(AND(ISNUMBER(C36),ISNUMBER(D36)), C36-D36, "") -> 1170.26 | F36: =IFERROR(E36/D36, "") -> 0.10683657 | G36: 12477.808 | H36: =IF(AND(ISNUMBER(C36),ISNUMBER(G36)), C36-G36, "") -> -353.808 | I36: =IFERROR(H36/G36, "") -> -0.02835498 | J36: 1. Actual vs expected delta is showing 11% due to expected energy recording low possibly due to data glitch (similar event observe last 2 years).
A37: Denver - Sheridan High School | B37: CO | C37: 14044 | D37: 12641.54 | E37: =IF(AND(ISNUMBER(C37),ISNUMBER(D37)), C37-D37, "") -> 1402.46 | F37: =IFERROR(E37/D37, "") -> 0.1109406 | G37: 13667.96 | H37: =IF(AND(ISNUMBER(C37),ISNUMBER(G37)), C37-G37, "") -> 376.04 | I37: =IFERROR(H37/G37, "") -> 0.027512518
A38: Englewood - Alice Terry Elementary | B38: CO | C38: 13429 | D38: 12641.91 | E38: =IF(AND(ISNUMBER(C38),ISNUMBER(D38)), C38-D38, "") -> 787.09 | F38: =IFERROR(E38/D38, "") -> 0.06226037 | G38: 13715.81 | H38: =IF(AND(ISNUMBER(C38),ISNUMBER(G38)), C38-G38, "") -> -286.81 | I38: =IFERROR(H38/G38, "") -> -0.020910905
A39: Englewood - Sheridan Middle School | B39: CO | C39: 6738 | D39: 7376.925 | E39: =IF(AND(ISNUMBER(C39),ISNUMBER(D39)), C39-D39, "") -> -638.925 | F39: =IFERROR(E39/D39, "") -> -0.086611291 | G39: 8024.991 | H39: =IF(AND(ISNUMBER(C39),ISNUMBER(G39)), C39-G39, "") -> -1286.991 | I39: =IFERROR(H39/G39, "") -> -0.16037289 | J39: 1. Meter was not capturing full production since 08/10 to end of the month. | K39: 1. SR106082, SR100857 | L39: SR100857
A40: Goshen - NIPSCO | B40: IN | C40: 60213 | D40: 56833.8 | E40: =IF(AND(ISNUMBER(C40),ISNUMBER(D40)), C40-D40, "") -> 3379.2 | F40: =IFERROR(E40/D40, "") -> 0.059457576 | G40: 66122.14 | H40: =IF(AND(ISNUMBER(C40),ISNUMBER(G40)), C40-G40, "") -> -5909.14 | I40: =IFERROR(H40/G40, "") -> -0.089367041 | J40: 1. Inverter 2 underperforming by approximately 70 kW and inverter 1 is underperforming by approximately 120 kW. When looking at previous years during the same time frame this trend is relevant and scheduled during PM. | K40: 1. SR101963
A41: Alamogordo - City of Alamogordo - Effluent | B41: NM | C41: 23398 | D41: 29703.08 | E41: =IF(AND(ISNUMBER(C41),ISNUMBER(D41)), C41-D41, "") -> -6305.08 | F41: =IFERROR(E41/D41, "") -> -0.21227024 | G41: 29884.94 | H41: =IF(AND(ISNUMBER(C41),ISNUMBER(G41)), C41-G41, "") -> -6486.94 | I41: =IFERROR(H41/G41, "") -> -0.21706385 | J41: 1. Inverter 1 and 2 are underproducing by 60kW due to multiple modules that are burned and broken and need to be replaced. 2. Inverter D dropped in production by about 50% at 10:00 MDT on 08/07 and by coincided with inverter C briefly displaying "Main Fault"(Fault01) and "Drive Fault" (Fault02). | K41: 1. SR101818 2. SR105928 | L41: SR105928
A42: Alamogordo - City of Alamogordo - WWTP | B42: NM | C42: 83060 | D42: 0.003264621 | E42: =IF(AND(ISNUMBER(C42),ISNUMBER(D42)), C42-D42, "") -> 83059.997 | F42: =IFERROR(E42/D42, "") -> 25442462 | G42: 126736.9 | H42: =IF(AND(ISNUMBER(C42),ISNUMBER(G42)), C42-G42, "") -> -43676.9 | I42: =IFERROR(H42/G42, "") -> -0.34462655 | J42: 1. The POA has been reading 0 W/m2 since 08/01/23 to end of the month. 2. 200 Modules were damaged and need to be replaced. | K42: 1. SR101034 2. SR103779, SR102621 | L42: SR103779 | M42: SR102621
A43: Deming - Bilbo Booster | B43: NM | C43: 12726 | D43: 0 | E43: =IF(AND(ISNUMBER(C43),ISNUMBER(D43)), C43-D43, "") -> 12726 | F43: =IFERROR(E43/D43, "") | G43: 11978.8 | H43: =IF(AND(ISNUMBER(C43),ISNUMBER(G43)), C43-G43, "") -> 747.2 | I43: =IFERROR(H43/G43, "") -> 0.062376866 | J43: 1. The anemometer SE 03 has stopped communicating from 10/14/23. | K43: 1. SR101021
A44: Deming - Bilbo Well | B44: NM | C44: 22901 | D44: 0 | E44: =IF(AND(ISNUMBER(C44),ISNUMBER(D44)), C44-D44, "") -> 22901 | F44: =IFERROR(E44/D44, "") | G44: 21655 | H44: =IF(AND(ISNUMBER(C44),ISNUMBER(G44)), C44-G44, "") -> 1246 | I44: =IFERROR(H44/G44, "") -> 0.057538675 | J44: 1. Weather station was not communicated for whole month. | K44: 1. SR100915
A45: Deming - WWTP | B45: NM | C45: 81630 | D45: 74950.46 | E45: =IF(AND(ISNUMBER(C45),ISNUMBER(D45)), C45-D45, "") -> 6679.54 | F45: =IFERROR(E45/D45, "") -> 0.0891194 | G45: 90067.2 | H45: =IF(AND(ISNUMBER(C45),ISNUMBER(G45)), C45-G45, "") -> -8437.2 | I45: =IFERROR(H45/G45, "") -> -0.093676721 | J45: 1. 10 modules were broken and will need to be replaced 2. Inverter was underproducing 100kW down from 08/23/23. | K45: 1. SR105366, PM16547 2. SR101100 | L45: SR101100
A46: Truth or Consequences - Walmart | B46: NM | C46: 171100 | D46: 346115.8 | E46: =IF(AND(ISNUMBER(C46),ISNUMBER(D46)), C46-D46, "") -> -175015.8 | F46: =IFERROR(E46/D46, "") -> -0.50565678 | G46: 186308.6 | H46: =IF(AND(ISNUMBER(C46),ISNUMBER(G46)), C46-G46, "") -> -15208.6 | I46: =IFERROR(H46/G46, "") -> -0.081631229 | J46: 1. Inverters E2, E4, and G4 were offline for whole month and inverter A3, 2 strings down 0 voltage since 07/25. Inverter A2 1 string down 0 voltage. 2. Inverter D2 has tripped offline at 17:30 on 08/07 and reporting Arc fault (E050) and back online at 09:15 on 08/19. 3. inverter B1 has a history of late starts most of the days in month | K46: 1. SR105192 2. SR105872 3. SR106435, SR106650 | L46: SR105872 | M46: SR106435 | N46: SR106650
