Workbook
Name JanActual: #REF!
Name JanActual2: #REF!
Name JanExpected: #REF!
Name JanExpectedDelta: #REF!
Name JanExpectedPercent: #REF!
Name JanExpPercent: #REF!
Name JanForecasted: #REF!
Name JanForecastedDelta: #REF!
Name JanForecastedPercent: #REF!
Name portfolio: Sites!$B$1:$B$1
Name Year: Sites!#REF!

Sheet Year to Date
A1: {=portfolio} -> Generate Capital | E1: Year to Date Actual v. Expected | H1: Year to Date Actual v. Forecasted
A2: Total | D2: =SUM(D4:D200) -> 36184982 | E2: =SUM(E4:E200) -> 19415999 | F2: =D2-E2 -> 16768983 | G2: =IFERROR(F2/E2, 0) -> 0.86366829 | H2: =SUM(H4:H200) -> 44326916 | I2: =D2-H2 -> -8141933.2 | J2: =IFERROR(I2/H2, 0) -> -0.18367922
A3: Site | B3: State | C3: SOL# | D3: Actual | E3: Expected | F3: Delta | G3: % | H3: Forecasted | I3: Delta | J3: %
A4: {=Sites[Site]} -> Farmer | B4: {=Sites[State]} -> AZ | C4: =Sites[[#This Row],[SOL'#]] -> SOL-10748 | D4: =SUM('1st Qtr'!D4, '2nd Qtr'!D4, '3rd Qtr'!D4, '4th Qtr'!D4) -> 20596.299 | E4: =SUM('1st Qtr'!E4, '2nd Qtr'!E4, '3rd Qtr'!E4, '4th Qtr'!E4) -> 15241.424 | F4: =IF(AND(ISNUMBER(D4),ISNUMBER(E4)), D4-E4, "") -> 5354.8755 | G4: =IFERROR(F4/E4, "") -> 0.35133695 | H4: =SUM('1st Qtr'!H4+'2nd Qtr'!H4+'3rd Qtr'!H4+'4th Qtr'!H4) -> 18595.628 | I4: =SUM('1st Qtr'!I4, '2nd Qtr'!I4, '3rd Qtr'!I4, '4th Qtr'!I4) -> 2000.6715 | J4: =IFERROR(I4/H4, "") -> 0.10758827
A5: Fulton | B5: AZ | C5: =Sites[[#This Row],[SOL'#]] -> SOL-10749 | D5: =SUM('1st Qtr'!D5, '2nd Qtr'!D5, '3rd Qtr'!D5, '4th Qtr'!D5) -> 57128.5 | E5: =SUM('1st Qtr'!E5, '2nd Qtr'!E5, '3rd Qtr'!E5, '4th Qtr'!E5) -> 75239.48 | F5: =IF(AND(ISNUMBER(D5),ISNUMBER(E5)), D5-E5, "") -> -18110.98 | G5: =IFERROR(F5/E5, "") -> -0.24071113 | H5: =SUM('1st Qtr'!H5+'2nd Qtr'!H5+'3rd Qtr'!H5+'4th Qtr'!H5) -> 74528.36 | I5: =SUM('1st Qtr'!I5, '2nd Qtr'!I5, '3rd Qtr'!I5, '4th Qtr'!I5) -> -17399.86 | J5: =IFERROR(I5/H5, "") -> -0.23346629
A6: JFK Elementary | B6: AZ | C6: =Sites[[#This Row],[SOL'#]] -> SOL-10758 | D6: =SUM('1st Qtr'!D6, '2nd Qtr'!D6, '3rd Qtr'!D6, '4th Qtr'!D6) -> 34707.198 | E6: =SUM('1st Qtr'!E6, '2nd Qtr'!E6, '3rd Qtr'!E6, '4th Qtr'!E6) -> 0 | F6: =IF(AND(ISNUMBER(D6),ISNUMBER(E6)), D6-E6, "") -> 34707.198 | G6: =IFERROR(F6/E6, "") | H6: =SUM('1st Qtr'!H6+'2nd Qtr'!H6+'3rd Qtr'!H6+'4th Qtr'!H6) -> 30463 | I6: =SUM('1st Qtr'!I6, '2nd Qtr'!I6, '3rd Qtr'!I6, '4th Qtr'!I6) -> 4244.198 | J6: =IFERROR(I6/H6, "") -> 0.13932305
A7: Noble | B7: AZ | C7: =Sites[[#This Row],[SOL'#]] -> SOL-10750 | D7: =SUM('1st Qtr'!D7, '2nd Qtr'!D7, '3rd Qtr'!D7, '4th Qtr'!D7) -> 19862.485 | E7: =SUM('1st Qtr'!E7, '2nd Qtr'!E7, '3rd Qtr'!E7, '4th Qtr'!E7) -> 25711.63 | F7: =IF(AND(ISNUMBER(D7),ISNUMBER(E7)), D7-E7, "") -> -5849.1445 | G7: =IFERROR(F7/E7, "") -> -0.22749023 | H7: =SUM('1st Qtr'!H7+'2nd Qtr'!H7+'3rd Qtr'!H7+'4th Qtr'!H7) -> 20305.238 | I7: =SUM('1st Qtr'!I7, '2nd Qtr'!I7, '3rd Qtr'!I7, '4th Qtr'!I7) -> -442.75251 | J7: =IFERROR(I7/H7, "") -> -0.021804842
A8: Parking 3 | B8: AZ | C8: =Sites[[#This Row],[SOL'#]] -> SOL-10751 | D8: =SUM('1st Qtr'!D8, '2nd Qtr'!D8, '3rd Qtr'!D8, '4th Qtr'!D8) -> 52632.387 | E8: =SUM('1st Qtr'!E8, '2nd Qtr'!E8, '3rd Qtr'!E8, '4th Qtr'!E8) -> 36461.69 | F8: =IF(AND(ISNUMBER(D8),ISNUMBER(E8)), D8-E8, "") -> 16170.697 | G8: =IFERROR(F8/E8, "") -> 0.4434983 | H8: =SUM('1st Qtr'!H8+'2nd Qtr'!H8+'3rd Qtr'!H8+'4th Qtr'!H8) -> 45223.83 | I8: =SUM('1st Qtr'!I8, '2nd Qtr'!I8, '3rd Qtr'!I8, '4th Qtr'!I8) -> 7408.5575 | J8: =IFERROR(I8/H8, "") -> 0.16381977
A9: PE East | B9: AZ | C9: =Sites[[#This Row],[SOL'#]] -> SOL-10752 | D9: =SUM('1st Qtr'!D9, '2nd Qtr'!D9, '3rd Qtr'!D9, '4th Qtr'!D9) -> 45253.447 | E9: =SUM('1st Qtr'!E9, '2nd Qtr'!E9, '3rd Qtr'!E9, '4th Qtr'!E9) -> 28727.75 | F9: =IF(AND(ISNUMBER(D9),ISNUMBER(E9)), D9-E9, "") -> 16525.697 | G9: =IFERROR(F9/E9, "") -> 0.57525205 | H9: =SUM('1st Qtr'!H9+'2nd Qtr'!H9+'3rd Qtr'!H9+'4th Qtr'!H9) -> 45859.64 | I9: =SUM('1st Qtr'!I9, '2nd Qtr'!I9, '3rd Qtr'!I9, '4th Qtr'!I9) -> -606.19288 | J9: =IFERROR(I9/H9, "") -> -0.01321844
A10: Schwada | B10: AZ | C10: =Sites[[#This Row],[SOL'#]] -> SOL-10753 | D10: =SUM('1st Qtr'!D10, '2nd Qtr'!D10, '3rd Qtr'!D10, '4th Qtr'!D10) -> 20748.02 | E10: =SUM('1st Qtr'!E10, '2nd Qtr'!E10, '3rd Qtr'!E10, '4th Qtr'!E10) -> 11827.436 | F10: =IF(AND(ISNUMBER(D10),ISNUMBER(E10)), D10-E10, "") -> 8920.584 | G10: =IFERROR(F10/E10, "") -> 0.75422805 | H10: =SUM('1st Qtr'!H10+'2nd Qtr'!H10+'3rd Qtr'!H10+'4th Qtr'!H10) -> 20246 | I10: =SUM('1st Qtr'!I10, '2nd Qtr'!I10, '3rd Qtr'!I10, '4th Qtr'!I10) -> 502.02 | J10: =IFERROR(I10/H10, "") -> 0.024796009
A11: Starshine | B11: AZ | C11: =Sites[[#This Row],[SOL'#]] -> SOL-10757 | D11: =SUM('1st Qtr'!D11, '2nd Qtr'!D11, '3rd Qtr'!D11, '4th Qtr'!D11) -> 10857.091 | E11: =SUM('1st Qtr'!E11, '2nd Qtr'!E11, '3rd Qtr'!E11, '4th Qtr'!E11) -> 0 | F11: =IF(AND(ISNUMBER(D11),ISNUMBER(E11)), D11-E11, "") -> 10857.091 | G11: =IFERROR(F11/E11, "") | H11: =SUM('1st Qtr'!H11+'2nd Qtr'!H11+'3rd Qtr'!H11+'4th Qtr'!H11) -> 11996 | I11: =SUM('1st Qtr'!I11, '2nd Qtr'!I11, '3rd Qtr'!I11, '4th Qtr'!I11) -> -1138.9093 | J11: =IFERROR(I11/H11, "") -> -0.094940753
A12: Yuma Airport | B12: AZ | C12: =Sites[[#This Row],[SOL'#]] -> SOL-10754 | D12: =SUM('1st Qtr'!D12, '2nd Qtr'!D12, '3rd Qtr'!D12, '4th Qtr'!D12) -> 119103 | E12: =SUM('1st Qtr'!E12, '2nd Qtr'!E12, '3rd Qtr'!E12, '4th Qtr'!E12) -> 154498.15 | F12: =IF(AND(ISNUMBER(D12),ISNUMBER(E12)), D12-E12, "") -> -35395.15 | G12: =IFERROR(F12/E12, "") -> -0.22909757 | H12: =SUM('1st Qtr'!H12+'2nd Qtr'!H12+'3rd Qtr'!H12+'4th Qtr'!H12) -> 122174 | I12: =SUM('1st Qtr'!I12, '2nd Qtr'!I12, '3rd Qtr'!I12, '4th Qtr'!I12) -> -3071 | J12: =IFERROR(I12/H12, "") -> -0.025136281
A13: Kinsman | B13: OH | C13: =Sites[[#This Row],[SOL'#]] -> SOL-10762 | D13: =SUM('1st Qtr'!D13, '2nd Qtr'!D13, '3rd Qtr'!D13, '4th Qtr'!D13) -> 50758.688 | E13: =SUM('1st Qtr'!E13, '2nd Qtr'!E13, '3rd Qtr'!E13, '4th Qtr'!E13) -> 113273.04 | F13: =IF(AND(ISNUMBER(D13),ISNUMBER(E13)), D13-E13, "") -> -62514.353 | G13: =IFERROR(F13/E13, "") -> -0.55189083 | H13: =SUM('1st Qtr'!H13+'2nd Qtr'!H13+'3rd Qtr'!H13+'4th Qtr'!H13) -> 114870 | I13: =SUM('1st Qtr'!I13, '2nd Qtr'!I13, '3rd Qtr'!I13, '4th Qtr'!I13) -> -64111.312 | J13: =IFERROR(I13/H13, "") -> -0.55812059
A14: Wooster | B14: OH | C14: =Sites[[#This Row],[SOL'#]] -> SOL-10763 | D14: =SUM('1st Qtr'!D14, '2nd Qtr'!D14, '3rd Qtr'!D14, '4th Qtr'!D14) -> 14987 | E14: =SUM('1st Qtr'!E14, '2nd Qtr'!E14, '3rd Qtr'!E14, '4th Qtr'!E14) -> 0 | F14: =IF(AND(ISNUMBER(D14),ISNUMBER(E14)), D14-E14, "") -> 14987 | G14: =IFERROR(F14/E14, "") | H14: =SUM('1st Qtr'!H14+'2nd Qtr'!H14+'3rd Qtr'!H14+'4th Qtr'!H14) -> 25006 | I14: =SUM('1st Qtr'!I14, '2nd Qtr'!I14, '3rd Qtr'!I14, '4th Qtr'!I14) -> -10019 | J14: =IFERROR(I14/H14, "") -> -0.40066384
A15: Globe Gila CC | B15: AZ | C15: =Sites[[#This Row],[SOL'#]] -> SOL-10755 | D15: =SUM('1st Qtr'!D15, '2nd Qtr'!D15, '3rd Qtr'!D15, '4th Qtr'!D15) -> 25524.33 | E15: =SUM('1st Qtr'!E15, '2nd Qtr'!E15, '3rd Qtr'!E15, '4th Qtr'!E15) -> 0 | F15: =IF(AND(ISNUMBER(D15),ISNUMBER(E15)), D15-E15, "") -> 25524.33 | G15: =IFERROR(F15/E15, "") | H15: =SUM('1st Qtr'!H15+'2nd Qtr'!H15+'3rd Qtr'!H15+'4th Qtr'!H15) -> 21672 | I15: =SUM('1st Qtr'!I15, '2nd Qtr'!I15, '3rd Qtr'!I15, '4th Qtr'!I15) -> 3852.3303 | J15: =IFERROR(I15/H15, "") -> 0.1777561
A16: Payson Gila CC | B16: AZ | C16: =Sites[[#This Row],[SOL'#]] -> SOL-10756 | D16: =SUM('1st Qtr'!D16, '2nd Qtr'!D16, '3rd Qtr'!D16, '4th Qtr'!D16) -> 18140.739 | E16: =SUM('1st Qtr'!E16, '2nd Qtr'!E16, '3rd Qtr'!E16, '4th Qtr'!E16) -> 8276.633 | F16: =IF(AND(ISNUMBER(D16),ISNUMBER(E16)), D16-E16, "") -> 9864.1058 | G16: =IFERROR(F16/E16, "") -> 1.1918018 | H16: =SUM('1st Qtr'!H16+'2nd Qtr'!H16+'3rd Qtr'!H16+'4th Qtr'!H16) -> 16910 | I16: =SUM('1st Qtr'!I16, '2nd Qtr'!I16, '3rd Qtr'!I16, '4th Qtr'!I16) -> 1230.7388 | J16: =IFERROR(I16/H16, "") -> 0.072781718
... A139: Spencer | B139: NY | C139: =Sites[[#This Row],[SOL'#]] -> SOL-11017 | D139: =SUM('1st Qtr'!D139, '2nd Qtr'!D139, '3rd Qtr'!D139, '4th Qtr'!D139) -> 920437 | E139: =SUM('1st Qtr'!E139, '2nd Qtr'!E139, '3rd Qtr'!E139, '4th Qtr'!E139) -> 0 | F139: =IF(AND(ISNUMBER(D139),ISNUMBER(E139)), D139-E139, "") -> 920437 | G139: =IFERROR(F139/E139, "") | H139: =SUM('1st Qtr'!H139+'2nd Qtr'!H139+'3rd Qtr'!H139+'4th Qtr'!H139) -> 946790.6 | I139: =SUM('1st Qtr'!I139, '2nd Qtr'!I139, '3rd Qtr'!I139, '4th Qtr'!I139) -> -26353.6 | J139: =IFERROR(I139/H139, "") -> -0.027834666
A140: Reisender | B140: NY | C140: ='1st Qtr'!C140 -> SOL-10886 | D140: =SUM('1st Qtr'!D140, '2nd Qtr'!D140, '3rd Qtr'!D140, '4th Qtr'!D140) -> 268510 | E140: =SUM('1st Qtr'!E140, '2nd Qtr'!E140, '3rd Qtr'!E140, '4th Qtr'!E140) -> 398487.05 | F140: =IF(AND(ISNUMBER(D140),ISNUMBER(E140)), D140-E140, "") -> -129977.05 | G140: =IFERROR(F140/E140, "") -> -0.32617635 | H140: =SUM('1st Qtr'!H140+'2nd Qtr'!H140+'3rd Qtr'!H140+'4th Qtr'!H140) -> 341969.8 | I140: =SUM('1st Qtr'!I140, '2nd Qtr'!I140, '3rd Qtr'!I140, '4th Qtr'!I140) -> -73459.8 | J140: =IFERROR(I140/H140, "") -> -0.21481371
A141: Finney | B141: NY | C141: =Sites[[#This Row],[SOL'#]] -> SOL-10999 | D141: =SUM('1st Qtr'!D141, '2nd Qtr'!D141, '3rd Qtr'!D141, '4th Qtr'!D141) -> 923020 | E141: =SUM('1st Qtr'!E141, '2nd Qtr'!E141, '3rd Qtr'!E141, '4th Qtr'!E141) -> 0 | F141: =IF(AND(ISNUMBER(D141),ISNUMBER(E141)), D141-E141, "") -> 923020 | G141: =IFERROR(F141/E141, "") | H141: =SUM('1st Qtr'!H141+'2nd Qtr'!H141+'3rd Qtr'!H141+'4th Qtr'!H141) -> 1054503.1 | I141: =SUM('1st Qtr'!I141, '2nd Qtr'!I141, '3rd Qtr'!I141, '4th Qtr'!I141) -> -131483.14 | J141: =IFERROR(I141/H141, "") -> -0.12468729
A142: Davis Solar | B142: NY | C142: =Sites[[#This Row],[SOL'#]] -> SOL-10958 | D142: =SUM('1st Qtr'!D142, '2nd Qtr'!D142, '3rd Qtr'!D142, '4th Qtr'!D142) -> 310390 | E142: =SUM('1st Qtr'!E142, '2nd Qtr'!E142, '3rd Qtr'!E142, '4th Qtr'!E142) -> 475110 | F142: =IF(AND(ISNUMBER(D142),ISNUMBER(E142)), D142-E142, "") -> -164720 | G142: =IFERROR(F142/E142, "") -> -0.34669866 | H142: =SUM('1st Qtr'!H142+'2nd Qtr'!H142+'3rd Qtr'!H142+'4th Qtr'!H142) -> 432046 | I142: =SUM('1st Qtr'!I142, '2nd Qtr'!I142, '3rd Qtr'!I142, '4th Qtr'!I142) -> -121656 | J142: =IFERROR(I142/H142, "") -> -0.28158113
A143: Genesee | B143: NY | C143: =Sites[[#This Row],[SOL'#]] -> SOL-10951 | D143: =SUM('1st Qtr'!D143, '2nd Qtr'!D143, '3rd Qtr'!D143, '4th Qtr'!D143) -> 399382.4 | E143: =SUM('1st Qtr'!E143, '2nd Qtr'!E143, '3rd Qtr'!E143, '4th Qtr'!E143) -> 0 | F143: =IF(AND(ISNUMBER(D143),ISNUMBER(E143)), D143-E143, "") -> 399382.4 | G143: =IFERROR(F143/E143, "") | H143: =SUM('1st Qtr'!H143+'2nd Qtr'!H143+'3rd Qtr'!H143+'4th Qtr'!H143) -> 588274 | I143: =SUM('1st Qtr'!I143, '2nd Qtr'!I143, '3rd Qtr'!I143, '4th Qtr'!I143) -> -188891.6 | J143: =IFERROR(I143/H143, "") -> -0.32109459
A144: Landau I | B144: NY | C144: =Sites[[#This Row],[SOL'#]] -> SOL-10891 | D144: =SUM('1st Qtr'!D144, '2nd Qtr'!D144, '3rd Qtr'!D144, '4th Qtr'!D144) -> 338750 | E144: =SUM('1st Qtr'!E144, '2nd Qtr'!E144, '3rd Qtr'!E144, '4th Qtr'!E144) -> 0 | F144: =IF(AND(ISNUMBER(D144),ISNUMBER(E144)), D144-E144, "") -> 338750 | G144: =IFERROR(F144/E144, "") | H144: =SUM('1st Qtr'!H144+'2nd Qtr'!H144+'3rd Qtr'!H144+'4th Qtr'!H144) -> 432107.5 | I144: =SUM('1st Qtr'!I144, '2nd Qtr'!I144, '3rd Qtr'!I144, '4th Qtr'!I144) -> -93357.5 | J144: =IFERROR(I144/H144, "") -> -0.21605156
A145: Landau II | B145: NY | C145: =Sites[[#This Row],[SOL'#]] -> SOL-10895 | D145: =SUM('1st Qtr'!D145, '2nd Qtr'!D145, '3rd Qtr'!D145, '4th Qtr'!D145) -> 664540 | E145: =SUM('1st Qtr'!E145, '2nd Qtr'!E145, '3rd Qtr'!E145, '4th Qtr'!E145) -> 0 | F145: =IF(AND(ISNUMBER(D145),ISNUMBER(E145)), D145-E145, "") -> 664540 | G145: =IFERROR(F145/E145, "") | H145: =SUM('1st Qtr'!H145+'2nd Qtr'!H145+'3rd Qtr'!H145+'4th Qtr'!H145) -> 875046.31 | I145: =SUM('1st Qtr'!I145, '2nd Qtr'!I145, '3rd Qtr'!I145, '4th Qtr'!I145) -> -210506.31 | J145: =IFERROR(I145/H145, "") -> -0.24056591
A146: New Beginnings | B146: NY | C146: =Sites[[#This Row],[SOL'#]] -> SOL-10890 | D146: =SUM('1st Qtr'!D146, '2nd Qtr'!D146, '3rd Qtr'!D146, '4th Qtr'!D146) -> 330300 | E146: =SUM('1st Qtr'!E146, '2nd Qtr'!E146, '3rd Qtr'!E146, '4th Qtr'!E146) -> 501850.24 | F146: =IF(AND(ISNUMBER(D146),ISNUMBER(E146)), D146-E146, "") -> -171550.24 | G146: =IFERROR(F146/E146, "") -> -0.34183552 | H146: =SUM('1st Qtr'!H146+'2nd Qtr'!H146+'3rd Qtr'!H146+'4th Qtr'!H146) -> 430987.04 | I146: =SUM('1st Qtr'!I146, '2nd Qtr'!I146, '3rd Qtr'!I146, '4th Qtr'!I146) -> -100687.04 | J146: =IFERROR(I146/H146, "") -> -0.23361965
A147: Guilin Farm Solar | B147: NY | C147: =Sites[[#This Row],[SOL'#]] -> SOL-10998 | D147: =SUM('1st Qtr'!D147, '2nd Qtr'!D147, '3rd Qtr'!D147, '4th Qtr'!D147) -> 472982 | E147: =SUM('1st Qtr'!E147, '2nd Qtr'!E147, '3rd Qtr'!E147, '4th Qtr'!E147) -> 782733.28 | F147: =IF(AND(ISNUMBER(D147),ISNUMBER(E147)), D147-E147, "") -> -309751.28 | G147: =IFERROR(F147/E147, "") -> -0.39573031 | H147: =SUM('1st Qtr'!H147+'2nd Qtr'!H147+'3rd Qtr'!H147+'4th Qtr'!H147) -> 919749.1 | I147: =SUM('1st Qtr'!I147, '2nd Qtr'!I147, '3rd Qtr'!I147, '4th Qtr'!I147) -> -446767.1 | J147: =IFERROR(I147/H147, "") -> -0.48574889
A148: Brodhead Solar | B148: NY | C148: =Sites[[#This Row],[SOL'#]] -> SOL-10899 | D148: =SUM('1st Qtr'!D148, '2nd Qtr'!D148, '3rd Qtr'!D148, '4th Qtr'!D148) -> 465667 | E148: =SUM('1st Qtr'!E148, '2nd Qtr'!E148, '3rd Qtr'!E148, '4th Qtr'!E148) -> 511711.59 | F148: =IF(AND(ISNUMBER(D148),ISNUMBER(E148)), D148-E148, "") -> -46044.59 | G148: =IFERROR(F148/E148, "") -> -0.089981527 | H148: =SUM('1st Qtr'!H148+'2nd Qtr'!H148+'3rd Qtr'!H148+'4th Qtr'!H148) -> 484125.64 | I148: =SUM('1st Qtr'!I148, '2nd Qtr'!I148, '3rd Qtr'!I148, '4th Qtr'!I148) -> -18458.64 | J148: =IFERROR(I148/H148, "") -> -0.038127788
A149: Svenski | B149: NY | C149: =Sites[[#This Row],[SOL'#]] -> SOL-10894 | D149: =SUM('1st Qtr'!D149, '2nd Qtr'!D149, '3rd Qtr'!D149, '4th Qtr'!D149) -> 300639 | E149: =SUM('1st Qtr'!E149, '2nd Qtr'!E149, '3rd Qtr'!E149, '4th Qtr'!E149) -> 0 | F149: =IF(AND(ISNUMBER(D149),ISNUMBER(E149)), D149-E149, "") -> 300639 | G149: =IFERROR(F149/E149, "") | H149: =SUM('1st Qtr'!H149+'2nd Qtr'!H149+'3rd Qtr'!H149+'4th Qtr'!H149) -> 382839.93 | I149: =SUM('1st Qtr'!I149, '2nd Qtr'!I149, '3rd Qtr'!I149, '4th Qtr'!I149) -> -82200.93 | J149: =IFERROR(I149/H149, "") -> -0.21471357
A150: Bantam | B150: NY | C150: =Sites[[#This Row],[SOL'#]] -> SOL-10986 | D150: =SUM('1st Qtr'!D150, '2nd Qtr'!D150, '3rd Qtr'!D150, '4th Qtr'!D150) -> 179360 | E150: =SUM('1st Qtr'!E150, '2nd Qtr'!E150, '3rd Qtr'!E150, '4th Qtr'!E150) -> 0 | F150: =IF(AND(ISNUMBER(D150),ISNUMBER(E150)), D150-E150, "") -> 179360 | G150: =IFERROR(F150/E150, "") | H150: =SUM('1st Qtr'!H150+'2nd Qtr'!H150+'3rd Qtr'!H150+'4th Qtr'!H150) -> 574351.3 | I150: =SUM('1st Qtr'!I150, '2nd Qtr'!I150, '3rd Qtr'!I150, '4th Qtr'!I150) -> -501581.3 | J150: =IFERROR(I150/H150, "") -> -0.87330054
A151: Bogart | B151: NY | C151: =Sites[[#This Row],[SOL'#]] -> SOL-10887 | D151: =SUM('1st Qtr'!D151, '2nd Qtr'!D151, '3rd Qtr'!D151, '4th Qtr'!D151) -> 375590 | E151: =SUM('1st Qtr'!E151, '2nd Qtr'!E151, '3rd Qtr'!E151, '4th Qtr'!E151) -> 458994.12 | F151: =IF(AND(ISNUMBER(D151),ISNUMBER(E151)), D151-E151, "") -> -83404.119 | G151: =IFERROR(F151/E151, "") -> -0.18171065 | H151: =SUM('1st Qtr'!H151+'2nd Qtr'!H151+'3rd Qtr'!H151+'4th Qtr'!H151) -> 395223.1 | I151: =SUM('1st Qtr'!I151, '2nd Qtr'!I151, '3rd Qtr'!I151, '4th Qtr'!I151) -> -19633.1 | J151: =IFERROR(I151/H151, "") -> -0.049675993
A152: Dubois | B152: NY | C152: =Sites[[#This Row],[SOL'#]] -> SOL-10892 | D152: =SUM('1st Qtr'!D152, '2nd Qtr'!D152, '3rd Qtr'!D152, '4th Qtr'!D152) -> 302008.49 | E152: =SUM('1st Qtr'!E152, '2nd Qtr'!E152, '3rd Qtr'!E152, '4th Qtr'!E152) -> 0 | F152: =IF(AND(ISNUMBER(D152),ISNUMBER(E152)), D152-E152, "") -> 302008.49 | G152: =IFERROR(F152/E152, "") | H152: =SUM('1st Qtr'!H152+'2nd Qtr'!H152+'3rd Qtr'!H152+'4th Qtr'!H152) -> 0 | I152: =SUM('1st Qtr'!I152, '2nd Qtr'!I152, '3rd Qtr'!I152, '4th Qtr'!I152) -> 0 | J152: =IFERROR(I152/H152, "")
... A195: O'Brien Hill #2 | B195: NY | C195: =Sites[[#This Row],[SOL'#]] -> SOL-11099 | D195: =SUM('1st Qtr'!D195, '2nd Qtr'!D195, '3rd Qtr'!D195, '4th Qtr'!D195) -> 679007 | E195: =SUM('1st Qtr'!E195, '2nd Qtr'!E195, '3rd Qtr'!E195, '4th Qtr'!E195) -> 0 | F195: =IF(AND(ISNUMBER(D195),ISNUMBER(E195)), D195-E195, "") -> 679007 | G195: =IFERROR(F195/E195, "") | H195: =SUM('1st Qtr'!H195+'2nd Qtr'!H195+'3rd Qtr'!H195+'4th Qtr'!H195) -> 0 | I195: =SUM('1st Qtr'!I195, '2nd Qtr'!I195, '3rd Qtr'!I195, '4th Qtr'!I195) -> 679007 | J195: =IFERROR(I195/H195, "")
A196: Trinity - Freeport | B196: IL
A197: Ransom | B197: NY
A198: Horseheads - Wedge | B198: NY
A199: Otisville - Shoddy Hollow | B199: NY
A200: Wellsville - Chenunda Creek | B200: NY

Sheet 1st Qtr
A1: {=portfolio} -> Generate Capital | E1: 1st Quarter Actual v. Expected | H1: 1st Quarter Actual v. Forecasted
A2: Total | D2: =SUM(D4:D238) -> 36184982 | E2: =SUM(E4:E138) -> 11083899 | F2: =D2-E2 -> 25101083 | G2: =IFERROR(F2/E2, 0) -> 2.2646438 | H2: =SUM(H4:H238) -> 44326916 | I2: =D2-H2 -> -8141933.2 | J2: =IFERROR(I2/H2, 0) -> -0.18367922
A3: Site | B3: State | C3: SOL# | D3: Actual | E3: Expected | F3: Delta | G3: % | H3: Forecasted | I3: Delta | J3: %
A4: {=Sites[Site]} -> Farmer | B4: {=Sites[State]} -> AZ | C4: =Sites[[#This Row],[SOL'#]] -> SOL-10748 | D4: =SUM(Jan!D4, Feb!D4, Mar!D4) -> 20596.299 | E4: =SUM(Jan!E4, Feb!E4, Mar!E4) -> 15241.424 | F4: =IF(AND(ISNUMBER(D4),ISNUMBER(E4)), D4-E4, "") -> 5354.8755 | G4: =IFERROR(F4/E4, "") -> 0.35133695 | H4: =SUM(Jan!H4, Feb!H4, Mar!H4) -> 18595.628 | I4: =SUM(Jan!I4, Feb!I4, Mar!I4) -> 2000.6715 | J4: =IFERROR(I4/H4, "") -> 0.10758827
A5: Fulton | B5: AZ | C5: =Sites[[#This Row],[SOL'#]] -> SOL-10749 | D5: =SUM(Jan!D5, Feb!D5, Mar!D5) -> 57128.5 | E5: =SUM(Jan!E5, Feb!E5, Mar!E5) -> 75239.48 | F5: =IF(AND(ISNUMBER(D5),ISNUMBER(E5)), D5-E5, "") -> -18110.98 | G5: =IFERROR(F5/E5, "") -> -0.24071113 | H5: =SUM(Jan!H5, Feb!H5, Mar!H5) -> 74528.36 | I5: =SUM(Jan!I5, Feb!I5, Mar!I5) -> -17399.86 | J5: =IFERROR(I5/H5, "") -> -0.23346629
A6: JFK Elementary | B6: AZ | C6: =Sites[[#This Row],[SOL'#]] -> SOL-10758 | D6: =SUM(Jan!D6, Feb!D6, Mar!D6) -> 34707.198 | E6: =SUM(Jan!E6, Feb!E6, Mar!E6) -> 0 | F6: =IF(AND(ISNUMBER(D6),ISNUMBER(E6)), D6-E6, "") -> 34707.198 | G6: =IFERROR(F6/E6, "") | H6: =SUM(Jan!H6, Feb!H6, Mar!H6) -> 30463 | I6: =SUM(Jan!I6, Feb!I6, Mar!I6) -> 4244.198 | J6: =IFERROR(I6/H6, "") -> 0.13932305
A7: Noble | B7: AZ | C7: =Sites[[#This Row],[SOL'#]] -> SOL-10750 | D7: =SUM(Jan!D7, Feb!D7, Mar!D7) -> 19862.485 | E7: =SUM(Jan!E7, Feb!E7, Mar!E7) -> 25711.63 | F7: =IF(AND(ISNUMBER(D7),ISNUMBER(E7)), D7-E7, "") -> -5849.1445 | G7: =IFERROR(F7/E7, "") -> -0.22749023 | H7: =SUM(Jan!H7, Feb!H7, Mar!H7) -> 20305.238 | I7: =SUM(Jan!I7, Feb!I7, Mar!I7) -> -442.75251 | J7: =IFERROR(I7/H7, "") -> -0.021804842
A8: Parking 3 | B8: AZ | C8: =Sites[[#This Row],[SOL'#]] -> SOL-10751 | D8: =SUM(Jan!D8, Feb!D8, Mar!D8) -> 52632.387 | E8: =SUM(Jan!E8, Feb!E8, Mar!E8) -> 36461.69 | F8: =IF(AND(ISNUMBER(D8),ISNUMBER(E8)), D8-E8, "") -> 16170.697 | G8: =IFERROR(F8/E8, "") -> 0.4434983 | H8: =SUM(Jan!H8, Feb!H8, Mar!H8) -> 45223.83 | I8: =SUM(Jan!I8, Feb!I8, Mar!I8) -> 7408.5575 | J8: =IFERROR(I8/H8, "") -> 0.16381977
A9: PE East | B9: AZ | C9: =Sites[[#This Row],[SOL'#]] -> SOL-10752 | D9: =SUM(Jan!D9, Feb!D9, Mar!D9) -> 45253.447 | E9: =SUM(Jan!E9, Feb!E9, Mar!E9) -> 28727.75 | F9: =IF(AND(ISNUMBER(D9),ISNUMBER(E9)), D9-E9, "") -> 16525.697 | G9: =IFERROR(F9/E9, "") -> 0.57525205 | H9: =SUM(Jan!H9, Feb!H9, Mar!H9) -> 45859.64 | I9: =SUM(Jan!I9, Feb!I9, Mar!I9) -> -606.19288 | J9: =IFERROR(I9/H9, "") -> -0.01321844
A10: Schwada | B10: AZ | C10: =Sites[[#This Row],[SOL'#]] -> SOL-10753 | D10: =SUM(Jan!D10, Feb!D10, Mar!D10) -> 20748.02 | E10: =SUM(Jan!E10, Feb!E10, Mar!E10) -> 11827.436 | F10: =IF(AND(ISNUMBER(D10),ISNUMBER(E10)), D10-E10, "") -> 8920.584 | G10: =IFERROR(F10/E10, "") -> 0.75422805 | H10: =SUM(Jan!H10, Feb!H10, Mar!H10) -> 20246 | I10: =SUM(Jan!I10, Feb!I10, Mar!I10) -> 502.02 | J10: =IFERROR(I10/H10, "") -> 0.024796009
A11: Starshine | B11: AZ | C11: =Sites[[#This Row],[SOL'#]] -> SOL-10757 | D11: =SUM(Jan!D11, Feb!D11, Mar!D11) -> 10857.091 | E11: =SUM(Jan!E11, Feb!E11, Mar!E11) -> 0 | F11: =IF(AND(ISNUMBER(D11),ISNUMBER(E11)), D11-E11, "") -> 10857.091 | G11: =IFERROR(F11/E11, "") | H11: =SUM(Jan!H11, Feb!H11, Mar!H11) -> 11996 | I11: =SUM(Jan!I11, Feb!I11, Mar!I11) -> -1138.9093 | J11: =IFERROR(I11/H11, "") -> -0.094940753
A12: Yuma Airport | B12: AZ | C12: =Sites[[#This Row],[SOL'#]] -> SOL-10754 | D12: =SUM(Jan!D12, Feb!D12, Mar!D12) -> 119103 | E12: =SUM(Jan!E12, Feb!E12, Mar!E12) -> 154498.15 | F12: =IF(AND(ISNUMBER(D12),ISNUMBER(E12)), D12-E12, "") -> -35395.15 | G12: =IFERROR(F12/E12, "") -> -0.22909757 | H12: =SUM(Jan!H12, Feb!H12, Mar!H12) -> 122174 | I12: =SUM(Jan!I12, Feb!I12, Mar!I12) -> -3071 | J12: =IFERROR(I12/H12, "") -> -0.025136281
A13: Kinsman | B13: OH | C13: =Sites[[#This Row],[SOL'#]] -> SOL-10762 | D13: =SUM(Jan!D13, Feb!D13, Mar!D13) -> 50758.688 | E13: =SUM(Jan!E13, Feb!E13, Mar!E13) -> 113273.04 | F13: =IF(AND(ISNUMBER(D13),ISNUMBER(E13)), D13-E13, "") -> -62514.353 | G13: =IFERROR(F13/E13, "") -> -0.55189083 | H13: =SUM(Jan!H13, Feb!H13, Mar!H13) -> 114870 | I13: =SUM(Jan!I13, Feb!I13, Mar!I13) -> -64111.312 | J13: =IFERROR(I13/H13, "") -> -0.55812059
A14: Wooster | B14: OH | C14: =Sites[[#This Row],[SOL'#]] -> SOL-10763 | D14: =SUM(Jan!D14, Feb!D14, Mar!D14) -> 14987 | E14: =SUM(Jan!E14, Feb!E14, Mar!E14) -> 0 | F14: =IF(AND(ISNUMBER(D14),ISNUMBER(E14)), D14-E14, "") -> 14987 | G14: =IFERROR(F14/E14, "") | H14: =SUM(Jan!H14, Feb!H14, Mar!H14) -> 25006 | I14: =SUM(Jan!I14, Feb!I14, Mar!I14) -> -10019 | J14: =IFERROR(I14/H14, "") -> -0.40066384
A15: Globe Gila CC | B15: AZ | C15: =Sites[[#This Row],[SOL'#]] -> SOL-10755 | D15: =SUM(Jan!D15, Feb!D15, Mar!D15) -> 25524.33 | E15: =SUM(Jan!E15, Feb!E15, Mar!E15) -> 0 | F15: =IF(AND(ISNUMBER(D15),ISNUMBER(E15)), D15-E15, "") -> 25524.33 | G15: =IFERROR(F15/E15, "") | H15: =SUM(Jan!H15, Feb!H15, Mar!H15) -> 21672 | I15: =SUM(Jan!I15, Feb!I15, Mar!I15) -> 3852.3303 | J15: =IFERROR(I15/H15, "") -> 0.1777561
A16: Payson Gila CC | B16: AZ | C16: =Sites[[#This Row],[SOL'#]] -> SOL-10756 | D16: =SUM(Jan!D16, Feb!D16, Mar!D16) -> 18140.739 | E16: =SUM(Jan!E16, Feb!E16, Mar!E16) -> 8276.633 | F16: =IF(AND(ISNUMBER(D16),ISNUMBER(E16)), D16-E16, "") -> 9864.1058 | G16: =IFERROR(F16/E16, "") -> 1.1918018 | H16: =SUM(Jan!H16, Feb!H16, Mar!H16) -> 16910 | I16: =SUM(Jan!I16, Feb!I16, Mar!I16) -> 1230.7388 | J16: =IFERROR(I16/H16, "") -> 0.072781718
... A63: X024 | B63: NY | C63: =Sites[[#This Row],[SOL'#]] -> SOL-10419 | D63: =SUM(Jan!D63, Feb!D63, Mar!D63) -> 21164.125 | E63: =SUM(Jan!E63, Feb!E63, Mar!E63) -> 32847.53 | F63: =IF(AND(ISNUMBER(D63),ISNUMBER(E63)), D63-E63, "") -> -11683.405 | G63: =IFERROR(F63/E63, "") -> -0.35568595 | H63: =SUM(Jan!H63, Feb!H63, Mar!H63) -> 20185 | I63: =SUM(Jan!I63, Feb!I63, Mar!I63) -> 979.125 | J63: =IFERROR(I63/H63, "") -> 0.048507555
A64: X026 | B64: NY | C64: =Sites[[#This Row],[SOL'#]] -> SOL-10420 | D64: =SUM(Jan!D65, Feb!D64, Mar!D64) -> 18474.694 | E64: =SUM(Jan!E64, Feb!E64, Mar!E64) -> 25086.2 | F64: =IF(AND(ISNUMBER(D64),ISNUMBER(E64)), D64-E64, "") -> -6611.5063 | G64: =IFERROR(F64/E64, "") -> -0.26355152 | H64: =SUM(Jan!H64, Feb!H64, Mar!H64) -> 26320.25 | I64: =SUM(Jan!I64, Feb!I64, Mar!I64) -> -8932.35 | J64: =IFERROR(I64/H64, "") -> -0.33937178
A65: X090 | B65: NY | C65: =Sites[[#This Row],[SOL'#]] -> SOL-10925 | D65: =SUM(Jan!D65, Feb!D65, Mar!D65) -> 18352.969 | E65: =SUM(Jan!E65, Feb!E65, Mar!E65) -> 15767.785 | F65: =IF(AND(ISNUMBER(D65),ISNUMBER(E65)), D65-E65, "") -> 2585.1838 | G65: =IFERROR(F65/E65, "") -> 0.16395351 | H65: =SUM(Jan!H65, Feb!H65, Mar!H65) -> 17306 | I65: =SUM(Jan!I65, Feb!I65, Mar!I65) -> 1046.9688 | J65: =IFERROR(I65/H65, "") -> 0.060497443
A66: X117 | B66: NY | C66: =Sites[[#This Row],[SOL'#]] -> SOL-10422 | D66: =SUM(Jan!D66, Feb!D66, Mar!D66) -> 13593.7 | E66: =SUM(Jan!E66, Feb!E66, Mar!E66) -> 21112.797 | F66: =IF(AND(ISNUMBER(D66),ISNUMBER(E66)), D66-E66, "") -> -7519.097 | G66: =IFERROR(F66/E66, "") -> -0.35613931 | H66: =SUM(Jan!H66, Feb!H66, Mar!H66) -> 15200.449 | I66: =SUM(Jan!I66, Feb!I66, Mar!I66) -> -1606.749 | J66: =IFERROR(I66/H66, "") -> -0.10570405
A67: X125 | B67: NY | C67: =Sites[[#This Row],[SOL'#]] -> SOL-10423 | D67: =SUM(Jan!D67, Feb!D67, Mar!D67) -> 27862.875 | E67: =SUM(Jan!E67, Feb!E67, Mar!E67) -> 35839.7 | F67: =IF(AND(ISNUMBER(D67),ISNUMBER(E67)), D67-E67, "") -> -7976.825 | G67: =IFERROR(F67/E67, "") -> -0.22256952 | H67: =SUM(Jan!H67, Feb!H67, Mar!H67) -> 27441.48 | I67: =SUM(Jan!I67, Feb!I67, Mar!I67) -> 421.395 | J67: =IFERROR(I67/H67, "") -> 0.015356132
A68: X134 | B68: NY | C68: =Sites[[#This Row],[SOL'#]] -> SOL-10424 | D68: =SUM(Jan!D68, Feb!D68, Mar!D68) -> 25520.719 | E68: =SUM(Jan!E68, Feb!E68, Mar!E68) -> 0 | F68: =IF(AND(ISNUMBER(D68),ISNUMBER(E68)), D68-E68, "") -> 25520.719 | G68: =IFERROR(F68/E68, "") | H68: =SUM(Jan!H68, Feb!H68, Mar!H68) -> 25319 | I68: =SUM(Jan!I68, Feb!I68, Mar!I68) -> 201.71875 | J68: =IFERROR(I68/H68, "") -> 0.0079670899
A69: X135 | B69: NY | C69: =Sites[[#This Row],[SOL'#]] -> SOL-10425 | D69: =SUM(Jan!D69, Feb!D69, Mar!D69) -> 22640.875 | E69: =SUM(Jan!E69, Feb!E69, Mar!E69) -> 30416.89 | F69: =IF(AND(ISNUMBER(D69),ISNUMBER(E69)), D69-E69, "") -> -7776.015 | G69: =IFERROR(F69/E69, "") -> -0.25564793 | H69: =SUM(Jan!H69, Feb!H69, Mar!H69) -> 22942 | I69: =SUM(Jan!I69, Feb!I69, Mar!I69) -> -301.125 | J69: =IFERROR(I69/H69, "") -> -0.01312549
A70: X139 JHS 222 | B70: NY | C70: =Sites[[#This Row],[SOL'#]] -> SOL-10426 | D70: =SUM(Jan!D70, Feb!D70, Mar!D70) -> 31836.042 | E70: =SUM(Jan!E70, Feb!E70, Mar!E70) -> 38745.4 | F70: =IF(AND(ISNUMBER(D70),ISNUMBER(E70)), D70-E70, "") -> -6909.3577 | G70: =IFERROR(F70/E70, "") -> -0.17832717 | H70: =SUM(Jan!H70, Feb!H70, Mar!H70) -> 30060 | I70: =SUM(Jan!I70, Feb!I70, Mar!I70) -> 1776.0423 | J70: =IFERROR(I70/H70, "") -> 0.059083243
A71: X140 | B71: NY | C71: =Sites[[#This Row],[SOL'#]] -> SOL-10926 | D71: =SUM(Jan!D71, Feb!D71, Mar!D71) -> 20066.062 | E71: =SUM(Jan!E71, Feb!E71, Mar!E71) -> 19323.734 | F71: =IF(AND(ISNUMBER(D71),ISNUMBER(E71)), D71-E71, "") -> 742.3285 | G71: =IFERROR(F71/E71, "") -> 0.038415376 | H71: =SUM(Jan!H71, Feb!H71, Mar!H71) -> 19179 | I71: =SUM(Jan!I71, Feb!I71, Mar!I71) -> 887.0625 | J71: =IFERROR(I71/H71, "") -> 0.04625176
A72: X166 | B72: NY | C72: =Sites[[#This Row],[SOL'#]] -> SOL-10427 | D72: =SUM(Jan!D72, Feb!D72, Mar!D72) -> 19802.7 | E72: =SUM(Jan!E72, Feb!E72, Mar!E72) -> 27535.22 | F72: =IF(AND(ISNUMBER(D72),ISNUMBER(E72)), D72-E72, "") -> -7732.52 | G72: =IFERROR(F72/E72, "") -> -0.28082289 | H72: =SUM(Jan!H72, Feb!H72, Mar!H72) -> 18312 | I72: =SUM(Jan!I72, Feb!I72, Mar!I72) -> 1490.7 | J72: =IFERROR(I72/H72, "") -> 0.081405636
A73: Murphy | B73: MN | C73: =Sites[[#This Row],[SOL'#]] -> SOL-10094 | D73: =SUM(Jan!D73, Feb!D73, Mar!D73) -> 972550 | E73: =SUM(Jan!E73, Feb!E73, Mar!E73) -> 1403405.5 | F73: =IF(AND(ISNUMBER(D73),ISNUMBER(E73)), D73-E73, "") -> -430855.5 | G73: =IFERROR(F73/E73, "") -> -0.30700713 | H73: =SUM(Jan!H73, Feb!H73, Mar!H73) -> 1182420.3 | I73: =SUM(Jan!I73, Feb!I73, Mar!I73) -> -209870.3 | J73: =IFERROR(I73/H73, "") -> -0.17749213
A74: Terning | B74: MN | C74: =Sites[[#This Row],[SOL'#]] -> SOL-10093 | D74: =SUM(Jan!D74, Feb!D74, Mar!D74) -> 876363 | E74: =SUM(Jan!E74, Feb!E74, Mar!E74) -> 1389458.1 | F74: =IF(AND(ISNUMBER(D74),ISNUMBER(E74)), D74-E74, "") -> -513095.1 | G74: =IFERROR(F74/E74, "") -> -0.36927713 | H74: =SUM(Jan!H74, Feb!H74, Mar!H74) -> 1096712.8 | I74: =SUM(Jan!I74, Feb!I74, Mar!I74) -> -220349.8 | J74: =IFERROR(I74/H74, "") -> -0.20091842
A75: Boas Road 04 | B75: NY | C75: =Sites[[#This Row],[SOL'#]] -> SOL-10908 | D75: =SUM(Jan!D75, Feb!D75, Mar!D75) -> 266506 | E75: =SUM(Jan!E75, Feb!E75, Mar!E75) -> 431942.94 | F75: =IF(AND(ISNUMBER(D75),ISNUMBER(E75)), D75-E75, "") -> -165436.94 | G75: =IFERROR(F75/E75, "") -> -0.38300647 | H75: =SUM(Jan!H75, Feb!H75, Mar!H75) -> 376445.96 | I75: =SUM(Jan!I75, Feb!I75, Mar!I75) -> -109939.96 | J75: =IFERROR(I75/H75, "") -> -0.29204712
A76: Kelly Bridge Farm | B76: NY | C76: =Sites[[#This Row],[SOL'#]] -> SOL-10911 | D76: =SUM(Jan!D76, Feb!D76, Mar!D76) -> 235022 | E76: =SUM(Jan!E76, Feb!E76, Mar!E76) -> 414631.51 | F76: =IF(AND(ISNUMBER(D76),ISNUMBER(E76)), D76-E76, "") -> -179609.51 | G76: =IFERROR(F76/E76, "") -> -0.43317862 | H76: =SUM(Jan!H76, Feb!H76, Mar!H76) -> 354015.2 | I76: =SUM(Jan!I76, Feb!I76, Mar!I76) -> -118993.2 | J76: =IFERROR(I76/H76, "") -> -0.33612455
... A123: Bird in Hand | B123: MD | C123: =Sites[[#This Row],[SOL'#]] -> SOL-10092 | D123: =SUM(Jan!D123, Feb!D123, Mar!D123) -> 214303 | E123: =SUM(Jan!E123, Feb!E123, Mar!E123) -> 243641.1 | F123: =IF(AND(ISNUMBER(D123),ISNUMBER(E123)), D123-E123, "") -> -29338.1 | G123: =IFERROR(F123/E123, "") -> -0.12041523 | H123: =SUM(Jan!H123, Feb!H123, Mar!H123) -> 182082.81 | I123: =SUM(Jan!I123, Feb!I123, Mar!I123) -> 32220.19 | J123: =IFERROR(I123/H123, "") -> 0.1769535
A124: Shortal | B124: MD | C124: =Sites[[#This Row],[SOL'#]] -> SOL-10091 | D124: =SUM(Jan!D124, Feb!D125, Mar!D124) -> 115755 | E124: =SUM(Jan!E124, Feb!E124, Mar!E124) -> 173008.45 | F124: =IF(AND(ISNUMBER(D124),ISNUMBER(E124)), D124-E124, "") -> -57253.45 | G124: =IFERROR(F124/E124, "") -> -0.33092863 | H124: =SUM(Jan!H124, Feb!H124, Mar!H124) -> 267045.6 | I124: =SUM(Jan!I124, Feb!I124, Mar!I124) -> -151290.6 | J124: =IFERROR(I124/H124, "") -> -0.5665347
A125: Aguadilla | B125: PR | C125: =Sites[[#This Row],[SOL'#]] -> SOL-10072 | D125: =SUM(Jan!D125, Feb!D125, Mar!D125) -> 26593 | E125: =SUM(Jan!E125, Feb!E125, Mar!E125) -> 31201.53 | F125: =IF(AND(ISNUMBER(D125),ISNUMBER(E125)), D125-E125, "") -> -4608.53 | G125: =IFERROR(F125/E125, "") -> -0.14770205 | H125: =SUM(Jan!H125, Feb!H125, Mar!H125) -> 35161 | I125: =SUM(Jan!I125, Feb!I125, Mar!I125) -> -8568 | J125: =IFERROR(I125/H125, "") -> -0.24367908
A126: Bayamon | B126: PR | C126: =Sites[[#This Row],[SOL'#]] -> SOL-10073 | D126: =SUM(Jan!D126, Feb!D126, Mar!D126) -> 99947 | E126: =SUM(Jan!E126, Feb!E126, Mar!E126) -> 123259.5 | F126: =IF(AND(ISNUMBER(D126),ISNUMBER(E126)), D126-E126, "") -> -23312.5 | G126: =IFERROR(F126/E126, "") -> -0.18913349 | H126: =SUM(Jan!H126, Feb!H126, Mar!H126) -> 139016 | I126: =SUM(Jan!I126, Feb!I126, Mar!I126) -> -39069 | J126: =IFERROR(I126/H126, "") -> -0.28103959
A127: St Francis | B127: PR | C127: =Sites[[#This Row],[SOL'#]] -> SOL-10034 | D127: =SUM(Jan!D127, Feb!D127, Mar!D127) -> 35492.75 | E127: =SUM(Jan!E127, Feb!E127, Mar!E127) -> 72649 | F127: =IF(AND(ISNUMBER(D127),ISNUMBER(E127)), D127-E127, "") -> -37156.25 | G127: =IFERROR(F127/E127, "") -> -0.51144888 | H127: =SUM(Jan!H127, Feb!H127, Mar!H127) -> 66619 | I127: =SUM(Jan!I127, Feb!I127, Mar!I127) -> -31126.25 | J127: =IFERROR(I127/H127, "") -> -0.46722782
A128: Seaport | B128: MA | C128: =Sites[[#This Row],[SOL'#]] -> SOL-10772 | D128: =SUM(Jan!D128, Feb!D128, Mar!D128) -> 51453.5 | E128: =SUM(Jan!E128, Feb!E128, Mar!E128) -> 1797.3565 | F128: =IF(AND(ISNUMBER(D128),ISNUMBER(E128)), D128-E128, "") -> 49656.143 | G128: =IFERROR(F128/E128, "") -> 27.62732 | H128: =SUM(Jan!H128, Feb!H128, Mar!H128) -> 57498.41 | I128: =SUM(Jan!I128, Feb!I128, Mar!I128) -> -6044.91 | J128: =IFERROR(I128/H128, "") -> -0.10513178
A129: Sprague St | B129: MA | C129: =Sites[[#This Row],[SOL'#]] -> SOL-10773 | D129: =SUM(Jan!D129, Feb!D129, Mar!D129) -> 98861 | E129: =SUM(Jan!E129, Feb!E129, Mar!E129) -> 154465.14 | F129: =IF(AND(ISNUMBER(D129),ISNUMBER(E129)), D129-E129, "") -> -55604.14 | G129: =IFERROR(F129/E129, "") -> -0.35997857 | H129: =SUM(Jan!H129, Feb!H129, Mar!H129) -> 120158.58 | I129: =SUM(Jan!I129, Feb!I129, Mar!I129) -> -21297.58 | J129: =IFERROR(I129/H129, "") -> -0.1772456
A130: Summer St | B130: MA | C130: =Sites[[#This Row],[SOL'#]] -> SOL-10764 | D130: =SUM(Jan!D130, Feb!D130, Mar!D130) -> 242424 | E130: =SUM(Jan!E130, Feb!E130, Mar!E130) -> 327994.5 | F130: =IF(AND(ISNUMBER(D130),ISNUMBER(E130)), D130-E130, "") -> -85570.5 | G130: =IFERROR(F130/E130, "") -> -0.26089005 | H130: =SUM(Jan!H130, Feb!H130, Mar!H130) -> 292189.9 | I130: =SUM(Jan!I130, Feb!I130, Mar!I130) -> -49765.9 | J130: =IFERROR(I130/H130, "") -> -0.1703204
A131: Brock St Vocational | B131: NH | C131: =Sites[[#This Row],[SOL'#]] -> SOL-10768 | D131: =SUM(Jan!D131, Feb!D131, Mar!D131) -> 2937.8792 | E131: =SUM(Jan!E131, Feb!E131, Mar!E131) -> 10561.221 | F131: =IF(AND(ISNUMBER(D131),ISNUMBER(E131)), D131-E131, "") -> -7623.3418 | G131: =IFERROR(F131/E131, "") -> -0.7218239 | H131: =SUM(Jan!H131, Feb!H131, Mar!H131) -> 10594.157 | I131: =SUM(Jan!I131, Feb!I131, Mar!I131) -> -7656.2778 | J131: =IFERROR(I131/H131, "") -> -0.72268872
A132: McClelland ES | B132: NH | C132: =Sites[[#This Row],[SOL'#]] -> SOL-10766 | D132: =SUM(Jan!D132, Feb!D132, Mar!D132) -> 3996.7186 | E132: =SUM(Jan!E132, Feb!E132, Mar!E132) -> 14026.048 | F132: =IF(AND(ISNUMBER(D132),ISNUMBER(E132)), D132-E132, "") -> -10029.329 | G132: =IFERROR(F132/E132, "") -> -0.71505027 | H132: =SUM(Jan!H132, Feb!H132, Mar!H132) -> 7871.903 | I132: =SUM(Jan!I132, Feb!I132, Mar!I132) -> -3875.1844 | J132: =IFERROR(I132/H132, "") -> -0.49228051
A133: Portland St | B133: NH | C133: =Sites[[#This Row],[SOL'#]] -> SOL-10771 | D133: =SUM(Jan!D133, Feb!D133, Mar!D133) -> 2430.065 | E133: =SUM(Jan!E133, Feb!E133, Mar!E133) -> 6943.246 | F133: =IF(AND(ISNUMBER(D133),ISNUMBER(E133)), D133-E133, "") -> -4513.181 | G133: =IFERROR(F133/E133, "") -> -0.65001024 | H133: =SUM(Jan!H133, Feb!H133, Mar!H133) -> 9513.04 | I133: =SUM(Jan!I133, Feb!I133, Mar!I133) -> -7082.975 | J133: =IFERROR(I133/H133, "") -> -0.74455432
A134: Portsmouth HS | B134: NH | C134: =Sites[[#This Row],[SOL'#]] -> SOL-10769 | D134: =SUM(Jan!D134, Feb!D134, Mar!D134) -> 12001.375 | E134: =SUM(Jan!E134, Feb!E134, Mar!E134) -> 5673.085 | F134: =IF(AND(ISNUMBER(D134),ISNUMBER(E134)), D134-E134, "") -> 6328.29 | G134: =IFERROR(F134/E134, "") -> 1.1154936 | H134: =SUM(Jan!H134, Feb!H134, Mar!H134) -> 36720 | I134: =SUM(Jan!I134, Feb!I134, Mar!I134) -> -24718.625 | J134: =IFERROR(I134/H134, "") -> -0.67316517
A135: Portsmouth WTP | B135: NH | C135: =Sites[[#This Row],[SOL'#]] -> SOL-10770 | D135: =SUM(Jan!D135, Feb!D135, Mar!D135) -> 4993.5 | E135: =SUM(Jan!E135, Feb!E135, Mar!E135) -> 7501.592 | F135: =IF(AND(ISNUMBER(D135),ISNUMBER(E135)), D135-E135, "") -> -2508.092 | G135: =IFERROR(F135/E135, "") -> -0.3343413 | H135: =SUM(Jan!H135, Feb!H135, Mar!H135) -> 29736.65 | I135: =SUM(Jan!I135, Feb!I135, Mar!I135) -> -24743.15 | J135: =IFERROR(I135/H135, "") -> -0.83207591
A136: Rochester St | B136: NH | C136: =Sites[[#This Row],[SOL'#]] -> SOL-10765 | D136: =SUM(Jan!D136, Feb!D136, Mar!D136) -> 9603.1222 | E136: =SUM(Jan!E136, Feb!E136, Mar!E136) -> 42446.05 | F136: =IF(AND(ISNUMBER(D136),ISNUMBER(E136)), D136-E136, "") -> -32842.928 | G136: =IFERROR(F136/E136, "") -> -0.77375699 | H136: =SUM(Jan!H136, Feb!H136, Mar!H136) -> 25103.06 | I136: =SUM(Jan!I136, Feb!I136, Mar!I136) -> -15499.938 | J136: =IFERROR(I136/H136, "") -> -0.61745213
... A195: O'Brien Hill #2 | B195: NY | C195: =Sites[[#This Row],[SOL'#]] -> SOL-11099 | D195: =SUM(Jan!D195, Feb!D195, Mar!D195) -> 679007 | E195: =SUM(Jan!E195, Feb!E195, Mar!E195) -> 0 | F195: =IF(AND(ISNUMBER(D195),ISNUMBER(E195)), D195-E195, "") -> 679007 | G195: =IFERROR(F195/E195, "") | H195: =SUM(Jan!H195, Feb!H195, Mar!H195) -> 0 | I195: =SUM(Jan!I195, Feb!I195, Mar!I195) -> 679007 | J195: =IFERROR(I195/H195, "")
A196: Trinity - Freeport | B196: IL
A197: Ransom | B197: NY
A198: Horseheads - Wedge | B198: NY
A199: Otisville - Shoddy Hollow | B199: NY
A200: Wellsville - Chenunda Creek | B200: NY

Sheet 2nd Qtr
A1: {=portfolio} -> Generate Capital | E1: 2nd Quarter Actual v. Expected | H1: 2nd Quarter Actual v. Forecasted
A2: Total | D2: =SUM(D4:D200) -> 0 | E2: =SUM(E4:E100) -> 0 | F2: =D2-E2 -> 0 | G2: =IFERROR(F2/E2, 0) -> 0 | H2: =SUM(H4:H200) -> 0 | I2: =D2-H2 -> 0 | J2: =IFERROR(I2/H2, 0) -> 0
A3: Site | B3: State | C3: SOL# | D3: Actual | E3: Expected | F3: Delta | G3: % | H3: Forecasted | I3: Delta | J3: %
A4: {=Sites[Site]} -> Farmer | B4: {=Sites[State]} -> AZ | C4: =Sites[[#This Row],[SOL'#]] -> SOL-10748 | D4: =SUM(Apr!D4, May!D4, Jun!D4) -> 0 | E4: =SUM(Apr!E4, May!E4, Jun!E4) -> 0 | F4: =IF(AND(ISNUMBER(D4),ISNUMBER(E4)), D4-E4, "") -> 0 | G4: =IFERROR(F4/E4, "") | H4: =SUM(Apr!H4, May!H4, Jun!H4) -> 0 | I4: =SUM(Apr!I4, May!I4, Jun!I4) -> 0 | J4: =IFERROR(I4/H4, "")
A5: Fulton | B5: AZ | C5: =Sites[[#This Row],[SOL'#]] -> SOL-10749 | D5: =SUM(Apr!D5, May!D5, Jun!D5) -> 0 | E5: =SUM(Apr!E5, May!E5, Jun!E5) -> 0 | F5: =IF(AND(ISNUMBER(D5),ISNUMBER(E5)), D5-E5, "") -> 0 | G5: =IFERROR(F5/E5, "") | H5: =SUM(Apr!H5, May!H5, Jun!H5) -> 0 | I5: =SUM(Apr!I5, May!I5, Jun!I5) -> 0 | J5: =IFERROR(I5/H5, "")
A6: JFK Elementary | B6: AZ | C6: =Sites[[#This Row],[SOL'#]] -> SOL-10758 | D6: =SUM(Apr!D6, May!D6, Jun!D6) -> 0 | E6: =SUM(Apr!E6, May!E6, Jun!E6) -> 0 | F6: =IF(AND(ISNUMBER(D6),ISNUMBER(E6)), D6-E6, "") -> 0 | G6: =IFERROR(F6/E6, "") | H6: =SUM(Apr!H6, May!H6, Jun!H6) -> 0 | I6: =SUM(Apr!I6, May!I6, Jun!I6) -> 0 | J6: =IFERROR(I6/H6, "")
A7: Noble | B7: AZ | C7: =Sites[[#This Row],[SOL'#]] -> SOL-10750 | D7: =SUM(Apr!D7, May!D7, Jun!D7) -> 0 | E7: =SUM(Apr!E7, May!E7, Jun!E7) -> 0 | F7: =IF(AND(ISNUMBER(D7),ISNUMBER(E7)), D7-E7, "") -> 0 | G7: =IFERROR(F7/E7, "") | H7: =SUM(Apr!H7, May!H7, Jun!H7) -> 0 | I7: =SUM(Apr!I7, May!I7, Jun!I7) -> 0 | J7: =IFERROR(I7/H7, "")
A8: Parking 3 | B8: AZ | C8: =Sites[[#This Row],[SOL'#]] -> SOL-10751 | D8: =SUM(Apr!D8, May!D8, Jun!D8) -> 0 | E8: =SUM(Apr!E8, May!E8, Jun!E8) -> 0 | F8: =IF(AND(ISNUMBER(D8),ISNUMBER(E8)), D8-E8, "") -> 0 | G8: =IFERROR(F8/E8, "") | H8: =SUM(Apr!H8, May!H8, Jun!H8) -> 0 | I8: =SUM(Apr!I8, May!I8, Jun!I8) -> 0 | J8: =IFERROR(I8/H8, "")
A9: PE East | B9: AZ | C9: =Sites[[#This Row],[SOL'#]] -> SOL-10752 | D9: =SUM(Apr!D9, May!D9, Jun!D9) -> 0 | E9: =SUM(Apr!E9, May!E9, Jun!E9) -> 0 | F9: =IF(AND(ISNUMBER(D9),ISNUMBER(E9)), D9-E9, "") -> 0 | G9: =IFERROR(F9/E9, "") | H9: =SUM(Apr!H9, May!H9, Jun!H9) -> 0 | I9: =SUM(Apr!I9, May!I9, Jun!I9) -> 0 | J9: =IFERROR(I9/H9, "")
A10: Schwada | B10: AZ | C10: =Sites[[#This Row],[SOL'#]] -> SOL-10753 | D10: =SUM(Apr!D10, May!D10, Jun!D10) -> 0 | E10: =SUM(Apr!E10, May!E10, Jun!E10) -> 0 | F10: =IF(AND(ISNUMBER(D10),ISNUMBER(E10)), D10-E10, "") -> 0 | G10: =IFERROR(F10/E10, "") | H10: =SUM(Apr!H10, May!H10, Jun!H10) -> 0 | I10: =SUM(Apr!I10, May!I10, Jun!I10) -> 0 | J10: =IFERROR(I10/H10, "")
A11: Starshine | B11: AZ | C11: =Sites[[#This Row],[SOL'#]] -> SOL-10757 | D11: =SUM(Apr!D11, May!D11, Jun!D11) -> 0 | E11: =SUM(Apr!E11, May!E11, Jun!E11) -> 0 | F11: =IF(AND(ISNUMBER(D11),ISNUMBER(E11)), D11-E11, "") -> 0 | G11: =IFERROR(F11/E11, "") | H11: =SUM(Apr!H11, May!H11, Jun!H11) -> 0 | I11: =SUM(Apr!I11, May!I11, Jun!I11) -> 0 | J11: =IFERROR(I11/H11, "")
A12: Yuma Airport | B12: AZ | C12: =Sites[[#This Row],[SOL'#]] -> SOL-10754 | D12: =SUM(Apr!D12, May!D12, Jun!D12) -> 0 | E12: =SUM(Apr!E12, May!E12, Jun!E12) -> 0 | F12: =IF(AND(ISNUMBER(D12),ISNUMBER(E12)), D12-E12, "") -> 0 | G12: =IFERROR(F12/E12, "") | H12: =SUM(Apr!H12, May!H12, Jun!H12) -> 0 | I12: =SUM(Apr!I12, May!I12, Jun!I12) -> 0 | J12: =IFERROR(I12/H12, "")
A13: Kinsman | B13: OH | C13: =Sites[[#This Row],[SOL'#]] -> SOL-10762 | D13: =SUM(Apr!D13, May!D13, Jun!D13) -> 0 | E13: =SUM(Apr!E13, May!E13, Jun!E13) -> 0 | F13: =IF(AND(ISNUMBER(D13),ISNUMBER(E13)), D13-E13, "") -> 0 | G13: =IFERROR(F13/E13, "") | H13: =SUM(Apr!H13, May!H13, Jun!H13) -> 0 | I13: =SUM(Apr!I13, May!I13, Jun!I13) -> 0 | J13: =IFERROR(I13/H13, "")
A14: Wooster | B14: OH | C14: =Sites[[#This Row],[SOL'#]] -> SOL-10763 | D14: =SUM(Apr!D14, May!D14, Jun!D14) -> 0 | E14: =SUM(Apr!E14, May!E14, Jun!E14) -> 0 | F14: =IF(AND(ISNUMBER(D14),ISNUMBER(E14)), D14-E14, "") -> 0 | G14: =IFERROR(F14/E14, "") | H14: =SUM(Apr!H14, May!H14, Jun!H14) -> 0 | I14: =SUM(Apr!I14, May!I14, Jun!I14) -> 0 | J14: =IFERROR(I14/H14, "")
A15: Globe Gila CC | B15: AZ | C15: =Sites[[#This Row],[SOL'#]] -> SOL-10755 | D15: =SUM(Apr!D15, May!D15, Jun!D15) -> 0 | E15: =SUM(Apr!E15, May!E15, Jun!E15) -> 0 | F15: =IF(AND(ISNUMBER(D15),ISNUMBER(E15)), D15-E15, "") -> 0 | G15: =IFERROR(F15/E15, "") | H15: =SUM(Apr!H15, May!H15, Jun!H15) -> 0 | I15: =SUM(Apr!I15, May!I15, Jun!I15) -> 0 | J15: =IFERROR(I15/H15, "")
A16: Payson Gila CC | B16: AZ | C16: =Sites[[#This Row],[SOL'#]] -> SOL-10756 | D16: =SUM(Apr!D16, May!D16, Jun!D16) -> 0 | E16: =SUM(Apr!E16, May!E16, Jun!E16) -> 0 | F16: =IF(AND(ISNUMBER(D16),ISNUMBER(E16)), D16-E16, "") -> 0 | G16: =IFERROR(F16/E16, "") | H16: =SUM(Apr!H16, May!H16, Jun!H16) -> 0 | I16: =SUM(Apr!I16, May!I16, Jun!I16) -> 0 | J16: =IFERROR(I16/H16, "")
... A185: BK16 | B185: NY | C185: =Sites[[#This Row],[SOL'#]] -> SOL-11093 | D185: =SUM(Apr!D185, May!D185, Jun!D185) -> 0 | E185: =SUM(Apr!E185, May!E185, Jun!E185) -> 0 | F185: =IF(AND(ISNUMBER(D185),ISNUMBER(E185)), D185-E185, "") -> 0 | G185: =IFERROR(F185/E185, "") | H185: =SUM(Apr!H185, May!H185, Jun!H185) -> 0 | I185: =SUM(Apr!I185, May!I185, Jun!I185) -> 0 | J185: =IFERROR(I185/H185, "")
A186: Trenton - Trenton East | B186: IL | C186: =Sites[[#This Row],[SOL'#]] -> SOL-11060 | D186: =SUM(Apr!D186, May!D186, Jun!D186) -> 0 | E186: =SUM(Apr!E186, May!E186, Jun!E186) -> 0 | F186: =IF(AND(ISNUMBER(D186),ISNUMBER(E186)), D186-E186, "") -> 0 | H186: =SUM(Apr!H186, May!H186, Jun!H186) -> 0 | I186: =SUM(Apr!I186, May!I186, Jun!I186) -> 0
A187: Trenton - Trenton West | B187: IL | C187: =Sites[[#This Row],[SOL'#]] -> SOL-11061 | D187: =SUM(Apr!D187, May!D187, Jun!D187) -> 0 | E187: =SUM(Apr!E187, May!E187, Jun!E187) -> 0 | F187: =IF(AND(ISNUMBER(D187),ISNUMBER(E187)), D187-E187, "") -> 0 | H187: =SUM(Apr!H187, May!H187, Jun!H187) -> 0 | I187: =SUM(Apr!I187, May!I187, Jun!I187) -> 0
A188: Dakota - Dakota Solar 1 | B188: IL | C188: =Sites[[#This Row],[SOL'#]] -> SOL-11113 | D188: =SUM(Apr!D188, May!D188, Jun!D188) -> 0 | E188: =SUM(Apr!E188, May!E188, Jun!E188) -> 0 | F188: =IF(AND(ISNUMBER(D188),ISNUMBER(E188)), D188-E188, "") -> 0 | H188: =SUM(Apr!H188, May!H188, Jun!H188) -> 0 | I188: =SUM(Apr!I188, May!I188, Jun!I188) -> 0
A189: X018 | B189: NY | C189: =Sites[[#This Row],[SOL'#]] -> SOL-10418 | D189: =SUM(Apr!D189, May!D189, Jun!D189) -> 0 | E189: =SUM(Apr!E189, May!E189, Jun!E189) -> 0 | F189: =IF(AND(ISNUMBER(D189),ISNUMBER(E189)), D189-E189, "") -> 0 | H189: =SUM(Apr!H189, May!H189, Jun!H189) -> 0 | I189: =SUM(Apr!I189, May!I189, Jun!I189) -> 0
A190: Janiak Solar | B190: NY | C190: =Sites[[#This Row],[SOL'#]] -> SOL-10898 | D190: =SUM(Apr!D190, May!D190, Jun!D190) -> 0 | E190: =SUM(Apr!E190, May!E190, Jun!E190) -> 0 | F190: =IF(AND(ISNUMBER(D190),ISNUMBER(E190)), D190-E190, "") -> 0 | H190: =SUM(Apr!H190, May!H190, Jun!H190) -> 0 | I190: =SUM(Apr!I190, May!I190, Jun!I190) -> 0
A191: County Route 11B | B191: NY | C191: =Sites[[#This Row],[SOL'#]] -> SOL-10983 | D191: =SUM(Apr!D191, May!D191, Jun!D191) -> 0 | E191: =SUM(Apr!E191, May!E191, Jun!E191) -> 0 | F191: =IF(AND(ISNUMBER(D191),ISNUMBER(E191)), D191-E191, "") -> 0 | H191: =SUM(Apr!H191, May!H191, Jun!H191) -> 0 | I191: =SUM(Apr!I191, May!I191, Jun!I191) -> 0
A192: Barone | B192: NY | C192: =Sites[[#This Row],[SOL'#]] -> SOL-11034 | D192: =SUM(Apr!D192, May!D192, Jun!D192) -> 0 | E192: =SUM(Apr!E192, May!E192, Jun!E192) -> 0 | F192: =IF(AND(ISNUMBER(D192),ISNUMBER(E192)), D192-E192, "") -> 0 | H192: =SUM(Apr!H192, May!H192, Jun!H192) -> 0 | I192: =SUM(Apr!I192, May!I192, Jun!I192) -> 0
A193: Cedarville | B193: IL | C193: =Sites[[#This Row],[SOL'#]] -> SOL-11069 | D193: =SUM(Apr!D193, May!D193, Jun!D193) -> 0 | E193: =SUM(Apr!E193, May!E193, Jun!E193) -> 0 | F193: =IF(AND(ISNUMBER(D193),ISNUMBER(E193)), D193-E193, "") -> 0 | H193: =SUM(Apr!H193, May!H193, Jun!H193) -> 0 | I193: =SUM(Apr!I193, May!I193, Jun!I193) -> 0
A194: O'Brien Hill #1 | B194: NY | C194: =Sites[[#This Row],[SOL'#]] -> SOL-11098 | D194: =SUM(Apr!D194, May!D194, Jun!D194) -> 0 | E194: =SUM(Apr!E194, May!E194, Jun!E194) -> 0 | F194: =IF(AND(ISNUMBER(D194),ISNUMBER(E194)), D194-E194, "") -> 0 | H194: =SUM(Apr!H194, May!H194, Jun!H194) -> 0 | I194: =SUM(Apr!I194, May!I194, Jun!I194) -> 0
A195: O'Brien Hill #2 | B195: NY | C195: =Sites[[#This Row],[SOL'#]] -> SOL-11099 | D195: =SUM(Apr!D195, May!D195, Jun!D195) -> 0 | E195: =SUM(Apr!E195, May!E195, Jun!E195) -> 0 | F195: =IF(AND(ISNUMBER(D195),ISNUMBER(E195)), D195-E195, "") -> 0 | H195: =SUM(Apr!H195, May!H195, Jun!H195) -> 0 | I195: =SUM(Apr!I195, May!I195, Jun!I195) -> 0
A196: Trinity - Freeport | B196: IL
A197: Ransom | B197: NY
A198: Horseheads - Wedge | B198: NY
A199: Otisville - Shoddy Hollow | B199: NY
A200: Wellsville - Chenunda Creek | B200: NY

Sheet 3rd Qtr
A1: {=portfolio} -> Generate Capital | E1: 3rd Quarter Actual v. Expected | H1: 3rd Quarter Actual v. Forecasted
A2: Total | D2: =SUM(D4:D200) -> 0 | E2: =SUM(E4:E100) -> 0 | F2: =D2-E2 -> 0 | G2: =IFERROR(F2/E2, 0) -> 0 | H2: =SUM(H4:H200) -> 0 | I2: =D2-H2 -> 0 | J2: =IFERROR(I2/H2, 0) -> 0
A3: Site | B3: State | C3: SOL# | D3: Actual | E3: Expected | F3: Delta | G3: % | H3: Forecasted | I3: Delta | J3: %
A4: {=Sites[Site]} -> Farmer | B4: {=Sites[State]} -> AZ | C4: =Sites[[#This Row],[SOL'#]] -> SOL-10748 | D4: =SUM(Jul!D4, Aug!D4, Sep!D4) -> 0 | E4: =SUM(Jul!E4, Aug!E4, Sep!E4) -> 0 | F4: =IF(AND(ISNUMBER(D4),ISNUMBER(E4)), D4-E4, "") -> 0 | G4: =IFERROR(F4/E4, "") | H4: =SUM(Jul!H4,Aug!H4,Sep!H4) -> 0 | I4: =SUM(Jul!I4, Aug!I4, Sep!I4) -> 0 | J4: =IFERROR(I4/H4, "")
A5: Fulton | B5: AZ | C5: =Sites[[#This Row],[SOL'#]] -> SOL-10749 | D5: =SUM(Jul!D5, Aug!D5, Sep!D5) -> 0 | E5: =SUM(Jul!E5, Aug!E5, Sep!E5) -> 0 | F5: =IF(AND(ISNUMBER(D5),ISNUMBER(E5)), D5-E5, "") -> 0 | G5: =IFERROR(F5/E5, "") | H5: =SUM(Jul!H5,Aug!H5,Sep!H5) -> 0 | I5: =SUM(Jul!I5, Aug!I5, Sep!I5) -> 0 | J5: =IFERROR(I5/H5, "")
A6: JFK Elementary | B6: AZ | C6: =Sites[[#This Row],[SOL'#]] -> SOL-10758 | D6: =SUM(Jul!D6, Aug!D6, Sep!D6) -> 0 | E6: =SUM(Jul!E6, Aug!E6, Sep!E6) -> 0 | F6: =IF(AND(ISNUMBER(D6),ISNUMBER(E6)), D6-E6, "") -> 0 | G6: =IFERROR(F6/E6, "") | H6: =SUM(Jul!H6,Aug!H6,Sep!H6) -> 0 | I6: =SUM(Jul!I6, Aug!I6, Sep!I6) -> 0 | J6: =IFERROR(I6/H6, "")
A7: Noble | B7: AZ | C7: =Sites[[#This Row],[SOL'#]] -> SOL-10750 | D7: =SUM(Jul!D7, Aug!D7, Sep!D7) -> 0 | E7: =SUM(Jul!E7, Aug!E7, Sep!E7) -> 0 | F7: =IF(AND(ISNUMBER(D7),ISNUMBER(E7)), D7-E7, "") -> 0 | G7: =IFERROR(F7/E7, "") | H7: =SUM(Jul!H7,Aug!H7,Sep!H7) -> 0 | I7: =SUM(Jul!I7, Aug!I7, Sep!I7) -> 0 | J7: =IFERROR(I7/H7, "")
A8: Parking 3 | B8: AZ | C8: =Sites[[#This Row],[SOL'#]] -> SOL-10751 | D8: =SUM(Jul!D8, Aug!D8, Sep!D8) -> 0 | E8: =SUM(Jul!E8, Aug!E8, Sep!E8) -> 0 | F8: =IF(AND(ISNUMBER(D8),ISNUMBER(E8)), D8-E8, "") -> 0 | G8: =IFERROR(F8/E8, "") | H8: =SUM(Jul!H8,Aug!H8,Sep!H8) -> 0 | I8: =SUM(Jul!I8, Aug!I8, Sep!I8) -> 0 | J8: =IFERROR(I8/H8, "")
A9: PE East | B9: AZ | C9: =Sites[[#This Row],[SOL'#]] -> SOL-10752 | D9: =SUM(Jul!D9, Aug!D9, Sep!D9) -> 0 | E9: =SUM(Jul!E9, Aug!E9, Sep!E9) -> 0 | F9: =IF(AND(ISNUMBER(D9),ISNUMBER(E9)), D9-E9, "") -> 0 | G9: =IFERROR(F9/E9, "") | H9: =SUM(Jul!H9,Aug!H9,Sep!H9) -> 0 | I9: =SUM(Jul!I9, Aug!I9, Sep!I9) -> 0 | J9: =IFERROR(I9/H9, "")
A10: Schwada | B10: AZ | C10: =Sites[[#This Row],[SOL'#]] -> SOL-10753 | D10: =SUM(Jul!D10, Aug!D10, Sep!D10) -> 0 | E10: =SUM(Jul!E10, Aug!E10, Sep!E10) -> 0 | F10: =IF(AND(ISNUMBER(D10),ISNUMBER(E10)), D10-E10, "") -> 0 | G10: =IFERROR(F10/E10, "") | H10: =SUM(Jul!H10,Aug!H10,Sep!H10) -> 0 | I10: =SUM(Jul!I10, Aug!I10, Sep!I10) -> 0 | J10: =IFERROR(I10/H10, "")
A11: Starshine | B11: AZ | C11: =Sites[[#This Row],[SOL'#]] -> SOL-10757 | D11: =SUM(Jul!D11, Aug!D11, Sep!D11) -> 0 | E11: =SUM(Jul!E11, Aug!E11, Sep!E11) -> 0 | F11: =IF(AND(ISNUMBER(D11),ISNUMBER(E11)), D11-E11, "") -> 0 | G11: =IFERROR(F11/E11, "") | H11: =SUM(Jul!H11,Aug!H11,Sep!H11) -> 0 | I11: =SUM(Jul!I11, Aug!I11, Sep!I11) -> 0 | J11: =IFERROR(I11/H11, "")
A12: Yuma Airport | B12: AZ | C12: =Sites[[#This Row],[SOL'#]] -> SOL-10754 | D12: =SUM(Jul!D12, Aug!D12, Sep!D12) -> 0 | E12: =SUM(Jul!E12, Aug!E12, Sep!E12) -> 0 | F12: =IF(AND(ISNUMBER(D12),ISNUMBER(E12)), D12-E12, "") -> 0 | G12: =IFERROR(F12/E12, "") | H12: =SUM(Jul!H12,Aug!H12,Sep!H12) -> 0 | I12: =SUM(Jul!I12, Aug!I12, Sep!I12) -> 0 | J12: =IFERROR(I12/H12, "")
A13: Kinsman | B13: OH | C13: =Sites[[#This Row],[SOL'#]] -> SOL-10762 | D13: =SUM(Jul!D13, Aug!D13, Sep!D13) -> 0 | E13: =SUM(Jul!E13, Aug!E13, Sep!E13) -> 0 | F13: =IF(AND(ISNUMBER(D13),ISNUMBER(E13)), D13-E13, "") -> 0 | G13: =IFERROR(F13/E13, "") | H13: =SUM(Jul!H13,Aug!H13,Sep!H13) -> 0 | I13: =SUM(Jul!I13, Aug!I13, Sep!I13) -> 0 | J13: =IFERROR(I13/H13, "")
A14: Wooster | B14: OH | C14: =Sites[[#This Row],[SOL'#]] -> SOL-10763 | D14: =SUM(Jul!D14, Aug!D14, Sep!D14) -> 0 | E14: =SUM(Jul!E14, Aug!E14, Sep!E14) -> 0 | F14: =IF(AND(ISNUMBER(D14),ISNUMBER(E14)), D14-E14, "") -> 0 | G14: =IFERROR(F14/E14, "") | H14: =SUM(Jul!H14,Aug!H14,Sep!H14) -> 0 | I14: =SUM(Jul!I14, Aug!I14, Sep!I14) -> 0 | J14: =IFERROR(I14/H14, "")
A15: Globe Gila CC | B15: AZ | C15: =Sites[[#This Row],[SOL'#]] -> SOL-10755 | D15: =SUM(Jul!D15, Aug!D15, Sep!D15) -> 0 | E15: =SUM(Jul!E15, Aug!E15, Sep!E15) -> 0 | F15: =IF(AND(ISNUMBER(D15),ISNUMBER(E15)), D15-E15, "") -> 0 | G15: =IFERROR(F15/E15, "") | H15: =SUM(Jul!H15,Aug!H15,Sep!H15) -> 0 | I15: =SUM(Jul!I15, Aug!I15, Sep!I15) -> 0 | J15: =IFERROR(I15/H15, "")
A16: Payson Gila CC | B16: AZ | C16: =Sites[[#This Row],[SOL'#]] -> SOL-10756 | D16: =SUM(Jul!D16, Aug!D16, Sep!D16) -> 0 | E16: =SUM(Jul!E16, Aug!E16, Sep!E16) -> 0 | F16: =IF(AND(ISNUMBER(D16),ISNUMBER(E16)), D16-E16, "") -> 0 | G16: =IFERROR(F16/E16, "") | H16: =SUM(Jul!H16,Aug!H16,Sep!H16) -> 0 | I16: =SUM(Jul!I16, Aug!I16, Sep!I16) -> 0 | J16: =IFERROR(I16/H16, "")
... A185: BK16 | B185: NY | C185: =Sites[[#This Row],[SOL'#]] -> SOL-11093 | D185: =SUM(Jul!D185, Aug!D185, Sep!D185) -> 0 | E185: =SUM(Jul!E185, Aug!E185, Sep!E185) -> 0 | F185: =IF(AND(ISNUMBER(D185),ISNUMBER(E185)), D185-E185, "") -> 0 | G185: =IFERROR(F185/E185, "") | H185: =SUM(Jul!H185,Aug!H185,Sep!H185) -> 0 | I185: =SUM(Jul!I185, Aug!I185, Sep!I185) -> 0 | J185: =IFERROR(I185/H185, "")
A186: Trenton - Trenton East | B186: IL | C186: =Sites[[#This Row],[SOL'#]] -> SOL-11060 | D186: =SUM(Jul!D186, Aug!D186, Sep!D186) -> 0 | E186: =SUM(Jul!E186, Aug!E186, Sep!E186) -> 0 | F186: =IF(AND(ISNUMBER(D186),ISNUMBER(E186)), D186-E186, "") -> 0 | H186: =SUM(Jul!H186,Aug!H186,Sep!H186) -> 0 | I186: =SUM(Jul!I186, Aug!I186, Sep!I186) -> 0
A187: Trenton - Trenton West | B187: IL | C187: =Sites[[#This Row],[SOL'#]] -> SOL-11061 | D187: =SUM(Jul!D187, Aug!D187, Sep!D187) -> 0 | E187: =SUM(Jul!E187, Aug!E187, Sep!E187) -> 0 | F187: =IF(AND(ISNUMBER(D187),ISNUMBER(E187)), D187-E187, "") -> 0 | H187: =SUM(Jul!H187,Aug!H187,Sep!H187) -> 0 | I187: =SUM(Jul!I187, Aug!I187, Sep!I187) -> 0
A188: Dakota - Dakota Solar 1 | B188: IL | C188: =Sites[[#This Row],[SOL'#]] -> SOL-11113 | D188: =SUM(Jul!D188, Aug!D188, Sep!D188) -> 0 | E188: =SUM(Jul!E188, Aug!E188, Sep!E188) -> 0 | F188: =IF(AND(ISNUMBER(D188),ISNUMBER(E188)), D188-E188, "") -> 0 | H188: =SUM(Jul!H188,Aug!H188,Sep!H188) -> 0 | I188: =SUM(Jul!I188, Aug!I188, Sep!I188) -> 0
A189: X018 | B189: NY | C189: =Sites[[#This Row],[SOL'#]] -> SOL-10418 | D189: =SUM(Jul!D189, Aug!D189, Sep!D189) -> 0 | E189: =SUM(Jul!E189, Aug!E189, Sep!E189) -> 0 | F189: =IF(AND(ISNUMBER(D189),ISNUMBER(E189)), D189-E189, "") -> 0 | H189: =SUM(Jul!H189,Aug!H189,Sep!H189) -> 0 | I189: =SUM(Jul!I189, Aug!I189, Sep!I189) -> 0
A190: Janiak Solar | B190: NY | C190: =Sites[[#This Row],[SOL'#]] -> SOL-10898 | D190: =SUM(Jul!D190, Aug!D190, Sep!D190) -> 0 | E190: =SUM(Jul!E190, Aug!E190, Sep!E190) -> 0 | F190: =IF(AND(ISNUMBER(D190),ISNUMBER(E190)), D190-E190, "") -> 0 | H190: =SUM(Jul!H190,Aug!H190,Sep!H190) -> 0 | I190: =SUM(Jul!I190, Aug!I190, Sep!I190) -> 0
A191: County Route 11B | B191: NY | C191: =Sites[[#This Row],[SOL'#]] -> SOL-10983 | D191: =SUM(Jul!D191, Aug!D191, Sep!D191) -> 0 | E191: =SUM(Jul!E191, Aug!E191, Sep!E191) -> 0 | F191: =IF(AND(ISNUMBER(D191),ISNUMBER(E191)), D191-E191, "") -> 0 | H191: =SUM(Jul!H191,Aug!H191,Sep!H191) -> 0 | I191: =SUM(Jul!I191, Aug!I191, Sep!I191) -> 0
A192: Barone | B192: NY | C192: =Sites[[#This Row],[SOL'#]] -> SOL-11034 | D192: =SUM(Jul!D192, Aug!D192, Sep!D192) -> 0 | E192: =SUM(Jul!E192, Aug!E192, Sep!E192) -> 0 | F192: =IF(AND(ISNUMBER(D192),ISNUMBER(E192)), D192-E192, "") -> 0 | H192: =SUM(Jul!H192,Aug!H192,Sep!H192) -> 0 | I192: =SUM(Jul!I192, Aug!I192, Sep!I192) -> 0
A193: Cedarville | B193: IL | C193: =Sites[[#This Row],[SOL'#]] -> SOL-11069 | D193: =SUM(Jul!D193, Aug!D193, Sep!D193) -> 0 | E193: =SUM(Jul!E193, Aug!E193, Sep!E193) -> 0 | F193: =IF(AND(ISNUMBER(D193),ISNUMBER(E193)), D193-E193, "") -> 0 | H193: =SUM(Jul!H193,Aug!H193,Sep!H193) -> 0 | I193: =SUM(Jul!I193, Aug!I193, Sep!I193) -> 0
A194: O'Brien Hill #1 | B194: NY | C194: =Sites[[#This Row],[SOL'#]] -> SOL-11098 | D194: =SUM(Jul!D194, Aug!D194, Sep!D194) -> 0 | E194: =SUM(Jul!E194, Aug!E194, Sep!E194) -> 0 | F194: =IF(AND(ISNUMBER(D194),ISNUMBER(E194)), D194-E194, "") -> 0 | H194: =SUM(Jul!H194,Aug!H194,Sep!H194) -> 0 | I194: =SUM(Jul!I194, Aug!I194, Sep!I194) -> 0
A195: O'Brien Hill #2 | B195: NY | C195: =Sites[[#This Row],[SOL'#]] -> SOL-11099 | D195: =SUM(Jul!D195, Aug!D195, Sep!D195) -> 0 | E195: =SUM(Jul!E195, Aug!E195, Sep!E195) -> 0 | F195: =IF(AND(ISNUMBER(D195),ISNUMBER(E195)), D195-E195, "") -> 0 | H195: =SUM(Jul!H195,Aug!H195,Sep!H195) -> 0 | I195: =SUM(Jul!I195, Aug!I195, Sep!I195) -> 0
A196: Trinity - Freeport | B196: IL
A197: Ransom | B197: NY
A198: Horseheads - Wedge | B198: NY
A199: Otisville - Shoddy Hollow | B199: NY
A200: Wellsville - Chenunda Creek | B200: NY

Sheet 4th Qtr
A1: {=portfolio} -> Generate Capital | E1: 4th Quarter Actual v. Expected | H1: 4th Quarter Actual v. Forecasted
A2: Total | D2: =SUM(D4:D200) -> 0 | E2: =SUM(E4:E100) -> 0 | F2: =D2-E2 -> 0 | G2: =IFERROR(F2/E2, 0) -> 0 | H2: =SUM(H4:H200) -> 0 | I2: =D2-H2 -> 0 | J2: =IFERROR(I2/H2, 0) -> 0
A3: Site | B3: State | C3: SOL# | D3: Actual | E3: Expected | F3: Delta | G3: % | H3: Forecasted | I3: Delta | J3: %
A4: {=Sites[Site]} -> Farmer | B4: {=Sites[State]} -> AZ | C4: =Sites[[#This Row],[SOL'#]] -> SOL-10748 | D4: =SUM(Oct!D4, Nov!D4, Dec!D4) -> 0 | E4: =SUM(Oct!E4, Nov!E4, Dec!E4) -> 0 | F4: =IF(AND(ISNUMBER(D4),ISNUMBER(E4)), D4-E4, "") -> 0 | G4: =IFERROR(F4/E4, "") | H4: =SUM(Oct!H4,Nov!H4,Dec!H4) -> 0 | I4: =SUM(Oct!I4, Nov!I4, Dec!I4) -> 0 | J4: =IFERROR(I4/H4, "")
A5: Fulton | B5: AZ | C5: =Sites[[#This Row],[SOL'#]] -> SOL-10749 | D5: =SUM(Oct!D5, Nov!D5, Dec!D5) -> 0 | E5: =SUM(Oct!E5, Nov!E5, Dec!E5) -> 0 | F5: =IF(AND(ISNUMBER(D5),ISNUMBER(E5)), D5-E5, "") -> 0 | G5: =IFERROR(F5/E5, "") | H5: =SUM(Oct!H5,Nov!H5,Dec!H5) -> 0 | I5: =SUM(Oct!I5, Nov!I5, Dec!I5) -> 0 | J5: =IFERROR(I5/H5, "")
A6: JFK Elementary | B6: AZ | C6: =Sites[[#This Row],[SOL'#]] -> SOL-10758 | D6: =SUM(Oct!D6, Nov!D6, Dec!D6) -> 0 | E6: =SUM(Oct!E6, Nov!E6, Dec!E6) -> 0 | F6: =IF(AND(ISNUMBER(D6),ISNUMBER(E6)), D6-E6, "") -> 0 | G6: =IFERROR(F6/E6, "") | H6: =SUM(Oct!H6,Nov!H6,Dec!H6) -> 0 | I6: =SUM(Oct!I6, Nov!I6, Dec!I6) -> 0 | J6: =IFERROR(I6/H6, "")
A7: Noble | B7: AZ | C7: =Sites[[#This Row],[SOL'#]] -> SOL-10750 | D7: =SUM(Oct!D7, Nov!D7, Dec!D7) -> 0 | E7: =SUM(Oct!E7, Nov!E7, Dec!E7) -> 0 | F7: =IF(AND(ISNUMBER(D7),ISNUMBER(E7)), D7-E7, "") -> 0 | G7: =IFERROR(F7/E7, "") | H7: =SUM(Oct!H7,Nov!H7,Dec!H7) -> 0 | I7: =SUM(Oct!I7, Nov!I7, Dec!I7) -> 0 | J7: =IFERROR(I7/H7, "")
A8: Parking 3 | B8: AZ | C8: =Sites[[#This Row],[SOL'#]] -> SOL-10751 | D8: =SUM(Oct!D8, Nov!D8, Dec!D8) -> 0 | E8: =SUM(Oct!E8, Nov!E8, Dec!E8) -> 0 | F8: =IF(AND(ISNUMBER(D8),ISNUMBER(E8)), D8-E8, "") -> 0 | G8: =IFERROR(F8/E8, "") | H8: =SUM(Oct!H8,Nov!H8,Dec!H8) -> 0 | I8: =SUM(Oct!I8, Nov!I8, Dec!I8) -> 0 | J8: =IFERROR(I8/H8, "")
A9: PE East | B9: AZ | C9: =Sites[[#This Row],[SOL'#]] -> SOL-10752 | D9: =SUM(Oct!D9, Nov!D9, Dec!D9) -> 0 | E9: =SUM(Oct!E9, Nov!E9, Dec!E9) -> 0 | F9: =IF(AND(ISNUMBER(D9),ISNUMBER(E9)), D9-E9, "") -> 0 | G9: =IFERROR(F9/E9, "") | H9: =SUM(Oct!H9,Nov!H9,Dec!H9) -> 0 | I9: =SUM(Oct!I9, Nov!I9, Dec!I9) -> 0 | J9: =IFERROR(I9/H9, "")
A10: Schwada | B10: AZ | C10: =Sites[[#This Row],[SOL'#]] -> SOL-10753 | D10: =SUM(Oct!D10, Nov!D10, Dec!D10) -> 0 | E10: =SUM(Oct!E10, Nov!E10, Dec!E10) -> 0 | F10: =IF(AND(ISNUMBER(D10),ISNUMBER(E10)), D10-E10, "") -> 0 | G10: =IFERROR(F10/E10, "") | H10: =SUM(Oct!H10,Nov!H10,Dec!H10) -> 0 | I10: =SUM(Oct!I10, Nov!I10, Dec!I10) -> 0 | J10: =IFERROR(I10/H10, "")
A11: Starshine | B11: AZ | C11: =Sites[[#This Row],[SOL'#]] -> SOL-10757 | D11: =SUM(Oct!D11, Nov!D11, Dec!D11) -> 0 | E11: =SUM(Oct!E11, Nov!E11, Dec!E11) -> 0 | F11: =IF(AND(ISNUMBER(D11),ISNUMBER(E11)), D11-E11, "") -> 0 | G11: =IFERROR(F11/E11, "") | H11: =SUM(Oct!H11,Nov!H11,Dec!H11) -> 0 | I11: =SUM(Oct!I11, Nov!I11, Dec!I11) -> 0 | J11: =IFERROR(I11/H11, "")
A12: Yuma Airport | B12: AZ | C12: =Sites[[#This Row],[SOL'#]] -> SOL-10754 | D12: =SUM(Oct!D12, Nov!D12, Dec!D12) -> 0 | E12: =SUM(Oct!E12, Nov!E12, Dec!E12) -> 0 | F12: =IF(AND(ISNUMBER(D12),ISNUMBER(E12)), D12-E12, "") -> 0 | G12: =IFERROR(F12/E12, "") | H12: =SUM(Oct!H12,Nov!H12,Dec!H12) -> 0 | I12: =SUM(Oct!I12, Nov!I12, Dec!I12) -> 0 | J12: =IFERROR(I12/H12, "")
A13: Kinsman | B13: OH | C13: =Sites[[#This Row],[SOL'#]] -> SOL-10762 | D13: =SUM(Oct!D13, Nov!D13, Dec!D13) -> 0 | E13: =SUM(Oct!E13, Nov!E13, Dec!E13) -> 0 | F13: =IF(AND(ISNUMBER(D13),ISNUMBER(E13)), D13-E13, "") -> 0 | G13: =IFERROR(F13/E13, "") | H13: =SUM(Oct!H13,Nov!H13,Dec!H13) -> 0 | I13: =SUM(Oct!I13, Nov!I13, Dec!I13) -> 0 | J13: =IFERROR(I13/H13, "")
A14: Wooster | B14: OH | C14: =Sites[[#This Row],[SOL'#]] -> SOL-10763 | D14: =SUM(Oct!D14, Nov!D14, Dec!D14) -> 0 | E14: =SUM(Oct!E14, Nov!E14, Dec!E14) -> 0 | F14: =IF(AND(ISNUMBER(D14),ISNUMBER(E14)), D14-E14, "") -> 0 | G14: =IFERROR(F14/E14, "") | H14: =SUM(Oct!H14,Nov!H14,Dec!H14) -> 0 | I14: =SUM(Oct!I14, Nov!I14, Dec!I14) -> 0 | J14: =IFERROR(I14/H14, "")
A15: Globe Gila CC | B15: AZ | C15: =Sites[[#This Row],[SOL'#]] -> SOL-10755 | D15: =SUM(Oct!D15, Nov!D15, Dec!D15) -> 0 | E15: =SUM(Oct!E15, Nov!E15, Dec!E15) -> 0 | F15: =IF(AND(ISNUMBER(D15),ISNUMBER(E15)), D15-E15, "") -> 0 | G15: =IFERROR(F15/E15, "") | H15: =SUM(Oct!H15,Nov!H15,Dec!H15) -> 0 | I15: =SUM(Oct!I15, Nov!I15, Dec!I15) -> 0 | J15: =IFERROR(I15/H15, "")
A16: Payson Gila CC | B16: AZ | C16: =Sites[[#This Row],[SOL'#]] -> SOL-10756 | D16: =SUM(Oct!D16, Nov!D16, Dec!D16) -> 0 | E16: =SUM(Oct!E16, Nov!E16, Dec!E16) -> 0 | F16: =IF(AND(ISNUMBER(D16),ISNUMBER(E16)), D16-E16, "") -> 0 | G16: =IFERROR(F16/E16, "") | H16: =SUM(Oct!H16,Nov!H16,Dec!H16) -> 0 | I16: =SUM(Oct!I16, Nov!I16, Dec!I16) -> 0 | J16: =IFERROR(I16/H16, "")
... A185: BK16 | B185: NY | C185: =Sites[[#This Row],[SOL'#]] -> SOL-11093 | D185: =SUM(Oct!D185, Nov!D185, Dec!D185) -> 0 | E185: =SUM(Oct!E185, Nov!E185, Dec!E185) -> 0 | F185: =IF(AND(ISNUMBER(D185),ISNUMBER(E185)), D185-E185, "") -> 0 | G185: =IFERROR(F185/E185, "") | H185: =SUM(Oct!H185,Nov!H185,Dec!H185) -> 0 | I185: =SUM(Oct!I185, Nov!I185, Dec!I185) -> 0 | J185: =IFERROR(I185/H185, "")
A186: Trenton - Trenton East | B186: IL | C186: =Sites[[#This Row],[SOL'#]] -> SOL-11060 | D186: =SUM(Oct!D186, Nov!D186, Dec!D186) -> 0 | E186: =SUM(Oct!E186, Nov!E186, Dec!E186) -> 0 | F186: =IF(AND(ISNUMBER(D186),ISNUMBER(E186)), D186-E186, "") -> 0 | H186: =SUM(Oct!H186,Nov!H186,Dec!H186) -> 0 | I186: =SUM(Oct!I186, Nov!I186, Dec!I186) -> 0
A187: Trenton - Trenton West | B187: IL | C187: =Sites[[#This Row],[SOL'#]] -> SOL-11061 | D187: =SUM(Oct!D187, Nov!D187, Dec!D187) -> 0 | E187: =SUM(Oct!E187, Nov!E187, Dec!E187) -> 0 | F187: =IF(AND(ISNUMBER(D187),ISNUMBER(E187)), D187-E187, "") -> 0 | H187: =SUM(Oct!H187,Nov!H187,Dec!H187) -> 0 | I187: =SUM(Oct!I187, Nov!I187, Dec!I187) -> 0
A188: Dakota - Dakota Solar 1 | B188: IL | C188: =Sites[[#This Row],[SOL'#]] -> SOL-11113 | D188: =SUM(Oct!D188, Nov!D188, Dec!D188) -> 0 | E188: =SUM(Oct!E188, Nov!E188, Dec!E188) -> 0 | F188: =IF(AND(ISNUMBER(D188),ISNUMBER(E188)), D188-E188, "") -> 0 | H188: =SUM(Oct!H188,Nov!H188,Dec!H188) -> 0 | I188: =SUM(Oct!I188, Nov!I188, Dec!I188) -> 0
A189: X018 | B189: NY | C189: =Sites[[#This Row],[SOL'#]] -> SOL-10418 | D189: =SUM(Oct!D189, Nov!D189, Dec!D189) -> 0 | E189: =SUM(Oct!E189, Nov!E189, Dec!E189) -> 0 | F189: =IF(AND(ISNUMBER(D189),ISNUMBER(E189)), D189-E189, "") -> 0 | H189: =SUM(Oct!H189,Nov!H189,Dec!H189) -> 0 | I189: =SUM(Oct!I189, Nov!I189, Dec!I189) -> 0
A190: Janiak Solar | B190: NY | C190: =Sites[[#This Row],[SOL'#]] -> SOL-10898 | D190: =SUM(Oct!D190, Nov!D190, Dec!D190) -> 0 | E190: =SUM(Oct!E190, Nov!E190, Dec!E190) -> 0 | F190: =IF(AND(ISNUMBER(D190),ISNUMBER(E190)), D190-E190, "") -> 0 | H190: =SUM(Oct!H190,Nov!H190,Dec!H190) -> 0 | I190: =SUM(Oct!I190, Nov!I190, Dec!I190) -> 0
A191: County Route 11B | B191: NY | C191: =Sites[[#This Row],[SOL'#]] -> SOL-10983 | D191: =SUM(Oct!D191, Nov!D191, Dec!D191) -> 0 | E191: =SUM(Oct!E191, Nov!E191, Dec!E191) -> 0 | F191: =IF(AND(ISNUMBER(D191),ISNUMBER(E191)), D191-E191, "") -> 0 | H191: =SUM(Oct!H191,Nov!H191,Dec!H191) -> 0 | I191: =SUM(Oct!I191, Nov!I191, Dec!I191) -> 0
A192: Barone | B192: NY | C192: =Sites[[#This Row],[SOL'#]] -> SOL-11034 | D192: =SUM(Oct!D192, Nov!D192, Dec!D192) -> 0 | E192: =SUM(Oct!E192, Nov!E192, Dec!E192) -> 0 | F192: =IF(AND(ISNUMBER(D192),ISNUMBER(E192)), D192-E192, "") -> 0 | H192: =SUM(Oct!H192,Nov!H192,Dec!H192) -> 0 | I192: =SUM(Oct!I192, Nov!I192, Dec!I192) -> 0
A193: Cedarville | B193: IL | C193: =Sites[[#This Row],[SOL'#]] -> SOL-11069 | D193: =SUM(Oct!D193, Nov!D193, Dec!D193) -> 0 | E193: =SUM(Oct!E193, Nov!E193, Dec!E193) -> 0 | F193: =IF(AND(ISNUMBER(D193),ISNUMBER(E193)), D193-E193, "") -> 0 | H193: =SUM(Oct!H193,Nov!H193,Dec!H193) -> 0 | I193: =SUM(Oct!I193, Nov!I193, Dec!I193) -> 0
A194: O'Brien Hill #1 | B194: NY | C194: =Sites[[#This Row],[SOL'#]] -> SOL-11098 | D194: =SUM(Oct!D194, Nov!D194, Dec!D194) -> 0 | E194: =SUM(Oct!E194, Nov!E194, Dec!E194) -> 0 | F194: =IF(AND(ISNUMBER(D194),ISNUMBER(E194)), D194-E194, "") -> 0 | H194: =SUM(Oct!H194,Nov!H194,Dec!H194) -> 0 | I194: =SUM(Oct!I194, Nov!I194, Dec!I194) -> 0
A195: O'Brien Hill #2 | B195: NY | C195: =Sites[[#This Row],[SOL'#]] -> SOL-11099 | D195: =SUM(Oct!D195, Nov!D195, Dec!D195) -> 0 | E195: =SUM(Oct!E195, Nov!E195, Dec!E195) -> 0 | F195: =IF(AND(ISNUMBER(D195),ISNUMBER(E195)), D195-E195, "") -> 0 | H195: =SUM(Oct!H195,Nov!H195,Dec!H195) -> 0 | I195: =SUM(Oct!I195, Nov!I195, Dec!I195) -> 0
A196: Trinity - Freeport | B196: IL
A197: Ransom | B197: NY
A198: Horseheads - Wedge | B198: NY
A199: Otisville - Shoddy Hollow | B199: NY
A200: Wellsville - Chenunda Creek | B200: NY

Sheet Jan
A1: {=portfolio} -> Generate Capital | E1: January Actual v. Expected | H1: January Actual v. Forecasted
A2: Total | D2: =SUM(D4:D137) -> 9234212.3 | E2: =SUM(E4:E137) -> 5144511.8 | F2: =D2-E2 -> 4089700.5 | G2: =IFERROR(F2/E2, 0) -> 0.79496377 | H2: =SUM(H4:H137) -> 11492436 | I2: =D2-H2 -> -2258223.3 | J2: =IFERROR(I2/H2, 0) -> -0.19649649 | K2: =IF(AND(TODAY()>DATE(2024, 1, 1), COUNTA(Sites[Site])<>(COUNT(D:D)-1)), "Some sites are missing actual data; if new sites were added, make sure they are aligned correctly (including prior months!)", "") -> Some sites are missing actual data; if new sites were added, make sure they are aligned correctly (including prior months!)
A3: Site | B3: State | C3: SOL# | D3: Actual | E3: Expected | F3: Delta | G3: % | H3: Forecasted | I3: Delta | J3: % | K3: Notes | L3: Service Requests
A4: {=Sites[Site]} -> Farmer | B4: {=Sites[State]} -> AZ | C4: =Sites[[#This Row],[SOL'#]] -> SOL-10748 | D4: 10022.647 | E4: 7832.104 | F4: =IF(AND(ISNUMBER(D4),ISNUMBER(E4)), D4-E4, "") -> 2190.5433 | G4: =IFERROR(F4/E4, "") -> 0.27968772 | H4: 8961.467 | I4: =IF(AND(ISNUMBER(D4),ISNUMBER(H4)), D4-H4, "") -> 1061.1803 | J4: =IFERROR(I4/H4, "") -> 0.11841592
A5: Fulton | B5: AZ | C5: =Sites[[#This Row],[SOL'#]] -> SOL-10749 | D5: 27358.25 | E5: 36174.12 | F5: =IF(AND(ISNUMBER(D5),ISNUMBER(E5)), D5-E5, "") -> -8815.87 | G5: =IFERROR(F5/E5, "") -> -0.24370655 | H5: 36985.04 | I5: =IF(AND(ISNUMBER(D5),ISNUMBER(H5)), D5-H5, "") -> -9626.79 | J5: =IFERROR(I5/H5, "") -> -0.26028875 | K5: 1.Low generation due to weather/snow.
A6: JFK Elementary | B6: AZ | C6: =Sites[[#This Row],[SOL'#]] -> SOL-10758 | D6: 17013.969 | E6: 0 | F6: =IF(AND(ISNUMBER(D6),ISNUMBER(E6)), D6-E6, "") -> 17013.969 | G6: =IFERROR(F6/E6, "") | H6: 15355 | I6: =IF(AND(ISNUMBER(D6),ISNUMBER(H6)), D6-H6, "") -> 1658.9687 | J6: =IFERROR(I6/H6, "") -> 0.10804095
A7: Noble | B7: AZ | C7: =Sites[[#This Row],[SOL'#]] -> SOL-10750 | D7: 9682.2104 | E7: 13203.51 | F7: =IF(AND(ISNUMBER(D7),ISNUMBER(E7)), D7-E7, "") -> -3521.2996 | G7: =IFERROR(F7/E7, "") -> -0.2666942 | H7: 10458.62 | I7: =IF(AND(ISNUMBER(D7),ISNUMBER(H7)), D7-H7, "") -> -776.4096 | J7: =IFERROR(I7/H7, "") -> -0.074236333
A8: Parking 3 | B8: AZ | C8: =Sites[[#This Row],[SOL'#]] -> SOL-10751 | D8: 25936.075 | E8: 17329.39 | F8: =IF(AND(ISNUMBER(D8),ISNUMBER(E8)), D8-E8, "") -> 8606.685 | G8: =IFERROR(F8/E8, "") -> 0.49665251 | H8: 21447.37 | I8: =IF(AND(ISNUMBER(D8),ISNUMBER(H8)), D8-H8, "") -> 4488.705 | J8: =IFERROR(I8/H8, "") -> 0.2092893
A9: PE East | B9: AZ | C9: =Sites[[#This Row],[SOL'#]] -> SOL-10752 | D9: 21756.535 | E9: 13878.13 | F9: =IF(AND(ISNUMBER(D9),ISNUMBER(E9)), D9-E9, "") -> 7878.4046 | G9: =IFERROR(F9/E9, "") -> 0.56768489 | H9: 22716.21 | I9: =IF(AND(ISNUMBER(D9),ISNUMBER(H9)), D9-H9, "") -> -959.67536 | J9: =IFERROR(I9/H9, "") -> -0.042246279
A10: Schwada | B10: AZ | C10: =Sites[[#This Row],[SOL'#]] -> SOL-10753 | D10: 10137.009 | E10: 5713.731 | F10: =IF(AND(ISNUMBER(D10),ISNUMBER(E10)), D10-E10, "") -> 4423.278 | G10: =IFERROR(F10/E10, "") -> 0.7741488 | H10: 10042 | I10: =IF(AND(ISNUMBER(D10),ISNUMBER(H10)), D10-H10, "") -> 95.009 | J10: =IFERROR(I10/H10, "") -> 0.0094611631 | K10: 1.Meter has no communication due that we have added total inverter production as total site production | L10: 1. SR094057
A11: Starshine | B11: AZ | C11: =Sites[[#This Row],[SOL'#]] -> SOL-10757 | D11: 4693.3 | E11: 0 | F11: =IF(AND(ISNUMBER(D11),ISNUMBER(E11)), D11-E11, "") -> 4693.3 | G11: =IFERROR(F11/E11, "") | H11: 5668 | I11: =IF(AND(ISNUMBER(D11),ISNUMBER(H11)), D11-H11, "") -> -974.7 | J11: =IFERROR(I11/H11, "") -> -0.17196542 | K11: 1. Site tripped offline at 13:15 and self resolved at 14:15 on 01/15 | L11: 1. SR091355
A12: Yuma Airport | B12: AZ | C12: =Sites[[#This Row],[SOL'#]] -> SOL-10754 | D12: 60094 | E12: 80477.88 | F12: =IF(AND(ISNUMBER(D12),ISNUMBER(E12)), D12-E12, "") -> -20383.88 | G12: =IFERROR(F12/E12, "") -> -0.2532855 | H12: 62836 | I12: =IF(AND(ISNUMBER(D12),ISNUMBER(H12)), D12-H12, "") -> -2742 | J12: =IFERROR(I12/H12, "") -> -0.043637405
A13: Kinsman | B13: OH | C13: =Sites[[#This Row],[SOL'#]] -> SOL-10762 | D13: 16786.867 | E13: 52112.79 | F13: =IF(AND(ISNUMBER(D13),ISNUMBER(E13)), D13-E13, "") -> -35325.923 | G13: =IFERROR(F13/E13, "") -> -0.67787433 | H13: 52574 | I13: =IF(AND(ISNUMBER(D13),ISNUMBER(H13)), D13-H13, "") -> -35787.133 | J13: =IFERROR(I13/H13, "") -> -0.68070021 | K13: 1. Inverter 2 was offline throughout the month and reporting fault "Watchdog". Gen Cap will work directly with Rural Solar. 2. Inverter 1 is underperforming 30kW, no fault code. Holding dispatch until all inverters are replaced during repower. | L13: 1. SR082252,SR092555 2. SR091903 | M13: SR092555 | N13: SR091903
A14: Wooster | B14: OH | C14: =Sites[[#This Row],[SOL'#]] -> SOL-10763 | D14: 6035.75 | E14: 0 | F14: =IF(AND(ISNUMBER(D14),ISNUMBER(E14)), D14-E14, "") -> 6035.75 | G14: =IFERROR(F14/E14, "") | H14: 11652 | I14: =IF(AND(ISNUMBER(D14),ISNUMBER(H14)), D14-H14, "") -> -5616.25 | J14: =IFERROR(I14/H14, "") -> -0.4819988 | K14: 1. 8 inverters are offline and need to be replaced, no fault code. Gen Cap will work directly with Rural Solar. | L14: 1. SR092556
A15: Globe Gila CC | B15: AZ | C15: =Sites[[#This Row],[SOL'#]] -> SOL-10755 | D15: 10938.772 | E15: 0 | F15: =IF(AND(ISNUMBER(D15),ISNUMBER(E15)), D15-E15, "") -> 10938.772 | G15: =IFERROR(F15/E15, "") | H15: 11007 | I15: =IF(AND(ISNUMBER(D15),ISNUMBER(H15)), D15-H15, "") -> -68.227595 | J15: =IFERROR(I15/H15, "") -> -0.0061985641 | K15: 1. Site underperformed by 24kW, likely due to one of the offline inverter. Technician found Inverter 2 offline due to an ARC detection fault. Replaced MC4 connector for String 13, restoring production on 01/23. | L15: 1. SR095708
A16: Payson Gila CC | B16: AZ | C16: =Sites[[#This Row],[SOL'#]] -> SOL-10756 | D16: 8485.4827 | E16: 4084.471 | F16: =IF(AND(ISNUMBER(D16),ISNUMBER(E16)), D16-E16, "") -> 4401.0117 | G16: =IFERROR(F16/E16, "") -> 1.0774986 | H16: 8158 | I16: =IF(AND(ISNUMBER(D16),ISNUMBER(H16)), D16-H16, "") -> 327.48266 | J16: =IFERROR(I16/H16, "") -> 0.040142518 | K16: 1. Expected values are too low observed during monthly reports. The weather station at site is virtual weather station. | L16: 1. SR093028
A17: SCNM | B17: AZ | C17: =Sites[[#This Row],[SOL'#]] -> SOL-10760 | D17: 55904.5 | E17: 28084.05 | F17: =IF(AND(ISNUMBER(D17),ISNUMBER(E17)), D17-E17, "") -> 27820.45 | G17: =IFERROR(F17/E17, "") -> 0.99061389 | H17: 54453 | I17: =IF(AND(ISNUMBER(D17),ISNUMBER(H17)), D17-H17, "") -> 1451.5 | J17: =IFERROR(I17/H17, "") -> 0.026656015 | K17: 1. Inverter 2 has been sporadically derating on high irradiance days, with a history of issues. Technician, with SMA's support, identified an overcurrent in one IGBT CT. The entire IGBT unit will to be replaced. 2. Expected values are too low observed during monthly reports. The weather station at site is virtual weather station. | L17: 1. SR091894 2. SR093029 | M17: SR093029
A18: Sequoia Charter School | B18: AZ | C18: =Sites[[#This Row],[SOL'#]] -> SOL-10759 | D18: 17436.38 | E18: 0 | F18: =IF(AND(ISNUMBER(D18),ISNUMBER(E18)), D18-E18, "") -> 17436.38 | G18: =IFERROR(F18/E18, "") | H18: 32604 | I18: =IF(AND(ISNUMBER(D18),ISNUMBER(H18)), D18-H18, "") -> -15167.62 | J18: =IFERROR(I18/H18, "") -> -0.46520734 | K18: 1. Meters 8 & 9 are continuously tripping and self-resolving. Technician found a State 514 fault, and Fronius confirmed two faulty power stacks need replacement. | L18: 1. SR093550
A19: RCAB | B19: MA | C19: =Sites[[#This Row],[SOL'#]] -> SOL-10838 | D19: 31671 | E19: 60562.24 | F19: =IF(AND(ISNUMBER(D19),ISNUMBER(E19)), D19-E19, "") -> -28891.24 | G19: =IFERROR(F19/E19, "") -> -0.47705039 | H19: 46121.62 | I19: =IF(AND(ISNUMBER(D19),ISNUMBER(H19)), D19-H19, "") -> -14450.62 | J19: =IFERROR(I19/H19, "") -> -0.31331553 | K19: 1. Inverters 4 and 11 are experiencing heavy shading throughout the day due to trees. | L19: 1. SR093047
A20: Spectro Coatings | B20: MA | C20: =Sites[[#This Row],[SOL'#]] -> SOL-10074 | D20: 9236.5 | E20: 18734.62 | F20: =IF(AND(ISNUMBER(D20),ISNUMBER(E20)), D20-E20, "") -> -9498.12 | G20: =IFERROR(F20/E20, "") -> -0.50698226 | H20: 11364.41 | I20: =IF(AND(ISNUMBER(D20),ISNUMBER(H20)), D20-H20, "") -> -2127.91 | J20: =IFERROR(I20/H20, "") -> -0.18724333 | K20: 1. Inverter 3 was offline on 01/16 with no fault code and self resolved on 01/17. | L20: 1. SR095619
A21: K026 | B21: NY | C21: =Sites[[#This Row],[SOL'#]] -> SOL-10356 | D21: 11980.125 | E21: 18586.79 | F21: =IF(AND(ISNUMBER(D21),ISNUMBER(E21)), D21-E21, "") -> -6606.665 | G21: =IFERROR(F21/E21, "") -> -0.35544949 | H21: 11111.47 | I21: =IF(AND(ISNUMBER(D21),ISNUMBER(H21)), D21-H21, "") -> 868.655 | J21: =IFERROR(I21/H21, "") -> 0.078176425
A22: K041 | B22: NY | C22: =Sites[[#This Row],[SOL'#]] -> SOL-10357 | D22: 8842.5469 | E22: 13490.72 | F22: =IF(AND(ISNUMBER(D22),ISNUMBER(E22)), D22-E22, "") -> -4648.1731 | G22: =IFERROR(F22/E22, "") -> -0.34454596 | H22: 9924 | I22: =IF(AND(ISNUMBER(D22),ISNUMBER(H22)), D22-H22, "") -> -1081.4531 | J22: =IFERROR(I22/H22, "") -> -0.10897351
A23: K043 | B23: NY | C23: =Sites[[#This Row],[SOL'#]] -> SOL-10358 | D23: 10563.688 | E23: 15508.68 | F23: =IF(AND(ISNUMBER(D23),ISNUMBER(E23)), D23-E23, "") -> -4944.9925 | G23: =IFERROR(F23/E23, "") -> -0.31885322 | H23: 2303 | I23: =IF(AND(ISNUMBER(D23),ISNUMBER(H23)), D23-H23, "") -> 8260.6875 | J23: =IFERROR(I23/H23, "") -> 3.5869247 | K23: 1.Estimated values are low in AE we have also verified the file which was given GC
A24: K058 | B24: NY | C24: =Sites[[#This Row],[SOL'#]] -> SOL-10360 | D24: 8472.1875 | E24: 12896.51 | F24: =IF(AND(ISNUMBER(D24),ISNUMBER(E24)), D24-E24, "") -> -4424.3225 | G24: =IFERROR(F24/E24, "") -> -0.34306355 | H24: 9147.029 | I24: =IF(AND(ISNUMBER(D24),ISNUMBER(H24)), D24-H24, "") -> -674.8415 | J24: =IFERROR(I24/H24, "") -> -0.073777125
A25: K115 | B25: NY | C25: =Sites[[#This Row],[SOL'#]] -> SOL-10361 | D25: 2497.5194 | E25: 7565.845 | F25: =IF(AND(ISNUMBER(D25),ISNUMBER(E25)), D25-E25, "") -> -5068.3256 | G25: =IFERROR(F25/E25, "") -> -0.66989551 | H25: 5593.833 | I25: =IF(AND(ISNUMBER(D25),ISNUMBER(H25)), D25-H25, "") -> -3096.3136 | J25: =IFERROR(I25/H25, "") -> -0.55352271 | K25: 1. 96 optimizers are down for site construction. | L25: 1.SR093291
A26: K152 | B26: NY | C26: =Sites[[#This Row],[SOL'#]] -> SOL-10362 | D26: 3001 | E26: 4499.147 | F26: =IF(AND(ISNUMBER(D26),ISNUMBER(E26)), D26-E26, "") -> -1498.147 | G26: =IFERROR(F26/E26, "") -> -0.33298467 | H26: 3567 | I26: =IF(AND(ISNUMBER(D26),ISNUMBER(H26)), D26-H26, "") -> -566 | J26: =IFERROR(I26/H26, "") -> -0.15867676 | K26: 1. Low generation due to weather/snow.
A27: K166 | B27: NY | C27: =Sites[[#This Row],[SOL'#]] -> SOL-10363 | D27: 10743.5 | E27: 17382.57 | F27: =IF(AND(ISNUMBER(D27),ISNUMBER(E27)), D27-E27, "") -> -6639.07 | G27: =IFERROR(F27/E27, "") -> -0.38193834 | H27: 12125.14 | I27: =IF(AND(ISNUMBER(D27),ISNUMBER(H27)), D27-H27, "") -> -1381.64 | J27: =IFERROR(I27/H27, "") -> -0.11394838 | K27: 1. Low generation due to weather/snow.
A28: K206 | B28: NY | C28: =Sites[[#This Row],[SOL'#]] -> SOL-10927 | D28: 7155.1976 | E28: 11256.59 | F28: =IF(AND(ISNUMBER(D28),ISNUMBER(E28)), D28-E28, "") -> -4101.3924 | G28: =IFERROR(F28/E28, "") -> -0.36435478 | H28: 6894 | I28: =IF(AND(ISNUMBER(D28),ISNUMBER(H28)), D28-H28, "") -> 261.19765 | J28: =IFERROR(I28/H28, "") -> 0.037887678
A29: K251 | B29: NY | C29: =Sites[[#This Row],[SOL'#]] -> SOL-10365 | D29: 7964.375 | E29: 0 | F29: =IF(AND(ISNUMBER(D29),ISNUMBER(E29)), D29-E29, "") -> 7964.375 | G29: =IFERROR(F29/E29, "") | H29: 8525.692 | I29: =IF(AND(ISNUMBER(D29),ISNUMBER(H29)), D29-H29, "") -> -561.317 | J29: =IFERROR(I29/H29, "") -> -0.065838292 | K29: 1.Weather station is not communicating since 11/22/2024. | L29: 1.SR093633
A30: K269 | B30: NY | C30: =Sites[[#This Row],[SOL'#]] -> SOL-10366 | D30: 6631 | E30: 11493.23 | F30: =IF(AND(ISNUMBER(D30),ISNUMBER(E30)), D30-E30, "") -> -4862.23 | G30: =IFERROR(F30/E30, "") -> -0.42305166 | H30: 7761.932 | I30: =IF(AND(ISNUMBER(D30),ISNUMBER(H30)), D30-H30, "") -> -1130.932 | J30: =IFERROR(I30/H30, "") -> -0.14570238
A31: K273 | B31: NY | C31: =Sites[[#This Row],[SOL'#]] -> SOL-10367 | D31: 6884.75 | E31: 0 | F31: =IF(AND(ISNUMBER(D31),ISNUMBER(E31)), D31-E31, "") -> 6884.75 | G31: =IFERROR(F31/E31, "") | H31: 9546 | I31: =IF(AND(ISNUMBER(D31),ISNUMBER(H31)), D31-H31, "") -> -2661.25 | J31: =IFERROR(I31/H31, "") -> -0.27878169 | K31: 1. Weather station is not communicating since 06/30/2024. 2. 26 optimizers are down for roof repair. | L31: 1.SR086842 2.SR093294 | M31: SR093294
A32: K287 | B32: NY | C32: =Sites[[#This Row],[SOL'#]] -> SOL-10919 | D32: 6469.9062 | E32: 8103.888 | F32: =IF(AND(ISNUMBER(D32),ISNUMBER(E32)), D32-E32, "") -> -1633.9817 | G32: =IFERROR(F32/E32, "") -> -0.20162936 | H32: 7303 | I32: =IF(AND(ISNUMBER(D32),ISNUMBER(H32)), D32-H32, "") -> -833.09375 | J32: =IFERROR(I32/H32, "") -> -0.11407555
A33: K298 | B33: NY | C33: =Sites[[#This Row],[SOL'#]] -> SOL-10368 | D33: 4878.3438 | E33: 10470.4 | F33: =IF(AND(ISNUMBER(D33),ISNUMBER(E33)), D33-E33, "") -> -5592.0562 | G33: =IFERROR(F33/E33, "") -> -0.53408239 | H33: 6119 | I33: =IF(AND(ISNUMBER(D33),ISNUMBER(H33)), D33-H33, "") -> -1240.6562 | J33: =IFERROR(I33/H33, "") -> -0.20275474 | K33: 1. Low generation due to weather/snow.
A34: K335 | B34: NY | C34: =Sites[[#This Row],[SOL'#]] -> SOL-10370 | D34: 6585.9375 | E34: 11111.72 | F34: =IF(AND(ISNUMBER(D34),ISNUMBER(E34)), D34-E34, "") -> -4525.7825 | G34: =IFERROR(F34/E34, "") -> -0.40729811 | H34: 8179 | I34: =IF(AND(ISNUMBER(D34),ISNUMBER(H34)), D34-H34, "") -> -1593.0625 | J34: =IFERROR(I34/H34, "") -> -0.19477473
A35: K345 | B35: NY | C35: =Sites[[#This Row],[SOL'#]] -> SOL-10920 | D35: 7617.6813 | E35: 8115.26 | F35: =IF(AND(ISNUMBER(D35),ISNUMBER(E35)), D35-E35, "") -> -497.57867 | G35: =IFERROR(F35/E35, "") -> -0.061313953 | H35: 6910 | I35: =IF(AND(ISNUMBER(D35),ISNUMBER(H35)), D35-H35, "") -> 707.68133 | J35: =IFERROR(I35/H35, "") -> 0.10241409
A36: K445 | B36: NY | C36: =Sites[[#This Row],[SOL'#]] -> SOL-10373 | D36: 7247.9688 | E36: 11595.77 | F36: =IF(AND(ISNUMBER(D36),ISNUMBER(E36)), D36-E36, "") -> -4347.8013 | G36: =IFERROR(F36/E36, "") -> -0.37494718 | H36: 6816.675 | I36: =IF(AND(ISNUMBER(D36),ISNUMBER(H36)), D36-H36, "") -> 431.29375 | J36: =IFERROR(I36/H36, "") -> 0.063270399
A37: K495 | B37: NY | C37: =Sites[[#This Row],[SOL'#]] -> SOL-10374 | D37: 0 | E37: 32841.14 | F37: =IF(AND(ISNUMBER(D37),ISNUMBER(E37)), D37-E37, "") -> -32841.14 | G37: =IFERROR(F37/E37, "") -> -1 | H37: 33557 | I37: =IF(AND(ISNUMBER(D37),ISNUMBER(H37)), D37-H37, "") -> -33557 | J37: =IFERROR(I37/H37, "") -> -1 | K37: 1.Due to shunt trips of the switchgear and overcurrent faults site is offline since 11/20/2024. | L37: 1.SR093196
A38: M020 | B38: NY | C38: =Sites[[#This Row],[SOL'#]] -> SOL-10380 | D38: 7114.6562 | E38: 10428.83 | F38: =IF(AND(ISNUMBER(D38),ISNUMBER(E38)), D38-E38, "") -> -3314.1737 | G38: =IFERROR(F38/E38, "") -> -0.3177896 | H38: 9125 | I38: =IF(AND(ISNUMBER(D38),ISNUMBER(H38)), D38-H38, "") -> -2010.3438 | J38: =IFERROR(I38/H38, "") -> -0.22031164 | K38: 1. Low generation due to weather/snow.
A39: M092 | B39: NY | C39: =Sites[[#This Row],[SOL'#]] -> SOL-10383 | D39: 7110.6875 | E39: 11229.76 | F39: =IF(AND(ISNUMBER(D39),ISNUMBER(E39)), D39-E39, "") -> -4119.0725 | G39: =IFERROR(F39/E39, "") -> -0.36679969 | H39: 8178.46 | I39: =IF(AND(ISNUMBER(D39),ISNUMBER(H39)), D39-H39, "") -> -1067.7725 | J39: =IFERROR(I39/H39, "") -> -0.13055912 | K39: 1. Low generation due to weather/snow.
A40: M143 | B40: NY | C40: =Sites[[#This Row],[SOL'#]] -> SOL-10384 | D40: 7303.2812 | E40: 10937.18 | F40: =IF(AND(ISNUMBER(D40),ISNUMBER(E40)), D40-E40, "") -> -3633.8988 | G40: =IFERROR(F40/E40, "") -> -0.33225189 | H40: 8702.744 | I40: =IF(AND(ISNUMBER(D40),ISNUMBER(H40)), D40-H40, "") -> -1399.4628 | J40: =IFERROR(I40/H40, "") -> -0.16080707 | K40: 1. Low generation due to weather/snow.
A41: M144 | B41: NY | C41: =Sites[[#This Row],[SOL'#]] -> SOL-10385 | D41: 12171.125 | E41: 0 | F41: =IF(AND(ISNUMBER(D41),ISNUMBER(E41)), D41-E41, "") -> 12171.125 | G41: =IFERROR(F41/E41, "") | H41: 13644 | I41: =IF(AND(ISNUMBER(D41),ISNUMBER(H41)), D41-H41, "") -> -1472.875 | J41: =IFERROR(I41/H41, "") -> -0.10795038 | K41: 1. Low generation due to weather/snow.
A42: M167 | B42: NY | C42: =Sites[[#This Row],[SOL'#]] -> SOL-10386 | D42: 6736.5 | E42: 8426.056 | F42: =IF(AND(ISNUMBER(D42),ISNUMBER(E42)), D42-E42, "") -> -1689.556 | G42: =IFERROR(F42/E42, "") -> -0.20051564 | H42: 8106.211 | I42: =IF(AND(ISNUMBER(D42),ISNUMBER(H42)), D42-H42, "") -> -1369.711 | J42: =IFERROR(I42/H42, "") -> -0.16897056 | K42: 1. Low generation due to weather/snow.
A43: M188 | B43: NY | C43: =Sites[[#This Row],[SOL'#]] -> SOL-10387 | D43: 6676.8125 | E43: 0 | F43: =IF(AND(ISNUMBER(D43),ISNUMBER(E43)), D43-E43, "") -> 6676.8125 | G43: =IFERROR(F43/E43, "") | H43: 6981 | I43: =IF(AND(ISNUMBER(D43),ISNUMBER(H43)), D43-H43, "") -> -304.1875 | J43: =IFERROR(I43/H43, "") -> -0.043573628
A44: EMHC | B44: NY | C44: =Sites[[#This Row],[SOL'#]] -> SOL-10351 | D44: 1958.0469 | E44: 2171.019 | F44: =IF(AND(ISNUMBER(D44),ISNUMBER(E44)), D44-E44, "") -> -212.97212 | G44: =IFERROR(F44/E44, "") -> -0.098097771 | H44: 2319.395 | I44: =IF(AND(ISNUMBER(D44),ISNUMBER(H44)), D44-H44, "") -> -361.34812 | J44: =IFERROR(I44/H44, "") -> -0.15579413
A45: Q008 | B45: NY | C45: =Sites[[#This Row],[SOL'#]] -> SOL-10397 | D45: 11304.469 | E45: 16377.23 | F45: =IF(AND(ISNUMBER(D45),ISNUMBER(E45)), D45-E45, "") -> -5072.7612 | G45: =IFERROR(F45/E45, "") -> -0.30974476 | H45: 10992 | I45: =IF(AND(ISNUMBER(D45),ISNUMBER(H45)), D45-H45, "") -> 312.46875 | J45: =IFERROR(I45/H45, "") -> 0.028426924 | K45: 1. Low generation due to weather/snow.
A46: Q018 | B46: NY | C46: =Sites[[#This Row],[SOL'#]] -> SOL-10398 | D46: 6700.6875 | E46: 8361.302 | F46: =IF(AND(ISNUMBER(D46),ISNUMBER(E46)), D46-E46, "") -> -1660.6145 | G46: =IFERROR(F46/E46, "") -> -0.19860717 | H46: 6682.311 | I46: =IF(AND(ISNUMBER(D46),ISNUMBER(H46)), D46-H46, "") -> 18.3765 | J46: =IFERROR(I46/H46, "") -> 0.0027500217 | K46: 1. Low generation due to weather/snow.
A47: Q021 | B47: NY | C47: =Sites[[#This Row],[SOL'#]] -> SOL-10399 | D47: 5780.4062 | E47: 9454.255 | F47: =IF(AND(ISNUMBER(D47),ISNUMBER(E47)), D47-E47, "") -> -3673.8487 | G47: =IFERROR(F47/E47, "") -> -0.38859209 | H47: 5223.647 | I47: =IF(AND(ISNUMBER(D47),ISNUMBER(H47)), D47-H47, "") -> 556.75925 | J47: =IFERROR(I47/H47, "") -> 0.10658439 | K47: 1. Low generation due to weather/snow.
A48: Q025 | B48: NY | C48: =Sites[[#This Row],[SOL'#]] -> SOL-10400 | D48: 9494.875 | E48: 13415.23 | F48: =IF(AND(ISNUMBER(D48),ISNUMBER(E48)), D48-E48, "") -> -3920.355 | G48: =IFERROR(F48/E48, "") -> -0.29223167 | H48: 7767 | I48: =IF(AND(ISNUMBER(D48),ISNUMBER(H48)), D48-H48, "") -> 1727.875 | J48: =IFERROR(I48/H48, "") -> 0.22246363 | K48: 1. Low generation due to weather/snow.
A49: Q074 | B49: NY | C49: =Sites[[#This Row],[SOL'#]] -> SOL-10402 | D49: 5694.625 | E49: 7433.287 | F49: =IF(AND(ISNUMBER(D49),ISNUMBER(E49)), D49-E49, "") -> -1738.662 | G49: =IFERROR(F49/E49, "") -> -0.23390218 | H49: 6035.102 | I49: =IF(AND(ISNUMBER(D49),ISNUMBER(H49)), D49-H49, "") -> -340.477 | J49: =IFERROR(I49/H49, "") -> -0.056416114 | K49: 1. Site was taken offline from 12/31/24 due to ConEd shut site off for tranformer work and later back online on 01/02 at 09:30 | L49: 1. SR095201
A50: Q115 | B50: NY | C50: =Sites[[#This Row],[SOL'#]] -> SOL-10872 | D50: 7869.5625 | E50: 12376.31 | F50: =IF(AND(ISNUMBER(D50),ISNUMBER(E50)), D50-E50, "") -> -4506.7475 | G50: =IFERROR(F50/E50, "") -> -0.36414307 | H50: 8154.507 | I50: =IF(AND(ISNUMBER(D50),ISNUMBER(H50)), D50-H50, "") -> -284.9445 | J50: =IFERROR(I50/H50, "") -> -0.034943192
A51: Q139 | B51: NY | C51: =Sites[[#This Row],[SOL'#]] -> SOL-10403 | D51: 5074.7187 | E51: 6806.319 | F51: =IF(AND(ISNUMBER(D51),ISNUMBER(E51)), D51-E51, "") -> -1731.6003 | G51: =IFERROR(F51/E51, "") -> -0.25441068 | H51: 5168 | I51: =IF(AND(ISNUMBER(D51),ISNUMBER(H51)), D51-H51, "") -> -93.28125 | J51: =IFERROR(I51/H51, "") -> -0.018049777
A52: Q157 | B52: NY | C52: =Sites[[#This Row],[SOL'#]] -> SOL-10404 | D52: 7985.125 | E52: 13511.83 | F52: =IF(AND(ISNUMBER(D52),ISNUMBER(E52)), D52-E52, "") -> -5526.705 | G52: =IFERROR(F52/E52, "") -> -0.40902713 | H52: 9200.271 | I52: =IF(AND(ISNUMBER(D52),ISNUMBER(H52)), D52-H52, "") -> -1215.146 | J52: =IFERROR(I52/H52, "") -> -0.1320772 | K52: 1.Inverter 3 offline mulptiple days due to parts RMAD 2.Inverter 4 is offline due to "Isolation Fault" from 01/3 | L52: 1. SR094206 2. SR096202 | M52: SR096202
A53: Q192 | B53: NY | C53: =Sites[[#This Row],[SOL'#]] -> SOL-10406 | D53: 13490.125 | E53: 19580.54 | F53: =IF(AND(ISNUMBER(D53),ISNUMBER(E53)), D53-E53, "") -> -6090.415 | G53: =IFERROR(F53/E53, "") -> -0.31104428 | H53: 13910.41 | I53: =IF(AND(ISNUMBER(D53),ISNUMBER(H53)), D53-H53, "") -> -420.285 | J53: =IFERROR(I53/H53, "") -> -0.030213703
A54: Q210 | B54: NY | C54: =Sites[[#This Row],[SOL'#]] -> SOL-10407 | D54: 11766.375 | E54: 14293.21 | F54: =IF(AND(ISNUMBER(D54),ISNUMBER(E54)), D54-E54, "") -> -2526.835 | G54: =IFERROR(F54/E54, "") -> -0.17678569 | H54: 11622 | I54: =IF(AND(ISNUMBER(D54),ISNUMBER(H54)), D54-H54, "") -> 144.375 | J54: =IFERROR(I54/H54, "") -> 0.012422561
A55: Q229 | B55: NY | C55: =Sites[[#This Row],[SOL'#]] -> SOL-10408 | D55: 4152.5312 | E55: 7352.509 | F55: =IF(AND(ISNUMBER(D55),ISNUMBER(E55)), D55-E55, "") -> -3199.9778 | G55: =IFERROR(F55/E55, "") -> -0.43522255 | H55: 3687.114 | I55: =IF(AND(ISNUMBER(D55),ISNUMBER(H55)), D55-H55, "") -> 465.41725 | J55: =IFERROR(I55/H55, "") -> 0.12622806
A56: Q231 | B56: NY | C56: =Sites[[#This Row],[SOL'#]] -> SOL-10870 | D56: 17624.25 | E56: 30638.85 | F56: =IF(AND(ISNUMBER(D56),ISNUMBER(E56)), D56-E56, "") -> -13014.6 | G56: =IFERROR(F56/E56, "") -> -0.42477443 | H56: 16899 | I56: =IF(AND(ISNUMBER(D56),ISNUMBER(H56)), D56-H56, "") -> 725.25 | J56: =IFERROR(I56/H56, "") -> 0.042916741
A57: Q405 | B57: NY | C57: =Sites[[#This Row],[SOL'#]] -> SOL-10409 | D57: 21223.625 | E57: 28842.48 | F57: =IF(AND(ISNUMBER(D57),ISNUMBER(E57)), D57-E57, "") -> -7618.855 | G57: =IFERROR(F57/E57, "") -> -0.26415395 | H57: 20777.84 | I57: =IF(AND(ISNUMBER(D57),ISNUMBER(H57)), D57-H57, "") -> 445.785 | J57: =IFERROR(I57/H57, "") -> 0.021454829
A58: Q435 | B58: NY | C58: =Sites[[#This Row],[SOL'#]] -> SOL-10923 | D58: 27409.75 | E58: 28681.61 | F58: =IF(AND(ISNUMBER(D58),ISNUMBER(E58)), D58-E58, "") -> -1271.86 | G58: =IFERROR(F58/E58, "") -> -0.044344094 | H58: 25692 | I58: =IF(AND(ISNUMBER(D58),ISNUMBER(H58)), D58-H58, "") -> 1717.75 | J58: =IFERROR(I58/H58, "") -> 0.066859334
A59: Q485 | B59: NY | C59: =Sites[[#This Row],[SOL'#]] -> SOL-10869 | D59: 25454.25 | E59: 27297.56 | F59: =IF(AND(ISNUMBER(D59),ISNUMBER(E59)), D59-E59, "") -> -1843.31 | G59: =IFERROR(F59/E59, "") -> -0.067526548 | H59: 23827.9 | I59: =IF(AND(ISNUMBER(D59),ISNUMBER(H59)), D59-H59, "") -> 1626.35 | J59: =IFERROR(I59/H59, "") -> 0.068254022 | K59: 1. Inverter 1 right unit is offline due to DC disconnect switches turned to OFF positions since 01/21 at 07:00am and back online on 01/31 | L59: 1. SR096130
A60: Q490 | B60: NY | C60: =Sites[[#This Row],[SOL'#]] -> SOL-10411 | D60: 17658.558 | E60: 0 | F60: =IF(AND(ISNUMBER(D60),ISNUMBER(E60)), D60-E60, "") -> 17658.558 | G60: =IFERROR(F60/E60, "") | H60: 16846.57 | I60: =IF(AND(ISNUMBER(D60),ISNUMBER(H60)), D60-H60, "") -> 811.98779 | J60: =IFERROR(I60/H60, "") -> 0.048198998 | K60: 1. optimizers Module 1.2.4 , Module 2.2.18 , Module 2.3.11 , Module 3.1.16 , Module 6.1.5 , Module 7.1.4 , Module 7.3.17 , Module 9.1.16 ,Module 10.3.3 , 8.0.27 are offline | L60: 1. SR093326
A61: Q620 | B61: NY | C61: =Sites[[#This Row],[SOL'#]] -> SOL-10867 | D61: 26364.625 | E61: 35204.15 | F61: =IF(AND(ISNUMBER(D61),ISNUMBER(E61)), D61-E61, "") -> -8839.525 | G61: =IFERROR(F61/E61, "") -> -0.25109327 | H61: 27281.47 | I61: =IF(AND(ISNUMBER(D61),ISNUMBER(H61)), D61-H61, "") -> -916.845 | J61: =IFERROR(I61/H61, "") -> -0.033606877
A62: QMOA | B62: NY | C62: =Sites[[#This Row],[SOL'#]] -> SOL-10415 | D62: 2696.5 | E62: 0 | F62: =IF(AND(ISNUMBER(D62),ISNUMBER(E62)), D62-E62, "") -> 2696.5 | G62: =IFERROR(F62/E62, "") | H62: 2932.063 | I62: =IF(AND(ISNUMBER(D62),ISNUMBER(H62)), D62-H62, "") -> -235.563 | J62: =IFERROR(I62/H62, "") -> -0.080340361
A63: X024 | B63: NY | C63: =Sites[[#This Row],[SOL'#]] -> SOL-10419 | D63: 7807.0938 | E63: 15291.95 | F63: =IF(AND(ISNUMBER(D63),ISNUMBER(E63)), D63-E63, "") -> -7484.8563 | G63: =IFERROR(F63/E63, "") -> -0.48946382 | H63: 8671 | I63: =IF(AND(ISNUMBER(D63),ISNUMBER(H63)), D63-H63, "") -> -863.90625 | J63: =IFERROR(I63/H63, "") -> -0.099631675
A64: X026 | B64: NY | C64: =Sites[[#This Row],[SOL'#]] -> SOL-10420 | D64: 6588.3 | E64: 11626.77 | F64: =IF(AND(ISNUMBER(D64),ISNUMBER(E64)), D64-E64, "") -> -5038.47 | G64: =IFERROR(F64/E64, "") -> -0.43335079 | H64: 11127.49 | I64: =IF(AND(ISNUMBER(D64),ISNUMBER(H64)), D64-H64, "") -> -4539.19 | J64: =IFERROR(I64/H64, "") -> -0.40792578 | K64: 1. Inverter 2 left unit at 10:30 from 01/16 and has been RMA'd. | L64: 1. SR095758
A65: X090 | B65: NY | C65: =Sites[[#This Row],[SOL'#]] -> SOL-10925 | D65: 7675.0938 | E65: 6852.322 | F65: =IF(AND(ISNUMBER(D65),ISNUMBER(E65)), D65-E65, "") -> 822.77175 | G65: =IFERROR(F65/E65, "") -> 0.12007196 | H65: 7353 | I65: =IF(AND(ISNUMBER(D65),ISNUMBER(H65)), D65-H65, "") -> 322.09375 | J65: =IFERROR(I65/H65, "") -> 0.0438044
A66: X117 | B66: NY | C66: =Sites[[#This Row],[SOL'#]] -> SOL-10422 | D66: 5524.7 | E66: 9713.037 | F66: =IF(AND(ISNUMBER(D66),ISNUMBER(E66)), D66-E66, "") -> -4188.337 | G66: =IFERROR(F66/E66, "") -> -0.43120777 | H66: 6534.025 | I66: =IF(AND(ISNUMBER(D66),ISNUMBER(H66)), D66-H66, "") -> -1009.325 | J66: =IFERROR(I66/H66, "") -> -0.15447217 | K66: 1. Low generation due to weather/snow.
A67: X125 | B67: NY | C67: =Sites[[#This Row],[SOL'#]] -> SOL-10423 | D67: 12077.875 | E67: 16953.08 | F67: =IF(AND(ISNUMBER(D67),ISNUMBER(E67)), D67-E67, "") -> -4875.205 | G67: =IFERROR(F67/E67, "") -> -0.28757046 | H67: 11985.79 | I67: =IF(AND(ISNUMBER(D67),ISNUMBER(H67)), D67-H67, "") -> 92.085 | J67: =IFERROR(I67/H67, "") -> 0.0076828478 | K67: 1. Low generation due to weather/snow.
A68: X134 | B68: NY | C68: =Sites[[#This Row],[SOL'#]] -> SOL-10424 | D68: 10465.156 | E68: 0 | F68: =IF(AND(ISNUMBER(D68),ISNUMBER(E68)), D68-E68, "") -> 10465.156 | G68: =IFERROR(F68/E68, "") | H68: 10182 | I68: =IF(AND(ISNUMBER(D68),ISNUMBER(H68)), D68-H68, "") -> 283.15625 | J68: =IFERROR(I68/H68, "") -> 0.027809492
A69: X135 | B69: NY | C69: =Sites[[#This Row],[SOL'#]] -> SOL-10425 | D69: 9755.1875 | E69: 14564.38 | F69: =IF(AND(ISNUMBER(D69),ISNUMBER(E69)), D69-E69, "") -> -4809.1925 | G69: =IFERROR(F69/E69, "") -> -0.33020235 | H69: 9790 | I69: =IF(AND(ISNUMBER(D69),ISNUMBER(H69)), D69-H69, "") -> -34.8125 | J69: =IFERROR(I69/H69, "") -> -0.0035559244 | K69: 1. Low generation due to weather/snow.
A70: X139 JHS 222 | B70: NY | C70: =Sites[[#This Row],[SOL'#]] -> SOL-10426 | D70: 12809.021 | E70: 16768.06 | F70: =IF(AND(ISNUMBER(D70),ISNUMBER(E70)), D70-E70, "") -> -3959.0391 | G70: =IFERROR(F70/E70, "") -> -0.23610597 | H70: 12346 | I70: =IF(AND(ISNUMBER(D70),ISNUMBER(H70)), D70-H70, "") -> 463.0209 | J70: =IFERROR(I70/H70, "") -> 0.037503718 | K70: 1. Low generation due to weather/snow.
A71: X140 | B71: NY | C71: =Sites[[#This Row],[SOL'#]] -> SOL-10926 | D71: 8890.625 | E71: 8929.914 | F71: =IF(AND(ISNUMBER(D71),ISNUMBER(E71)), D71-E71, "") -> -39.289 | G71: =IFERROR(F71/E71, "") -> -0.0043997064 | H71: 8234 | I71: =IF(AND(ISNUMBER(D71),ISNUMBER(H71)), D71-H71, "") -> 656.625 | J71: =IFERROR(I71/H71, "") -> 0.079745567
A72: X166 | B72: NY | C72: =Sites[[#This Row],[SOL'#]] -> SOL-10427 | D72: 8246.6 | E72: 13090.03 | F72: =IF(AND(ISNUMBER(D72),ISNUMBER(E72)), D72-E72, "") -> -4843.43 | G72: =IFERROR(F72/E72, "") -> -0.37000908 | H72: 7246 | I72: =IF(AND(ISNUMBER(D72),ISNUMBER(H72)), D72-H72, "") -> 1000.6 | J72: =IFERROR(I72/H72, "") -> 0.13808998 | K72: 1. Low generation due to weather/snow.
A73: Murphy | B73: MN | C73: =Sites[[#This Row],[SOL'#]] -> SOL-10094 | D73: 512400 | E73: 650404.3 | F73: =IF(AND(ISNUMBER(D73),ISNUMBER(E73)), D73-E73, "") -> -138004.3 | G73: =IFERROR(F73/E73, "") -> -0.21218233 | H73: 514855.4 | I73: =IF(AND(ISNUMBER(D73),ISNUMBER(H73)), D73-H73, "") -> -2455.4 | J73: =IFERROR(I73/H73, "") -> -0.004769106 | K73: 1. Inverter 5 is derating by 353 kW since 01/03 due to a loose electrical connections. Additionally, one combiner may be open, or the DC contactor in the DU cabinet may not be closed and resumed production on 01/29. 2. Inverter 4/Meter 4 was derating by 640 kW on 01/19 due to a possible DC breaker trip and returned to normal production on 01/20. 3. Inverter 1 was derating by 444 kW from 9:30 to 12:00 on 01/23 and back to normal production on 01/29. | L73: 1. SR095297, SR092042, SR095706,SR095899 2. SR095707 3. SR095899 | M73: SR092042 | N73: SR095706 | O73: SR095899 | P73: SR095707 | Q73: SR095899
A74: Terning | B74: MN | C74: =Sites[[#This Row],[SOL'#]] -> SOL-10093 | D74: 526233 | E74: 640284.3 | F74: =IF(AND(ISNUMBER(D74),ISNUMBER(E74)), D74-E74, "") -> -114051.3 | G74: =IFERROR(F74/E74, "") -> -0.17812603 | H74: 466507.1 | I74: =IF(AND(ISNUMBER(D74),ISNUMBER(H74)), D74-H74, "") -> 59725.9 | J74: =IFERROR(I74/H74, "") -> 0.12802785 | K74: 1. Low generation due to weather/snow.
A75: Boas Road 04 | B75: NY | C75: =Sites[[#This Row],[SOL'#]] -> SOL-10908 | D75: 139690 | E75: 195502.95 | F75: =IF(AND(ISNUMBER(D75),ISNUMBER(E75)), D75-E75, "") -> -55812.947 | G75: =IFERROR(F75/E75, "") -> -0.28548392 | H75: 155064.5 | I75: =IF(AND(ISNUMBER(D75),ISNUMBER(H75)), D75-H75, "") -> -15374.5 | J75: =IFERROR(I75/H75, "") -> -0.099149064 | K75: 1. Low generation due to weather/snow.
A76: Kelly Bridge Farm | B76: NY | C76: =Sites[[#This Row],[SOL'#]] -> SOL-10911 | D76: 105630 | E76: 192097.43 | F76: =IF(AND(ISNUMBER(D76),ISNUMBER(E76)), D76-E76, "") -> -86467.428 | G76: =IFERROR(F76/E76, "") -> -0.45012278 | H76: 144336.8 | I76: =IF(AND(ISNUMBER(D76),ISNUMBER(H76)), D76-H76, "") -> -38706.8 | J76: =IFERROR(I76/H76, "") -> -0.26817 | K76: 1. Inverter 23 tripped offline at 9:30 AM on 11/15 due to a blown fuse and back online at 11:05 AM on 01/16. 2. Inverter 24 tripped offline at 12:40 on 01/08 due to blown fuse and back online at 11:05 on 01/16. 3. Inverter 30 tripped offline at 11:00AM on 01/10 and offline throughout the month due to thermal event. Inverter powerhead and dc combiner box have been RMA'd. 4. Inverter 4 tripped offline due to blown fuse at 12:25 on 01/30 and offline throughout the month. | L76: 1. SR093285, SR093470 2. SR095395 3. SR095473 4. SR096164 | M76: SR093470 | N76: SR095395 | O76: SR095473 | P76: SR096164
A77: Pool Brook Road | B77: NY | C77: =Sites[[#This Row],[SOL'#]] -> SOL-10909 | D77: 55489 | E77: 160091.75 | F77: =IF(AND(ISNUMBER(D77),ISNUMBER(E77)), D77-E77, "") -> -104602.75 | G77: =IFERROR(F77/E77, "") -> -0.65339251 | H77: 143824.5 | I77: =IF(AND(ISNUMBER(D77),ISNUMBER(H77)), D77-H77, "") -> -88335.5 | J77: =IFERROR(I77/H77, "") -> -0.61418952 | K77: 1. Low generation due to weather/snow.
A78: Sackett Lake | B78: NY | C78: =Sites[[#This Row],[SOL'#]] -> SOL-10910 | D78: 132347 | E78: 200740.75 | F78: =IF(AND(ISNUMBER(D78),ISNUMBER(E78)), D78-E78, "") -> -68393.754 | G78: =IFERROR(F78/E78, "") -> -0.34070687 | H78: 168308.5 | I78: =IF(AND(ISNUMBER(D78),ISNUMBER(H78)), D78-H78, "") -> -35961.5 | J78: =IFERROR(I78/H78, "") -> -0.21366419 | K78: 1.Inverter 1 tripped offline from 06:50AM to 12:30 on 01/09 and again tripped offline from 8:40AM to 11:55 AM on 01/11 due to a "failing breaker". | L78: 1. SR095433
A79: Burritt Road | B79: NY | C79: =Sites[[#This Row],[SOL'#]] -> SOL-10913 | D79: 72290 | E79: 0 | F79: =IF(AND(ISNUMBER(D79),ISNUMBER(E79)), D79-E79, "") -> 72290 | G79: =IFERROR(F79/E79, "") | H79: 111972.4 | I79: =IF(AND(ISNUMBER(D79),ISNUMBER(H79)), D79-H79, "") -> -39682.4 | J79: =IFERROR(I79/H79, "") -> -0.35439448 | K79: 1.POA Pyranometer is not communicating from 07:00AM on 11/09 and throughout the month due to a malfunctioning NPort, where the POA and GHI are connected. | L79: 1. SR093972
A80: Villa Roma 1 | B80: NY | C80: =Sites[[#This Row],[SOL'#]] -> SOL-10914 | D80: 75089 | E80: 234497.35 | F80: =IF(AND(ISNUMBER(D80),ISNUMBER(E80)), D80-E80, "") -> -159408.35 | G80: =IFERROR(F80/E80, "") -> -0.67978742 | H80: 119197 | I80: =IF(AND(ISNUMBER(D80),ISNUMBER(H80)), D80-H80, "") -> -44108 | J80: =IFERROR(I80/H80, "") -> -0.37004287 | K80: 1. Inverter 2 is offline since 01/23 due to a damaged "tbusd" board, which is being RMA'd and inverter 1 was offline on 01/23 from 08:15am to 01:25pm due to DC Contactor fault and the technician powercycled the inverter 2.Inverter 1 tripped offline on 01/25 at 13:15 due to an 'IAC overcurrent' fault and was back online on 01/26. According to the technician, both the fuses and the capacitor bank were in working order and within range. Inverter 1 tripped offline again on 01/29 at 14:40, came back online on 01/30 at 07:00, and tripped offline once more on 01/30 at 09:00. The technician swapped the CCU board between Inverters 1 and 2, and Inverter 1 was back online at 14:40 on 01/30. 3. CB 4 string 4 is offline from 01/01 due to blown fuse a technician replaced fuse on 01/21 on both string 4and string 11. | L80: 1. SR095885, SR095919 2. SR095976, SR096119 3. SR095645 | M80: SR095919 | N80: SR095976 | O80: SR096119 | P80: SR095645
A81: Villa Roma 2 | B81: NY | C81: =Sites[[#This Row],[SOL'#]] -> SOL-10915 | D81: 94660 | E81: 158029.45 | F81: =IF(AND(ISNUMBER(D81),ISNUMBER(E81)), D81-E81, "") -> -63369.455 | G81: =IFERROR(F81/E81, "") -> -0.40099774 | H81: 116241.7 | I81: =IF(AND(ISNUMBER(D81),ISNUMBER(H81)), D81-H81, "") -> -21581.7 | J81: =IFERROR(I81/H81, "") -> -0.18566229 | K81: 1. Technician swapped the fiber optic cable, restoring Inverter 2 online at 12:15 on 1/7. | L81: 1. SR095176
A82: Washington 1 | B82: NY | C82: =Sites[[#This Row],[SOL'#]] -> SOL-10912 | D82: 106440 | E82: 159121.53 | F82: =IF(AND(ISNUMBER(D82),ISNUMBER(E82)), D82-E82, "") -> -52681.526 | G82: =IFERROR(F82/E82, "") -> -0.33107731 | H82: 107375.8 | I82: =IF(AND(ISNUMBER(D82),ISNUMBER(H82)), D82-H82, "") -> -935.8 | J82: =IFERROR(I82/H82, "") -> -0.0087151854 | K82: 1. Inverter 1 was offline on 1/10 due to a Fault DC Contactor. Ingecon remotely restarted it, restoring operation at 4:00 PM on 1/10. | L82: 1. SR095483
A83: Washington 3 | B83: NY | C83: =Sites[[#This Row],[SOL'#]] -> SOL-10828 | D83: 126003 | E83: 96875.183 | F83: =IF(AND(ISNUMBER(D83),ISNUMBER(E83)), D83-E83, "") -> 29127.817 | G83: =IFERROR(F83/E83, "") -> 0.30067367 | H83: 132253.8 | I83: =IF(AND(ISNUMBER(D83),ISNUMBER(H83)), D83-H83, "") -> -6250.8 | J83: =IFERROR(I83/H83, "") -> -0.04726367 | K83: 1. POA sensor continues to read inaccurately. Tech verified connections by testing both old and new sensors, with irradiance around 1 W/m². The original sensor was last calibrated in May 2024. GPM recommends replacing the run cable to the DAS to improve accuracy. 2. Inverter 2 had delayed startup on 01/09, 01/19, and was offline all day on 01/21 due to an AC Contactor fault. Technician followed Ingeteam's instructions, removed grounding and bonding fuse, switched to a floating system, and swapped the K2 relay with Inverter 1. Inverter back online on 01/23. | L83: 1. SR093024 2. SR095445 | M83: SR095445
A84: Washington 4 | B84: NY | C84: =Sites[[#This Row],[SOL'#]] -> SOL-10829 | D84: 91589 | E84: 0 | F84: =IF(AND(ISNUMBER(D84),ISNUMBER(E84)), D84-E84, "") -> 91589 | G84: =IFERROR(F84/E84, "") | H84: 132064.4 | I84: =IF(AND(ISNUMBER(D84),ISNUMBER(H84)), D84-H84, "") -> -40475.4 | J84: =IFERROR(I84/H84, "") -> -0.30648229 | K84: 1. Low generation due to weather/snow.
A85: Big Tree | B85: NY | C85: =Sites[[#This Row],[SOL'#]] -> SOL-10966 | D85: 23918 | E85: 0 | F85: =IF(AND(ISNUMBER(D85),ISNUMBER(E85)), D85-E85, "") -> 23918 | G85: =IFERROR(F85/E85, "") | H85: 116825.9 | I85: =IF(AND(ISNUMBER(D85),ISNUMBER(H85)), D85-H85, "") -> -92907.9 | J85: =IFERROR(I85/H85, "") -> -0.795268 | K85: 1. Low generation due to weather/snow.
A86: Canoga | B86: NY | C86: =Sites[[#This Row],[SOL'#]] -> SOL-10965 | D86: 314990 | E86: 0 | F86: =IF(AND(ISNUMBER(D86),ISNUMBER(E86)), D86-E86, "") -> 314990 | G86: =IFERROR(F86/E86, "") | I86: =IF(AND(ISNUMBER(D86),ISNUMBER(H86)), D86-H86, "") | J86: =IFERROR(I86/H86, "") | K86: 1. Weather station has reported 0 since 8/21. New UP POA and Down POA need replacement. Gen Cap advised holding off dispatch. 2. Combiner box 19 had minimal production since 10/29. Technician found it locked/tagged, removed the lock, tested voltage, fuses, and ground faults—all tested good. Combiner box 19 back in production on 01/29. 3. Inverter 3 tripped offline at 12:10 on 01/26 due to IAC out of range. Technician found thermal damage and blown fuses. Parts have been RMA'd. 4. Inverter 4 tripped offline at 12:00 on 01/27 due to IAC out of range. Technician replaced a blown fuse on the middle phase, cap bank tested good. Inverter back online at 1:20 on 01/29. 5. Combiner boxe 3 offline due to thermal damage and fuse blown and combiner boxes 21-37,26,30 and 33 required new CT's from 01/29. | L86: 1. SR094278 2. SR095604 3. SR095991 4. SR096045 5. SR095991 | M86: SR095604 | N86: SR095991 | O86: SR096045 | P86: SR095991
A87: County Route 84 | B87: NY | C87: =Sites[[#This Row],[SOL'#]] -> SOL-10967 | D87: 423990 | E87: 0 | F87: =IF(AND(ISNUMBER(D87),ISNUMBER(E87)), D87-E87, "") -> 423990 | G87: =IFERROR(F87/E87, "") | H87: 472285.7 | I87: =IF(AND(ISNUMBER(D87),ISNUMBER(H87)), D87-H87, "") -> -48295.7 | K87: 1. Site tripped offline at 16:00 on 01/29 due to utility outage and back online at 20:55 on 01/29. | L87: 1. SR096126
A88: Donati | B88: NY | C88: =Sites[[#This Row],[SOL'#]] -> SOL-10968 | D88: 127357 | E88: 0 | F88: =IF(AND(ISNUMBER(D88),ISNUMBER(E88)), D88-E88, "") -> 127357 | G88: =IFERROR(F88/E88, "") | H88: 156570.4 | I88: =IF(AND(ISNUMBER(D88),ISNUMBER(H88)), D88-H88, "") -> -29213.4 | J88: =IFERROR(I88/H88, "") -> -0.18658316 | K88: 1. Weather station Reporting 0 value from 05/31. POA sensors need to be replaced. Quote provided to Gen Cap for approval. 2. Trackers A01, A05, A06, A07, A10, B17, D20, F19, F21, F22, F32, F33, and G14 are stuck since different dates, totaling 13. Gen Cap advised holding off dispatch. | L88: 1. SR092964 2. SR095253 | M88: SR095253
A89: Henrietta | B89: NY | C89: =Sites[[#This Row],[SOL'#]] -> SOL-10972 | D89: 200110 | E89: 0 | F89: =IF(AND(ISNUMBER(D89),ISNUMBER(E89)), D89-E89, "") -> 200110 | G89: =IFERROR(F89/E89, "") | H89: 268925.4 | I89: =IF(AND(ISNUMBER(D89),ISNUMBER(H89)), D89-H89, "") -> -68815.4 | J89: =IFERROR(I89/H89, "") -> -0.2558903 | K89: 1.Low generation due to weather/snow.
A90: NY 70 | B90: NY | C90: =Sites[[#This Row],[SOL'#]] -> SOL-10970 | D90: 284620 | E90: 0 | F90: =IF(AND(ISNUMBER(D90),ISNUMBER(E90)), D90-E90, "") -> 284620 | G90: =IFERROR(F90/E90, "") | H90: 386450 | I90: =IF(AND(ISNUMBER(D90),ISNUMBER(H90)), D90-H90, "") -> -101830 | J90: =IFERROR(I90/H90, "") -> -0.2635011 | K90: 1.Inverters 2,3,4 are offline at 11:30 on 01/06 while technician on site to troubleshoot combiner boxes. In addition Combiner Boxes 35-46 are offline from 01/02 and back online on 01/14. | L90: 1.SR095252
A91: Reid | B91: NY | C91: =Sites[[#This Row],[SOL'#]] -> SOL-10991 | D91: 165884.99 | E91: 348144.2 | F91: =IF(AND(ISNUMBER(D91),ISNUMBER(E91)), D91-E91, "") -> -182259.21 | G91: =IFERROR(F91/E91, "") -> -0.52351644 | H91: 265223 | I91: =IF(AND(ISNUMBER(D91),ISNUMBER(H91)), D91-H91, "") -> -99338.011 | J91: =IFERROR(I91/H91, "") -> -0.37454523 | K91: 1. Inverter 23 was offline since 11/29 reporting Grid Phase Voltage Out of Range. Gen Cap advised holding off dispatch. | L91: 1. SR093436
A92: Sangolqui | B92: NY | C92: =Sites[[#This Row],[SOL'#]] -> SOL-10975 | D92: 129267 | E92: 0 | F92: =IF(AND(ISNUMBER(D92),ISNUMBER(E92)), D92-E92, "") -> 129267 | G92: =IFERROR(F92/E92, "") | H92: 151974.9 | I92: =IF(AND(ISNUMBER(D92),ISNUMBER(H92)), D92-H92, "") -> -22707.9 | J92: =IFERROR(I92/H92, "") -> -0.14941875 | K92: 1. Inverter 1 started late for the production due to Isolation resistance value of limits and later self resolved at 11:25 on 01/29. | L92: 1. SR096100
A93: State Highway 17B | B93: NY | C93: =Sites[[#This Row],[SOL'#]] -> SOL-10988 | D93: 242020 | E93: 0 | F93: =IF(AND(ISNUMBER(D93),ISNUMBER(E93)), D93-E93, "") -> 242020 | G93: =IFERROR(F93/E93, "") | H93: 384984 | I93: =IF(AND(ISNUMBER(D93),ISNUMBER(H93)), D93-H93, "") -> -142964 | J93: =IFERROR(I93/H93, "") -> -0.3713505 | K93: 1. Site tripped offline at 13:50PM on 01/07/25 and came back online after a brief outage at 20:00 on same day. 2. Inverter 4 has been offline since 11/13/24 and reporting Fault elect. supply. On 01/29/25, the technician installed stacks, partially checked ground faults, and found the connecting plates were missing. Re-energizing occurred, as thermal events were observed during this step and inverter still offline. | L93: 1. SR095376 2. SR093375 | M93: SR093375
A94: State Route 14A | B94: NY | C94: =Sites[[#This Row],[SOL'#]] -> SOL-10997 | D94: 331004 | E94: 0 | F94: =IF(AND(ISNUMBER(D94),ISNUMBER(E94)), D94-E94, "") -> 331004 | G94: =IFERROR(F94/E94, "") | H94: 427147.4 | I94: =IF(AND(ISNUMBER(D94),ISNUMBER(H94)), D94-H94, "") -> -96143.4 | J94: =IFERROR(I94/H94, "") -> -0.22508249 | K94: 1.Inverter 2 tripped offline at 9:40 AM on 01/14/25 due to an SE INTERNAL TEMP UNBALANCED (253) fault and came back online at 2:50 PM the same day. On 01/15/25, the technician performed a fan test. After restarting, Inverter 2 showed a Phase S blower message. Fans S & R were swapped, but the fault followed the fan. Ingeteam issued an RMA to ship a new fan. On 01/20/25, the inverter again tripped offline at 12:05 PM and remained offline. On 01/27/25, the technician replaced the RMA fan "S," and it was brought back online at 12:45 PM. | L94: 1. SR095549
A95: West Creek | B95: NY | C95: =Sites[[#This Row],[SOL'#]] -> SOL-10995 | D95: 376140 | E95: 0 | F95: =IF(AND(ISNUMBER(D95),ISNUMBER(E95)), D95-E95, "") -> 376140 | G95: =IFERROR(F95/E95, "") | H95: 397925.5 | I95: =IF(AND(ISNUMBER(D95),ISNUMBER(H95)), D95-H95, "") -> -21785.5 | J95: =IFERROR(I95/H95, "") -> -0.054747685
A96: Wildflower | B96: NY | C96: =Sites[[#This Row],[SOL'#]] -> SOL-10982 | D96: 324291.4 | E96: 0 | F96: =IF(AND(ISNUMBER(D96),ISNUMBER(E96)), D96-E96, "") -> 324291.4 | G96: =IFERROR(F96/E96, "") | H96: 433603.2 | I96: =IF(AND(ISNUMBER(D96),ISNUMBER(H96)), D96-H96, "") -> -109311.8 | J96: =IFERROR(I96/H96, "") -> -0.252101 | K96: 1. Inverters 1 and 2 tripped offline at 13:40 on 01/07/25 and came back online on 01/08. Inverter 1 tripped again at 12:20 on 01/11 due to an Iac out-of-range fault. Inverter 2 experienced multiple trips due to an isolation resistance value out-of-limits fault. On 01/12/25, the technician brought both inverters back online at 13:40 after replacing the connection with a new wire (same labeling) and a new fuse from stock. 2. Inverter 3 tripped offline at 10:40 AM on 01/22/25 due to an AC Protection fault. Inverter 4 experienced multiple trips due to a hardware error. On 01/23/25, the technician brought Inverter 3 back online at 15:05 after closing the Q4 breaker, finding the D134 LED illuminated but no other errors. Further instructions from Ingeteam are needed for part replacement. On 01/24/25, the technician tested the capacitor banks of Inverters 3 and 4 as per Ingeteam's instructions. Inverter 3's capacitor bank was RMA'd. 3. Inverter 2 tripped offline at 12:05 and back online at 13:00 on 01/28/25 due to an Insulation fault. | L96: 1. SR095496 2. SR095852 3. SR096056 | M96: SR095852 | N96: SR096056
A97: Glen Mary 1 | B97: NY | C97: =Sites[[#This Row],[SOL'#]] -> SOL-10993 | D97: 396140 | E97: 0 | F97: =IF(AND(ISNUMBER(D97),ISNUMBER(E97)), D97-E97, "") -> 396140 | G97: =IFERROR(F97/E97, "") | H97: 420494.8 | I97: =IF(AND(ISNUMBER(D97),ISNUMBER(H97)), D97-H97, "") -> -24354.8 | J97: =IFERROR(I97/H97, "") -> -0.057919384
A98: Glen Mary 2 | B98: NY | C98: =Sites[[#This Row],[SOL'#]] -> SOL-10994 | D98: 63710 | E98: 0 | F98: =IF(AND(ISNUMBER(D98),ISNUMBER(E98)), D98-E98, "") -> 63710 | G98: =IFERROR(F98/E98, "") | H98: 171573.9 | I98: =IF(AND(ISNUMBER(D98),ISNUMBER(H98)), D98-H98, "") -> -107863.9 | J98: =IFERROR(I98/H98, "") -> -0.62867313 | K98: 1.Inverter 1 tripped offline at 14:15 on 01/16/25 due to a ground fault. On 01/17/25, the technician identified the fault on CB 13, turned it off, and restarted the inverter. On 01/18/25, condensation was found on CB 19 and voltage issues on string 9, so CB 19 was left offline. The GFDI fault returned after restarting. On 01/21/25, the technician found a hard positive ground fault on the negative busbar, but could not replicate the fault after checking all CBs. Inverter 1 has been RMA'd. | L98: 1. SR095635
A99: Telegraph 1 | B99: NY | C99: =Sites[[#This Row],[SOL'#]] -> SOL-11003 | D99: 136202 | E99: 0 | F99: =IF(AND(ISNUMBER(D99),ISNUMBER(E99)), D99-E99, "") -> 136202 | G99: =IFERROR(F99/E99, "") | H99: 286022.2 | I99: =IF(AND(ISNUMBER(D99),ISNUMBER(H99)), D99-H99, "") -> -149820.2 | J99: =IFERROR(I99/H99, "") -> -0.52380619 | K99: 1. Site was tripped offline on 01/07/25 at 13:15 due to utility outage and power was restored at 14:25 on same day. 2. Site was tripped offline on 01/22/25 at 11:30AM due to utility outage and power was restored at 17:25 on same day. 3. Site was tripped offline on 01/29/25 at 11:45AM due to utility outage and power was restored at 13:00 on same day. | L99: 1. SR095374 2. SR095374 3. SR096112 | M99: SR095374 | N99: SR096112
A100: Telegraph 2 | B100: NY | C100: =Sites[[#This Row],[SOL'#]] -> SOL-11004 | D100: 87233 | E100: 0 | F100: =IF(AND(ISNUMBER(D100),ISNUMBER(E100)), D100-E100, "") -> 87233 | G100: =IFERROR(F100/E100, "") | H100: 146627.1 | I100: =IF(AND(ISNUMBER(D100),ISNUMBER(H100)), D100-H100, "") -> -59394.1 | J100: =IFERROR(I100/H100, "") -> -0.40506905 | K100: 1. Site was tripped offline on 01/07/25 at 13:15 due to utility outage and power was restored at 14:25 on same day. 2. Site was tripped offline on 01/22/25 at 12:20 AM. On 01/23/25, the technician found the cradlepoint was not working and the SIM card was RMA'd. On 01/27/25 the technician pushed new firmware, power-cycled the cradlepoint site back online at 05:00 on 01/27 3. Site was tripped offline on 01/29/25 at 11:50AM due to utility outage and power was restored at 13:00 on same day. | L100: 1. SR095375 2. SR095375 3. SR096113 | M100: SR095375 | N100: SR096113
...

Sheet Feb
A1: {=portfolio} -> Generate Capital | E1: February Actual v. Expected | H1: February Actual v. Forecasted
A2: Total | D2: =SUM(D4:D137) -> 10860884 | E2: =SUM(E4:E137) -> 5939387.2 | F2: =D2-E2 -> 4921496.8 | G2: =IFERROR(F2/E2, 0) -> 0.8286203 | H2: =SUM(H4:H137) -> 16320688 | I2: =D2-H2 -> -5459804.1 | J2: =IFERROR(I2/H2, 0) -> -0.33453271 | K2: =IF(AND(TODAY()>DATE(2024, 2, 1), COUNTA(Sites[Site])<>(COUNT(D:D)-1)), "Some sites are missing actual data; if new sites were added, make sure they are aligned correctly (including prior months!)", "") -> Some sites are missing actual data; if new sites were added, make sure they are aligned correctly (including prior months!)
A3: Site | B3: State | C3: SOL# | D3: Actual | E3: Expected | F3: Delta | G3: % | H3: Forecasted | I3: Delta | J3: % | K3: Notes | L3: Service Requests
A4: {=Sites[Site]} -> Farmer | B4: {=Sites[State]} -> AZ | C4: =Sites[[#This Row],[SOL'#]] -> SOL-10748 | D4: 10573.652 | E4: 7409.32 | F4: =IF(AND(ISNUMBER(D4),ISNUMBER(E4)), D4-E4, "") -> 3164.3321 | G4: =IFERROR(F4/E4, "") -> 0.42707456 | H4: 9634.161 | I4: =IF(AND(ISNUMBER(D4),ISNUMBER(H4)), D4-H4, "") -> 939.49112 | J4: =IFERROR(I4/H4, "") -> 0.097516651
A5: Fulton | B5: AZ | C5: =Sites[[#This Row],[SOL'#]] -> SOL-10749 | D5: 29770.25 | E5: 39065.36 | F5: =IF(AND(ISNUMBER(D5),ISNUMBER(E5)), D5-E5, "") -> -9295.11 | G5: =IFERROR(F5/E5, "") -> -0.2379374 | H5: 37543.32 | I5: =IF(AND(ISNUMBER(D5),ISNUMBER(H5)), D5-H5, "") -> -7773.07 | J5: =IFERROR(I5/H5, "") -> -0.20704269 | K5: 1. Low generation due to weather/snow.
A6: JFK Elementary | B6: AZ | C6: =Sites[[#This Row],[SOL'#]] -> SOL-10758 | D6: 17693.229 | E6: 0 | F6: =IF(AND(ISNUMBER(D6),ISNUMBER(E6)), D6-E6, "") -> 17693.229 | G6: =IFERROR(F6/E6, "") | H6: 15108 | I6: =IF(AND(ISNUMBER(D6),ISNUMBER(H6)), D6-H6, "") -> 2585.2292 | J6: =IFERROR(I6/H6, "") -> 0.17111658
A7: Noble | B7: AZ | C7: =Sites[[#This Row],[SOL'#]] -> SOL-10750 | D7: 10180.275 | E7: 12508.12 | F7: =IF(AND(ISNUMBER(D7),ISNUMBER(E7)), D7-E7, "") -> -2327.8449 | G7: =IFERROR(F7/E7, "") -> -0.1861067 | H7: 9846.618 | I7: =IF(AND(ISNUMBER(D7),ISNUMBER(H7)), D7-H7, "") -> 333.65709 | J7: =IFERROR(I7/H7, "") -> 0.03388545 | K7: 1.Low generation due to weather/snow.
A8: Parking 3 | B8: AZ | C8: =Sites[[#This Row],[SOL'#]] -> SOL-10751 | D8: 26696.312 | E8: 19132.3 | F8: =IF(AND(ISNUMBER(D8),ISNUMBER(E8)), D8-E8, "") -> 7564.0125 | G8: =IFERROR(F8/E8, "") -> 0.39535302 | H8: 23776.46 | I8: =IF(AND(ISNUMBER(D8),ISNUMBER(H8)), D8-H8, "") -> 2919.8525 | J8: =IFERROR(I8/H8, "") -> 0.12280434 | K8: 1.Low generation due to weather/snow.
A9: PE East | B9: AZ | C9: =Sites[[#This Row],[SOL'#]] -> SOL-10752 | D9: 23496.912 | E9: 14849.62 | F9: =IF(AND(ISNUMBER(D9),ISNUMBER(E9)), D9-E9, "") -> 8647.2925 | G9: =IFERROR(F9/E9, "") -> 0.58232416 | H9: 23143.43 | I9: =IF(AND(ISNUMBER(D9),ISNUMBER(H9)), D9-H9, "") -> 353.48248 | J9: =IFERROR(I9/H9, "") -> 0.015273556 | K9: 1.Low generation due to weather/snow.
A10: Schwada | B10: AZ | C10: =Sites[[#This Row],[SOL'#]] -> SOL-10753 | D10: 10611.011 | E10: 6113.705 | F10: =IF(AND(ISNUMBER(D10),ISNUMBER(E10)), D10-E10, "") -> 4497.306 | G10: =IFERROR(F10/E10, "") -> 0.73561057 | H10: 10204 | I10: =IF(AND(ISNUMBER(D10),ISNUMBER(H10)), D10-H10, "") -> 407.011 | J10: =IFERROR(I10/H10, "") -> 0.039887397 | K10: 1.Meter has no communication due that we have added total inverter production as total site production | L10: 1.SR094057
A11: Starshine | B11: AZ | C11: =Sites[[#This Row],[SOL'#]] -> SOL-10757 | D11: 6163.7907 | E11: 0 | F11: =IF(AND(ISNUMBER(D11),ISNUMBER(E11)), D11-E11, "") -> 6163.7907 | G11: =IFERROR(F11/E11, "") | H11: 6328 | I11: =IF(AND(ISNUMBER(D11),ISNUMBER(H11)), D11-H11, "") -> -164.20927 | J11: =IFERROR(I11/H11, "") -> -0.025949632
A12: Yuma Airport | B12: AZ | C12: =Sites[[#This Row],[SOL'#]] -> SOL-10754 | D12: 59009 | E12: 74020.27 | F12: =IF(AND(ISNUMBER(D12),ISNUMBER(E12)), D12-E12, "") -> -15011.27 | G12: =IFERROR(F12/E12, "") -> -0.20279945 | H12: 59338 | I12: =IF(AND(ISNUMBER(D12),ISNUMBER(H12)), D12-H12, "") -> -329 | J12: =IFERROR(I12/H12, "") -> -0.0055445077 | K12: 1.Low generation due to weather/snow.
A13: Kinsman | B13: OH | C13: =Sites[[#This Row],[SOL'#]] -> SOL-10762 | D13: 33971.82 | E13: 61160.25 | F13: =IF(AND(ISNUMBER(D13),ISNUMBER(E13)), D13-E13, "") -> -27188.43 | G13: =IFERROR(F13/E13, "") -> -0.44454412 | H13: 62296 | I13: =IF(AND(ISNUMBER(D13),ISNUMBER(H13)), D13-H13, "") -> -28324.18 | J13: =IFERROR(I13/H13, "") -> -0.45467092 | K13: 1. Inverter 2 was offline throughout the month and reporting fault "Watchdog". Gen Cap will work directly with Rural Solar. 2.Inverter 1 shows production in line with peers from 02/13 | L13: 1.SR092555 2.SR091903 | M13: SR091903
A14: Wooster | B14: OH | C14: =Sites[[#This Row],[SOL'#]] -> SOL-10763 | D14: 8951.25 | E14: 0 | F14: =IF(AND(ISNUMBER(D14),ISNUMBER(E14)), D14-E14, "") -> 8951.25 | G14: =IFERROR(F14/E14, "") | H14: 13354 | I14: =IF(AND(ISNUMBER(D14),ISNUMBER(H14)), D14-H14, "") -> -4402.75 | J14: =IFERROR(I14/H14, "") -> -0.32969522 | K14: 1.8 inverters are offline and need to be replaced, no fault code. Gen Cap will work directly with Rural Solar. | L14: 1.SR092556
A15: Globe Gila CC | B15: AZ | C15: =Sites[[#This Row],[SOL'#]] -> SOL-10755 | D15: 14585.558 | E15: 0 | F15: =IF(AND(ISNUMBER(D15),ISNUMBER(E15)), D15-E15, "") -> 14585.558 | G15: =IFERROR(F15/E15, "") | H15: 10665 | I15: =IF(AND(ISNUMBER(D15),ISNUMBER(H15)), D15-H15, "") -> 3920.5579 | J15: =IFERROR(I15/H15, "") -> 0.36760974
A16: Payson Gila CC | B16: AZ | C16: =Sites[[#This Row],[SOL'#]] -> SOL-10756 | D16: 9655.2562 | E16: 4192.162 | F16: =IF(AND(ISNUMBER(D16),ISNUMBER(E16)), D16-E16, "") -> 5463.0942 | G16: =IFERROR(F16/E16, "") -> 1.3031687 | H16: 8752 | I16: =IF(AND(ISNUMBER(D16),ISNUMBER(H16)), D16-H16, "") -> 903.25618 | J16: =IFERROR(I16/H16, "") -> 0.10320569 | K16: 1. Expected values are too low observed during monthly reports. The weather station at site is virtual weather station. | L16: 1.SR093028
A17: SCNM | B17: AZ | C17: =Sites[[#This Row],[SOL'#]] -> SOL-10760 | D17: 60442.63 | E17: 29263.08 | F17: =IF(AND(ISNUMBER(D17),ISNUMBER(E17)), D17-E17, "") -> 31179.55 | G17: =IFERROR(F17/E17, "") -> 1.0654911 | H17: 54018 | I17: =IF(AND(ISNUMBER(D17),ISNUMBER(H17)), D17-H17, "") -> 6424.63 | J17: =IFERROR(I17/H17, "") -> 0.11893498 | K17: 1. Inverter 2 has been sporadically derating on high irradiance days, with a history of issues. Technician, with SMA's support, identified an overcurrent in one IGBT CT. The entire IGBT unit will to be replaced. 2. Expected values are too low observed during monthly reports. The weather station at site is virtual weather station. | L17: 1.SR091894 , SR093029 2.SR093029 | M17: SR093029 | N17: SR093029
A18: Sequoia Charter School | B18: AZ | C18: =Sites[[#This Row],[SOL'#]] -> SOL-10759 | D18: 20776.99 | E18: 0 | F18: =IF(AND(ISNUMBER(D18),ISNUMBER(E18)), D18-E18, "") -> 20776.99 | G18: =IFERROR(F18/E18, "") | H18: 34134 | I18: =IF(AND(ISNUMBER(D18),ISNUMBER(H18)), D18-H18, "") -> -13357.01 | J18: =IFERROR(I18/H18, "") -> -0.39131101 | K18: 1. Meters 8 & 9 are continuously tripping and self-resolving. Technician found a State 514 fault, and Fronius confirmed two faulty power stacks need replacement. | L18: 1.SR093550
A19: RCAB | B19: MA | C19: =Sites[[#This Row],[SOL'#]] -> SOL-10838 | D19: 34742.5 | E19: 71476.18 | F19: =IF(AND(ISNUMBER(D19),ISNUMBER(E19)), D19-E19, "") -> -36733.68 | G19: =IFERROR(F19/E19, "") -> -0.51392898 | H19: 62380.79 | I19: =IF(AND(ISNUMBER(D19),ISNUMBER(H19)), D19-H19, "") -> -27638.29 | J19: =IFERROR(I19/H19, "") -> -0.44305771 | K19: 1. Inverters 4 and 11 are experiencing heavy shading throughout the day due to trees. 2. Inverter 2 tripped offline at 09:00 AM on 02/28 and reporting "Shutdown: Abnormal". | L19: 1.SR093047 2. SR097910 | M19: SR097910
A20: Spectro Coatings | B20: MA | C20: =Sites[[#This Row],[SOL'#]] -> SOL-10074 | D20: 2557.25 | E20: 23169.18 | F20: =IF(AND(ISNUMBER(D20),ISNUMBER(E20)), D20-E20, "") -> -20611.93 | G20: =IFERROR(F20/E20, "") -> -0.88962708 | H20: 16225.21 | I20: =IF(AND(ISNUMBER(D20),ISNUMBER(H20)), D20-H20, "") -> -13667.96 | J20: =IFERROR(I20/H20, "") -> -0.84239033 | K20: 1.Low generation due to weather/snow.
A21: K026 | B21: NY | C21: =Sites[[#This Row],[SOL'#]] -> SOL-10356 | D21: 17315.75 | E21: 21363.42 | F21: =IF(AND(ISNUMBER(D21),ISNUMBER(E21)), D21-E21, "") -> -4047.67 | G21: =IFERROR(F21/E21, "") -> -0.18946732 | H21: 15170.88 | I21: =IF(AND(ISNUMBER(D21),ISNUMBER(H21)), D21-H21, "") -> 2144.87 | J21: =IFERROR(I21/H21, "") -> 0.14138072 | K21: 1.Low generation due to weather/snow.
A22: K041 | B22: NY | C22: =Sites[[#This Row],[SOL'#]] -> SOL-10357 | D22: 13320.781 | E22: 17186.99 | F22: =IF(AND(ISNUMBER(D22),ISNUMBER(E22)), D22-E22, "") -> -3866.2088 | G22: =IFERROR(F22/E22, "") -> -0.22494973 | H22: 13859 | I22: =IF(AND(ISNUMBER(D22),ISNUMBER(H22)), D22-H22, "") -> -538.21875 | J22: =IFERROR(I22/H22, "") -> -0.038835324 | K22: 1.Low generation due to weather/snow.
A23: K043 | B23: NY | C23: =Sites[[#This Row],[SOL'#]] -> SOL-10358 | D23: 15518.344 | E23: 18500.95 | F23: =IF(AND(ISNUMBER(D23),ISNUMBER(E23)), D23-E23, "") -> -2982.6063 | G23: =IFERROR(F23/E23, "") -> -0.16121368 | H23: 3061 | I23: =IF(AND(ISNUMBER(D23),ISNUMBER(H23)), D23-H23, "") -> 12457.344 | J23: =IFERROR(I23/H23, "") -> 4.0696974 | K23: 1.Estimated values are low in AE we have also verified the file which was given GC
A24: K058 | B24: NY | C24: =Sites[[#This Row],[SOL'#]] -> SOL-10360 | D24: 4162.5625 | E24: 9281.183 | F24: =IF(AND(ISNUMBER(D24),ISNUMBER(E24)), D24-E24, "") -> -5118.6205 | G24: =IFERROR(F24/E24, "") -> -0.55150518 | H24: 12005.22 | I24: =IF(AND(ISNUMBER(D24),ISNUMBER(H24)), D24-H24, "") -> -7842.6575 | J24: =IFERROR(I24/H24, "") -> -0.65327062 | K24: 1.The inverters experienced multiple tripping events on 02/14,17,18,19,20 due to intermittent voltage on phase B. The site tripped offline at 08:52 AM on 02/21. The technician arrived and stated that the cause was a blown phase C fuse and thermal damage to the AC disconnect. The site will remain offline until the parts are replaced. | L24: 1.SR097569
A25: K115 | B25: NY | C25: =Sites[[#This Row],[SOL'#]] -> SOL-10361 | D25: 3372.4181 | E25: 7965.901 | F25: =IF(AND(ISNUMBER(D25),ISNUMBER(E25)), D25-E25, "") -> -4593.4829 | G25: =IFERROR(F25/E25, "") -> -0.57664323 | H25: 7488.091 | I25: =IF(AND(ISNUMBER(D25),ISNUMBER(H25)), D25-H25, "") -> -4115.6729 | J25: =IFERROR(I25/H25, "") -> -0.54962913 | K25: 1. 96 optimizers are down for site construction. 2. Low generation due to weather/snow. | L25: 1.SR093291
A26: K152 | B26: NY | C26: =Sites[[#This Row],[SOL'#]] -> SOL-10362 | D26: 4885.5938 | E26: 5681.248 | F26: =IF(AND(ISNUMBER(D26),ISNUMBER(E26)), D26-E26, "") -> -795.65425 | G26: =IFERROR(F26/E26, "") -> -0.1400492 | H26: 4676 | I26: =IF(AND(ISNUMBER(D26),ISNUMBER(H26)), D26-H26, "") -> 209.59375 | J26: =IFERROR(I26/H26, "") -> 0.0448233 | K26: 1. Low generation due to weather/snow.
A27: K166 | B27: NY | C27: =Sites[[#This Row],[SOL'#]] -> SOL-10363 | D27: 17203.5 | E27: 21280.06 | F27: =IF(AND(ISNUMBER(D27),ISNUMBER(E27)), D27-E27, "") -> -4076.56 | G27: =IFERROR(F27/E27, "") -> -0.19156713 | H27: 16417.23 | I27: =IF(AND(ISNUMBER(D27),ISNUMBER(H27)), D27-H27, "") -> 786.27 | J27: =IFERROR(I27/H27, "") -> 0.047892976 | K27: 1. Low generation due to weather/snow.
A28: K206 | B28: NY | C28: =Sites[[#This Row],[SOL'#]] -> SOL-10927 | D28: 10148.324 | E28: 12619.81 | F28: =IF(AND(ISNUMBER(D28),ISNUMBER(E28)), D28-E28, "") -> -2471.4859 | G28: =IFERROR(F28/E28, "") -> -0.19584177 | H28: 9232 | I28: =IF(AND(ISNUMBER(D28),ISNUMBER(H28)), D28-H28, "") -> 916.32407 | J28: =IFERROR(I28/H28, "") -> 0.099255207 | K28: 1.Low generation due to weather/snow.
A29: K251 | B29: NY | C29: =Sites[[#This Row],[SOL'#]] -> SOL-10365 | D29: 11751.062 | E29: 0 | F29: =IF(AND(ISNUMBER(D29),ISNUMBER(E29)), D29-E29, "") -> 11751.062 | G29: =IFERROR(F29/E29, "") | H29: 11033.06 | I29: =IF(AND(ISNUMBER(D29),ISNUMBER(H29)), D29-H29, "") -> 718.0025 | J29: =IFERROR(I29/H29, "") -> 0.065077367 | K29: 1.Weather station is not communicating since 11/22/2024. | L29: 1.SR093633
A30: K269 | B30: NY | C30: =Sites[[#This Row],[SOL'#]] -> SOL-10366 | D30: 10325.688 | E30: 14133.12 | F30: =IF(AND(ISNUMBER(D30),ISNUMBER(E30)), D30-E30, "") -> -3807.4325 | G30: =IFERROR(F30/E30, "") -> -0.26939788 | H30: 10722.85 | I30: =IF(AND(ISNUMBER(D30),ISNUMBER(H30)), D30-H30, "") -> -397.1625 | J30: =IFERROR(I30/H30, "") -> -0.037038894
A31: K273 | B31: NY | C31: =Sites[[#This Row],[SOL'#]] -> SOL-10367 | D31: 10878.625 | E31: 0 | F31: =IF(AND(ISNUMBER(D31),ISNUMBER(E31)), D31-E31, "") -> 10878.625 | G31: =IFERROR(F31/E31, "") | H31: 12777 | I31: =IF(AND(ISNUMBER(D31),ISNUMBER(H31)), D31-H31, "") -> -1898.375 | J31: =IFERROR(I31/H31, "") -> -0.14857752 | K31: 1. Weather station is not communicating since 06/30/2024. 2. 26 optimizers are down for roof repair. | L31: 1.SR086842 2.SR093294 | M31: SR093294
A32: K287 | B32: NY | C32: =Sites[[#This Row],[SOL'#]] -> SOL-10919 | D32: 9429.75 | E32: 9596.787 | F32: =IF(AND(ISNUMBER(D32),ISNUMBER(E32)), D32-E32, "") -> -167.037 | G32: =IFERROR(F32/E32, "") -> -0.017405513 | H32: 9504 | I32: =IF(AND(ISNUMBER(D32),ISNUMBER(H32)), D32-H32, "") -> -74.25 | J32: =IFERROR(I32/H32, "") -> -0.0078125
A33: K298 | B33: NY | C33: =Sites[[#This Row],[SOL'#]] -> SOL-10368 | D33: 9181.5 | E33: 12211.43 | F33: =IF(AND(ISNUMBER(D33),ISNUMBER(E33)), D33-E33, "") -> -3029.93 | G33: =IFERROR(F33/E33, "") -> -0.24812246 | H33: 9465 | I33: =IF(AND(ISNUMBER(D33),ISNUMBER(H33)), D33-H33, "") -> -283.5 | J33: =IFERROR(I33/H33, "") -> -0.029952456 | K33: 1.Low generation due to weather/snow.
A34: K335 | B34: NY | C34: =Sites[[#This Row],[SOL'#]] -> SOL-10370 | D34: 9894.3125 | E34: 13143.68 | F34: =IF(AND(ISNUMBER(D34),ISNUMBER(E34)), D34-E34, "") -> -3249.3675 | G34: =IFERROR(F34/E34, "") -> -0.24721901 | H34: 10841 | I34: =IF(AND(ISNUMBER(D34),ISNUMBER(H34)), D34-H34, "") -> -946.6875 | J34: =IFERROR(I34/H34, "") -> -0.087324739 | K34: 1.Low generation due to weather/snow.
A35: K345 | B35: NY | C35: =Sites[[#This Row],[SOL'#]] -> SOL-10920 | D35: 12057.631 | E35: 9026.366 | F35: =IF(AND(ISNUMBER(D35),ISNUMBER(E35)), D35-E35, "") -> 3031.2652 | G35: =IFERROR(F35/E35, "") -> 0.33582343 | H35: 11577 | I35: =IF(AND(ISNUMBER(D35),ISNUMBER(H35)), D35-H35, "") -> 480.63117 | J35: =IFERROR(I35/H35, "") -> 0.041516038
A36: K445 | B36: NY | C36: =Sites[[#This Row],[SOL'#]] -> SOL-10373 | D36: 9972.625 | E36: 13155.89 | F36: =IF(AND(ISNUMBER(D36),ISNUMBER(E36)), D36-E36, "") -> -3183.265 | G36: =IFERROR(F36/E36, "") -> -0.24196501 | H36: 9461.312 | I36: =IF(AND(ISNUMBER(D36),ISNUMBER(H36)), D36-H36, "") -> 511.313 | J36: =IFERROR(I36/H36, "") -> 0.054042505 | K36: 1.Low generation due to weather/snow.
A37: K495 | B37: NY | C37: =Sites[[#This Row],[SOL'#]] -> SOL-10374 | D37: 576 | E37: 39846.9 | F37: =IF(AND(ISNUMBER(D37),ISNUMBER(E37)), D37-E37, "") -> -39270.9 | G37: =IFERROR(F37/E37, "") -> -0.98554467 | H37: 42524 | I37: =IF(AND(ISNUMBER(D37),ISNUMBER(H37)), D37-H37, "") -> -41948 | J37: =IFERROR(I37/H37, "") -> -0.98645471 | K37: 1.Due to shunt trips of the switchgear and overcurrent faults, the site has been offline since 11/20/2024. It came back online at 10:25 AM on 02/12 and again tripped offline at 05:25 PM on 02/13 till date. | L37: 1.SR093196
A38: M020 | B38: NY | C38: =Sites[[#This Row],[SOL'#]] -> SOL-10380 | D38: 10867.531 | E38: 12814.96 | F38: =IF(AND(ISNUMBER(D38),ISNUMBER(E38)), D38-E38, "") -> -1947.4287 | G38: =IFERROR(F38/E38, "") -> -0.15196526 | H38: 11685 | I38: =IF(AND(ISNUMBER(D38),ISNUMBER(H38)), D38-H38, "") -> -817.46875 | J38: =IFERROR(I38/H38, "") -> -0.069958815 | K38: 1. Low generation due to weather/snow.
A39: M092 | B39: NY | C39: =Sites[[#This Row],[SOL'#]] -> SOL-10383 | D39: 10232.687 | E39: 12943.67 | F39: =IF(AND(ISNUMBER(D39),ISNUMBER(E39)), D39-E39, "") -> -2710.9825 | G39: =IFERROR(F39/E39, "") -> -0.20944466 | H39: 10669.36 | I39: =IF(AND(ISNUMBER(D39),ISNUMBER(H39)), D39-H39, "") -> -436.6725 | J39: =IFERROR(I39/H39, "") -> -0.040927713 | K39: 1.Low generation due to weather/snow.
A40: M143 | B40: NY | C40: =Sites[[#This Row],[SOL'#]] -> SOL-10384 | D40: 11888.438 | E40: 14631.46 | F40: =IF(AND(ISNUMBER(D40),ISNUMBER(E40)), D40-E40, "") -> -2743.0225 | G40: =IFERROR(F40/E40, "") -> -0.18747428 | H40: 11479.42 | I40: =IF(AND(ISNUMBER(D40),ISNUMBER(H40)), D40-H40, "") -> 409.0175 | J40: =IFERROR(I40/H40, "") -> 0.035630502 | K40: 1. Low generation due to weather/snow.
A41: M144 | B41: NY | C41: =Sites[[#This Row],[SOL'#]] -> SOL-10385 | D41: 17687.031 | E41: 0 | F41: =IF(AND(ISNUMBER(D41),ISNUMBER(E41)), D41-E41, "") -> 17687.031 | G41: =IFERROR(F41/E41, "") | H41: 18132 | I41: =IF(AND(ISNUMBER(D41),ISNUMBER(H41)), D41-H41, "") -> -444.96875 | J41: =IFERROR(I41/H41, "") -> -0.024540522
A42: M167 | B42: NY | C42: =Sites[[#This Row],[SOL'#]] -> SOL-10386 | D42: 12276.062 | E42: 12046.86 | F42: =IF(AND(ISNUMBER(D42),ISNUMBER(E42)), D42-E42, "") -> 229.2025 | G42: =IFERROR(F42/E42, "") -> 0.019025912 | H42: 13350.32 | I42: =IF(AND(ISNUMBER(D42),ISNUMBER(H42)), D42-H42, "") -> -1074.2575 | J42: =IFERROR(I42/H42, "") -> -0.080466798
A43: M188 | B43: NY | C43: =Sites[[#This Row],[SOL'#]] -> SOL-10387 | D43: 9166.4375 | E43: 0 | F43: =IF(AND(ISNUMBER(D43),ISNUMBER(E43)), D43-E43, "") -> 9166.4375 | G43: =IFERROR(F43/E43, "") | H43: 9611 | I43: =IF(AND(ISNUMBER(D43),ISNUMBER(H43)), D43-H43, "") -> -444.5625 | J43: =IFERROR(I43/H43, "") -> -0.046255593
A44: EMHC | B44: NY | C44: =Sites[[#This Row],[SOL'#]] -> SOL-10351 | D44: 3579.1094 | E44: 2980.918 | F44: =IF(AND(ISNUMBER(D44),ISNUMBER(E44)), D44-E44, "") -> 598.19137 | G44: =IFERROR(F44/E44, "") -> 0.20067354 | H44: 3438.427 | I44: =IF(AND(ISNUMBER(D44),ISNUMBER(H44)), D44-H44, "") -> 140.68237 | J44: =IFERROR(I44/H44, "") -> 0.040914748
A45: Q008 | B45: NY | C45: =Sites[[#This Row],[SOL'#]] -> SOL-10397 | D45: 10602.438 | E45: 13743.77 | F45: =IF(AND(ISNUMBER(D45),ISNUMBER(E45)), D45-E45, "") -> -3141.3325 | G45: =IFERROR(F45/E45, "") -> -0.22856411 | H45: 14789 | I45: =IF(AND(ISNUMBER(D45),ISNUMBER(H45)), D45-H45, "") -> -4186.5625 | J45: =IFERROR(I45/H45, "") -> -0.28308625 | K45: 1.The site went offline at 09:45 on 02/14 due to the AC breaker tripping. The technician reset the breaker, and the site came back online at 11:00 on 02/18. 2.The site was offline from 13:15 on 02/21 due to the main breaker tripping. The technician reset the breaker, and the site came back online at 08:45 on 02/24. | L45: 1. SR097083 2. SR097636 | M45: SR097636
A46: Q018 | B46: NY | C46: =Sites[[#This Row],[SOL'#]] -> SOL-10398 | D46: 10195.875 | E46: 10582.87 | F46: =IF(AND(ISNUMBER(D46),ISNUMBER(E46)), D46-E46, "") -> -386.995 | G46: =IFERROR(F46/E46, "") -> -0.036568058 | H46: 8701.015 | I46: =IF(AND(ISNUMBER(D46),ISNUMBER(H46)), D46-H46, "") -> 1494.86 | J46: =IFERROR(I46/H46, "") -> 0.17180294
A47: Q021 | B47: NY | C47: =Sites[[#This Row],[SOL'#]] -> SOL-10399 | D47: 7999.0625 | E47: 9770.419 | F47: =IF(AND(ISNUMBER(D47),ISNUMBER(E47)), D47-E47, "") -> -1771.3565 | G47: =IFERROR(F47/E47, "") -> -0.18129791 | H47: 7091 | I47: =IF(AND(ISNUMBER(D47),ISNUMBER(H47)), D47-H47, "") -> 908.0625 | J47: =IFERROR(I47/H47, "") -> 0.12805845 | K47: 1. Low generation due to weather/snow.
A48: Q025 | B48: NY | C48: =Sites[[#This Row],[SOL'#]] -> SOL-10400 | D48: 13488.125 | E48: 15603.33 | F48: =IF(AND(ISNUMBER(D48),ISNUMBER(E48)), D48-E48, "") -> -2115.205 | G48: =IFERROR(F48/E48, "") -> -0.13556113 | H48: 9540 | I48: =IF(AND(ISNUMBER(D48),ISNUMBER(H48)), D48-H48, "") -> 3948.125 | J48: =IFERROR(I48/H48, "") -> 0.41384958 | K48: 1. Low generation due to weather/snow.
A49: Q074 | B49: NY | C49: =Sites[[#This Row],[SOL'#]] -> SOL-10402 | D49: 8712.375 | E49: 9652.334 | F49: =IF(AND(ISNUMBER(D49),ISNUMBER(E49)), D49-E49, "") -> -939.959 | G49: =IFERROR(F49/E49, "") -> -0.097381525 | H49: 8010.304 | I49: =IF(AND(ISNUMBER(D49),ISNUMBER(H49)), D49-H49, "") -> 702.071 | J49: =IFERROR(I49/H49, "") -> 0.087645987
A50: Q115 | B50: NY | C50: =Sites[[#This Row],[SOL'#]] -> SOL-10872 | D50: 11579.062 | E50: 13986.53 | F50: =IF(AND(ISNUMBER(D50),ISNUMBER(E50)), D50-E50, "") -> -2407.4675 | G50: =IFERROR(F50/E50, "") -> -0.17212758 | H50: 10682.2 | I50: =IF(AND(ISNUMBER(D50),ISNUMBER(H50)), D50-H50, "") -> 896.8625 | J50: =IFERROR(I50/H50, "") -> 0.083958595 | K50: 1. Low generation due to weather/snow.
A51: Q139 | B51: NY | C51: =Sites[[#This Row],[SOL'#]] -> SOL-10403 | D51: 6671.9375 | E51: 7652.461 | F51: =IF(AND(ISNUMBER(D51),ISNUMBER(E51)), D51-E51, "") -> -980.5235 | G51: =IFERROR(F51/E51, "") -> -0.12813179 | H51: 6752 | I51: =IF(AND(ISNUMBER(D51),ISNUMBER(H51)), D51-H51, "") -> -80.0625 | J51: =IFERROR(I51/H51, "") -> -0.011857598 | K51: 1. Low generation due to weather/snow.
A52: Q157 | B52: NY | C52: =Sites[[#This Row],[SOL'#]] -> SOL-10404 | D52: 11403.188 | E52: 14877.12 | F52: =IF(AND(ISNUMBER(D52),ISNUMBER(E52)), D52-E52, "") -> -3473.9325 | G52: =IFERROR(F52/E52, "") -> -0.2335084 | H52: 12206.92 | I52: =IF(AND(ISNUMBER(D52),ISNUMBER(H52)), D52-H52, "") -> -803.7325 | J52: =IFERROR(I52/H52, "") -> -0.065842366 | K52: 1.Low generation due to weather/snow.
A53: Q192 | B53: NY | C53: =Sites[[#This Row],[SOL'#]] -> SOL-10406 | D53: 18821 | E53: 23040.39 | F53: =IF(AND(ISNUMBER(D53),ISNUMBER(E53)), D53-E53, "") -> -4219.39 | G53: =IFERROR(F53/E53, "") -> -0.18313015 | H53: 17990.99 | I53: =IF(AND(ISNUMBER(D53),ISNUMBER(H53)), D53-H53, "") -> 830.01 | J53: =IFERROR(I53/H53, "") -> 0.04613476 | K53: 1. Low generation due to weather/snow.
A54: Q210 | B54: NY | C54: =Sites[[#This Row],[SOL'#]] -> SOL-10407 | D54: 15487.5 | E54: 16908.57 | F54: =IF(AND(ISNUMBER(D54),ISNUMBER(E54)), D54-E54, "") -> -1421.07 | G54: =IFERROR(F54/E54, "") -> -0.084044363 | H54: 15013 | I54: =IF(AND(ISNUMBER(D54),ISNUMBER(H54)), D54-H54, "") -> 474.5 | J54: =IFERROR(I54/H54, "") -> 0.031605942
A55: Q229 | B55: NY | C55: =Sites[[#This Row],[SOL'#]] -> SOL-10408 | D55: 6297.9062 | E55: 8488.41 | F55: =IF(AND(ISNUMBER(D55),ISNUMBER(E55)), D55-E55, "") -> -2190.5037 | G55: =IFERROR(F55/E55, "") -> -0.25805819 | H55: 5292.695 | I55: =IF(AND(ISNUMBER(D55),ISNUMBER(H55)), D55-H55, "") -> 1005.2113 | J55: =IFERROR(I55/H55, "") -> 0.18992427 | K55: 1.Low generation due to weather/snow.
A56: Q231 | B56: NY | C56: =Sites[[#This Row],[SOL'#]] -> SOL-10870 | D56: 25056.625 | E56: 32973.33 | F56: =IF(AND(ISNUMBER(D56),ISNUMBER(E56)), D56-E56, "") -> -7916.705 | G56: =IFERROR(F56/E56, "") -> -0.24009419 | H56: 23657 | I56: =IF(AND(ISNUMBER(D56),ISNUMBER(H56)), D56-H56, "") -> 1399.625 | J56: =IFERROR(I56/H56, "") -> 0.05916325 | K56: 1.Low generation due to weather/snow.
A57: Q405 | B57: NY | C57: =Sites[[#This Row],[SOL'#]] -> SOL-10409 | D57: 28712.875 | E57: 33159.45 | F57: =IF(AND(ISNUMBER(D57),ISNUMBER(E57)), D57-E57, "") -> -4446.575 | G57: =IFERROR(F57/E57, "") -> -0.13409677 | H57: 26589.46 | I57: =IF(AND(ISNUMBER(D57),ISNUMBER(H57)), D57-H57, "") -> 2123.415 | J57: =IFERROR(I57/H57, "") -> 0.079859275 | K57: 1. Low generation due to weather/snow.
A58: Q435 | B58: NY | C58: =Sites[[#This Row],[SOL'#]] -> SOL-10923 | D58: 38240.625 | E58: 33165.41 | F58: =IF(AND(ISNUMBER(D58),ISNUMBER(E58)), D58-E58, "") -> 5075.215 | G58: =IFERROR(F58/E58, "") -> 0.15302736 | H58: 34507 | I58: =IF(AND(ISNUMBER(D58),ISNUMBER(H58)), D58-H58, "") -> 3733.625 | J58: =IFERROR(I58/H58, "") -> 0.10819906
A59: Q485 | B59: NY | C59: =Sites[[#This Row],[SOL'#]] -> SOL-10869 | D59: 30533.75 | E59: 31458.8 | F59: =IF(AND(ISNUMBER(D59),ISNUMBER(E59)), D59-E59, "") -> -925.05 | G59: =IFERROR(F59/E59, "") -> -0.029405127 | H59: 32755.35 | I59: =IF(AND(ISNUMBER(D59),ISNUMBER(H59)), D59-H59, "") -> -2221.6 | J59: =IFERROR(I59/H59, "") -> -0.067824035 | K59: 1. Inverter 1 right unit offline from 02/03 due to comms card being RMAD and came back online on 02/28 | L59: 1. SR096249
A60: Q490 | B60: NY | C60: =Sites[[#This Row],[SOL'#]] -> SOL-10411 | D60: 24146.5 | E60: 0 | F60: =IF(AND(ISNUMBER(D60),ISNUMBER(E60)), D60-E60, "") -> 24146.5 | G60: =IFERROR(F60/E60, "") | H60: 22664.36 | I60: =IF(AND(ISNUMBER(D60),ISNUMBER(H60)), D60-H60, "") -> 1482.14 | J60: =IFERROR(I60/H60, "") -> 0.065395184 | K60: 1. optimizers Module 1.2.4 , Module 2.2.18 , Module 2.3.11 , Module 3.1.16 , Module 6.1.5 , Module 7.1.4 , Module 7.3.17 , Module 9.1.16 ,Module 10.3.3 , 8.0.27 are offline | L60: 1.SR093326
A61: Q620 | B61: NY | C61: =Sites[[#This Row],[SOL'#]] -> SOL-10867 | D61: 36470.75 | E61: 40130.17 | F61: =IF(AND(ISNUMBER(D61),ISNUMBER(E61)), D61-E61, "") -> -3659.42 | G61: =IFERROR(F61/E61, "") -> -0.091188749 | H61: 36602.33 | I61: =IF(AND(ISNUMBER(D61),ISNUMBER(H61)), D61-H61, "") -> -131.58 | J61: =IFERROR(I61/H61, "") -> -0.0035948531
A62: QMOA | B62: NY | C62: =Sites[[#This Row],[SOL'#]] -> SOL-10415 | D62: 3286.3 | E62: 0 | F62: =IF(AND(ISNUMBER(D62),ISNUMBER(E62)), D62-E62, "") -> 3286.3 | G62: =IFERROR(F62/E62, "") | H62: 3713.027 | I62: =IF(AND(ISNUMBER(D62),ISNUMBER(H62)), D62-H62, "") -> -426.727 | J62: =IFERROR(I62/H62, "") -> -0.11492699
A63: X024 | B63: NY | C63: =Sites[[#This Row],[SOL'#]] -> SOL-10419 | D63: 13357.031 | E63: 17555.58 | F63: =IF(AND(ISNUMBER(D63),ISNUMBER(E63)), D63-E63, "") -> -4198.5488 | G63: =IFERROR(F63/E63, "") -> -0.23915751 | H63: 11514 | I63: =IF(AND(ISNUMBER(D63),ISNUMBER(H63)), D63-H63, "") -> 1843.0312 | J63: =IFERROR(I63/H63, "") -> 0.16006872 | K63: 1.Inverter 2 central unit offline and reporting "DC Isolation on 02/04 and again resolved on 02/05 | L63: 1.SR096294
A64: X026 | B64: NY | C64: =Sites[[#This Row],[SOL'#]] -> SOL-10420 | D64: 10799.6 | E64: 13459.43 | F64: =IF(AND(ISNUMBER(D64),ISNUMBER(E64)), D64-E64, "") -> -2659.83 | G64: =IFERROR(F64/E64, "") -> -0.19761832 | H64: 15192.76 | I64: =IF(AND(ISNUMBER(D64),ISNUMBER(H64)), D64-H64, "") -> -4393.16 | J64: =IFERROR(I64/H64, "") -> -0.28916142 | K64: 1.Inverter 2 left unit technician was swapped and is back online on 02/03 | L64: 1.SR095758
A65: X090 | B65: NY | C65: =Sites[[#This Row],[SOL'#]] -> SOL-10925 | D65: 10677.875 | E65: 8915.463 | F65: =IF(AND(ISNUMBER(D65),ISNUMBER(E65)), D65-E65, "") -> 1762.412 | G65: =IFERROR(F65/E65, "") -> 0.19768037 | H65: 9953 | I65: =IF(AND(ISNUMBER(D65),ISNUMBER(H65)), D65-H65, "") -> 724.875 | J65: =IFERROR(I65/H65, "") -> 0.0728298
A66: X117 | B66: NY | C66: =Sites[[#This Row],[SOL'#]] -> SOL-10422 | D66: 8069 | E66: 11399.76 | F66: =IF(AND(ISNUMBER(D66),ISNUMBER(E66)), D66-E66, "") -> -3330.76 | G66: =IFERROR(F66/E66, "") -> -0.29217808 | H66: 8666.424 | I66: =IF(AND(ISNUMBER(D66),ISNUMBER(H66)), D66-H66, "") -> -597.424 | J66: =IFERROR(I66/H66, "") -> -0.068935469 | K66: 1.Low generation due to weather/snow.
A67: X125 | B67: NY | C67: =Sites[[#This Row],[SOL'#]] -> SOL-10423 | D67: 15785 | E67: 18886.62 | F67: =IF(AND(ISNUMBER(D67),ISNUMBER(E67)), D67-E67, "") -> -3101.62 | G67: =IFERROR(F67/E67, "") -> -0.16422314 | H67: 15455.69 | I67: =IF(AND(ISNUMBER(D67),ISNUMBER(H67)), D67-H67, "") -> 329.31 | J67: =IFERROR(I67/H67, "") -> 0.021306716 | K67: 1. Low generation due to weather/snow.
A68: X134 | B68: NY | C68: =Sites[[#This Row],[SOL'#]] -> SOL-10424 | D68: 15055.562 | E68: 0 | F68: =IF(AND(ISNUMBER(D68),ISNUMBER(E68)), D68-E68, "") -> 15055.562 | G68: =IFERROR(F68/E68, "") | H68: 15137 | I68: =IF(AND(ISNUMBER(D68),ISNUMBER(H68)), D68-H68, "") -> -81.4375 | J68: =IFERROR(I68/H68, "") -> -0.0053800291
A69: X135 | B69: NY | C69: =Sites[[#This Row],[SOL'#]] -> SOL-10425 | D69: 12885.688 | E69: 15852.51 | F69: =IF(AND(ISNUMBER(D69),ISNUMBER(E69)), D69-E69, "") -> -2966.8225 | G69: =IFERROR(F69/E69, "") -> -0.18715159 | H69: 13152 | I69: =IF(AND(ISNUMBER(D69),ISNUMBER(H69)), D69-H69, "") -> -266.3125 | J69: =IFERROR(I69/H69, "") -> -0.020248821
A70: X139 JHS 222 | B70: NY | C70: =Sites[[#This Row],[SOL'#]] -> SOL-10426 | D70: 19027.021 | E70: 21977.34 | F70: =IF(AND(ISNUMBER(D70),ISNUMBER(E70)), D70-E70, "") -> -2950.3186 | G70: =IFERROR(F70/E70, "") -> -0.13424366 | H70: 17714 | I70: =IF(AND(ISNUMBER(D70),ISNUMBER(H70)), D70-H70, "") -> 1313.0214 | J70: =IFERROR(I70/H70, "") -> 0.07412337
A71: X140 | B71: NY | C71: =Sites[[#This Row],[SOL'#]] -> SOL-10926 | D71: 11175.438 | E71: 10393.82 | F71: =IF(AND(ISNUMBER(D71),ISNUMBER(E71)), D71-E71, "") -> 781.6175 | G71: =IFERROR(F71/E71, "") -> 0.075200215 | H71: 10945 | I71: =IF(AND(ISNUMBER(D71),ISNUMBER(H71)), D71-H71, "") -> 230.4375 | J71: =IFERROR(I71/H71, "") -> 0.021054134
A72: X166 | B72: NY | C72: =Sites[[#This Row],[SOL'#]] -> SOL-10427 | D72: 11556.1 | E72: 14445.19 | F72: =IF(AND(ISNUMBER(D72),ISNUMBER(E72)), D72-E72, "") -> -2889.09 | G72: =IFERROR(F72/E72, "") -> -0.2000036 | H72: 11066 | I72: =IF(AND(ISNUMBER(D72),ISNUMBER(H72)), D72-H72, "") -> 490.1 | J72: =IFERROR(I72/H72, "") -> 0.044288813 | K72: 1.Low generation due to weather/snow.
A73: Murphy | B73: MN | C73: =Sites[[#This Row],[SOL'#]] -> SOL-10094 | D73: 460150 | E73: 753001.2 | F73: =IF(AND(ISNUMBER(D73),ISNUMBER(E73)), D73-E73, "") -> -292851.2 | G73: =IFERROR(F73/E73, "") -> -0.388912 | H73: 667564.9 | I73: =IF(AND(ISNUMBER(D73),ISNUMBER(H73)), D73-H73, "") -> -207414.9 | J73: =IFERROR(I73/H73, "") -> -0.31070372 | K73: 1.Low generation due to weather/snow.
A74: Terning | B74: MN | C74: =Sites[[#This Row],[SOL'#]] -> SOL-10093 | D74: 350130 | E74: 749173.8 | F74: =IF(AND(ISNUMBER(D74),ISNUMBER(E74)), D74-E74, "") -> -399043.8 | G74: =IFERROR(F74/E74, "") -> -0.53264516 | H74: 630205.7 | I74: =IF(AND(ISNUMBER(D74),ISNUMBER(H74)), D74-H74, "") -> -280075.7 | J74: =IFERROR(I74/H74, "") -> -0.4444195 | K74: 1.Low generation due to weather/snow.
A75: Boas Road 04 | B75: NY | C75: =Sites[[#This Row],[SOL'#]] -> SOL-10908 | D75: 126816 | E75: 236439.99 | F75: =IF(AND(ISNUMBER(D75),ISNUMBER(E75)), D75-E75, "") -> -109623.99 | G75: =IFERROR(F75/E75, "") -> -0.46364404 | H75: 221381.46 | I75: =IF(AND(ISNUMBER(D75),ISNUMBER(H75)), D75-H75, "") -> -94565.46 | J75: =IFERROR(I75/H75, "") -> -0.4271607 | K75: 1.Inverter 1 tripped offline at 07:35 AM on 02/05/25 due to an SE INTERCOOLER SYS (104) fault and came back online at 11:50 AM the same day. | L75: 1. SR096330
A76: Kelly Bridge Farm | B76: NY | C76: =Sites[[#This Row],[SOL'#]] -> SOL-10911 | D76: 129392 | E76: 222534.08 | F76: =IF(AND(ISNUMBER(D76),ISNUMBER(E76)), D76-E76, "") -> -93142.077 | G76: =IFERROR(F76/E76, "") -> -0.41855197 | H76: 209678.4 | I76: =IF(AND(ISNUMBER(D76),ISNUMBER(H76)), D76-H76, "") -> -80286.4 | J76: =IFERROR(I76/H76, "") -> -0.38290258 | K76: 1.Inverter 30 came back online at 15:35 on 02/19/25 after the technician replaced the fuses and re-energized 2. Inverter 4 came back online at 10:00AM on 02/04/25 after the technician replaced the blown fuses. | L76: 1. SR095473 2. SR096164 | M76: SR096164
A77: Pool Brook Road | B77: NY | C77: =Sites[[#This Row],[SOL'#]] -> SOL-10909 | D77: 103676 | E77: 166624.15 | F77: =IF(AND(ISNUMBER(D77),ISNUMBER(E77)), D77-E77, "") -> -62948.153 | G77: =IFERROR(F77/E77, "") -> -0.37778528 | H77: 197019.95 | I77: =IF(AND(ISNUMBER(D77),ISNUMBER(H77)), D77-H77, "") -> -93343.95 | J77: =IFERROR(I77/H77, "") -> -0.47377918 | K77: 1. Site was offline from 09:05 to 13:35 on 02/13/25 due to an brife utility outage. | L77: 1.SR096701
A78: Sackett Lake | B78: NY | C78: =Sites[[#This Row],[SOL'#]] -> SOL-10910 | D78: 133417 | E78: 238769.59 | F78: =IF(AND(ISNUMBER(D78),ISNUMBER(E78)), D78-E78, "") -> -105352.59 | G78: =IFERROR(F78/E78, "") -> -0.44123119 | H78: 223751.3 | I78: =IF(AND(ISNUMBER(D78),ISNUMBER(H78)), D78-H78, "") -> -90334.3 | J78: =IFERROR(I78/H78, "") -> -0.40372637 | K78: 1.Inverter 1 started late at 13:30 on 02/12/25 due to an AC contactor fault and went offline again on 02/21/25. On 02/22/25, the technician swapped the CCU between Inverters 1 and 2 as per Ingeteam's instructions, but the issue persisted. The fiber cables are fine, and further investigation is needed to get Inverter 1 online. On 02/24/25, the technician shut down the site, swapped the CPU boards between Inverters 1 and 2, and both inverters resumed production with no alarms. However, both showed a "LVRT board fail" warning. Ingeteam confirmed that this warning can be ignored as the LVRT boards are disabled on all inverters. Inverters 1 and 2 are now back online at 15:30 the same day. | L78: 1. SR096750
A79: Burritt Road | B79: NY | C79: =Sites[[#This Row],[SOL'#]] -> SOL-10913 | D79: 70080 | E79: 0 | F79: =IF(AND(ISNUMBER(D79),ISNUMBER(E79)), D79-E79, "") -> 70080 | G79: =IFERROR(F79/E79, "") | H79: 176195.64 | I79: =IF(AND(ISNUMBER(D79),ISNUMBER(H79)), D79-H79, "") -> -106115.64 | J79: =IFERROR(I79/H79, "") -> -0.60226031 | K79: 1.POA Pyranometer is not communicating from 07:00AM on 11/09/24 and throughout the month due to a malfunctioning NPort, where the POA and GHI are connected. | L79: 1. SR093972
A80: Villa Roma 1 | B80: NY | C80: =Sites[[#This Row],[SOL'#]] -> SOL-10914 | D80: 108474 | E80: 143425.43 | F80: =IF(AND(ISNUMBER(D80),ISNUMBER(E80)), D80-E80, "") -> -34951.427 | G80: =IFERROR(F80/E80, "") -> -0.24369059 | H80: 154660.6 | I80: =IF(AND(ISNUMBER(D80),ISNUMBER(H80)), D80-H80, "") -> -46186.6 | J80: =IFERROR(I80/H80, "") -> -0.29863197 | K80: 1. Inverter 2 back online at 13:40 on 02/03/25, after technician Installed missing termination connector. 2. Inverter 1 tripped offline at 08:35 on 02/12/25 due to a DC contactor fault. The technician checked the DC contactor and power-cycled the inverter, bringing it back online at 12:55 the same day. 3. Inverter 2 Combiner Box 8 has been offline since 02/13/25. On 02/18/25, the technician found open fuses in CB 8 and closed them. While on-site, Inverter 1 tripped offline at 08:40AM due to a DC contactor fault. After troubleshooting, the technician reset the inverter, restoring production. Both the combiner and inverter are producing as expected from 10:30AM the same day. 4. Inverter 1 tripped offline at 11:15 AM on 02/22/25 due to a DC contactor fault and came back online at 13:10 the same day after Ingeteam reset it. On 02/24/25, the technician shut down the inverter at 08:15 AM, opened the cabinets, found no loose connections or heat damage, disengaged the e-stop, and the inverter resumed production at 10:05 AM the same day. | L80: 1. SR095919 2. SR096726 3. SR096907, SR097233 4. SR097643 | M80: SR096726 | N80: SR096907 | O80: SR097233 | P80: SR097643
A81: Villa Roma 2 | B81: NY | C81: =Sites[[#This Row],[SOL'#]] -> SOL-10915 | D81: 116176 | E81: 202602.86 | F81: =IF(AND(ISNUMBER(D81),ISNUMBER(E81)), D81-E81, "") -> -86426.862 | G81: =IFERROR(F81/E81, "") -> -0.42658263 | H81: 149735.1 | I81: =IF(AND(ISNUMBER(D81),ISNUMBER(H81)), D81-H81, "") -> -33559.1 | J81: =IFERROR(I81/H81, "") -> -0.22412313 | K81: 1.Low generation due to weather/snow.
A82: Washington 1 | B82: NY | C82: =Sites[[#This Row],[SOL'#]] -> SOL-10912 | D82: 91690 | E82: 180993.1 | F82: =IF(AND(ISNUMBER(D82),ISNUMBER(E82)), D82-E82, "") -> -89303.099 | G82: =IFERROR(F82/E82, "") -> -0.4934061 | H82: 174362.65 | I82: =IF(AND(ISNUMBER(D82),ISNUMBER(H82)), D82-H82, "") -> -82672.65 | J82: =IFERROR(I82/H82, "") -> -0.47414197 | K82: 1. Inverter 1 was offline on 02/02/25 due to an AC contactor fault. On 02/03/25, the technician found the panel door blown off with bent hinges, reattached it, and temporarily supported it. New hinges are needed. After power cycling and resetting, an AC contactor alarm cleared, but a Fan 2 warning remains. It was back online at 12:55pm the same day. 2. Site tripped offline at 15:45 on 02/28/25 and came back online after a brief communication outage at 21:15 on the same day | L82: 1. SR095483 2. SR097935 | M82: SR097935
A83: Washington 3 | B83: NY | C83: =Sites[[#This Row],[SOL'#]] -> SOL-10828 | D83: 114033 | E83: 0 | F83: =IF(AND(ISNUMBER(D83),ISNUMBER(E83)), D83-E83, "") -> 114033 | G83: =IFERROR(F83/E83, "") | H83: 213534.97 | I83: =IF(AND(ISNUMBER(D83),ISNUMBER(H83)), D83-H83, "") -> -99501.97 | J83: =IFERROR(I83/H83, "") -> -0.46597506 | K83: 1. POA sensor continues to read inaccurately. Tech verified connections by testing both old and new sensors, with irradiance around 1 W/m². The original sensor was last calibrated in May 2024. GPM recommends replacing the run cable to the DAS to improve accuracy. 2.Inverter 2 was offline all day on 02/02/25 due to an AC contactor fault. On 02/03/25, it came back online at 14:30 after the technician closed the breaker, tested voltages, and verified the D134 LED was on. It was offline again all day on 02/20/25. On 02/21/25, the technician found damaged wiring on J15 with a broken wire jacket. Voltage for Q4 tested around 490VAC, and the breakers were power cycled. It was back online at 10:45 AM on 02/22/25. | L83: 1. SR093024 2. SR095445, SR097568 | M83: SR095445 | N83: SR097568
A84: Washington 4 | B84: NY | C84: =Sites[[#This Row],[SOL'#]] -> SOL-10829 | D84: 72393 | E84: 214328.83 | F84: =IF(AND(ISNUMBER(D84),ISNUMBER(E84)), D84-E84, "") -> -141935.83 | G84: =IFERROR(F84/E84, "") -> -0.66223395 | H84: 213201.1 | I84: =IF(AND(ISNUMBER(D84),ISNUMBER(H84)), D84-H84, "") -> -140808.1 | J84: =IFERROR(I84/H84, "") -> -0.66044734 | K84: 1. Meter has been capturing full production since 02/25/25, after the technician adjusted the blade and confirmed that all three phases are reporting production. 2. Site was taken offline from 13:25 to 15:40 on 02/03/25. The technician changed the tap from E/5 to C/3 on the transformer. 3. Inverter 1 tripped offline at 14:15 on 02/02/25 due to an AC contactor fault. On 02/03/25, the technician swapped the CCu boards between Inverters 1 and 2, bringing it back online at 15:40 the same day. It tripped offline again at 08:10 AM on 02/08/25 due to a DC contactor fault and was back online at 15:25 the same day. It tripped offline once more at 07:55 on 02/14/25, and after Ingeteam remotely reset it, it was brought back online at 07:40 on 02/15/25. 4. Inverter 2 tripped offline at 15:15 on 02/14/25 due to Iac out of range and Inst. Iac overcurrent faults. The technician replaced all 3 AC fuses with new 350A fuses from inventory, power cycled the system, and brought it back online at 12:50 on 02/15/25. | L84: 1. SR096121 2. SR096150 3. SR096230, SR096525 & SR097011 4. SR097121 | M84: SR096150 | N84: SR096230 | O84: SR096525 | P84: SR097011 | Q84: SR097121
A85: Big Tree | B85: NY | C85: =Sites[[#This Row],[SOL'#]] -> SOL-10966 | D85: 72637 | E85: 0 | F85: =IF(AND(ISNUMBER(D85),ISNUMBER(E85)), D85-E85, "") -> 72637 | G85: =IFERROR(F85/E85, "") | H85: 174248.8 | I85: =IF(AND(ISNUMBER(D85),ISNUMBER(H85)), D85-H85, "") -> -101611.8 | J85: =IFERROR(I85/H85, "") -> -0.58314204 | K85: 1.Low generation due to weather/snow.
A86: Canoga | B86: NY | C86: =Sites[[#This Row],[SOL'#]] -> SOL-10965 | D86: 371320 | E86: 0 | F86: =IF(AND(ISNUMBER(D86),ISNUMBER(E86)), D86-E86, "") -> 371320 | G86: =IFERROR(F86/E86, "") | H86: 542311.13 | I86: =IF(AND(ISNUMBER(D86),ISNUMBER(H86)), D86-H86, "") -> -170991.13 | J86: =IFERROR(I86/H86, "") -> -0.31530079 | K86: 1. Weather station has reported 0 since 8/21. New UP POA and Down POA need replacement. Gen Cap advised holding off dispatch. 2. Inverter 3 had been offline since 01/26 due to an IAC out-of-range issue. On 02/27 AC cap bank was replaced with new RMA parts (cap bank, wires, and fuses). Verified with Sahith/Ingeteam that 350A fuses (the new standard) are suitable replacements for the 250A fuses. Inverter 3 is back online at 12:50. 3. Inverter 4 tripped offline intermittently throughout the month due to 'IAC out of range,' but self-resolved each time. | L86: 1. SR094278 2. SR095991 3. SR096215 | M86: SR095991 | N86: SR096215
A87: County Route 84 | B87: NY | C87: =Sites[[#This Row],[SOL'#]] -> SOL-10967 | D87: 490380 | E87: 0 | F87: =IF(AND(ISNUMBER(D87),ISNUMBER(E87)), D87-E87, "") -> 490380 | G87: =IFERROR(F87/E87, "") | H87: 565014.13 | I87: =IF(AND(ISNUMBER(D87),ISNUMBER(H87)), D87-H87, "") -> -74634.13 | J87: =IFERROR(I87/H87, "") -> -0.1320925 | K87: 1. The site tripped offline at 10:02 AM and came back online at 11:50 AM on 02/14. The utility had two circuits in a parallel configuration. | L87: 1. SR097025
A88: Donati | B88: NY | C88: =Sites[[#This Row],[SOL'#]] -> SOL-10968 | D88: 145850 | E88: 0 | F88: =IF(AND(ISNUMBER(D88),ISNUMBER(E88)), D88-E88, "") -> 145850 | G88: =IFERROR(F88/E88, "") | H88: 242335.08 | I88: =IF(AND(ISNUMBER(D88),ISNUMBER(H88)), D88-H88, "") -> -96485.08 | J88: =IFERROR(I88/H88, "") -> -0.39814739 | K88: 1. Weather station Reporting 0 value from 05/31. POA sensors need to be replaced. Quote provided to Gen Cap for approval. 2. Inverter 2 did not start production, and Inverter 1 tripped offline at 12:50 on 02/16. Both inverters self-resolved and came back online on 02/17. 3. Trackers A01, A05, A06, A07, A10, B17, D20, F19, F21, F22, F32, F33, and G14 have been stuck since various dates, totaling 13 trackers. Gen Cap advised holding off on dispatch | L88: 1. SR092964 2. SR097169 3. SR095253 | M88: SR097169 | N88: SR095253
A89: Henrietta | B89: NY | C89: =Sites[[#This Row],[SOL'#]] -> SOL-10972 | D89: 284330 | E89: 0 | F89: =IF(AND(ISNUMBER(D89),ISNUMBER(E89)), D89-E89, "") -> 284330 | G89: =IFERROR(F89/E89, "") | H89: 435403 | I89: =IF(AND(ISNUMBER(D89),ISNUMBER(H89)), D89-H89, "") -> -151073 | J89: =IFERROR(I89/H89, "") -> -0.3469728 | K89: 1. Inverter 1 tripped offline at 13:25 due to an 'Insulation fault' and later self-resolved, came back online at 2:20 PM on 02/19. | L89: 1. SR097524
A90: NY 70 | B90: NY | C90: =Sites[[#This Row],[SOL'#]] -> SOL-10970 | D90: 381710 | E90: 0 | F90: =IF(AND(ISNUMBER(D90),ISNUMBER(E90)), D90-E90, "") -> 381710 | G90: =IFERROR(F90/E90, "") | H90: 546198.4 | I90: =IF(AND(ISNUMBER(D90),ISNUMBER(H90)), D90-H90, "") -> -164488.4 | J90: =IFERROR(I90/H90, "") -> -0.30115138 | K90: 1. Inverter 1 started late for production at 12:05 on 02/14 due to Hardware error. 2. Site tripped offline at 11:20AM and later self resolved , came back online at 4:2PM on 02/16. 3. Inverter 1 was offline since the morning of 02/21 due to a hardware error. The technician swapped NTC boards between Inverters 1 and 2, then re-energized both units. Inverters 1 and 2 are now online and producing. 4. The site tripped offline at 8:15 AM due to utility work and came back online at 10:20 AM on 02/24. Again site tripped offline at 13:05 and back online at 05:10PM on 02/26. | L90: 1. SR097010 2. SR097162 3. SR097599 4. SR097684, SR097701 | M90: SR097162 | N90: SR097599 | O90: SR097684 | P90: SR097701
A91: Reid | B91: NY | C91: =Sites[[#This Row],[SOL'#]] -> SOL-10991 | D91: 100770.98 | E91: 356493.2 | F91: =IF(AND(ISNUMBER(D91),ISNUMBER(E91)), D91-E91, "") -> -255722.22 | G91: =IFERROR(F91/E91, "") -> -0.71732706 | H91: 430708 | I91: =IF(AND(ISNUMBER(D91),ISNUMBER(H91)), D91-H91, "") -> -329937.02 | J91: =IFERROR(I91/H91, "") -> -0.76603411 | K91: 1. Inverter 5 tripped offline on 02/28 at 13:45 due to Grid Line Voltage Out of Range. 2. Inverter 23 was offline since 11/29 reporting Grid Phase Voltage Out of Range. Gen Cap advised holding off dispatch. | L91: 1. SR097930 2. SR093436 | M91: SR093436
A92: Sangolqui | B92: NY | C92: =Sites[[#This Row],[SOL'#]] -> SOL-10975 | D92: 149355 | E92: 0 | F92: =IF(AND(ISNUMBER(D92),ISNUMBER(E92)), D92-E92, "") -> 149355 | G92: =IFERROR(F92/E92, "") | H92: 234644.93 | I92: =IF(AND(ISNUMBER(D92),ISNUMBER(H92)), D92-H92, "") -> -85289.93 | J92: =IFERROR(I92/H92, "") -> -0.36348508 | K92: 1. Inverter 1 started production late at 11:40 AM and went offline again from 12:05 PM to 12:50 PM while the technician was onsite for the head tracker replacement. 2. Inverter 1 didn't started for production on 02/16 and self resolved started for production on 02/17. 3. Inverter 1 didn't started for production due to Isolation fault on 02/27 and self resolved started for production on 02/28. | L92: 1. SR096416 2. SR097158 3. SR097883 | M92: SR097158 | N92: SR097883
A93: State Highway 17B | B93: NY | C93: =Sites[[#This Row],[SOL'#]] -> SOL-10988 | D93: 360290 | E93: 0 | F93: =IF(AND(ISNUMBER(D93),ISNUMBER(E93)), D93-E93, "") -> 360290 | G93: =IFERROR(F93/E93, "") | H93: 472300.06 | I93: =IF(AND(ISNUMBER(D93),ISNUMBER(H93)), D93-H93, "") -> -112010.06 | J93: =IFERROR(I93/H93, "") -> -0.23715868 | K93: 1. Inverter 4 has been offline since 11/13/24 and reporting Fault elect. supply. On 02/03 tech Installed missing hardware stacks, inverter 4 was back online at 2:55 PM on same day. Later technician replaced few fuses for combiner boxes 30 & 35 on 02/04 | L93: 1. SR093375
A94: State Route 14A | B94: NY | C94: =Sites[[#This Row],[SOL'#]] -> SOL-10997 | D94: 403215 | E94: 0 | F94: =IF(AND(ISNUMBER(D94),ISNUMBER(E94)), D94-E94, "") -> 403215 | G94: =IFERROR(F94/E94, "") | H94: 539717.54 | I94: =IF(AND(ISNUMBER(D94),ISNUMBER(H94)), D94-H94, "") -> -136502.54 | J94: =IFERROR(I94/H94, "") -> -0.25291477 | K94: 1. Inverter 1 experienced multiple tripping events between 02/11 t0 02/19. On 02/19 technician was onsite and replaced a fan, inverter 1 back online at 2:05PM on 02/19. | L94: 1. SR096675
A95: West Creek | B95: NY | C95: =Sites[[#This Row],[SOL'#]] -> SOL-10995 | D95: 448900 | E95: 0 | F95: =IF(AND(ISNUMBER(D95),ISNUMBER(E95)), D95-E95, "") -> 448900 | G95: =IFERROR(F95/E95, "") | H95: 504797.7 | I95: =IF(AND(ISNUMBER(D95),ISNUMBER(H95)), D95-H95, "") -> -55897.7 | J95: =IFERROR(I95/H95, "") -> -0.11073287 | K95: 1.Low generation due to weather/snow.
A96: Wildflower | B96: NY | C96: =Sites[[#This Row],[SOL'#]] -> SOL-10982 | D96: 369846.5 | E96: 0 | F96: =IF(AND(ISNUMBER(D96),ISNUMBER(E96)), D96-E96, "") -> 369846.5 | G96: =IFERROR(F96/E96, "") | H96: 608235.16 | I96: =IF(AND(ISNUMBER(D96),ISNUMBER(H96)), D96-H96, "") -> -238388.66 | J96: =IFERROR(I96/H96, "") -> -0.39193502 | K96: 1. On 02/09, Inverter 1 tripped offline at 13:10, and Inverter 2 tripped offline at 09:25 due to SE IAC FILTER RMS UNBALANCED HIGH. Ingeteam remotely reset the inverters, and both were back online at 16:15 on 02/09 On 02/18, Inverter 1 tripped offline again at 07:45 due to an IAC Overcurrent fault and started late for production because of a DC Contactor fault. The technician found and replaced one AC fuse with thermal damage, and the inverters were back online at 11:35 2. Inverter 3 tripped offline at 11:20AM and back online at 12:20PM on 02/04. Technician was onsite replaced harmonics filter/capacitor bank. 3. On 02/19, Inverter 2 did not start production due to an AC Contactor fault. Ingeteam reset the inverter, bringing it online at 2:05 PM. On 02/18–02/21, Inverters 1 and 2 had multiple tripping events that self-resolved by day’s end. On 02/25, tech checked all inverters online. Inverter 2 has been stable since 02/21. No AC contactor issues, but minor water on the bus bar (wiped dry) and thermal damage on an AC fuse wire. Parts received and dispatch has been Assigned for march. | L96: 1. SR096552 2. SR095852 3. SR097526 | M96: SR095852 | N96: SR097526
A97: Glen Mary 1 | B97: NY | C97: =Sites[[#This Row],[SOL'#]] -> SOL-10993 | D97: 474210 | E97: 0 | F97: =IF(AND(ISNUMBER(D97),ISNUMBER(E97)), D97-E97, "") -> 474210 | G97: =IFERROR(F97/E97, "") | H97: 580930 | I97: =IF(AND(ISNUMBER(D97),ISNUMBER(H97)), D97-H97, "") -> -106720 | J97: =IFERROR(I97/H97, "") -> -0.18370544 | K97: 1.Low generation due to weather/snow.
A98: Glen Mary 2 | B98: NY | C98: =Sites[[#This Row],[SOL'#]] -> SOL-10994 | D98: 15960 | E98: 0 | F98: =IF(AND(ISNUMBER(D98),ISNUMBER(E98)), D98-E98, "") -> 15960 | G98: =IFERROR(F98/E98, "") | H98: 242369.3 | I98: =IF(AND(ISNUMBER(D98),ISNUMBER(H98)), D98-H98, "") -> -226409.3 | J98: =IFERROR(I98/H98, "") -> -0.93415008 | K98: 1. Inverter 1 has been offline since 01/16 reporting Overall work status as "STOP". On 02/26 technician installed fuse and repaired affected Combiner boxes. Inverter 1 back online at 1:00PM on 02/26. | L98: 1. SR095635
A99: Telegraph 1 | B99: NY | C99: =Sites[[#This Row],[SOL'#]] -> SOL-11003 | D99: 205099 | E99: 0 | F99: =IF(AND(ISNUMBER(D99),ISNUMBER(E99)), D99-E99, "") -> 205099 | G99: =IFERROR(F99/E99, "") | H99: 385388.91 | I99: =IF(AND(ISNUMBER(D99),ISNUMBER(H99)), D99-H99, "") -> -180289.91 | J99: =IFERROR(I99/H99, "") -> -0.46781292 | K99: 1. The site tripped offline at 8:10 AM on 02/24 due to a utility outage. Utility power was restored on 02/26, and the site came back online at 3:25 PM. | L99: 1. SR097667
A100: Telegraph 2 | B100: NY | C100: =Sites[[#This Row],[SOL'#]] -> SOL-11004 | D100: 117513 | E100: 0 | F100: =IF(AND(ISNUMBER(D100),ISNUMBER(E100)), D100-E100, "") -> 117513 | G100: =IFERROR(F100/E100, "") | H100: 199344.36 | I100: =IF(AND(ISNUMBER(D100),ISNUMBER(H100)), D100-H100, "") -> -81831.36 | J100: =IFERROR(I100/H100, "") -> -0.41050251 | K100: 1. The site tripped offline at 3:45AM on 02/24 due to a utility outage. Utility power was restored on 02/26, and the site came back online at 6:05PM. | L100: 1. SR097668
...

Sheet Mar
A1: {=portfolio} -> Generate Capital | E1: March Actual v. Expected | H1: March Actual v. Forecasted
A2: Total | D2: =SUM(D4:D138) -> 0 | E2: =SUM(E4:E138) -> 0 | F2: =D2-E2 -> 0 | G2: =IFERROR(F2/E2, 0) -> 0 | H2: =SUM(H4:H138) -> 0 | I2: =D2-H2 -> 0 | J2: =IFERROR(I2/H2, 0) -> 0 | K2: =IF(AND(TODAY()>DATE(2024, 3, 1), COUNTA(Sites[Site])<>(COUNT(D:D)-1)), "Some sites are missing actual data; if new sites were added, make sure they are aligned correctly (including prior months!)", "") -> Some sites are missing actual data; if new sites were added, make sure they are aligned correctly (including prior months!)
A3: Site | B3: State | C3: SOL# | D3: Actual | E3: Expected | F3: Delta | G3: % | H3: Forecasted | I3: Delta | J3: % | K3: Notes | L3: Service Requests
A4: {=Sites[Site]} -> Farmer | B4: {=Sites[State]} -> AZ | C4: 8i | F4: =IF(AND(ISNUMBER(D4),ISNUMBER(E4)), D4-E4, "") | G4: =IFERROR(F4/E4, "") | I4: =IF(AND(ISNUMBER(D4),ISNUMBER(H4)), D4-H4, "") | J4: =IFERROR(I4/H4, "")
A5: Fulton | B5: AZ | C5: =Sites[[#This Row],[SOL'#]] -> SOL-10749 | F5: =IF(AND(ISNUMBER(D5),ISNUMBER(E5)), D5-E5, "") | G5: =IFERROR(F5/E5, "") | I5: =IF(AND(ISNUMBER(D5),ISNUMBER(H5)), D5-H5, "") | J5: =IFERROR(I5/H5, "")
A6: JFK Elementary | B6: AZ | C6: =Sites[[#This Row],[SOL'#]] -> SOL-10758 | F6: =IF(AND(ISNUMBER(D6),ISNUMBER(E6)), D6-E6, "") | G6: =IFERROR(F6/E6, "") | I6: =IF(AND(ISNUMBER(D6),ISNUMBER(H6)), D6-H6, "") | J6: =IFERROR(I6/H6, "")
A7: Noble | B7: AZ | C7: =Sites[[#This Row],[SOL'#]] -> SOL-10750 | F7: =IF(AND(ISNUMBER(D7),ISNUMBER(E7)), D7-E7, "") | G7: =IFERROR(F7/E7, "") | I7: =IF(AND(ISNUMBER(D7),ISNUMBER(H7)), D7-H7, "") | J7: =IFERROR(I7/H7, "")
A8: Parking 3 | B8: AZ | C8: =Sites[[#This Row],[SOL'#]] -> SOL-10751 | F8: =IF(AND(ISNUMBER(D8),ISNUMBER(E8)), D8-E8, "") | G8: =IFERROR(F8/E8, "") | I8: =IF(AND(ISNUMBER(D8),ISNUMBER(H8)), D8-H8, "") | J8: =IFERROR(I8/H8, "")
A9: PE East | B9: AZ | C9: =Sites[[#This Row],[SOL'#]] -> SOL-10752 | F9: =IF(AND(ISNUMBER(D9),ISNUMBER(E9)), D9-E9, "") | G9: =IFERROR(F9/E9, "") | I9: =IF(AND(ISNUMBER(D9),ISNUMBER(H9)), D9-H9, "") | J9: =IFERROR(I9/H9, "")
A10: Schwada | B10: AZ | C10: =Sites[[#This Row],[SOL'#]] -> SOL-10753 | F10: =IF(AND(ISNUMBER(D10),ISNUMBER(E10)), D10-E10, "") | G10: =IFERROR(F10/E10, "") | I10: =IF(AND(ISNUMBER(D10),ISNUMBER(H10)), D10-H10, "") | J10: =IFERROR(I10/H10, "")
A11: Starshine | B11: AZ | C11: =Sites[[#This Row],[SOL'#]] -> SOL-10757 | F11: =IF(AND(ISNUMBER(D11),ISNUMBER(E11)), D11-E11, "") | G11: =IFERROR(F11/E11, "") | I11: =IF(AND(ISNUMBER(D11),ISNUMBER(H11)), D11-H11, "") | J11: =IFERROR(I11/H11, "")
A12: Yuma Airport | B12: AZ | C12: =Sites[[#This Row],[SOL'#]] -> SOL-10754 | F12: =IF(AND(ISNUMBER(D12),ISNUMBER(E12)), D12-E12, "") | G12: =IFERROR(F12/E12, "") | I12: =IF(AND(ISNUMBER(D12),ISNUMBER(H12)), D12-H12, "") | J12: =IFERROR(I12/H12, "")
A13: Kinsman | B13: OH | C13: =Sites[[#This Row],[SOL'#]] -> SOL-10762 | F13: =IF(AND(ISNUMBER(D13),ISNUMBER(E13)), D13-E13, "") | G13: =IFERROR(F13/E13, "") | I13: =IF(AND(ISNUMBER(D13),ISNUMBER(H13)), D13-H13, "") | J13: =IFERROR(I13/H13, "")
A14: Wooster | B14: OH | C14: =Sites[[#This Row],[SOL'#]] -> SOL-10763 | F14: =IF(AND(ISNUMBER(D14),ISNUMBER(E14)), D14-E14, "") | G14: =IFERROR(F14/E14, "") | I14: =IF(AND(ISNUMBER(D14),ISNUMBER(H14)), D14-H14, "") | J14: =IFERROR(I14/H14, "")
A15: Globe Gila CC | B15: AZ | C15: =Sites[[#This Row],[SOL'#]] -> SOL-10755 | F15: =IF(AND(ISNUMBER(D15),ISNUMBER(E15)), D15-E15, "") | G15: =IFERROR(F15/E15, "") | I15: =IF(AND(ISNUMBER(D15),ISNUMBER(H15)), D15-H15, "") | J15: =IFERROR(I15/H15, "")
A16: Payson Gila CC | B16: AZ | C16: =Sites[[#This Row],[SOL'#]] -> SOL-10756 | F16: =IF(AND(ISNUMBER(D16),ISNUMBER(E16)), D16-E16, "") | G16: =IFERROR(F16/E16, "") | I16: =IF(AND(ISNUMBER(D16),ISNUMBER(H16)), D16-H16, "") | J16: =IFERROR(I16/H16, "")
... A138: Ridgeway #2 | B138: NY | C138: =Sites[[#This Row],[SOL'#]] -> SOL-11027 | F138: =IF(AND(ISNUMBER(D138),ISNUMBER(E138)), D138-E138, "") | G138: =IFERROR(F138/E138, "") | I138: =IF(AND(ISNUMBER(D138),ISNUMBER(H138)), D138-H138, "") | J138: =IFERROR(I138/H138, "")
A139: Spencer | B139: NY | C139: =Sites[[#This Row],[SOL'#]] -> SOL-11017 | F139: =IF(AND(ISNUMBER(D139),ISNUMBER(E139)), D139-E139, "")
A140: Reisender | B140: NY | C140: =Sites[[#This Row],[SOL'#]] -> SOL-10886
A141: Finney | B141: NY | C141: =Sites[[#This Row],[SOL'#]] -> SOL-10999
A142: Davis Solar | B142: NY | C142: =Sites[[#This Row],[SOL'#]] -> SOL-10958
A143: Genesee | B143: NY | C143: =Sites[[#This Row],[SOL'#]] -> SOL-10951
A144: Landau I | B144: NY | C144: =Sites[[#This Row],[SOL'#]] -> SOL-10891
A145: Landau II | B145: NY | C145: =Sites[[#This Row],[SOL'#]] -> SOL-10895
A146: New Beginnings | B146: NY | C146: =Sites[[#This Row],[SOL'#]] -> SOL-10890
A147: Guilin Farm Solar | B147: NY | C147: =Sites[[#This Row],[SOL'#]] -> SOL-10998
A148: Brodhead Solar | B148: NY | C148: =Sites[[#This Row],[SOL'#]] -> SOL-10899
A149: Svenski | B149: NY | C149: =Sites[[#This Row],[SOL'#]] -> SOL-10894
A150: Bantam | B150: NY | C150: =Sites[[#This Row],[SOL'#]] -> SOL-10986
A151: Bogart | B151: NY | C151: =Sites[[#This Row],[SOL'#]] -> SOL-10887
... A160: Drinkwater | B160: NY | C160: =Sites[[#This Row],[SOL'#]] -> SOL-10896
A161: Altamont | B161: NY | C161: SOL-11085
A162: Krumkill North | B162: NY | C162: =Sites[[#This Row],[SOL'#]] -> SOL-11086
A163: Krumkill South | B163: NY | C163: SOL-11086
A164: X092 | B164: NY | C164: =Sites[[#This Row],[SOL'#]] -> SOL-11189
A165: X093 | B165: NY | C165: SOL-11087
A166: X095 | B166: NY | C166: =Sites[[#This Row],[SOL'#]] -> SOL-10929
A167: X181 | B167: NY | C167: SOL-11088
A168: X415 | B168: NY | C168: =Sites[[#This Row],[SOL'#]] -> SOL-10429
A169: K198 | B169: NY | C169: SOL-11089
A170: K203 | B170: NY | C170: =Sites[[#This Row],[SOL'#]] -> SOL-11190
A171: K213 | B171: NY | C171: SOL-11090
A172: K217 | B172: NY | C172: =Sites[[#This Row],[SOL'#]] -> SOL-10933
A173: K307 | B173: NY | C173: SOL-11091
A174: K610 | B174: NY | C174: =Sites[[#This Row],[SOL'#]] -> SOL-11158
A175: M025 | B175: NY | C175: SOL-11092
A176: M028 | B176: NY | C176: =Sites[[#This Row],[SOL'#]] -> SOL-10381
A177: Q030 | B177: NY | C177: SOL-11093
A178: Q130 | B178: NY | C178: =Sites[[#This Row],[SOL'#]] -> SOL-10877
A179: Q196 | B179: NY | C179: SOL-11094
A180: Q220 | B180: NY | C180: =Sites[[#This Row],[SOL'#]] -> SOL-10873
A181: Q205 | B181: NY | C181: SOL-11095
A182: Q400 | B182: NY | C182: =Sites[[#This Row],[SOL'#]] -> SOL-10871
A183: R003 | B183: NY | C183: SOL-11096
A184: R007 | B184: NY | C184: =Sites[[#This Row],[SOL'#]] -> SOL-10417
A185: BK16 | B185: NY | C185: SOL-11097
A186: Trenton - Trenton East | B186: IL
A187: Trenton - Trenton West | B187: IL
A188: Dakota - Dakota Solar 1 | B188: IL
A189: X018 | B189: NY
A190: Janiak Solar | B190: NY
A191: County Route 11B | B191: NY
A192: Barone | B192: NY
A193: Cedarville | B193: IL
A194: O'Brien Hill #1 | B194: NY
A195: O'Brien Hill #2 | B195: NY
A196: Trinity - Freeport | B196: IL
A197: Ransom | B197: NY
... A200: Wellsville - Chenunda Creek | B200: NY

Sheet Apr
A1: {=portfolio} -> Generate Capital | E1: April Actual v. Expected | H1: April Actual v. Forecasted
A2: Total | D2: =SUM(D4:D160) -> 0 | E2: =SUM(E4:E160) -> 0 | F2: =D2-E2 -> 0 | G2: =IFERROR(F2/E2, 0) -> 0 | H2: =SUM(H4:H160) -> 0 | I2: =D2-H2 -> 0 | J2: =IFERROR(I2/H2, 0) -> 0 | K2: =IF(AND(TODAY()>DATE(2024, 4, 1), COUNTA(Sites[Site])<>(COUNT(D:D)-1)), "Some sites are missing actual data; if new sites were added, make sure they are aligned correctly (including prior months!)", "") -> Some sites are missing actual data; if new sites were added, make sure they are aligned correctly (including prior months!)
A3: Site | B3: State | C3: SOL# | D3: Actual | E3: Expected | F3: Delta | G3: % | H3: Forecasted | I3: Delta | J3: % | K3: Notes | L3: Service Requests
A4: {=Sites[Site]} -> Farmer | B4: {=Sites[State]} -> AZ | C4: =Sites[[#This Row],[SOL'#]] -> SOL-10748 | F4: =IF(AND(ISNUMBER(D4),ISNUMBER(E4)), D4-E4, "") | G4: =IFERROR(F4/E4, "") | I4: =IF(AND(ISNUMBER(D4),ISNUMBER(H4)), D4-H4, "") | J4: =IFERROR(I4/H4, "")
A5: Fulton | B5: AZ | C5: =Sites[[#This Row],[SOL'#]] -> SOL-10749 | F5: =IF(AND(ISNUMBER(D5),ISNUMBER(E5)), D5-E5, "") | G5: =IFERROR(F5/E5, "") | I5: =IF(AND(ISNUMBER(D5),ISNUMBER(H5)), D5-H5, "") | J5: =IFERROR(I5/H5, "")
A6: JFK Elementary | B6: AZ | C6: =Sites[[#This Row],[SOL'#]] -> SOL-10758 | F6: =IF(AND(ISNUMBER(D6),ISNUMBER(E6)), D6-E6, "") | G6: =IFERROR(F6/E6, "") | I6: =IF(AND(ISNUMBER(D6),ISNUMBER(H6)), D6-H6, "") | J6: =IFERROR(I6/H6, "")
A7: Noble | B7: AZ | C7: =Sites[[#This Row],[SOL'#]] -> SOL-10750 | F7: =IF(AND(ISNUMBER(D7),ISNUMBER(E7)), D7-E7, "") | G7: =IFERROR(F7/E7, "") | I7: =IF(AND(ISNUMBER(D7),ISNUMBER(H7)), D7-H7, "") | J7: =IFERROR(I7/H7, "")
A8: Parking 3 | B8: AZ | C8: =Sites[[#This Row],[SOL'#]] -> SOL-10751 | F8: =IF(AND(ISNUMBER(D8),ISNUMBER(E8)), D8-E8, "") | G8: =IFERROR(F8/E8, "") | I8: =IF(AND(ISNUMBER(D8),ISNUMBER(H8)), D8-H8, "") | J8: =IFERROR(I8/H8, "")
A9: PE East | B9: AZ | C9: =Sites[[#This Row],[SOL'#]] -> SOL-10752 | F9: =IF(AND(ISNUMBER(D9),ISNUMBER(E9)), D9-E9, "") | G9: =IFERROR(F9/E9, "") | I9: =IF(AND(ISNUMBER(D9),ISNUMBER(H9)), D9-H9, "") | J9: =IFERROR(I9/H9, "")
A10: Schwada | B10: AZ | C10: =Sites[[#This Row],[SOL'#]] -> SOL-10753 | F10: =IF(AND(ISNUMBER(D10),ISNUMBER(E10)), D10-E10, "") | G10: =IFERROR(F10/E10, "") | I10: =IF(AND(ISNUMBER(D10),ISNUMBER(H10)), D10-H10, "") | J10: =IFERROR(I10/H10, "")
A11: Starshine | B11: AZ | C11: =Sites[[#This Row],[SOL'#]] -> SOL-10757 | F11: =IF(AND(ISNUMBER(D11),ISNUMBER(E11)), D11-E11, "") | G11: =IFERROR(F11/E11, "") | I11: =IF(AND(ISNUMBER(D11),ISNUMBER(H11)), D11-H11, "") | J11: =IFERROR(I11/H11, "")
A12: Yuma Airport | B12: AZ | C12: =Sites[[#This Row],[SOL'#]] -> SOL-10754 | F12: =IF(AND(ISNUMBER(D12),ISNUMBER(E12)), D12-E12, "") | G12: =IFERROR(F12/E12, "") | I12: =IF(AND(ISNUMBER(D12),ISNUMBER(H12)), D12-H12, "") | J12: =IFERROR(I12/H12, "")
A13: Kinsman | B13: OH | C13: =Sites[[#This Row],[SOL'#]] -> SOL-10762 | F13: =IF(AND(ISNUMBER(D13),ISNUMBER(E13)), D13-E13, "") | G13: =IFERROR(F13/E13, "") | I13: =IF(AND(ISNUMBER(D13),ISNUMBER(H13)), D13-H13, "") | J13: =IFERROR(I13/H13, "")
A14: Wooster | B14: OH | C14: =Sites[[#This Row],[SOL'#]] -> SOL-10763 | F14: =IF(AND(ISNUMBER(D14),ISNUMBER(E14)), D14-E14, "") | G14: =IFERROR(F14/E14, "") | I14: =IF(AND(ISNUMBER(D14),ISNUMBER(H14)), D14-H14, "") | J14: =IFERROR(I14/H14, "")
A15: Globe Gila CC | B15: AZ | C15: =Sites[[#This Row],[SOL'#]] -> SOL-10755 | F15: =IF(AND(ISNUMBER(D15),ISNUMBER(E15)), D15-E15, "") | G15: =IFERROR(F15/E15, "") | I15: =IF(AND(ISNUMBER(D15),ISNUMBER(H15)), D15-H15, "") | J15: =IFERROR(I15/H15, "")
A16: Payson Gila CC | B16: AZ | C16: =Sites[[#This Row],[SOL'#]] -> SOL-10756 | F16: =IF(AND(ISNUMBER(D16),ISNUMBER(E16)), D16-E16, "") | G16: =IFERROR(F16/E16, "") | I16: =IF(AND(ISNUMBER(D16),ISNUMBER(H16)), D16-H16, "") | J16: =IFERROR(I16/H16, "")
... A139: Spencer | B139: NY | C139: =Sites[[#This Row],[SOL'#]] -> SOL-11017 | F139: =IF(AND(ISNUMBER(D139),ISNUMBER(E139)), D139-E139, "") | G139: =IFERROR(F139/E139, "") | I139: =IF(AND(ISNUMBER(D139),ISNUMBER(H139)), D139-H139, "") | J139: =IFERROR(I139/H139, "")
A140: Reisender | B140: NY | C140: =Sites[[#This Row],[SOL'#]] -> SOL-10886
A141: Finney | B141: NY | C141: =Sites[[#This Row],[SOL'#]] -> SOL-10999
A142: Davis Solar | B142: NY | C142: =Sites[[#This Row],[SOL'#]] -> SOL-10958
A143: Genesee | B143: NY | C143: =Sites[[#This Row],[SOL'#]] -> SOL-10951
A144: Landau I | B144: NY | C144: =Sites[[#This Row],[SOL'#]] -> SOL-10891
A145: Landau II | B145: NY | C145: =Sites[[#This Row],[SOL'#]] -> SOL-10895
A146: New Beginnings | B146: NY | C146: =Sites[[#This Row],[SOL'#]] -> SOL-10890
A147: Guilin Farm Solar | B147: NY | C147: =Sites[[#This Row],[SOL'#]] -> SOL-10998
A148: Brodhead Solar | B148: NY | C148: =Sites[[#This Row],[SOL'#]] -> SOL-10899
A149: Svenski | B149: NY | C149: =Sites[[#This Row],[SOL'#]] -> SOL-10894
A150: Bantam | B150: NY | C150: =Sites[[#This Row],[SOL'#]] -> SOL-10986
A151: Bogart | B151: NY | C151: =Sites[[#This Row],[SOL'#]] -> SOL-10887
... A160: Drinkwater | B160: NY | C160: =Sites[[#This Row],[SOL'#]] -> SOL-10896
A161: Altamont | B161: NY | C161: SOL-11085
A162: Krumkill North | B162: NY | C162: =Sites[[#This Row],[SOL'#]] -> SOL-11086
A163: Krumkill South | B163: NY | C163: SOL-11086
A164: X092 | B164: NY | C164: =Sites[[#This Row],[SOL'#]] -> SOL-11189
A165: X093 | B165: NY | C165: SOL-11087
A166: X095 | B166: NY | C166: =Sites[[#This Row],[SOL'#]] -> SOL-10929
A167: X181 | B167: NY | C167: SOL-11088
A168: X415 | B168: NY | C168: =Sites[[#This Row],[SOL'#]] -> SOL-10429
A169: K198 | B169: NY | C169: SOL-11089
A170: K203 | B170: NY | C170: =Sites[[#This Row],[SOL'#]] -> SOL-11190
A171: K213 | B171: NY | C171: SOL-11090
A172: K217 | B172: NY | C172: =Sites[[#This Row],[SOL'#]] -> SOL-10933
A173: K307 | B173: NY | C173: SOL-11091
A174: K610 | B174: NY | C174: =Sites[[#This Row],[SOL'#]] -> SOL-11158
A175: M025 | B175: NY | C175: SOL-11092
A176: M028 | B176: NY | C176: =Sites[[#This Row],[SOL'#]] -> SOL-10381
A177: Q030 | B177: NY | C177: SOL-11093
A178: Q130 | B178: NY | C178: =Sites[[#This Row],[SOL'#]] -> SOL-10877
A179: Q196 | B179: NY | C179: SOL-11094
A180: Q220 | B180: NY | C180: =Sites[[#This Row],[SOL'#]] -> SOL-10873
A181: Q205 | B181: NY | C181: SOL-11095
A182: Q400 | B182: NY | C182: =Sites[[#This Row],[SOL'#]] -> SOL-10871
A183: R003 | B183: NY | C183: SOL-11096
A184: R007 | B184: NY | C184: =Sites[[#This Row],[SOL'#]] -> SOL-10417
A185: BK16 | B185: NY | C185: SOL-11097
A186: Trenton - Trenton East | B186: IL
A187: Trenton - Trenton West | B187: IL
A188: Dakota - Dakota Solar 1 | B188: IL
A189: X018 | B189: NY
A190: Janiak Solar | B190: NY
A191: County Route 11B | B191: NY
A192: Barone | B192: NY
A193: Cedarville | B193: IL
A194: O'Brien Hill #1 | B194: NY
A195: O'Brien Hill #2 | B195: NY
A196: Trinity - Freeport | B196: IL
A197: Ransom | B197: NY
... A200: Wellsville - Chenunda Creek | B200: NY

Sheet May
A1: {=portfolio} -> Generate Capital | E1: May Actual v. Expected | H1: May Actual v. Forecasted
A2: Total | D2: =SUM(D4:D160) -> 0 | E2: =SUM(E4:E160) -> 0 | F2: =D2-E2 -> 0 | G2: =IFERROR(F2/E2, 0) -> 0 | H2: =SUM(H4:H160) -> 0 | I2: =D2-H2 -> 0 | J2: =IFERROR(I2/H2, 0) -> 0 | K2: =IF(AND(TODAY()>DATE(2024, 5, 1), COUNTA(Sites[Site])<>(COUNT(D:D)-1)), "Some sites are missing actual data; if new sites were added, make sure they are aligned correctly (including prior months!)", "") -> Some sites are missing actual data; if new sites were added, make sure they are aligned correctly (including prior months!)
A3: Site | B3: State | C3: SOL# | D3: Actual | E3: Expected | F3: Delta | G3: % | H3: Forecasted | I3: Delta | J3: % | K3: Notes | L3: Service Requests
A4: {=Sites[Site]} -> Farmer | B4: {=Sites[State]} -> AZ | C4: =Sites[[#This Row],[SOL'#]] -> SOL-10748 | F4: =IF(AND(ISNUMBER(D4),ISNUMBER(E4)), D4-E4, "") | G4: =IFERROR(F4/E4, "") | I4: =IF(AND(ISNUMBER(D4),ISNUMBER(H4)), D4-H4, "") | J4: =IFERROR(I4/H4, "")
A5: Fulton | B5: AZ | C5: =Sites[[#This Row],[SOL'#]] -> SOL-10749 | F5: =IF(AND(ISNUMBER(D5),ISNUMBER(E5)), D5-E5, "") | G5: =IFERROR(F5/E5, "") | I5: =IF(AND(ISNUMBER(D5),ISNUMBER(H5)), D5-H5, "") | J5: =IFERROR(I5/H5, "")
A6: JFK Elementary | B6: AZ | C6: =Sites[[#This Row],[SOL'#]] -> SOL-10758 | F6: =IF(AND(ISNUMBER(D6),ISNUMBER(E6)), D6-E6, "") | G6: =IFERROR(F6/E6, "") | I6: =IF(AND(ISNUMBER(D6),ISNUMBER(H6)), D6-H6, "") | J6: =IFERROR(I6/H6, "")
A7: Noble | B7: AZ | C7: =Sites[[#This Row],[SOL'#]] -> SOL-10750 | F7: =IF(AND(ISNUMBER(D7),ISNUMBER(E7)), D7-E7, "") | G7: =IFERROR(F7/E7, "") | I7: =IF(AND(ISNUMBER(D7),ISNUMBER(H7)), D7-H7, "") | J7: =IFERROR(I7/H7, "")
A8: Parking 3 | B8: AZ | C8: =Sites[[#This Row],[SOL'#]] -> SOL-10751 | F8: =IF(AND(ISNUMBER(D8),ISNUMBER(E8)), D8-E8, "") | G8: =IFERROR(F8/E8, "") | I8: =IF(AND(ISNUMBER(D8),ISNUMBER(H8)), D8-H8, "") | J8: =IFERROR(I8/H8, "")
A9: PE East | B9: AZ | C9: =Sites[[#This Row],[SOL'#]] -> SOL-10752 | F9: =IF(AND(ISNUMBER(D9),ISNUMBER(E9)), D9-E9, "") | G9: =IFERROR(F9/E9, "") | I9: =IF(AND(ISNUMBER(D9),ISNUMBER(H9)), D9-H9, "") | J9: =IFERROR(I9/H9, "")
A10: Schwada | B10: AZ | C10: =Sites[[#This Row],[SOL'#]] -> SOL-10753 | F10: =IF(AND(ISNUMBER(D10),ISNUMBER(E10)), D10-E10, "") | G10: =IFERROR(F10/E10, "") | I10: =IF(AND(ISNUMBER(D10),ISNUMBER(H10)), D10-H10, "") | J10: =IFERROR(I10/H10, "")
A11: Starshine | B11: AZ | C11: =Sites[[#This Row],[SOL'#]] -> SOL-10757 | F11: =IF(AND(ISNUMBER(D11),ISNUMBER(E11)), D11-E11, "") | G11: =IFERROR(F11/E11, "") | I11: =IF(AND(ISNUMBER(D11),ISNUMBER(H11)), D11-H11, "") | J11: =IFERROR(I11/H11, "")
A12: Yuma Airport | B12: AZ | C12: =Sites[[#This Row],[SOL'#]] -> SOL-10754 | F12: =IF(AND(ISNUMBER(D12),ISNUMBER(E12)), D12-E12, "") | G12: =IFERROR(F12/E12, "") | I12: =IF(AND(ISNUMBER(D12),ISNUMBER(H12)), D12-H12, "") | J12: =IFERROR(I12/H12, "")
A13: Kinsman | B13: OH | C13: =Sites[[#This Row],[SOL'#]] -> SOL-10762 | F13: =IF(AND(ISNUMBER(D13),ISNUMBER(E13)), D13-E13, "") | G13: =IFERROR(F13/E13, "") | I13: =IF(AND(ISNUMBER(D13),ISNUMBER(H13)), D13-H13, "") | J13: =IFERROR(I13/H13, "")
A14: Wooster | B14: OH | C14: =Sites[[#This Row],[SOL'#]] -> SOL-10763 | F14: =IF(AND(ISNUMBER(D14),ISNUMBER(E14)), D14-E14, "") | G14: =IFERROR(F14/E14, "") | I14: =IF(AND(ISNUMBER(D14),ISNUMBER(H14)), D14-H14, "") | J14: =IFERROR(I14/H14, "")
A15: Globe Gila CC | B15: AZ | C15: =Sites[[#This Row],[SOL'#]] -> SOL-10755 | F15: =IF(AND(ISNUMBER(D15),ISNUMBER(E15)), D15-E15, "") | G15: =IFERROR(F15/E15, "") | I15: =IF(AND(ISNUMBER(D15),ISNUMBER(H15)), D15-H15, "") | J15: =IFERROR(I15/H15, "")
A16: Payson Gila CC | B16: AZ | C16: =Sites[[#This Row],[SOL'#]] -> SOL-10756 | F16: =IF(AND(ISNUMBER(D16),ISNUMBER(E16)), D16-E16, "") | G16: =IFERROR(F16/E16, "") | I16: =IF(AND(ISNUMBER(D16),ISNUMBER(H16)), D16-H16, "") | J16: =IFERROR(I16/H16, "")
... A160: Drinkwater | B160: NY | C160: =Sites[[#This Row],[SOL'#]] -> SOL-10896 | F160: =IF(AND(ISNUMBER(D160),ISNUMBER(E160)), D160-E160, "") | G160: =IFERROR(F160/E160, "") | I160: =IF(AND(ISNUMBER(D160),ISNUMBER(H160)), D160-H160, "") | J160: =IFERROR(I160/H160, "")
A161: Altamont | B161: NY | C161: SOL-11085
A162: Krumkill North | B162: NY | C162: =Sites[[#This Row],[SOL'#]] -> SOL-11086 | F162: =IF(AND(ISNUMBER(D162),ISNUMBER(E162)), D162-E162, "") | G162: =IFERROR(F162/E162, "") | I162: =IF(AND(ISNUMBER(D162),ISNUMBER(H162)), D162-H162, "") | J162: =IFERROR(I162/H162, "")
A163: Krumkill South | B163: NY | C163: SOL-11086
A164: X092 | B164: NY | C164: =Sites[[#This Row],[SOL'#]] -> SOL-11189 | F164: =IF(AND(ISNUMBER(D164),ISNUMBER(E164)), D164-E164, "") | G164: =IFERROR(F164/E164, "") | I164: =IF(AND(ISNUMBER(D164),ISNUMBER(H164)), D164-H164, "") | J164: =IFERROR(I164/H164, "")
A165: X093 | B165: NY | C165: SOL-11087
A166: X095 | B166: NY | C166: =Sites[[#This Row],[SOL'#]] -> SOL-10929 | F166: =IF(AND(ISNUMBER(D166),ISNUMBER(E166)), D166-E166, "") | G166: =IFERROR(F166/E166, "") | I166: =IF(AND(ISNUMBER(D166),ISNUMBER(H166)), D166-H166, "") | J166: =IFERROR(I166/H166, "")
A167: X181 | B167: NY | C167: SOL-11088
A168: X415 | B168: NY | C168: =Sites[[#This Row],[SOL'#]] -> SOL-10429 | F168: =IF(AND(ISNUMBER(D168),ISNUMBER(E168)), D168-E168, "") | G168: =IFERROR(F168/E168, "") | I168: =IF(AND(ISNUMBER(D168),ISNUMBER(H168)), D168-H168, "") | J168: =IFERROR(I168/H168, "")
A169: K198 | B169: NY | C169: SOL-11089
A170: K203 | B170: NY | C170: =Sites[[#This Row],[SOL'#]] -> SOL-11190 | F170: =IF(AND(ISNUMBER(D170),ISNUMBER(E170)), D170-E170, "") | G170: =IFERROR(F170/E170, "") | I170: =IF(AND(ISNUMBER(D170),ISNUMBER(H170)), D170-H170, "") | J170: =IFERROR(I170/H170, "")
A171: K213 | B171: NY | C171: SOL-11090
A172: K217 | B172: NY | C172: =Sites[[#This Row],[SOL'#]] -> SOL-10933 | F172: =IF(AND(ISNUMBER(D172),ISNUMBER(E172)), D172-E172, "") | G172: =IFERROR(F172/E172, "") | I172: =IF(AND(ISNUMBER(D172),ISNUMBER(H172)), D172-H172, "") | J172: =IFERROR(I172/H172, "")
A173: K307 | B173: NY | C173: SOL-11091
A174: K610 | B174: NY | C174: =Sites[[#This Row],[SOL'#]] -> SOL-11158 | F174: =IF(AND(ISNUMBER(D174),ISNUMBER(E174)), D174-E174, "") | G174: =IFERROR(F174/E174, "") | I174: =IF(AND(ISNUMBER(D174),ISNUMBER(H174)), D174-H174, "") | J174: =IFERROR(I174/H174, "")
A175: M025 | B175: NY | C175: SOL-11092
A176: M028 | B176: NY | C176: =Sites[[#This Row],[SOL'#]] -> SOL-10381 | F176: =IF(AND(ISNUMBER(D176),ISNUMBER(E176)), D176-E176, "") | G176: =IFERROR(F176/E176, "") | I176: =IF(AND(ISNUMBER(D176),ISNUMBER(H176)), D176-H176, "") | J176: =IFERROR(I176/H176, "")
A177: Q030 | B177: NY | C177: SOL-11093
A178: Q130 | B178: NY | C178: =Sites[[#This Row],[SOL'#]] -> SOL-10877 | F178: =IF(AND(ISNUMBER(D178),ISNUMBER(E178)), D178-E178, "") | G178: =IFERROR(F178/E178, "") | I178: =IF(AND(ISNUMBER(D178),ISNUMBER(H178)), D178-H178, "") | J178: =IFERROR(I178/H178, "")
A179: Q196 | B179: NY | C179: SOL-11094
A180: Q220 | B180: NY | C180: =Sites[[#This Row],[SOL'#]] -> SOL-10873 | F180: =IF(AND(ISNUMBER(D180),ISNUMBER(E180)), D180-E180, "") | G180: =IFERROR(F180/E180, "") | I180: =IF(AND(ISNUMBER(D180),ISNUMBER(H180)), D180-H180, "") | J180: =IFERROR(I180/H180, "")
A181: Q205 | B181: NY | C181: SOL-11095
A182: Q400 | B182: NY | C182: =Sites[[#This Row],[SOL'#]] -> SOL-10871 | F182: =IF(AND(ISNUMBER(D182),ISNUMBER(E182)), D182-E182, "") | G182: =IFERROR(F182/E182, "") | I182: =IF(AND(ISNUMBER(D182),ISNUMBER(H182)), D182-H182, "") | J182: =IFERROR(I182/H182, "")
A183: R003 | B183: NY | C183: SOL-11096
A184: R007 | B184: NY | C184: =Sites[[#This Row],[SOL'#]] -> SOL-10417 | F184: =IF(AND(ISNUMBER(D184),ISNUMBER(E184)), D184-E184, "") | G184: =IFERROR(F184/E184, "") | I184: =IF(AND(ISNUMBER(D184),ISNUMBER(H184)), D184-H184, "") | J184: =IFERROR(I184/H184, "")
A185: BK16 | B185: NY | C185: SOL-11097
A186: Trenton - Trenton East | B186: IL
A187: Trenton - Trenton West | B187: IL
A188: Dakota - Dakota Solar 1 | B188: IL
A189: X018 | B189: NY
A190: Janiak Solar | B190: NY
A191: County Route 11B | B191: NY
A192: Barone | B192: NY
A193: Cedarville | B193: IL
A194: O'Brien Hill #1 | B194: NY
A195: O'Brien Hill #2 | B195: NY
A196: Trinity - Freeport | B196: IL
A197: Ransom | B197: NY
... A200: Wellsville - Chenunda Creek | B200: NY

Sheet Jun
A1: {=portfolio} -> Generate Capital | E1: June Actual v. Expected | H1: June Actual v. Forecasted
A2: Total | D2: =SUM(D4:D200) -> 0 | E2: =SUM(E4:E200) -> 0 | F2: =D2-E2 -> 0 | G2: =IFERROR(F2/E2, 0) -> 0 | H2: =SUM(H4:H200) -> 0 | I2: =D2-H2 -> 0 | J2: =IFERROR(I2/H2, 0) -> 0 | K2: =IF(AND(TODAY()>DATE(2024, 6, 1), COUNTA(Sites[Site])<>(COUNT(D:D)-1)), "Some sites are missing actual data; if new sites were added, make sure they are aligned correctly (including prior months!)", "") -> Some sites are missing actual data; if new sites were added, make sure they are aligned correctly (including prior months!)
A3: Site | B3: State | C3: SOL# | D3: Actual | E3: Expected | F3: Delta | G3: % | H3: Forecasted | I3: Delta | J3: % | K3: Notes | L3: Service Requests
A4: {=Sites[Site]} -> Farmer | B4: {=Sites[State]} -> AZ | C4: =Sites[[#This Row],[SOL'#]] -> SOL-10748 | F4: =IF(AND(ISNUMBER(D4),ISNUMBER(E4)), D4-E4, "") | G4: =IFERROR(F4/E4, "") | I4: =IF(AND(ISNUMBER(D4),ISNUMBER(H4)), D4-H4, "") | J4: =IFERROR(I4/H4, "")
A5: Fulton | B5: AZ | C5: =Sites[[#This Row],[SOL'#]] -> SOL-10749 | F5: =IF(AND(ISNUMBER(D5),ISNUMBER(E5)), D5-E5, "") | G5: =IFERROR(F5/E5, "") | I5: =IF(AND(ISNUMBER(D5),ISNUMBER(H5)), D5-H5, "") | J5: =IFERROR(I5/H5, "")
A6: JFK Elementary | B6: AZ | C6: =Sites[[#This Row],[SOL'#]] -> SOL-10758 | F6: =IF(AND(ISNUMBER(D6),ISNUMBER(E6)), D6-E6, "") | G6: =IFERROR(F6/E6, "") | I6: =IF(AND(ISNUMBER(D6),ISNUMBER(H6)), D6-H6, "") | J6: =IFERROR(I6/H6, "")
A7: Noble | B7: AZ | C7: =Sites[[#This Row],[SOL'#]] -> SOL-10750 | F7: =IF(AND(ISNUMBER(D7),ISNUMBER(E7)), D7-E7, "") | G7: =IFERROR(F7/E7, "") | I7: =IF(AND(ISNUMBER(D7),ISNUMBER(H7)), D7-H7, "") | J7: =IFERROR(I7/H7, "")
A8: Parking 3 | B8: AZ | C8: =Sites[[#This Row],[SOL'#]] -> SOL-10751 | F8: =IF(AND(ISNUMBER(D8),ISNUMBER(E8)), D8-E8, "") | G8: =IFERROR(F8/E8, "") | I8: =IF(AND(ISNUMBER(D8),ISNUMBER(H8)), D8-H8, "") | J8: =IFERROR(I8/H8, "")
A9: PE East | B9: AZ | C9: =Sites[[#This Row],[SOL'#]] -> SOL-10752 | F9: =IF(AND(ISNUMBER(D9),ISNUMBER(E9)), D9-E9, "") | G9: =IFERROR(F9/E9, "") | I9: =IF(AND(ISNUMBER(D9),ISNUMBER(H9)), D9-H9, "") | J9: =IFERROR(I9/H9, "")
A10: Schwada | B10: AZ | C10: =Sites[[#This Row],[SOL'#]] -> SOL-10753 | F10: =IF(AND(ISNUMBER(D10),ISNUMBER(E10)), D10-E10, "") | G10: =IFERROR(F10/E10, "") | I10: =IF(AND(ISNUMBER(D10),ISNUMBER(H10)), D10-H10, "") | J10: =IFERROR(I10/H10, "")
A11: Starshine | B11: AZ | C11: =Sites[[#This Row],[SOL'#]] -> SOL-10757 | F11: =IF(AND(ISNUMBER(D11),ISNUMBER(E11)), D11-E11, "") | G11: =IFERROR(F11/E11, "") | I11: =IF(AND(ISNUMBER(D11),ISNUMBER(H11)), D11-H11, "") | J11: =IFERROR(I11/H11, "")
A12: Yuma Airport | B12: AZ | C12: =Sites[[#This Row],[SOL'#]] -> SOL-10754 | F12: =IF(AND(ISNUMBER(D12),ISNUMBER(E12)), D12-E12, "") | G12: =IFERROR(F12/E12, "") | I12: =IF(AND(ISNUMBER(D12),ISNUMBER(H12)), D12-H12, "") | J12: =IFERROR(I12/H12, "")
A13: Kinsman | B13: OH | C13: =Sites[[#This Row],[SOL'#]] -> SOL-10762 | F13: =IF(AND(ISNUMBER(D13),ISNUMBER(E13)), D13-E13, "") | G13: =IFERROR(F13/E13, "") | I13: =IF(AND(ISNUMBER(D13),ISNUMBER(H13)), D13-H13, "") | J13: =IFERROR(I13/H13, "")
A14: Wooster | B14: OH | C14: =Sites[[#This Row],[SOL'#]] -> SOL-10763 | F14: =IF(AND(ISNUMBER(D14),ISNUMBER(E14)), D14-E14, "") | G14: =IFERROR(F14/E14, "") | I14: =IF(AND(ISNUMBER(D14),ISNUMBER(H14)), D14-H14, "") | J14: =IFERROR(I14/H14, "")
A15: Globe Gila CC | B15: AZ | C15: =Sites[[#This Row],[SOL'#]] -> SOL-10755 | F15: =IF(AND(ISNUMBER(D15),ISNUMBER(E15)), D15-E15, "") | G15: =IFERROR(F15/E15, "") | I15: =IF(AND(ISNUMBER(D15),ISNUMBER(H15)), D15-H15, "") | J15: =IFERROR(I15/H15, "")
A16: Payson Gila CC | B16: AZ | C16: =Sites[[#This Row],[SOL'#]] -> SOL-10756 | F16: =IF(AND(ISNUMBER(D16),ISNUMBER(E16)), D16-E16, "") | G16: =IFERROR(F16/E16, "") | I16: =IF(AND(ISNUMBER(D16),ISNUMBER(H16)), D16-H16, "") | J16: =IFERROR(I16/H16, "")
... A160: Drinkwater | B160: NY | C160: =Sites[[#This Row],[SOL'#]] -> SOL-10896 | F160: =IF(AND(ISNUMBER(D160),ISNUMBER(E160)), D160-E160, "") | G160: =IFERROR(F160/E160, "") | I160: =IF(AND(ISNUMBER(D160),ISNUMBER(H160)), D160-H160, "") | J160: =IFERROR(I160/H160, "")
A161: Altamont | B161: NY | C161: SOL-11085
A162: Krumkill North | B162: NY | C162: =Sites[[#This Row],[SOL'#]] -> SOL-11086 | F162: =IF(AND(ISNUMBER(D162),ISNUMBER(E162)), D162-E162, "") | G162: =IFERROR(F162/E162, "") | I162: =IF(AND(ISNUMBER(D162),ISNUMBER(H162)), D162-H162, "") | J162: =IFERROR(I162/H162, "")
A163: Krumkill South | B163: NY | C163: SOL-11086
A164: X092 | B164: NY | C164: =Sites[[#This Row],[SOL'#]] -> SOL-11189 | F164: =IF(AND(ISNUMBER(D164),ISNUMBER(E164)), D164-E164, "") | G164: =IFERROR(F164/E164, "") | I164: =IF(AND(ISNUMBER(D164),ISNUMBER(H164)), D164-H164, "") | J164: =IFERROR(I164/H164, "")
A165: X093 | B165: NY | C165: SOL-11087
A166: X095 | B166: NY | C166: =Sites[[#This Row],[SOL'#]] -> SOL-10929 | F166: =IF(AND(ISNUMBER(D166),ISNUMBER(E166)), D166-E166, "") | G166: =IFERROR(F166/E166, "") | I166: =IF(AND(ISNUMBER(D166),ISNUMBER(H166)), D166-H166, "") | J166: =IFERROR(I166/H166, "")
A167: X181 | B167: NY | C167: SOL-11088
A168: X415 | B168: NY | C168: =Sites[[#This Row],[SOL'#]] -> SOL-10429 | F168: =IF(AND(ISNUMBER(D168),ISNUMBER(E168)), D168-E168, "") | G168: =IFERROR(F168/E168, "") | I168: =IF(AND(ISNUMBER(D168),ISNUMBER(H168)), D168-H168, "") | J168: =IFERROR(I168/H168, "")
A169: K198 | B169: NY | C169: SOL-11089
A170: K203 | B170: NY | C170: =Sites[[#This Row],[SOL'#]] -> SOL-11190 | F170: =IF(AND(ISNUMBER(D170),ISNUMBER(E170)), D170-E170, "") | G170: =IFERROR(F170/E170, "") | I170: =IF(AND(ISNUMBER(D170),ISNUMBER(H170)), D170-H170, "") | J170: =IFERROR(I170/H170, "")
A171: K213 | B171: NY | C171: SOL-11090
A172: K217 | B172: NY | C172: =Sites[[#This Row],[SOL'#]] -> SOL-10933 | F172: =IF(AND(ISNUMBER(D172),ISNUMBER(E172)), D172-E172, "") | G172: =IFERROR(F172/E172, "") | I172: =IF(AND(ISNUMBER(D172),ISNUMBER(H172)), D172-H172, "") | J172: =IFERROR(I172/H172, "")
A173: K307 | B173: NY | C173: SOL-11091
A174: K610 | B174: NY | C174: =Sites[[#This Row],[SOL'#]] -> SOL-11158 | F174: =IF(AND(ISNUMBER(D174),ISNUMBER(E174)), D174-E174, "") | G174: =IFERROR(F174/E174, "") | I174: =IF(AND(ISNUMBER(D174),ISNUMBER(H174)), D174-H174, "") | J174: =IFERROR(I174/H174, "")
A175: M025 | B175: NY | C175: SOL-11092
A176: M028 | B176: NY | C176: =Sites[[#This Row],[SOL'#]] -> SOL-10381 | F176: =IF(AND(ISNUMBER(D176),ISNUMBER(E176)), D176-E176, "") | G176: =IFERROR(F176/E176, "") | I176: =IF(AND(ISNUMBER(D176),ISNUMBER(H176)), D176-H176, "") | J176: =IFERROR(I176/H176, "")
A177: Q030 | B177: NY | C177: SOL-11093
A178: Q130 | B178: NY | C178: =Sites[[#This Row],[SOL'#]] -> SOL-10877 | F178: =IF(AND(ISNUMBER(D178),ISNUMBER(E178)), D178-E178, "") | G178: =IFERROR(F178/E178, "") | I178: =IF(AND(ISNUMBER(D178),ISNUMBER(H178)), D178-H178, "") | J178: =IFERROR(I178/H178, "")
A179: Q196 | B179: NY | C179: SOL-11094
A180: Q220 | B180: NY | C180: =Sites[[#This Row],[SOL'#]] -> SOL-10873 | F180: =IF(AND(ISNUMBER(D180),ISNUMBER(E180)), D180-E180, "") | G180: =IFERROR(F180/E180, "") | I180: =IF(AND(ISNUMBER(D180),ISNUMBER(H180)), D180-H180, "") | J180: =IFERROR(I180/H180, "")
A181: Q205 | B181: NY | C181: SOL-11095
A182: Q400 | B182: NY | C182: =Sites[[#This Row],[SOL'#]] -> SOL-10871 | F182: =IF(AND(ISNUMBER(D182),ISNUMBER(E182)), D182-E182, "") | G182: =IFERROR(F182/E182, "") | I182: =IF(AND(ISNUMBER(D182),ISNUMBER(H182)), D182-H182, "") | J182: =IFERROR(I182/H182, "")
A183: R003 | B183: NY | C183: SOL-11096
A184: R007 | B184: NY | C184: =Sites[[#This Row],[SOL'#]] -> SOL-10417 | F184: =IF(AND(ISNUMBER(D184),ISNUMBER(E184)), D184-E184, "") | G184: =IFERROR(F184/E184, "") | I184: =IF(AND(ISNUMBER(D184),ISNUMBER(H184)), D184-H184, "") | J184: =IFERROR(I184/H184, "")
A185: BK16 | B185: NY | C185: SOL-11097
A186: Trenton - Trenton East | B186: IL
A187: Trenton - Trenton West | B187: IL
A188: Dakota - Dakota Solar 1 | B188: IL
A189: X018 | B189: NY
A190: Janiak Solar | B190: NY
A191: County Route 11B | B191: NY
A192: Barone | B192: NY
A193: Cedarville | B193: IL
A194: O'Brien Hill #1 | B194: NY
A195: O'Brien Hill #2 | B195: NY
A196: Trinity - Freeport | B196: IL
A197: Ransom | B197: NY
... A200: Wellsville - Chenunda Creek | B200: NY

Sheet Jul
A1: {=portfolio} -> Generate Capital | E1: July Actual v. Expected | H1: July Actual v. Forecasted
A2: Total | D2: =SUM(D4:D201) -> 0 | E2: =SUM(E4:E101) -> 0 | F2: =D2-E2 -> 0 | G2: =IFERROR(F2/E2, 0) -> 0 | H2: =SUM(H4:H201) -> 0 | I2: =D2-H2 -> 0 | J2: =IFERROR(I2/H2, 0) -> 0 | K2: =IF(AND(TODAY()>DATE(2024, 7, 1), COUNTA(Sites[Site])<>(COUNT(D:D)-1)), "Some sites are missing actual data; if new sites were added, make sure they are aligned correctly (including prior months!)", "") -> Some sites are missing actual data; if new sites were added, make sure they are aligned correctly (including prior months!)
A3: Site | B3: State | C3: SOL# | D3: Actual | E3: Expected | F3: Delta | G3: % | H3: Forecasted | I3: Delta | J3: % | K3: Notes | L3: Service Requests
A4: {=Sites[Site]} -> Farmer | B4: {=Sites[State]} -> AZ | C4: =Sites[[#This Row],[SOL'#]] -> SOL-10748 | F4: =IF(AND(ISNUMBER(D4),ISNUMBER(E4)), D4-E4, "") | G4: =IFERROR(F4/E4, "") | I4: =IF(AND(ISNUMBER(D4),ISNUMBER(H4)), D4-H4, "") | J4: =IFERROR(I4/H4, "")
A5: Fulton | B5: AZ | C5: =Sites[[#This Row],[SOL'#]] -> SOL-10749 | F5: =IF(AND(ISNUMBER(D5),ISNUMBER(E5)), D5-E5, "") | G5: =IFERROR(F5/E5, "") | I5: =IF(AND(ISNUMBER(D5),ISNUMBER(H5)), D5-H5, "") | J5: =IFERROR(I5/H5, "")
A6: JFK Elementary | B6: AZ | C6: =Sites[[#This Row],[SOL'#]] -> SOL-10758 | F6: =IF(AND(ISNUMBER(D6),ISNUMBER(E6)), D6-E6, "") | G6: =IFERROR(F6/E6, "") | I6: =IF(AND(ISNUMBER(D6),ISNUMBER(H6)), D6-H6, "") | J6: =IFERROR(I6/H6, "")
A7: Noble | B7: AZ | C7: =Sites[[#This Row],[SOL'#]] -> SOL-10750 | F7: =IF(AND(ISNUMBER(D7),ISNUMBER(E7)), D7-E7, "") | G7: =IFERROR(F7/E7, "") | I7: =IF(AND(ISNUMBER(D7),ISNUMBER(H7)), D7-H7, "") | J7: =IFERROR(I7/H7, "")
A8: Parking 3 | B8: AZ | C8: =Sites[[#This Row],[SOL'#]] -> SOL-10751 | F8: =IF(AND(ISNUMBER(D8),ISNUMBER(E8)), D8-E8, "") | G8: =IFERROR(F8/E8, "") | I8: =IF(AND(ISNUMBER(D8),ISNUMBER(H8)), D8-H8, "") | J8: =IFERROR(I8/H8, "")
A9: PE East | B9: AZ | C9: =Sites[[#This Row],[SOL'#]] -> SOL-10752 | F9: =IF(AND(ISNUMBER(D9),ISNUMBER(E9)), D9-E9, "") | G9: =IFERROR(F9/E9, "") | I9: =IF(AND(ISNUMBER(D9),ISNUMBER(H9)), D9-H9, "") | J9: =IFERROR(I9/H9, "")
A10: Schwada | B10: AZ | C10: =Sites[[#This Row],[SOL'#]] -> SOL-10753 | F10: =IF(AND(ISNUMBER(D10),ISNUMBER(E10)), D10-E10, "") | G10: =IFERROR(F10/E10, "") | I10: =IF(AND(ISNUMBER(D10),ISNUMBER(H10)), D10-H10, "") | J10: =IFERROR(I10/H10, "")
A11: Starshine | B11: AZ | C11: =Sites[[#This Row],[SOL'#]] -> SOL-10757 | F11: =IF(AND(ISNUMBER(D11),ISNUMBER(E11)), D11-E11, "") | G11: =IFERROR(F11/E11, "") | I11: =IF(AND(ISNUMBER(D11),ISNUMBER(H11)), D11-H11, "") | J11: =IFERROR(I11/H11, "")
A12: Yuma Airport | B12: AZ | C12: =Sites[[#This Row],[SOL'#]] -> SOL-10754 | F12: =IF(AND(ISNUMBER(D12),ISNUMBER(E12)), D12-E12, "") | G12: =IFERROR(F12/E12, "") | I12: =IF(AND(ISNUMBER(D12),ISNUMBER(H12)), D12-H12, "") | J12: =IFERROR(I12/H12, "")
A13: Kinsman | B13: OH | C13: =Sites[[#This Row],[SOL'#]] -> SOL-10762 | F13: =IF(AND(ISNUMBER(D13),ISNUMBER(E13)), D13-E13, "") | G13: =IFERROR(F13/E13, "") | I13: =IF(AND(ISNUMBER(D13),ISNUMBER(H13)), D13-H13, "") | J13: =IFERROR(I13/H13, "")
A14: Wooster | B14: OH | C14: =Sites[[#This Row],[SOL'#]] -> SOL-10763 | F14: =IF(AND(ISNUMBER(D14),ISNUMBER(E14)), D14-E14, "") | G14: =IFERROR(F14/E14, "") | I14: =IF(AND(ISNUMBER(D14),ISNUMBER(H14)), D14-H14, "") | J14: =IFERROR(I14/H14, "")
A15: Globe Gila CC | B15: AZ | C15: =Sites[[#This Row],[SOL'#]] -> SOL-10755 | F15: =IF(AND(ISNUMBER(D15),ISNUMBER(E15)), D15-E15, "") | G15: =IFERROR(F15/E15, "") | I15: =IF(AND(ISNUMBER(D15),ISNUMBER(H15)), D15-H15, "") | J15: =IFERROR(I15/H15, "")
A16: Payson Gila CC | B16: AZ | C16: =Sites[[#This Row],[SOL'#]] -> SOL-10756 | F16: =IF(AND(ISNUMBER(D16),ISNUMBER(E16)), D16-E16, "") | G16: =IFERROR(F16/E16, "") | I16: =IF(AND(ISNUMBER(D16),ISNUMBER(H16)), D16-H16, "") | J16: =IFERROR(I16/H16, "")
... A33: K298 | B33: NY | C33: =Sites[[#This Row],[SOL'#]] -> SOL-10368 | F33: =IF(AND(ISNUMBER(D33),ISNUMBER(E33)), D33-E33, "") | G33: =IFERROR(F33/E33, "") | I33: =IF(AND(ISNUMBER(D33),ISNUMBER(H33)), D33-H33, "") | J33: =IFERROR(I33/H33, "")
A34: K335 | B34: NY | G34: =IFERROR(F34/E34, "")
A35: K345 | B35: NY | C35: =Sites[[#This Row],[SOL'#]] -> SOL-10920 | F35: =IF(AND(ISNUMBER(D35),ISNUMBER(E35)), D35-E35, "") | G35: =IFERROR(F35/E35, "") | I35: =IF(AND(ISNUMBER(D35),ISNUMBER(H35)), D35-H35, "") | J35: =IFERROR(I35/H35, "")
A36: K445 | B36: NY | C36: =Sites[[#This Row],[SOL'#]] -> SOL-10373 | F36: =IF(AND(ISNUMBER(D36),ISNUMBER(E36)), D36-E36, "") | G36: =IFERROR(F36/E36, "") | I36: =IF(AND(ISNUMBER(D36),ISNUMBER(H36)), D36-H36, "") | J36: =IFERROR(I36/H36, "")
A37: K495 | B37: NY | C37: =Sites[[#This Row],[SOL'#]] -> SOL-10374 | F37: =IF(AND(ISNUMBER(D37),ISNUMBER(E37)), D37-E37, "") | G37: =IFERROR(F37/E37, "") | I37: =IF(AND(ISNUMBER(D37),ISNUMBER(H37)), D37-H37, "") | J37: =IFERROR(I37/H37, "")
A38: M020 | B38: NY | C38: =Sites[[#This Row],[SOL'#]] -> SOL-10380 | F38: =IF(AND(ISNUMBER(D38),ISNUMBER(E38)), D38-E38, "") | G38: =IFERROR(F38/E38, "") | I38: =IF(AND(ISNUMBER(D38),ISNUMBER(H38)), D38-H38, "") | J38: =IFERROR(I38/H38, "")
A39: M092 | B39: NY | C39: =Sites[[#This Row],[SOL'#]] -> SOL-10383 | F39: =IF(AND(ISNUMBER(D39),ISNUMBER(E39)), D39-E39, "") | G39: =IFERROR(F39/E39, "") | I39: =IF(AND(ISNUMBER(D39),ISNUMBER(H39)), D39-H39, "") | J39: =IFERROR(I39/H39, "")
A40: M143 | B40: NY | C40: =Sites[[#This Row],[SOL'#]] -> SOL-10384 | F40: =IF(AND(ISNUMBER(D40),ISNUMBER(E40)), D40-E40, "") | G40: =IFERROR(F40/E40, "") | I40: =IF(AND(ISNUMBER(D40),ISNUMBER(H40)), D40-H40, "") | J40: =IFERROR(I40/H40, "")
A41: M144 | B41: NY | C41: =Sites[[#This Row],[SOL'#]] -> SOL-10385 | F41: =IF(AND(ISNUMBER(D41),ISNUMBER(E41)), D41-E41, "") | G41: =IFERROR(F41/E41, "") | I41: =IF(AND(ISNUMBER(D41),ISNUMBER(H41)), D41-H41, "") | J41: =IFERROR(I41/H41, "")
A42: M167 | B42: NY | C42: =Sites[[#This Row],[SOL'#]] -> SOL-10386 | F42: =IF(AND(ISNUMBER(D42),ISNUMBER(E42)), D42-E42, "") | G42: =IFERROR(F42/E42, "") | I42: =IF(AND(ISNUMBER(D42),ISNUMBER(H42)), D42-H42, "") | J42: =IFERROR(I42/H42, "")
A43: M188 | B43: NY | C43: =Sites[[#This Row],[SOL'#]] -> SOL-10387 | F43: =IF(AND(ISNUMBER(D43),ISNUMBER(E43)), D43-E43, "") | G43: =IFERROR(F43/E43, "") | I43: =IF(AND(ISNUMBER(D43),ISNUMBER(H43)), D43-H43, "") | J43: =IFERROR(I43/H43, "")
A44: EMHC | B44: NY | C44: =Sites[[#This Row],[SOL'#]] -> SOL-10351 | F44: =IF(AND(ISNUMBER(D44),ISNUMBER(E44)), D44-E44, "") | G44: =IFERROR(F44/E44, "") | I44: =IF(AND(ISNUMBER(D44),ISNUMBER(H44)), D44-H44, "") | J44: =IFERROR(I44/H44, "")
A45: Q008 | B45: NY | C45: =Sites[[#This Row],[SOL'#]] -> SOL-10397 | F45: =IF(AND(ISNUMBER(D45),ISNUMBER(E45)), D45-E45, "") | G45: =IFERROR(F45/E45, "") | I45: =IF(AND(ISNUMBER(D45),ISNUMBER(H45)), D45-H45, "") | J45: =IFERROR(I45/H45, "")
A46: Q018 | B46: NY | C46: =Sites[[#This Row],[SOL'#]] -> SOL-10398 | F46: =IF(AND(ISNUMBER(D46),ISNUMBER(E46)), D46-E46, "") | G46: =IFERROR(F46/E46, "") | I46: =IF(AND(ISNUMBER(D46),ISNUMBER(H46)), D46-H46, "") | J46: =IFERROR(I46/H46, "")
... A74: Terning | B74: MN | C74: =Sites[[#This Row],[SOL'#]] -> SOL-10093 | F74: =IF(AND(ISNUMBER(D74),ISNUMBER(E74)), D74-E74, "") | G74: =IFERROR(F74/E74, "") | I74: =IF(AND(ISNUMBER(D74),ISNUMBER(H74)), D74-H74, "") | J74: =IFERROR(I74/H74, "")
A75: Boas Road 04 | B75: NY | C75: =Sites[[#This Row],[SOL'#]] -> SOL-10908 | G75: =IFERROR(F75/E75, "") | J75: =IFERROR(I75/H75, "")
A76: Kelly Bridge Farm | B76: NY | C76: =Sites[[#This Row],[SOL'#]] -> SOL-10911 | G76: =IFERROR(F76/E76, "") | J76: =IFERROR(I76/H76, "")
A77: Pool Brook Road | B77: NY | C77: =Sites[[#This Row],[SOL'#]] -> SOL-10909 | G77: =IFERROR(F77/E77, "") | J77: =IFERROR(I77/H77, "")
A78: Sackett Lake | B78: NY | C78: =Sites[[#This Row],[SOL'#]] -> SOL-10910 | G78: =IFERROR(F78/E78, "") | J78: =IFERROR(I78/H78, "")
A79: Burritt Road | B79: NY | C79: =Sites[[#This Row],[SOL'#]] -> SOL-10913 | G79: =IFERROR(F79/E79, "") | J79: =IFERROR(I79/H79, "")
A80: Villa Roma 1 | B80: NY | C80: =Sites[[#This Row],[SOL'#]] -> SOL-10914 | G80: =IFERROR(F80/E80, "") | J80: =IFERROR(I80/H80, "")
A81: Villa Roma 2 | B81: NY | C81: =Sites[[#This Row],[SOL'#]] -> SOL-10915 | G81: =IFERROR(F81/E81, "") | J81: =IFERROR(I81/H81, "")
A82: Washington 1 | B82: NY | C82: =Sites[[#This Row],[SOL'#]] -> SOL-10912 | G82: =IFERROR(F82/E82, "") | J82: =IFERROR(I82/H82, "")
A83: Washington 3 | B83: NY | C83: =Sites[[#This Row],[SOL'#]] -> SOL-10828 | G83: =IFERROR(F83/E83, "") | J83: =IFERROR(I83/H83, "")
A84: Washington 4 | B84: NY | C84: =Sites[[#This Row],[SOL'#]] -> SOL-10829 | G84: =IFERROR(F84/E84, "") | J84: =IFERROR(I84/H84, "")
A85: Big Tree | B85: NY | C85: =Sites[[#This Row],[SOL'#]] -> SOL-10966 | F85: =IF(AND(ISNUMBER(D85),ISNUMBER(E85)), D85-E85, "") | G85: =IFERROR(F85/E85, "") | I85: =IF(AND(ISNUMBER(D85),ISNUMBER(H85)), D85-H85, "") | J85: =IFERROR(I85/H85, "")
A86: Canoga | B86: NY | C86: =Sites[[#This Row],[SOL'#]] -> SOL-10965 | F86: =IF(AND(ISNUMBER(D86),ISNUMBER(E86)), D86-E86, "") | G86: =IFERROR(F86/E86, "") | I86: =IF(AND(ISNUMBER(D86),ISNUMBER(H86)), D86-H86, "") | J86: =IFERROR(I86/H86, "")
A87: County Route 84 | B87: NY | C87: =Sites[[#This Row],[SOL'#]] -> SOL-10967 | F87: =IF(AND(ISNUMBER(D87),ISNUMBER(E87)), D87-E87, "") | G87: =IFERROR(F87/E87, "") | I87: =IF(AND(ISNUMBER(D87),ISNUMBER(H87)), D87-H87, "") | J87: =IFERROR(I87/H87, "")
A88: Donati | B88: NY | C88: =Sites[[#This Row],[SOL'#]] -> SOL-10968 | F88: =IF(AND(ISNUMBER(D88),ISNUMBER(E88)), D88-E88, "") | G88: =IFERROR(F88/E88, "") | I88: =IF(AND(ISNUMBER(D88),ISNUMBER(H88)), D88-H88, "") | J88: =IFERROR(I88/H88, "")
A89: Henrietta | B89: NY | C89: =Sites[[#This Row],[SOL'#]] -> SOL-10972 | F89: =IF(AND(ISNUMBER(D89),ISNUMBER(E89)), D89-E89, "") | G89: =IFERROR(F89/E89, "") | I89: =IF(AND(ISNUMBER(D89),ISNUMBER(H89)), D89-H89, "") | J89: =IFERROR(I89/H89, "")
A90: NY 70 | B90: NY | C90: =Sites[[#This Row],[SOL'#]] -> SOL-10970 | F90: =IF(AND(ISNUMBER(D90),ISNUMBER(E90)), D90-E90, "") | G90: =IFERROR(F90/E90, "") | I90: =IF(AND(ISNUMBER(D90),ISNUMBER(H90)), D90-H90, "") | J90: =IFERROR(I90/H90, "")
A91: Reid | B91: NY | C91: =Sites[[#This Row],[SOL'#]] -> SOL-10991 | F91: =IF(AND(ISNUMBER(D91),ISNUMBER(E91)), D91-E91, "") | G91: =IFERROR(F91/E91, "") | I91: =IF(AND(ISNUMBER(D91),ISNUMBER(H91)), D91-H91, "")
