Workbook

Sheet Glossary
A1: Terminology | F1: Definition
A2: Total Actual Production (kWh): | F2: total monthly production
A3: Total Modeled Production (kWh): | F3: total performance predicted monthly produciton
A4: Total Actual Insolation (Wh/m2): | F4: total monthly insolation received on site
A5: Total Modeled Insolation (Wh/m2): | F5: total predicted monthly insolation on site
A6: Total Outage Adjusted Production (kWh): | F6: expected energy production based off plant configuration specifications and measured environmental data. Calculated using actual weather data collected on the site throughout the month. A more accurate and refined version of the Weather-Adjusted Performance metric.
A7: Outage-Adjusted Performance: | F7: the actual production divided by the outage adjusted expected production for a PV system.
A8: Weather-Adjusted Performance: | F8: total actual production versus the weather-adjusted expected production
A9: Actual vs Modeled Production: | F9: total actual production versus the adjusted modeled production
A10: Monthly PV System Availability: | F10: calculates the percentage in which equipment is online and producing when irradiance exceeds a predetermined threshold.
A11: YTD PV System Availability: | F11: system availability since the beginning of the year to present time

Sheet Merrimack
E1: Merrimack
E2: Monthly Operating Report
E3: January 2026
C5: Monthly Total Performance
E6: Total Actual Production (kWh): | J6: =SUM(G32:G62) -> 77965
E7: Total Modeled Production (kWh): | J7: ='Predicted Data'!D17 -> 148923.3
E8: Total Actual Insolation (Wh/m2): | J8: =SUM(H32:H62) -> 78267.644
E9: Total Modeled Insolation (Wh/m2):
E10: Total Outage Adjusted Production (kWh): | J10: ='Plant Health'!H116 -> 182254.72
E11: Outage-Adjusted Performance: | J11: =J6/J10 -> 0.42778041
E12: Actual vs Modeled Production: | J12: =J6/J7 -> 0.52352453
E13: Monthly PV System Availability: | J13: =Availability!E54 -> 0.6235
E14: YTD PV System Availability: | J14: =Availability!E66 -> 0.6235
C16: Chart of Daily Irradiance vs. Production
F30: Day-by-Day Performance
F31: Date | G31: Energy Produced (kWh) | H31: Radiation Yield (Wh/m2) | I31: Max Ambient Temp (°F)
F32: 46023
F33: 46024 | G33: 3921 | H33: 3479.588 | I33: 19.33736
F34: 46025 | G34: 3086 | H34: 2109.542 | I34: 22.81343
F35: 46026 | G35: 572.85135 | H35: 1389.042 | I35: 24.46562
F36: 46027 | G36: 925.14865 | H36: 1316.445 | I36: 17.09303
F37: 46028 | G37: 1115 | H37: 2487.663 | I37: 26.44952
F38: 46029 | G38: 815 | H38: 647.9013 | I38: 31.53619
F39: 46030 | G39: 4215.9651 | H39: 2945.4 | I39: 30.82789
F40: 46031 | G40: 5220.0349 | H40: 2863.202 | I40: 34.12933
F41: 46032 | G41: 2929 | H41: 1505.809 | I41: 38.40449
F42: 46033 | G42: 4647.5 | H42: 2772.06 | I42: 37.35175
F43: 46034 | G43: 6108.5 | H43: 3746.074 | I43: 30.78619
F44: 46035 | G44: 6590 | H44: 3946.919 | I44: 35.39737
... F62: 46053 | G62: 1120 | H62: 5520.058 | I62: 5.58707
C65: O&M Activity
C70: Performance Notes
C71: 1.On 08/20, the Moxa logger for this site was replaced. Since then, Production Meter 1 has not been communicating, which led to a production meter availability of 66.6% and an overall monthly site availability of 88%. Please note that site availability in Also Energy is calculated based on all three production meters; however, actual production can still be confirmed via the inverters. This issue was previously communicated to the client through the closed Service Request SR106258 2.Site stopped communicating at 17:59 on 12/31/25 and later back online at 10:00 on 01/02 .SR113930

Sheet Smithfield
E1: Smithfield
E2: Monthly Operating Report
E3: January' 2026
C5: Monthly Total Performance
E6: Total Actual Production (kWh): | J6: =SUM(G32:G62) -> 117870
E7: Total Modeled Production (kWh): | J7: ='Predicted Data'!D5 -> 173872.6
E8: Total Actual Insolation (Wh/m2): | J8: =SUM(H32:H62) -> 72253.361
E9: Total Modeled Insolation (Wh/m2):
E10: Total Outage Adjusted Production (kWh): | J10: ='Plant Health'!E116 -> 225662.44
E11: Outage-Adjusted Performance: | J11: =J6/J10 -> 0.52232883
E12: Actual vs Modeled Production: | J12: =J6/J7 -> 0.67791015
E13: Monthly PV System Availability: | J13: =Availability!D54 -> 0.999
E14: YTD PV System Availability: | J14: =Availability!D66 -> 0.999
C16: Chart of Daily Irradiance vs. Production
F30: Day-by-Day Performance
F31: Date | G31: Energy Produced (kWh) | H31: Radiation Yield (Wh/m2) | I31: Max Ambient Temp (°F)
F32: 46023 | G32: 593 | H32: 1305.746 | I32: 20.9319
F33: 46024 | G33: 3914.5 | H33: 2512.401 | I33: 15.97295
F34: 46025 | G34: 6558.5 | H34: 3157.074 | I34: 20.0294
F35: 46026 | G35: 4840.5 | H35: 2257.976 | I35: 26.09574
F36: 46027 | G36: 4671 | H36: 1659.373 | I36: 22.63806
F37: 46028 | G37: 4057.5 | H37: 1389.665 | I37: 30.32178
F38: 46029 | G38: 1469 | H38: 436.5482 | I38: 32.42094
F39: 46030 | G39: 9938 | H39: 3353.008 | I39: 34.03441
F40: 46031 | G40: 4882.5 | H40: 1560.625 | I40: 37.60235
F41: 46032 | G41: 2873 | H41: 848.203 | I41: 40.31209
F42: 46033 | G42: 3240.5 | H42: 987.389 | I42: 37.33038
F43: 46034 | G43: 8432.5 | H43: 2819.918 | I43: 30.59569
... F62: 46053 | G62: 304 | H62: 4077.177 | I62: 8.335805
C65: O&M Activity
C70: Performance Notes

Sheet Westlake
E1: Westlake
E2: Monthly Operating Report
E3: January' 2026
C5: Monthly Total Performance
E6: Total Actual Production (kWh): | J6: =SUM(G32:G62) -> 337051
E7: Total Modeled Production (kWh): | J7: ='Predicted Data'!D29 -> 359065
E8: Total Actual Insolation (Wh/m2): | J8: =SUM(H32:H62) -> 116360.47
E9: Total Modeled Insolation (Wh/m2):
E10: Total Outage Adjusted Production (kWh): | J10: ='Plant Health'!K116 -> 320636.08
E11: Outage-Adjusted Performance: | J11: =J6/J10 -> 1.0511949
E12: Actual vs Modeled Production: | J12: =J6/J7 -> 0.93869077
E13: Monthly PV System Availability: | J13: =Availability!F54 -> 1
E14: YTD PV System Availability: | J14: =Availability!F66 -> 1
C16: Chart of Daily Irradiance vs. Production
F30: Day-by-Day Performance
F31: Date | G31: Energy Produced (kWh) | H31: Radiation Yield (Wh/m2) | I31: Max Ambient Temp (°F)
F32: 46023 | G32: 8170 | H32: 2608.222 | I32: 58.81414
F33: 46024 | G33: 12503 | H33: 4486.362 | I33: 60.85421
F34: 46025 | G34: 12497 | H34: 4450.345 | I34: 52.66773
F35: 46026 | G35: 7860 | H35: 2376.465 | I35: 50.64686
F36: 46027 | G36: 8664 | H36: 2942.76 | I36: 61.4403
F37: 46028 | G37: 11962 | H37: 4385.791 | I37: 62.34992
F38: 46029 | G38: 9429 | H38: 3096.506 | I38: 61.46341
F39: 46030 | G39: 7286 | H39: 2411.316 | I39: 69.36983
F40: 46031 | G40: 7068 | H40: 2236.739 | I40: 55.06705
F41: 46032 | G41: 13300 | H41: 4846.588 | I41: 44.24123
F42: 46033 | G42: 13488 | H42: 4851.232 | I42: 44.94579
F43: 46034 | G43: 9064 | H43: 3132.094 | I43: 46.2295
... F62: 46053 | G62: 17171 | H62: 5929.838 | I62: 26.16503
C65: O&M Activity
C70: Performance Notes

Sheet Availability
C4: 2020 YTD Availability | G4: 2022 YTD Availability
D5: Smithfield | E5: Merrimack | H5: Smithfield | I5: Merrimack
C6: January | G6: January | H6: 0.99899 | I6: 0.99677
C7: February | G7: February | H7: 0.99977 | I7: 0.96015
C8: March | G8: March | H8: 0.99835 | I8: 0.99973
C9: April | G9: April | H9: 1 | I9: 1
C10: May | G10: May | H10: 1 | I10: 1
C11: June | G11: June | H11: 1 | I11: 0.9991
C12: July | D12: 0.98024 | E12: 1 | G12: July | H12: 1 | I12: 1
C13: August | D13: 0.98094 | E13: 1 | G13: August | H13: 0.998 | I13: 1
C14: September | D14: 0.97178 | E14: 1 | G14: September | H14: 1 | I14: 0.9793
C15: October | D15: 0.99821 | E15: 0.99462 | G15: October | H15: 1 | I15: 1
C16: November | D16: 1 | E16: 1 | G16: November | H16: 1 | I16: 0.985
C17: December | D17: 1 | E17: 0.99821 | G17: December | H17: 0.98167 | I17: 1
C18: YTD Average | D18: =AVERAGE(D6:D17) -> 0.98852833 | E18: =AVERAGE(E6:E17) -> 0.998805 | G18: YTD Average | H18: =AVERAGE(H6:H17) -> 0.998065 | I18: =AVERAGE(I6:I17) -> 0.9933375
C20: 2021 YTD Availability | G20: 2023 YTD Availability | K20: 2023 YTD Availability
D21: Smithfield | E21: Merrimack | H21: Smithfield | I21: Merrimack | L21: Westlake
C22: January | D22: 1 | E22: 1 | G22: January | H22: 1 | I22: 0.9986 | K22: January | L22: 0.9647
C23: February | D23: 1 | E23: 0.99867 | G23: February | H23: 1 | I23: 0.9996 | K23: February | L23: 0.8214
C24: March | D24: 1 | E24: 1 | G24: March | H24: 1 | I24: 1 | K24: March | L24: 1
C25: April | D25: 1 | E25: 1 | G25: April | H25: 1 | I25: 1 | K25: April | L25: 1
C26: May | D26: 0.99954 | E26: 0.99919 | G26: May | H26: 1 | I26: 1 | K26: May | L26: 1
C27: June | D27: 1 | E27: 1 | G27: June | H27: 1 | I27: 0.8814 | K27: June | L27: 1
C28: July | D28: 1 | E28: 1 | G28: July | H28: 0.99545 | I28: 1 | K28: July | L28: 1
C29: August | D29: 1 | E29: 0.99943 | G29: August | H29: 1 | I29: 1 | K29: August | L29: 0.98
C30: September | D30: 1 | E30: 1 | G30: September | H30: 1 | I30: 1 | K30: September | L30: 1
C31: October | D31: 1 | E31: 0.99968 | G31: October | H31: 0.9995 | I31: 1 | K31: October | L31: 1
C32: November | D32: 1 | E32: 0.99952 | G32: November | H32: 1 | I32: 99.8%% | K32: November | L32: 0.96
C33: December | D33: 1 | E33: 1 | G33: December | H33: 1 | I33: 1 | K33: December | L33: 1
C34: YTD Average | D34: =AVERAGE(D22:D33) -> 0.99996167 | E34: =AVERAGE(E22:E33) -> 0.9997075 | G34: YTD Average | H34: =AVERAGE(H22:H33) -> 0.99957917 | I34: =AVERAGE(I22:I33) -> 0.98905455 | K34: YTD Average | L34: =AVERAGE(L22:L33) -> 0.977175
C36: 2024 YTD Availability | H36: 2025 YTD Availability
D37: Smithfield | E37: Merrimack | F37: Westlake | I37: Smithfield | J37: Merrimack | K37: Westlake
C38: January | D38: 1 | E38: 0.9866 | F38: 1 | H38: January | I38: 0.9942 | J38: 0.9918 | K38: 0.9943
C39: February | D39: 0.9997 | E39: 1 | F39: 0.9981 | H39: February | I39: 0.9997 | J39: 0.9882 | K39: 1
C40: March | D40: 1 | E40: 1 | F40: 0.9975 | H40: March | I40: 0.99796667 | J40: 0.99333333 | K40: 0.9981
C41: April | D41: 1 | E41: 1 | F41: 1 | H41: April | I41: 0.998475 | J41: 0.995 | K41: 0.998575
C42: May | D42: 1 | E42: 1 | F42: 1 | H42: May | I42: 1 | J42: 0.996 | K42: 0.99886
C43: June | D43: 1 | E43: 1 | F43: 1 | H43: June | I43: 0.99666667 | J43: 0.99898333 | K43: 0.99905
C44: July | D44: 1 | E44: 1 | F44: 1 | H44: July | I44: 0.99665 | J44: 0.99859286 | K44: 0.99833333
C45: August | D45: 0.9878 | E45: 1 | F45: 1 | H45: August | I45: 1 | J45: 0.8817 | K45: 0.9885
C46: September | D46: 1 | E46: 1 | F46: 1 | H46: September | I46: 1 | J46: 0.6666 | K46: 1
C47: October | D47: 1 | E47: 1 | F47: 0.9719 | H47: October | I47: 1 | J47: 0.6666 | K47: 0.9915
C48: November | D48: 1 | E48: 1 | F48: 0.9911 | H48: November | I48: 1 | J48: 0.6666 | K48: 0.9988
C49: December | D49: 0.9975 | E49: 1 | F49: 1 | H49: December | I49: 1 | J49: 0.6572 | K49: 0.9947
C50: YTD Average | D50: =AVERAGE(D38:D49) -> 0.99875 | E50: =AVERAGE(E38:E49) -> 0.99888333 | F50: =AVERAGE(F38:F49) -> 0.99655 | H50: YTD Average | I50: =AVERAGE(I38:I49) -> 0.99863819 | J50: =AVERAGE(J38:J49) -> 0.87505079 | K50: =AVERAGE(K38:K49) -> 0.99672653
C52: 2026 YTD Availability
D53: Smithfield | E53: Merrimack | F53: Westlake
C54: January | D54: 0.999 | E54: 0.6235 | F54: 1
C55: February
C56: March
C57: April
C58: May
C59: June
C60: July
C61: August
C62: September
C63: October
C64: November
C65: December
C66: YTD Average | D66: =AVERAGE(D54:D65) -> 0.999 | E66: =AVERAGE(E54:E65) -> 0.6235 | F66: =AVERAGE(F54:F65) -> 1

Sheet Plant Health
C4: 2020 Plant Health Data
D5: Smithfield | G5: Merrimack | J5: Portfolio
D6: Actual | E6: Adjusted | F6: % | G6: Actual | H6: Adjusted | I6: % | J6: Actual | K6: Adjusted | L6: %
C7: January | D7: - | E7: - | F7: - | G7: - | H7: - | I7: - | J7: - | K7: - | L7: -
C8: February | D8: - | E8: - | F8: - | G8: - | H8: - | I8: - | J8: - | K8: - | L8: -
C9: March | D9: - | E9: - | F9: - | G9: - | H9: - | I9: - | J9: - | K9: - | L9: -
C10: April | D10: - | E10: - | F10: - | G10: - | H10: - | I10: - | J10: - | K10: - | L10: -
C11: May | D11: - | E11: - | F11: - | G11: - | H11: - | I11: - | J11: - | K11: - | L11: -
C12: June | D12: - | E12: - | F12: - | G12: - | H12: - | I12: - | J12: - | K12: - | L12: -
C13: July | D13: 116911.2 | E13: 261526.7 | F13: =D13/E13 -> 0.44703352 | G13: 424573 | H13: 269641.8 | I13: =G13/H13 -> 1.5745815 | J13: =SUM(D13,G13) -> 541484.2 | K13: =SUM(E13,H13) -> 531168.5 | L13: =J13/K13 -> 1.0194208
C14: August | D14: 140722.4 | E14: 498528.6 | F14: =D14/E14 -> 0.28227548 | G14: 438642 | H14: 0.001 | I14: - | J14: =SUM(D14,G14) -> 579364.4 | K14: =SUM(E14,H14) -> 498528.6 | L14: =J14/K14 -> 1.1621488
C15: September | D15: 110264.4 | E15: 425599.2 | F15: =D15/E15 -> 0.25908037 | G15: 381452 | H15: 0.001 | I15: - | J15: =SUM(D15,G15) -> 491716.4 | K15: =SUM(E15,H15) -> 425599.2 | L15: =J15/K15 -> 1.1553509
C16: October | D16: 56659.41 | E16: 143112.1 | F16: =D16/E16 -> 0.39590929 | G16: 252863 | H16: 213893.1 | I16: =G16/H16 -> 1.1821933 | J16: =SUM(D16,G16) -> 309522.41 | K16: =SUM(E16,H16) -> 357005.2 | L16: =J16/K16 -> 0.86699692
C17: November | D17: 240103.9 | E17: 256321.4 | F17: =D17/E17 -> 0.93672982 | G17: 201336 | H17: 218336.2 | I17: =G17/H17 -> 0.92213751 | J17: =SUM(D17,G17) -> 441439.9 | K17: =SUM(E17,H17) -> 474657.6 | L17: =J17/K17 -> 0.93001755
C18: December | D18: 156599.8 | E18: 200907.8 | F18: =D18/E18 -> 0.77946103 | G18: 112849 | H18: 155562.4 | I18: =G18/H18 -> 0.72542594 | J18: =SUM(D18,G18) -> 269448.8 | K18: =SUM(E18,H18) -> 356470.2 | L18: =J18/K18 -> 0.7558803
C19: Annual | D19: =SUM(D7:D18) -> 821261.11 | E19: =SUM(E7:E18) -> 1785995.8 | F19: =D19/E19 -> 0.45983373 | G19: =SUM(G7:G18) -> 1811715 | H19: =SUM(H7:H18) -> 857433.5 | I19: =G19/H19 -> 2.112951 | J19: =SUM(D19,G19) -> 2632976.1 | K19: =SUM(E19,H19) -> 2643429.3 | L19: =J19/K19 -> 0.99604559
C22: 2021 Plant Health Data
D23: Smithfield | G23: Merrimack | J23: Portfolio
D24: Actual | E24: Adjusted | F24: % | G24: Actual | H24: Adjusted | I24: % | J24: Actual | K24: Adjusted | L24: %
C25: January | D25: 227679.5 | E25: 257471.3 | F25: =D25/E25 -> 0.88429079 | G25: 183752 | H25: 225537.8 | I25: =G25/H25 -> 0.81472817 | J25: =SUM(D25,G25) -> 411431.5 | K25: =SUM(E25,H25) -> 483009.1 | L25: =J25/K25 -> 0.851809
C26: February | D26: 143871.8 | E26: 255271 | F26: =D26/E26 -> 0.56360417 | G26: 126222 | H26: 205320.8 | I26: =G26/H26 -> 0.61475506 | J26: =SUM(D26,G26) -> 270093.8 | K26: =SUM(E26,H26) -> 460591.8 | L26: =J26/K26 -> 0.58640601
C27: March | D27: 492310.9 | E27: 494013.2 | F27: =D27/E27 -> 0.99655414 | G27: 437625 | H27: 445515.7 | I27: =G27/H27 -> 0.98228862 | J27: =SUM(D27,G27) -> 929935.9 | K27: =SUM(E27,H27) -> 939528.9 | L27: =J27/K27 -> 0.98978956
C28: April | D28: 439047 | E28: 448567.2 | F28: =D28/E28 -> 0.97877642 | G28: 367530 | H28: 372152.7 | I28: =G28/H28 -> 0.98757849 | J28: =SUM(D28,G28) -> 806577 | K28: =SUM(E28,H28) -> 820719.9 | L28: =J28/K28 -> 0.98276769
C29: May | D29: 501618.9 | E29: 514260.1 | F29: =D29/E29 -> 0.97541866 | G29: 436580 | H29: 440019.8 | I29: =G29/H29 -> 0.99218262 | J29: =SUM(D29,G29) -> 938198.9 | K29: =SUM(E29,H29) -> 954279.9 | L29: =J29/K29 -> 0.98314855
C30: June | D30: 543264.6 | E30: 552014.8 | F30: =D30/E30 -> 0.98414861 | G30: 459791 | H30: 460611.1 | I30: =G30/H30 -> 0.99821954 | J30: =SUM(D30,G30) -> 1003055.6 | K30: =SUM(E30,H30) -> 1012625.9 | L30: =J30/K30 -> 0.99054903
C31: July | D31: 420906.1 | E31: 429467.7 | F31: =D31/E31 -> 0.98006462 | G31: 350714 | H31: 355421.8 | I31: =G31/H31 -> 0.98675433 | J31: =SUM(D31,G31) -> 771620.1 | K31: =SUM(E31,H31) -> 784889.5 | L31: =J31/K31 -> 0.98309393
C32: August | D32: 441017.5 | E32: 449526.7 | F32: =D32/E32 -> 0.98107076 | G32: 367845 | H32: 379397.1 | I32: =G32/H32 -> 0.96955143 | J32: =SUM(D32,G32) -> 808862.5 | K32: =SUM(E32,H32) -> 828923.8 | L32: =J32/K32 -> 0.97579838
C33: September | D33: 385420.2 | E33: 394461.6 | F33: =D33/E33 -> 0.97707914 | G33: 326443 | H33: 350030.6 | I33: =G33/H33 -> 0.93261275 | J33: =SUM(D33,G33) -> 711863.2 | K33: =SUM(E33,H33) -> 744492.2 | L33: =J33/K33 -> 0.95617281
C34: October | D34: 305337.1 | E34: 312573.2 | F34: =D34/E34 -> 0.9768499 | G34: 249653 | H34: 271991.8 | I34: =G34/H34 -> 0.91786958 | J34: =SUM(D34,G34) -> 554990.1 | K34: =SUM(E34,H34) -> 584565 | L34: =J34/K34 -> 0.94940699
C35: November | D35: 303576.1 | E35: 303145.1 | F35: =D35/E35 -> 1.0014218 | G35: 251687.7 | H35: 281496.9 | I35: =G35/H35 -> 0.8941047 | J35: =SUM(D35,G35) -> 555263.8 | K35: =SUM(E35,H35) -> 584642 | L35: =J35/K35 -> 0.9497501
C36: December | D36: 161260.8 | E36: 178274.2 | F36: =D36/E36 -> 0.90456611 | G36: 126900.7 | H36: 166144.7 | I36: =G36/H36 -> 0.76379626 | J36: =SUM(D36,G36) -> 288161.5 | K36: =SUM(E36,H36) -> 344418.9 | L36: =J36/K36 -> 0.83665995
C37: Annual | D37: =SUM(D25:D36) -> 4365310.5 | E37: =SUM(E25:E36) -> 4589046.1 | F37: =D37/E37 -> 0.95124573 | G37: =SUM(G25:G36) -> 3684743.4 | H37: =SUM(H25:H36) -> 3953640.8 | I37: =G37/H37 -> 0.9319874 | J37: =SUM(D37,G37) -> 8050053.9 | K37: =SUM(E37,H37) -> 8542686.9 | L37: =J37/K37 -> 0.94233278
C40: 2022 Plant Health Data
D41: Smithfield | G41: Merrimack | J41: Portfolio
D42: Actual | E42: Adjusted | F42: % | G42: Actual | H42: Adjusted | I42: % | J42: Actual | K42: Adjusted | L42: %
C43: January | D43: 202947.9 | E43: 251246.2 | F43: =D43/E43 -> 0.80776505 | G43: 186214.4 | H43: 234624.4 | I43: =G43/H43 -> 0.79367022 | J43: =SUM(D43,G43) -> 389162.3 | K43: =SUM(E43,H43) -> 485870.6 | L43: =J43/K43 -> 0.80095873
C44: February | D44: 200639.6 | E44: 292574.9 | F44: =D44/E44 -> 0.68577175 | G44: 188160.6 | H44: 272070.1 | I44: =G44/H44 -> 0.69158868 | J44: =SUM(D44,G44) -> 388800.2 | K44: =SUM(E44,H44) -> 564645 | L44: =J44/K44 -> 0.68857459
C45: March | D45: 402985 | E45: 413695.1 | F45: =D45/E45 -> 0.97411113 | G45: 340534.4 | H45: 359950.5 | I45: =G45/H45 -> 0.94605897 | J45: =SUM(D45,G45) -> 743519.4 | K45: =SUM(E45,H45) -> 773645.6 | L45: =J45/K45 -> 0.96105943
C46: April | D46: 481629 | E46: 485708.5 | F46: =D46/E46 -> 0.99160093 | G46: 376650 | H46: 377357.3 | I46: =G46/H46 -> 0.99812565 | J46: =SUM(D46,G46) -> 858279 | K46: =SUM(E46,H46) -> 863065.8 | L46: =J46/K46 -> 0.99445373
C47: May | D47: 518502.9 | E47: 533788.3 | F47: =D47/E47 -> 0.9713643 | G47: 478677.5 | H47: 472852.1 | I47: =G47/H47 -> 1.0123197 | J47: =SUM(D47,G47) -> 997180.4 | K47: =SUM(E47,H47) -> 1006640.4 | L47: =J47/K47 -> 0.9906024
C48: June | D48: 513473.5 | E48: 535108 | F48: =D48/E48 -> 0.95956984 | G48: 440374.3 | H48: 446764.9 | I48: =G48/H48 -> 0.98569583 | J48: =SUM(D48,G48) -> 953847.8 | K48: =SUM(E48,H48) -> 981872.9 | L48: =J48/K48 -> 0.97145751
C49: July | D49: 580554.4 | E49: 593414.8 | F49: =D49/E49 -> 0.97832814 | G49: 489301.6 | H49: 492918 | I49: =G49/H49 -> 0.99266328 | J49: =SUM(D49,G49) -> 1069856 | K49: =SUM(E49,H49) -> 1086332.8 | L49: =J49/K49 -> 0.98483264
C50: August | D50: 503219 | E50: 515233 | F50: 0.9767 | G50: 438861 | H50: 443561 | I50: 0.989 | J50: 942080 | K50: 958794 | L50: 0.983
C51: September | D51: 409308 | E51: 411175 | F51: 1 | G51: 340575 | H51: 323126 | I51: 1.05 | J51: 749883 | K51: 734301 | L51: 1.02
C52: October | D52: 334449.61 | E52: 336304.36 | F52: =D52/E52 -> 0.9944849 | G52: 271839.64 | H52: 311452.86 | I52: =G52/H52 -> 0.8728115 | J52: =SUM(D52,G52) -> 606289.25 | K52: =SUM(E52,H52) -> 647757.22 | L52: =J52/K52 -> 0.93598223
C53: November | D53: 276297.74 | E53: 290335.56 | F53: =D53/E53 -> 0.95164967 | G53: 218105.76 | H53: 262568 | I53: =G53/H53 -> 0.8306639 | J53: =SUM(D53,G53) -> 494403.5 | K53: =SUM(E53,H53) -> 552903.56 | L53: =J53/K53 -> 0.89419482
C54: December | D54: 183609 | E54: 230716 | F54: =D54/E54 -> 0.79582257 | G54: 157162 | H54: 215864 | I54: =G54/H54 -> 0.72806026 | J54: =SUM(D54,G54) -> 340771 | K54: =SUM(E54,H54) -> 446580 | L54: =J54/K54 -> 0.76306821
C55: Annual | D55: =SUM(D43:D54) -> 4607615.7 | E55: =SUM(E43:E54) -> 4889299.7 | F55: =D55/E55 -> 0.94238764 | G55: =SUM(G43:G54) -> 3926456.2 | H55: =SUM(H43:H54) -> 4213109.2 | I55: =G55/H55 -> 0.93196166 | J55: =SUM(D55,G55) -> 8534071.8 | K55: =SUM(E55,H5) -> 4889299.7 | L55: =J55/K55 -> 1.7454589
C58: 2023 Plant Health Data
D59: Smithfield | G59: Merrimack | J59: Westlake | M59: Portfolio
D60: Actual | E60: Adjusted | F60: % | G60: Actual | H60: Adjusted | I60: % | J60: Actual | K60: Adjusted | L60: % | M60: Actual | N60: Adjusted | O60: %
C61: January | D61: 142189 | E61: 160873.49 | F61: =D61/E61 -> 0.883856 | G61: 103552 | H61: 127331.58 | I61: =G61/H61 -> 0.81324682 | J61: 74263.421 | K61: 82952 | L61: =J61/K61 -> 0.89525775 | M61: =SUM(D61,G61,J61) -> 320004.42 | N61: =SUM(E61,H61,K61) -> 371157.07 | O61: =M61/N61 -> 0.86218059
C62: February | D62: 266942 | E62: 276241 | F62: =D62/E62 -> 0.96633736 | G62: 180752 | H62: 208700.52 | I62: =G62/H62 -> 0.86608312 | J62: 221260.77 | K62: 227016 | L62: =J62/K62 -> 0.97464833 | M62: =SUM(D62,G62,J62) -> 668954.77 | N62: =SUM(E62,H62,K62) -> 711957.52 | O62: =M62/N62 -> 0.93959927
C63: March | D63: 409565 | E63: 417304 | F63: =D63/E63 -> 0.98145477 | G63: 308153 | H63: 321220.88 | I63: =G63/H63 -> 0.95931809 | J63: 286064.44 | K63: 346799 | L63: =J63/K63 -> 0.824871 | M63: =SUM(D63,G63,J63) -> 1003782.4 | N63: =SUM(E63,H63,K63) -> 1085323.9 | O63: =M63/N63 -> 0.92486902
C64: April | D64: 430190 | E64: 412086 | F64: =D64/E64 -> 1.0439326 | G64: 328902 | H64: 322311 | I64: =G64/H64 -> 1.0204492 | J64: 339090.44 | K64: 392844 | L64: =J64/K64 -> 0.86316817 | M64: =SUM(D64,G64,J64) -> 1098182.4 | N64: =SUM(E64,H64,K64) -> 1127241 | O64: =M64/N64 -> 0.97422152
C65: May | D65: 612258 | E65: 577875 | F65: =D65/E65 -> 1.059499 | G65: 471181 | H65: 453222 | I65: =G65/H65 -> 1.0396252 | J65: 511189 | K65: 438062 | L65: =J65/K65 -> 1.166933 | M65: =SUM(D65,G65,J65) -> 1594628 | N65: =SUM(E65,H65,K65) -> 1469159 | O65: =M65/N65 -> 1.0854019
C66: June | D66: 444301 | E66: 414597 | F66: =D66/E66 -> 1.0716455 | G66: 324882 | H66: 310497 | I66: =G66/H66 -> 1.046329 | J66: 600188 | K66: 467714 | L66: =J66/K66 -> 1.2832372 | M66: =SUM(D66,G66,J66) -> 1369371 | N66: =SUM(E66,H66,K66) -> 1192808 | O66: =M66/N66 -> 1.148023
C67: July | D67: 498245 | E67: 458945.99 | F67: =D67/E67 -> 1.0856288 | G67: 367235.87 | H67: 349396.21 | I67: =G67/H67 -> 1.0510585 | J67: 652371 | K67: 496657.51 | L67: =J67/K67 -> 1.3135229 | M67: =SUM(D67,G67,J67) -> 1517851.9 | N67: =SUM(E67,H67,K67) -> 1304999.7 | O67: =M67/N67 -> 1.1631051
C68: August | D68: 436164 | E68: 405408 | F68: =D68/E68 -> 1.0758643 | G68: 352637 | H68: 339249.26 | I68: =G68/H68 -> 1.0394628 | J68: 667760 | K68: 487676.83 | L68: =J68/K68 -> 1.3692674 | M68: =SUM(D68,G68,J68) -> 1456561 | N68: =SUM(E68,H68,K68) -> 1232334.1 | O68: =M68/N68 -> 1.181953
C69: September | D69: 370272.75 | E69: 333333.37 | F69: =D69/E69 -> 1.1108181 | G69: 287373.77 | H69: 283946.67 | I69: =G69/H69 -> 1.0120695 | J69: 489777.5 | K69: 444764.08 | L69: =J69/K69 -> 1.1012074 | M69: =SUM(D69,G69,J69) -> 1147424 | N69: =SUM(E69,H69,K69) -> 1062044.1 | O69: =M69/N69 -> 1.080392
C70: October | D70: 332044 | E70: 298236.43 | F70: =D70/E70 -> 1.1133583 | G70: 240465.75 | H70: 241283.69 | I70: =G70/H70 -> 0.99661005 | J70: 409184.25 | K70: 385714.62 | L70: =J70/K70 -> 1.0608471 | M70: =SUM(D70,G70,J70) -> 981694 | N70: =SUM(E70,H70,K70) -> 925234.75 | O70: =M70/N70 -> 1.0610215
C71: November | D71: 269789.5 | E71: 248912.23 | F71: =D71/E71 -> 1.083874 | G71: 205501 | H71: 216124.57 | I71: =G71/H71 -> 0.95084516 | J71: 290843 | K71: 280653 | L71: =J71/K71 -> 1.0363082 | M71: =SUM(D71,G71,J71) -> 766133.5 | N71: =SUM(E71,H71,K71) -> 745689.8 | O71: =M71/N71 -> 1.0274158
C72: December | D72: 177182.5 | E72: 171320.81 | F72: =D72/E72 -> 1.0342147 | G72: 131479.25 | H72: 147101.93 | I72: =G72/H72 -> 0.8937969 | J72: 304092.5 | K72: 298353.08 | L72: =J72/K72 -> 1.019237 | M72: =SUM(D72,G72,J72) -> 612754.25 | N72: =SUM(E72,H72,K72) -> 616775.82 | O72: =M72/N72 -> 0.99347968
C73: Annual | D73: =SUM(D61:D72) -> 4389142.8 | E73: =SUM(E61:E72) -> 4175133.3 | F73: =D73/E73 -> 1.0512581 | G73: =SUM(G61:G72) -> 3302114.6 | H73: =SUM(H61:H72) -> 3320385.3 | I73: =G73/H73 -> 0.99449742 | J73: =SUM(J61:J72) -> 4846084.3 | K73: =SUM(K61:K72) -> 4349206.1 | L73: =J73/K73 -> 1.1142457 | M73: =SUM(D73,G73,J73) -> 12537342 | N73: =SUM(E73,H73,K73) -> 11844725 | O73: =M73/N73 -> 1.0584747
C76: 2024 Plant Health Data
D77: Smithfield | G77: Merrimack | J77: Westlake | M77: Portfolio
D78: Actual | E78: Adjusted | F78: % | G78: Actual | H78: Adjusted | I78: % | J78: Actual | K78: Adjusted | L78: % | M78: Actual | N78: Adjusted | O78: %
C79: January | D79: 108163 | E79: 172809.64 | F79: =D79/E79 -> 0.62590836 | G79: 86767.62 | H79: 151534.56 | I79: =G79/H79 -> 0.57259295 | J79: 290245 | K79: 287392.1 | L79: =J79/K79 -> 1.0099269 | M79: =SUM(D79,G79,J79) -> 485175.62 | N79: =SUM(E79,H79,K79) -> 611736.3 | O79: =M79/N79 -> 0.79311236
C80: February | D80: 291709.5 | E80: 299537 | F80: =D80/E80 -> 0.973868 | G80: 276717.49 | H80: 278641 | I80: =G80/H80 -> 0.99309682 | J80: 356261 | K80: 335365 | L80: =J80/K80 -> 1.0623082 | M80: =SUM(D80,G80,J80) -> 924687.99 | N80: =SUM(E80,H80,K80) -> 913543 | O80: =M80/N80 -> 1.0121997
C81: March | D81: 384849 | E81: 349402 | F81: =D81/E81 -> 1.1014505 | G81: 290874.48 | H81: 290005 | I81: =G81/H81 -> 1.0029982 | J81: 449834 | K81: 418928 | L81: =J81/K81 -> 1.073774 | M81: =SUM(D81,G81,J81) -> 1125557.5 | N81: =SUM(E81,H81,K81) -> 1058335 | O81: =M81/N81 -> 1.0635172
C82: April | D82: 414025.5 | E82: 375655 | F82: =D82/E82 -> 1.1021429 | G82: 324347.38 | H82: 310941.49 | I82: =G82/H82 -> 1.0431138 | J82: 456273 | K82: 424083.8 | L82: =J82/K82 -> 1.0759029 | M82: =SUM(D82,G82,J82) -> 1194645.9 | N82: =SUM(E82,H82,K82) -> 1110680.3 | O82: =M82/N82 -> 1.0755983
C83: May | D83: 475700.7 | E83: 439660 | F83: =D83/E83 -> 1.081974 | G83: 364333 | H83: 345125 | I83: =G83/H83 -> 1.0556552 | J83: 485088 | K83: 456660.9 | L83: =J83/K83 -> 1.0622499 | M83: =SUM(D83,G83,J83) -> 1325121.7 | N83: =SUM(E83,H83,K83) -> 1241445.9 | O83: =M83/N83 -> 1.0674019
C84: June | D84: 545003 | E84: 507017 | F84: =D84/E84 -> 1.0749206 | G84: 395194 | H84: 373160 | I84: =G84/H84 -> 1.0590471 | J84: 549490 | K84: 571603 | L84: =J84/K84 -> 0.96131406 | M84: =SUM(D84,G84,J84) -> 1489687 | N84: =SUM(E84,H84,K84) -> 1451780 | O84: =M84/N84 -> 1.0261107
C85: July | D85: 488518 | E85: 449196.2 | F85: =D85/E85 -> 1.0875381 | G85: 417508.62 | H85: 397684.88 | I85: =G85/H85 -> 1.0498479 | J85: 603952.5 | K85: 574900.63 | L85: =J85/K85 -> 1.0505337 | M85: =SUM(D85,G85,J85) -> 1509979.1 | N85: =SUM(E85,H85,K85) -> 1421781.7 | O85: =M85/N85 -> 1.062033
C86: August | D86: 483924.5 | E86: 443177.54 | F86: =D86/E86 -> 1.0919428 | G86: 344011.75 | H86: 331427.21 | I86: =G86/H86 -> 1.0379707 | J86: 625539.5 | K86: 592446.23 | L86: =J86/K86 -> 1.0558587 | M86: =SUM(D86,G86,J86) -> 1453475.8 | N86: =SUM(E86,H86,K86) -> 1367051 | O86: =M86/N86 -> 1.0632199
C87: September | D87: 391241.75 | E87: 349632.52 | F87: =D87/E87 -> 1.1190085 | G87: 337959 | H87: 331960.91 | I87: =G87/H87 -> 1.0180687 | J87: 495010 | K87: 465279.02 | L87: =J87/K87 -> 1.0638993 | M87: =SUM(D87,G87,J87) -> 1224210.8 | N87: =SUM(E87,H87,K87) -> 1146872.4 | O87: =M87/N87 -> 1.0674341
C88: October | D88: 394041.25 | E88: 349911.49 | F88: =D88/E88 -> 1.1261169 | G88: 301213 | H88: 303095 | I88: =G88/H88 -> 0.99379073 | J88: 496884 | K88: 462332.14 | L88: =J88/K88 -> 1.0747339 | M88: =SUM(D88,G88,J88) -> 1192138.2 | N88: =SUM(E88,H88,K88) -> 1115338.6 | O88: =M88/N88 -> 1.0688577
C89: November | D89: 286999.5 | E89: 263489.48 | F89: =D89/E89 -> 1.0892256 | G89: 220606 | H89: 228078 | I89: =G89/H89 -> 0.96723928 | J89: 330561 | K89: 301310.37 | L89: =J89/K89 -> 1.0970781 | M89: =SUM(D89,G89,J89) -> 838166.5 | N89: =SUM(E89,H89,K89) -> 792877.86 | O89: =M89/N89 -> 1.0571193
C90: December | D90: =Smithfield!J6 -> 117870 | E90: 200509 | F90: =D90/E90 -> 0.58785391 | G90: =Merrimack!J6 -> 77965 | H90: 186514 | I90: =G90/H90 -> 0.41801152 | J90: =Westlake!J6 -> 337051 | K90: 250803 | L90: =J90/K90 -> 1.3438874 | M90: =SUM(D90,G90,J90) -> 532886 | N90: =SUM(E90,H90,K90) -> 637826 | O90: =M90/N90 -> 0.83547237
C91: Annual | D91: =SUM(D79:D90) -> 4382045.7 | E91: =SUM(E79:E90) -> 4199996.9 | F91: =D91/E91 -> 1.043345 | G91: =SUM(G79:G90) -> 3437497.3 | H91: =SUM(H79:H90) -> 3528167.1 | I91: =G91/H91 -> 0.97430118 | J91: =SUM(J79:J90) -> 5476189 | K91: =SUM(K79:K90) -> 5141104.2 | L91: =J91/K91 -> 1.0651776 | M91: =SUM(D91,G91,J91) -> 13295732 | N91: =SUM(E91,H91,K91) -> 12869268 | O91: =M91/N91 -> 1.0331382
C94: 2025 Plant Health Data
D95: Smithfield | G95: Merrimack | J95: Westlake | M95: Portfolio
D96: Actual | E96: Adjusted | F96: % | G96: Actual | H96: Adjusted | I96: % | J96: Actual | K96: Adjusted | L96: % | M96: Actual | N96: Adjusted | O96: %
C97: January | D97: 194299.75 | E97: 261206.58 | F97: =D97/E97 -> 0.74385474 | G97: 152720.45 | H97: 225291.32 | I97: =G97/H97 -> 0.67787987 | J97: 359558 | K97: 330650.57 | L97: =J97/K97 -> 1.0874259 | M97: =SUM(D97,G97,J97) -> 706578.2 | N97: =SUM(E97,H97,K97) -> 817148.46 | O97: =M97/N97 -> 0.86468767
C98: February | D98: 232765.75 | E98: 275819.7 | F98: =D98/E98 -> 0.84390546 | G98: 125322.75 | H98: 234467.3 | I98: =G98/H98 -> 0.53449991 | J98: 346482 | K98: 304224.8 | L98: =J98/K98 -> 1.1389012 | M98: =SUM(D98,G98,J98) -> 704570.5 | N98: =SUM(E98,H98,K98) -> 814511.79 | O98: =M98/N98 -> 0.86502185
C99: March | D99: 404018.25 | E99: 365174.33 | F99: =D99/E99 -> 1.1063709 | G99: 304936.25 | H99: 299552.93 | I99: =G99/H99 -> 1.0179712 | J99: 537723 | K99: 487139.34 | L99: =J99/K99 -> 1.1038382 | M99: =SUM(D99,G99,J99) -> 1246677.5 | N99: =SUM(E99,H99,K99) -> 1151866.6 | O99: =M99/N99 -> 1.0823107
C100: April | D100: 439579.5 | E100: 404058.09 | F100: =D100/E100 -> 1.0879116 | G100: 341440.82 | H100: 330691.27 | I100: =G100/H100 -> 1.0325063 | J100: 466366 | K100: 420008.98 | L100: =J100/K100 -> 1.1103715 | M100: =SUM(D100,G100,J100) -> 1247386.3 | N100: =SUM(E100,H100,K100) -> 1154758.3 | O100: =M100/N100 -> 1.0802142
C101: May | D101: 426205.5 | E101: 392392.74 | F101: =D101/E101 -> 1.0861707 | G101: 294851.59 | H101: 282521.75 | I101: =G101/H101 -> 1.0436421 | J101: 526758 | K101: 496290.51 | L101: =J101/K101 -> 1.0613904 | M101: =SUM(D101,G101,J101) -> 1247815.1 | N101: =SUM(E101,H101,K101) -> 1171205 | O101: =M101/N101 -> 1.0654113
C102: June | D102: 493050 | E102: 452685.08 | F102: =D102/E102 -> 1.0891678 | G102: 363249.6 | H102: 356731.44 | I102: =G102/H102 -> 1.0182719 | J102: 575204 | K102: 541222.24 | L102: =J102/K102 -> 1.0627871 | M102: =SUM(D102,G102,J102) -> 1431503.6 | N102: =SUM(E102,H102,K102) -> 1350638.8 | O102: =M102/N102 -> 1.0598715
C103: July | D103: 522988 | E103: 480180.58 | F103: =D103/E103 -> 1.0891486 | G103: 400549 | H103: 389230.01 | I103: =G103/H103 -> 1.0290805 | J103: 584796 | K103: 546596.85 | L103: =J103/K103 -> 1.0698854 | M103: =SUM(D103,G103,J103) -> 1508333 | N103: =SUM(E103,H103,K103) -> 1416007.4 | O103: =M103/N103 -> 1.0652013
C104: August | D104: 537219.5 | E104: 498537.89 | F104: =D104/E104 -> 1.0775901 | G104: 404137.47 | H104: 406788.51 | I104: =G104/H104 -> 0.993483 | J104: 552466 | K104: 501635.63 | L104: =J104/K104 -> 1.1013293 | M104: =SUM(D104,G104,J104) -> 1493823 | N104: =SUM(E104,H104,K104) -> 1406962 | O104: =M104/N104 -> 1.0617365
C105: September | D105: 424355 | E105: 393985 | F105: =D105/E105 -> 1.0770842 | G105: 287715 | H105: 334796 | I105: =G105/H105 -> 0.85937407 | J105: 537548 | K105: 474608 | L105: =J105/K105 -> 1.1326147 | M105: =SUM(D105,G105,J105) -> 1249618 | N105: =SUM(E105,H105,K105) -> 1203389 | O105: =M105/N105 -> 1.0384157
C106: October | D106: 351940 | E106: 331548 | F106: =D106/E106 -> 1.0615054 | G106: 231241 | H106: 276238 | I106: =G106/H106 -> 0.83710786 | J106: 487146 | K106: 439993 | L106: =J106/K106 -> 1.1071676 | M106: =SUM(D106,G106,J106) -> 1070327 | N106: =SUM(E106,H106,K106) -> 1047779 | O106: =M106/N106 -> 1.0215198
C107: November | D107: 223189.5 | E107: 219149.51 | F107: =D107/E107 -> 1.0184349 | G107: 141536 | H107: 177826.24 | I107: =G107/H107 -> 0.79592303 | J107: 346267 | K107: 334635.44 | L107: =J107/K107 -> 1.0347589 | M107: =SUM(D107,G107,J107) -> 710992.5 | N107: =SUM(E107,H107,K107) -> 731611.19 | O107: =M107/N107 -> 0.97181742
C108: December | D108: 179511 | E108: 202641.2 | F108: =D108/E108 -> 0.88585638 | G108: 74593 | H108: 173792.1 | I108: =G108/H108 -> 0.42920823 | J108: 281375 | K108: 96470.497 | L108: =J108/K108 -> 2.9166948 | M108: =SUM(D108,G108,J108) -> 535479 | N108: =SUM(E108,H108,K108) -> 472903.8 | O108: =M108/N108 -> 1.1323212
C109: Annual | D109: =SUM(D97:D108) -> 4429121.8 | E109: =SUM(E97:E108) -> 4277378.7 | F109: =D109/E109 -> 1.0354757 | G109: =SUM(G97:G108) -> 3122292.9 | H109: =SUM(H97:H108) -> 3487926.9 | I109: =G109/H109 -> 0.89517155 | J109: =SUM(J97:J108) -> 5601689 | K109: =SUM(K97:K108) -> 4973475.9 | L109: =J109/K109 -> 1.1263127 | M109: =SUM(D109,G109,J109) -> 13153104 | N109: =SUM(E109,H109,K109) -> 12738781 | O109: =M109/N109 -> 1.0325245
C113: 2026 Plant Health Data
D114: Smithfield | G114: Merrimack | J114: Westlake | M114: Portfolio
D115: Actual | E115: Adjusted | F115: % | G115: Actual | H115: Adjusted | I115: % | J115: Actual | K115: Adjusted | L115: % | M115: Actual | N115: Adjusted | O115: %
C116: January | D116: 117870 | E116: 225662.44 | F116: =D116/E116 -> 0.52232883 | G116: 77965 | H116: 182254.72 | I116: =G116/H116 -> 0.42778041 | J116: 337051 | K116: 320636.08 | L116: =J116/K116 -> 1.0511949 | M116: =SUM(D116,G116,J116) -> 532886 | N116: =SUM(E116,H116,K116) -> 728553.24 | O116: =M116/N116 -> 0.73143042
...

Sheet Predicted Data
A4: Site Name | B4: Month | C4: Year | D4: Total Modeled Production (kWh): | E4: Total Modeled Insolation (Wh/m2):
A5: Smithfield | B5: 1 | C5: =2026 -> 2026 | D5: 173872.6
A6: Smithfield | B6: 2 | C6: =2026 -> 2026 | D6: 223465.4
A7: Smithfield | B7: 3 | C7: =2026 -> 2026 | D7: 344525.3
A8: Smithfield | B8: 4 | C8: =2026 -> 2026 | D8: 439674.5
A9: Smithfield | B9: 5 | C9: =2026 -> 2026 | D9: 455091.2
A10: Smithfield | B10: 6 | C10: =2026 -> 2026 | D10: 491177.6
A11: Smithfield | B11: 7 | C11: =2026 -> 2026 | D11: 524395
A12: Smithfield | B12: 8 | C12: =2026 -> 2026 | D12: 488163.4
A13: Smithfield | B13: 9 | C13: =2026 -> 2026 | D13: 412507.2
A14: Smithfield | B14: 10 | C14: =2026 -> 2026 | D14: 292225.1
A15: Smithfield | B15: 11 | C15: =2026 -> 2026 | D15: 204482.1
A16: Smithfield | B16: 12 | C16: =2026 -> 2026 | D16: 160442.8
... A40: Westlake | B40: 12 | C40: =2026 -> 2026 | D40: 357864

Sheet Ashley Config
A1: Field | B1: E_Grid | C1: GlobInc | H1: Ashley kWh | Q1: Ashley Insolation (Wh/m^2)
A2: Units | B2: kWh | C2: Wh/m2 | H2: 2015 | I2: 2016 | J2: 2017 | K2: 2018 | L2: 2019 | M2: 2020 | N2: 2021 | O2: 2022 | Q2: 2022
A3: 42005 | B3: 430600 | C3: 88900 | G3: January | H3: 430600 | I3: 430600 | J3: =I3*0.995 -> 428447 | K3: =J3*0.995 -> 426304.77 | L3: =K3*0.995 -> 424173.24 | M3: =L3*0.995 -> 422052.37 | N3: =M3*0.995 -> 419942.11 | O3: =N3*0.995 -> 417842.4 | Q3: 99200
A4: 42036 | B4: 472000 | C4: 99800 | G4: February | H4: 472000 | I4: 472000 | J4: =I4*0.995 -> 469640 | K4: =J4*0.995 -> 467291.8 | L4: =K4*0.995 -> 464955.34 | M4: =L4*0.995 -> 462630.56 | N4: =M4*0.995 -> 460317.41 | O4: =N4*0.995 -> 458015.82 | Q4: 108300
A5: 42064 | B5: 637500 | C5: 138300 | D5: PIS Month | G5: March | H5: 637500 | I5: =H5*0.995 -> 634312.5 | J5: =I5*0.995 -> 631140.94 | K5: =J5*0.995 -> 627985.23 | L5: =K5*0.995 -> 624845.31 | M5: =L5*0.995 -> 621721.08 | N5: =M5*0.995 -> 618612.47 | O5: =N5*0.995 -> 615519.41 | Q5: 150000
A6: 42095 | B6: 719700 | C6: 158700 | G6: April | H6: 719700 | I6: =H6*0.995 -> 716101.5 | J6: =I6*0.995 -> 712520.99 | K6: =J6*0.995 -> 708958.39 | L6: =K6*0.995 -> 705413.6 | M6: =L6*0.995 -> 701886.53 | N6: =M6*0.995 -> 698377.09 | O6: =N6*0.995 -> 694885.21 | Q6: 171200
A7: 42125 | B7: 729800 | C7: 162100 | G7: May | H7: 729800 | I7: =H7*0.995 -> 726151 | J7: =I7*0.995 -> 722520.24 | K7: =J7*0.995 -> 718907.64 | L7: =K7*0.995 -> 715313.11 | M7: =L7*0.995 -> 711736.54 | N7: =M7*0.995 -> 708177.86 | O7: =N7*0.995 -> 704636.97 | Q7: 174100
A8: 42156 | B8: 764800 | C8: 172600 | G8: June | H8: 764800 | I8: =H8*0.995 -> 760976 | J8: =I8*0.995 -> 757171.12 | K8: =J8*0.995 -> 753385.26 | L8: =K8*0.995 -> 749618.34 | M8: =L8*0.995 -> 745870.25 | N8: =M8*0.995 -> 742140.9 | O8: =N8*0.995 -> 738430.19 | Q8: 182400
A9: 42186 | B9: 773600 | C9: 175600 | G9: July | H9: 773600 | I9: =H9*0.995 -> 769732 | J9: =I9*0.995 -> 765883.34 | K9: =J9*0.995 -> 762053.92 | L9: =K9*0.995 -> 758243.65 | M9: =L9*0.995 -> 754452.44 | N9: =M9*0.995 -> 750680.17 | O9: =N9*0.995 -> 746926.77 | Q9: 185100
A10: 42217 | B10: 753100 | C10: 170100 | G10: August | H10: 753100 | I10: =H10*0.995 -> 749334.5 | J10: =I10*0.995 -> 745587.83 | K10: =J10*0.995 -> 741859.89 | L10: =K10*0.995 -> 738150.59 | M10: =L10*0.995 -> 734459.84 | N10: =M10*0.995 -> 730787.54 | O10: =N10*0.995 -> 727133.6 | Q10: 178400
A11: 42248 | B11: 622300 | C11: 138000 | G11: September | H11: 622300 | I11: =H11*0.995 -> 619188.5 | J11: =I11*0.995 -> 616092.56 | K11: =J11*0.995 -> 613012.09 | L11: =K11*0.995 -> 609947.03 | M11: =L11*0.995 -> 606897.3 | N11: =M11*0.995 -> 603862.81 | O11: =N11*0.995 -> 600843.5 | Q11: 146600
A12: 42278 | B12: 572800 | C12: 124400 | G12: October | H12: 572800 | I12: =H12*0.995 -> 569936 | J12: =I12*0.995 -> 567086.32 | K12: =J12*0.995 -> 564250.89 | L12: =K12*0.995 -> 561429.63 | M12: =L12*0.995 -> 558622.49 | N12: =M12*0.995 -> 555829.37 | O12: =N12*0.995 -> 553050.23 | Q12: 133800
A13: 42309 | B13: 413200 | C13: 88700 | G13: November | H13: 413200 | I13: =H13*0.995 -> 411134 | J13: =I13*0.995 -> 409078.33 | K13: =J13*0.995 -> 407032.94 | L13: =K13*0.995 -> 404997.77 | M13: =L13*0.995 -> 402972.78 | N13: =M13*0.995 -> 400957.92 | O13: =N13*0.995 -> 398953.13 | Q13: 96000
A14: 42339 | B14: 420700 | C14: 88000 | G14: December | H14: 420700 | I14: =H14*0.995 -> 418596.5 | J14: =I14*0.995 -> 416503.52 | K14: =J14*0.995 -> 414421 | L14: =K14*0.995 -> 412348.89 | M14: =L14*0.995 -> 410287.15 | N14: =M14*0.995 -> 408235.71 | O14: =N14*0.995 -> 406194.54 | Q14: 98000
A15: 42370 | B15: 430600 | C15: 88900
A16: 42401 | B16: 472000 | C16: 99800
A17: 42430 | B17: =B5*0.995 -> 634312.5 | C17: 138300
A18: 42461 | B18: =B6*0.995 -> 716101.5 | C18: 158700
A19: 42491 | B19: =B7*0.995 -> 726151 | C19: 162100
A20: 42522 | B20: =B8*0.995 -> 760976 | C20: 172600
A21: 42552 | B21: =B9*0.995 -> 769732 | C21: 175600
A22: 42583 | B22: =B10*0.995 -> 749334.5 | C22: 170100
A23: 42614 | B23: =B11*0.995 -> 619188.5 | C23: 138000
A24: 42644 | B24: =B12*0.995 -> 569936 | C24: 124400
A25: 42675 | B25: =B13*0.995 -> 411134 | C25: 88700
A26: 42705 | B26: =B14*0.995 -> 418596.5 | C26: 88000
A27: 42736 | B27: =B3*0.995 -> 428447 | C27: 88900
A28: 42767 | B28: =B4*0.995 -> 469640 | C28: 99800
A29: 42795 | B29: =B5*0.99 -> 631125 | C29: 138300
A30: 42826 | B30: =B6*0.99 -> 712503 | C30: 158700
A31: 42856 | B31: =B7*0.99 -> 722502 | C31: 162100
A32: 42887 | B32: =B8*0.99 -> 757152 | C32: 172600
A33: 42917 | B33: =B9*0.99 -> 765864 | C33: 175600
A34: 42948 | B34: =B10*0.99 -> 745569 | C34: 170100
A35: 42979 | B35: =B11*0.99 -> 616077 | C35: 138000
A36: 43009 | B36: =B12*0.99 -> 567072 | C36: 124400
A37: 43040 | B37: =B13*0.99 -> 409068 | C37: 88700
A38: 43070 | B38: =B14*0.99 -> 416493 | C38: 88000
A39: 43101 | B39: =B3*0.99 -> 426294 | C39: 88900
A40: 43132 | B40: =B4*0.99 -> 467280 | C40: 99800
A41: 43160 | B41: =B5*0.985 -> 627937.5 | C41: 138300
A42: 43191 | B42: =B6*0.985 -> 708904.5 | C42: 158700
A43: 43221 | B43: =B7*0.985 -> 718853 | C43: 162100
A44: 43252 | B44: =B8*0.985 -> 753328 | C44: 172600
A45: 43282 | B45: =B9*0.985 -> 761996 | C45: 175600
A46: 43313 | B46: =B10*0.985 -> 741803.5 | C46: 170100
A47: 43344 | B47: =B11*0.985 -> 612965.5 | C47: 138000
A48: 43374 | B48: =B12*0.985 -> 564208 | C48: 124400
A49: 43405 | B49: =B13*0.985 -> 407002 | C49: 88700
A50: 43435 | B50: =B14*0.985 -> 414389.5 | C50: 88000
A51: 43466 | B51: =B3*0.985 -> 424141 | C51: 88900
A52: 43497 | B52: =B4*0.985 -> 464920 | C52: 99800
A53: 43525 | B53: =B5*0.98 -> 624750 | C53: 138300
A54: 43556 | B54: =B6*0.98 -> 705306 | C54: 158700
A55: 43586 | B55: =B7*0.98 -> 715204 | C55: 162100
A56: 43617 | B56: =B8*0.98 -> 749504 | C56: 172600
A57: 43647 | B57: =B9*0.98 -> 758128 | C57: 175600
A58: 43678 | B58: =B10*0.98 -> 738038 | C58: 170100
A59: 43709 | B59: =B11*0.98 -> 609854 | C59: 138000
A60: 43739 | B60: =B12*0.98 -> 561344 | C60: 124400
A61: 43770 | B61: =B13*0.98 -> 404936 | C61: 88700
A62: 43800 | B62: =B14*0.98 -> 412286 | C62: 88000
A63: 43831 | B63: =B3*0.98 -> 421988 | C63: 88900
A64: 43862 | B64: =B4*0.98 -> 462560 | C64: 99800
A65: 43891 | B65: =B5*0.985 -> 627937.5 | C65: 138300
A66: 43922 | B66: =B6*0.985 -> 708904.5 | C66: 158700
A67: 43952 | B67: =B7*0.985 -> 718853 | C67: 162100
A68: 43983 | B68: =B8*0.985 -> 753328 | C68: 172600
A69: 44013 | B69: =B9*0.985 -> 761996 | C69: 175600
A70: 44044 | B70: =B10*0.985 -> 741803.5 | C70: 170100
A71: 44075 | B71: =B11*0.985 -> 612965.5 | C71: 138000
A72: 44105 | B72: =B12*0.985 -> 564208 | C72: 124400
A73: 44136 | B73: =B13*0.985 -> 407002 | C73: 88700
A74: 44166 | B74: =B14*0.985 -> 414389.5 | C74: 88000
A75: 44197 | B75: =B3*0.98 -> 421988 | C75: 88900
A76: 44228 | B76: =B4*0.98 -> 462560 | C76: 99800
A77: 44256 | B77: =B5*0.98 -> 624750 | C77: 138300
A78: 44287 | B78: =B6*0.98 -> 705306 | C78: 158700
A79: 44317 | B79: =B7*0.98 -> 715204 | C79: 162100
A80: 44348 | B80: =B8*0.98 -> 749504 | C80: 172600
A81: 44378 | B81: =B9*0.98 -> 758128 | C81: 175600
A82: 44409 | B82: =B10*0.98 -> 738038 | C82: 170100
A83: 44440 | B83: =B11*0.98 -> 609854 | C83: 138000
A84: 44470 | B84: =B12*0.98 -> 561344 | C84: 124400
A85: 44501 | B85: =B13*0.98 -> 404936 | C85: 88700
A86: 44531 | B86: =B14*0.98 -> 412286 | C86: 88000
A87: 44562 | B87: 417842.4 | C87: 99200
A88: 44593 | B88: 458015.82 | C88: 108300
A89: 44621 | B89: 615519.41 | C89: 150000
A90: 44652 | B90: 694885.21 | C90: 171200
A91: 44682 | B91: 704636.97 | C91: 174100
A92: 44713 | B92: 738430.19 | C92: 182400
A93: 44743 | B93: 746926.77 | C93: 185100
A94: 44774 | B94: 727133.6 | C94: 178400
A95: 44805 | B95: 600843.5 | C95: 146600
A96: 44835 | B96: 553050.23 | C96: 133800
A97: 44866 | B97: 398953.13 | C97: 96000
A98: 44896 | B98: 406194.54 | C98: 98000

Sheet Lang Config
A1: Field | B1: E_Grid | C1: GlobInc | G1: Lang kWh | P1: Lang Insolation (Wh/m^2)
A2: Units | B2: kWh | C2: Wh/m2 | G2: 2015 | H2: 2016 | I2: 2017 | J2: 2018 | K2: 2019 | L2: 2020 | M2: 2021 | N2: 2022 | P2: 2022
A3: 42005 | B3: 558000 | C3: 89800 | F3: January | G3: 558000 | H3: 558000 | I3: 555210 | J3: 552433.95 | K3: 549671.78 | L3: 546923.42 | M3: 544188.8 | N3: 541467.86 | P3: 99500
A4: 42036 | B4: 618000 | C4: 100200 | F4: February | G4: 618000 | H4: 618000 | I4: 614910 | J4: 611835.45 | K4: 608776.27 | L4: 605732.39 | M4: 602703.73 | N4: 599690.21 | P4: 110300
A5: 42064 | B5: 832000 | C5: 140000 | F5: March | G5: 832000 | H5: 832000 | I5: 827840 | J5: 823700.8 | K5: 819582.3 | L5: 815484.38 | M5: 811406.96 | N5: 807349.93 | P5: 152700
A6: 42095 | B6: 960000 | C6: 164500 | F6: April | G6: 960000 | H6: 960000 | I6: 955200 | J6: 950424 | K6: 945671.88 | L6: 940943.52 | M6: 936238.8 | N6: 931557.61 | P6: 177600
A7: 42125 | B7: 965000 | C7: 166700 | F7: May | G7: 965000 | H7: 965000 | I7: 960175 | J7: 955374.12 | K7: 950597.25 | L7: 945844.27 | M7: 941115.05 | N7: 936409.47 | P7: 178000
A8: 42156 | B8: 1010000 | C8: 175600 | F8: June | G8: 1010000 | H8: 1010000 | I8: 1004950 | J8: 999925.25 | K8: 994925.62 | L8: 989951 | M8: 985001.24 | N8: 980076.23 | P8: 186200
A9: 42186 | B9: 1006000 | C9: 175400 | F9: July | G9: 1006000 | H9: 1006000 | I9: 1000970 | J9: 995965.15 | K9: 990985.32 | L9: 986030.4 | M9: 981100.25 | N9: 976194.74 | P9: 184400
A10: 42217 | B10: 958000 | C10: 166400 | F10: August | G10: 958000 | H10: 958000 | I10: 953210 | J10: 948443.95 | K10: 943701.73 | L10: 938983.22 | M10: 934288.31 | N10: 929616.86 | P10: 176400
A11: 42248 | B11: 804000 | C11: 138400 | F11: September | G11: 804000 | H11: 804000 | I11: 799980 | J11: 795980.1 | K11: 792000.2 | L11: 788040.2 | M11: 784100 | N11: 780179.5 | P11: 147200
A12: 42278 | B12: 772000 | C12: 129600 | D12: PIS date | F12: October | G12: 772000 | H12: 768140 | I12: 764299.3 | J12: 760477.8 | K12: 756675.41 | L12: 752892.04 | M12: 749127.58 | N12: 745381.94 | P12: 139100
A13: 42309 | B13: 546000 | C13: 90200 | F13: November | G13: 546000 | H13: 543270 | I13: 540553.65 | J13: 537850.88 | K13: 535161.63 | L13: 532485.82 | M13: 529823.39 | N13: 527174.27 | P13: 97900
A14: 42339 | B14: 546000 | C14: 88300 | F14: December | G14: 546000 | H14: 543270 | I14: 540553.65 | J14: 537850.88 | K14: 535161.63 | L14: 532485.82 | M14: 529823.39 | N14: 527174.27 | P14: 97800
A15: 42370 | B15: 558000 | C15: 89800
A16: 42401 | B16: 618000 | C16: 100200
A17: 42430 | B17: 832000 | C17: 140000
A18: 42461 | B18: 960000 | C18: 164500
A19: 42491 | B19: 965000 | C19: 166700
A20: 42522 | B20: 1010000 | C20: 175600
A21: 42552 | B21: 1006000 | C21: 175400
A22: 42583 | B22: 958000 | C22: 166400
A23: 42614 | B23: 804000 | C23: 138400
A24: 42644 | B24: =B12*0.995 -> 768140 | C24: 129600
A25: 42675 | B25: =B13*0.995 -> 543270 | C25: 90200
A26: 42705 | B26: =B14*0.995 -> 543270 | C26: 88300
A27: 42736 | B27: =B15*0.995 -> 555210 | C27: 89800
A28: 42767 | B28: =B16*0.995 -> 614910 | C28: 100200
A29: 42795 | B29: =B17*0.995 -> 827840 | C29: 140000
A30: 42826 | B30: =B18*0.995 -> 955200 | C30: 164500
A31: 42856 | B31: =B19*0.995 -> 960175 | C31: 166700
A32: 42887 | B32: =B20*0.995 -> 1004950 | C32: 175600
A33: 42917 | B33: =B21*0.995 -> 1000970 | C33: 175400
A34: 42948 | B34: =B22*0.995 -> 953210 | C34: 166400
A35: 42979 | B35: =B23*0.995 -> 799980 | C35: 138400
A36: 43009 | B36: =B12*0.99 -> 764280 | C36: 129600
A37: 43040 | B37: =B13*0.99 -> 540540 | C37: 90200
A38: 43070 | B38: =B14*0.99 -> 540540 | C38: 88300
A39: 43101 | B39: =B15*0.99 -> 552420 | C39: 89800
A40: 43132 | B40: =B16*0.99 -> 611820 | C40: 100200
A41: 43160 | B41: =B17*0.99 -> 823680 | C41: 140000
A42: 43191 | B42: =B18*0.99 -> 950400 | C42: 164500
A43: 43221 | B43: =B19*0.99 -> 955350 | C43: 166700
A44: 43252 | B44: =B20*0.99 -> 999900 | C44: 175600
A45: 43282 | B45: =B21*0.99 -> 995940 | C45: 175400
A46: 43313 | B46: =B22*0.99 -> 948420 | C46: 166400
A47: 43344 | B47: =B23*0.99 -> 795960 | C47: 138400
A48: 43374 | B48: =B12*0.985 -> 760420 | C48: 129600
A49: 43405 | B49: =B13*0.985 -> 537810 | C49: 90200
A50: 43435 | B50: =B14*0.985 -> 537810 | C50: 88300
A51: 43466 | B51: =B15*0.985 -> 549630 | C51: 89800
A52: 43497 | B52: =B16*0.985 -> 608730 | C52: 100200
A53: 43525 | B53: =B17*0.985 -> 819520 | C53: 140000
A54: 43556 | B54: =B18*0.985 -> 945600 | C54: 164500
A55: 43586 | B55: =B19*0.985 -> 950525 | C55: 166700
A56: 43617 | B56: =B20*0.985 -> 994850 | C56: 175600
A57: 43647 | B57: =B21*0.985 -> 990910 | C57: 175400
A58: 43678 | B58: =B22*0.985 -> 943630 | C58: 166400
A59: 43709 | B59: =B23*0.985 -> 791940 | C59: 138400
A60: 43739 | B60: =B12*0.98 -> 756560 | C60: 129600
A61: 43770 | B61: =B13*0.98 -> 535080 | C61: 90200
A62: 43800 | B62: =B14*0.98 -> 535080 | C62: 88300
A63: 43831 | B63: =B3*0.98 -> 546840 | C63: 89800
A64: 43862 | B64: =B4*0.98 -> 605640 | C64: 100200
A65: 43891 | B65: =B5*0.98 -> 815360 | C65: 140000
A66: 43922 | B66: =B6*0.98 -> 940800 | C66: 164500
A67: 43952 | B67: =B7*0.98 -> 945700 | C67: 166700
A68: 43983 | B68: =B8*0.98 -> 989800 | C68: 175600
A69: 44013 | B69: =B9*0.98 -> 985880 | C69: 175400
A70: 44044 | B70: =B10*0.98 -> 938840 | C70: 166400
A71: 44075 | B71: =B11*0.98 -> 787920 | C71: 138400
A72: 44105 | B72: =B12*0.975 -> 752700 | C72: 129600
A73: 44136 | B73: =B13*0.975 -> 532350 | C73: 90200
A74: 44166 | B74: =B14*0.975 -> 532350 | C74: 88300
A75: 44197 | B75: =B3*0.975 -> 544050 | C75: 89800
A76: 44228 | B76: =B4*0.975 -> 602550 | C76: 100200
A77: 44256 | B77: =B5*0.975 -> 811200 | C77: 140000
A78: 44287 | B78: =B6*0.975 -> 936000 | C78: 164500
A79: 44317 | B79: =B7*0.975 -> 940875 | C79: 166700
A80: 44348 | B80: =B8*0.975 -> 984750 | C80: 175600
A81: 44378 | B81: =B9*0.975 -> 980850 | C81: 175400
A82: 44409 | B82: =B10*0.975 -> 934050 | C82: 166400
A83: 44440 | B83: =B11*0.975 -> 783900 | C83: 138400
A84: 44470 | B84: =B12*0.975 -> 752700 | C84: 129600
A85: 44501 | B85: =B13*0.975 -> 532350 | C85: 90200
A86: 44531 | B86: =B14*0.975 -> 532350 | C86: 88300
A87: 44562 | B87: 541467.86 | C87: 99500
A88: 44593 | B88: 599690.21 | C88: 110300
A89: 44621 | B89: 807349.93 | C89: 152700
A90: 44652 | B90: 931557.61 | C90: 177600
A91: 44682 | B91: 936409.47 | C91: 178000
A92: 44713 | B92: 980076.23 | C92: 186200
A93: 44743 | B93: 976194.74 | C93: 184400
A94: 44774 | B94: 929616.86 | C94: 176400
A95: 44805 | B95: 780179.5 | C95: 147200
A96: 44835 | B96: 745381.94 | C96: 139100
A97: 44866 | B97: 527174.27 | C97: 97900
A98: 44896 | B98: 527174.27 | C98: 97800

Sheet Stikeleather Config
A1: Field | B1: E_Grid | C1: GlobInc | G1: Stikeleather kWh | P1: Stikeleather Insolation (Wh/m^2)
A2: Units | B2: kWh | C2: Wh/m2 | G2: 2015 | H2: 2016 | I2: 2017 | J2: 2018 | K2: 2019 | L2: 2020 | M2: 2021 | N2: 2022 | P2: 2022
A3: 42005 | B3: 596000 | C3: 95500 | F3: January | G3: 596000 | H3: 596000 | I3: =H3*0.995 -> 593020 | J3: =I3*0.995 -> 590054.9 | K3: =J3*0.995 -> 587104.63 | L3: =K3*0.995 -> 584169.1 | M3: =L3*0.995 -> 581248.26 | N3: =M3*0.995 -> 578342.02 | P3: 102800
A4: 42036 | B4: 602000 | C4: 98900 | F4: February | G4: 602000 | H4: 602000 | I4: =H4*0.995 -> 598990 | J4: =I4*0.995 -> 595995.05 | K4: =J4*0.995 -> 593015.07 | L4: =K4*0.995 -> 590050 | M4: =L4*0.995 -> 587099.75 | N4: =M4*0.995 -> 584164.25 | P4: 106600
A5: 42064 | B5: 866000 | C5: 144000 | F5: March | G5: 866000 | H5: 866000 | I5: =H5*0.995 -> 861670 | J5: =I5*0.995 -> 857361.65 | K5: =J5*0.995 -> 853074.84 | L5: =K5*0.995 -> 848809.47 | M5: =L5*0.995 -> 844565.42 | N5: =M5*0.995 -> 840342.59 | P5: 156000
A6: 42095 | B6: 967000 | C6: 164800 | F6: April | G6: 967000 | H6: 967000 | I6: =H6*0.995 -> 962165 | J6: =I6*0.995 -> 957354.18 | K6: =J6*0.995 -> 952567.4 | L6: =K6*0.995 -> 947804.57 | M6: =L6*0.995 -> 943065.54 | N6: =M6*0.995 -> 938350.22 | P6: 176800
A7: 42125 | B7: 1006000 | C7: 172700 | F7: May | G7: 1006000 | H7: 1006000 | I7: =H7*0.995 -> 1000970 | J7: =I7*0.995 -> 995965.15 | K7: =J7*0.995 -> 990985.32 | L7: =K7*0.995 -> 986030.4 | M7: =L7*0.995 -> 981100.25 | N7: =M7*0.995 -> 976194.74 | P7: 183300
A8: 42156 | B8: 1031000 | C8: 178800 | F8: June | G8: 1031000 | H8: 1031000 | I8: =H8*0.995 -> 1025845 | J8: =I8*0.995 -> 1020715.8 | K8: =J8*0.995 -> 1015612.2 | L8: =K8*0.995 -> 1010534.1 | M8: =L8*0.995 -> 1005481.5 | N8: =M8*0.995 -> 1000454.1 | P8: 188600
A9: 42186 | B9: 1045000 | C9: 182100 | F9: July | G9: 1045000 | H9: 1045000 | I9: =H9*0.995 -> 1039775 | J9: =I9*0.995 -> 1034576.1 | K9: =J9*0.995 -> 1029403.2 | L9: =K9*0.995 -> 1024256.2 | M9: =L9*0.995 -> 1019134.9 | N9: =M9*0.995 -> 1014039.3 | P9: 189200
A10: 42217 | B10: 967000 | C10: 168000 | F10: August | G10: 967000 | H10: 967000 | I10: =H10*0.995 -> 962165 | J10: =I10*0.995 -> 957354.18 | K10: =J10*0.995 -> 952567.4 | L10: =K10*0.995 -> 947804.57 | M10: =L10*0.995 -> 943065.54 | N10: =M10*0.995 -> 938350.22 | P10: 175100
A11: 42248 | B11: 845000 | C11: 145300 | D11: PIS DATE | F11: September | G11: 845000 | H11: =G11*0.995 -> 840775 | I11: =H11*0.995 -> 836571.12 | J11: =I11*0.995 -> 832388.27 | K11: =J11*0.995 -> 828226.33 | L11: =K11*0.995 -> 824085.2 | M11: =L11*0.995 -> 819964.77 | N11: =M11*0.995 -> 815864.95 | P11: 153100
A12: 42278 | B12: 862000 | C12: 144600 | F12: October | G12: 862000 | H12: =G12*0.995 -> 857690 | I12: =H12*0.995 -> 853401.55 | J12: =I12*0.995 -> 849134.54 | K12: =J12*0.995 -> 844888.87 | L12: =K12*0.995 -> 840664.43 | M12: =L12*0.995 -> 836461.1 | N12: =M12*0.995 -> 832278.8 | P12: 153800
A13: 42309 | B13: 629000 | C13: 103400 | F13: November | G13: 629000 | H13: =G13*0.995 -> 625855 | I13: =H13*0.995 -> 622725.72 | J13: =I13*0.995 -> 619612.1 | K13: =J13*0.995 -> 616514.04 | L13: =K13*0.995 -> 613431.47 | M13: =L13*0.995 -> 610364.31 | N13: =M13*0.995 -> 607312.49 | P13: 111400
A14: 42339 | B14: 582000 | C14: 94000 | F14: December | G14: 582000 | H14: =G14*0.995 -> 579090 | I14: =H14*0.995 -> 576194.55 | J14: =I14*0.995 -> 573313.58 | K14: =J14*0.995 -> 570447.01 | L14: =K14*0.995 -> 567594.77 | M14: =L14*0.995 -> 564756.8 | N14: =M14*0.995 -> 561933.02 | P14: 103100
A15: 42370 | B15: 596000 | C15: 95500
A16: 42401 | B16: 602000 | C16: 98900
A17: 42430 | B17: 866000 | C17: 144000
A18: 42461 | B18: 967000 | C18: 164800
A19: 42491 | B19: 1006000 | C19: 172700
A20: 42522 | B20: 1031000 | C20: 178800
A21: 42552 | B21: 1045000 | C21: 182100
A22: 42583 | B22: 967000 | C22: 168000
A23: 42614 | B23: =B11*0.995 -> 840775 | C23: 145300
A24: 42644 | B24: =B12*0.995 -> 857690 | C24: 144600
A25: 42675 | B25: =B13*0.995 -> 625855 | C25: 103400
A26: 42705 | B26: =B14*0.995 -> 579090 | C26: 94000
A27: 42736 | B27: =B15*0.995 -> 593020 | C27: 95500
A28: 42767 | B28: =B16*0.995 -> 598990 | C28: 98900
A29: 42795 | B29: =B17*0.995 -> 861670 | C29: 144000
A30: 42826 | B30: =B18*0.995 -> 962165 | C30: 164800
A31: 42856 | B31: =B19*0.995 -> 1000970 | C31: 172700
A32: 42887 | B32: =B20*0.995 -> 1025845 | C32: 178800
A33: 42917 | B33: =B21*0.995 -> 1039775 | C33: 182100
A34: 42948 | B34: =B22*0.995 -> 962165 | C34: 168000
A35: 42979 | B35: =B11*0.99 -> 836550 | C35: 145300
A36: 43009 | B36: =B12*0.99 -> 853380 | C36: 144600
A37: 43040 | B37: =B13*0.99 -> 622710 | C37: 103400
A38: 43070 | B38: =B14*0.99 -> 576180 | C38: 94000
A39: 43101 | B39: =B15*0.99 -> 590040 | C39: 95500
A40: 43132 | B40: =B16*0.99 -> 595980 | C40: 98900
A41: 43160 | B41: =B17*0.99 -> 857340 | C41: 144000
A42: 43191 | B42: =B18*0.99 -> 957330 | C42: 164800
A43: 43221 | B43: =B19*0.99 -> 995940 | C43: 172700
A44: 43252 | B44: =B20*0.99 -> 1020690 | C44: 178800
A45: 43282 | B45: =B21*0.99 -> 1034550 | C45: 182100
A46: 43313 | B46: =B22*0.99 -> 957330 | C46: 168000
A47: 43344 | B47: =B11*0.985 -> 832325 | C47: 145300
A48: 43374 | B48: =B12*0.985 -> 849070 | C48: 144600
A49: 43405 | B49: =B13*0.985 -> 619565 | C49: 103400
A50: 43435 | B50: =B14*0.985 -> 573270 | C50: 94000
A51: 43466 | B51: =B3*0.985 -> 587060 | C51: 95500
A52: 43497 | B52: =B4*0.985 -> 592970 | C52: 98900
A53: 43525 | B53: =B5*0.985 -> 853010 | C53: 144000
A54: 43556 | B54: =B6*0.985 -> 952495 | C54: 164800
A55: 43586 | B55: =B7*0.985 -> 990910 | C55: 172700
A56: 43617 | B56: =B8*0.985 -> 1015535 | C56: 178800
A57: 43647 | B57: =B9*0.985 -> 1029325 | C57: 182100
A58: 43678 | B58: =B10*0.985 -> 952495 | C58: 168000
A59: 43709 | B59: =B11*0.98 -> 828100 | C59: 145300
A60: 43739 | B60: =B12*0.98 -> 844760 | C60: 144600
A61: 43770 | B61: =B13*0.98 -> 616420 | C61: 103400
A62: 43800 | B62: =B14*0.98 -> 570360 | C62: 94000
A63: 43831 | B63: =B3*0.98 -> 584080 | C63: 95500
A64: 43862 | B64: =B4*0.98 -> 589960 | C64: 98900
A65: 43891 | B65: =B5*0.98 -> 848680 | C65: 144000
A66: 43922 | B66: =B6*0.98 -> 947660 | C66: 164800
A67: 43952 | B67: =B7*0.98 -> 985880 | C67: 172700
A68: 43983 | B68: =B8*0.98 -> 1010380 | C68: 178800
A69: 44013 | B69: =B9*0.98 -> 1024100 | C69: 182100
A70: 44044 | B70: =B10*0.98 -> 947660 | C70: 168000
A71: 44075 | B71: =B11*0.975 -> 823875 | C71: 145300
A72: 44105 | B72: =B12*0.975 -> 840450 | C72: 144600
A73: 44136 | B73: =B13*0.975 -> 613275 | C73: 103400
A74: 44166 | B74: =B14*0.975 -> 567450 | C74: 94000
A75: 44197 | B75: =B3*0.975 -> 581100 | C75: 95500
A76: 44228 | B76: =B4*0.975 -> 586950 | C76: 98900
A77: 44256 | B77: =B5*0.975 -> 844350 | C77: 144000
A78: 44287 | B78: =B6*0.975 -> 942825 | C78: 164800
A79: 44317 | B79: =B7*0.975 -> 980850 | C79: 172700
A80: 44348 | B80: =B8*0.975 -> 1005225 | C80: 178800
A81: 44378 | B81: =B9*0.975 -> 1018875 | C81: 182100
A82: 44409 | B82: =B10*0.975 -> 942825 | C82: 168000
A83: 44440 | B83: =B11*0.975 -> 823875 | C83: 145300
A84: 44470 | B84: =B12*0.975 -> 840450 | C84: 144600
A85: 44501 | B85: =B13*0.975 -> 613275 | C85: 103400
A86: 44531 | B86: =B14*0.975 -> 567450 | C86: 94000
A87: 44562 | B87: 578342.02 | C87: 102800
A88: 44593 | B88: 584164.25 | C88: 106600
A89: 44621 | B89: 840342.59 | C89: 156000
A90: 44652 | B90: 938350.22 | C90: 176800
A91: 44682 | B91: 976194.74 | C91: 183300
A92: 44713 | B92: 1000454.1 | C92: 188600
A93: 44743 | B93: 1014039.3 | C93: 189200
A94: 44774 | B94: 938350.22 | C94: 175100
A95: 44805 | B95: 815864.95 | C95: 153100
A96: 44835 | B96: 832278.8 | C96: 153800
A97: 44866 | B97: 607312.49 | C97: 111400
A98: 44896 | B98: 561933.02 | C98: 103100

Sheet Yadkin Config
A1: Field | B1: E_Grid | C1: GlobInc | G1: Yadkin 601 kWh | P1: Yadkin 601 Insolation (Wh/m^2)
A2: Units | B2: kWh | C2: Wh/m2 | G2: 2015 | H2: 2016 | I2: 2017 | J2: 2018 | K2: 2019 | L2: 2020 | M2: 2021 | N2: 2022 | P2: 2022
A3: 42005 | B3: 349000 | C3: 90100 | F3: January | G3: 349000 | H3: 349000 | I3: =H3*0.995 -> 347255 | J3: =I3*0.995 -> 345518.72 | K3: =J3*0.995 -> 343791.13 | L3: =K3*0.995 -> 342072.18 | M3: =L3*0.995 -> 340361.81 | N3: =M3*0.995 -> 338660.01 | P3: 99200
A4: 42036 | B4: 379200 | C4: 100800 | F4: February | G4: 379200 | H4: 379200 | I4: =H4*0.995 -> 377304 | J4: =I4*0.995 -> 375417.48 | K4: =J4*0.995 -> 373540.39 | L4: =K4*0.995 -> 371672.69 | M4: =L4*0.995 -> 369814.33 | N4: =M4*0.995 -> 367965.26 | P4: 108300
A5: 42064 | B5: 508200 | C5: 139500 | F5: March | G5: 508200 | H5: 508200 | I5: =H5*0.995 -> 505659 | J5: =I5*0.995 -> 503130.71 | K5: =J5*0.995 -> 500615.05 | L5: =K5*0.995 -> 498111.98 | M5: =L5*0.995 -> 495621.42 | N5: =M5*0.995 -> 493143.31 | P5: 150000
A6: 42095 | B6: 571100 | C6: 159800 | F6: April | G6: 571100 | H6: 571100 | I6: =H6*0.995 -> 568244.5 | J6: =I6*0.995 -> 565403.28 | K6: =J6*0.995 -> 562576.26 | L6: =K6*0.995 -> 559763.38 | M6: =L6*0.995 -> 556964.56 | N6: =M6*0.995 -> 554179.74 | P6: 171200
A7: 42125 | B7: 581500 | C7: 163300 | F7: May | G7: 581500 | H7: 581500 | I7: =H7*0.995 -> 578592.5 | J7: =I7*0.995 -> 575699.54 | K7: =J7*0.995 -> 572821.04 | L7: =K7*0.995 -> 569956.93 | M7: =L7*0.995 -> 567107.15 | N7: =M7*0.995 -> 564271.61 | P7: 174100
A8: 42156 | B8: 613000 | C8: 173900 | F8: June | G8: 613000 | H8: 613000 | I8: =H8*0.995 -> 609935 | J8: =I8*0.995 -> 606885.32 | K8: =J8*0.995 -> 603850.9 | L8: =K8*0.995 -> 600831.64 | M8: =L8*0.995 -> 597827.49 | N8: =M8*0.995 -> 594838.35 | P8: 182400
A9: 42186 | B9: 621300 | C9: 176800 | F9: July | G9: 621300 | H9: 621300 | I9: =H9*0.995 -> 618193.5 | J9: =I9*0.995 -> 615102.53 | K9: =J9*0.995 -> 612027.02 | L9: =K9*0.995 -> 608966.88 | M9: =L9*0.995 -> 605922.05 | N9: =M9*0.995 -> 602892.44 | P9: 185100
A10: 42217 | B10: 605900 | C10: 171400 | F10: August | G10: 605900 | H10: 605900 | I10: =H10*0.995 -> 602870.5 | J10: =I10*0.995 -> 599856.15 | K10: =J10*0.995 -> 596856.87 | L10: =K10*0.995 -> 593872.58 | M10: =L10*0.995 -> 590903.22 | N10: =M10*0.995 -> 587948.7 | P10: 178400
A11: 42248 | B11: 500600 | C11: 139100 | D11: PIS Date | F11: September | G11: 500600 | H11: =G11*0.995 -> 498097 | I11: =H11*0.995 -> 495606.52 | J11: =I11*0.995 -> 493128.48 | K11: =J11*0.995 -> 490662.84 | L11: =K11*0.995 -> 488209.53 | M11: =L11*0.995 -> 485768.48 | N11: =M11*0.995 -> 483339.64 | P11: 146600
A12: 42278 | B12: 460400 | C12: 125500 | F12: October | G12: 460400 | H12: =G12*0.995 -> 458098 | I12: =H12*0.995 -> 455807.51 | J12: =I12*0.995 -> 453528.47 | K12: =J12*0.995 -> 451260.83 | L12: =K12*0.995 -> 449004.53 | M12: =L12*0.995 -> 446759.5 | N12: =M12*0.995 -> 444525.71 | P12: 133800
A13: 42309 | B13: 335300 | C13: 89900 | F13: November | G13: 335300 | H13: =G13*0.995 -> 333623.5 | I13: =H13*0.995 -> 331955.38 | J13: =I13*0.995 -> 330295.61 | K13: =J13*0.995 -> 328644.13 | L13: =K13*0.995 -> 327000.91 | M13: =L13*0.995 -> 325365.9 | N13: =M13*0.995 -> 323739.07 | P13: 96000
A14: 42339 | B14: 342700 | C14: 89600 | F14: December | G14: 342700 | H14: =G14*0.995 -> 340986.5 | I14: =H14*0.995 -> 339281.57 | J14: =I14*0.995 -> 337585.16 | K14: =J14*0.995 -> 335897.23 | L14: =K14*0.995 -> 334217.75 | M14: =L14*0.995 -> 332546.66 | N14: =M14*0.995 -> 330883.93 | P14: 98100
A15: 42370 | B15: 349000 | C15: 90100
A16: 42401 | B16: 379200 | C16: 100800
A17: 42430 | B17: 508200 | C17: 139500
A18: 42461 | B18: 571100 | C18: 159800
A19: 42491 | B19: 581500 | C19: 163300
A20: 42522 | B20: 613000 | C20: 173900
A21: 42552 | B21: 621300 | C21: 176800
A22: 42583 | B22: 605900 | C22: 171400
A23: 42614 | B23: =B11*0.995 -> 498097 | C23: 139100
A24: 42644 | B24: =B12*0.995 -> 458098 | C24: 125500
A25: 42675 | B25: =B13*0.995 -> 333623.5 | C25: 89900
A26: 42705 | B26: =B14*0.995 -> 340986.5 | C26: 89600
A27: 42736 | B27: =B15*0.995 -> 347255 | C27: 90100
A28: 42767 | B28: =B16*0.995 -> 377304 | C28: 100800
A29: 42795 | B29: =B17*0.995 -> 505659 | C29: 139500
A30: 42826 | B30: =B18*0.995 -> 568244.5 | C30: 159800
A31: 42856 | B31: =B19*0.995 -> 578592.5 | C31: 163300
A32: 42887 | B32: =B20*0.995 -> 609935 | C32: 173900
A33: 42917 | B33: =B21*0.995 -> 618193.5 | C33: 176800
A34: 42948 | B34: =B22*0.995 -> 602870.5 | C34: 171400
A35: 42979 | B35: =B11*0.99 -> 495594 | C35: 139100
A36: 43009 | B36: =B12*0.99 -> 455796 | C36: 125500
A37: 43040 | B37: =B13*0.99 -> 331947 | C37: 89900
A38: 43070 | B38: =B14*0.99 -> 339273 | C38: 89600
A39: 43101 | B39: =B15*0.99 -> 345510 | C39: 90100
A40: 43132 | B40: =B16*0.99 -> 375408 | C40: 100800
A41: 43160 | B41: =B17*0.99 -> 503118 | C41: 139500
A42: 43191 | B42: =B18*0.99 -> 565389 | C42: 159800
A43: 43221 | B43: =B19*0.99 -> 575685 | C43: 163300
A44: 43252 | B44: =B20*0.99 -> 606870 | C44: 173900
A45: 43282 | B45: =B21*0.99 -> 615087 | C45: 176800
A46: 43313 | B46: =B22*0.99 -> 599841 | C46: 171400
A47: 43344 | B47: =B11*0.985 -> 493091 | C47: 139100
A48: 43374 | B48: =B12*0.985 -> 453494 | C48: 125500
A49: 43405 | B49: =B13*0.985 -> 330270.5 | C49: 89900
A50: 43435 | B50: =B14*0.985 -> 337559.5 | C50: 89600
A51: 43466 | B51: =B15*0.985 -> 343765 | C51: 90100
A52: 43497 | B52: =B16*0.985 -> 373512 | C52: 100800
A53: 43525 | B53: =B17*0.985 -> 500577 | C53: 139500
A54: 43556 | B54: =B18*0.985 -> 562533.5 | C54: 159800
A55: 43586 | B55: =B19*0.985 -> 572777.5 | C55: 163300
A56: 43617 | B56: =B20*0.985 -> 603805 | C56: 173900
A57: 43647 | B57: =B21*0.985 -> 611980.5 | C57: 176800
A58: 43678 | B58: =B22*0.985 -> 596811.5 | C58: 171400
A59: 43709 | B59: =B11*0.98 -> 490588 | C59: 139100
A60: 43739 | B60: =B12*0.98 -> 451192 | C60: 125500
A61: 43770 | B61: =B13*0.98 -> 328594 | C61: 89900
A62: 43800 | B62: =B14*0.98 -> 335846 | C62: 89600
A63: 43831 | B63: =B3*0.98 -> 342020 | C63: 90100
A64: 43862 | B64: =B4*0.98 -> 371616 | C64: 100800
A65: 43891 | B65: =B5*0.98 -> 498036 | C65: 139500
A66: 43922 | B66: =B6*0.98 -> 559678 | C66: 159800
A67: 43952 | B67: =B7*0.98 -> 569870 | C67: 163300
A68: 43983 | B68: =B8*0.98 -> 600740 | C68: 173900
A69: 44013 | B69: =B9*0.98 -> 608874 | C69: 176800
A70: 44044 | B70: =B10*0.98 -> 593782 | C70: 171400
A71: 44075 | B71: =B11*0.975 -> 488085 | C71: 139100
A72: 44105 | B72: =B12*0.975 -> 448890 | C72: 125500
A73: 44136 | B73: =B13*0.975 -> 326917.5 | C73: 89900
A74: 44166 | B74: =B14*0.975 -> 334132.5 | C74: 89600
A75: 44197 | B75: =B3*0.975 -> 340275 | C75: 90100
A76: 44228 | B76: =B4*0.975 -> 369720 | C76: 100800
A77: 44256 | B77: =B5*0.975 -> 495495 | C77: 139500
A78: 44287 | B78: =B6*0.975 -> 556822.5 | C78: 159800
A79: 44317 | B79: =B7*0.975 -> 566962.5 | C79: 163300
A80: 44348 | B80: =B8*0.975 -> 597675 | C80: 173900
A81: 44378 | B81: =B9*0.975 -> 605767.5 | C81: 176800
A82: 44409 | B82: =B10*0.975 -> 590752.5 | C82: 171400
A83: 44440 | B83: =B11*0.975 -> 488085 | C83: 139100
A84: 44470 | B84: =B12*0.975 -> 448890 | C84: 125500
A85: 44501 | B85: =B13*0.975 -> 326917.5 | C85: 89900
A86: 44531 | B86: =B14*0.975 -> 334132.5 | C86: 89600
A87: 44562 | B87: 338660.01 | C87: 99200
A88: 44593 | B88: 367965.26 | C88: 108300
A89: 44621 | B89: 493143.31 | C89: 150000
A90: 44652 | B90: 554179.74 | C90: 171200
A91: 44682 | B91: 564271.61 | C91: 174100
A92: 44713 | B92: 594838.35 | C92: 182400
A93: 44743 | B93: 602892.44 | C93: 185100
A94: 44774 | B94: 587948.7 | C94: 178400
A95: 44805 | B95: 483339.64 | C95: 146600
A96: 44835 | B96: 444525.71 | C96: 133800
A97: 44866 | B97: 323739.07 | C97: 96000
A98: 44896 | B98: 330883.93 | C98: 98100
