Workbook
Name JanActual: #REF!
Name JanActual2: #REF!
Name JanExpected: #REF!
Name JanExpectedDelta: #REF!
Name JanExpectedPercent: #REF!
Name JanExpPercent: #REF!
Name JanForecasted: #REF!
Name JanForecastedDelta: #REF!
Name JanForecastedPercent: #REF!
Name portfolio: Sites!$B$1:$B$1
Name Year: Sites!#REF!

Sheet Year to Date
A1: {=portfolio} -> Renewable Properties | D1: Year to Date Actual v. Expected | G1: Year to Date Actual v. Forecasted
A2: Total | C2: =SUM(C4:C80) -> 10634871 | D2: =SUM(D4:D80) -> 10833626 | E2: =C2-D2 -> -198755.31 | F2: =IFERROR(E2/D2, 0) -> -0.018346148 | G2: =SUM(G4:G80) -> 12405692 | H2: =C2-G2 -> -1770821.3 | I2: =IFERROR(H2/G2, 0) -> -0.14274264
A3: Site | B3: State | C3: Actual | D3: Expected | E3: Delta | F3: % | G3: Forecasted | H3: Delta | I3: %
A4: {=Sites[Site]} -> Cedar Swamp Rd | B4: {=Sites[State]} -> MA | C4: =SUM('1st Qtr'!C4, '2nd Qtr'!C4, '3rd Qtr'!C4, '4th Qtr'!C4) -> 935394.5 | D4: =SUM('1st Qtr'!D4, '2nd Qtr'!D4, '3rd Qtr'!D4, '4th Qtr'!D4) -> 843652.9 | E4: =IF(AND(ISNUMBER(C4),ISNUMBER(D4)), C4-D4, "") -> 91741.597 | F4: =IFERROR(E4/D4, "") -> 0.1087433 | G4: =SUM('1st Qtr'!G4, '2nd Qtr'!G4, '3rd Qtr'!G4, '4th Qtr'!G4) -> 846549.68 | H4: =SUM('1st Qtr'!H4, '2nd Qtr'!H4, '3rd Qtr'!H4, '4th Qtr'!H4) -> 88844.816 | I4: =IFERROR(H4/G4, "") -> 0.10494932
A5: Bullis | B5: NY | C5: =SUM('1st Qtr'!C5, '2nd Qtr'!C5, '3rd Qtr'!C5, '4th Qtr'!C5) -> 5458461.5 | D5: =SUM('1st Qtr'!D5, '2nd Qtr'!D5, '3rd Qtr'!D5, '4th Qtr'!D5) -> 5413146.7 | E5: =IF(AND(ISNUMBER(C5),ISNUMBER(D5)), C5-D5, "") -> 45314.751 | F5: =IFERROR(E5/D5, "") -> 0.0083712401 | G5: =SUM('1st Qtr'!G5, '2nd Qtr'!G5, '3rd Qtr'!G5, '4th Qtr'!G5) -> 6361592.4 | H5: =SUM('1st Qtr'!H5, '2nd Qtr'!H5, '3rd Qtr'!H5, '4th Qtr'!H5) -> -903130.86 | I5: =IFERROR(H5/G5, "") -> -0.14196616
A6: Rock Island | B6: NY | C6: =SUM('1st Qtr'!C6, '2nd Qtr'!C6, '3rd Qtr'!C6, '4th Qtr'!C6) -> 4241015 | D6: =SUM('1st Qtr'!D6, '2nd Qtr'!D6, '3rd Qtr'!D6, '4th Qtr'!D6) -> 4576826.7 | E6: =IF(AND(ISNUMBER(C6),ISNUMBER(D6)), C6-D6, "") -> -335811.66 | F6: =IFERROR(E6/D6, "") -> -0.073372161 | G6: =SUM('1st Qtr'!G6, '2nd Qtr'!G6, '3rd Qtr'!G6, '4th Qtr'!G6) -> 5197550.3 | H6: =SUM('1st Qtr'!H6, '2nd Qtr'!H6, '3rd Qtr'!H6, '4th Qtr'!H6) -> -956535.27 | I6: =IFERROR(H6/G6, "") -> -0.18403579
A7: Slayton A & B | B7: NY | C7: =SUM('1st Qtr'!C7, '2nd Qtr'!C7, '3rd Qtr'!C7, '4th Qtr'!C7) -> 0 | D7: =SUM('1st Qtr'!D7, '2nd Qtr'!D7, '3rd Qtr'!D7, '4th Qtr'!D7) -> 0 | E7: =IF(AND(ISNUMBER(C7),ISNUMBER(D7)), C7-D7, "") -> 0 | F7: =IFERROR(E7/D7, "") | G7: =SUM('1st Qtr'!G7, '2nd Qtr'!G7, '3rd Qtr'!G7, '4th Qtr'!G7) -> 0 | H7: =SUM('1st Qtr'!H7, '2nd Qtr'!H7, '3rd Qtr'!H7, '4th Qtr'!H7) -> 0 | I7: =IFERROR(H7/G7, "")

Sheet 1st Qtr
A1: {=portfolio} -> Renewable Properties | D1: 1st Quarter Actual v. Expected | G1: 1st Quarter Actual v. Forecasted
A2: Total | C2: =SUM(C4:C80) -> 1856728 | D2: =SUM(D4:D80) -> 1943166.5 | E2: =C2-D2 -> -86438.505 | F2: =IFERROR(E2/D2, 0) -> -0.044483324 | G2: =SUM(G4:G80) -> 2565446.5 | H2: =C2-G2 -> -708718.45 | I2: =IFERROR(H2/G2, 0) -> -0.27625541
A3: Site | B3: State | C3: Actual | D3: Expected | E3: Delta | F3: % | G3: Forecasted | H3: Delta | I3: %
A4: {=Sites[Site]} -> Cedar Swamp Rd | B4: {=Sites[State]} -> MA | C4: =SUM(Jan!C4, Feb!C4, Mar!C4) -> 229797.5 | D4: =SUM(Jan!D4, Feb!D4, Mar!D4) -> 205242.88 | E4: =IF(AND(ISNUMBER(C4),ISNUMBER(D4)), C4-D4, "") -> 24554.624 | F4: =IFERROR(E4/D4, "") -> 0.11963691 | G4: =SUM(Jan!G4, Feb!G4, Mar!G4) -> 205591.58 | H4: =SUM(Jan!H4, Feb!H4, Mar!H4) -> 24205.92 | I4: =IFERROR(H4/G4, "") -> 0.1177379
A5: Bullis | B5: NY | C5: =SUM(Jan!C5, Feb!C5, Mar!C5) -> 1076204 | D5: =SUM(Jan!D5, Feb!D5, Mar!D5) -> 1128123.1 | E5: =IF(AND(ISNUMBER(C5),ISNUMBER(D5)), C5-D5, "") -> -51919.082 | F5: =IFERROR(E5/D5, "") -> -0.046022533 | G5: =SUM(Jan!G5, Feb!G5, Mar!G5) -> 1369235.9 | H5: =SUM(Jan!H5, Feb!H5, Mar!H5) -> -293031.95 | I5: =IFERROR(H5/G5, "") -> -0.21401129
A6: Rock Island | B6: NY | C6: =SUM(Jan!C6, Feb!C6, Mar!C6) -> 550726.5 | D6: =SUM(Jan!D6, Feb!D6, Mar!D6) -> 609800.55 | E6: =IF(AND(ISNUMBER(C6),ISNUMBER(D6)), C6-D6, "") -> -59074.047 | F6: =IFERROR(E6/D6, "") -> -0.096874375 | G6: =SUM(Jan!G6, Feb!G6, Mar!G6) -> 990618.92 | H6: =SUM(Jan!H6, Feb!H6, Mar!H6) -> -439892.42 | I6: =IFERROR(H6/G6, "") -> -0.44405817
A7: Slayton A & B | B7: NY | C7: =SUM(Jan!C7, Feb!C7, Mar!C7) -> 0 | D7: =SUM(Jan!D7, Feb!D7, Mar!D7) -> 0 | E7: =IF(AND(ISNUMBER(C7),ISNUMBER(D7)), C7-D7, "") -> 0 | F7: =IFERROR(E7/D7, "") | G7: =SUM(Jan!G7, Feb!G7, Mar!G7) -> 0 | H7: =SUM(Jan!H7, Feb!H7, Mar!H7) -> 0 | I7: =IFERROR(H7/G7, "")

Sheet 2nd Qtr
A1: {=portfolio} -> Renewable Properties | D1: 2nd Quarter Actual v. Expected | G1: 2nd Quarter Actual v. Forecasted
A2: Total | C2: =SUM(C4:C80) -> 5018618 | D2: =SUM(D4:D80) -> 5107908.1 | E2: =C2-D2 -> -89290.111 | F2: =IFERROR(E2/D2, 0) -> -0.017480759 | G2: =SUM(G4:G80) -> 5594569.6 | H2: =C2-G2 -> -575951.56 | I2: =IFERROR(H2/G2, 0) -> -0.10294832
A3: Site | B3: State | C3: Actual | D3: Expected | E3: Delta | F3: % | G3: Forecasted | H3: Delta | I3: %
A4: {=Sites[Site]} -> Cedar Swamp Rd | B4: {=Sites[State]} -> MA | C4: =SUM(Apr!C4, May!C4, Jun!C4) -> 418829 | D4: =SUM(Apr!D4, May!D4, Jun!D4) -> 374872.33 | E4: =IF(AND(ISNUMBER(C4),ISNUMBER(D4)), C4-D4, "") -> 43956.67 | F4: =IFERROR(E4/D4, "") -> 0.11725771 | G4: =SUM(Apr!G4, May!G4, Jun!G4) -> 324449.8 | H4: =SUM(Apr!H4, May!H4, Jun!H4) -> 94379.196 | I4: =IFERROR(H4/G4, "") -> 0.29088998
A5: Bullis | B5: NY | C5: =SUM(Apr!C5, May!C5, Jun!C5) -> 2515514 | D5: =SUM(Apr!D5, May!D5, Jun!D5) -> 2470642.7 | E5: =IF(AND(ISNUMBER(C5),ISNUMBER(D5)), C5-D5, "") -> 44871.333 | F5: =IFERROR(E5/D5, "") -> 0.018161806 | G5: =SUM(Apr!G5, May!G5, Jun!G5) -> 2874886.4 | H5: =SUM(Apr!H5, May!H5, Jun!H5) -> -359372.41 | I5: =IFERROR(H5/G5, "") -> -0.12500404
A6: Rock Island | B6: NY | C6: =SUM(Apr!C6, May!C6, Jun!C6) -> 2084275 | D6: =SUM(Apr!D6, May!D6, Jun!D6) -> 2262393.1 | E6: =IF(AND(ISNUMBER(C6),ISNUMBER(D6)), C6-D6, "") -> -178118.11 | F6: =IFERROR(E6/D6, "") -> -0.078729958 | G6: =SUM(Apr!G6, May!G6, Jun!G6) -> 2395233.3 | H6: =SUM(Apr!H6, May!H6, Jun!H6) -> -310958.35 | I6: =IFERROR(H6/G6, "") -> -0.12982382
A7: Slayton A & B | B7: NY | C7: =SUM(Apr!C7, May!C7, Jun!C7) -> 0 | D7: =SUM(Apr!D7, May!D7, Jun!D7) -> 0 | E7: =IF(AND(ISNUMBER(C7),ISNUMBER(D7)), C7-D7, "") -> 0 | F7: =IFERROR(E7/D7, "") | G7: =G9 -> 0 | H7: =SUM(Apr!H7, May!H7, Jun!H7) -> 0 | I7: =IFERROR(H7/G7, "")

Sheet 3rd Qtr
A1: {=portfolio} -> Renewable Properties | D1: 3rd Quarter Actual v. Expected | G1: 3rd Quarter Actual v. Forecasted
A2: Total | C2: =SUM(C4:C80) -> 3759525 | D2: =SUM(D4:D80) -> 3782551.7 | E2: =C2-D2 -> -23026.697 | F2: =IFERROR(E2/D2, 0) -> -0.0060876093 | G2: =SUM(G4:G80) -> 4245676.3 | H2: =C2-G2 -> -486151.3 | I2: =IFERROR(H2/G2, 0) -> -0.11450503
A3: Site | B3: State | C3: Actual | D3: Expected | E3: Delta | F3: % | G3: Forecasted | H3: Delta | I3: %
A4: {=Sites[Site]} -> Cedar Swamp Rd | B4: {=Sites[State]} -> MA | C4: =SUM(Jul!C4, Aug!C4, Sep!C4) -> 286768 | D4: =SUM(Jul!D4, Aug!D4, Sep!D4) -> 263537.7 | E4: =IF(AND(ISNUMBER(C4),ISNUMBER(D4)), C4-D4, "") -> 23230.303 | F4: =IFERROR(E4/D4, "") -> 0.088147932 | G4: =SUM(Jul!G4, Aug!G4, Sep!G4) -> 316508.3 | H4: =SUM(Jul!H4, Aug!H4, Sep!H4) -> -29740.3 | I4: =IFERROR(H4/G4, "") -> -0.093963729
A5: Bullis | B5: NY | C5: =SUM(Jul!C5, Aug!C5, Sep!C5) -> 1866743.5 | D5: =SUM(Jul!D5, Aug!D5, Sep!D5) -> 1814381 | E5: =IF(AND(ISNUMBER(C5),ISNUMBER(D5)), C5-D5, "") -> 52362.5 | F5: =IFERROR(E5/D5, "") -> 0.028859705 | G5: =SUM(Jul!G5, Aug!G5, Sep!G5) -> 2117470 | H5: =SUM(Jul!H5, Aug!H5, Sep!H5) -> -250726.5 | I5: =IFERROR(H5/G5, "") -> -0.11840853
A6: Rock Island | B6: NY | C6: =SUM(Jul!C6, Aug!C6, Sep!C6) -> 1606013.5 | D6: =SUM(Jul!D6, Aug!D6, Sep!D6) -> 1704633 | E6: =IF(AND(ISNUMBER(C6),ISNUMBER(D6)), C6-D6, "") -> -98619.5 | F6: =IFERROR(E6/D6, "") -> -0.057853802 | G6: =SUM(Jul!G6, Aug!G6, Sep!G6) -> 1811698 | H6: =SUM(Jul!H6, Aug!H6, Sep!H6) -> -205684.5 | I6: =IFERROR(H6/G6, "") -> -0.11353134
A7: Slayton A & B | B7: NY | C7: =SUM(Jul!C7, Aug!C7, Sep!C7) -> 0 | D7: =SUM(Jul!D7, Aug!D7, Sep!D7) -> 0 | E7: =IF(AND(ISNUMBER(C7),ISNUMBER(D7)), C7-D7, "") -> 0 | F7: =IFERROR(E7/D7, "") | G7: =SUM(Jul!G7, Aug!G7, Sep!G7) -> 0 | H7: =SUM(Jul!H7, Aug!H7, Sep!H7) -> 0 | I7: =IFERROR(H7/G7, "")

Sheet 4th Qtr
A1: {=portfolio} -> Renewable Properties | D1: 4th Quarter Actual v. Expected | G1: 4th Quarter Actual v. Forecasted
A2: Total | C2: =SUM(C4:C80) -> 0 | D2: =SUM(D4:D80) -> 0 | E2: =C2-D2 -> 0 | F2: =IFERROR(E2/D2, 0) -> 0 | G2: =SUM(G4:G80) -> 0 | H2: =C2-G2 -> 0 | I2: =IFERROR(H2/G2, 0) -> 0
A3: Site | B3: State | C3: Actual | D3: Expected | E3: Delta | F3: % | G3: Forecasted | H3: Delta | I3: %
A4: {=Sites[Site]} -> Cedar Swamp Rd | B4: {=Sites[State]} -> MA | C4: =SUM(Oct!C4, Nov!C4, Dec!C4) -> 0 | D4: =SUM(Oct!D4, Nov!D4, Dec!D4) -> 0 | E4: =IF(AND(ISNUMBER(C4),ISNUMBER(D4)), C4-D4, "") -> 0 | F4: =IFERROR(E4/D4, "") | H4: =SUM(Oct!H4, Nov!H4, Dec!H4) -> 0 | I4: =IFERROR(H4/G4, "")
A5: Bullis | B5: NY | C5: =SUM(Oct!C5, Nov!C5, Dec!C5) -> 0 | D5: =SUM(Oct!D5, Nov!D5, Dec!D5) -> 0 | E5: =IF(AND(ISNUMBER(C5),ISNUMBER(D5)), C5-D5, "") -> 0 | F5: =IFERROR(E5/D5, "") | H5: =SUM(Oct!H5, Nov!H5, Dec!H5) -> 0 | I5: =IFERROR(H5/G5, "")
A6: Rock Island | B6: NY | C6: =SUM(Oct!C6, Nov!C6, Dec!C6) -> 0 | D6: =SUM(Oct!D6, Nov!D6, Dec!D6) -> 0 | E6: =IF(AND(ISNUMBER(C6),ISNUMBER(D6)), C6-D6, "") -> 0 | F6: =IFERROR(E6/D6, "") | H6: =SUM(Oct!H6, Nov!H6, Dec!H6) -> 0 | I6: =IFERROR(H6/G6, "")
A7: Slayton A & B | B7: NY | C7: =SUM(Oct!C7, Nov!C7, Dec!C7) -> 0 | D7: =SUM(Oct!D7, Nov!D7, Dec!D7) -> 0 | E7: =IF(AND(ISNUMBER(C7),ISNUMBER(D7)), C7-D7, "") -> 0 | F7: =IFERROR(E7/D7, "") | H7: =SUM(Oct!H7, Nov!H7, Dec!H7) -> 0 | I7: =IFERROR(H7/G7, "")

Sheet Jan
A1: {=portfolio} -> Renewable Properties | D1: January Actual v. Expected | G1: January Actual v. Forecasted
A2: Total | C2: =SUM(C4:C79) -> 149017 | D2: =SUM(D4:D79) -> 187289.57 | E2: =C2-D2 -> -38272.57 | F2: =IFERROR(E2/D2, 0) -> -0.20434971 | G2: =SUM(G4:G79) -> 307259.67 | H2: =C2-G2 -> -158242.67 | I2: =IFERROR(H2/G2, 0) -> -0.51501282 | J2: =IF(AND(TODAY()>DATE(2024, 1, 1), COUNTA(Sites[Site])<>(COUNT(C:C)-1)), "Some sites are missing actual data; if new sites were added, make sure they are aligned correctly (including prior months!)", "") -> Some sites are missing actual data; if new sites were added, make sure they are aligned correctly (including prior months!)
A3: Site | B3: State | C3: Actual | D3: Expected | E3: Delta | F3: % | G3: Forecasted | H3: Delta | I3: % | J3: Notes | K3: Service Requests
A4: {=Sites[Site]} -> Cedar Swamp Rd | B4: {=Sites[State]} -> MA | C4: 47147 | D4: 40450.07 | E4: =IF(AND(ISNUMBER(C4),ISNUMBER(D4)), C4-D4, "") -> 6696.93 | F4: =IFERROR(E4/D4, "") -> 0.16556041 | G4: 41873.17 | H4: =IF(AND(ISNUMBER(C4),ISNUMBER(G4)), C4-G4, "") -> 5273.83 | I4: =IFERROR(H4/G4, "") -> 0.12594771 | J4: 1.Site tripped offline on 01/10/2024 at 01:31 & back online at 08:45 | K4: 1.SR080111
A5: Bullis | B5: NY | C5: 101870 | D5: 146839.5 | E5: =IF(AND(ISNUMBER(C5),ISNUMBER(D5)), C5-D5, "") -> -44969.5 | F5: =IFERROR(E5/D5, "") -> -0.30624934 | G5: 265386.5 | H5: =IF(AND(ISNUMBER(C5),ISNUMBER(G5)), C5-G5, "") -> -163516.5 | I5: =IFERROR(H5/G5, "") -> -0.61614475 | J5: 1. Site tripped offline on 01/09/2024 at 14:30 & back online on 01/12/2024 at 17:00. 2. Inverter 2 tripped offline on 01/24/2024 at 14:00 & back online on 01/25 at 10:00 | K5: 1. SR080100 2. SR080446
A6: Rock Island | B6: NY | C6: 0 | D6: 0 | E6: =IF(AND(ISNUMBER(C6),ISNUMBER(D6)), C6-D6, "") -> 0 | F6: =IFERROR(E6/D6, "") | G6: 0 | H6: =IF(AND(ISNUMBER(C6),ISNUMBER(G6)), C6-G6, "") -> 0 | I6: =IFERROR(H6/G6, "") | J6: 1. Site came back online from 02/29/2024 | K6: 1. SR079012
A7: Slayton A & B | B7: NY | E7: =IF(AND(ISNUMBER(C7),ISNUMBER(D7)), C7-D7, "") | F7: =IFERROR(E7/D7, "") | H7: =IF(AND(ISNUMBER(C7),ISNUMBER(G7)), C7-G7, "") | I7: =IFERROR(H7/G7, "")

Sheet Feb
A1: {=portfolio} -> Renewable Properties | D1: February Actual v. Expected | G1: February Actual v. Forecasted
A2: Total | C2: =SUM(C4:C80) -> 471859.25 | D2: =SUM(D4:D80) -> 471378.99 | E2: =C2-D2 -> 480.2569 | F2: =IFERROR(E2/D2, 0) -> 0.0010188339 | G2: =SUM(G4:G80) -> 868712.31 | H2: =C2-G2 -> -396853.06 | I2: =IFERROR(H2/G2, 0) -> -0.4568291 | J2: =IF(AND(TODAY()>DATE(2024, 2, 1), COUNTA(Sites[Site])<>(COUNT(C:C)-1)), "Some sites are missing actual data; if new sites were added, make sure they are aligned correctly (including prior months!)", "") -> Some sites are missing actual data; if new sites were added, make sure they are aligned correctly (including prior months!)
A3: Site | B3: State | C3: Actual | D3: Expected | E3: Delta | F3: % | G3: Forecasted | H3: Delta | I3: % | J3: Notes | K3: Service Requests
A4: {=Sites[Site]} -> Cedar Swamp Rd | B4: {=Sites[State]} -> MA | C4: 73050.75 | D4: 73781.2 | E4: =IF(AND(ISNUMBER(C4),ISNUMBER(D4)), C4-D4, "") -> -730.45 | F4: =IFERROR(E4/D4, "") -> -0.0099002185 | G4: 55312.41 | H4: =IF(AND(ISNUMBER(C4),ISNUMBER(G4)), C4-G4, "") -> 17738.34 | I4: =IFERROR(H4/G4, "") -> 0.32069367 | J4: 1. Site tripped offline 2 times on 02/27 due to battery & SEL relay settings and got autoreclosed on same day. | K4: 1. SR080479
A5: Bullis | B5: NY | C5: 398240 | D5: 396786.5 | E5: =IF(AND(ISNUMBER(C5),ISNUMBER(D5)), C5-D5, "") -> 1453.5 | F5: =IFERROR(E5/D5, "") -> 0.0036631791 | G5: 423644.5 | H5: =IF(AND(ISNUMBER(C5),ISNUMBER(G5)), C5-G5, "") -> -25404.5 | I5: =IFERROR(H5/G5, "") -> -0.059966552 | J5: 1. Site is underproducing due to broken modules. 23 modules being replaced | K5: 1. SR080479
A6: Rock Island | B6: NY | C6: 568.5 | D6: 811.2931 | E6: =IF(AND(ISNUMBER(C6),ISNUMBER(D6)), C6-D6, "") -> -242.7931 | F6: =IFERROR(E6/D6, "") -> -0.29926681 | G6: 389755.4 | H6: =IF(AND(ISNUMBER(C6),ISNUMBER(G6)), C6-G6, "") -> -389186.9 | I6: =IFERROR(H6/G6, "") -> -0.99854139 | J6: 1. Site came back online from 02/29/2024 | K6: 1. SR079138,SR079012
A7: Slayton A & B | B7: NY | E7: =IF(AND(ISNUMBER(C7),ISNUMBER(D7)), C7-D7, "") | F7: =IFERROR(E7/D7, "") | H7: =IF(AND(ISNUMBER(C7),ISNUMBER(G7)), C7-G7, "") | I7: =IFERROR(H7/G7, "")

Sheet Mar
A1: {=portfolio} -> Renewable Properties | D1: March Actual v. Expected | G1: March Actual v. Forecasted
A2: Total | C2: =SUM(C4:C80) -> 1235851.8 | D2: =SUM(D4:D80) -> 1284497.9 | E2: =C2-D2 -> -48646.192 | F2: =IFERROR(E2/D2, 0) -> -0.037871756 | G2: =SUM(G4:G80) -> 1389474.5 | H2: =C2-G2 -> -153622.72 | I2: =IFERROR(H2/G2, 0) -> -0.11056174 | J2: =IF(AND(TODAY()>DATE(2024, 3, 1), COUNTA(Sites[Site])<>(COUNT(C:C)-1)), "Some sites are missing actual data; if new sites were added, make sure they are aligned correctly (including prior months!)", "") -> Some sites are missing actual data; if new sites were added, make sure they are aligned correctly (including prior months!)
A3: Site | B3: State | C3: Actual | D3: Expected | E3: Delta | F3: % | G3: Forecasted | H3: Delta | I3: % | J3: Notes | K3: Service Requests
A4: {=Sites[Site]} -> Cedar Swamp Rd | B4: {=Sites[State]} -> MA | C4: 109599.75 | D4: 91011.606 | E4: =IF(AND(ISNUMBER(C4),ISNUMBER(D4)), C4-D4, "") -> 18588.144 | F4: =IFERROR(E4/D4, "") -> 0.20423927 | G4: 108406 | H4: =IF(AND(ISNUMBER(C4),ISNUMBER(G4)), C4-G4, "") -> 1193.75 | I4: =IFERROR(H4/G4, "") -> 0.011011844
A5: Bullis | B5: NY | C5: 576094 | D5: 584497.08 | E5: =IF(AND(ISNUMBER(C5),ISNUMBER(D5)), C5-D5, "") -> -8403.082 | F5: =IFERROR(E5/D5, "") -> -0.014376602 | G5: 680204.95 | H5: =IF(AND(ISNUMBER(C5),ISNUMBER(G5)), C5-G5, "") -> -104110.95 | I5: =IFERROR(H5/G5, "") -> -0.15305821 | J5: 1. Site was offline from 07:00 to 15:15 on 03/20/2024. | K5: 1.SR082491
A6: Rock Island | B6: NY | C6: 550158 | D6: 608989.25 | E6: =IF(AND(ISNUMBER(C6),ISNUMBER(D6)), C6-D6, "") -> -58831.254 | F6: =IFERROR(E6/D6, "") -> -0.096604749 | G6: 600863.52 | H6: =IF(AND(ISNUMBER(C6),ISNUMBER(G6)), C6-G6, "") -> -50705.52 | I6: =IFERROR(H6/G6, "") -> -0.084387749 | J6: 1. inverters 22,23,24,25,26,27, and 28 are underproducing from 12 pm to the end of the day on 03/11, 03/12 , 03/13, & continued from 03/24 throughout the month. | K6: 1.SR081903
A7: Slayton A & B | B7: NY | E7: =IF(AND(ISNUMBER(C7),ISNUMBER(D7)), C7-D7, "") | F7: =IFERROR(E7/D7, "") | H7: =IF(AND(ISNUMBER(C7),ISNUMBER(G7)), C7-G7, "") | I7: =IFERROR(H7/G7, "")

Sheet Apr
A1: {=portfolio} -> Renewable Properties | D1: April Actual v. Expected | G1: April Actual v. Forecasted
A2: Total | C2: =SUM(C4:C80) -> 1380687.8 | D2: =SUM(D4:D80) -> 1419143.5 | E2: =C2-D2 -> -38455.759 | F2: =IFERROR(E2/D2, 0) -> -0.027097865 | G2: =SUM(G4:G80) -> 1605825.8 | H2: =C2-G2 -> -225138.06 | I2: =IFERROR(H2/G2, 0) -> -0.1402008 | J2: =IF(AND(TODAY()>DATE(2024, 4, 1), COUNTA(Sites[Site])<>(COUNT(C:C)-1)), "Some sites are missing actual data; if new sites were added, make sure they are aligned correctly (including prior months!)", "") -> Some sites are missing actual data; if new sites were added, make sure they are aligned correctly (including prior months!)
A3: Site | B3: State | C3: Actual | D3: Expected | E3: Delta | F3: % | G3: Forecasted | H3: Delta | I3: % | J3: Notes | K3: Service Requests
A4: {=Sites[Site]} -> Cedar Swamp Rd | B4: {=Sites[State]} -> MA | C4: 131405.25 | D4: 110454.16 | E4: =IF(AND(ISNUMBER(C4),ISNUMBER(D4)), C4-D4, "") -> 20951.09 | F4: =IFERROR(E4/D4, "") -> 0.18968131 | G4: 118284.37 | H4: =IF(AND(ISNUMBER(C4),ISNUMBER(G4)), C4-G4, "") -> 13120.878 | I4: =IFERROR(H4/G4, "") -> 0.11092656
A5: Bullis | B5: NY | C5: 644409 | D5: 637554.68 | E5: =IF(AND(ISNUMBER(C5),ISNUMBER(D5)), C5-D5, "") -> 6854.323 | F5: =IFERROR(E5/D5, "") -> 0.010750957 | G5: 825963.54 | H5: =IF(AND(ISNUMBER(C5),ISNUMBER(G5)), C5-G5, "") -> -181554.54 | I5: =IFERROR(H5/G5, "") -> -0.21980939
A6: Rock Island | B6: NY | C6: 604873.5 | D6: 671134.67 | E6: =IF(AND(ISNUMBER(C6),ISNUMBER(D6)), C6-D6, "") -> -66261.172 | F6: =IFERROR(E6/D6, "") -> -0.098730068 | G6: 661577.9 | H6: =IF(AND(ISNUMBER(C6),ISNUMBER(G6)), C6-G6, "") -> -56704.4 | I6: =IFERROR(H6/G6, "") -> -0.085710844 | J6: 1. Site tripped offline at 09:50 on 04/11 & back online 04/12. 2.Inverters 22,23,24,25,26,27, and 28 are underproducing from 12 pm most of the days till 04/16 | K6: 1.SR083325 2.SR081903
A7: Slayton A & B | B7: NY | E7: =IF(AND(ISNUMBER(C7),ISNUMBER(D7)), C7-D7, "") | F7: =IFERROR(E7/D7, "") | H7: =IF(AND(ISNUMBER(C7),ISNUMBER(G7)), C7-G7, "") | I7: =IFERROR(H7/G7, "")

Sheet May
A1: {=portfolio} -> Renewable Properties | D1: May Actual v. Expected | G1: May Actual v. Forecasted
A2: Total | C2: =SUM(C4:C80) -> 1816311.5 | D2: =SUM(D4:D80) -> 1852204.1 | E2: =C2-D2 -> -35892.602 | F2: =IFERROR(E2/D2, 0) -> -0.019378319 | G2: =SUM(G4:G80) -> 1909320.7 | H2: =C2-G2 -> -93009.152 | I2: =IFERROR(H2/G2, 0) -> -0.048713217 | J2: =IF(AND(TODAY()>DATE(2024, 5, 1), COUNTA(Sites[Site])<>(COUNT(C:C)-1)), "Some sites are missing actual data; if new sites were added, make sure they are aligned correctly (including prior months!)", "") -> Some sites are missing actual data; if new sites were added, make sure they are aligned correctly (including prior months!)
A3: Site | B3: State | C3: Actual | D3: Expected | E3: Delta | F3: % | G3: Forecasted | H3: Delta | I3: % | J3: Notes | K3: Service Requests
A4: {=Sites[Site]} -> Cedar Swamp Rd | B4: {=Sites[State]} -> MA | C4: 122900 | D4: 107134.67 | E4: =IF(AND(ISNUMBER(C4),ISNUMBER(D4)), C4-D4, "") -> 15765.33 | F4: =IFERROR(E4/D4, "") -> 0.14715432 | G4: 49888.032 | H4: =IF(AND(ISNUMBER(C4),ISNUMBER(G4)), C4-G4, "") -> 73011.968 | I4: =IFERROR(H4/G4, "") -> 1.4635167
A5: Bullis | B5: NY | C5: 966814 | D5: 954212.39 | E5: =IF(AND(ISNUMBER(C5),ISNUMBER(D5)), C5-D5, "") -> 12601.61 | F5: =IFERROR(E5/D5, "") -> 0.013206295 | G5: 999785.87 | H5: =IF(AND(ISNUMBER(C5),ISNUMBER(G5)), C5-G5, "") -> -32971.87 | I5: =IFERROR(H5/G5, "") -> -0.032978932
A6: Rock Island | B6: NY | C6: 726597.5 | D6: 790857.04 | E6: =IF(AND(ISNUMBER(C6),ISNUMBER(D6)), C6-D6, "") -> -64259.542 | F6: =IFERROR(E6/D6, "") -> -0.081253044 | G6: 859646.75 | H6: =IF(AND(ISNUMBER(C6),ISNUMBER(G6)), C6-G6, "") -> -133049.25 | I6: =IFERROR(H6/G6, "") -> -0.154772 | J6: 1. Site tripped offline at 06:15AM on 05/25 and back online on 05/28 at 08:40 AM. | K6: 1.SR085147
A7: Slayton A & B | B7: NY | E7: =IF(AND(ISNUMBER(C7),ISNUMBER(D7)), C7-D7, "") | F7: =IFERROR(E7/D7, "") | H7: =IF(AND(ISNUMBER(C7),ISNUMBER(G7)), C7-G7, "") | I7: =IFERROR(H7/G7, "")

Sheet Jun
A1: {=portfolio} -> Renewable Properties | D1: June Actual v. Expected | G1: June Actual v. Forecasted
A2: Total | C2: =SUM(C4:C80) -> 1821618.8 | D2: =SUM(D4:D80) -> 1836560.5 | E2: =C2-D2 -> -14941.75 | F2: =IFERROR(E2/D2, 0) -> -0.0081357244 | G2: =SUM(G4:G80) -> 2079423.1 | H2: =C2-G2 -> -257804.35 | I2: =IFERROR(H2/G2, 0) -> -0.12397879 | J2: =IF(AND(TODAY()>DATE(2024, 6, 1), COUNTA(Sites[Site])<>(COUNT(C:C)-1)), "Some sites are missing actual data; if new sites were added, make sure they are aligned correctly (including prior months!)", "") -> Some sites are missing actual data; if new sites were added, make sure they are aligned correctly (including prior months!)
A3: Site | B3: State | C3: Actual | D3: Expected | E3: Delta | F3: % | G3: Forecasted | H3: Delta | I3: % | J3: Notes | K3: Service Requests
A4: {=Sites[Site]} -> Cedar Swamp Rd | B4: {=Sites[State]} -> MA | C4: 164523.75 | D4: 157283.5 | E4: =IF(AND(ISNUMBER(C4),ISNUMBER(D4)), C4-D4, "") -> 7240.25 | F4: =IFERROR(E4/D4, "") -> 0.046033119 | G4: 156277.4 | H4: =IF(AND(ISNUMBER(C4),ISNUMBER(G4)), C4-G4, "") -> 8246.35 | I4: =IFERROR(H4/G4, "") -> 0.052767387
A5: Bullis | B5: NY | C5: 904291 | D5: 878875.6 | E5: =IF(AND(ISNUMBER(C5),ISNUMBER(D5)), C5-D5, "") -> 25415.4 | F5: =IFERROR(E5/D5, "") -> 0.028918086 | G5: 1049137 | H5: =IF(AND(ISNUMBER(C5),ISNUMBER(G5)), C5-G5, "") -> -144846 | I5: =IFERROR(H5/G5, "") -> -0.13806205 | J5: 1. Site tripped offline from 22:45 on 06/05 and back online at 08:30 on 06/06 2. Inverters 2,20,21 are underperforming compared to its peers 10 kW each and resolved on 06/27. | K5: 1. SR085608 2. SR086331
A6: Rock Island | B6: NY | C6: 752804 | D6: 800401.4 | E6: =IF(AND(ISNUMBER(C6),ISNUMBER(D6)), C6-D6, "") -> -47597.4 | F6: =IFERROR(E6/D6, "") -> -0.059466912 | G6: 874008.7 | H6: =IF(AND(ISNUMBER(C6),ISNUMBER(G6)), C6-G6, "") -> -121204.7 | I6: =IFERROR(H6/G6, "") -> -0.13867677 | J6: 1. Inverter 23 is started to overheat and underperforming 40kW from 10:00AM on 06/17 and resolved on 06/18. 2. Site tripped offline from 02:00AM on 06/24 and back online at 07:30 on 06/25 | K6: 1. SR086327 2. SR086819
A7: Slayton A & B | B7: NY | E7: =IF(AND(ISNUMBER(C7),ISNUMBER(D7)), C7-D7, "") | F7: =IFERROR(E7/D7, "") | H7: =IF(AND(ISNUMBER(C7),ISNUMBER(G7)), C7-G7, "") | I7: =IFERROR(H7/G7, "")

Sheet Jul
A1: {=portfolio} -> Renewable Properties | D1: July Actual v. Expected | G1: July Actual v. Forecasted
A2: Total | C2: =SUM(C4:C80) -> 2077427 | D2: =SUM(D4:D80) -> 2106041 | E2: =C2-D2 -> -28614 | F2: =IFERROR(E2/D2, 0) -> -0.01358663 | G2: =SUM(G4:G80) -> 2252977.3 | H2: =C2-G2 -> -175550.3 | I2: =IFERROR(H2/G2, 0) -> -0.077919249 | J2: =IF(AND(TODAY()>DATE(2024, 7, 1), COUNTA(Sites[Site])<>(COUNT(C:C)-1)), "Some sites are missing actual data; if new sites were added, make sure they are aligned correctly (including prior months!)", "") -> Some sites are missing actual data; if new sites were added, make sure they are aligned correctly (including prior months!)
A3: Site | B3: State | C3: Actual | D3: Expected | E3: Delta | F3: % | G3: Forecasted | H3: Delta | I3: % | J3: Notes | K3: Service Requests
A4: {=Sites[Site]} -> Cedar Swamp Rd | B4: {=Sites[State]} -> MA | C4: 141198 | D4: 129239 | E4: =IF(AND(ISNUMBER(C4),ISNUMBER(D4)), C4-D4, "") -> 11959 | F4: =IFERROR(E4/D4, "") -> 0.092533987 | G4: 163816.3 | H4: =IF(AND(ISNUMBER(C4),ISNUMBER(G4)), C4-G4, "") -> -22618.3 | I4: =IFERROR(H4/G4, "") -> -0.13807112
A5: Bullis | B5: NY | C5: 1063971.5 | D5: 1030113 | E5: =IF(AND(ISNUMBER(C5),ISNUMBER(D5)), C5-D5, "") -> 33858.5 | F5: =IFERROR(E5/D5, "") -> 0.032868724 | G5: 1120156 | H5: =IF(AND(ISNUMBER(C5),ISNUMBER(G5)), C5-G5, "") -> -56184.5 | I5: =IFERROR(H5/G5, "") -> -0.050157746 | J5: 1.Inverter 8 has started to derate by approximately 25 kW and also inverter having some rapid tripping events during high irradiance from 07/08. 2.Site tripped offline at 15:00PM on 07/15 and back online at 16:45PM on 07/15. | K5: 1.SR087484 2.SR087726
A6: Rock Island | B6: NY | C6: 872257.5 | D6: 946689 | E6: =IF(AND(ISNUMBER(C6),ISNUMBER(D6)), C6-D6, "") -> -74431.5 | F6: =IFERROR(E6/D6, "") -> -0.078622969 | G6: 969005 | H6: =IF(AND(ISNUMBER(C6),ISNUMBER(G6)), C6-G6, "") -> -96747.5 | I6: =IFERROR(H6/G6, "") -> -0.099842106 | J6: 1.Inverter 1 offline from 07/02 and back online on 07/25. | K6: 1.SR087306,SR088250
A7: Slayton A & B | B7: NY | E7: =IF(AND(ISNUMBER(C7),ISNUMBER(D7)), C7-D7, "") | F7: =IFERROR(E7/D7, "") | H7: =IF(AND(ISNUMBER(C7),ISNUMBER(G7)), C7-G7, "") | I7: =IFERROR(H7/G7, "")

Sheet Aug
A1: {=portfolio} -> Renewable Properties | D1: August Actual v. Expected | G1: August Actual v. Forecasted
A2: Total | C2: =SUM(C4:C80) -> 1682098 | D2: =SUM(D4:D80) -> 1676510.7 | E2: =C2-D2 -> 5587.303 | F2: =IFERROR(E2/D2, 0) -> 0.0033326975 | G2: =SUM(G4:G80) -> 1992699 | H2: =C2-G2 -> -310601 | I2: =IFERROR(H2/G2, 0) -> -0.1558695 | J2: =IF(AND(TODAY()>DATE(2024, 8, 1), COUNTA(Sites[Site])<>(COUNT(C:C)-1)), "Some sites are missing actual data; if new sites were added, make sure they are aligned correctly (including prior months!)", "") -> Some sites are missing actual data; if new sites were added, make sure they are aligned correctly (including prior months!)
A3: Site | B3: State | C3: Actual | D3: Expected | E3: Delta | F3: % | G3: Forecasted | H3: Delta | I3: % | J3: Notes | K3: Service Requests
A4: {=Sites[Site]} -> Cedar Swamp Rd | B4: {=Sites[State]} -> MA | C4: 145570 | D4: 134298.7 | E4: =IF(AND(ISNUMBER(C4),ISNUMBER(D4)), C4-D4, "") -> 11271.303 | F4: =IFERROR(E4/D4, "") -> 0.083927121 | G4: 152692 | H4: =IF(AND(ISNUMBER(C4),ISNUMBER(G4)), C4-G4, "") -> -7122 | I4: =IFERROR(H4/G4, "") -> -0.046642915
A5: Bullis | B5: NY | C5: 802772 | D5: 784268 | E5: =IF(AND(ISNUMBER(C5),ISNUMBER(D5)), C5-D5, "") -> 18504 | F5: =IFERROR(E5/D5, "") -> 0.023593976 | G5: 997314 | H5: =IF(AND(ISNUMBER(C5),ISNUMBER(G5)), C5-G5, "") -> -194542 | I5: =IFERROR(H5/G5, "") -> -0.19506595 | J5: 1. Site tripped offline at 15:30 on 08/17 and was re-energized at 09:00 on 08/18. Site was offline from morning and back online at 12:00PM on 08/19 2. Inverters started late for production throughout the month. Technician updated the ISO parameters and resolved the issue on 08/28 | K5: 1. SR089200 2. SR089393
A6: Rock Island | B6: NY | C6: 733756 | D6: 757944 | E6: =IF(AND(ISNUMBER(C6),ISNUMBER(D6)), C6-D6, "") -> -24188 | F6: =IFERROR(E6/D6, "") -> -0.031912648 | G6: 842693 | H6: =IF(AND(ISNUMBER(C6),ISNUMBER(G6)), C6-G6, "") -> -108937 | I6: =IFERROR(H6/G6, "") -> -0.12927246 | J6: 1. Inverter 24 had tripping event on 08/12,08/15 and was offline from 08/17. Technician replaced connector and inverter is back online at 08:30 on 08/22 | K6: 1. SR088921
A7: Slayton A & B | B7: NY | E7: =IF(AND(ISNUMBER(C7),ISNUMBER(D7)), C7-D7, "") | F7: =IFERROR(E7/D7, "") | H7: =IF(AND(ISNUMBER(C7),ISNUMBER(G7)), C7-G7, "") | I7: =IFERROR(H7/G7, "")

Sheet Sep
A1: {=portfolio} -> Renewable Properties | D1: September Actual v. Expected | G1: September Actual v. Forecasted
A2: Total | C2: =SUM(C4:C80) -> 0 | D2: =SUM(D4:D80) -> 0 | E2: =C2-D2 -> 0 | F2: =IFERROR(E2/D2, 0) -> 0 | G2: =SUM(G4:G80) -> 0 | H2: =C2-G2 -> 0 | I2: =IFERROR(H2/G2, 0) -> 0 | J2: =IF(AND(TODAY()>DATE(2024, 9, 1), COUNTA(Sites[Site])<>(COUNT(C:C)-1)), "Some sites are missing actual data; if new sites were added, make sure they are aligned correctly (including prior months!)", "") -> Some sites are missing actual data; if new sites were added, make sure they are aligned correctly (including prior months!)
A3: Site | B3: State | C3: Actual | D3: Expected | E3: Delta | F3: % | G3: Forecasted | H3: Delta | I3: % | J3: Notes | K3: Service Requests
A4: {=Sites[Site]} -> Cedar Swamp Rd | B4: {=Sites[State]} -> MA | E4: =IF(AND(ISNUMBER(C4),ISNUMBER(D4)), C4-D4, "") | F4: =IFERROR(E4/D4, "") | H4: =IF(AND(ISNUMBER(C4),ISNUMBER(G4)), C4-G4, "") | I4: =IFERROR(H4/G4, "")
A5: Bullis | B5: NY | E5: =IF(AND(ISNUMBER(C5),ISNUMBER(D5)), C5-D5, "") | F5: =IFERROR(E5/D5, "") | H5: =IF(AND(ISNUMBER(C5),ISNUMBER(G5)), C5-G5, "") | I5: =IFERROR(H5/G5, "")
A6: Rock Island | B6: NY | E6: =IF(AND(ISNUMBER(C6),ISNUMBER(D6)), C6-D6, "") | F6: =IFERROR(E6/D6, "") | H6: =IF(AND(ISNUMBER(C6),ISNUMBER(G6)), C6-G6, "") | I6: =IFERROR(H6/G6, "")
A7: Slayton A & B | B7: NY | E7: =IF(AND(ISNUMBER(C7),ISNUMBER(D7)), C7-D7, "") | F7: =IFERROR(E7/D7, "") | H7: =IF(AND(ISNUMBER(C7),ISNUMBER(G7)), C7-G7, "") | I7: =IFERROR(H7/G7, "")

Sheet Oct
A1: {=portfolio} -> Renewable Properties | D1: October Actual v. Expected | G1: October Actual v. Forecasted
A2: Total | C2: =SUM(C4:C80) -> 0 | D2: =SUM(D4:D80) -> 0 | E2: =C2-D2 -> 0 | F2: =IFERROR(E2/D2, 0) -> 0 | G2: =SUM(G4:G80) -> 0 | H2: =C2-G2 -> 0 | I2: =IFERROR(H2/G2, 0) -> 0 | J2: =IF(AND(TODAY()>DATE(2024, 10, 1), COUNTA(Sites[Site])<>(COUNT(C:C)-1)), "Some sites are missing actual data; if new sites were added, make sure they are aligned correctly (including prior months!)", "")
A3: Site | B3: State | C3: Actual | D3: Expected | E3: Delta | F3: % | G3: Forecasted | H3: Delta | I3: % | J3: Notes | K3: Service Requests
A4: {=Sites[Site]} -> Cedar Swamp Rd | B4: {=Sites[State]} -> MA | E4: =IF(AND(ISNUMBER(C4),ISNUMBER(D4)), C4-D4, "") | F4: =IFERROR(E4/D4, "") | H4: =IF(AND(ISNUMBER(C4),ISNUMBER(G4)), C4-G4, "") | I4: =IFERROR(H4/G4, "")
A5: Bullis | B5: NY | E5: =IF(AND(ISNUMBER(C5),ISNUMBER(D5)), C5-D5, "") | F5: =IFERROR(E5/D5, "") | H5: =IF(AND(ISNUMBER(C5),ISNUMBER(G5)), C5-G5, "") | I5: =IFERROR(H5/G5, "")
A6: Rock Island | B6: NY | E6: =IF(AND(ISNUMBER(C6),ISNUMBER(D6)), C6-D6, "") | F6: =IFERROR(E6/D6, "") | H6: =IF(AND(ISNUMBER(C6),ISNUMBER(G6)), C6-G6, "") | I6: =IFERROR(H6/G6, "")
A7: Slayton A & B | B7: NY | E7: =IF(AND(ISNUMBER(C7),ISNUMBER(D7)), C7-D7, "") | F7: =IFERROR(E7/D7, "") | H7: =IF(AND(ISNUMBER(C7),ISNUMBER(G7)), C7-G7, "") | I7: =IFERROR(H7/G7, "")

Sheet Nov
A1: {=portfolio} -> Renewable Properties | D1: November Actual v. Expected | G1: November Actual v. Forecasted
A2: Total | C2: =SUM(C4:C80) -> 0 | D2: =SUM(D4:D80) -> 0 | E2: =C2-D2 -> 0 | F2: =IFERROR(E2/D2, 0) -> 0 | G2: =SUM(G4:G80) -> 0 | H2: =C2-G2 -> 0 | I2: =IFERROR(H2/G2, 0) -> 0 | J2: =IF(AND(TODAY()>DATE(2024, 11, 1), COUNTA(Sites[Site])<>(COUNT(C:C)-1)), "Some sites are missing actual data; if new sites were added, make sure they are aligned correctly (including prior months!)", "")
A3: Site | B3: State | C3: Actual | D3: Expected | E3: Delta | F3: % | G3: Forecasted | H3: Delta | I3: % | J3: Notes | K3: Service Requests
A4: {=Sites[Site]} -> Cedar Swamp Rd | B4: {=Sites[State]} -> MA | E4: =IF(AND(ISNUMBER(C4),ISNUMBER(D4)), C4-D4, "") | F4: =IFERROR(E4/D4, "") | H4: =IF(AND(ISNUMBER(C4),ISNUMBER(G4)), C4-G4, "") | I4: =IFERROR(H4/G4, "")
A5: Bullis | B5: NY | E5: =IF(AND(ISNUMBER(C5),ISNUMBER(D5)), C5-D5, "") | F5: =IFERROR(E5/D5, "") | H5: =IF(AND(ISNUMBER(C5),ISNUMBER(G5)), C5-G5, "") | I5: =IFERROR(H5/G5, "")
A6: Rock Island | B6: NY | E6: =IF(AND(ISNUMBER(C6),ISNUMBER(D6)), C6-D6, "") | F6: =IFERROR(E6/D6, "") | H6: =IF(AND(ISNUMBER(C6),ISNUMBER(G6)), C6-G6, "") | I6: =IFERROR(H6/G6, "")
A7: Slayton A & B | B7: NY | E7: =IF(AND(ISNUMBER(C7),ISNUMBER(D7)), C7-D7, "") | F7: =IFERROR(E7/D7, "") | H7: =IF(AND(ISNUMBER(C7),ISNUMBER(G7)), C7-G7, "") | I7: =IFERROR(H7/G7, "")

Sheet Dec
A1: {=portfolio} -> Renewable Properties | D1: December Actual v. Expected | G1: December Actual v. Forecasted
A2: Total | C2: =SUM(C4:C80) -> 0 | D2: =SUM(D4:D80) -> 0 | E2: =C2-D2 -> 0 | F2: =IFERROR(E2/D2, 0) -> 0 | G2: =SUM(G4:G80) -> 0 | H2: =C2-G2 -> 0 | I2: =IFERROR(H2/G2, 0) -> 0 | J2: =IF(AND(TODAY()>DATE(2024, 12, 1), COUNTA(Sites[Site])<>(COUNT(C:C)-1)), "Some sites are missing actual data; if new sites were added, make sure they are aligned correctly (including prior months!)", "")
A3: Site | B3: State | C3: Actual | D3: Expected | E3: Delta | F3: % | G3: Forecasted | H3: Delta | I3: % | J3: Notes | K3: Service Requests
A4: {=Sites[Site]} -> Cedar Swamp Rd | B4: {=Sites[State]} -> MA | E4: =IF(AND(ISNUMBER(C4),ISNUMBER(D4)), C4-D4, "") | F4: =IFERROR(E4/D4, "") | H4: =IF(AND(ISNUMBER(C4),ISNUMBER(G4)), C4-G4, "") | I4: =IFERROR(H4/G4, "")
A5: Bullis | B5: NY | E5: =IF(AND(ISNUMBER(C5),ISNUMBER(D5)), C5-D5, "") | F5: =IFERROR(E5/D5, "") | H5: =IF(AND(ISNUMBER(C5),ISNUMBER(G5)), C5-G5, "") | I5: =IFERROR(H5/G5, "")
A6: Rock Island | B6: NY | E6: =IF(AND(ISNUMBER(C6),ISNUMBER(D6)), C6-D6, "") | F6: =IFERROR(E6/D6, "") | H6: =IF(AND(ISNUMBER(C6),ISNUMBER(G6)), C6-G6, "") | I6: =IFERROR(H6/G6, "")
A7: Slayton A & B | B7: NY | E7: =IF(AND(ISNUMBER(C7),ISNUMBER(D7)), C7-D7, "") | F7: =IFERROR(E7/D7, "") | H7: =IF(AND(ISNUMBER(C7),ISNUMBER(G7)), C7-G7, "") | I7: =IFERROR(H7/G7, "")

Sheet Sites
A1: Portfolio: | B1: Renewable Properties
A3: Site DAS Name | B3: Site | C3: State | D3: Update | E3: DAS
A4: 60 Cedar Swamp Rd. (Renewable Properties) | B4: Cedar Swamp Rd | C4: MA | D4: AEF | E4: PowerTrack
A5: Bullis | B5: Bullis | C5: NY | E5: PowerTrack
A6: Rock Island NY (Renew Prop) | B6: Rock Island | C6: NY | D6: AEF | E6: PowerTrack
A7: Lockport - Slayton A & B | B7: Slayton A & B | C7: NY | E7: PowerTrack
