Workbook
Name JanActual: #REF!
Name JanActual2: #REF!
Name JanExpected: #REF!
Name JanExpectedDelta: #REF!
Name JanExpectedPercent: #REF!
Name JanExpPercent: #REF!
Name JanForecasted: #REF!
Name JanForecastedDelta: #REF!
Name JanForecastedPercent: #REF!
Name portfolio: Sites!$B$1:$B$1
Name Year: Sites!#REF!

Sheet Year to Date
A1: {=portfolio} -> Amergy Solar | D1: Year to Date Actual v. Expected | G1: Year to Date Actual v. Forecasted
A2: Total | C2: =SUM(C4:C88) -> 855275.9 | D2: =SUM(D4:D88) -> 772028.6 | E2: =C2-D2 -> 83247.299 | F2: =IFERROR(E2/D2, 0) -> 0.10782929 | G2: =SUM(G4:G88) -> 960444.46 | H2: =C2-G2 -> -105168.56 | I2: =IFERROR(H2/G2, 0) -> -0.10949989
A3: Site | B3: State | C3: Actual | D3: Expected | E3: Delta | F3: % | G3: Forecasted | H3: Delta | I3: %
A4: {=Sites[Site]} -> Farmingdale - Howell Ice Arena | B4: {=Sites[State]} -> NJ | C4: =SUM('1st Qtr'!C4, '2nd Qtr'!C4, '3rd Qtr'!C4, '4th Qtr'!C4) -> 354279.6 | D4: =SUM('1st Qtr'!D4, '2nd Qtr'!D4, '3rd Qtr'!D4, '4th Qtr'!D4) -> 360610.37 | E4: =IF(AND(ISNUMBER(C4),ISNUMBER(D4)), C4-D4, "") -> -6330.77 | F4: =IFERROR(E4/D4, "") -> -0.017555707 | G4: =SUM('1st Qtr'!G4+'2nd Qtr'!G4+'3rd Qtr'!G4+'4th Qtr'!G4) -> 461474.84 | H4: =SUM('1st Qtr'!H4, '2nd Qtr'!H4, '3rd Qtr'!H4, '4th Qtr'!H4) -> -107195.25 | I4: =IFERROR(H4/G4, "") -> -0.23228838
A5: Mount Laurel - Igloo Ice Rink | B5: NJ | C5: =SUM('1st Qtr'!C5, '2nd Qtr'!C5, '3rd Qtr'!C5, '4th Qtr'!C5) -> 500996.3 | D5: =SUM('1st Qtr'!D5, '2nd Qtr'!D5, '3rd Qtr'!D5, '4th Qtr'!D5) -> 411418.23 | E5: =IF(AND(ISNUMBER(C5),ISNUMBER(D5)), C5-D5, "") -> 89578.069 | F5: =IFERROR(E5/D5, "") -> 0.21772995 | G5: =SUM('1st Qtr'!G5+'2nd Qtr'!G5+'3rd Qtr'!G5+'4th Qtr'!G5) -> 498969.62 | H5: =SUM(Jan!H5, Feb!H5, Mar!H5) -> 28298.584 | I5: =IFERROR(H5/G5, "") -> 0.056714042

Sheet 1st Qtr
A1: {=portfolio} -> Amergy Solar | D1: 1st Quarter Actual v. Expected | G1: 1st Quarter Actual v. Forecasted
A2: Total | C2: =SUM(C4:C88) -> 330546.6 | D2: =SUM(D4:D88) -> 360979.01 | E2: =C2-D2 -> -30432.411 | F2: =IFERROR(E2/D2, 0) -> -0.084305209 | G2: =SUM(G4:G88) -> 351260.76 | H2: =C2-G2 -> -20714.161 | I2: =IFERROR(H2/G2, 0) -> -0.058970894
A3: Site | B3: State | C3: Actual | D3: Expected | E3: Delta | F3: % | G3: Forecasted | H3: Delta | I3: %
A4: {=Sites[Site]} -> Farmingdale - Howell Ice Arena | B4: {=Sites[State]} -> NJ | C4: =SUM(Jan!C4, Feb!C4, Mar!C4) -> 136545.1 | D4: =SUM(Jan!D4, Feb!D4, Mar!D4) -> 138174.27 | E4: =IF(AND(ISNUMBER(C4),ISNUMBER(D4)), C4-D4, "") -> -1629.17 | F4: =IFERROR(E4/D4, "") -> -0.01179069 | G4: =SUM(Jan!G4, Feb!G4, Mar!G4) -> 185557.85 | H4: =SUM(Jan!H4, Feb!H4, Mar!H4) -> -49012.745 | I4: =IFERROR(H4/G4, "") -> -0.26413728
A5: Mount Laurel - Igloo Ice Rink | B5: NJ | C5: =SUM(Jan!C5, Feb!C5, Mar!C5) -> 194001.5 | D5: =SUM(Jan!D5, Feb!D5, Mar!D5) -> 222804.74 | E5: =IF(AND(ISNUMBER(C5),ISNUMBER(D5)), C5-D5, "") -> -28803.241 | F5: =IFERROR(E5/D5, "") -> -0.12927571 | G5: =SUM(Jan!G5, Feb!G5, Mar!G5) -> 165702.92 | H5: =SUM(Jan!H5, Feb!H5, Mar!H5) -> 28298.584 | I5: =IFERROR(H5/G5, "") -> 0.17077903

Sheet 2nd Qtr
A1: {=portfolio} -> Amergy Solar | D1: 2nd Quarter Actual v. Expected | G1: 2nd Quarter Actual v. Forecasted
A2: Total | C2: =SUM(C4:C88) -> 524729.3 | D2: =SUM(D4:D88) -> 411049.59 | E2: =C2-D2 -> 113679.71 | F2: =IFERROR(E2/D2, 0) -> 0.2765596 | G2: =SUM(G4:G88) -> 609183.7 | H2: =C2-G2 -> -84454.4 | I2: =IFERROR(H2/G2, 0) -> -0.13863536
A3: Site | B3: State | C3: Actual | D3: Expected | E3: Delta | F3: % | G3: Forecasted | H3: Delta | I3: %
A4: {=Sites[Site]} -> Farmingdale - Howell Ice Arena | B4: {=Sites[State]} -> NJ | C4: =SUM(Apr!C4, May!C4, Jun!C4) -> 217734.5 | D4: =SUM(Apr!D4, May!D4, Jun!D4) -> 222436.1 | E4: =IF(AND(ISNUMBER(C4),ISNUMBER(D4)), C4-D4, "") -> -4701.6 | F4: =IFERROR(E4/D4, "") -> -0.021136857 | G4: =SUM(Apr!G4,May!G4,Jun!G4) -> 275917 | H4: =SUM(Apr!H4, May!H4, Jun!H4) -> -58182.5 | I4: =IFERROR(H4/G4, "") -> -0.21086957
A5: Mount Laurel - Igloo Ice Rink | B5: NJ | C5: =SUM(Apr!C5, May!C5, Jun!C5) -> 306994.8 | D5: =SUM(Apr!D5, May!D5, Jun!D5) -> 188613.49 | E5: =IF(AND(ISNUMBER(C5),ISNUMBER(D5)), C5-D5, "") -> 118381.31 | F5: =IFERROR(E5/D5, "") -> 0.62763968 | G5: =SUM(Apr!G5,May!G5,Jun!G5) -> 333266.7 | H5: =SUM(Apr!H5, May!H5, Jun!H5) -> -26271.9 | I5: =IFERROR(H5/G5, "") -> -0.078831458

Sheet 3rd Qtr
A1: {=portfolio} -> Amergy Solar | D1: 3rd Quarter Actual v. Expected | G1: 3rd Quarter Actual v. Forecasted
A2: Total | C2: =SUM(C4:C87) -> 0 | D2: =SUM(D4:D87) -> 0 | E2: =C2-D2 -> 0 | F2: =IFERROR(E2/D2, 0) -> 0 | G2: =SUM(G4:G87) -> 0 | H2: =C2-G2 -> 0 | I2: =IFERROR(H2/G2, 0) -> 0
A3: Site | B3: State | C3: Actual | D3: Expected | E3: Delta | F3: % | G3: Forecasted | H3: Delta | I3: %
A4: {=Sites[Site]} -> Farmingdale - Howell Ice Arena | B4: {=Sites[State]} -> NJ | C4: =SUM(Jul!C4, Aug!C4, Sep!C4) -> 0 | D4: =SUM(Jul!D4, Aug!D4, Sep!D4) -> 0 | E4: =IF(AND(ISNUMBER(C4),ISNUMBER(D4)), C4-D4, "") -> 0 | F4: =IFERROR(E4/D4, "") | G4: =SUM(Aug!G4,Sep!G4,Oct!G4) -> 0 | H4: =SUM(Jul!H4, Aug!H4, Sep!H4) -> 0 | I4: =IFERROR(H4/G4, "")
A5: Mount Laurel - Igloo Ice Rink | B5: NJ | C5: =SUM(Jul!C5, Aug!C5, Sep!C5) -> 0 | D5: =SUM(Jul!D5, Aug!D5, Sep!D5) -> 0 | E5: =IF(AND(ISNUMBER(C5),ISNUMBER(D5)), C5-D5, "") -> 0 | F5: =IFERROR(E5/D5, "") | G5: =SUM(Aug!G5,Sep!G5,Oct!G5) -> 0 | H5: =SUM(Jul!H5, Aug!H5, Sep!H5) -> 0 | I5: =IFERROR(H5/G5, "")

Sheet 4th Qtr
A1: {=portfolio} -> Amergy Solar | D1: 4th Quarter Actual v. Expected | G1: 4th Quarter Actual v. Forecasted
A2: Total | C2: =SUM(C4:C86) -> 0 | D2: =SUM(D4:D86) -> 0 | E2: =C2-D2 -> 0 | F2: =IFERROR(E2/D2, 0) -> 0 | G2: =SUM(G4:G86) -> 0 | H2: =C2-G2 -> 0 | I2: =IFERROR(H2/G2, 0) -> 0
A3: Site | B3: State | C3: Actual | D3: Expected | E3: Delta | F3: % | G3: Forecasted | H3: Delta | I3: %
A4: {=Sites[Site]} -> Farmingdale - Howell Ice Arena | B4: {=Sites[State]} -> NJ | C4: =SUM(Oct!C4, Nov!C4, Dec!C4) -> 0 | D4: =SUM(Oct!D4, Nov!D4, Dec!D4) -> 0 | E4: =IF(AND(ISNUMBER(C4),ISNUMBER(D4)), C4-D4, "") -> 0 | F4: =IFERROR(E4/D4, "") | G4: =SUM(Oct!G4,Nov!G4,Dec!G4) -> 0 | H4: =SUM(Oct!H4, Nov!H4, Dec!H4) -> 0 | I4: =IFERROR(H4/G4, "")
A5: Mount Laurel - Igloo Ice Rink | B5: NJ | C5: =SUM(Oct!C5, Nov!C5, Dec!C5) -> 0 | D5: =SUM(Oct!D5, Nov!D5, Dec!D5) -> 0 | E5: =IF(AND(ISNUMBER(C5),ISNUMBER(D5)), C5-D5, "") -> 0 | F5: =IFERROR(E5/D5, "") | G5: =SUM(Oct!G5,Nov!G5,Dec!G5) -> 0 | H5: =SUM(Oct!H5, Nov!H5, Dec!H5) -> 0 | I5: =IFERROR(H5/G5, "")

Sheet Jan
A1: {=portfolio} -> Amergy Solar | D1: January Actual v. Expected | G1: January Actual v. Forecasted
A2: Total | C2: =SUM(C4:C88) -> 62843.3 | D2: =SUM(D4:D88) -> 86823.505 | E2: =C2-D2 -> -23980.205 | F2: =IFERROR(E2/D2, 0) -> -0.27619485 | G2: =SUM(G4:G88) -> 87326.428 | H2: =C2-G2 -> -24483.128 | I2: =IFERROR(H2/G2, 0) -> -0.28036333 | J2: =IF(AND(TODAY()>DATE(2024, 1, 1), COUNTA(Sites[Site])<>(COUNT(C:C)-1)), "Some sites are missing actual data; if new sites were added, make sure they are aligned correctly (including prior months!)", "")
A3: Site | B3: State | C3: Actual | D3: Expected | E3: Delta | F3: % | G3: Forecasted | H3: Delta | I3: % | J3: Notes | K3: Service Requests
A4: {=Sites[Site]} -> Farmingdale - Howell Ice Arena | B4: {=Sites[State]} -> NJ | C4: 27760 | D4: 30103.183 | E4: =IF(AND(ISNUMBER(C4),ISNUMBER(D4)), C4-D4, "") -> -2343.183 | F4: =IFERROR(E4/D4, "") -> -0.07783838 | G4: 49684.402 | H4: =IF(AND(ISNUMBER(C4),ISNUMBER(G4)), C4-G4, "") -> -21924.402 | I4: =IFERROR(H4/G4, "") -> -0.44127334 | J4: 1. Low generation due to snow/rain.
A5: Mount Laurel - Igloo Ice Rink | B5: NJ | C5: 35083.3 | D5: 56720.322 | E5: =IF(AND(ISNUMBER(C5),ISNUMBER(D5)), C5-D5, "") -> -21637.022 | F5: =IFERROR(E5/D5, "") -> -0.3814686 | G5: 37642.026 | H5: =IF(AND(ISNUMBER(C5),ISNUMBER(G5)), C5-G5, "") -> -2558.726 | I5: =IFERROR(H5/G5, "") -> -0.067975247 | J5: 1. Inverter 8 tripped offline at 12:1PM on 01/26 and self resolved and started for production at 7:45AM on 01/27. 2. Low generation due to snow/rain. | K5: 1. SR095995
E6: =IF(AND(ISNUMBER(C6),ISNUMBER(D6)), C6-D6, "") | F6: =IFERROR(E6/D6, "") | H6: =IF(AND(ISNUMBER(C6),ISNUMBER(G6)), C6-G6, "") | I6: =IFERROR(H6/G6, "")

Sheet Feb
A1: {=portfolio} -> Amergy Solar | D1: February Actual v. Expected | G1: February Actual v. Forecasted
A2: Total | C2: =SUM(C4:C89) -> 101062.8 | D2: =SUM(D4:D89) -> 103326.06 | E2: =C2-D2 -> -2263.261 | F2: =IFERROR(E2/D2, 0) -> -0.021904067 | G2: =SUM(G4:G89) -> 106702.66 | H2: =C2-G2 -> -5639.859 | I2: =IFERROR(H2/G2, 0) -> -0.052855843 | J2: =IF(AND(TODAY()>DATE(2024, 2, 1), COUNTA(Sites[Site])<>(COUNT(C:C)-1)), "Some sites are missing actual data; if new sites were added, make sure they are aligned correctly (including prior months!)", "")
A3: Site | B3: State | C3: Actual | D3: Expected | E3: Delta | F3: % | G3: Forecasted | H3: Delta | I3: % | J3: Notes | K3: Service Requests
A4: {=Sites[Site]} -> Farmingdale - Howell Ice Arena | B4: {=Sites[State]} -> NJ | C4: 41249.4 | D4: 40885.518 | E4: =IF(AND(ISNUMBER(C4),ISNUMBER(D4)), C4-D4, "") -> 363.882 | F4: =IFERROR(E4/D4, "") -> 0.0089000218 | G4: 58474.985 | H4: =IF(AND(ISNUMBER(C4),ISNUMBER(G4)), C4-G4, "") -> -17225.585 | I4: =IFERROR(H4/G4, "") -> -0.29458041 | J4: 1. Low generation due to snow/rain.
A5: Mount Laurel - Igloo Ice Rink | B5: NJ | C5: 59813.4 | D5: 62440.543 | E5: =IF(AND(ISNUMBER(C5),ISNUMBER(D5)), C5-D5, "") -> -2627.143 | F5: =IFERROR(E5/D5, "") -> -0.042074314 | G5: 48227.674 | H5: =IF(AND(ISNUMBER(C5),ISNUMBER(G5)), C5-G5, "") -> 11585.726 | I5: =IFERROR(H5/G5, "") -> 0.24022983
E6: =IF(AND(ISNUMBER(C6),ISNUMBER(D6)), C6-D6, "") | F6: =IFERROR(E6/D6, "") | H6: =IF(AND(ISNUMBER(C6),ISNUMBER(G6)), C6-G6, "") | I6: =IFERROR(H6/G6, "")

Sheet Mar
A1: {=portfolio} -> Amergy Solar | D1: March Actual v. Expected | G1: March Actual v. Forecasted
A2: Total | C2: =SUM(C4:C89) -> 166640.5 | D2: =SUM(D4:D89) -> 170829.45 | E2: =C2-D2 -> -4188.945 | F2: =IFERROR(E2/D2, 0) -> -0.024521212 | G2: =SUM(G4:G89) -> 157231.67 | H2: =C2-G2 -> 9408.826 | I2: =IFERROR(H2/G2, 0) -> 0.059840526 | J2: =IF(AND(TODAY()>DATE(2024, 3, 1), COUNTA(Sites[Site])<>(COUNT(C:C)-1)), "Some sites are missing actual data; if new sites were added, make sure they are aligned correctly (including prior months!)", "")
A3: Site | B3: State | C3: Actual | D3: Expected | E3: Delta | F3: % | G3: Forecasted | H3: Delta | I3: % | J3: Notes | K3: Service Requests
A4: {=Sites[Site]} -> Farmingdale - Howell Ice Arena | B4: {=Sites[State]} -> NJ | C4: 67535.7 | D4: 67185.569 | E4: =IF(AND(ISNUMBER(C4),ISNUMBER(D4)), C4-D4, "") -> 350.131 | F4: =IFERROR(E4/D4, "") -> 0.0052114019 | G4: 77398.458 | H4: =IF(AND(ISNUMBER(C4),ISNUMBER(G4)), C4-G4, "") -> -9862.758 | I4: =IFERROR(H4/G4, "") -> -0.12742835 | J4: 1. Considering the fluctuating irradiance and weather throughout the month, actual values is reporting lower than the forecasted values.
A5: Mount Laurel - Igloo Ice Rink | B5: NJ | C5: 99104.8 | D5: 103643.88 | E5: =IF(AND(ISNUMBER(C5),ISNUMBER(D5)), C5-D5, "") -> -4539.076 | F5: =IFERROR(E5/D5, "") -> -0.043794927 | G5: 79833.216 | H5: =IF(AND(ISNUMBER(C5),ISNUMBER(G5)), C5-G5, "") -> 19271.584 | I5: =IFERROR(H5/G5, "") -> 0.24139807
E6: =IF(AND(ISNUMBER(C6),ISNUMBER(D6)), C6-D6, "") | F6: =IFERROR(E6/D6, "") | H6: =IF(AND(ISNUMBER(C6),ISNUMBER(G6)), C6-G6, "") | I6: =IFERROR(H6/G6, "")

Sheet Apr
A1: {=portfolio} -> Amergy Solar | D1: April Actual v. Expected | G1: April Actual v. Forecasted
A2: Total | C2: =SUM(C4:C89) -> 167794.1 | D2: =SUM(D4:D89) -> 127938.35 | E2: =C2-D2 -> 39855.75 | F2: =IFERROR(E2/D2, 0) -> 0.31152309 | G2: =SUM(G4:G89) -> 191379.95 | H2: =C2-G2 -> -23585.85 | I2: =IFERROR(H2/G2, 0) -> -0.12324097 | J2: =IF(AND(TODAY()>DATE(2024, 4, 1), COUNTA(Sites[Site])<>(COUNT(C:C)-1)), "Some sites are missing actual data; if new sites were added, make sure they are aligned correctly (including prior months!)", "")
A3: Site | B3: State | C3: Actual | D3: Expected | E3: Delta | F3: % | G3: Forecasted | H3: Delta | I3: % | J3: Notes | K3: Service Requests
A4: {=Sites[Site]} -> Farmingdale - Howell Ice Arena | B4: {=Sites[State]} -> NJ | C4: 69895.1 | D4: 70676.85 | E4: =IF(AND(ISNUMBER(C4),ISNUMBER(D4)), C4-D4, "") -> -781.75 | F4: =IFERROR(E4/D4, "") -> -0.011060906 | G4: 89306.95 | H4: =IF(AND(ISNUMBER(C4),ISNUMBER(G4)), C4-G4, "") -> -19411.85 | I4: =IFERROR(H4/G4, "") -> -0.21736102 | J4: 1. Inverter 2 is underperforming by 10KW down compared to peer inverter. | K4: 1. SR100595
A5: Mount Laurel - Igloo Ice Rink | B5: NJ | C5: 97899 | D5: 57261.5 | E5: =IF(AND(ISNUMBER(C5),ISNUMBER(D5)), C5-D5, "") -> 40637.5 | F5: =IFERROR(E5/D5, "") -> 0.70968277 | G5: 102073 | H5: =IF(AND(ISNUMBER(C5),ISNUMBER(G5)), C5-G5, "") -> -4174 | I5: =IFERROR(H5/G5, "") -> -0.040892303 | J5: 1. Inverter 4 tripped offline at 14:45 on 04/08 and later self-resolved at 11:00 on 04/09. 2. Actual vs expected delta is showing 71% due to expected energy recording low possibly due to data glitch (similar event observe last 2 years). | K5: 1. SR099525
E6: =IF(AND(ISNUMBER(C6),ISNUMBER(D6)), C6-D6, "") | F6: =IFERROR(E6/D6, "") | H6: =IF(AND(ISNUMBER(C6),ISNUMBER(G6)), C6-G6, "") | I6: =IFERROR(H6/G6, "")

Sheet May
A1: {=portfolio} -> Amergy Solar | D1: May Actual v. Expected | G1: May Actual v. Forecasted
A2: Total | C2: =SUM(C4:C87) -> 169852.9 | D2: =SUM(D4:D87) -> 135384.81 | E2: =C2-D2 -> 34468.09 | F2: =IFERROR(E2/D2, 0) -> 0.25459348 | G2: =SUM(G4:G87) -> 204867.79 | H2: =C2-G2 -> -35014.89 | I2: =IFERROR(H2/G2, 0) -> -0.17091457 | J2: =IF(AND(TODAY()>DATE(2024, 5, 1), COUNTA(Sites[Site])<>(COUNT(C:C)-1)), "Some sites are missing actual data; if new sites were added, make sure they are aligned correctly (including prior months!)", "")
A3: Site | B3: State | C3: Actual | D3: Expected | E3: Delta | F3: % | G3: Forecasted | H3: Delta | I3: % | J3: Notes | K3: Service Requests
A4: {=Sites[Site]} -> Farmingdale - Howell Ice Arena | B4: {=Sites[State]} -> NJ | C4: 70707.3 | D4: 72770.5 | E4: =IF(AND(ISNUMBER(C4),ISNUMBER(D4)), C4-D4, "") -> -2063.2 | F4: =IFERROR(E4/D4, "") -> -0.028352148 | G4: 91904.89 | H4: =IF(AND(ISNUMBER(C4),ISNUMBER(G4)), C4-G4, "") -> -21197.59 | I4: =IFERROR(H4/G4, "") -> -0.23064703 | J4: 1. Inverter 2 is underperforming by 10kW down compared to peer inverter. | K4: 1. SR100595
A5: Mount Laurel - Igloo Ice Rink | B5: NJ | C5: 99145.6 | D5: 62614.31 | E5: =IF(AND(ISNUMBER(C5),ISNUMBER(D5)), C5-D5, "") -> 36531.29 | F5: =IFERROR(E5/D5, "") -> 0.58343356 | G5: 112962.9 | H5: =IF(AND(ISNUMBER(C5),ISNUMBER(G5)), C5-G5, "") -> -13817.3 | I5: =IFERROR(H5/G5, "") -> -0.12231715 | J5: 1. Actual vs expected delta is showing 58% due to expected energy recording low possibly due to data glitch (similar event observe last 2 years).

Sheet Jun
A1: {=portfolio} -> Amergy Solar | D1: June Actual v. Expected | G1: June Actual v. Forecasted
A2: Total | C2: =SUM(C4:C88) -> 187082.3 | D2: =SUM(D4:D88) -> 147726.43 | E2: =C2-D2 -> 39355.87 | F2: =IFERROR(E2/D2, 0) -> 0.26641049 | G2: =SUM(G4:G88) -> 212935.96 | H2: =C2-G2 -> -25853.66 | I2: =IFERROR(H2/G2, 0) -> -0.12141519 | J2: =IF(AND(TODAY()>DATE(2024, 6, 1), COUNTA(Sites[Site])<>(COUNT(C:C)-1)), "Some sites are missing actual data; if new sites were added, make sure they are aligned correctly (including prior months!)", "")
A3: Site | B3: State | C3: Actual | D3: Expected | E3: Delta | F3: % | G3: Forecasted | H3: Delta | I3: % | J3: Notes | K3: Service Requests
A4: {=Sites[Site]} -> Farmingdale - Howell Ice Arena | B4: {=Sites[State]} -> NJ | C4: 77132.1 | D4: 78988.75 | E4: =IF(AND(ISNUMBER(C4),ISNUMBER(D4)), C4-D4, "") -> -1856.65 | F4: =IFERROR(E4/D4, "") -> -0.023505246 | G4: 94705.16 | H4: =IF(AND(ISNUMBER(C4),ISNUMBER(G4)), C4-G4, "") -> -17573.06 | I4: =IFERROR(H4/G4, "") -> -0.18555546 | J4: 1. Inverter 2 is underperforming by 10kW down compared to peer inverter. | K4: 1.SR100595
A5: Mount Laurel - Igloo Ice Rink | B5: NJ | C5: 109950.2 | D5: 68737.68 | E5: =IF(AND(ISNUMBER(C5),ISNUMBER(D5)), C5-D5, "") -> 41212.52 | F5: =IFERROR(E5/D5, "") -> 0.59956228 | G5: 118230.8 | H5: =IF(AND(ISNUMBER(C5),ISNUMBER(G5)), C5-G5, "") -> -8280.6 | I5: =IFERROR(H5/G5, "") -> -0.070037587 | J5: 1. Inverter 6 has tripped offline at 14:30 on 06/02 and reporting "Waiting for grid voltage > Installation failure grid connection and came back online at 13:45 on 06/04 2. Inverter 6 has tripped offline at 13:45 on 06/23 and came back online at 07:30 on 06/25 3. Actual vs expected delta is showing 60% due to expected energy recording low possibly due to data glitch (similar event observe last 2 years). | K5: 1.SR102313 2. SR103325 | L5: SR103325

Sheet Jul
A1: {=portfolio} -> Amergy Solar | D1: July Actual v. Expected | G1: July Actual v. Forecasted
A2: Total | C2: =SUM(C4:C89) -> 0 | D2: =SUM(D4:D89) -> 0 | E2: =C2-D2 -> 0 | F2: =IFERROR(E2/D2, 0) -> 0 | G2: =SUM(G4:G89) -> 0 | H2: =C2-G2 -> 0 | I2: =IFERROR(H2/G2, 0) -> 0 | J2: =IF(AND(TODAY()>DATE(2024, 7, 1), COUNTA(Sites[Site])<>(COUNT(C:C)-1)), "Some sites are missing actual data; if new sites were added, make sure they are aligned correctly (including prior months!)", "") -> Some sites are missing actual data; if new sites were added, make sure they are aligned correctly (including prior months!)
A3: Site | B3: State | C3: Actual | D3: Expected | E3: Delta | F3: % | G3: Forecasted | H3: Delta | I3: % | J3: Notes | K3: Service Requests
A4: {=Sites[Site]} -> Farmingdale - Howell Ice Arena | B4: {=Sites[State]} -> NJ | E4: =IF(AND(ISNUMBER(C4),ISNUMBER(D4)), C4-D4, "") | F4: =IFERROR(E4/D4, "") | H4: =IF(AND(ISNUMBER(C4),ISNUMBER(G4)), C4-G4, "") | I4: =IFERROR(H4/G4, "")
A5: Mount Laurel - Igloo Ice Rink | B5: NJ | E5: =IF(AND(ISNUMBER(C5),ISNUMBER(D5)), C5-D5, "") | F5: =IFERROR(E5/D5, "") | H5: =IF(AND(ISNUMBER(C5),ISNUMBER(G5)), C5-G5, "") | I5: =IFERROR(H5/G5, "")
E6: =IF(AND(ISNUMBER(C6),ISNUMBER(D6)), C6-D6, "") | F6: =IFERROR(E6/D6, "") | H6: =IF(AND(ISNUMBER(C6),ISNUMBER(G6)), C6-G6, "") | I6: =IFERROR(H6/G6, "")

Sheet Aug
A1: {=portfolio} -> Amergy Solar | D1: August Actual v. Expected | G1: August Actual v. Forecasted
A2: Total | C2: =SUM(C4:C89) -> 0 | D2: =SUM(D4:D89) -> 0 | E2: =C2-D2 -> 0 | F2: =IFERROR(E2/D2, 0) -> 0 | G2: =SUM(G4:G89) -> 0 | H2: =C2-G2 -> 0 | I2: =IFERROR(H2/G2, 0) -> 0 | J2: =IF(AND(TODAY()>DATE(2024, 8, 1), COUNTA(Sites[Site])<>(COUNT(C:C)-1)), "Some sites are missing actual data; if new sites were added, make sure they are aligned correctly (including prior months!)", "") -> Some sites are missing actual data; if new sites were added, make sure they are aligned correctly (including prior months!)
A3: Site | B3: State | C3: Actual | D3: Expected | E3: Delta | F3: % | G3: Forecasted | H3: Delta | I3: % | J3: Notes | K3: Service Requests
A4: {=Sites[Site]} -> Farmingdale - Howell Ice Arena | B4: {=Sites[State]} -> NJ | E4: =IF(AND(ISNUMBER(C4),ISNUMBER(D4)), C4-D4, "") | F4: =IFERROR(E4/D4, "") | H4: =IF(AND(ISNUMBER(C4),ISNUMBER(G4)), C4-G4, "") | I4: =IFERROR(H4/G4, "")
A5: Mount Laurel - Igloo Ice Rink | B5: NJ | E5: =IF(AND(ISNUMBER(C5),ISNUMBER(D5)), C5-D5, "") | F5: =IFERROR(E5/D5, "") | H5: =IF(AND(ISNUMBER(C5),ISNUMBER(G5)), C5-G5, "") | I5: =IFERROR(H5/G5, "")
E6: =IF(AND(ISNUMBER(C6),ISNUMBER(D6)), C6-D6, "") | F6: =IFERROR(E6/D6, "") | H6: =IF(AND(ISNUMBER(C6),ISNUMBER(G6)), C6-G6, "") | I6: =IFERROR(H6/G6, "")

Sheet Sep
A1: {=portfolio} -> Amergy Solar | D1: September Actual v. Expected | G1: September Actual v. Forecasted
A2: Total | C2: =SUM(C4:C89) -> 0 | D2: =SUM(D4:D89) -> 0 | E2: =C2-D2 -> 0 | F2: =IFERROR(E2/D2, 0) -> 0 | G2: =SUM(G4:G89) -> 0 | H2: =C2-G2 -> 0 | I2: =IFERROR(H2/G2, 0) -> 0 | J2: =IF(AND(TODAY()>DATE(2024, 9, 1), COUNTA(Sites[Site])<>(COUNT(C:C)-1)), "Some sites are missing actual data; if new sites were added, make sure they are aligned correctly (including prior months!)", "") -> Some sites are missing actual data; if new sites were added, make sure they are aligned correctly (including prior months!)
A3: Site | B3: State | C3: Actual | D3: Expected | E3: Delta | F3: % | G3: Forecasted | H3: Delta | I3: % | J3: Notes | K3: Service Requests
A4: {=Sites[Site]} -> Farmingdale - Howell Ice Arena | B4: {=Sites[State]} -> NJ | E4: =IF(AND(ISNUMBER(C4),ISNUMBER(D4)), C4-D4, "") | F4: =IFERROR(E4/D4, "") | H4: =IF(AND(ISNUMBER(C4),ISNUMBER(G4)), C4-G4, "") | I4: =IFERROR(H4/G4, "")
A5: Mount Laurel - Igloo Ice Rink | B5: NJ | E5: =IF(AND(ISNUMBER(C5),ISNUMBER(D5)), C5-D5, "") | F5: =IFERROR(E5/D5, "") | H5: =IF(AND(ISNUMBER(C5),ISNUMBER(G5)), C5-G5, "") | I5: =IFERROR(H5/G5, "")
E6: =IF(AND(ISNUMBER(C6),ISNUMBER(D6)), C6-D6, "") | F6: =IFERROR(E6/D6, "") | H6: =IF(AND(ISNUMBER(C6),ISNUMBER(G6)), C6-G6, "") | I6: =IFERROR(H6/G6, "")

Sheet Oct
A1: {=portfolio} -> Amergy Solar | D1: October Actual v. Expected | G1: October Actual v. Forecasted
A2: Total | C2: =SUM(C4:C88) -> 0 | D2: =SUM(D4:D88) -> 0 | E2: =C2-D2 -> 0 | F2: =IFERROR(E2/D2, 0) -> 0 | G2: =SUM(G4:G88) -> 0 | H2: =C2-G2 -> 0 | I2: =IFERROR(H2/G2, 0) -> 0 | J2: =IF(AND(TODAY()>DATE(2024, 10, 1), COUNTA(Sites[Site])<>(COUNT(C:C)-1)), "Some sites are missing actual data; if new sites were added, make sure they are aligned correctly (including prior months!)", "") -> Some sites are missing actual data; if new sites were added, make sure they are aligned correctly (including prior months!)
A3: Site | B3: State | C3: Actual | D3: Expected | E3: Delta | F3: % | G3: Forecasted | H3: Delta | I3: % | J3: Notes | K3: Service Requests
A4: {=Sites[Site]} -> Farmingdale - Howell Ice Arena | B4: {=Sites[State]} -> NJ | E4: =IF(AND(ISNUMBER(C4),ISNUMBER(D4)), C4-D4, "") | F4: =IFERROR(E4/D4, "") | H4: =IF(AND(ISNUMBER(C4),ISNUMBER(G4)), C4-G4, "") | I4: =IFERROR(H4/G4, "")
A5: Mount Laurel - Igloo Ice Rink | B5: NJ | E5: =IF(AND(ISNUMBER(C5),ISNUMBER(D5)), C5-D5, "") | F5: =IFERROR(E5/D5, "") | H5: =IF(AND(ISNUMBER(C5),ISNUMBER(G5)), C5-G5, "") | I5: =IFERROR(H5/G5, "")

Sheet Nov
A1: {=portfolio} -> Amergy Solar | D1: November Actual v. Expected | G1: November Actual v. Forecasted
A2: Total | C2: =SUM(C4:C88) -> 0 | D2: =SUM(D4:D88) -> 0 | E2: =C2-D2 -> 0 | F2: =IFERROR(E2/D2, 0) -> 0 | G2: =SUM(G4:G88) -> 0 | H2: =C2-G2 -> 0 | I2: =IFERROR(H2/G2, 0) -> 0 | J2: =IF(AND(TODAY()>DATE(2024, 11, 1), COUNTA(Sites[Site])<>(COUNT(C:C)-1)), "Some sites are missing actual data; if new sites were added, make sure they are aligned correctly (including prior months!)", "") -> Some sites are missing actual data; if new sites were added, make sure they are aligned correctly (including prior months!)
A3: Site | B3: State | C3: Actual | D3: Expected | E3: Delta | F3: % | G3: Forecasted | H3: Delta | I3: % | J3: Notes | K3: Service Requests
A4: {=Sites[Site]} -> Farmingdale - Howell Ice Arena | B4: {=Sites[State]} -> NJ | E4: =IF(AND(ISNUMBER(C4),ISNUMBER(D4)), C4-D4, "") | F4: =IFERROR(E4/D4, "") | H4: =IF(AND(ISNUMBER(C4),ISNUMBER(G4)), C4-G4, "") | I4: =IFERROR(H4/G4, "")
A5: Mount Laurel - Igloo Ice Rink | B5: NJ | E5: =IF(AND(ISNUMBER(C5),ISNUMBER(D5)), C5-D5, "") | F5: =IFERROR(E5/D5, "") | H5: =IF(AND(ISNUMBER(C5),ISNUMBER(G5)), C5-G5, "") | I5: =IFERROR(H5/G5, "")

Sheet Dec
A1: {=portfolio} -> Amergy Solar | D1: December Actual v. Expected | G1: December Actual v. Forecasted
A2: Total | C2: =SUM(C4:C88) -> 0 | D2: =SUM(D4:D88) -> 0 | E2: =C2-D2 -> 0 | F2: =IFERROR(E2/D2, 0) -> 0 | G2: =SUM(G4:G88) -> 0 | H2: =C2-G2 -> 0 | I2: =IFERROR(H2/G2, 0) -> 0 | J2: =IF(AND(TODAY()>DATE(2024, 12, 1), COUNTA(Sites[Site])<>(COUNT(C:C)-1)), "Some sites are missing actual data; if new sites were added, make sure they are aligned correctly (including prior months!)", "") -> Some sites are missing actual data; if new sites were added, make sure they are aligned correctly (including prior months!)
A3: Site | B3: State | C3: Actual | D3: Expected | E3: Delta | F3: % | G3: Forecasted | H3: Delta | I3: % | J3: Notes | K3: Service Requests
A4: {=Sites[Site]} -> Farmingdale - Howell Ice Arena | B4: {=Sites[State]} -> NJ | E4: =IF(AND(ISNUMBER(C4),ISNUMBER(D4)), C4-D4, "") | F4: =IFERROR(E4/D4, "") | H4: =IF(AND(ISNUMBER(C4),ISNUMBER(G4)), C4-G4, "") | I4: =IFERROR(H4/G4, "")
A5: Mount Laurel - Igloo Ice Rink | B5: NJ | E5: =IF(AND(ISNUMBER(C5),ISNUMBER(D5)), C5-D5, "") | F5: =IFERROR(E5/D5, "") | H5: =IF(AND(ISNUMBER(C5),ISNUMBER(G5)), C5-G5, "") | I5: =IFERROR(H5/G5, "")

Sheet Sites
A1: Portfolio: | B1: Amergy Solar
A3: Site DAS Name | B3: Site | C3: State | D3: Update | E3: DAS
A4: Howell Ice Arena | B4: Farmingdale - Howell Ice Arena | C4: NJ | D4: AEF | E4: PowerTrack
A5: Igloo | B5: Mount Laurel - Igloo Ice Rink | C5: NJ | D5: AEF | E5: PowerTrack
