Workbook
Name JanActual: #REF!
Name JanActual2: #REF!
Name JanExpected: #REF!
Name JanExpectedDelta: #REF!
Name JanExpectedPercent: #REF!
Name JanExpPercent: #REF!
Name JanForecasted: #REF!
Name JanForecastedDelta: #REF!
Name JanForecastedPercent: #REF!
Name portfolio: Sites!$B$1:$B$1
Name Year: Sites!#REF!

Sheet Year to Date
A1: {=portfolio} -> Canton Ice House | D1: Year to Date Actual v. Expected | G1: Year to Date Actual v. Forecasted
A2: Total | C2: =SUM(C4:C52) -> 242753.27 | D2: =SUM(D4:D52) -> 0 | E2: =C2-D2 -> 242753.27 | F2: =IFERROR(E2/D2, 0) -> 0 | G2: =SUM(G4:G52) -> 0 | H2: =C2-G2 -> 242753.27 | I2: =IFERROR(H2/G2, 0) -> 0
A3: Site | B3: State | C3: Actual | D3: Expected | E3: Delta | F3: % | G3: Forecasted | H3: Delta | I3: %
A4: {=Sites[Site]} -> MA: Canton - Canton Ice House | B4: {=Sites[State]} -> MA | C4: =SUM('1st Qtr'!C4, '2nd Qtr'!C4, '3rd Qtr'!C4, '4th Qtr'!C4) -> 242753.27 | D4: =SUM('1st Qtr'!D4, '2nd Qtr'!D4, '3rd Qtr'!D4, '4th Qtr'!D4) -> 0 | E4: =IF(AND(ISNUMBER(C4),ISNUMBER(D4)), C4-D4, "") -> 242753.27 | F4: =IFERROR(E4/D4, "") | G4: =SUM('1st Qtr'!G4, '2nd Qtr'!G4, '3rd Qtr'!G4, '4th Qtr'!G4) -> 0 | H4: =SUM('1st Qtr'!H4, '2nd Qtr'!H4, '3rd Qtr'!H4, '4th Qtr'!H4) -> 159909.81 | I4: =IFERROR(H4/G4, "")

Sheet 1st Qtr
A1: {=portfolio} -> Canton Ice House | D1: 1st Quarter Actual v. Expected | G1: 1st Quarter Actual v. Forecasted
A2: Total | C2: =SUM(C4:C52) -> 82843.461 | D2: =SUM(D4:D52) -> 0 | E2: =C2-D2 -> 82843.461 | F2: =IFERROR(E2/D2, 0) -> 0 | G2: =SUM(G4:G52) -> 0 | H2: =C2-G2 -> 82843.461 | I2: =IFERROR(H2/G2, 0) -> 0
A3: Site | B3: State | C3: Actual | D3: Expected | E3: Delta | F3: % | G3: Forecasted | H3: Delta | I3: %
A4: {=Sites[Site]} -> MA: Canton - Canton Ice House | B4: {=Sites[State]} -> MA | C4: =SUM(Jan!C4, Feb!C4, Mar!C4) -> 82843.461 | D4: =SUM(Jan!D4, Feb!D4, Mar!D4) -> 0 | E4: =IF(AND(ISNUMBER(C4),ISNUMBER(D4)), C4-D4, "") -> 82843.461 | F4: =IFERROR(E4/D4, "") | G4: =SUM(Jan!G4, Feb!G4, Mar!G4) -> 0 | H4: =SUM(Jan!H4, Feb!H4, Mar!H4) -> 0 | I4: =IFERROR(H4/G4, "")

Sheet 2nd Qtr
A1: {=portfolio} -> Canton Ice House | D1: 2nd Quarter Actual v. Expected | G1: 2nd Quarter Actual v. Forecasted
A2: Total | C2: =SUM(C4:C52) -> 159909.81 | D2: =SUM(D4:D52) -> 0 | E2: =C2-D2 -> 159909.81 | F2: =IFERROR(E2/D2, 0) -> 0 | G2: =SUM(G4:G52) -> 0 | H2: =C2-G2 -> 159909.81 | I2: =IFERROR(H2/G2, 0) -> 0
A3: Site | B3: State | C3: Actual | D3: Expected | E3: Delta | F3: % | G3: Forecasted | H3: Delta | I3: %
A4: {=Sites[Site]} -> MA: Canton - Canton Ice House | B4: {=Sites[State]} -> MA | C4: =SUM(Apr!C4, May!C4, Jun!C4) -> 159909.81 | D4: =SUM(Apr!D4, May!D4, Jun!D4) -> 0 | E4: =IF(AND(ISNUMBER(C4),ISNUMBER(D4)), C4-D4, "") -> 159909.81 | F4: =IFERROR(E4/D4, "") | H4: =SUM(Apr!H4, May!H4, Jun!H4) -> 159909.81 | I4: =IFERROR(H4/G4, "")

Sheet 3rd Qtr
A1: {=portfolio} -> Canton Ice House | D1: 3rd Quarter Actual v. Expected | G1: 3rd Quarter Actual v. Forecasted
A2: Total | C2: =SUM(C4:C52) -> 0 | D2: =SUM(D4:D52) -> 0 | E2: =C2-D2 -> 0 | F2: =IFERROR(E2/D2, 0) -> 0 | G2: =SUM(G4:G52) -> 0 | H2: =C2-G2 -> 0 | I2: =IFERROR(H2/G2, 0) -> 0
A3: Site | B3: State | C3: Actual | D3: Expected | E3: Delta | F3: % | G3: Forecasted | H3: Delta | I3: %
A4: {=Sites[Site]} -> MA: Canton - Canton Ice House | B4: {=Sites[State]} -> MA | C4: =SUM(Jul!C4, Aug!C4, Sep!C4) -> 0 | D4: =SUM(Jul!D4, Aug!D4, Sep!D4) -> 0 | E4: =IF(AND(ISNUMBER(C4),ISNUMBER(D4)), C4-D4, "") -> 0 | F4: =IFERROR(E4/D4, "") | G4: =SUM(Jul!G4,Aug!G4,Sep!G4) -> 0 | H4: =SUM(Jul!H4, Aug!H4, Sep!H4) -> 0 | I4: =IFERROR(H4/G4, "")

Sheet 4th Qtr
A1: {=portfolio} -> Canton Ice House | D1: 4th Quarter Actual v. Expected | G1: 4th Quarter Actual v. Forecasted
A2: Total | C2: =SUM(C4:C52) -> 0 | D2: =SUM(D4:D52) -> 0 | E2: =C2-D2 -> 0 | F2: =IFERROR(E2/D2, 0) -> 0 | G2: =SUM(G4:G52) -> 0 | H2: =C2-G2 -> 0 | I2: =IFERROR(H2/G2, 0) -> 0
A3: Site | B3: State | C3: Actual | D3: Expected | E3: Delta | F3: % | G3: Forecasted | H3: Delta | I3: %
A4: {=Sites[Site]} -> MA: Canton - Canton Ice House | B4: {=Sites[State]} -> MA | C4: =SUM(Oct!C4, Nov!C4, Dec!C4) -> 0 | D4: =SUM(Oct!D4, Nov!D4, Dec!D4) -> 0 | E4: =IF(AND(ISNUMBER(C4),ISNUMBER(D4)), C4-D4, "") -> 0 | F4: =IFERROR(E4/D4, "") | G4: =SUM(Oct!G4,Nov!G4,Dec!G4) -> 0 | H4: =SUM(Oct!H4, Nov!H4, Dec!H4) -> 0 | I4: =IFERROR(H4/G4, "")

Sheet Jan
A1: {=portfolio} -> Canton Ice House | D1: January Actual v. Expected | G1: January Actual v. Forecasted
A2: Total | C2: =SUM(C4:C51) -> 18838.55 | D2: =SUM(D4:D51) -> 0 | E2: =C2-D2 -> 18838.55 | F2: =IFERROR(E2/D2, 0) -> 0 | G2: =SUM(G4:G51) -> 0 | H2: =C2-G2 -> 18838.55 | I2: =IFERROR(H2/G2, 0) -> 0 | J2: =IF(AND(TODAY()>DATE(2024, 1, 1), COUNTA(Sites[Site])<>(COUNT(C:C)-1)), "Some sites are missing actual data; if new sites were added, make sure they are aligned correctly (including prior months!)", "")
A3: Site | B3: State | C3: Actual | D3: Expected | E3: Delta | F3: % | G3: Forecasted | H3: Delta | I3: % | J3: Notes | K3: Service Requests
A4: {=Sites[Site]} -> MA: Canton - Canton Ice House | B4: {=Sites[State]} -> MA | C4: 18838.55 | D4: N/A | E4: =IF(AND(ISNUMBER(C4),ISNUMBER(D4)), C4-D4, "") | F4: =IFERROR(E4/D4, "") | G4: N/A | H4: =IF(AND(ISNUMBER(C4),ISNUMBER(G4)), C4-G4, "") | I4: =IFERROR(H4/G4, "") | J4: 1.Inverter 8 was being RMA'D since 12/17/24. | K4: 1.SR093239

Sheet Feb
A1: {=portfolio} -> Canton Ice House | D1: February Actual v. Expected | G1: February Actual v. Forecasted
A2: Total | C2: =SUM(C4:C52) -> 18144.561 | D2: =SUM(D4:D52) -> 0 | E2: =C2-D2 -> 18144.561 | F2: =IFERROR(E2/D2, 0) -> 0 | G2: =SUM(G4:G52) -> 0 | H2: =C2-G2 -> 18144.561 | I2: =IFERROR(H2/G2, 0) -> 0 | J2: =IF(AND(TODAY()>DATE(2024, 2, 1), COUNTA(Sites[Site])<>(COUNT(C:C)-1)), "Some sites are missing actual data; if new sites were added, make sure they are aligned correctly (including prior months!)", "")
A3: Site | B3: State | C3: Actual | D3: Expected | E3: Delta | F3: % | G3: Forecasted | H3: Delta | I3: % | J3: Notes | K3: Service Requests
A4: {=Sites[Site]} -> MA: Canton - Canton Ice House | B4: {=Sites[State]} -> MA | C4: 18144.561 | D4: N/A | E4: =IF(AND(ISNUMBER(C4),ISNUMBER(D4)), C4-D4, "") | F4: =IFERROR(E4/D4, "") | G4: N/A | H4: =IF(AND(ISNUMBER(C4),ISNUMBER(G4)), C4-G4, "") | I4: =IFERROR(H4/G4, "") | J4: 1. The site experienced a brief outage from 9:00 AM to 11:30 AM on 02/14. However, inverters 2, 6, 7, and 13 remained offline after the site came back online. Inverters 6 and 13 self-resolved on 02/15. On 02/18, a technician found that inverter 2 was still offline and is being RMA’d, while inverter 7 was also offline, with its DC relay board being RMA’d. 2. Inverter 8 was being RMA'D since 12/17/24. | K4: 1.SR097109 2.SR093239 | L4: SR093239

Sheet Mar
A1: {=portfolio} -> Canton Ice House | D1: March Actual v. Expected | G1: March Actual v. Forecasted
A2: Total | C2: =SUM(C4:C52) -> 45860.35 | D2: =SUM(D4:D52) -> 0 | E2: =C2-D2 -> 45860.35 | F2: =IFERROR(E2/D2, 0) -> 0 | G2: =SUM(G4:G52) -> 0 | H2: =C2-G2 -> 45860.35 | I2: =IFERROR(H2/G2, 0) -> 0 | J2: =IF(AND(TODAY()>DATE(2024, 3, 1), COUNTA(Sites[Site])<>(COUNT(C:C)-1)), "Some sites are missing actual data; if new sites were added, make sure they are aligned correctly (including prior months!)", "")
A3: Site | B3: State | C3: Actual | D3: Expected | E3: Delta | F3: % | G3: Forecasted | H3: Delta | I3: % | J3: Notes | K3: Service Requests
A4: {=Sites[Site]} -> MA: Canton - Canton Ice House | B4: {=Sites[State]} -> MA | C4: 45860.35 | D4: N/A | E4: =IF(AND(ISNUMBER(C4),ISNUMBER(D4)), C4-D4, "") | F4: =IFERROR(E4/D4, "") | G4: N/A | H4: =IF(AND(ISNUMBER(C4),ISNUMBER(G4)), C4-G4, "") | I4: =IFERROR(H4/G4, "") | J4: 1. Inverter 2 tripped offline at 16:30 on 02/13 and is being RMA’d. After troubleshooting by the technician, the inverter was brought back online at 17:30 on 03/05.Additionally, Inverter 7 tripped offline at 16:15 on 02/13, with its DC relay board being RMA’d. 2. Inverter 1 is derating due to multiple tripping events for whole month. 3. Inverter 8 was being RMA'D since 12/17/24. | K4: 1. SR097109, SR098499 2. SR089210 3. SR093239 | L4: SR098499 | M4: SR089210 | N4: SR093239

Sheet Apr
A1: {=portfolio} -> Canton Ice House | D1: April Actual v. Expected | G1: April Actual v. Forecasted
A2: Total | C2: =SUM(C4:C52) -> 54979.099 | D2: =SUM(D4:D52) -> 0 | E2: =C2-D2 -> 54979.099 | F2: =IFERROR(E2/D2, 0) -> 0 | G2: =SUM(G4:G52) -> 0 | H2: =C2-G2 -> 54979.099 | I2: =IFERROR(H2/G2, 0) -> 0 | J2: =IF(AND(TODAY()>DATE(2024, 4, 1), COUNTA(Sites[Site])<>(COUNT(C:C)-1)), "Some sites are missing actual data; if new sites were added, make sure they are aligned correctly (including prior months!)", "")
A3: Site | B3: State | C3: Actual | D3: Expected | E3: Delta | F3: % | G3: Forecasted | H3: Delta | I3: % | J3: Notes | K3: Service Requests
A4: {=Sites[Site]} -> MA: Canton - Canton Ice House | B4: {=Sites[State]} -> MA | C4: 54979.099 | D4: 0 | E4: =IF(AND(ISNUMBER(C4),ISNUMBER(D4)), C4-D4, "") -> 54979.099 | F4: =IFERROR(E4/D4, "") | G4: 0 | H4: =IF(AND(ISNUMBER(C4),ISNUMBER(G4)), C4-G4, "") -> 54979.099 | I4: =IFERROR(H4/G4, "") | J4: 1. Inverter 8 was being RMA'D since 12/17/24. 2. Inverter 7 tripped offline at 16:15 on 02/13, and its DC relay board is being RMA’d. 3. Inverter 1 is derating due to multiple tripping events for whole month. | K4: 1. SR093239 2. SR098499 3. SR098210 | L4: SR098499 | M4: SR098210

Sheet May
A1: {=portfolio} -> Canton Ice House | D1: May Actual v. Expected | G1: May Actual v. Forecasted
A2: Total | C2: =SUM(C4:C52) -> 49649.05 | D2: =SUM(D4:D52) -> 0 | E2: =C2-D2 -> 49649.05 | F2: =IFERROR(E2/D2, 0) -> 0 | G2: =SUM(G4:G52) -> 0 | H2: =C2-G2 -> 49649.05 | I2: =IFERROR(H2/G2, 0) -> 0 | J2: =IF(AND(TODAY()>DATE(2024, 5, 1), COUNTA(Sites[Site])<>(COUNT(C:C)-1)), "Some sites are missing actual data; if new sites were added, make sure they are aligned correctly (including prior months!)", "")
A3: Site | B3: State | C3: Actual | D3: Expected | E3: Delta | F3: % | G3: Forecasted | H3: Delta | I3: % | J3: Notes | K3: Service Requests
A4: {=Sites[Site]} -> MA: Canton - Canton Ice House | B4: {=Sites[State]} -> MA | C4: 49649.05 | D4: 0 | E4: =IF(AND(ISNUMBER(C4),ISNUMBER(D4)), C4-D4, "") -> 49649.05 | F4: =IFERROR(E4/D4, "") | G4: 0 | H4: =IF(AND(ISNUMBER(C4),ISNUMBER(G4)), C4-G4, "") -> 49649.05 | I4: =IFERROR(H4/G4, "") | J4: 1. Inverter 8 was being RMA'D since 12/17/24. 2. Inverter 7 tripped offline at 16:15 on 02/13, and its DC relay board is being RMA’d. 3. Inverter 1 is derating due to multiple tripping events for whole month. 4. Inverter 13 tripped offline at 13:45 on 05/02 due to a "Fault". A technician was on site on 05/08 to troubleshoot the inverter, and it was back online at 09:30 on the same day. 5. The left string of Inverter 13 was found disconnected at 09:30 on 05/08 when the technician was on site to troubleshoot the inverter. A return visit was scheduled, as two technicians are needed to lift/move the panels. 6. Inverter 13 tripped offline at 13:45 on 05/02 due to a "Fault", and during troubleshooting on 05/08, the technician found the left string disconnected at 09:30, the inverter was brought back online the same day, but a return visit was scheduled as two technicians are required to lift/move the panels. | K4: 1. SR093239 2. SR098499 3. SR098210 4. SR100935 5. SR101224 6. SR101650 | L4: SR098499 | M4: SR098210 | N4: SR100935 | O4: SR101224 | P4: SR101650

Sheet Jun
A1: {=portfolio} -> Canton Ice House | D1: June Actual v. Expected | G1: June Actual v. Forecasted
A2: Total | C2: =SUM(C4:C52) -> 55281.66 | D2: =SUM(D4:D52) -> 0 | E2: =C2-D2 -> 55281.66 | F2: =IFERROR(E2/D2, 0) -> 0 | G2: =SUM(G4:G52) -> 0 | H2: =C2-G2 -> 55281.66 | I2: =IFERROR(H2/G2, 0) -> 0 | J2: =IF(AND(TODAY()>DATE(2024, 6, 1), COUNTA(Sites[Site])<>(COUNT(C:C)-1)), "Some sites are missing actual data; if new sites were added, make sure they are aligned correctly (including prior months!)", "")
A3: Site | B3: State | C3: Actual | D3: Expected | E3: Delta | F3: % | G3: Forecasted | H3: Delta | I3: % | J3: Notes | K3: Service Requests
A4: {=Sites[Site]} -> MA: Canton - Canton Ice House | B4: {=Sites[State]} -> MA | C4: 55281.66 | D4: 0 | E4: =IF(AND(ISNUMBER(C4),ISNUMBER(D4)), C4-D4, "") -> 55281.66 | F4: =IFERROR(E4/D4, "") | G4: 0 | H4: =IF(AND(ISNUMBER(C4),ISNUMBER(G4)), C4-G4, "") -> 55281.66 | I4: =IFERROR(H4/G4, "") | J4: 1. Inverter 8 was being RMA'D since 12/17/24. 2. Inverter 9 is offline from 06/06/25 and reporting "Fault" and is being RMA'd 3.The left string of Inverter 13 was found disconnected at 09:30 on 05/08 when the technician was on site to troubleshoot the inverter. A return visit was scheduled, as two technicians are needed to lift/move the panels. 4. Inverter 1 is offline at 10:30 on 04/29. Technician has replaced the Relay Board later the inverter is back online at 11:00 on 06/13 5. Inverter 7 tripped offline at 16:15 on 02/13, and its DC relay board is being RMA’d. | K4: 1. SR093239 2. SR102615 3. SR101224 4. SR089210 5. SR098499 | L4: SR102615 | M4: SR101224 | N4: SR089210 | O4: SR098499

Sheet Jul
A1: {=portfolio} -> Canton Ice House | D1: July Actual v. Expected | G1: July Actual v. Forecasted
A2: Total | C2: =SUM(C4:C52) -> 0 | D2: =SUM(D4:D52) -> 0 | E2: =C2-D2 -> 0 | F2: =IFERROR(E2/D2, 0) -> 0 | G2: =SUM(G4:G52) -> 0 | H2: =C2-G2 -> 0 | I2: =IFERROR(H2/G2, 0) -> 0 | J2: =IF(AND(TODAY()>DATE(2024, 7, 1), COUNTA(Sites[Site])<>(COUNT(C:C)-1)), "Some sites are missing actual data; if new sites were added, make sure they are aligned correctly (including prior months!)", "") -> Some sites are missing actual data; if new sites were added, make sure they are aligned correctly (including prior months!)
A3: Site | B3: State | C3: Actual | D3: Expected | E3: Delta | F3: % | G3: Forecasted | H3: Delta | I3: % | J3: Notes | K3: Service Requests
A4: {=Sites[Site]} -> MA: Canton - Canton Ice House | B4: {=Sites[State]} -> MA | D4: 0 | E4: =IF(AND(ISNUMBER(C4),ISNUMBER(D4)), C4-D4, "") | F4: =IFERROR(E4/D4, "") | G4: 0 | H4: =IF(AND(ISNUMBER(C4),ISNUMBER(G4)), C4-G4, "") | I4: =IFERROR(H4/G4, "")

Sheet Aug
A1: {=portfolio} -> Canton Ice House | D1: August Actual v. Expected | G1: August Actual v. Forecasted
A2: Total | C2: =SUM(C4:C52) -> 0 | D2: =SUM(D4:D52) -> 0 | E2: =C2-D2 -> 0 | F2: =IFERROR(E2/D2, 0) -> 0 | G2: =SUM(G4:G52) -> 0 | H2: =C2-G2 -> 0 | I2: =IFERROR(H2/G2, 0) -> 0 | J2: =IF(AND(TODAY()>DATE(2024, 8, 1), COUNTA(Sites[Site])<>(COUNT(C:C)-1)), "Some sites are missing actual data; if new sites were added, make sure they are aligned correctly (including prior months!)", "") -> Some sites are missing actual data; if new sites were added, make sure they are aligned correctly (including prior months!)
A3: Site | B3: State | C3: Actual | D3: Expected | E3: Delta | F3: % | G3: Forecasted | H3: Delta | I3: % | J3: Notes | K3: Service Requests
A4: {=Sites[Site]} -> MA: Canton - Canton Ice House | B4: {=Sites[State]} -> MA | D4: 0 | E4: =IF(AND(ISNUMBER(C4),ISNUMBER(D4)), C4-D4, "") | F4: =IFERROR(E4/D4, "") | G4: 0 | H4: =IF(AND(ISNUMBER(C4),ISNUMBER(G4)), C4-G4, "") | I4: =IFERROR(H4/G4, "")

Sheet Sep
A1: {=portfolio} -> Canton Ice House | D1: September Actual v. Expected | G1: September Actual v. Forecasted
A2: Total | C2: =SUM(C4:C52) -> 0 | D2: =SUM(D4:D52) -> 0 | E2: =C2-D2 -> 0 | F2: =IFERROR(E2/D2, 0) -> 0 | G2: =SUM(G4:G52) -> 0 | H2: =C2-G2 -> 0 | I2: =IFERROR(H2/G2, 0) -> 0 | J2: =IF(AND(TODAY()>DATE(2024, 9, 1), COUNTA(Sites[Site])<>(COUNT(C:C)-1)), "Some sites are missing actual data; if new sites were added, make sure they are aligned correctly (including prior months!)", "") -> Some sites are missing actual data; if new sites were added, make sure they are aligned correctly (including prior months!)
A3: Site | B3: State | C3: Actual | D3: Expected | E3: Delta | F3: % | G3: Forecasted | H3: Delta | I3: % | J3: Notes | K3: Service Requests
A4: {=Sites[Site]} -> MA: Canton - Canton Ice House | B4: {=Sites[State]} -> MA | D4: 0 | E4: =IF(AND(ISNUMBER(C4),ISNUMBER(D4)), C4-D4, "") | F4: =IFERROR(E4/D4, "") | G4: 0 | H4: =IF(AND(ISNUMBER(C4),ISNUMBER(G4)), C4-G4, "") | I4: =IFERROR(H4/G4, "")

Sheet Oct
A1: {=portfolio} -> Canton Ice House | D1: October Actual v. Expected | G1: October Actual v. Forecasted
A2: Total | C2: =SUM(C4:C52) -> 0 | D2: =SUM(D4:D52) -> 0 | E2: =C2-D2 -> 0 | F2: =IFERROR(E2/D2, 0) -> 0 | G2: =SUM(G4:G52) -> 0 | H2: =C2-G2 -> 0 | I2: =IFERROR(H2/G2, 0) -> 0 | J2: =IF(AND(TODAY()>DATE(2024, 10, 1), COUNTA(Sites[Site])<>(COUNT(C:C)-1)), "Some sites are missing actual data; if new sites were added, make sure they are aligned correctly (including prior months!)", "") -> Some sites are missing actual data; if new sites were added, make sure they are aligned correctly (including prior months!)
A3: Site | B3: State | C3: Actual | D3: Expected | E3: Delta | F3: % | G3: Forecasted | H3: Delta | I3: % | J3: Notes | K3: Service Requests
A4: {=Sites[Site]} -> MA: Canton - Canton Ice House | B4: {=Sites[State]} -> MA | D4: 0 | E4: =IF(AND(ISNUMBER(C4),ISNUMBER(D4)), C4-D4, "") | F4: =IFERROR(E4/D4, "") | G4: 0 | H4: =IF(AND(ISNUMBER(C4),ISNUMBER(G4)), C4-G4, "") | I4: =IFERROR(H4/G4, "")

Sheet Nov
A1: {=portfolio} -> Canton Ice House | D1: November Actual v. Expected | G1: November Actual v. Forecasted
A2: Total | C2: =SUM(C4:C52) -> 0 | D2: =SUM(D4:D52) -> 0 | E2: =C2-D2 -> 0 | F2: =IFERROR(E2/D2, 0) -> 0 | G2: =SUM(G4:G52) -> 0 | H2: =C2-G2 -> 0 | I2: =IFERROR(H2/G2, 0) -> 0 | J2: =IF(AND(TODAY()>DATE(2024, 11, 1), COUNTA(Sites[Site])<>(COUNT(C:C)-1)), "Some sites are missing actual data; if new sites were added, make sure they are aligned correctly (including prior months!)", "") -> Some sites are missing actual data; if new sites were added, make sure they are aligned correctly (including prior months!)
A3: Site | B3: State | C3: Actual | D3: Expected | E3: Delta | F3: % | G3: Forecasted | H3: Delta | I3: % | J3: Notes | K3: Service Requests
A4: {=Sites[Site]} -> MA: Canton - Canton Ice House | B4: {=Sites[State]} -> MA | D4: 0 | E4: =IF(AND(ISNUMBER(C4),ISNUMBER(D4)), C4-D4, "") | F4: =IFERROR(E4/D4, "") | G4: 0 | H4: =IF(AND(ISNUMBER(C4),ISNUMBER(G4)), C4-G4, "") | I4: =IFERROR(H4/G4, "")

Sheet Dec
A1: {=portfolio} -> Canton Ice House | D1: December Actual v. Expected | G1: December Actual v. Forecasted
A2: Total | C2: =SUM(C4:C52) -> 0 | D2: =SUM(D4:D52) -> 0 | E2: =C2-D2 -> 0 | F2: =IFERROR(E2/D2, 0) -> 0 | G2: =SUM(G4:G52) -> 0 | H2: =C2-G2 -> 0 | I2: =IFERROR(H2/G2, 0) -> 0 | J2: =IF(AND(TODAY()>DATE(2024, 12, 1), COUNTA(Sites[Site])<>(COUNT(C:C)-1)), "Some sites are missing actual data; if new sites were added, make sure they are aligned correctly (including prior months!)", "") -> Some sites are missing actual data; if new sites were added, make sure they are aligned correctly (including prior months!)
A3: Site | B3: State | C3: Actual | D3: Expected | E3: Delta | F3: % | G3: Forecasted | H3: Delta | I3: % | J3: Notes | K3: Service Requests
A4: {=Sites[Site]} -> MA: Canton - Canton Ice House | B4: {=Sites[State]} -> MA | D4: 0 | E4: =IF(AND(ISNUMBER(C4),ISNUMBER(D4)), C4-D4, "") | F4: =IFERROR(E4/D4, "") | G4: 0 | H4: =IF(AND(ISNUMBER(C4),ISNUMBER(G4)), C4-G4, "") | I4: =IFERROR(H4/G4, "")

Sheet Sites
A1: Portfolio: | B1: Canton Ice House
A3: Site DAS Name | B3: Site | C3: State | D3: Update | E3: DAS
A4: Canton Ice House | B4: MA: Canton - Canton Ice House | C4: MA | D4: AF | E4: PowerTrack
