Workbook
Name JanActual: #REF!
Name JanActual2: #REF!
Name JanExpected: #REF!
Name JanExpectedDelta: #REF!
Name JanExpectedPercent: #REF!
Name JanExpPercent: #REF!
Name JanForecasted: #REF!
Name JanForecastedDelta: #REF!
Name JanForecastedPercent: #REF!
Name portfolio: Sites!$B$1:$B$1
Name Year: Sites!#REF!

Sheet Year to Date
A1: {=portfolio} -> Cave Creek USD | D1: Year to Date Actual v. Expected | G1: Year to Date Actual v. Forecasted
A2: Total | C2: =SUM(C4:C91) -> 1218969.3 | D2: =SUM(D4:D91) -> 813350.69 | E2: =C2-D2 -> 405618.6 | F2: =IFERROR(E2/D2, 0) -> 0.49870075 | G2: =SUM(G4:G91) -> 0 | H2: =C2-G2 -> 1218969.3 | I2: =IFERROR(H2/G2, 0) -> 0
A3: Site | B3: State | C3: Actual | D3: Expected | E3: Delta | F3: % | G3: Forecasted | H3: Delta | I3: %
A4: {=Sites[Site]} -> AZ: Cave Creek - DWES | B4: {=Sites[State]} -> AZ | C4: =SUM('1st Qtr'!C4, '2nd Qtr'!C4, '3rd Qtr'!C4, '4th Qtr'!C4) -> 468075.65 | D4: =SUM('1st Qtr'!D4, '2nd Qtr'!D4, '3rd Qtr'!D4, '4th Qtr'!D4) -> 447479.51 | E4: =IF(AND(ISNUMBER(C4),ISNUMBER(D4)), C4-D4, "") -> 20596.14 | F4: =IFERROR(E4/D4, 0) -> 0.046027001 | G4: =SUM('1st Qtr'!G4,'2nd Qtr'!G4,'3rd Qtr'!G4,'4th Qtr'!G4) -> 0 | H4: =SUM('1st Qtr'!H4, '2nd Qtr'!H4, '3rd Qtr'!H4, '4th Qtr'!H4) -> 349605.65 | I4: =IFERROR(H4/G4, 0) -> 0
A5: AZ: Cave Creek - HTES | B5: AZ | C5: =SUM('1st Qtr'!C5, '2nd Qtr'!C5, '3rd Qtr'!C5, '4th Qtr'!C5) -> 355778.39 | D5: =SUM('1st Qtr'!D5, '2nd Qtr'!D5, '3rd Qtr'!D5, '4th Qtr'!D5) -> 365871.18 | E5: =IF(AND(ISNUMBER(C5),ISNUMBER(D5)), C5-D5, "") -> -10092.79 | F5: =IFERROR(E5/D5, 0) -> -0.027585638 | G5: =SUM('1st Qtr'!G5,'2nd Qtr'!G5,'3rd Qtr'!G5,'4th Qtr'!G5) -> 0 | H5: =SUM('1st Qtr'!H5, '2nd Qtr'!H5, '3rd Qtr'!H5, '4th Qtr'!H5) -> 305582.1 | I5: =IFERROR(H5/G5, 0) -> 0
A6: AZ: Cave Creek - LMES | B6: AZ | C6: =SUM('1st Qtr'!C6, '2nd Qtr'!C6, '3rd Qtr'!C6, '4th Qtr'!C6) -> 395115.25 | D6: =SUM('1st Qtr'!D6, '2nd Qtr'!D6, '3rd Qtr'!D6, '4th Qtr'!D6) -> 0 | E6: =IF(AND(ISNUMBER(C6),ISNUMBER(D6)), C6-D6, "") -> 395115.25 | F6: =IFERROR(E6/D6, 0) -> 0 | G6: =SUM('1st Qtr'!G6,'2nd Qtr'!G6,'3rd Qtr'!G6,'4th Qtr'!G6) -> 0 | H6: =SUM('1st Qtr'!H6, '2nd Qtr'!H6, '3rd Qtr'!H6, '4th Qtr'!H6) -> 294016.25 | I6: =IFERROR(H6/G6, 0) -> 0

Sheet 1st Qtr
A1: {=portfolio} -> Cave Creek USD | D1: 1st Quarter Actual v. Expected | G1: 1st Quarter Actual v. Forecasted
A2: Total | C2: =SUM(C4:C88) -> 343815 | D2: =SUM(D4:D88) -> 192646 | E2: =C2-D2 -> 151169 | F2: =IFERROR(E2/D2, 0) -> 0.78469836 | G2: =SUM(G4:G88) -> 0 | H2: =C2-G2 -> 343815 | I2: =IFERROR(H2/G2, 0) -> 0
A3: Site | B3: State | C3: Actual | D3: Expected | E3: Delta | F3: % | G3: Forecasted | H3: Delta | I3: %
A4: {=Sites[Site]} -> AZ: Cave Creek - DWES | B4: {=Sites[State]} -> AZ | C4: =SUM(Jan!C4, Feb!C4, Mar!C4) -> 125662 | D4: =SUM(Jan!D4, Feb!D4, Mar!D4) -> 97376 | E4: =IF(AND(ISNUMBER(C4),ISNUMBER(D4)), C4-D4, "") -> 28286 | F4: =IFERROR(E4/D4, 0) -> 0.29048225 | G4: =SUM(Jan!G4, Feb!G4, Mar!G4) -> 0 | H4: =SUM(Jan!H4, Feb!H4, Mar!H4) -> 92731 | I4: =IFERROR(H4/G4, 0) -> 0
A5: AZ: Cave Creek - HTES | B5: AZ | C5: =SUM(Jan!C5, Feb!C5, Mar!C5) -> 126367 | D5: =SUM(Jan!D5, Feb!D5, Mar!D5) -> 95270 | E5: =IF(AND(ISNUMBER(C5),ISNUMBER(D5)), C5-D5, "") -> 31097 | F5: =IFERROR(E5/D5, 0) -> 0.32640915 | G5: =SUM(Jan!G5, Feb!G5, Mar!G5) -> 0 | H5: =SUM(Jan!H5, Feb!H5, Mar!H5) -> 99602 | I5: =IFERROR(H5/G5, 0) -> 0
A6: AZ: Cave Creek - LMES | B6: AZ | C6: =SUM(Jan!C6, Feb!C6, Mar!C6) -> 91786 | D6: =SUM(Jan!D6, Feb!D6, Mar!D6) -> 0 | E6: =IF(AND(ISNUMBER(C6),ISNUMBER(D6)), C6-D6, "") -> 91786 | F6: =IFERROR(E6/D6, 0) -> 0 | G6: =SUM(Jan!G6, Feb!G6, Mar!G6) -> 0 | H6: =SUM(Jan!H6, Feb!H6, Mar!H6) -> 64038 | I6: =IFERROR(H6/G6, 0) -> 0

Sheet 2nd Qtr
A1: {=portfolio} -> Cave Creek USD | D1: 2nd Quarter Actual v. Expected | G1: 2nd Quarter Actual v. Forecasted
A2: Total | C2: =SUM(C4:C88) -> 346431.73 | D2: =SUM(D4:D88) -> 267076.87 | E2: =C2-D2 -> 79354.86 | F2: =IFERROR(E2/D2, 0) -> 0.29712367 | G2: =SUM(G4:G88) -> 0 | H2: =C2-G2 -> 346431.73 | I2: =IFERROR(H2/G2, 0) -> 0
A3: Site | B3: State | C3: Actual | D3: Expected | E3: Delta | F3: % | G3: Forecasted | H3: Delta | I3: %
A4: {=Sites[Site]} -> AZ: Cave Creek - DWES | B4: {=Sites[State]} -> AZ | C4: =SUM(Apr!C4, May!C4, Jun!C4) -> 134189.65 | D4: =SUM(Apr!D4, May!D4, Jun!D4) -> 138324.76 | E4: =IF(AND(ISNUMBER(C4),ISNUMBER(D4)), C4-D4, "") -> -4135.11 | F4: =IFERROR(E4/D4, 0) -> -0.029894214 | G4: =SUM(Apr!G4, May!G4, Jun!G4) -> 0 | H4: =SUM(Apr!H4, May!H4, Jun!H4) -> 134189.65 | I4: =IFERROR(H4/G4, 0) -> 0
A5: AZ: Cave Creek - HTES | B5: AZ | C5: =SUM(Apr!C5, May!C5, Jun!C5) -> 87951.83 | D5: =SUM(Apr!D5, May!D5, Jun!D5) -> 128752.11 | E5: =IF(AND(ISNUMBER(C5),ISNUMBER(D5)), C5-D5, "") -> -40800.28 | F5: =IFERROR(E5/D5, 0) -> -0.31689019 | G5: =SUM(Apr!G5, May!G5, Jun!G5) -> 0 | H5: =SUM(Apr!H5, May!H5, Jun!H5) -> 87951.83 | I5: =IFERROR(H5/G5, 0) -> 0
A6: AZ: Cave Creek - LMES | B6: AZ | C6: =SUM(Apr!C6, May!C6, Jun!C6) -> 124290.25 | D6: =SUM(Apr!D6, May!D6, Jun!D6) -> 0 | E6: =IF(AND(ISNUMBER(C6),ISNUMBER(D6)), C6-D6, "") -> 124290.25 | F6: =IFERROR(E6/D6, 0) -> 0 | G6: =SUM(Apr!G6, May!G6, Jun!G6) -> 0 | H6: =SUM(Apr!H6, May!H6, Jun!H6) -> 124290.25 | I6: =IFERROR(H6/G6, 0) -> 0

Sheet 3rd Qtr
A1: {=portfolio} -> Cave Creek USD | D1: 3rd Quarter Actual v. Expected | G1: 3rd Quarter Actual v. Forecasted
A2: Total | C2: =SUM(C4:C88) -> 346401.27 | D2: =SUM(D4:D88) -> 239478.93 | E2: =C2-D2 -> 106922.34 | F2: =IFERROR(E2/D2, 0) -> 0.44647911 | G2: =SUM(G4:G88) -> 0 | H2: =C2-G2 -> 346401.27 | I2: =IFERROR(H2/G2, 0) -> 0
A3: Site | B3: State | C3: Actual | D3: Expected | E3: Delta | F3: % | G3: Forecasted | H3: Delta | I3: %
A4: {=Sites[Site]} -> AZ: Cave Creek - DWES | B4: {=Sites[State]} -> AZ | C4: =SUM(Jul!C4, Aug!C4, Sep!C4) -> 122685 | D4: =SUM(Jul!D4, Aug!D4, Sep!D4) -> 125607.79 | E4: =IF(AND(ISNUMBER(C4),ISNUMBER(D4)), C4-D4, "") -> -2922.79 | F4: =IFERROR(E4/D4, 0) -> -0.023269178 | G4: =SUM(Jul!G4,Aug!G4,Sep!G4) -> 0 | H4: =SUM(Jul!H4, Aug!H4, Sep!H4) -> 122685 | I4: =IFERROR(H4/G4, 0) -> 0
A5: AZ: Cave Creek - HTES | B5: AZ | C5: =SUM(Jul!C5, Aug!C5, Sep!C5) -> 118028.27 | D5: =SUM(Jul!D5, Aug!D5, Sep!D5) -> 113871.14 | E5: =IF(AND(ISNUMBER(C5),ISNUMBER(D5)), C5-D5, "") -> 4157.13 | F5: =IFERROR(E5/D5, 0) -> 0.036507319 | G5: =SUM(Jul!G5,Aug!G5,Sep!G5) -> 0 | H5: =SUM(Jul!H5, Aug!H5, Sep!H5) -> 118028.27 | I5: =IFERROR(H5/G5, 0) -> 0
A6: AZ: Cave Creek - LMES | B6: AZ | C6: =SUM(Jul!C6, Aug!C6, Sep!C6) -> 105688 | D6: =SUM(Jul!D6, Aug!D6, Sep!D6) -> 0 | E6: =IF(AND(ISNUMBER(C6),ISNUMBER(D6)), C6-D6, "") -> 105688 | F6: =IFERROR(E6/D6, 0) -> 0 | G6: =SUM(Jul!G6,Aug!G6,Sep!G6) -> 0 | H6: =SUM(Jul!H6, Aug!H6, Sep!H6) -> 105688 | I6: =IFERROR(H6/G6, 0) -> 0

Sheet 4th Qtr
A1: {=portfolio} -> Cave Creek USD | D1: 4th Quarter Actual v. Expected | G1: 4th Quarter Actual v. Forecasted
A2: Total | C2: =SUM(C4:C88) -> 182321.29 | D2: =SUM(D4:D88) -> 114148.89 | E2: =C2-D2 -> 68172.4 | F2: =IFERROR(E2/D2, 0) -> 0.5972235 | G2: =SUM(G4:G88) -> 0 | H2: =C2-G2 -> 182321.29 | I2: =IFERROR(H2/G2, 0) -> 0
A3: Site | B3: State | C3: Actual | D3: Expected | E3: Delta | F3: % | G3: Forecasted | H3: Delta | I3: %
A4: {=Sites[Site]} -> AZ: Cave Creek - DWES | B4: {=Sites[State]} -> AZ | C4: =SUM(Oct!C4, Nov!C4, Dec!C4) -> 85539 | D4: =SUM(Oct!D4, Nov!D4, Dec!D4) -> 86170.96 | E4: =IF(AND(ISNUMBER(C4),ISNUMBER(D4)), C4-D4, "") -> -631.96 | F4: =IFERROR(E4/D4, "") -> -0.0073337932 | G4: =SUM(Oct!G4,Nov!G4,Dec!G4) -> 0 | H4: =SUM(Oct!H4, Nov!H4, Dec!H4) -> 0 | I4: =IFERROR(H4/G4, "")
A5: AZ: Cave Creek - HTES | B5: AZ | C5: =SUM(Oct!C5, Nov!C5, Dec!C5) -> 23431.29 | D5: =SUM(Oct!D5, Nov!D5, Dec!D5) -> 27977.93 | E5: =IF(AND(ISNUMBER(C5),ISNUMBER(D5)), C5-D5, "") -> -4546.64 | F5: =IFERROR(E5/D5, "") -> -0.16250809 | H5: =SUM(Oct!H5, Nov!H5, Dec!H5) -> 0 | I5: =IFERROR(H5/G5, "")
A6: AZ: Cave Creek - LMES | B6: AZ | C6: =SUM(Oct!C6, Nov!C6, Dec!C6) -> 73351 | D6: =SUM(Oct!D6, Nov!D6, Dec!D6) -> 0 | E6: =IF(AND(ISNUMBER(C6),ISNUMBER(D6)), C6-D6, "") -> 73351 | F6: =IFERROR(E6/D6, "") | H6: =SUM(Oct!H6, Nov!H6, Dec!H6) -> 0 | I6: =IFERROR(H6/G6, "")

Sheet Jan
A1: {=portfolio} -> Cave Creek USD | D1: January Actual v. Expected | G1: January Actual v. Forecasted
A2: Total | C2: =SUM(C4:C86) -> 87444 | D2: =SUM(D4:D86) -> 58113 | E2: =C2-D2 -> 29331 | F2: =IFERROR(E2/D2, 0) -> 0.50472356 | G2: =SUM(G4:G86) -> 0 | H2: =C2-G2 -> 87444 | I2: =IFERROR(H2/G2, 0) -> 0 | J2: =IF(AND(TODAY()>DATE(2024, 1, 1), COUNTA(Sites[Site])<>(COUNT(C:C)-1)), "Some sites are missing actual data; if new sites were added, make sure they are aligned correctly (including prior months!)", "")
A3: Site | B3: State | C3: Actual | D3: Expected | E3: Delta | F3: % | G3: Forecasted | H3: Delta | I3: % | J3: Notes | K3: Service Requests
A4: {=Sites[Site]} -> AZ: Cave Creek - DWES | B4: {=Sites[State]} -> AZ | C4: 32931 | D4: 30249 | E4: =IF(AND(ISNUMBER(C4),ISNUMBER(D4)), C4-D4, 0) -> 2682 | F4: =IFERROR(E4/D4, 0) -> 0.088664088 | G4: N/A | H4: =IF(AND(ISNUMBER(C4),ISNUMBER(G4)), C4-G4, "") | I4: =IFERROR(H4/G4, "") | J4: 1. Site was offline from 12:15 to 13:30 on 01/21 for the installation of new CTs and a meter. The system's readings returned to the correct range after troubleshooting on site. 2. Inverter 1-4 experienced multiple trip events throughout the month. 3. Inverter 1-6 was offline on 01/15/25, self-resolved, and came back online at 07:30 AM on 01/20/25. Inverter again went offline on 01/27/25 andbackonline on 01/28/25 4. Inverter 3-2 tripped offline at 08:30 on 01/20/25 and later self resolved, back online on 01/21. | K4: 1. SR094032 2. SR094314, SR094074 & SR092118 3. SR095603, SR097617 4. SR095749
A5: AZ: Cave Creek - HTES | B5: AZ | C5: 26765 | D5: 27864 | E5: =IF(AND(ISNUMBER(C5),ISNUMBER(D5)), C5-D5, 0) -> -1099 | F5: =IFERROR(E5/D5, 0) -> -0.039441573 | G5: N/A | H5: =IF(AND(ISNUMBER(C5),ISNUMBER(G5)), C5-G5, "") | I5: =IFERROR(H5/G5, "") | J5: 1.Inverter 1-7 is offline through the month. due to faulting on start up from Grid Frequency failures. 2. Site was offline from 10:15 to 11:00 on 01/22 for the installation of new CTs and a meter. The system's readings returned to the correct range from 01/23 3. Inverter 1-3 was offline throughout the month due to a frozen screen issue. | K5: 1. SR075156, SR094079 2. SR087559, SR095887 3. SR091482
A6: AZ: Cave Creek - LMES | B6: AZ | C6: 27748 | D6: N/A | E6: =IF(AND(ISNUMBER(C6),ISNUMBER(D6)), C6-D6, "") | F6: =IFERROR(E6/D6, 0) -> 0 | G6: N/A | H6: =IF(AND(ISNUMBER(C6),ISNUMBER(G6)), C6-G6, "") | I6: =IFERROR(H6/G6, "")

Sheet Feb
A1: {=portfolio} -> Cave Creek USD | D1: February Actual v. Expected | G1: February Actual v. Forecasted
A2: Total | C2: =SUM(C4:C88) -> 115381 | D2: =SUM(D4:D88) -> 59593 | E2: =C2-D2 -> 55788 | F2: =IFERROR(E2/D2, 0) -> 0.93615022 | G2: =SUM(G4:G88) -> 0 | H2: =C2-G2 -> 115381 | I2: =IFERROR(H2/G2, 0) -> 0 | J2: =IF(AND(TODAY()>DATE(2024, 2, 1), COUNTA(Sites[Site])<>(COUNT(C:C)-1)), "Some sites are missing actual data; if new sites were added, make sure they are aligned correctly (including prior months!)", "")
A3: Site | B3: State | C3: Actual | D3: Expected | E3: Delta | F3: % | G3: Forecasted | H3: Delta | I3: % | J3: Notes | K3: Service Requests
A4: {=Sites[Site]} -> AZ: Cave Creek - DWES | B4: {=Sites[State]} -> AZ | C4: 41596 | D4: 30973 | E4: =IF(AND(ISNUMBER(C4),ISNUMBER(D4)), C4-D4, 0) -> 10623 | F4: =IFERROR(E4/D4, "") -> 0.34297614 | G4: 0 | H4: =IF(AND(ISNUMBER(C4),ISNUMBER(G4)), C4-G4, "") -> 41596 | I4: =IFERROR(H4/G4, "") | J4: 1.Inverter 1-4 experienced multiple trip events throughout the month. 2. Inverters 1-6 was offline multiple times throughout the month, including on 02/01, 02/09, 02/14, 02/21, and 02/26, with self-resolving on 02/02, 02/11, 02/15, and 02/27. On 02/18, a technician identified a Display error 121 (Grid Overvolt), reenergized the inverter, and brought it back online at 11:00 AM the same day. Additional troubleshooting was required. 3. Inverter 3-2 tripped offline at 13:30 on 02/03 and self resolved, back online at 07:45 on 02/04 | K4: 1. SR094314, SR094074 ,SR092118 & SR096716 2. SR095603, SR097617 3. SR095749 | L4: SR094074 | M4: SR092118 | N4: SR096716 | O4: SR095603 | P4: SR097617 | Q4: SR095749
A5: AZ: Cave Creek - HTES | B5: AZ | C5: 45127 | D5: 28620 | E5: =IF(AND(ISNUMBER(C5),ISNUMBER(D5)), C5-D5, "") -> 16507 | F5: =IFERROR(E5/D5, "") -> 0.5767645 | G5: 0 | H5: =IF(AND(ISNUMBER(C5),ISNUMBER(G5)), C5-G5, "") -> 45127 | I5: =IFERROR(H5/G5, "") | J5: 1. Inverter 1.6 is underperforming by 5kW and is undergoing further troubleshooting during the PM event. 2. Inverter 1-7 is offline through the month. due to faulting on start up from Grid Frequency failures. 3. Inverter 1-3 was offline throughout the month due to a frozen screen issue. | K5: 1. SR097459 2. SR075156, SR094079 3. SR091482 | L5: SR075156 | M5: SR094079 | N5: SR091482
A6: AZ: Cave Creek - LMES | B6: AZ | C6: 28658 | D6: N/A | E6: =IF(AND(ISNUMBER(C6),ISNUMBER(D6)), C6-D6, "") | F6: =IFERROR(E6/D6, "") | G6: 0 | H6: =IF(AND(ISNUMBER(C6),ISNUMBER(G6)), C6-G6, "") -> 28658 | I6: =IFERROR(H6/G6, "")

Sheet Mar
A1: {=portfolio} -> Cave Creek USD | D1: March Actual v. Expected | G1: March Actual v. Forecasted
A2: Total | C2: =SUM(C4:C88) -> 140990 | D2: =SUM(D4:D88) -> 74940 | E2: =C2-D2 -> 66050 | F2: =IFERROR(E2/D2, 0) -> 0.88137176 | G2: =SUM(G4:G88) -> 0 | H2: =C2-G2 -> 140990 | I2: =IFERROR(H2/G2, 0) -> 0 | J2: =IF(AND(TODAY()>DATE(2024, 3, 1), COUNTA(Sites[Site])<>(COUNT(C:C)-1)), "Some sites are missing actual data; if new sites were added, make sure they are aligned correctly (including prior months!)", "")
A3: Site | B3: State | C3: Actual | D3: Expected | E3: Delta | F3: % | G3: Forecasted | H3: Delta | I3: % | J3: Notes | K3: Service Requests
A4: {=Sites[Site]} -> AZ: Cave Creek - DWES | B4: {=Sites[State]} -> AZ | C4: 51135 | D4: 36154 | E4: =IF(AND(ISNUMBER(C4),ISNUMBER(D4)), C4-D4, "") -> 14981 | F4: =IFERROR(E4/D4, "") -> 0.41436632 | G4: 0 | H4: =IF(AND(ISNUMBER(C4),ISNUMBER(G4)), C4-G4, "") -> 51135 | I4: =IFERROR(H4/G4, "") | J4: 1. Inverter 1.6 was frequently offline throughout the month. 2. Inverter 1.4 was offline on multiple days the entire month including 03/12 - 03/14 and 03/26 - 03/28 | K4: 1. SR097617 2. SR094314 | L4: SR094314
A5: AZ: Cave Creek - HTES | B5: AZ | C5: 54475 | D5: 38786 | E5: =IF(AND(ISNUMBER(C5),ISNUMBER(D5)), C5-D5, "") -> 15689 | F5: =IFERROR(E5/D5, "") -> 0.40450162 | G5: 0 | H5: =IF(AND(ISNUMBER(C5),ISNUMBER(G5)), C5-G5, "") -> 54475 | I5: =IFERROR(H5/G5, "") | J5: 1. Inverter 1.4 was offline on 03/26 and back online on 03/27 2. Inverter 1-3 was offline throughout the month due to a frozen screen issue. 3. Inverter 1.6 is underperforming by 5kW and is undergoing further troubleshooting during the PM event. | K5: 1. SR099023 2. SR091482 3. SR097459 | L5: SR091482 | M5: SR097459
A6: AZ: Cave Creek - LMES | B6: AZ | C6: 35380 | D6: N/A | E6: =IF(AND(ISNUMBER(C6),ISNUMBER(D6)), C6-D6, "") | F6: =IFERROR(E6/D6, "") | G6: 0 | H6: =IF(AND(ISNUMBER(C6),ISNUMBER(G6)), C6-G6, "") -> 35380 | I6: =IFERROR(H6/G6, "")

Sheet Apr
A1: {=portfolio} -> Cave Creek USD | D1: April Actual v. Expected | G1: April Actual v. Forecasted
A2: Total | C2: =SUM(C4:C88) -> 135395.82 | D2: =SUM(D4:D88) -> 85644.97 | E2: =C2-D2 -> 49750.85 | F2: =IFERROR(E2/D2, 0) -> 0.58089634 | G2: =SUM(G4:G88) -> 0 | H2: =C2-G2 -> 135395.82 | I2: =IFERROR(H2/G2, 0) -> 0 | J2: =IF(AND(TODAY()>DATE(2024, 4, 1), COUNTA(Sites[Site])<>(COUNT(C:C)-1)), "Some sites are missing actual data; if new sites were added, make sure they are aligned correctly (including prior months!)", "")
A3: Site | B3: State | C3: Actual | D3: Expected | E3: Delta | F3: % | G3: Forecasted | H3: Delta | I3: % | J3: Notes | K3: Service Requests
A4: {=Sites[Site]} -> AZ: Cave Creek - DWES | B4: {=Sites[State]} -> AZ | C4: 40824.36 | D4: 44419.86 | E4: =IF(AND(ISNUMBER(C4),ISNUMBER(D4)), C4-D4, "") -> -3595.5 | F4: =IFERROR(E4/D4, "") -> -0.080943524 | G4: 0 | H4: =IF(AND(ISNUMBER(C4),ISNUMBER(G4)), C4-G4, "") -> 40824.36 | I4: =IFERROR(H4/G4, "") | J4: 1.Inverter 1.4 was offline for most of the month. 2.Meter was not reporting production since 04/23. 3.Inverter 1.6 was offline on 04/06, 04/27 and inverter 1.6 produced at about half capacity on 04/18 and 04/20 | K4: 1.SR094314 2.SR095857 3.SR097617 | L4: SR095857 | M4: SR097617
A5: AZ: Cave Creek - HTES | B5: AZ | C5: 54418.46 | D5: 41225.11 | E5: =IF(AND(ISNUMBER(C5),ISNUMBER(D5)), C5-D5, "") -> 13193.35 | F5: =IFERROR(E5/D5, "") -> 0.32003189 | G5: 0 | H5: =IF(AND(ISNUMBER(C5),ISNUMBER(G5)), C5-G5, "") -> 54418.46 | I5: =IFERROR(H5/G5, "") | J5: 1. Meter was intermittently communicating after CTs were replaced. 2. Inverter 1-4 was offline for most of the days of the month 3. Inverter 1-3 was offline for throughout the month | K5: 1.SR095887 2.SR100961, SR099023 3.SR091482 | L5: SR100961 | M5: SR099023 | N5: SR091482
A6: AZ: Cave Creek - LMES | B6: AZ | C6: 40153 | D6: N/A | E6: =IF(AND(ISNUMBER(C6),ISNUMBER(D6)), C6-D6, "") | F6: =IFERROR(E6/D6, "") | G6: 0 | H6: =IF(AND(ISNUMBER(C6),ISNUMBER(G6)), C6-G6, "") -> 40153 | I6: =IFERROR(H6/G6, "")

Sheet May
A1: {=portfolio} -> Cave Creek USD | D1: May Actual v. Expected | G1: May Actual v. Forecasted
A2: Total | C2: =SUM(C4:C88) -> 117359.53 | D2: =SUM(D4:D88) -> 91017.06 | E2: =C2-D2 -> 26342.47 | F2: =IFERROR(E2/D2, 0) -> 0.28942343 | G2: =SUM(G4:G88) -> 0 | H2: =C2-G2 -> 117359.53 | I2: =IFERROR(H2/G2, 0) -> 0 | J2: =IF(AND(TODAY()>DATE(2024, 5, 1), COUNTA(Sites[Site])<>(COUNT(C:C)-1)), "Some sites are missing actual data; if new sites were added, make sure they are aligned correctly (including prior months!)", "")
A3: Site | B3: State | C3: Actual | D3: Expected | E3: Delta | F3: % | G3: Forecasted | H3: Delta | I3: % | J3: Notes | K3: Service Requests
A4: {=Sites[Site]} -> AZ: Cave Creek - DWES | B4: {=Sites[State]} -> AZ | C4: 46757 | D4: 46929.54 | E4: =IF(AND(ISNUMBER(C4),ISNUMBER(D4)), C4-D4, "") -> -172.54 | F4: =IFERROR(E4/D4, "") -> -0.0036765756 | G4: 0 | H4: =IF(AND(ISNUMBER(C4),ISNUMBER(G4)), C4-G4, "") -> 46757 | I4: =IFERROR(H4/G4, "") | J4: 1. Meter was not reporting production since 04/23. 2. Inverter 1.4 was offline for most of the days in month 3. Inverter 1.6 was offline on 05/06, 05/08, 05/16, 05/24, 05/26, 05/27 ,05/30 | K4: 1. SR095857 2.SR094314 3.SR097617 | L4: SR094314 | M4: SR097617
A5: AZ: Cave Creek - HTES | B5: AZ | C5: 27588.78 | D5: 44087.52 | E5: =IF(AND(ISNUMBER(C5),ISNUMBER(D5)), C5-D5, "") -> -16498.74 | F5: =IFERROR(E5/D5, "") -> -0.37422699 | G5: 0 | H5: =IF(AND(ISNUMBER(C5),ISNUMBER(G5)), C5-G5, "") -> 27588.78 | I5: =IFERROR(H5/G5, "") | J5: 1. Inverter 1-3 was offline for throughout the month 2.Inverter 1-4 was offline for most of the days of the month 3.All inverters tripped offline at 09:00 from 05/17 and remained offline for rest of the month 4.Meter was intermittently communicating after CTs were replaced. | K5: 1. SR091482 2. SR100961 3. SR101622 4. SR095887 | L5: SR100961 | M5: SR101622 | N5: SR095887
A6: AZ: Cave Creek - LMES | B6: AZ | C6: 43013.75 | D6: N/A | E6: =IF(AND(ISNUMBER(C6),ISNUMBER(D6)), C6-D6, "") | F6: =IFERROR(E6/D6, "") | G6: 0 | H6: =IF(AND(ISNUMBER(C6),ISNUMBER(G6)), C6-G6, "") -> 43013.75 | I6: =IFERROR(H6/G6, "")

Sheet Jun
A1: {=portfolio} -> Cave Creek USD | D1: June Actual v. Expected | G1: June Actual v. Forecasted
A2: Total | C2: =SUM(C4:C88) -> 93676.38 | D2: =SUM(D4:D88) -> 90414.84 | E2: =C2-D2 -> 3261.54 | F2: =IFERROR(E2/D2, 0) -> 0.036073061 | G2: =SUM(G4:G88) -> 0 | H2: =C2-G2 -> 93676.38 | I2: =IFERROR(H2/G2, 0) -> 0 | J2: =IF(AND(TODAY()>DATE(2024, 6, 1), COUNTA(Sites[Site])<>(COUNT(C:C)-1)), "Some sites are missing actual data; if new sites were added, make sure they are aligned correctly (including prior months!)", "")
A3: Site | B3: State | C3: Actual | D3: Expected | E3: Delta | F3: % | G3: Forecasted | H3: Delta | I3: % | J3: Notes | K3: Service Requests
A4: {=Sites[Site]} -> AZ: Cave Creek - DWES | B4: {=Sites[State]} -> AZ | C4: 46608.29 | D4: 46975.36 | E4: =IF(AND(ISNUMBER(C4),ISNUMBER(D4)), C4-D4, "") -> -367.07 | F4: =IFERROR(E4/D4, "") -> -0.0078140966 | G4: 0 | H4: =IF(AND(ISNUMBER(C4),ISNUMBER(G4)), C4-G4, "") -> 46608.29 | I4: =IFERROR(H4/G4, "") | J4: 1.Meter was not reporting production since 04/23. 2.Inverter 1.4 was offline for most of the days in month. 3.Inverter 1.6 was offline on 06/05, 06/06, 06/12 ,06/15, 06/16, 06/21, 06/25, 06/26 and was produced at about half capacity on 06/03, 06/08 | K4: 1. SR095857 2.SR094314 3.SR097617 | L4: SR094314 | M4: SR097617
A5: AZ: Cave Creek - HTES | B5: AZ | C5: 5944.59 | D5: 43439.48 | E5: =IF(AND(ISNUMBER(C5),ISNUMBER(D5)), C5-D5, "") -> -37494.89 | F5: =IFERROR(E5/D5, "") -> -0.86315237 | G5: 0 | H5: =IF(AND(ISNUMBER(C5),ISNUMBER(G5)), C5-G5, "") -> 5944.59 | I5: =IFERROR(H5/G5, "") | J5: 1.All inverters have been re-energized at 10:45 on 06/27 except inverters 1.2 ( fuses need to be replaced) and 1.3 (Waiting for manufacturer response) 2.Meter was intermittently communicating after CTs were replaced. | K5: 1.SR101622 2.SR095887 | L5: SR095887
A6: AZ: Cave Creek - LMES | B6: AZ | C6: 41123.5 | D6: N/A | E6: =IF(AND(ISNUMBER(C6),ISNUMBER(D6)), C6-D6, "") | F6: =IFERROR(E6/D6, "") | G6: 0 | H6: =IF(AND(ISNUMBER(C6),ISNUMBER(G6)), C6-G6, "") -> 41123.5 | I6: =IFERROR(H6/G6, "")

Sheet Jul
A1: {=portfolio} -> Cave Creek USD | D1: July Actual v. Expected | G1: July Actual v. Forecasted
A2: Total | C2: =SUM(C4:C88) -> 130770.19 | D2: =SUM(D4:D88) -> 87480.53 | E2: =C2-D2 -> 43289.66 | F2: =IFERROR(E2/D2, 0) -> 0.49484908 | G2: =SUM(G4:G88) -> 0 | H2: =C2-G2 -> 130770.19 | I2: =IFERROR(H2/G2, 0) -> 0 | J2: =IF(AND(TODAY()>DATE(2024, 7, 1), COUNTA(Sites[Site])<>(COUNT(C:C)-1)), "Some sites are missing actual data; if new sites were added, make sure they are aligned correctly (including prior months!)", "")
A3: Site | B3: State | C3: Actual | D3: Expected | E3: Delta | F3: % | G3: Forecasted | H3: Delta | I3: % | J3: Notes | K3: Service Requests
A4: {=Sites[Site]} -> AZ: Cave Creek - DWES | B4: {=Sites[State]} -> AZ | C4: 45559 | D4: 45632.54 | E4: =IF(AND(ISNUMBER(C4),ISNUMBER(D4)), C4-D4, "") -> -73.54 | F4: =IFERROR(E4/D4, "") -> -0.0016115693 | G4: 0 | H4: =IF(AND(ISNUMBER(C4),ISNUMBER(G4)), C4-G4, "") -> 45559 | I4: =IFERROR(H4/G4, "") | J4: 1. Meter was not reporting production since 04/23. 2. Inverter 1.4 was offline for most of the days in month. 3. Inverter 1.6 was offline on 07/04, 07/05, 07/06, 07/09, 07/14, 07/18, 07/24, 07/25 and 07/26. | K4: 1. SR095857 2. SR094314 3. SR097616 | L4: SR094314 | M4: SR097616
A5: AZ: Cave Creek - HTES | B5: AZ | C5: 46688.19 | D5: 41847.99 | E5: =IF(AND(ISNUMBER(C5),ISNUMBER(D5)), C5-D5, "") -> 4840.2 | F5: =IFERROR(E5/D5, "") -> 0.11566147 | G5: 0 | H5: =IF(AND(ISNUMBER(C5),ISNUMBER(G5)), C5-G5, "") -> 46688.19 | I5: =IFERROR(H5/G5, "") | J5: 1. Inverter 1.4 has been offline since 07/21. 2. Inverters 1.2 and 1.3 have been offline since 09:00 on 05/17 — Inverter 1.2 requires fuse replacement, and Inverter 1.3 is awaiting a manufacturer response. 3. Inverter 2.4 has been offline since 07/16. 4. Meter was intermittently communicating after CTs were replaced. | K5: 1. SR100961 2. SR101622, SR104488 3. SR104526 4. SR095887 | L5: SR101622 | M5: SR104488 | N5: SR104526 | O5: SR095887
A6: AZ: Cave Creek - LMES | B6: AZ | C6: 38523 | D6: N/A | E6: =IF(AND(ISNUMBER(C6),ISNUMBER(D6)), C6-D6, "") | F6: =IFERROR(E6/D6, "") | G6: 0 | H6: =IF(AND(ISNUMBER(C6),ISNUMBER(G6)), C6-G6, "") -> 38523 | I6: =IFERROR(H6/G6, "")

Sheet Aug
A1: {=portfolio} -> Cave Creek USD | D1: August Actual v. Expected | G1: August Actual v. Forecasted
A2: Total | C2: =SUM(C4:C88) -> 127315.08 | D2: =SUM(D4:D88) -> 83751.4 | E2: =C2-D2 -> 43563.68 | F2: =IFERROR(E2/D2, 0) -> 0.52015465 | G2: =SUM(G4:G88) -> 0 | H2: =C2-G2 -> 127315.08 | I2: =IFERROR(H2/G2, 0) -> 0 | J2: =IF(AND(TODAY()>DATE(2024, 8, 1), COUNTA(Sites[Site])<>(COUNT(C:C)-1)), "Some sites are missing actual data; if new sites were added, make sure they are aligned correctly (including prior months!)", "")
A3: Site | B3: State | C3: Actual | D3: Expected | E3: Delta | F3: % | G3: Forecasted | H3: Delta | I3: % | J3: Notes | K3: Service Requests
A4: {=Sites[Site]} -> AZ: Cave Creek - DWES | B4: {=Sites[State]} -> AZ | C4: 42565 | D4: 44053.25 | E4: =IF(AND(ISNUMBER(C4),ISNUMBER(D4)), C4-D4, "") -> -1488.25 | F4: =IFERROR(E4/D4, "") -> -0.033782979 | G4: 0 | H4: =IF(AND(ISNUMBER(C4),ISNUMBER(G4)), C4-G4, "") -> 42565 | I4: =IFERROR(H4/G4, "") | J4: 1. Meter was not reporting production since 04/23. 2. Inverter 1.4 was offline for most of the days in month. 3. Inverter 1.6 was offline for most of the days in month. | K4: 1. SR095857 2. SR094314 3. SR097617, SR106882 | L4: SR094314 | M4: SR097617 | N4: SR106882
A5: AZ: Cave Creek - HTES | B5: AZ | C5: 48030.08 | D5: 39698.15 | E5: =IF(AND(ISNUMBER(C5),ISNUMBER(D5)), C5-D5, "") -> 8331.93 | F5: =IFERROR(E5/D5, "") -> 0.20988207 | G5: 0 | H5: =IF(AND(ISNUMBER(C5),ISNUMBER(G5)), C5-G5, "") -> 48030.08 | I5: =IFERROR(H5/G5, "") | J5: 1. Inverter 1.4 has been offline since 07/21. 2. Inverters 1.2 and 1.3 have been offline since 09:00 on 05/17 — Inverter 1.2 requires fuse replacement, and Inverter 1.3 is awaiting a manufacturer response. 3. Inverter 2.4 has been offline since 07/16. 4. Meter was intermittently communicating after CTs were replaced. | K5: 1. SR100961 2. SR101622, SR104488 3. SR104526 4. SR095887 | L5: SR101622 | M5: SR104488 | N5: SR104526 | O5: SR095887
A6: AZ: Cave Creek - LMES | B6: AZ | C6: 36720 | D6: N/A | E6: =IF(AND(ISNUMBER(C6),ISNUMBER(D6)), C6-D6, "") | F6: =IFERROR(E6/D6, "") | G6: 0 | H6: =IF(AND(ISNUMBER(C6),ISNUMBER(G6)), C6-G6, "") -> 36720 | I6: =IFERROR(H6/G6, "")

Sheet Sep
A1: {=portfolio} -> Cave Creek USD | D1: September Actual v. Expected | G1: September Actual v. Forecasted
A2: Total | C2: =SUM(C4:C88) -> 88316 | D2: =SUM(D4:D88) -> 68247 | E2: =C2-D2 -> 20069 | F2: =IFERROR(E2/D2, 0) -> 0.29406421 | G2: =SUM(G4:G88) -> 0 | H2: =C2-G2 -> 88316 | I2: =IFERROR(H2/G2, 0) -> 0
A3: Site | B3: State | C3: Actual | D3: Expected | E3: Delta | F3: % | G3: Forecasted | H3: Delta | I3: % | J3: Notes | K3: Service Requests
A4: {=Sites[Site]} -> AZ: Cave Creek - DWES | B4: {=Sites[State]} -> AZ | C4: 34561 | D4: 35922 | E4: =IF(AND(ISNUMBER(C4),ISNUMBER(D4)), C4-D4, "") -> -1361 | F4: =IFERROR(E4/D4, "") -> -0.037887645 | G4: 0 | H4: =IF(AND(ISNUMBER(C4),ISNUMBER(G4)), C4-G4, "") -> 34561 | I4: =IFERROR(H4/G4, "") | J4: 1. Meter was not reporting production since 04/23. 2. Inverter 1.4 was offline for most of the days in month. 3. Inverter 1.6 was offline for most of the days in month. | K4: 1. SR095857 2. SR094314 3. SR097617, SR106882 | L4: SR094314 | M4: SR097617 | N4: SR106882
A5: AZ: Cave Creek - HTES | B5: AZ | C5: 23310 | D5: 32325 | E5: =IF(AND(ISNUMBER(C5),ISNUMBER(D5)), C5-D5, "") -> -9015 | F5: =IFERROR(E5/D5, "") -> -0.27888631 | G5: 0 | H5: =IF(AND(ISNUMBER(C5),ISNUMBER(G5)), C5-G5, "") -> 23310 | I5: =IFERROR(H5/G5, "") | J5: 1. Inverter 1.4 has been offline since 07/21. 2. Inverters 1.2 and 1.3 have been offline since 09:00 on 05/17 — Inverter 1.2 requires fuse replacement, and Inverter 1.3 is awaiting a manufacturer response. 3. Inverter 2.4 has been offline since 07/16. 4. Meter was intermittently communicating after CTs were replaced. 5. Site was offline from 18:45 on 09/18 to end of the month. | K5: 1. SR100961 2. SR101622, SR104488 3. SR104526 4. SR095887 5. SR108287 | L5: SR101622 | M5: SR104488 | N5: SR104526 | O5: SR095887 | P5: SR108287
A6: AZ: Cave Creek - LMES | B6: AZ | C6: 30445 | D6: N/A | E6: =IF(AND(ISNUMBER(C6),ISNUMBER(D6)), C6-D6, "") | F6: =IFERROR(E6/D6, "") | G6: 0 | H6: =IF(AND(ISNUMBER(C6),ISNUMBER(G6)), C6-G6, "") -> 30445 | I6: =IFERROR(H6/G6, "")

Sheet Oct
A1: {=portfolio} -> Cave Creek USD | D1: October Actual v. Expected | G1: October Actual v. Forecasted
A2: Total | C2: =SUM(C4:C88) -> 87241.29 | D2: =SUM(D4:D88) -> 62722.89 | E2: =C2-D2 -> 24518.4 | F2: =IFERROR(E2/D2, 0) -> 0.39090036 | G2: =SUM(G4:G88) -> 0 | H2: =C2-G2 -> 87241.29 | I2: =IFERROR(H2/G2, 0) -> 0 | J2: =IF(AND(TODAY()>DATE(2024, 10, 1), COUNTA(Sites[Site])<>(COUNT(C:C)-1)), "Some sites are missing actual data; if new sites were added, make sure they are aligned correctly (including prior months!)", "")
A3: Site | B3: State | C3: Actual | D3: Expected | E3: Delta | F3: % | G3: Forecasted | H3: Delta | I3: % | J3: Notes | K3: Service Requests | L3: Status
A4: {=Sites[Site]} -> AZ: Cave Creek - DWES | B4: {=Sites[State]} -> AZ | C4: 34335 | D4: 34744.96 | E4: =IF(AND(ISNUMBER(C4),ISNUMBER(D4)), C4-D4, "") -> -409.96 | F4: =IFERROR(E4/D4, "") -> -0.011799121 | G4: N/A | H4: =IF(AND(ISNUMBER(C4),ISNUMBER(G4)), C4-G4, "") | I4: =IFERROR(H4/G4, "") | J4: 1.Inverter 3.2 is offline on 10/02&10/03 and later back online on 10/04 2.Inverter 1.6 was offline on 10/05, 10/09,10/12,10/13 & 10/27 for whole day 3.Meter is not reporting to the DAS from 04/23 | K4: 1.SR108911 2.SR109059 3.SR095857 | L4: 1.Closed 2.Closed 3.Closed | M4: SR095857
A5: AZ: Cave Creek - HTES | B5: AZ | C5: 23431.29 | D5: 27977.93 | E5: =IF(AND(ISNUMBER(C5),ISNUMBER(D5)), C5-D5, "") -> -4546.64 | F5: =IFERROR(E5/D5, "") -> -0.16250809 | G5: N/A | H5: =IF(AND(ISNUMBER(C5),ISNUMBER(G5)), C5-G5, "") | I5: =IFERROR(H5/G5, "") | J5: 1.Meter was intermittently communicating after CTs were replaced. Additionally all inverters lost communication. 2.Site lost communicating from 10/29 as additional troubleshoot with modem was required. | K5: 1.SR095887 2.SR108287 | L5: 1.Closed 2.Pending 3.Closed
A6: AZ: Cave Creek - LMES | B6: AZ | C6: 29475 | D6: N/A | E6: =IF(AND(ISNUMBER(C6),ISNUMBER(D6)), C6-D6, "") | F6: =IFERROR(E6/D6, "") | G6: N/A | H6: =IF(AND(ISNUMBER(C6),ISNUMBER(G6)), C6-G6, "") | I6: =IFERROR(H6/G6, "") | J6: 1.Lift requires for Pyranometer cleaning | K6: 1.SR090187 | L6: 1.Closed

Sheet Nov
A1: {=portfolio} -> Cave Creek USD | D1: November Actual v. Expected | G1: November Actual v. Forecasted
A2: Total | C2: =SUM(C4:C88) -> 47461 | D2: =SUM(D4:D88) -> 25958 | E2: =C2-D2 -> 21503 | F2: =IFERROR(E2/D2, 0) -> 0.82837661 | G2: =SUM(G4:G88) -> 0 | H2: =C2-G2 -> 47461 | I2: =IFERROR(H2/G2, 0) -> 0 | J2: =IF(AND(TODAY()>DATE(2024, 11, 1), COUNTA(Sites[Site])<>(COUNT(C:C)-1)), "Some sites are missing actual data; if new sites were added, make sure they are aligned correctly (including prior months!)", "")
A3: Site | B3: State | C3: Actual | D3: Expected | E3: Delta | F3: % | G3: Forecasted | H3: Delta | I3: % | J3: Notes | K3: Service Requests | L3: Status
A4: {=Sites[Site]} -> AZ: Cave Creek - DWES | B4: {=Sites[State]} -> AZ | C4: 25368 | D4: 25958 | E4: =IF(AND(ISNUMBER(C4),ISNUMBER(D4)), C4-D4, "") -> -590 | F4: =IFERROR(E4/D4, "") -> -0.022729024 | G4: N/A | H4: =IF(AND(ISNUMBER(C4),ISNUMBER(G4)), C4-G4, "") | I4: =IFERROR(H4/G4, "") | J4: 1.Meter is not reporting to the DAS from 04/23 2.Inverter 1.6 offline on 11/05 and it came back online on 11/07 and again offline on 11/10 and it acme back online on 11/11 3.Inverter 1.6 offline on 11/28 and came back online on 11/29 | K4: 1. SR095857 2.SR110690 3. SR111823 | L4: 1.Closed 2.Closed 3.Closed | M4: SR111823
A5: AZ: Cave Creek - HTES | B5: AZ | C5: 0 | E5: =IF(AND(ISNUMBER(C5),ISNUMBER(D5)), C5-D5, "") | F5: =IFERROR(E5/D5, "") | G5: N/A | H5: =IF(AND(ISNUMBER(C5),ISNUMBER(G5)), C5-G5, "") | I5: =IFERROR(H5/G5, "") | J5: 1.Meter was intermittently communicating after CTs were replaced. Additionally all inverters lost communication. 2.Site lost communicating from 10/29 as additional troubleshoot with modem was required. | K5: 1.SR095887 2.SR108287 | L5: 1.Closed 2.Pending 3.Closed
A6: AZ: Cave Creek - LMES | B6: AZ | C6: 22093 | D6: 0 | E6: =IF(AND(ISNUMBER(C6),ISNUMBER(D6)), C6-D6, "") -> 22093 | F6: =IFERROR(E6/D6, "") | G6: N/A | H6: =IF(AND(ISNUMBER(C6),ISNUMBER(G6)), C6-G6, "") | I6: =IFERROR(H6/G6, "") | J6: 1.Lift requires for Pyranometer cleaning | K6: 1.SR090187 | L6: 1.Closed

Sheet Dec
A1: {=portfolio} -> Cave Creek USD | D1: December Actual v. Expected | G1: December Actual v. Forecasted
A2: Total | C2: =SUM(C4:C88) -> 47619 | D2: =SUM(D4:D88) -> 25468 | E2: =C2-D2 -> 22151 | F2: =IFERROR(E2/D2, 0) -> 0.86975813 | G2: =SUM(G4:G88) -> 0 | H2: =C2-G2 -> 47619 | I2: =IFERROR(H2/G2, 0) -> 0 | J2: =IF(AND(TODAY()>DATE(2024, 12, 1), COUNTA(Sites[Site])<>(COUNT(C:C)-1)), "Some sites are missing actual data; if new sites were added, make sure they are aligned correctly (including prior months!)", "")
A3: Site | B3: State | C3: Actual | D3: Expected | E3: Delta | F3: % | G3: Forecasted | H3: Delta | I3: % | J3: Notes | K3: Service Requests | L3: Status
A4: {=Sites[Site]} -> AZ: Cave Creek - DWES | B4: {=Sites[State]} -> AZ | C4: 25836 | D4: 25468 | E4: =IF(AND(ISNUMBER(C4),ISNUMBER(D4)), C4-D4, "") -> 368 | F4: =IFERROR(E4/D4, "") -> 0.014449505 | G4: N/A | H4: =IF(AND(ISNUMBER(C4),ISNUMBER(G4)), C4-G4, "") | I4: =IFERROR(H4/G4, "") | J4: 1. Meter was not communicated for whole month. | K4: 1. SR095857 | L4: 1. Closed
A5: AZ: Cave Creek - HTES | B5: AZ | C5: 0 | E5: =IF(AND(ISNUMBER(C5),ISNUMBER(D5)), C5-D5, "") | F5: =IFERROR(E5/D5, "") | G5: N/A | H5: =IF(AND(ISNUMBER(C5),ISNUMBER(G5)), C5-G5, "") | I5: =IFERROR(H5/G5, "") | J5: 1. Site was not communicated for whole month due to bad modem. | K5: 1. SR108287 | L5: 1. Pending
A6: AZ: Cave Creek - LMES | B6: AZ | C6: 21783 | D6: 0 | E6: =IF(AND(ISNUMBER(C6),ISNUMBER(D6)), C6-D6, "") -> 21783 | F6: =IFERROR(E6/D6, "") | G6: N/A | H6: =IF(AND(ISNUMBER(C6),ISNUMBER(G6)), C6-G6, "") | I6: =IFERROR(H6/G6, "") | J6: 1.Lift requires for Pyranometer cleaning | K6: 1.SR090187 | L6: 1.Closed

Sheet Sites
A1: Portfolio: | B1: Cave Creek USD
A3: Site DAS Name | B3: Site | C3: State | D3: Update | E3: DAS
A4: AZ: Cave Creek - DWES | B4: AZ: Cave Creek - DWES | C4: AZ
A5: AZ: Cave Creek - HTES | B5: AZ: Cave Creek - HTES | C5: AZ
A6: AZ: Cave Creek - LMES | B6: AZ: Cave Creek - LMES | C6: AZ
