Workbook
Name JanActual: #REF!
Name JanActual2: #REF!
Name JanExpected: #REF!
Name JanExpectedDelta: #REF!
Name JanExpectedPercent: #REF!
Name JanExpPercent: #REF!
Name JanForecasted: #REF!
Name JanForecastedDelta: #REF!
Name JanForecastedPercent: #REF!
Name portfolio: Sites!$B$1:$B$1
Name Year: Sites!#REF!

Sheet Year to Date
A1: {=portfolio} -> Generate Capital | E1: Year to Date Actual v. Expected | H1: Year to Date Actual v. Forecasted
A2: Total | D2: =SUM(D4:D260) -> 4.5427985e+08 | E2: =SUM(E4:E260) -> 2.7963552e+08 | F2: =D2-E2 -> 1.7464433e+08 | G2: =IFERROR(F2/E2, 0) -> 0.62454271 | H2: =SUM(H4:H260) -> 4.3473008e+08 | I2: =D2-H2 -> 19549763 | J2: =IFERROR(I2/H2, 0) -> 0.044969889
A3: Site | B3: State | C3: SOL# | D3: Actual | E3: Expected | F3: Delta | G3: % | H3: Forecasted | I3: Delta | J3: %
A4: {=Sites[Site]} -> K026 | B4: {=Sites[State]} -> NY | C4: =Sites[[#This Row],[SOL'#]] -> SOL-10356 | D4: =SUM('1st Qtr'!D4,'2nd Qtr'!D4,'3rd Qtr'!D4,'4th Qtr'!D4) -> 225804.75 | E4: =SUM('1st Qtr'!E4, '2nd Qtr'!E4, '3rd Qtr'!E4, '4th Qtr'!E4) -> 350601.78 | F4: =IF(AND(ISNUMBER(D4),ISNUMBER(E4)), D4-E4, "") -> -124797.03 | G4: =IFERROR(F4/E4, "") -> -0.35595094 | H4: =SUM('1st Qtr'!H4,'2nd Qtr'!H4,'3rd Qtr'!H4,'4th Qtr'!H4) -> 314456.89 | I4: =SUM('1st Qtr'!I4, '2nd Qtr'!I4, '3rd Qtr'!I4, '4th Qtr'!I4) -> -88652.141 | J4: =IFERROR(I4/H4, "") -> -0.28192144
A5: K041 | B5: NY | C5: =Sites[[#This Row],[SOL'#]] -> SOL-10357 | D5: =SUM('1st Qtr'!D5,'2nd Qtr'!D5,'3rd Qtr'!D5,'4th Qtr'!D5) -> 239804.34 | E5: =SUM('1st Qtr'!E5, '2nd Qtr'!E5, '3rd Qtr'!E5, '4th Qtr'!E5) -> 280822.54 | F5: =IF(AND(ISNUMBER(D5),ISNUMBER(E5)), D5-E5, "") -> -41018.193 | G5: =IFERROR(F5/E5, "") -> -0.14606446 | H5: =SUM('1st Qtr'!H5,'2nd Qtr'!H5,'3rd Qtr'!H5,'4th Qtr'!H5) -> 257372 | I5: =SUM('1st Qtr'!I5, '2nd Qtr'!I5, '3rd Qtr'!I5, '4th Qtr'!I5) -> -17567.656 | J5: =IFERROR(I5/H5, "") -> -0.068257838
A6: K043 | B6: NY | C6: =Sites[[#This Row],[SOL'#]] -> SOL-10358 | D6: =SUM('1st Qtr'!D6,'2nd Qtr'!D6,'3rd Qtr'!D6,'4th Qtr'!D6) -> 288563.34 | E6: =SUM('1st Qtr'!E6, '2nd Qtr'!E6, '3rd Qtr'!E6, '4th Qtr'!E6) -> 311654.07 | F6: =IF(AND(ISNUMBER(D6),ISNUMBER(E6)), D6-E6, "") -> -23090.724 | G6: =IFERROR(F6/E6, "") -> -0.074090879 | H6: =SUM('1st Qtr'!H6,'2nd Qtr'!H6,'3rd Qtr'!H6,'4th Qtr'!H6) -> 56772.278 | I6: =SUM('1st Qtr'!I6, '2nd Qtr'!I6, '3rd Qtr'!I6, '4th Qtr'!I6) -> 231791.07 | J6: =IFERROR(I6/H6, "") -> 4.0828213
A7: K058 | B7: NY | C7: =Sites[[#This Row],[SOL'#]] -> SOL-10360 | D7: =SUM('1st Qtr'!D7,'2nd Qtr'!D7,'3rd Qtr'!D7,'4th Qtr'!D7) -> 94898.875 | E7: =SUM('1st Qtr'!E7, '2nd Qtr'!E7, '3rd Qtr'!E7, '4th Qtr'!E7) -> 110097.18 | F7: =IF(AND(ISNUMBER(D7),ISNUMBER(E7)), D7-E7, "") -> -15198.306 | G7: =IFERROR(F7/E7, "") -> -0.13804446 | H7: =SUM('1st Qtr'!H7,'2nd Qtr'!H7,'3rd Qtr'!H7,'4th Qtr'!H7) -> 215922.72 | I7: =SUM('1st Qtr'!I7, '2nd Qtr'!I7, '3rd Qtr'!I7, '4th Qtr'!I7) -> -121023.84 | J7: =IFERROR(I7/H7, "") -> -0.56049611
A8: K115 | B8: NY | C8: =Sites[[#This Row],[SOL'#]] -> SOL-10361 | D8: =SUM('1st Qtr'!D8,'2nd Qtr'!D8,'3rd Qtr'!D8,'4th Qtr'!D8) -> 73114.289 | E8: =SUM('1st Qtr'!E8, '2nd Qtr'!E8, '3rd Qtr'!E8, '4th Qtr'!E8) -> 130258.31 | F8: =IF(AND(ISNUMBER(D8),ISNUMBER(E8)), D8-E8, "") -> -57144.02 | G8: =IFERROR(F8/E8, "") -> -0.4386977 | H8: =SUM('1st Qtr'!H8,'2nd Qtr'!H8,'3rd Qtr'!H8,'4th Qtr'!H8) -> 145405.69 | I8: =SUM('1st Qtr'!I8, '2nd Qtr'!I8, '3rd Qtr'!I8, '4th Qtr'!I8) -> -72291.404 | J8: =IFERROR(I8/H8, "") -> -0.49717038
A9: K152 | B9: NY | C9: =Sites[[#This Row],[SOL'#]] -> SOL-10362 | D9: =SUM('1st Qtr'!D9,'2nd Qtr'!D9,'3rd Qtr'!D9,'4th Qtr'!D9) -> 87875.438 | E9: =SUM('1st Qtr'!E9, '2nd Qtr'!E9, '3rd Qtr'!E9, '4th Qtr'!E9) -> 94402.486 | F9: =IF(AND(ISNUMBER(D9),ISNUMBER(E9)), D9-E9, "") -> -6527.048 | G9: =IFERROR(F9/E9, "") -> -0.069140637 | H9: =SUM('1st Qtr'!H9,'2nd Qtr'!H9,'3rd Qtr'!H9,'4th Qtr'!H9) -> 92383 | I9: =SUM('1st Qtr'!I9, '2nd Qtr'!I9, '3rd Qtr'!I9, '4th Qtr'!I9) -> -4507.562 | J9: =IFERROR(I9/H9, "") -> -0.048792115
A10: K166 | B10: NY | C10: =Sites[[#This Row],[SOL'#]] -> SOL-10363 | D10: =SUM('1st Qtr'!D10,'2nd Qtr'!D10,'3rd Qtr'!D10,'4th Qtr'!D10) -> 310025.12 | E10: =SUM('1st Qtr'!E10, '2nd Qtr'!E10, '3rd Qtr'!E10, '4th Qtr'!E10) -> 357544.06 | F10: =IF(AND(ISNUMBER(D10),ISNUMBER(E10)), D10-E10, "") -> -47518.936 | G10: =IFERROR(F10/E10, "") -> -0.13290372 | H10: =SUM('1st Qtr'!H10,'2nd Qtr'!H10,'3rd Qtr'!H10,'4th Qtr'!H10) -> 334066.95 | I10: =SUM('1st Qtr'!I10, '2nd Qtr'!I10, '3rd Qtr'!I10, '4th Qtr'!I10) -> -24041.822 | J10: =IFERROR(I10/H10, "") -> -0.071967078
A11: K206 | B11: NY | C11: =Sites[[#This Row],[SOL'#]] -> SOL-10927 | D11: =SUM('1st Qtr'!D11,'2nd Qtr'!D11,'3rd Qtr'!D11,'4th Qtr'!D11) -> 191433.34 | E11: =SUM('1st Qtr'!E11, '2nd Qtr'!E11, '3rd Qtr'!E11, '4th Qtr'!E11) -> 190220.26 | F11: =IF(AND(ISNUMBER(D11),ISNUMBER(E11)), D11-E11, "") -> 1213.0826 | G11: =IFERROR(F11/E11, "") -> 0.0063772525 | H11: =SUM('1st Qtr'!H11,'2nd Qtr'!H11,'3rd Qtr'!H11,'4th Qtr'!H11) -> 187779 | I11: =SUM('1st Qtr'!I11, '2nd Qtr'!I11, '3rd Qtr'!I11, '4th Qtr'!I11) -> 3654.3396 | J11: =IFERROR(I11/H11, "") -> 0.019460853
A12: K251 | B12: NY | C12: =Sites[[#This Row],[SOL'#]] -> SOL-10365 | D12: =SUM('1st Qtr'!D12,'2nd Qtr'!D12,'3rd Qtr'!D12,'4th Qtr'!D12) -> 191459.37 | E12: =SUM('1st Qtr'!E12, '2nd Qtr'!E12, '3rd Qtr'!E12, '4th Qtr'!E12) -> 0 | F12: =IF(AND(ISNUMBER(D12),ISNUMBER(E12)), D12-E12, "") -> 191459.37 | G12: =IFERROR(F12/E12, "") | H12: =SUM('1st Qtr'!H12,'2nd Qtr'!H12,'3rd Qtr'!H12,'4th Qtr'!H12) -> 215815.01 | I12: =SUM('1st Qtr'!I12, '2nd Qtr'!I12, '3rd Qtr'!I12, '4th Qtr'!I12) -> -24355.631 | J12: =IFERROR(I12/H12, "") -> -0.11285421
A13: K269 | B13: NY | C13: =Sites[[#This Row],[SOL'#]] -> SOL-10366 | D13: =SUM('1st Qtr'!D13,'2nd Qtr'!D13,'3rd Qtr'!D13,'4th Qtr'!D13) -> 191448.44 | E13: =SUM('1st Qtr'!E13, '2nd Qtr'!E13, '3rd Qtr'!E13, '4th Qtr'!E13) -> 233166.75 | F13: =IF(AND(ISNUMBER(D13),ISNUMBER(E13)), D13-E13, "") -> -41718.316 | G13: =IFERROR(F13/E13, "") -> -0.17892052 | H13: =SUM('1st Qtr'!H13,'2nd Qtr'!H13,'3rd Qtr'!H13,'4th Qtr'!H13) -> 202482.72 | I13: =SUM('1st Qtr'!I13, '2nd Qtr'!I13, '3rd Qtr'!I13, '4th Qtr'!I13) -> -11034.286 | J13: =IFERROR(I13/H13, "") -> -0.05449495
A14: K273 | B14: NY | C14: =Sites[[#This Row],[SOL'#]] -> SOL-10367 | D14: =SUM('1st Qtr'!D14,'2nd Qtr'!D14,'3rd Qtr'!D14,'4th Qtr'!D14) -> 173177.06 | E14: =SUM('1st Qtr'!E14, '2nd Qtr'!E14, '3rd Qtr'!E14, '4th Qtr'!E14) -> 0 | F14: =IF(AND(ISNUMBER(D14),ISNUMBER(E14)), D14-E14, "") -> 173177.06 | G14: =IFERROR(F14/E14, "") | H14: =SUM('1st Qtr'!H14,'2nd Qtr'!H14,'3rd Qtr'!H14,'4th Qtr'!H14) -> 233475 | I14: =SUM('1st Qtr'!I14, '2nd Qtr'!I14, '3rd Qtr'!I14, '4th Qtr'!I14) -> -72388.938 | J14: =IFERROR(I14/H14, "") -> -0.31005006
A15: K287 | B15: NY | C15: =Sites[[#This Row],[SOL'#]] -> SOL-10919 | D15: =SUM('1st Qtr'!D15,'2nd Qtr'!D15,'3rd Qtr'!D15,'4th Qtr'!D15) -> 167902.94 | E15: =SUM('1st Qtr'!E15, '2nd Qtr'!E15, '3rd Qtr'!E15, '4th Qtr'!E15) -> 152493.26 | F15: =IF(AND(ISNUMBER(D15),ISNUMBER(E15)), D15-E15, "") -> 15409.681 | G15: =IFERROR(F15/E15, "") -> 0.10105156 | H15: =SUM('1st Qtr'!H15,'2nd Qtr'!H15,'3rd Qtr'!H15,'4th Qtr'!H15) -> 177628 | I15: =SUM('1st Qtr'!I15, '2nd Qtr'!I15, '3rd Qtr'!I15, '4th Qtr'!I15) -> -9725.062 | J15: =IFERROR(I15/H15, "") -> -0.0547496
A16: K298 | B16: NY | C16: =Sites[[#This Row],[SOL'#]] -> SOL-10368 | D16: =SUM('1st Qtr'!D16,'2nd Qtr'!D16,'3rd Qtr'!D16,'4th Qtr'!D16) -> 176177.72 | E16: =SUM('1st Qtr'!E16, '2nd Qtr'!E16, '3rd Qtr'!E16, '4th Qtr'!E16) -> 200968.63 | F16: =IF(AND(ISNUMBER(D16),ISNUMBER(E16)), D16-E16, "") -> -24790.907 | G16: =IFERROR(F16/E16, "") -> -0.1233571 | H16: =SUM('1st Qtr'!H16,'2nd Qtr'!H16,'3rd Qtr'!H16,'4th Qtr'!H16) -> 193842 | I16: =SUM('1st Qtr'!I16, '2nd Qtr'!I16, '3rd Qtr'!I16, '4th Qtr'!I16) -> -17664.281 | J16: =IFERROR(I16/H16, "") -> -0.091127211
... A173: IL: Manhattan - Gougar (PW) | B173: IL | C173: =Sites[[#This Row],[SOL'#]] -> SOL-11148 | D173: =SUM('1st Qtr'!D173,'2nd Qtr'!D173,'3rd Qtr'!D173,'4th Qtr'!D173) -> 94776.515 | E173: =SUM('1st Qtr'!E173, '2nd Qtr'!E173, '3rd Qtr'!E173, '4th Qtr'!E173) -> 121981.2 | F173: =IF(AND(ISNUMBER(D173),ISNUMBER(E173)), D173-E173, "") -> -27204.685 | G173: =IFERROR(F173/E173, "") -> -0.22302359 | H173: =SUM('1st Qtr'!H173,'2nd Qtr'!H173,'3rd Qtr'!H173,'4th Qtr'!H173) -> 178632.9 | I173: =SUM('1st Qtr'!I173, '2nd Qtr'!I173, '3rd Qtr'!I173, '4th Qtr'!I173) -> -83856.385 | J173: =IFERROR(I173/H173, "") -> -0.46943416

Sheet 1st Qtr
A1: {=portfolio} -> Generate Capital | E1: 1st Quarter Actual v. Expected | H1: 1st Quarter Actual v. Forecasted
A2: Total | D2: =SUM(D4:D260) -> 73187517 | E2: =SUM(E4:E260) -> 31614296 | F2: =D2-E2 -> 41573221 | G2: =IFERROR(F2/E2, 0) -> 1.3150133 | H2: =SUM(H4:H296) -> 79163514 | I2: =D2-H2 -> -5975997.1 | J2: =IFERROR(I2/H2, 0) -> -0.075489285
A3: Site | B3: State | C3: SOL# | D3: Actual | E3: Expected | F3: Delta | G3: % | H3: Forecasted | I3: Delta | J3: %
A4: {=Sites[Site]} -> K026 | B4: {=Sites[State]} -> NY | C4: =Sites[[#This Row],[SOL'#]] -> SOL-10356 | D4: =SUM(Jan!D4,Feb!D4,Mar!D4) -> 59541.5 | E4: =SUM(Jan!E4,Feb!E4,Mar!E4) -> 72002.03 | F4: =IF(AND(ISNUMBER(D4),ISNUMBER(E4)), D4-E4, "") -> -12460.53 | G4: =IFERROR(F4/E4, "") -> -0.17305804 | H4: =SUM(Jan!H4,Feb!H4,Mar!H4) -> 50886.23 | I4: =SUM(Jan!I4,Feb!I4,Mar!I4) -> 8655.27 | J4: =IFERROR(I4/H4, "") -> 0.17009061
A5: K041 | B5: NY | C5: =Sites[[#This Row],[SOL'#]] -> SOL-10357 | D5: =SUM(Jan!D5,Feb!D5,Mar!D5) -> 45035.969 | E5: =SUM(Jan!E5,Feb!E5,Mar!E5) -> 56199.33 | F5: =IF(AND(ISNUMBER(D5),ISNUMBER(E5)), D5-E5, "") -> -11163.361 | G5: =IFERROR(F5/E5, "") -> -0.19863869 | H5: =SUM(Jan!H5,Feb!H5,Mar!H5) -> 46068 | I5: =SUM(Jan!I5,Feb!I5,Mar!I5) -> -1032.0312 | J5: =IFERROR(I5/H5, "") -> -0.022402345
A6: K043 | B6: NY | C6: =Sites[[#This Row],[SOL'#]] -> SOL-10358 | D6: =SUM(Jan!D6,Feb!D6,Mar!D6) -> 53077.094 | E6: =SUM(Jan!E6,Feb!E6,Mar!E6) -> 62413.61 | F6: =IF(AND(ISNUMBER(D6),ISNUMBER(E6)), D6-E6, "") -> -9336.5163 | G6: =IFERROR(F6/E6, "") -> -0.14959103 | H6: =SUM(Jan!H6,Feb!H6,Mar!H6) -> 10325 | I6: =SUM(Jan!I6,Feb!I6,Mar!I6) -> 42752.094 | J6: =IFERROR(I6/H6, "") -> 4.1406386
A7: K058 | B7: NY | C7: =Sites[[#This Row],[SOL'#]] -> SOL-10360 | D7: =SUM(Jan!D7,Feb!D7,Mar!D7) -> 12634.75 | E7: =SUM(Jan!E7,Feb!E7,Mar!E7) -> 22177.693 | F7: =IF(AND(ISNUMBER(D7),ISNUMBER(E7)), D7-E7, "") -> -9542.943 | G7: =IFERROR(F7/E7, "") -> -0.43029467 | H7: =SUM(Jan!H7,Feb!H7,Mar!H7) -> 39956.249 | I7: =SUM(Jan!I7,Feb!I7,Mar!I7) -> -27321.499 | J7: =IFERROR(I7/H7, "") -> -0.68378538
A8: K115 | B8: NY | C8: =Sites[[#This Row],[SOL'#]] -> SOL-10361 | D8: =SUM(Jan!D8,Feb!D8,Mar!D8) -> 11799.117 | E8: =SUM(Jan!E8,Feb!E8,Mar!E8) -> 26169.976 | F8: =IF(AND(ISNUMBER(D8),ISNUMBER(E8)), D8-E8, "") -> -14370.859 | G8: =IFERROR(F8/E8, "") -> -0.54913535 | H8: =SUM(Jan!H8,Feb!H8,Mar!H8) -> 25362.094 | I8: =SUM(Jan!I8,Feb!I8,Mar!I8) -> -13562.977 | J8: =IFERROR(I8/H8, "") -> -0.53477354
A9: K152 | B9: NY | C9: =Sites[[#This Row],[SOL'#]] -> SOL-10362 | D9: =SUM(Jan!D9,Feb!D9,Mar!D9) -> 16402.188 | E9: =SUM(Jan!E9,Feb!E9,Mar!E9) -> 18944.047 | F9: =IF(AND(ISNUMBER(D9),ISNUMBER(E9)), D9-E9, "") -> -2541.8595 | G9: =IFERROR(F9/E9, "") -> -0.13417722 | H9: =SUM(Jan!H9,Feb!H9,Mar!H9) -> 15415 | I9: =SUM(Jan!I9,Feb!I9,Mar!I9) -> 987.1875 | J9: =IFERROR(I9/H9, "") -> 0.064040707
A10: K166 | B10: NY | C10: =Sites[[#This Row],[SOL'#]] -> SOL-10363 | D10: =SUM(Jan!D10,Feb!D10,Mar!D10) -> 58816.625 | E10: =SUM(Jan!E10,Feb!E10,Mar!E10) -> 71150.65 | F10: =IF(AND(ISNUMBER(D10),ISNUMBER(E10)), D10-E10, "") -> -12334.025 | G10: =IFERROR(F10/E10, "") -> -0.17335084 | H10: =SUM(Jan!H10,Feb!H10,Mar!H10) -> 54476.13 | I10: =SUM(Jan!I10,Feb!I10,Mar!I10) -> 4340.495 | J10: =IFERROR(I10/H10, "") -> 0.079677007
A11: K206 | B11: NY | C11: =Sites[[#This Row],[SOL'#]] -> SOL-10927 | D11: =SUM(Jan!D11,Feb!D11,Mar!D11) -> 35230.824 | E11: =SUM(Jan!E11,Feb!E11,Mar!E11) -> 42404.21 | F11: =IF(AND(ISNUMBER(D11),ISNUMBER(E11)), D11-E11, "") -> -7173.386 | G11: =IFERROR(F11/E11, "") -> -0.16916684 | H11: =SUM(Jan!H11,Feb!H11,Mar!H11) -> 32033 | I11: =SUM(Jan!I11,Feb!I11,Mar!I11) -> 3197.824 | J11: =IFERROR(I11/H11, "") -> 0.099829051
A12: K251 | B12: NY | C12: =Sites[[#This Row],[SOL'#]] -> SOL-10365 | D12: =SUM(Jan!D12,Feb!D12,Mar!D12) -> 39545.375 | E12: =SUM(Jan!E12,Feb!E12,Mar!E12) -> 0 | F12: =IF(AND(ISNUMBER(D12),ISNUMBER(E12)), D12-E12, "") -> 39545.375 | G12: =IFERROR(F12/E12, "") | H12: =SUM(Jan!H12,Feb!H12,Mar!H12) -> 36320.712 | I12: =SUM(Jan!I12,Feb!I12,Mar!I12) -> 3224.663 | J12: =IFERROR(I12/H12, "") -> 0.088783034
A13: K269 | B13: NY | C13: =Sites[[#This Row],[SOL'#]] -> SOL-10366 | D13: =SUM(Jan!D13,Feb!D13,Mar!D13) -> 35207.875 | E13: =SUM(Jan!E13,Feb!E13,Mar!E13) -> 46926.1 | F13: =IF(AND(ISNUMBER(D13),ISNUMBER(E13)), D13-E13, "") -> -11718.225 | G13: =IFERROR(F13/E13, "") -> -0.24971658 | H13: =SUM(Jan!H13,Feb!H13,Mar!H13) -> 35757.562 | I13: =SUM(Jan!I13,Feb!I13,Mar!I13) -> -549.687 | J13: =IFERROR(I13/H13, "") -> -0.015372608
A14: K273 | B14: NY | C14: =Sites[[#This Row],[SOL'#]] -> SOL-10367 | D14: =SUM(Jan!D14,Feb!D14,Mar!D14) -> 37234.688 | E14: =SUM(Jan!E14,Feb!E14,Mar!E14) -> 0 | F14: =IF(AND(ISNUMBER(D14),ISNUMBER(E14)), D14-E14, "") -> 37234.688 | G14: =IFERROR(F14/E14, "") | H14: =SUM(Jan!H14,Feb!H14,Mar!H14) -> 42215 | I14: =SUM(Jan!I14,Feb!I14,Mar!I14) -> -4980.3125 | J14: =IFERROR(I14/H14, "") -> -0.11797495
A15: K287 | B15: NY | C15: =Sites[[#This Row],[SOL'#]] -> SOL-10919 | D15: =SUM(Jan!D15,Feb!D15,Mar!D15) -> 31794.094 | E15: =SUM(Jan!E15,Feb!E15,Mar!E15) -> 31809.195 | F15: =IF(AND(ISNUMBER(D15),ISNUMBER(E15)), D15-E15, "") -> -15.10125 | G15: =IFERROR(F15/E15, "") -> -0.0004747448 | H15: =SUM(Jan!H15,Feb!H15,Mar!H15) -> 31948 | I15: =SUM(Jan!I15,Feb!I15,Mar!I15) -> -153.90625 | J15: =IFERROR(I15/H15, "") -> -0.0048173986
A16: K298 | B16: NY | C16: =Sites[[#This Row],[SOL'#]] -> SOL-10368 | D16: =SUM(Jan!D16,Feb!D16,Mar!D16) -> 30988.312 | E16: =SUM(Jan!E16,Feb!E16,Mar!E16) -> 41019.48 | F16: =IF(AND(ISNUMBER(D16),ISNUMBER(E16)), D16-E16, "") -> -10031.168 | G16: =IFERROR(F16/E16, "") -> -0.24454643 | H16: =SUM(Jan!H16,Feb!H16,Mar!H16) -> 32201 | I16: =SUM(Jan!I16,Feb!I16,Mar!I16) -> -1212.6875 | J16: =IFERROR(I16/H16, "") -> -0.037659933
... A155: Ransom | B155: NY | C155: =Sites[[#This Row],[SOL'#]] -> SOL-11157 | D155: =SUM(Jan!D155,Feb!D155,Mar!D155) -> 573181.7 | E155: =SUM(Jan!E155,Feb!E155,Mar!E155) -> 0 | F155: =IF(AND(ISNUMBER(D155),ISNUMBER(E155)), D155-E155, "") -> 573181.7 | G155: =IFERROR(F155/E155, "") | H155: =SUM(Jan!H155,Feb!H155,Mar!H155) -> 0 | I155: =SUM(Jan!I155,Feb!I155,Mar!I155) -> 573181.7 | J155: =IFERROR(I155/H155, "")
A156: Horseheads - Wedge | B156: NY | C156: =Sites[[#This Row],[SOL'#]] -> SOL-11160 | D156: =SUM(Jan!D156,Feb!D155,Mar!D156) -> 351172 | E156: =SUM(Jan!E156,Feb!E156,Mar!E156) -> 0 | F156: =IF(AND(ISNUMBER(D156),ISNUMBER(E156)), D156-E156, "") -> 351172 | G156: =IFERROR(F156/E156, "") | H156: =SUM(Jan!H156,Feb!H156,Mar!H156) -> 0 | I156: =SUM(Jan!I156,Feb!I156,Mar!I156) -> 351172 | J156: =IFERROR(I156/H156, "")
A157: Otisville - Shoddy Hollow | B157: NY | C157: =Sites[[#This Row],[SOL'#]] -> SOL-11185 | D157: =SUM(Jan!D157,Feb!D157,Mar!D157) -> 770722.7 | E157: =SUM(Jan!E157,Feb!E157,Mar!E157) -> 0 | F157: =IF(AND(ISNUMBER(D157),ISNUMBER(E157)), D157-E157, "") -> 770722.7 | G157: =IFERROR(F157/E157, "") | H157: =SUM(Jan!H157,Feb!H157,Mar!H157) -> 0 | I157: =SUM(Jan!I157,Feb!I157,Mar!I157) -> 770722.7 | J157: =IFERROR(I157/H157, "")
A158: Wellsville - Chenunda Creek | B158: NY | C158: =Sites[[#This Row],[SOL'#]] -> SOL-11187 | D158: =SUM(Jan!D158,Feb!D158,Mar!D158) -> 367949.8 | E158: =SUM(Jan!E158,Feb!E158,Mar!E158) -> 0 | F158: =IF(AND(ISNUMBER(D158),ISNUMBER(E158)), D158-E158, "") -> 367949.8 | G158: =IFERROR(F158/E158, "") | H158: =SUM(Jan!H158,Feb!H158,Mar!H158) -> 0 | I158: =SUM(Jan!I158,Feb!I158,Mar!I158) -> 367949.8 | J158: =IFERROR(I158/H158, "")
A159: DC: Washington - Essex Condominium | B159: DC | C159: =Sites[[#This Row],[SOL'#]] -> SOL-10036 | D159: =SUM(Jan!D159,Feb!E159,Mar!D159) -> 6661.958 | E159: =SUM(Jan!E159,Feb!E159,Mar!E159) -> 7882.524 | F159: =IF(AND(ISNUMBER(D159),ISNUMBER(E159)), D159-E159, "") -> -1220.566 | G159: =IFERROR(F159/E159, "") -> -0.15484457 | H159: =SUM(Jan!H159,Feb!H159,Mar!H159) -> 8796.319 | I159: =SUM(Jan!I159,Feb!I159,Mar!I159) -> -2543.319 | J159: =IFERROR(I159/H159, "") -> -0.28913447
A160: HI: Waipahu - 94-246 Leoku St - E.F.G. | B160: HI | C160: =Sites[[#This Row],[SOL'#]] -> SOL-10071 | D160: =SUM(Jan!D160,Feb!D160,Mar!D160) -> 28914 | E160: =SUM(Jan!E160,Feb!E160,Mar!E160) -> 29374.276 | F160: =IF(AND(ISNUMBER(D160),ISNUMBER(E160)), D160-E160, "") -> -460.276 | G160: =IFERROR(F160/E160, "") -> -0.015669356 | H160: =SUM(Jan!H160,Feb!H160,Mar!H160) -> 32426.188 | I160: =SUM(Jan!I160,Feb!I160,Mar!I160) -> -3512.188 | J160: =IFERROR(I160/H160, "") -> -0.10831332
A161: HI: Waipahu - 94-099 Waipahu St - PV | B161: HI | C161: =Sites[[#This Row],[SOL'#]] -> SOL-10068 | D161: =SUM(Jan!D161,Feb!D161,Mar!D161) -> 34818 | E161: =SUM(Jan!E161,Feb!E161,Mar!E161) -> 28134.248 | F161: =IF(AND(ISNUMBER(D161),ISNUMBER(E161)), D161-E161, "") -> 6683.752 | G161: =IFERROR(F161/E161, "") -> 0.2375664 | H161: =SUM(Jan!H161,Feb!H161,Mar!H161) -> 32408.821 | I161: =SUM(Jan!I161,Feb!I161,Mar!I161) -> 2409.179 | J161: =IFERROR(I161/H161, "") -> 0.074337138
A162: IL: Prophetstown - 5170 Yager Road (PW) | B162: IL | C162: =Sites[[#This Row],[SOL'#]] -> SOL-11149 | D162: =SUM(Jan!D162,Feb!D162,Mar!D162) -> 0 | E162: =SUM(Jan!E162,Feb!E162,Mar!E162) -> 0 | F162: =IF(AND(ISNUMBER(D162),ISNUMBER(E162)), D162-E162, "") -> 0 | G162: =IFERROR(F162/E162, "") | H162: =SUM(Jan!H162,Feb!H162,Mar!H162) -> 0 | I162: =SUM(Jan!I162,Feb!I162,Mar!I162) -> 0 | J162: =IFERROR(I162/H162, "")
A163: IL: Viola - Goldenrod - (PW) | B163: IL | C163: =Sites[[#This Row],[SOL'#]] -> SOL-11132 | D163: =SUM(Jan!D163,Feb!D163,Mar!D163) -> 0 | E163: =SUM(Jan!E163,Feb!E163,Mar!E163) -> 0 | F163: =IF(AND(ISNUMBER(D163),ISNUMBER(E163)), D163-E163, "") -> 0 | G163: =IFERROR(F163/E163, "") | H163: =SUM(Jan!H163,Feb!H163,Mar!H163) -> 0 | I163: =SUM(Jan!I163,Feb!I163,Mar!I163) -> 0 | J163: =IFERROR(I163/H163, "")
A164: IL: Marengo - Grant - (PW) | B164: IL | C164: =Sites[[#This Row],[SOL'#]] -> SOL-11147 | D164: =SUM(Jan!D164,Feb!D164,Mar!D164) -> 0 | E164: =SUM(Jan!E164,Feb!E164,Mar!E164) -> 0 | F164: =IF(AND(ISNUMBER(D164),ISNUMBER(E164)), D164-E164, "") -> 0 | G164: =IFERROR(F164/E164, "") | H164: =SUM(Jan!H164,Feb!H164,Mar!H164) -> 0 | I164: =SUM(Jan!I164,Feb!I164,Mar!I164) -> 0 | J164: =IFERROR(I164/H164, "")
A165: NY: Cambridge - Cambridge (PW) | B165: NY | C165: =Sites[[#This Row],[SOL'#]] -> SOL-11126 | D165: =SUM(Jan!D165,Feb!D165,Mar!D165) -> 0 | E165: =SUM(Jan!E165,Feb!E165,Mar!E165) -> 0 | F165: =IF(AND(ISNUMBER(D165),ISNUMBER(E165)), D165-E165, "") -> 0 | G165: =IFERROR(F165/E165, "") | H165: =SUM(Jan!H165,Feb!H165,Mar!H165) -> 0 | I165: =SUM(Jan!I165,Feb!I165,Mar!I165) -> 0 | J165: =IFERROR(I165/H165, "")
A166: NY: Whitesville - Independence North | B166: NY | C166: =Sites[[#This Row],[SOL'#]] -> SOL-11186 | D166: =SUM(Jan!D166,Feb!D166,Mar!D166) -> 0 | E166: =SUM(Jan!E166,Feb!E166,Mar!E166) -> 0 | F166: =IF(AND(ISNUMBER(D166),ISNUMBER(E166)), D166-E166, "") -> 0 | G166: =IFERROR(F166/E166, "") | H166: =SUM(Jan!H166,Feb!H166,Mar!H166) -> 0 | I166: =SUM(Jan!I166,Feb!I166,Mar!I166) -> 0 | J166: =IFERROR(I166/H166, "")
A167: IL: Beecher - Cottage Grove North (PW) | B167: IL | C167: =Sites[[#This Row],[SOL'#]] -> SOL-11114 | D167: =SUM(Jan!D167,Feb!D167,Mar!D167) -> 0 | E167: =SUM(Jan!E167,Feb!E167,Mar!E167) -> 0 | F167: =IF(AND(ISNUMBER(D167),ISNUMBER(E167)), D167-E167, "") -> 0 | G167: =IFERROR(F167/E167, "") | H167: =SUM(Jan!H167,Feb!H167,Mar!H167) -> 0 | I167: =SUM(Jan!I167,Feb!I167,Mar!I167) -> 0 | J167: =IFERROR(I167/H167, "")
A168: IL: Beecher - Cottage Grove South (PW) | B168: IL | C168: =Sites[[#This Row],[SOL'#]] -> SOL-11115 | D168: =SUM(Jan!D168,Feb!D168,Mar!D168) -> 0 | E168: =SUM(Jan!E168,Feb!E168,Mar!E168) -> 0 | F168: =IF(AND(ISNUMBER(D168),ISNUMBER(E168)), D168-E168, "") -> 0 | G168: =IFERROR(F168/E168, "") | H168: =SUM(Jan!H168,Feb!H168,Mar!H168) -> 0 | I168: =SUM(Jan!I168,Feb!I168,Mar!I168) -> 0 | J168: =IFERROR(I168/H168, "")
A169: IL: Harvard - 9618 US HWY 14 (PW) | B169: IL | C169: =Sites[[#This Row],[SOL'#]] -> SOL-11110 | D169: =SUM(Jan!D169,Feb!D169,Mar!D169) -> 0 | E169: =SUM(Jan!E169,Feb!E169,Mar!E169) -> 0 | F169: =IF(AND(ISNUMBER(D169),ISNUMBER(E169)), D169-E169, "") -> 0 | G169: =IFERROR(F169/E169, "") | H169: =SUM(Jan!H169,Feb!H169,Mar!H169) -> 0 | I169: =SUM(Jan!I169,Feb!I169,Mar!I169) -> 0 | J169: =IFERROR(I169/H169, "")
A170: IL: Beecher - 701 E Goodenow Rd (PW) | B170: IL | C170: =Sites[[#This Row],[SOL'#]] -> SOL-11112 | D170: =SUM(Jan!D170,Feb!D170,Mar!D170) -> 0 | E170: =SUM(Jan!E170,Feb!E170,Mar!E170) -> 0 | F170: =IF(AND(ISNUMBER(D170),ISNUMBER(E170)), D170-E170, "") -> 0 | G170: =IFERROR(F170/E170, "") | H170: =SUM(Jan!H170,Feb!H170,Mar!H170) -> 0 | I170: =SUM(Jan!I170,Feb!I170,Mar!I170) -> 0 | J170: =IFERROR(I170/H170, "")
A171: NY: Stormville - Green Haven - (IRA) | B171: NY | C171: =Sites[[#This Row],[SOL'#]] -> SOL-11151 | D171: =SUM(Jan!D171,Feb!D171,Mar!D171) -> 0 | E171: =SUM(Jan!E171,Feb!E171,Mar!E171) -> 0 | F171: =IF(AND(ISNUMBER(D171),ISNUMBER(E171)), D171-E171, "") -> 0 | G171: =IFERROR(F171/E171, "") | H171: =SUM(Jan!H171,Feb!H171,Mar!H171) -> 0 | I171: =SUM(Jan!I171,Feb!I171,Mar!I171) -> 0 | J171: =IFERROR(I171/H171, "")
A172: IL: Hillsboro - Anacott (PW) | B172: IL | C172: =Sites[[#This Row],[SOL'#]] -> SOL-11134 | D172: =SUM(Jan!D172,Feb!D172,Mar!D172) -> 0 | E172: =SUM(Jan!E172,Feb!E172,Mar!E172) -> 0 | F172: =IF(AND(ISNUMBER(D172),ISNUMBER(E172)), D172-E172, "") -> 0 | H172: =SUM(Jan!H172,Feb!H172,Mar!H172) -> 0 | I172: =SUM(Jan!I172,Feb!I172,Mar!I172) -> 0
A173: IL: Manhattan - Gougar (PW) | B173: IL | C173: =Sites[[#This Row],[SOL'#]] -> SOL-11148 | D173: =SUM(Jan!D173,Feb!D173,Mar!D173) -> 0 | E173: =SUM(Jan!E173,Feb!E173,Mar!E173) -> 0 | F173: =IF(AND(ISNUMBER(D173),ISNUMBER(E173)), D173-E173, "") -> 0 | H173: =SUM(Jan!H173,Feb!H173,Mar!H173) -> 0 | I173: =SUM(Jan!I173,Feb!I173,Mar!I173) -> 0

Sheet 2nd Qtr
A1: {=portfolio} -> Generate Capital | E1: 2nd Quarter Actual v. Expected | H1: 2nd Quarter Actual v. Forecasted
A2: Total | D2: =SUM(D4:D258) -> 1.2100596e+08 | E2: =SUM(E4:E260) -> 46675282 | F2: =D2-E2 -> 74330683 | G2: =IFERROR(F2/E2, 0) -> 1.5925064 | H2: =SUM(H4:H258) -> 1.4163328e+08 | I2: =D2-H2 -> -20627314 | J2: =IFERROR(I2/H2, 0) -> -0.14563889
A3: Site | B3: State | C3: SOL# | D3: Actual | E3: Expected | F3: Delta | G3: % | H3: Forecasted | I3: Delta | J3: %
A4: {=Sites[Site]} -> K026 | B4: {=Sites[State]} -> NY | C4: =Sites[[#This Row],[SOL'#]] -> SOL-10356 | D4: =SUM(Apr!D4,May!D4,Jun!D4) -> 68306.5 | E4: =SUM(Apr!E4,May!E4,Jun!E4) -> 106688.99 | F4: =IF(AND(ISNUMBER(D4),ISNUMBER(E4)), D4-E4, "") -> -38382.49 | G4: =IFERROR(F4/E4, "") -> -0.35976055 | H4: =SUM(Apr!H4,May!H4,Jun!H4) -> 111665.88 | I4: =SUM(Apr!I4,May!I4,Jun!I4) -> -43359.38 | J4: =IFERROR(I4/H4, "") -> -0.38829569
A5: K041 | B5: NY | C5: =Sites[[#This Row],[SOL'#]] -> SOL-10357 | D5: =SUM(Apr!D5,May!D5,Jun!D5) -> 75953.406 | E5: =SUM(Apr!E5,May!E5,Jun!E5) -> 86786.34 | F5: =IF(AND(ISNUMBER(D5),ISNUMBER(E5)), D5-E5, "") -> -10832.934 | G5: =IFERROR(F5/E5, "") -> -0.12482303 | H5: =SUM(Apr!H5,May!H5,Jun!H5) -> 88785 | I5: =SUM(Apr!I5,May!I5,Jun!I5) -> -12831.594 | J5: =IFERROR(I5/H5, "") -> -0.14452434
A6: K043 | B6: NY | C6: =Sites[[#This Row],[SOL'#]] -> SOL-10358 | D6: =SUM(Apr!D6,May!D6,Jun!D6) -> 92752.25 | E6: =SUM(Apr!E6,May!E6,Jun!E6) -> 95284.617 | F6: =IF(AND(ISNUMBER(D6),ISNUMBER(E6)), D6-E6, "") -> -2532.3665 | G6: =IFERROR(F6/E6, "") -> -0.026576866 | H6: =SUM(Apr!H6,May!H6,Jun!H6) -> 19497.39 | I6: =SUM(Apr!I6,May!I6,Jun!I6) -> 73254.86 | J6: =IFERROR(I6/H6, "") -> 3.7571624
A7: K058 | B7: NY | C7: =Sites[[#This Row],[SOL'#]] -> SOL-10360 | D7: =SUM(Apr!D7,May!D7,Jun!D7) -> 0 | E7: =SUM(Apr!E7,May!E7,Jun!E7) -> 0 | F7: =IF(AND(ISNUMBER(D7),ISNUMBER(E7)), D7-E7, "") -> 0 | G7: =IFERROR(F7/E7, "") | H7: =SUM(Apr!H7,May!H7,Jun!H7) -> 59563 | I7: =SUM(Apr!I7,May!I7,Jun!I7) -> -59563 | J7: =IFERROR(I7/H7, "") -> -1
A8: K115 | B8: NY | C8: =Sites[[#This Row],[SOL'#]] -> SOL-10361 | D8: =SUM(Apr!D8,May!D8,Jun!D8) -> 17549.203 | E8: =SUM(Apr!E8,May!E8,Jun!E8) -> 33770.05 | F8: =IF(AND(ISNUMBER(D8),ISNUMBER(E8)), D8-E8, "") -> -16220.847 | G8: =IFERROR(F8/E8, "") -> -0.48033233 | H8: =SUM(Apr!H8,May!H8,Jun!H8) -> 50850.15 | I8: =SUM(Apr!I8,May!I8,Jun!I8) -> -33300.947 | J8: =IFERROR(I8/H8, "") -> -0.65488395
A9: K152 | B9: NY | C9: =Sites[[#This Row],[SOL'#]] -> SOL-10362 | D9: =SUM(Apr!D9,May!D9,Jun!D9) -> 27928.25 | E9: =SUM(Apr!E9,May!E9,Jun!E9) -> 29089.714 | F9: =IF(AND(ISNUMBER(D9),ISNUMBER(E9)), D9-E9, "") -> -1161.464 | G9: =IFERROR(F9/E9, "") -> -0.039926965 | H9: =SUM(Apr!H9,May!H9,Jun!H9) -> 32067 | I9: =SUM(Apr!I9,May!I9,Jun!I9) -> -4138.75 | J9: =IFERROR(I9/H9, "") -> -0.12906571
A10: K166 | B10: NY | C10: =Sites[[#This Row],[SOL'#]] -> SOL-10363 | D10: =SUM(Apr!D10,May!D10,Jun!D10) -> 102875.5 | E10: =SUM(Apr!E10,May!E10,Jun!E10) -> 110758.07 | F10: =IF(AND(ISNUMBER(D10),ISNUMBER(E10)), D10-E10, "") -> -7882.57 | G10: =IFERROR(F10/E10, "") -> -0.071169261 | H10: =SUM(Apr!H10,May!H10,Jun!H10) -> 117571.05 | I10: =SUM(Apr!I10,May!I10,Jun!I10) -> -14695.55 | J10: =IFERROR(I10/H10, "") -> -0.12499293
A11: K206 | B11: NY | C11: =Sites[[#This Row],[SOL'#]] -> SOL-10927 | D11: =SUM(Apr!D11,May!D11,Jun!D11) -> 60686.781 | E11: =SUM(Apr!E11,May!E11,Jun!E11) -> 58984.7 | F11: =IF(AND(ISNUMBER(D11),ISNUMBER(E11)), D11-E11, "") -> 1702.0813 | G11: =IFERROR(F11/E11, "") -> 0.028856318 | H11: =SUM(Apr!H11,May!H11,Jun!H11) -> 65939 | I11: =SUM(Apr!I11,May!I11,Jun!I11) -> -5252.2188 | J11: =IFERROR(I11/H11, "") -> -0.07965269
A12: K251 | B12: NY | C12: =Sites[[#This Row],[SOL'#]] -> SOL-10365 | D12: =SUM(Apr!D12,May!D12,Jun!D12) -> 55076 | E12: =SUM(Apr!E12,May!E12,Jun!E12) -> 0 | F12: =IF(AND(ISNUMBER(D12),ISNUMBER(E12)), D12-E12, "") -> 55076 | G12: =IFERROR(F12/E12, "") | H12: =SUM(Apr!H12,May!H12,Jun!H12) -> 74161.86 | I12: =SUM(Apr!I12,May!I12,Jun!I12) -> -19085.86 | J12: =IFERROR(I12/H12, "") -> -0.25735412
A13: K269 | B13: NY | C13: =Sites[[#This Row],[SOL'#]] -> SOL-10366 | D13: =SUM(Apr!D13,May!D13,Jun!D13) -> 60935.25 | E13: =SUM(Apr!E13,May!E13,Jun!E13) -> 70904.83 | F13: =IF(AND(ISNUMBER(D13),ISNUMBER(E13)), D13-E13, "") -> -9969.58 | G13: =IFERROR(F13/E13, "") -> -0.14060509 | H13: =SUM(Apr!H13,May!H13,Jun!H13) -> 69988.55 | I13: =SUM(Apr!I13,May!I13,Jun!I13) -> -9053.3 | J13: =IFERROR(I13/H13, "") -> -0.12935402
A14: K273 | B14: NY | C14: =Sites[[#This Row],[SOL'#]] -> SOL-10367 | D14: =SUM(Apr!D14,May!D14,Jun!D14) -> 62937.188 | E14: =SUM(Apr!E14,May!E14,Jun!E14) -> 0 | F14: =IF(AND(ISNUMBER(D14),ISNUMBER(E14)), D14-E14, "") -> 62937.188 | G14: =IFERROR(F14/E14, "") | H14: =SUM(Apr!H14,May!H14,Jun!H14) -> 89807 | I14: =SUM(Apr!I14,May!I14,Jun!I14) -> -26869.812 | J14: =IFERROR(I14/H14, "") -> -0.29919508
A15: K287 | B15: NY | C15: =Sites[[#This Row],[SOL'#]] -> SOL-10919 | D15: =SUM(Apr!D15,May!D15,Jun!D15) -> 52962.812 | E15: =SUM(Apr!E15,May!E15,Jun!E15) -> 46110.94 | F15: =IF(AND(ISNUMBER(D15),ISNUMBER(E15)), D15-E15, "") -> 6851.8725 | G15: =IFERROR(F15/E15, "") -> 0.14859538 | H15: =SUM(Apr!H15,May!H15,Jun!H15) -> 61335 | I15: =SUM(Apr!I15,May!I15,Jun!I15) -> -8372.1875 | J15: =IFERROR(I15/H15, "") -> -0.13649935
A16: K298 | B16: NY | C16: =Sites[[#This Row],[SOL'#]] -> SOL-10368 | D16: =SUM(Apr!D16,May!D16,Jun!D16) -> 57863.906 | E16: =SUM(Apr!E16,May!E16,Jun!E16) -> 60971.71 | F16: =IF(AND(ISNUMBER(D16),ISNUMBER(E16)), D16-E16, "") -> -3107.8038 | G16: =IFERROR(F16/E16, "") -> -0.050971241 | H16: =SUM(Apr!H16,May!H16,Jun!H16) -> 70465 | I16: =SUM(Apr!I16,May!I16,Jun!I16) -> -12601.094 | J16: =IFERROR(I16/H16, "") -> -0.1788277
... A173: IL: Manhattan - Gougar (PW) | B173: IL | C173: =Sites[[#This Row],[SOL'#]] -> SOL-11148 | D173: =SUM(Apr!D173,May!D173,Jun!D173) -> 0 | E173: =SUM(Apr!E173,May!E173,Jun!E173) -> 0 | F173: =IF(AND(ISNUMBER(D173),ISNUMBER(E173)), D173-E173, "") -> 0 | G173: =IFERROR(F173/E173, "") | H173: =SUM(Apr!H173,May!H173,Jun!H173) -> 0 | I173: =SUM(Apr!I173,May!I173,Jun!I173) -> 0 | J173: =IFERROR(I173/H173, "")
J201: =IFERROR(I201/H201, "")

Sheet 3rd Qtr
A1: {=portfolio} -> Generate Capital | E1: 3rd Quarter Actual v. Expected | H1: 3rd Quarter Actual v. Forecasted
A2: Total | D2: =SUM(D4:D200) -> 1.5444095e+08 | E2: =SUM(E4:E200) -> 1.4226399e+08 | F2: =D2-E2 -> 12176955 | G2: =IFERROR(F2/E2, 0) -> 0.085594079 | H2: =SUM(H4:H200) -> 1.4191984e+08 | I2: =D2-H2 -> 12521105 | J2: =IFERROR(I2/H2, 0) -> 0.088226597
A3: Site | B3: State | C3: SOL# | D3: Actual | E3: Expected | F3: Delta | G3: % | H3: Forecasted | I3: Delta | J3: %
A4: {=Sites[Site]} -> K026 | B4: {=Sites[State]} -> NY | C4: =Sites[[#This Row],[SOL'#]] -> SOL-10356 | D4: =SUM(Jul!D4, Aug!D4, Sep!D4) -> 67502.625 | E4: =SUM(Jul!E4, Aug!E4, Sep!E4) -> 116340.78 | F4: =IF(AND(ISNUMBER(D4),ISNUMBER(E4)), D4-E4, "") -> -48838.159 | G4: =IFERROR(F4/E4, "") -> -0.41978537 | H4: =SUM(Jul!H4,Aug!H4,Sep!H4) -> 105071.8 | I4: =SUM(Jul!I4, Aug!I4, Sep!I4) -> -37569.18 | J4: =IFERROR(I4/H4, "") -> -0.3575572
A5: K041 | B5: NY | C5: =Sites[[#This Row],[SOL'#]] -> SOL-10357 | D5: =SUM(Jul!D5, Aug!D5, Sep!D5) -> 83369.312 | E5: =SUM(Jul!E5, Aug!E5, Sep!E5) -> 94700.345 | F5: =IF(AND(ISNUMBER(D5),ISNUMBER(E5)), D5-E5, "") -> -11331.033 | G5: =IFERROR(F5/E5, "") -> -0.11965144 | H5: =SUM(Jul!H5,Aug!H5,Sep!H5) -> 84647 | I5: =SUM(Jul!I5, Aug!I5, Sep!I5) -> -1277.6875 | J5: =IFERROR(I5/H5, "") -> -0.015094303
A6: K043 | B6: NY | C6: =Sites[[#This Row],[SOL'#]] -> SOL-10358 | D6: =SUM(Jul!D6, Aug!D6, Sep!D6) -> 100275.62 | E6: =SUM(Jul!E6, Aug!E6, Sep!E6) -> 105766.01 | F6: =IF(AND(ISNUMBER(D6),ISNUMBER(E6)), D6-E6, "") -> -5490.386 | G6: =IFERROR(F6/E6, "") -> -0.051910684 | H6: =SUM(Jul!H6,Aug!H6,Sep!H6) -> 18422.888 | I6: =SUM(Jul!I6, Aug!I6, Sep!I6) -> 81852.737 | J6: =IFERROR(I6/H6, "") -> 4.4429916
A7: K058 | B7: NY | C7: =Sites[[#This Row],[SOL'#]] -> SOL-10360 | D7: =SUM(Jul!D7, Aug!D7, Sep!D7) -> 47810.75 | E7: =SUM(Jul!E7, Aug!E7, Sep!E7) -> 49255.904 | F7: =IF(AND(ISNUMBER(D7),ISNUMBER(E7)), D7-E7, "") -> -1445.1535 | G7: =IFERROR(F7/E7, "") -> -0.029339701 | H7: =SUM(Jul!H7,Aug!H7,Sep!H7) -> 79064.713 | I7: =SUM(Jul!I7, Aug!I7, Sep!I7) -> -31253.963 | J7: =IFERROR(I7/H7, "") -> -0.39529597
A8: K115 | B8: NY | C8: =Sites[[#This Row],[SOL'#]] -> SOL-10361 | D8: =SUM(Jul!D8, Aug!D8, Sep!D8) -> 23853.328 | E8: =SUM(Jul!E8, Aug!E8, Sep!E8) -> 45857.462 | F8: =IF(AND(ISNUMBER(D8),ISNUMBER(E8)), D8-E8, "") -> -22004.134 | G8: =IFERROR(F8/E8, "") -> -0.47983759 | H8: =SUM(Jul!H8,Aug!H8,Sep!H8) -> 48263.555 | I8: =SUM(Jul!I8, Aug!I8, Sep!I8) -> -24410.227 | J8: =IFERROR(I8/H8, "") -> -0.50576935
A9: K152 | B9: NY | C9: =Sites[[#This Row],[SOL'#]] -> SOL-10362 | D9: =SUM(Jul!D9, Aug!D9, Sep!D9) -> 30753.563 | E9: =SUM(Jul!E9, Aug!E9, Sep!E9) -> 31815.94 | F9: =IF(AND(ISNUMBER(D9),ISNUMBER(E9)), D9-E9, "") -> -1062.377 | G9: =IFERROR(F9/E9, "") -> -0.033391344 | H9: =SUM(Jul!H9,Aug!H9,Sep!H9) -> 30294 | I9: =SUM(Jul!I9, Aug!I9, Sep!I9) -> 459.563 | J9: =IFERROR(I9/H9, "") -> 0.0151701
A10: K166 | B10: NY | C10: =Sites[[#This Row],[SOL'#]] -> SOL-10363 | D10: =SUM(Jul!D10, Aug!D10, Sep!D10) -> 108447.88 | E10: =SUM(Jul!E10, Aug!E10, Sep!E10) -> 121781.59 | F10: =IF(AND(ISNUMBER(D10),ISNUMBER(E10)), D10-E10, "") -> -13333.716 | G10: =IFERROR(F10/E10, "") -> -0.10948877 | H10: =SUM(Jul!H10,Aug!H10,Sep!H10) -> 111255.99 | I10: =SUM(Jul!I10, Aug!I10, Sep!I10) -> -2808.112 | J10: =IFERROR(I10/H10, "") -> -0.025240098
A11: K206 | B11: NY | C11: =Sites[[#This Row],[SOL'#]] -> SOL-10927 | D11: =SUM(Jul!D11, Aug!D11, Sep!D11) -> 68533.984 | E11: =SUM(Jul!E11, Aug!E11, Sep!E11) -> 63397.64 | F11: =IF(AND(ISNUMBER(D11),ISNUMBER(E11)), D11-E11, "") -> 5136.3444 | G11: =IFERROR(F11/E11, "") -> 0.081017911 | H11: =SUM(Jul!H11,Aug!H11,Sep!H11) -> 63283 | I11: =SUM(Jul!I11, Aug!I11, Sep!I11) -> 5250.9844 | J11: =IFERROR(I11/H11, "") -> 0.082976224
A12: K251 | B12: NY | C12: =Sites[[#This Row],[SOL'#]] -> SOL-10365 | D12: =SUM(Jul!D12, Aug!D12, Sep!D12) -> 65859.812 | E12: =SUM(Jul!E12, Aug!E12, Sep!E12) -> 0 | F12: =IF(AND(ISNUMBER(D12),ISNUMBER(E12)), D12-E12, "") -> 65859.812 | G12: =IFERROR(F12/E12, "") | H12: =SUM(Jul!H12,Aug!H12,Sep!H12) -> 70866.957 | I12: =SUM(Jul!I12, Aug!I12, Sep!I12) -> -5007.1445 | J12: =IFERROR(I12/H12, "") -> -0.07065556
A13: K269 | B13: NY | C13: =Sites[[#This Row],[SOL'#]] -> SOL-10366 | D13: =SUM(Jul!D13, Aug!D13, Sep!D13) -> 67163 | E13: =SUM(Jul!E13, Aug!E13, Sep!E13) -> 78829.963 | F13: =IF(AND(ISNUMBER(D13),ISNUMBER(E13)), D13-E13, "") -> -11666.963 | G13: =IFERROR(F13/E13, "") -> -0.14800162 | H13: =SUM(Jul!H13,Aug!H13,Sep!H13) -> 67148.255 | I13: =SUM(Jul!I13, Aug!I13, Sep!I13) -> 14.7455 | J13: =IFERROR(I13/H13, "") -> 0.00021959618
A14: K273 | B14: NY | C14: =Sites[[#This Row],[SOL'#]] -> SOL-10367 | D14: =SUM(Jul!D14, Aug!D14, Sep!D14) -> 47901.562 | E14: =SUM(Jul!E14, Aug!E14, Sep!E14) -> 0 | F14: =IF(AND(ISNUMBER(D14),ISNUMBER(E14)), D14-E14, "") -> 47901.562 | G14: =IFERROR(F14/E14, "") | H14: =SUM(Jul!H14,Aug!H14,Sep!H14) -> 61742 | I14: =SUM(Jul!I14, Aug!I14, Sep!I14) -> -25931.438 | J14: =IFERROR(I14/H14, "") -> -0.41999672
A15: K287 | B15: NY | C15: =Sites[[#This Row],[SOL'#]] -> SOL-10919 | D15: =SUM(Jul!D15, Aug!D15, Sep!D15) -> 57940.532 | E15: =SUM(Jul!E15, Aug!E15, Sep!E15) -> 50076.436 | F15: =IF(AND(ISNUMBER(D15),ISNUMBER(E15)), D15-E15, "") -> 7864.0958 | G15: =IFERROR(F15/E15, "") -> 0.15704184 | H15: =SUM(Jul!H15,Aug!H15,Sep!H15) -> 57858 | I15: =SUM(Jul!I15, Aug!I15, Sep!I15) -> 82.53175 | J15: =IFERROR(I15/H15, "") -> 0.0014264536
A16: K298 | B16: NY | C16: =Sites[[#This Row],[SOL'#]] -> SOL-10368 | D16: =SUM(Jul!D16, Aug!D16, Sep!D16) -> 63226.188 | E16: =SUM(Jul!E16, Aug!E16, Sep!E16) -> 67072.088 | F16: =IF(AND(ISNUMBER(D16),ISNUMBER(E16)), D16-E16, "") -> -3845.9 | G16: =IFERROR(F16/E16, "") -> -0.057339798 | H16: =SUM(Jul!H16,Aug!H16,Sep!H16) -> 66523 | I16: =SUM(Jul!I16, Aug!I16, Sep!I16) -> -3296.812 | J16: =IFERROR(I16/H16, "") -> -0.04955898
... A173: IL: Manhattan - Gougar (PW) | B173: IL | C173: =Sites[[#This Row],[SOL'#]] -> SOL-11148 | D173: =SUM(Jul!D173, Aug!D173, Sep!D173) -> 0 | E173: =SUM(Jul!E173, Aug!E173, Sep!E173) -> 0 | F173: =IF(AND(ISNUMBER(D173),ISNUMBER(E173)), D173-E173, "") -> 0 | G173: =IFERROR(F173/E173, "") | H173: =SUM(Jul!H173,Aug!H173,Sep!H173) -> 0 | I173: =SUM(Jul!I173, Aug!I173, Sep!I173) -> 0 | J173: =IFERROR(I173/H173, "")

Sheet 4th Qtr
A1: {=portfolio} -> Generate Capital | E1: 4th Quarter Actual v. Expected | H1: 4th Quarter Actual v. Forecasted
A2: Total | D2: =SUM(D4:D258) -> 1.0564542e+08 | E2: =SUM(E4:E283) -> 59081950 | F2: =D2-E2 -> 46563467 | G2: =IFERROR(F2/E2, 0) -> 0.78811663 | H2: =SUM(H4:H258) -> 72013447 | I2: =D2-H2 -> 33631970 | J2: =IFERROR(I2/H2, 0) -> 0.46702347
A3: Site | B3: State | C3: SOL# | D3: Actual | E3: Expected | F3: Delta | G3: % | H3: Forecasted | I3: Delta | J3: %
A4: {=Sites[Site]} -> K026 | B4: {=Sites[State]} -> NY | C4: =Sites[[#This Row],[SOL'#]] -> SOL-10356 | D4: =SUM(Oct!D4, Nov!D4, Dec!D4) -> 30454.125 | E4: =SUM(Oct!E4, Nov!E4, Dec!E4) -> 55569.98 | F4: =IF(AND(ISNUMBER(D4),ISNUMBER(E4)), D4-E4, "") -> -25115.855 | G4: =IFERROR(F4/E4, "") -> -0.45196804 | H4: =SUM(Oct!H4,Nov!H4,Dec!H4) -> 46832.976 | I4: =SUM(Oct!I4, Nov!I4, Dec!I4) -> -16378.851 | J4: =IFERROR(I4/H4, "") -> -0.34972902
A5: K041 | B5: NY | C5: =Sites[[#This Row],[SOL'#]] -> SOL-10357 | D5: =SUM(Oct!D5, Nov!D5, Dec!D5) -> 35445.656 | E5: =SUM(Oct!E5, Nov!E5, Dec!E5) -> 43136.522 | F5: =IF(AND(ISNUMBER(D5),ISNUMBER(E5)), D5-E5, "") -> -7690.8657 | G5: =IFERROR(F5/E5, "") -> -0.17829128 | H5: =SUM(Oct!H5,Nov!H5,Dec!H5) -> 37872 | I5: =SUM(Oct!I5, Nov!I5, Dec!I5) -> -2426.3438 | J5: =IFERROR(I5/H5, "") -> -0.064066956
A6: K043 | B6: NY | C6: =Sites[[#This Row],[SOL'#]] -> SOL-10358 | D6: =SUM(Oct!D6, Nov!D6, Dec!D6) -> 42458.375 | E6: =SUM(Oct!E6, Nov!E6, Dec!E6) -> 48189.83 | F6: =IF(AND(ISNUMBER(D6),ISNUMBER(E6)), D6-E6, "") -> -5731.455 | G6: =IFERROR(F6/E6, "") -> -0.11893495 | H6: =SUM(Oct!H6,Nov!H6,Dec!H6) -> 8527 | I6: =SUM(Oct!I6, Nov!I6, Dec!I6) -> 33931.375 | J6: =IFERROR(I6/H6, "") -> 3.9792864
A7: K058 | B7: NY | C7: =Sites[[#This Row],[SOL'#]] -> SOL-10360 | D7: =SUM(Oct!D7, Nov!D7, Dec!D7) -> 34453.375 | E7: =SUM(Oct!E7, Nov!E7, Dec!E7) -> 38663.584 | F7: =IF(AND(ISNUMBER(D7),ISNUMBER(E7)), D7-E7, "") -> -4210.209 | G7: =IFERROR(F7/E7, "") -> -0.1088934 | H7: =SUM(Oct!H7,Nov!H7,Dec!H7) -> 37338.756 | I7: =SUM(Oct!I7, Nov!I7, Dec!I7) -> -2885.381 | J7: =IFERROR(I7/H7, "") -> -0.077275767
A8: K115 | B8: NY | C8: =Sites[[#This Row],[SOL'#]] -> SOL-10361 | D8: =SUM(Oct!D8, Nov!D8, Dec!D8) -> 19912.641 | E8: =SUM(Oct!E8, Nov!E8, Dec!E8) -> 24460.821 | F8: =IF(AND(ISNUMBER(D8),ISNUMBER(E8)), D8-E8, "") -> -4548.1804 | G8: =IFERROR(F8/E8, "") -> -0.18593736 | H8: =SUM(Oct!H8,Nov!H8,Dec!H8) -> 20929.894 | I8: =SUM(Oct!I8, Nov!I8, Dec!I8) -> -1017.2534 | J8: =IFERROR(I8/H8, "") -> -0.048602892
A9: K152 | B9: NY | C9: =Sites[[#This Row],[SOL'#]] -> SOL-10362 | D9: =SUM(Oct!D9, Nov!D9, Dec!D9) -> 12791.438 | E9: =SUM(Oct!E9, Nov!E9, Dec!E9) -> 14552.785 | F9: =IF(AND(ISNUMBER(D9),ISNUMBER(E9)), D9-E9, "") -> -1761.3475 | G9: =IFERROR(F9/E9, "") -> -0.12103164 | H9: =SUM(Oct!H9,Nov!H9,Dec!H9) -> 14607 | I9: =SUM(Oct!I9, Nov!I9, Dec!I9) -> -1815.5625 | J9: =IFERROR(I9/H9, "") -> -0.124294
A10: K166 | B10: NY | C10: =Sites[[#This Row],[SOL'#]] -> SOL-10363 | D10: =SUM(Oct!D10, Nov!D10, Dec!D10) -> 39885.125 | E10: =SUM(Oct!E10, Nov!E10, Dec!E10) -> 53853.75 | F10: =IF(AND(ISNUMBER(D10),ISNUMBER(E10)), D10-E10, "") -> -13968.625 | G10: =IFERROR(F10/E10, "") -> -0.25938073 | H10: =SUM(Oct!H10,Nov!H10,Dec!H10) -> 50763.78 | I10: =SUM(Oct!I10, Nov!I10, Dec!I10) -> -10878.655 | J10: =IFERROR(I10/H10, "") -> -0.21429955
A11: K206 | B11: NY | C11: =Sites[[#This Row],[SOL'#]] -> SOL-10927 | D11: =SUM(Oct!D11, Nov!D11, Dec!D11) -> 26981.75 | E11: =SUM(Oct!E11, Nov!E11, Dec!E11) -> 25433.707 | F11: =IF(AND(ISNUMBER(D11),ISNUMBER(E11)), D11-E11, "") -> 1548.043 | G11: =IFERROR(F11/E11, "") -> 0.060865803 | H11: =SUM(Oct!H11,Nov!H11,Dec!H11) -> 26524 | I11: =SUM(Oct!I11, Nov!I11, Dec!I11) -> 457.75 | J11: =IFERROR(I11/H11, "") -> 0.017257955
A12: K251 | B12: NY | C12: =Sites[[#This Row],[SOL'#]] -> SOL-10365 | D12: =SUM(Oct!D12, Nov!D12, Dec!D12) -> 30978.188 | E12: =SUM(Oct!E12, Nov!E12, Dec!E12) -> 0 | F12: =IF(AND(ISNUMBER(D12),ISNUMBER(E12)), D12-E12, "") -> 30978.188 | G12: =IFERROR(F12/E12, "") | H12: =SUM(Oct!H12,Nov!H12,Dec!H12) -> 34465.477 | I12: =SUM(Oct!I12, Nov!I12, Dec!I12) -> -3487.2895 | J12: =IFERROR(I12/H12, "") -> -0.1011821
A13: K269 | B13: NY | C13: =Sites[[#This Row],[SOL'#]] -> SOL-10366 | D13: =SUM(Oct!D13, Nov!D13, Dec!D13) -> 28142.313 | E13: =SUM(Oct!E13, Nov!E13, Dec!E13) -> 36505.861 | F13: =IF(AND(ISNUMBER(D13),ISNUMBER(E13)), D13-E13, "") -> -8363.5485 | G13: =IFERROR(F13/E13, "") -> -0.22910153 | H13: =SUM(Oct!H13,Nov!H13,Dec!H13) -> 29588.357 | I13: =SUM(Oct!I13, Nov!I13, Dec!I13) -> -1446.0445 | J13: =IFERROR(I13/H13, "") -> -0.048872078
A14: K273 | B14: NY | C14: =Sites[[#This Row],[SOL'#]] -> SOL-10367 | D14: =SUM(Oct!D14, Nov!D14, Dec!D14) -> 25103.625 | E14: =SUM(Oct!E14, Nov!E14, Dec!E14) -> 0 | F14: =IF(AND(ISNUMBER(D14),ISNUMBER(E14)), D14-E14, "") -> 25103.625 | G14: =IFERROR(F14/E14, "") | H14: =SUM(Oct!H14,Nov!H14,Dec!H14) -> 39711 | I14: =SUM(Oct!I14, Nov!I14, Dec!I14) -> -14607.375 | J14: =IFERROR(I14/H14, "") -> -0.36784203
A15: K287 | B15: NY | C15: =Sites[[#This Row],[SOL'#]] -> SOL-10919 | D15: =SUM(Oct!D15, Nov!D15, Dec!D15) -> 25205.5 | E15: =SUM(Oct!E15, Nov!E15, Dec!E15) -> 24496.686 | F15: =IF(AND(ISNUMBER(D15),ISNUMBER(E15)), D15-E15, "") -> 708.814 | G15: =IFERROR(F15/E15, "") -> 0.028935098 | H15: =SUM(Oct!H15,Nov!H15,Dec!H15) -> 26487 | I15: =SUM(Oct!I15, Nov!I15, Dec!I15) -> -1281.5 | J15: =IFERROR(I15/H15, "") -> -0.048382225
A16: K298 | B16: NY | C16: =Sites[[#This Row],[SOL'#]] -> SOL-10368 | D16: =SUM(Oct!D16, Nov!D16, Dec!D16) -> 24099.312 | E16: =SUM(Oct!E16, Nov!E16, Dec!E16) -> 31905.348 | F16: =IF(AND(ISNUMBER(D16),ISNUMBER(E16)), D16-E16, "") -> -7806.0355 | G16: =IFERROR(F16/E16, "") -> -0.24466229 | H16: =SUM(Oct!H16,Nov!H16,Dec!H16) -> 24653 | I16: =SUM(Oct!I16, Nov!I16, Dec!I16) -> -553.6875 | J16: =IFERROR(I16/H16, "") -> -0.022459234
... A173: IL: Manhattan - Gougar (PW) | B173: IL | C173: =Sites[[#This Row],[SOL'#]] -> SOL-11148 | D173: =SUM(Oct!D173, Nov!D173, Dec!D173) -> 94776.515 | E173: =SUM(Oct!E173, Nov!E173, Dec!E173) -> 121981.2 | F173: =IF(AND(ISNUMBER(D173),ISNUMBER(E173)), D173-E173, "") -> -27204.685 | G173: =IFERROR(F173/E173, "") -> -0.22302359 | H173: =SUM(Oct!H173,Nov!H173,Dec!H173) -> 178632.9 | I173: =SUM(Oct!I173, Nov!I173, Dec!I173) -> -83856.385 | J173: =IFERROR(I173/H173, "") -> -0.46943416

Sheet Jan
A1: {=portfolio} -> Generate Capital | E1: January Actual v. Expected | H1: January Actual v. Forecasted
A2: Total | D2: =SUM(D4:D95) -> 8302287.9 | E2: =SUM(E4:E95) -> 4150358 | F2: =D2-E2 -> 4151929.9 | G2: =IFERROR(F2/E2, 0) -> 1.0003787 | H2: =SUM(H4:H95) -> 10397498 | I2: =D2-H2 -> -2095209.9 | J2: =IFERROR(I2/H2, 0) -> -0.20151097 | K2: =IF(AND(TODAY()>DATE(2024, 1, 1), COUNTA(Sites[Site])<>(COUNT(D:D)-1)), "Some sites are missing actual data; if new sites were added, make sure they are aligned correctly (including prior months!)", "") -> Some sites are missing actual data; if new sites were added, make sure they are aligned correctly (including prior months!)
A3: Site | B3: State | C3: SOL# | D3: Actual | E3: Expected | F3: Delta | G3: % | H3: Forecasted | I3: Delta | J3: % | K3: Notes | L3: Service Requests
A4: {=Sites[Site]} -> K026 | B4: {=Sites[State]} -> NY | C4: =Sites[[#This Row],[SOL'#]] -> SOL-10356 | D4: 11980.125 | E4: 18586.79 | F4: =IF(AND(ISNUMBER(D4),ISNUMBER(E4)), D4-E4, "") -> -6606.665 | G4: =IFERROR(F4/E4, "") -> -0.35544949 | H4: 11111.47 | I4: =IF(AND(ISNUMBER(D4),ISNUMBER(H4)), D4-H4, "") -> 868.655 | J4: =IFERROR(I4/H4, "") -> 0.078176425
A5: K041 | B5: NY | C5: =Sites[[#This Row],[SOL'#]] -> SOL-10357 | D5: 8842.5469 | E5: 13490.72 | F5: =IF(AND(ISNUMBER(D5),ISNUMBER(E5)), D5-E5, "") -> -4648.1731 | G5: =IFERROR(F5/E5, "") -> -0.34454596 | H5: 9924 | I5: =IF(AND(ISNUMBER(D5),ISNUMBER(H5)), D5-H5, "") -> -1081.4531 | J5: =IFERROR(I5/H5, "") -> -0.10897351
A6: K043 | B6: NY | C6: =Sites[[#This Row],[SOL'#]] -> SOL-10358 | D6: 10563.688 | E6: 15508.68 | F6: =IF(AND(ISNUMBER(D6),ISNUMBER(E6)), D6-E6, "") -> -4944.9925 | G6: =IFERROR(F6/E6, "") -> -0.31885322 | H6: 2303 | I6: =IF(AND(ISNUMBER(D6),ISNUMBER(H6)), D6-H6, "") -> 8260.6875 | J6: =IFERROR(I6/H6, "") -> 3.5869247 | K6: 1.Estimated values are low in AE we have also verified the file which was given GC
A7: K058 | B7: NY | C7: =Sites[[#This Row],[SOL'#]] -> SOL-10360 | D7: 8472.1875 | E7: 12896.51 | F7: =IF(AND(ISNUMBER(D7),ISNUMBER(E7)), D7-E7, "") -> -4424.3225 | G7: =IFERROR(F7/E7, "") -> -0.34306355 | H7: 9147.029 | I7: =IF(AND(ISNUMBER(D7),ISNUMBER(H7)), D7-H7, "") -> -674.8415 | J7: =IFERROR(I7/H7, "") -> -0.073777125
A8: K115 | B8: NY | C8: =Sites[[#This Row],[SOL'#]] -> SOL-10361 | D8: 2497.5194 | E8: 7565.845 | F8: =IF(AND(ISNUMBER(D8),ISNUMBER(E8)), D8-E8, "") -> -5068.3256 | G8: =IFERROR(F8/E8, "") -> -0.66989551 | H8: 5593.833 | I8: =IF(AND(ISNUMBER(D8),ISNUMBER(H8)), D8-H8, "") -> -3096.3136 | J8: =IFERROR(I8/H8, "") -> -0.55352271 | K8: 1. 96 optimizers are down for site construction. | L8: 1.SR093291
A9: K152 | B9: NY | C9: =Sites[[#This Row],[SOL'#]] -> SOL-10362 | D9: 3001 | E9: 4499.147 | F9: =IF(AND(ISNUMBER(D9),ISNUMBER(E9)), D9-E9, "") -> -1498.147 | G9: =IFERROR(F9/E9, "") -> -0.33298467 | H9: 3567 | I9: =IF(AND(ISNUMBER(D9),ISNUMBER(H9)), D9-H9, "") -> -566 | J9: =IFERROR(I9/H9, "") -> -0.15867676 | K9: 1. Low generation due to weather/snow.
A10: K166 | B10: NY | C10: =Sites[[#This Row],[SOL'#]] -> SOL-10363 | D10: 10743.5 | E10: 17382.57 | F10: =IF(AND(ISNUMBER(D10),ISNUMBER(E10)), D10-E10, "") -> -6639.07 | G10: =IFERROR(F10/E10, "") -> -0.38193834 | H10: 12125.14 | I10: =IF(AND(ISNUMBER(D10),ISNUMBER(H10)), D10-H10, "") -> -1381.64 | J10: =IFERROR(I10/H10, "") -> -0.11394838 | K10: 1. Low generation due to weather/snow.
A11: K206 | B11: NY | C11: =Sites[[#This Row],[SOL'#]] -> SOL-10927 | D11: 7155.1976 | E11: 11256.59 | F11: =IF(AND(ISNUMBER(D11),ISNUMBER(E11)), D11-E11, "") -> -4101.3924 | G11: =IFERROR(F11/E11, "") -> -0.36435478 | H11: 6894 | I11: =IF(AND(ISNUMBER(D11),ISNUMBER(H11)), D11-H11, "") -> 261.19765 | J11: =IFERROR(I11/H11, "") -> 0.037887678
A12: K251 | B12: NY | C12: =Sites[[#This Row],[SOL'#]] -> SOL-10365 | D12: 7964.375 | E12: 0 | F12: =IF(AND(ISNUMBER(D12),ISNUMBER(E12)), D12-E12, "") -> 7964.375 | G12: =IFERROR(F12/E12, "") | H12: 8525.692 | I12: =IF(AND(ISNUMBER(D12),ISNUMBER(H12)), D12-H12, "") -> -561.317 | J12: =IFERROR(I12/H12, "") -> -0.065838292 | K12: 1.Weather station is not communicating since 11/22/2024. | L12: 1.SR093633
A13: K269 | B13: NY | C13: =Sites[[#This Row],[SOL'#]] -> SOL-10366 | D13: 6631 | E13: 11493.23 | F13: =IF(AND(ISNUMBER(D13),ISNUMBER(E13)), D13-E13, "") -> -4862.23 | G13: =IFERROR(F13/E13, "") -> -0.42305166 | H13: 7761.932 | I13: =IF(AND(ISNUMBER(D13),ISNUMBER(H13)), D13-H13, "") -> -1130.932 | J13: =IFERROR(I13/H13, "") -> -0.14570238
A14: K273 | B14: NY | C14: =Sites[[#This Row],[SOL'#]] -> SOL-10367 | D14: 6884.75 | E14: 0 | F14: =IF(AND(ISNUMBER(D14),ISNUMBER(E14)), D14-E14, "") -> 6884.75 | G14: =IFERROR(F14/E14, "") | H14: 9546 | I14: =IF(AND(ISNUMBER(D14),ISNUMBER(H14)), D14-H14, "") -> -2661.25 | J14: =IFERROR(I14/H14, "") -> -0.27878169 | K14: 1. Weather station is not communicating since 06/30/2024. 2. 26 optimizers are down for roof repair. | L14: 1.SR086842 2.SR093294 | M14: SR093294
A15: K287 | B15: NY | C15: =Sites[[#This Row],[SOL'#]] -> SOL-10919 | D15: 6469.9062 | E15: 8103.888 | F15: =IF(AND(ISNUMBER(D15),ISNUMBER(E15)), D15-E15, "") -> -1633.9817 | G15: =IFERROR(F15/E15, "") -> -0.20162936 | H15: 7303 | I15: =IF(AND(ISNUMBER(D15),ISNUMBER(H15)), D15-H15, "") -> -833.09375 | J15: =IFERROR(I15/H15, "") -> -0.11407555
A16: K298 | B16: NY | C16: =Sites[[#This Row],[SOL'#]] -> SOL-10368 | D16: 4878.3438 | E16: 10470.4 | F16: =IF(AND(ISNUMBER(D16),ISNUMBER(E16)), D16-E16, "") -> -5592.0562 | G16: =IFERROR(F16/E16, "") -> -0.53408239 | H16: 6119 | I16: =IF(AND(ISNUMBER(D16),ISNUMBER(H16)), D16-H16, "") -> -1240.6562 | J16: =IFERROR(I16/H16, "") -> -0.20275474 | K16: 1. Low generation due to weather/snow.
A17: K335 | B17: NY | C17: =Sites[[#This Row],[SOL'#]] -> SOL-10370 | D17: 6585.9375 | E17: 11111.72 | F17: =IF(AND(ISNUMBER(D17),ISNUMBER(E17)), D17-E17, "") -> -4525.7825 | G17: =IFERROR(F17/E17, "") -> -0.40729811 | H17: 8179 | I17: =IF(AND(ISNUMBER(D17),ISNUMBER(H17)), D17-H17, "") -> -1593.0625 | J17: =IFERROR(I17/H17, "") -> -0.19477473
A18: K345 | B18: NY | C18: =Sites[[#This Row],[SOL'#]] -> SOL-10920 | D18: 7617.6813 | E18: 8115.26 | F18: =IF(AND(ISNUMBER(D18),ISNUMBER(E18)), D18-E18, "") -> -497.57867 | G18: =IFERROR(F18/E18, "") -> -0.061313953 | H18: 6910 | I18: =IF(AND(ISNUMBER(D18),ISNUMBER(H18)), D18-H18, "") -> 707.68133 | J18: =IFERROR(I18/H18, "") -> 0.10241409
A19: K445 | B19: NY | C19: =Sites[[#This Row],[SOL'#]] -> SOL-10373 | D19: 7247.9688 | E19: 11595.77 | F19: =IF(AND(ISNUMBER(D19),ISNUMBER(E19)), D19-E19, "") -> -4347.8013 | G19: =IFERROR(F19/E19, "") -> -0.37494718 | H19: 6816.675 | I19: =IF(AND(ISNUMBER(D19),ISNUMBER(H19)), D19-H19, "") -> 431.29375 | J19: =IFERROR(I19/H19, "") -> 0.063270399
A20: K495 | B20: NY | C20: =Sites[[#This Row],[SOL'#]] -> SOL-10374 | D20: 0 | E20: 32841.14 | F20: =IF(AND(ISNUMBER(D20),ISNUMBER(E20)), D20-E20, "") -> -32841.14 | G20: =IFERROR(F20/E20, "") -> -1 | H20: 33557 | I20: =IF(AND(ISNUMBER(D20),ISNUMBER(H20)), D20-H20, "") -> -33557 | J20: =IFERROR(I20/H20, "") -> -1 | K20: 1.Due to shunt trips of the switchgear and overcurrent faults site is offline since 11/20/2024. | L20: 1.SR093196
A21: M020 | B21: NY | C21: =Sites[[#This Row],[SOL'#]] -> SOL-10380 | D21: 7114.6562 | E21: 10428.83 | F21: =IF(AND(ISNUMBER(D21),ISNUMBER(E21)), D21-E21, "") -> -3314.1737 | G21: =IFERROR(F21/E21, "") -> -0.3177896 | H21: 9125 | I21: =IF(AND(ISNUMBER(D21),ISNUMBER(H21)), D21-H21, "") -> -2010.3438 | J21: =IFERROR(I21/H21, "") -> -0.22031164 | K21: 1. Low generation due to weather/snow.
A22: M092 | B22: NY | C22: =Sites[[#This Row],[SOL'#]] -> SOL-10383 | D22: 7110.6875 | E22: 11229.76 | F22: =IF(AND(ISNUMBER(D22),ISNUMBER(E22)), D22-E22, "") -> -4119.0725 | G22: =IFERROR(F22/E22, "") -> -0.36679969 | H22: 8178.46 | I22: =IF(AND(ISNUMBER(D22),ISNUMBER(H22)), D22-H22, "") -> -1067.7725 | J22: =IFERROR(I22/H22, "") -> -0.13055912 | K22: 1. Low generation due to weather/snow.
A23: M143 | B23: NY | C23: =Sites[[#This Row],[SOL'#]] -> SOL-10384 | D23: 7303.2812 | E23: 10937.18 | F23: =IF(AND(ISNUMBER(D23),ISNUMBER(E23)), D23-E23, "") -> -3633.8988 | G23: =IFERROR(F23/E23, "") -> -0.33225189 | H23: 8702.744 | I23: =IF(AND(ISNUMBER(D23),ISNUMBER(H23)), D23-H23, "") -> -1399.4628 | J23: =IFERROR(I23/H23, "") -> -0.16080707 | K23: 1. Low generation due to weather/snow.
A24: M144 | B24: NY | C24: =Sites[[#This Row],[SOL'#]] -> SOL-10385 | D24: 12171.125 | E24: 0 | F24: =IF(AND(ISNUMBER(D24),ISNUMBER(E24)), D24-E24, "") -> 12171.125 | G24: =IFERROR(F24/E24, "") | H24: 13644 | I24: =IF(AND(ISNUMBER(D24),ISNUMBER(H24)), D24-H24, "") -> -1472.875 | J24: =IFERROR(I24/H24, "") -> -0.10795038 | K24: 1. Low generation due to weather/snow.
A25: M167 | B25: NY | C25: =Sites[[#This Row],[SOL'#]] -> SOL-10386 | D25: 6736.5 | E25: 8426.056 | F25: =IF(AND(ISNUMBER(D25),ISNUMBER(E25)), D25-E25, "") -> -1689.556 | G25: =IFERROR(F25/E25, "") -> -0.20051564 | H25: 8106.211 | I25: =IF(AND(ISNUMBER(D25),ISNUMBER(H25)), D25-H25, "") -> -1369.711 | J25: =IFERROR(I25/H25, "") -> -0.16897056 | K25: 1. Low generation due to weather/snow.
A26: M188 | B26: NY | C26: =Sites[[#This Row],[SOL'#]] -> SOL-10387 | D26: 6676.8125 | E26: 0 | F26: =IF(AND(ISNUMBER(D26),ISNUMBER(E26)), D26-E26, "") -> 6676.8125 | G26: =IFERROR(F26/E26, "") | H26: 6981 | I26: =IF(AND(ISNUMBER(D26),ISNUMBER(H26)), D26-H26, "") -> -304.1875 | J26: =IFERROR(I26/H26, "") -> -0.043573628
A27: EMHC | B27: NY | C27: =Sites[[#This Row],[SOL'#]] -> SOL-10351 | D27: 1958.0469 | E27: 2171.019 | F27: =IF(AND(ISNUMBER(D27),ISNUMBER(E27)), D27-E27, "") -> -212.97212 | G27: =IFERROR(F27/E27, "") -> -0.098097771 | H27: 2319.395 | I27: =IF(AND(ISNUMBER(D27),ISNUMBER(H27)), D27-H27, "") -> -361.34812 | J27: =IFERROR(I27/H27, "") -> -0.15579413
A28: Q008 | B28: NY | C28: =Sites[[#This Row],[SOL'#]] -> SOL-10397 | D28: 11304.469 | E28: 16377.23 | F28: =IF(AND(ISNUMBER(D28),ISNUMBER(E28)), D28-E28, "") -> -5072.7612 | G28: =IFERROR(F28/E28, "") -> -0.30974476 | H28: 10992 | I28: =IF(AND(ISNUMBER(D28),ISNUMBER(H28)), D28-H28, "") -> 312.46875 | J28: =IFERROR(I28/H28, "") -> 0.028426924 | K28: 1. Low generation due to weather/snow.
A29: Q018 | B29: NY | C29: =Sites[[#This Row],[SOL'#]] -> SOL-10398 | D29: 6700.6875 | E29: 8361.302 | F29: =IF(AND(ISNUMBER(D29),ISNUMBER(E29)), D29-E29, "") -> -1660.6145 | G29: =IFERROR(F29/E29, "") -> -0.19860717 | H29: 6682.311 | I29: =IF(AND(ISNUMBER(D29),ISNUMBER(H29)), D29-H29, "") -> 18.3765 | J29: =IFERROR(I29/H29, "") -> 0.0027500217 | K29: 1. Low generation due to weather/snow.
A30: Q021 | B30: NY | C30: =Sites[[#This Row],[SOL'#]] -> SOL-10399 | D30: 5780.4062 | E30: 9454.255 | F30: =IF(AND(ISNUMBER(D30),ISNUMBER(E30)), D30-E30, "") -> -3673.8487 | G30: =IFERROR(F30/E30, "") -> -0.38859209 | H30: 5223.647 | I30: =IF(AND(ISNUMBER(D30),ISNUMBER(H30)), D30-H30, "") -> 556.75925 | J30: =IFERROR(I30/H30, "") -> 0.10658439 | K30: 1. Low generation due to weather/snow.
A31: Q025 | B31: NY | C31: =Sites[[#This Row],[SOL'#]] -> SOL-10400 | D31: 9494.875 | E31: 13415.23 | F31: =IF(AND(ISNUMBER(D31),ISNUMBER(E31)), D31-E31, "") -> -3920.355 | G31: =IFERROR(F31/E31, "") -> -0.29223167 | H31: 7767 | I31: =IF(AND(ISNUMBER(D31),ISNUMBER(H31)), D31-H31, "") -> 1727.875 | J31: =IFERROR(I31/H31, "") -> 0.22246363 | K31: 1. Low generation due to weather/snow.
A32: Q074 | B32: NY | C32: =Sites[[#This Row],[SOL'#]] -> SOL-10402 | D32: 5694.625 | E32: 7433.287 | F32: =IF(AND(ISNUMBER(D32),ISNUMBER(E32)), D32-E32, "") -> -1738.662 | G32: =IFERROR(F32/E32, "") -> -0.23390218 | H32: 6035.102 | I32: =IF(AND(ISNUMBER(D32),ISNUMBER(H32)), D32-H32, "") -> -340.477 | J32: =IFERROR(I32/H32, "") -> -0.056416114 | K32: 1. Site was taken offline from 12/31/24 due to ConEd shut site off for tranformer work and later back online on 01/02 at 09:30 | L32: 1. SR095201
A33: Q115 | B33: NY | C33: =Sites[[#This Row],[SOL'#]] -> SOL-10872 | D33: 7869.5625 | E33: 12376.31 | F33: =IF(AND(ISNUMBER(D33),ISNUMBER(E33)), D33-E33, "") -> -4506.7475 | G33: =IFERROR(F33/E33, "") -> -0.36414307 | H33: 8154.507 | I33: =IF(AND(ISNUMBER(D33),ISNUMBER(H33)), D33-H33, "") -> -284.9445 | J33: =IFERROR(I33/H33, "") -> -0.034943192
A34: Q139 | B34: NY | C34: =Sites[[#This Row],[SOL'#]] -> SOL-10403 | D34: 5074.7187 | E34: 6806.319 | F34: =IF(AND(ISNUMBER(D34),ISNUMBER(E34)), D34-E34, "") -> -1731.6003 | G34: =IFERROR(F34/E34, "") -> -0.25441068 | H34: 5168 | I34: =IF(AND(ISNUMBER(D34),ISNUMBER(H34)), D34-H34, "") -> -93.28125 | J34: =IFERROR(I34/H34, "") -> -0.018049777
A35: Q157 | B35: NY | C35: =Sites[[#This Row],[SOL'#]] -> SOL-10404 | D35: 7985.125 | E35: 13511.83 | F35: =IF(AND(ISNUMBER(D35),ISNUMBER(E35)), D35-E35, "") -> -5526.705 | G35: =IFERROR(F35/E35, "") -> -0.40902713 | H35: 9200.271 | I35: =IF(AND(ISNUMBER(D35),ISNUMBER(H35)), D35-H35, "") -> -1215.146 | J35: =IFERROR(I35/H35, "") -> -0.1320772 | K35: 1.Inverter 3 offline mulptiple days due to parts RMAD 2.Inverter 4 is offline due to "Isolation Fault" from 01/3 | L35: 1. SR094206 2. SR096202 | M35: SR096202
A36: Q192 | B36: NY | C36: =Sites[[#This Row],[SOL'#]] -> SOL-10406 | D36: 13490.125 | E36: 19580.54 | F36: =IF(AND(ISNUMBER(D36),ISNUMBER(E36)), D36-E36, "") -> -6090.415 | G36: =IFERROR(F36/E36, "") -> -0.31104428 | H36: 13910.41 | I36: =IF(AND(ISNUMBER(D36),ISNUMBER(H36)), D36-H36, "") -> -420.285 | J36: =IFERROR(I36/H36, "") -> -0.030213703
A37: Q210 | B37: NY | C37: =Sites[[#This Row],[SOL'#]] -> SOL-10407 | D37: 11766.375 | E37: 14293.21 | F37: =IF(AND(ISNUMBER(D37),ISNUMBER(E37)), D37-E37, "") -> -2526.835 | G37: =IFERROR(F37/E37, "") -> -0.17678569 | H37: 11622 | I37: =IF(AND(ISNUMBER(D37),ISNUMBER(H37)), D37-H37, "") -> 144.375 | J37: =IFERROR(I37/H37, "") -> 0.012422561
A38: Q229 | B38: NY | C38: =Sites[[#This Row],[SOL'#]] -> SOL-10408 | D38: 4152.5312 | E38: 7352.509 | F38: =IF(AND(ISNUMBER(D38),ISNUMBER(E38)), D38-E38, "") -> -3199.9778 | G38: =IFERROR(F38/E38, "") -> -0.43522255 | H38: 3687.114 | I38: =IF(AND(ISNUMBER(D38),ISNUMBER(H38)), D38-H38, "") -> 465.41725 | J38: =IFERROR(I38/H38, "") -> 0.12622806
A39: Q231 | B39: NY | C39: =Sites[[#This Row],[SOL'#]] -> SOL-10870 | D39: 17624.25 | E39: 30638.85 | F39: =IF(AND(ISNUMBER(D39),ISNUMBER(E39)), D39-E39, "") -> -13014.6 | G39: =IFERROR(F39/E39, "") -> -0.42477443 | H39: 16899 | I39: =IF(AND(ISNUMBER(D39),ISNUMBER(H39)), D39-H39, "") -> 725.25 | J39: =IFERROR(I39/H39, "") -> 0.042916741
A40: Q405 | B40: NY | C40: =Sites[[#This Row],[SOL'#]] -> SOL-10409 | D40: 21223.625 | E40: 28842.48 | F40: =IF(AND(ISNUMBER(D40),ISNUMBER(E40)), D40-E40, "") -> -7618.855 | G40: =IFERROR(F40/E40, "") -> -0.26415395 | H40: 20777.84 | I40: =IF(AND(ISNUMBER(D40),ISNUMBER(H40)), D40-H40, "") -> 445.785 | J40: =IFERROR(I40/H40, "") -> 0.021454829
A41: Q435 | B41: NY | C41: =Sites[[#This Row],[SOL'#]] -> SOL-10923 | D41: 27409.75 | E41: 28681.61 | F41: =IF(AND(ISNUMBER(D41),ISNUMBER(E41)), D41-E41, "") -> -1271.86 | G41: =IFERROR(F41/E41, "") -> -0.044344094 | H41: 25692 | I41: =IF(AND(ISNUMBER(D41),ISNUMBER(H41)), D41-H41, "") -> 1717.75 | J41: =IFERROR(I41/H41, "") -> 0.066859334
A42: Q485 | B42: NY | C42: =Sites[[#This Row],[SOL'#]] -> SOL-10869 | D42: 25454.25 | E42: 27297.56 | F42: =IF(AND(ISNUMBER(D42),ISNUMBER(E42)), D42-E42, "") -> -1843.31 | G42: =IFERROR(F42/E42, "") -> -0.067526548 | H42: 23827.9 | I42: =IF(AND(ISNUMBER(D42),ISNUMBER(H42)), D42-H42, "") -> 1626.35 | J42: =IFERROR(I42/H42, "") -> 0.068254022 | K42: 1. Inverter 1 right unit is offline due to DC disconnect switches turned to OFF positions since 01/21 at 07:00am and back online on 01/31 | L42: 1. SR096130
A43: Q490 | B43: NY | C43: =Sites[[#This Row],[SOL'#]] -> SOL-10411 | D43: 17658.558 | E43: 0 | F43: =IF(AND(ISNUMBER(D43),ISNUMBER(E43)), D43-E43, "") -> 17658.558 | G43: =IFERROR(F43/E43, "") | H43: 16846.57 | I43: =IF(AND(ISNUMBER(D43),ISNUMBER(H43)), D43-H43, "") -> 811.98779 | J43: =IFERROR(I43/H43, "") -> 0.048198998 | K43: 1. optimizers Module 1.2.4 , Module 2.2.18 , Module 2.3.11 , Module 3.1.16 , Module 6.1.5 , Module 7.1.4 , Module 7.3.17 , Module 9.1.16 ,Module 10.3.3 , 8.0.27 are offline | L43: 1. SR093326
A44: Q620 | B44: NY | C44: =Sites[[#This Row],[SOL'#]] -> SOL-10867 | D44: 26364.625 | E44: 35204.15 | F44: =IF(AND(ISNUMBER(D44),ISNUMBER(E44)), D44-E44, "") -> -8839.525 | G44: =IFERROR(F44/E44, "") -> -0.25109327 | H44: 27281.47 | I44: =IF(AND(ISNUMBER(D44),ISNUMBER(H44)), D44-H44, "") -> -916.845 | J44: =IFERROR(I44/H44, "") -> -0.033606877
A45: QMOA | B45: NY | C45: =Sites[[#This Row],[SOL'#]] -> SOL-10415 | D45: 2696.5 | E45: 0 | F45: =IF(AND(ISNUMBER(D45),ISNUMBER(E45)), D45-E45, "") -> 2696.5 | G45: =IFERROR(F45/E45, "") | H45: 2932.063 | I45: =IF(AND(ISNUMBER(D45),ISNUMBER(H45)), D45-H45, "") -> -235.563 | J45: =IFERROR(I45/H45, "") -> -0.080340361
A46: X024 | B46: NY | C46: =Sites[[#This Row],[SOL'#]] -> SOL-10419 | D46: 7807.0938 | E46: 15291.95 | F46: =IF(AND(ISNUMBER(D46),ISNUMBER(E46)), D46-E46, "") -> -7484.8563 | G46: =IFERROR(F46/E46, "") -> -0.48946382 | H46: 8671 | I46: =IF(AND(ISNUMBER(D46),ISNUMBER(H46)), D46-H46, "") -> -863.90625 | J46: =IFERROR(I46/H46, "") -> -0.099631675
A47: X026 | B47: NY | C47: =Sites[[#This Row],[SOL'#]] -> SOL-10420 | D47: 6588.3 | E47: 11626.77 | F47: =IF(AND(ISNUMBER(D47),ISNUMBER(E47)), D47-E47, "") -> -5038.47 | G47: =IFERROR(F47/E47, "") -> -0.43335079 | H47: 11127.49 | I47: =IF(AND(ISNUMBER(D47),ISNUMBER(H47)), D47-H47, "") -> -4539.19 | J47: =IFERROR(I47/H47, "") -> -0.40792578 | K47: 1. Inverter 2 left unit at 10:30 from 01/16 and has been RMA'd. | L47: 1. SR095758
A48: X090 | B48: NY | C48: =Sites[[#This Row],[SOL'#]] -> SOL-10925 | D48: 7675.0938 | E48: 6852.322 | F48: =IF(AND(ISNUMBER(D48),ISNUMBER(E48)), D48-E48, "") -> 822.77175 | G48: =IFERROR(F48/E48, "") -> 0.12007196 | H48: 7353 | I48: =IF(AND(ISNUMBER(D48),ISNUMBER(H48)), D48-H48, "") -> 322.09375 | J48: =IFERROR(I48/H48, "") -> 0.0438044
A49: X117 | B49: NY | C49: =Sites[[#This Row],[SOL'#]] -> SOL-10422 | D49: 5524.7 | E49: 9713.037 | F49: =IF(AND(ISNUMBER(D49),ISNUMBER(E49)), D49-E49, "") -> -4188.337 | G49: =IFERROR(F49/E49, "") -> -0.43120777 | H49: 6534.025 | I49: =IF(AND(ISNUMBER(D49),ISNUMBER(H49)), D49-H49, "") -> -1009.325 | J49: =IFERROR(I49/H49, "") -> -0.15447217 | K49: 1. Low generation due to weather/snow.
A50: X125 | B50: NY | C50: =Sites[[#This Row],[SOL'#]] -> SOL-10423 | D50: 12077.875 | E50: 16953.08 | F50: =IF(AND(ISNUMBER(D50),ISNUMBER(E50)), D50-E50, "") -> -4875.205 | G50: =IFERROR(F50/E50, "") -> -0.28757046 | H50: 11985.79 | I50: =IF(AND(ISNUMBER(D50),ISNUMBER(H50)), D50-H50, "") -> 92.085 | J50: =IFERROR(I50/H50, "") -> 0.0076828478 | K50: 1. Low generation due to weather/snow.
A51: X134 | B51: NY | C51: =Sites[[#This Row],[SOL'#]] -> SOL-10424 | D51: 10465.156 | E51: 0 | F51: =IF(AND(ISNUMBER(D51),ISNUMBER(E51)), D51-E51, "") -> 10465.156 | G51: =IFERROR(F51/E51, "") | H51: 10182 | I51: =IF(AND(ISNUMBER(D51),ISNUMBER(H51)), D51-H51, "") -> 283.15625 | J51: =IFERROR(I51/H51, "") -> 0.027809492
A52: X135 | B52: NY | C52: =Sites[[#This Row],[SOL'#]] -> SOL-10425 | D52: 9755.1875 | E52: 14564.38 | F52: =IF(AND(ISNUMBER(D52),ISNUMBER(E52)), D52-E52, "") -> -4809.1925 | G52: =IFERROR(F52/E52, "") -> -0.33020235 | H52: 9790 | I52: =IF(AND(ISNUMBER(D52),ISNUMBER(H52)), D52-H52, "") -> -34.8125 | J52: =IFERROR(I52/H52, "") -> -0.0035559244 | K52: 1. Low generation due to weather/snow.
A53: X139 JHS 222 | B53: NY | C53: =Sites[[#This Row],[SOL'#]] -> SOL-10426 | D53: 12809.021 | E53: 16768.06 | F53: =IF(AND(ISNUMBER(D53),ISNUMBER(E53)), D53-E53, "") -> -3959.0391 | G53: =IFERROR(F53/E53, "") -> -0.23610597 | H53: 12346 | I53: =IF(AND(ISNUMBER(D53),ISNUMBER(H53)), D53-H53, "") -> 463.0209 | J53: =IFERROR(I53/H53, "") -> 0.037503718 | K53: 1. Low generation due to weather/snow.
A54: X140 | B54: NY | C54: =Sites[[#This Row],[SOL'#]] -> SOL-10926 | D54: 8890.625 | E54: 8929.914 | F54: =IF(AND(ISNUMBER(D54),ISNUMBER(E54)), D54-E54, "") -> -39.289 | G54: =IFERROR(F54/E54, "") -> -0.0043997064 | H54: 8234 | I54: =IF(AND(ISNUMBER(D54),ISNUMBER(H54)), D54-H54, "") -> 656.625 | J54: =IFERROR(I54/H54, "") -> 0.079745567
A55: X166 | B55: NY | C55: =Sites[[#This Row],[SOL'#]] -> SOL-10427 | D55: 8246.6 | E55: 13090.03 | F55: =IF(AND(ISNUMBER(D55),ISNUMBER(E55)), D55-E55, "") -> -4843.43 | G55: =IFERROR(F55/E55, "") -> -0.37000908 | H55: 7246 | I55: =IF(AND(ISNUMBER(D55),ISNUMBER(H55)), D55-H55, "") -> 1000.6 | J55: =IFERROR(I55/H55, "") -> 0.13808998 | K55: 1. Low generation due to weather/snow.
A56: Murphy | B56: MN | C56: =Sites[[#This Row],[SOL'#]] -> SOL-10094 | D56: 512400 | E56: 650404.3 | F56: =IF(AND(ISNUMBER(D56),ISNUMBER(E56)), D56-E56, "") -> -138004.3 | G56: =IFERROR(F56/E56, "") -> -0.21218233 | H56: 514855.4 | I56: =IF(AND(ISNUMBER(D56),ISNUMBER(H56)), D56-H56, "") -> -2455.4 | J56: =IFERROR(I56/H56, "") -> -0.004769106 | K56: 1. Inverter 5 is derating by 353 kW since 01/03 due to a loose electrical connections. Additionally, one combiner may be open, or the DC contactor in the DU cabinet may not be closed and resumed production on 01/29. 2. Inverter 4/Meter 4 was derating by 640 kW on 01/19 due to a possible DC breaker trip and returned to normal production on 01/20. 3. Inverter 1 was derating by 444 kW from 9:30 to 12:00 on 01/23 and back to normal production on 01/29. | L56: 1. SR095297, SR092042, SR095706,SR095899 2. SR095707 3. SR095899 | M56: SR092042 | N56: SR095706 | O56: SR095899 | P56: SR095707 | Q56: SR095899
A57: Terning | B57: MN | C57: =Sites[[#This Row],[SOL'#]] -> SOL-10093 | D57: 526233 | E57: 640284.3 | F57: =IF(AND(ISNUMBER(D57),ISNUMBER(E57)), D57-E57, "") -> -114051.3 | G57: =IFERROR(F57/E57, "") -> -0.17812603 | H57: 466507.1 | I57: =IF(AND(ISNUMBER(D57),ISNUMBER(H57)), D57-H57, "") -> 59725.9 | J57: =IFERROR(I57/H57, "") -> 0.12802785 | K57: 1. Low generation due to weather/snow.
A58: Boas Road 04 | B58: NY | C58: =Sites[[#This Row],[SOL'#]] -> SOL-10908 | D58: 139690 | E58: 195502.95 | F58: =IF(AND(ISNUMBER(D58),ISNUMBER(E58)), D58-E58, "") -> -55812.947 | G58: =IFERROR(F58/E58, "") -> -0.28548392 | H58: 155064.5 | I58: =IF(AND(ISNUMBER(D58),ISNUMBER(H58)), D58-H58, "") -> -15374.5 | J58: =IFERROR(I58/H58, "") -> -0.099149064 | K58: 1. Low generation due to weather/snow.
A59: Kelly Bridge Farm | B59: NY | C59: =Sites[[#This Row],[SOL'#]] -> SOL-10911 | D59: 105630 | E59: 192097.43 | F59: =IF(AND(ISNUMBER(D59),ISNUMBER(E59)), D59-E59, "") -> -86467.428 | G59: =IFERROR(F59/E59, "") -> -0.45012278 | H59: 144336.8 | I59: =IF(AND(ISNUMBER(D59),ISNUMBER(H59)), D59-H59, "") -> -38706.8 | J59: =IFERROR(I59/H59, "") -> -0.26817 | K59: 1. Inverter 23 tripped offline at 9:30 AM on 11/15 due to a blown fuse and back online at 11:05 AM on 01/16. 2. Inverter 24 tripped offline at 12:40 on 01/08 due to blown fuse and back online at 11:05 on 01/16. 3. Inverter 30 tripped offline at 11:00AM on 01/10 and offline throughout the month due to thermal event. Inverter powerhead and dc combiner box have been RMA'd. 4. Inverter 4 tripped offline due to blown fuse at 12:25 on 01/30 and offline throughout the month. | L59: 1. SR093285, SR093470 2. SR095395 3. SR095473 4. SR096164 | M59: SR093470 | N59: SR095395 | O59: SR095473 | P59: SR096164
A60: Pool Brook Road | B60: NY | C60: =Sites[[#This Row],[SOL'#]] -> SOL-10909 | D60: 55489 | E60: 160091.75 | F60: =IF(AND(ISNUMBER(D60),ISNUMBER(E60)), D60-E60, "") -> -104602.75 | G60: =IFERROR(F60/E60, "") -> -0.65339251 | H60: 143824.5 | I60: =IF(AND(ISNUMBER(D60),ISNUMBER(H60)), D60-H60, "") -> -88335.5 | J60: =IFERROR(I60/H60, "") -> -0.61418952 | K60: 1. Low generation due to weather/snow.
A61: Sackett Lake | B61: NY | C61: =Sites[[#This Row],[SOL'#]] -> SOL-10910 | D61: 132347 | E61: 200740.75 | F61: =IF(AND(ISNUMBER(D61),ISNUMBER(E61)), D61-E61, "") -> -68393.754 | G61: =IFERROR(F61/E61, "") -> -0.34070687 | H61: 168308.5 | I61: =IF(AND(ISNUMBER(D61),ISNUMBER(H61)), D61-H61, "") -> -35961.5 | J61: =IFERROR(I61/H61, "") -> -0.21366419 | K61: 1.Inverter 1 tripped offline from 06:50AM to 12:30 on 01/09 and again tripped offline from 8:40AM to 11:55 AM on 01/11 due to a "failing breaker". | L61: 1. SR095433
A62: Burritt Road | B62: NY | C62: =Sites[[#This Row],[SOL'#]] -> SOL-10913 | D62: 72290 | E62: 0 | F62: =IF(AND(ISNUMBER(D62),ISNUMBER(E62)), D62-E62, "") -> 72290 | G62: =IFERROR(F62/E62, "") | H62: 111972.4 | I62: =IF(AND(ISNUMBER(D62),ISNUMBER(H62)), D62-H62, "") -> -39682.4 | J62: =IFERROR(I62/H62, "") -> -0.35439448 | K62: 1.POA Pyranometer is not communicating from 07:00AM on 11/09 and throughout the month due to a malfunctioning NPort, where the POA and GHI are connected. | L62: 1. SR093972
A63: Villa Roma 1 | B63: NY | C63: =Sites[[#This Row],[SOL'#]] -> SOL-10914 | D63: 75089 | E63: 234497.35 | F63: =IF(AND(ISNUMBER(D63),ISNUMBER(E63)), D63-E63, "") -> -159408.35 | G63: =IFERROR(F63/E63, "") -> -0.67978742 | H63: 119197 | I63: =IF(AND(ISNUMBER(D63),ISNUMBER(H63)), D63-H63, "") -> -44108 | J63: =IFERROR(I63/H63, "") -> -0.37004287 | K63: 1. Inverter 2 is offline since 01/23 due to a damaged "tbusd" board, which is being RMA'd and inverter 1 was offline on 01/23 from 08:15am to 01:25pm due to DC Contactor fault and the technician powercycled the inverter 2.Inverter 1 tripped offline on 01/25 at 13:15 due to an 'IAC overcurrent' fault and was back online on 01/26. According to the technician, both the fuses and the capacitor bank were in working order and within range. Inverter 1 tripped offline again on 01/29 at 14:40, came back online on 01/30 at 07:00, and tripped offline once more on 01/30 at 09:00. The technician swapped the CCU board between Inverters 1 and 2, and Inverter 1 was back online at 14:40 on 01/30. 3. CB 4 string 4 is offline from 01/01 due to blown fuse a technician replaced fuse on 01/21 on both string 4and string 11. | L63: 1. SR095885, SR095919 2. SR095976, SR096119 3. SR095645 | M63: SR095919 | N63: SR095976 | O63: SR096119 | P63: SR095645
A64: Villa Roma 2 | B64: NY | C64: =Sites[[#This Row],[SOL'#]] -> SOL-10915 | D64: 94660 | E64: 158029.45 | F64: =IF(AND(ISNUMBER(D64),ISNUMBER(E64)), D64-E64, "") -> -63369.455 | G64: =IFERROR(F64/E64, "") -> -0.40099774 | H64: 116241.7 | I64: =IF(AND(ISNUMBER(D64),ISNUMBER(H64)), D64-H64, "") -> -21581.7 | J64: =IFERROR(I64/H64, "") -> -0.18566229 | K64: 1. Technician swapped the fiber optic cable, restoring Inverter 2 online at 12:15 on 1/7. | L64: 1. SR095176
A65: Washington 1 | B65: NY | C65: =Sites[[#This Row],[SOL'#]] -> SOL-10912 | D65: 106440 | E65: 159121.53 | F65: =IF(AND(ISNUMBER(D65),ISNUMBER(E65)), D65-E65, "") -> -52681.526 | G65: =IFERROR(F65/E65, "") -> -0.33107731 | H65: 107375.8 | I65: =IF(AND(ISNUMBER(D65),ISNUMBER(H65)), D65-H65, "") -> -935.8 | J65: =IFERROR(I65/H65, "") -> -0.0087151854 | K65: 1. Inverter 1 was offline on 1/10 due to a Fault DC Contactor. Ingecon remotely restarted it, restoring operation at 4:00 PM on 1/10. | L65: 1. SR095483
A66: Washington 3 | B66: NY | C66: =Sites[[#This Row],[SOL'#]] -> SOL-10828 | D66: 126003 | E66: 96875.183 | F66: =IF(AND(ISNUMBER(D66),ISNUMBER(E66)), D66-E66, "") -> 29127.817 | G66: =IFERROR(F66/E66, "") -> 0.30067367 | H66: 132253.8 | I66: =IF(AND(ISNUMBER(D66),ISNUMBER(H66)), D66-H66, "") -> -6250.8 | J66: =IFERROR(I66/H66, "") -> -0.04726367 | K66: 1. POA sensor continues to read inaccurately. Tech verified connections by testing both old and new sensors, with irradiance around 1 W/m². The original sensor was last calibrated in May 2024. GPM recommends replacing the run cable to the DAS to improve accuracy. 2. Inverter 2 had delayed startup on 01/09, 01/19, and was offline all day on 01/21 due to an AC Contactor fault. Technician followed Ingeteam's instructions, removed grounding and bonding fuse, switched to a floating system, and swapped the K2 relay with Inverter 1. Inverter back online on 01/23. | L66: 1. SR093024 2. SR095445 | M66: SR095445
A67: Washington 4 | B67: NY | C67: =Sites[[#This Row],[SOL'#]] -> SOL-10829 | D67: 91589 | E67: 0 | F67: =IF(AND(ISNUMBER(D67),ISNUMBER(E67)), D67-E67, "") -> 91589 | G67: =IFERROR(F67/E67, "") | H67: 132064.4 | I67: =IF(AND(ISNUMBER(D67),ISNUMBER(H67)), D67-H67, "") -> -40475.4 | J67: =IFERROR(I67/H67, "") -> -0.30648229 | K67: 1. Low generation due to weather/snow.
A68: Big Tree | B68: NY | C68: =Sites[[#This Row],[SOL'#]] -> SOL-10966 | D68: 23918 | E68: 0 | F68: =IF(AND(ISNUMBER(D68),ISNUMBER(E68)), D68-E68, "") -> 23918 | G68: =IFERROR(F68/E68, "") | H68: 116825.9 | I68: =IF(AND(ISNUMBER(D68),ISNUMBER(H68)), D68-H68, "") -> -92907.9 | J68: =IFERROR(I68/H68, "") -> -0.795268 | K68: 1. Low generation due to weather/snow.
A69: Canoga | B69: NY | C69: =Sites[[#This Row],[SOL'#]] -> SOL-10965 | D69: 314990 | E69: 0 | F69: =IF(AND(ISNUMBER(D69),ISNUMBER(E69)), D69-E69, "") -> 314990 | G69: =IFERROR(F69/E69, "") | I69: =IF(AND(ISNUMBER(D69),ISNUMBER(H69)), D69-H69, "") | J69: =IFERROR(I69/H69, "") | K69: 1. Weather station has reported 0 since 8/21. New UP POA and Down POA need replacement. Gen Cap advised holding off dispatch. 2. Combiner box 19 had minimal production since 10/29. Technician found it locked/tagged, removed the lock, tested voltage, fuses, and ground faults—all tested good. Combiner box 19 back in production on 01/29. 3. Inverter 3 tripped offline at 12:10 on 01/26 due to IAC out of range. Technician found thermal damage and blown fuses. Parts have been RMA'd. 4. Inverter 4 tripped offline at 12:00 on 01/27 due to IAC out of range. Technician replaced a blown fuse on the middle phase, cap bank tested good. Inverter back online at 1:20 on 01/29. 5. Combiner boxe 3 offline due to thermal damage and fuse blown and combiner boxes 21-37,26,30 and 33 required new CT's from 01/29. | L69: 1. SR094278 2. SR095604 3. SR095991 4. SR096045 5. SR095991 | M69: SR095604 | N69: SR095991 | O69: SR096045 | P69: SR095991
A70: County Route 84 | B70: NY | C70: =Sites[[#This Row],[SOL'#]] -> SOL-10967 | D70: 423990 | E70: 0 | F70: =IF(AND(ISNUMBER(D70),ISNUMBER(E70)), D70-E70, "") -> 423990 | G70: =IFERROR(F70/E70, "") | H70: 472285.7 | I70: =IF(AND(ISNUMBER(D70),ISNUMBER(H70)), D70-H70, "") -> -48295.7 | K70: 1. Site tripped offline at 16:00 on 01/29 due to utility outage and back online at 20:55 on 01/29. | L70: 1. SR096126
A71: Donati | B71: NY | C71: =Sites[[#This Row],[SOL'#]] -> SOL-10968 | D71: 127357 | E71: 0 | F71: =IF(AND(ISNUMBER(D71),ISNUMBER(E71)), D71-E71, "") -> 127357 | G71: =IFERROR(F71/E71, "") | H71: 156570.4 | I71: =IF(AND(ISNUMBER(D71),ISNUMBER(H71)), D71-H71, "") -> -29213.4 | J71: =IFERROR(I71/H71, "") -> -0.18658316 | K71: 1. Weather station Reporting 0 value from 05/31. POA sensors need to be replaced. Quote provided to Gen Cap for approval. 2. Trackers A01, A05, A06, A07, A10, B17, D20, F19, F21, F22, F32, F33, and G14 are stuck since different dates, totaling 13. Gen Cap advised holding off dispatch. | L71: 1. SR092964 2. SR095253 | M71: SR095253
A72: Henrietta | B72: NY | C72: =Sites[[#This Row],[SOL'#]] -> SOL-10972 | D72: 200110 | E72: 0 | F72: =IF(AND(ISNUMBER(D72),ISNUMBER(E72)), D72-E72, "") -> 200110 | G72: =IFERROR(F72/E72, "") | H72: 268925.4 | I72: =IF(AND(ISNUMBER(D72),ISNUMBER(H72)), D72-H72, "") -> -68815.4 | J72: =IFERROR(I72/H72, "") -> -0.2558903 | K72: 1.Low generation due to weather/snow.
A73: NY 70 | B73: NY | C73: =Sites[[#This Row],[SOL'#]] -> SOL-10970 | D73: 284620 | E73: 0 | F73: =IF(AND(ISNUMBER(D73),ISNUMBER(E73)), D73-E73, "") -> 284620 | G73: =IFERROR(F73/E73, "") | H73: 386450 | I73: =IF(AND(ISNUMBER(D73),ISNUMBER(H73)), D73-H73, "") -> -101830 | J73: =IFERROR(I73/H73, "") -> -0.2635011 | K73: 1.Inverters 2,3,4 are offline at 11:30 on 01/06 while technician on site to troubleshoot combiner boxes. In addition Combiner Boxes 35-46 are offline from 01/02 and back online on 01/14. | L73: 1.SR095252
A74: Reid | B74: NY | C74: =Sites[[#This Row],[SOL'#]] -> SOL-10991 | D74: 165884.99 | E74: 348144.2 | F74: =IF(AND(ISNUMBER(D74),ISNUMBER(E74)), D74-E74, "") -> -182259.21 | G74: =IFERROR(F74/E74, "") -> -0.52351644 | H74: 265223 | I74: =IF(AND(ISNUMBER(D74),ISNUMBER(H74)), D74-H74, "") -> -99338.011 | J74: =IFERROR(I74/H74, "") -> -0.37454523 | K74: 1. Inverter 23 was offline since 11/29 reporting Grid Phase Voltage Out of Range. Gen Cap advised holding off dispatch. | L74: 1. SR093436
A75: Sangolqui | B75: NY | C75: =Sites[[#This Row],[SOL'#]] -> SOL-10975 | D75: 129267 | E75: 0 | F75: =IF(AND(ISNUMBER(D75),ISNUMBER(E75)), D75-E75, "") -> 129267 | G75: =IFERROR(F75/E75, "") | H75: 151974.9 | I75: =IF(AND(ISNUMBER(D75),ISNUMBER(H75)), D75-H75, "") -> -22707.9 | J75: =IFERROR(I75/H75, "") -> -0.14941875 | K75: 1. Inverter 1 started late for the production due to Isolation resistance value of limits and later self resolved at 11:25 on 01/29. | L75: 1. SR096100
A76: State Highway 17B | B76: NY | C76: =Sites[[#This Row],[SOL'#]] -> SOL-10988 | D76: 242020 | E76: 0 | F76: =IF(AND(ISNUMBER(D76),ISNUMBER(E76)), D76-E76, "") -> 242020 | G76: =IFERROR(F76/E76, "") | H76: 384984 | I76: =IF(AND(ISNUMBER(D76),ISNUMBER(H76)), D76-H76, "") -> -142964 | J76: =IFERROR(I76/H76, "") -> -0.3713505 | K76: 1. Site tripped offline at 13:50PM on 01/07/25 and came back online after a brief outage at 20:00 on same day. 2. Inverter 4 has been offline since 11/13/24 and reporting Fault elect. supply. On 01/29/25, the technician installed stacks, partially checked ground faults, and found the connecting plates were missing. Re-energizing occurred, as thermal events were observed during this step and inverter still offline. | L76: 1. SR095376 2. SR093375 | M76: SR093375
A77: State Route 14A | B77: NY | C77: =Sites[[#This Row],[SOL'#]] -> SOL-10997 | D77: 331004 | E77: 0 | F77: =IF(AND(ISNUMBER(D77),ISNUMBER(E77)), D77-E77, "") -> 331004 | G77: =IFERROR(F77/E77, "") | H77: 427147.4 | I77: =IF(AND(ISNUMBER(D77),ISNUMBER(H77)), D77-H77, "") -> -96143.4 | J77: =IFERROR(I77/H77, "") -> -0.22508249 | K77: 1.Inverter 2 tripped offline at 9:40 AM on 01/14/25 due to an SE INTERNAL TEMP UNBALANCED (253) fault and came back online at 2:50 PM the same day. On 01/15/25, the technician performed a fan test. After restarting, Inverter 2 showed a Phase S blower message. Fans S & R were swapped, but the fault followed the fan. Ingeteam issued an RMA to ship a new fan. On 01/20/25, the inverter again tripped offline at 12:05 PM and remained offline. On 01/27/25, the technician replaced the RMA fan "S," and it was brought back online at 12:45 PM. | L77: 1. SR095549
A78: West Creek | B78: NY | C78: =Sites[[#This Row],[SOL'#]] -> SOL-10995 | D78: 376140 | E78: 0 | F78: =IF(AND(ISNUMBER(D78),ISNUMBER(E78)), D78-E78, "") -> 376140 | G78: =IFERROR(F78/E78, "") | H78: 397925.5 | I78: =IF(AND(ISNUMBER(D78),ISNUMBER(H78)), D78-H78, "") -> -21785.5 | J78: =IFERROR(I78/H78, "") -> -0.054747685
A79: Wildflower | B79: NY | C79: =Sites[[#This Row],[SOL'#]] -> SOL-10982 | D79: 324291.4 | E79: 0 | F79: =IF(AND(ISNUMBER(D79),ISNUMBER(E79)), D79-E79, "") -> 324291.4 | G79: =IFERROR(F79/E79, "") | H79: 433603.2 | I79: =IF(AND(ISNUMBER(D79),ISNUMBER(H79)), D79-H79, "") -> -109311.8 | J79: =IFERROR(I79/H79, "") -> -0.252101 | K79: 1. Inverters 1 and 2 tripped offline at 13:40 on 01/07/25 and came back online on 01/08. Inverter 1 tripped again at 12:20 on 01/11 due to an Iac out-of-range fault. Inverter 2 experienced multiple trips due to an isolation resistance value out-of-limits fault. On 01/12/25, the technician brought both inverters back online at 13:40 after replacing the connection with a new wire (same labeling) and a new fuse from stock. 2. Inverter 3 tripped offline at 10:40 AM on 01/22/25 due to an AC Protection fault. Inverter 4 experienced multiple trips due to a hardware error. On 01/23/25, the technician brought Inverter 3 back online at 15:05 after closing the Q4 breaker, finding the D134 LED illuminated but no other errors. Further instructions from Ingeteam are needed for part replacement. On 01/24/25, the technician tested the capacitor banks of Inverters 3 and 4 as per Ingeteam's instructions. Inverter 3's capacitor bank was RMA'd. 3. Inverter 2 tripped offline at 12:05 and back online at 13:00 on 01/28/25 due to an Insulation fault. | L79: 1. SR095496 2. SR095852 3. SR096056 | M79: SR095852 | N79: SR096056
A80: Glen Mary 1 | B80: NY | C80: =Sites[[#This Row],[SOL'#]] -> SOL-10993 | D80: 396140 | E80: 0 | F80: =IF(AND(ISNUMBER(D80),ISNUMBER(E80)), D80-E80, "") -> 396140 | G80: =IFERROR(F80/E80, "") | H80: 420494.8 | I80: =IF(AND(ISNUMBER(D80),ISNUMBER(H80)), D80-H80, "") -> -24354.8 | J80: =IFERROR(I80/H80, "") -> -0.057919384
A81: Glen Mary 2 | B81: NY | C81: =Sites[[#This Row],[SOL'#]] -> SOL-10994 | D81: 63710 | E81: 0 | F81: =IF(AND(ISNUMBER(D81),ISNUMBER(E81)), D81-E81, "") -> 63710 | G81: =IFERROR(F81/E81, "") | H81: 171573.9 | I81: =IF(AND(ISNUMBER(D81),ISNUMBER(H81)), D81-H81, "") -> -107863.9 | J81: =IFERROR(I81/H81, "") -> -0.62867313 | K81: 1.Inverter 1 tripped offline at 14:15 on 01/16/25 due to a ground fault. On 01/17/25, the technician identified the fault on CB 13, turned it off, and restarted the inverter. On 01/18/25, condensation was found on CB 19 and voltage issues on string 9, so CB 19 was left offline. The GFDI fault returned after restarting. On 01/21/25, the technician found a hard positive ground fault on the negative busbar, but could not replicate the fault after checking all CBs. Inverter 1 has been RMA'd. | L81: 1. SR095635
A82: Telegraph 1 | B82: NY | C82: =Sites[[#This Row],[SOL'#]] -> SOL-11003 | D82: 136202 | E82: 0 | F82: =IF(AND(ISNUMBER(D82),ISNUMBER(E82)), D82-E82, "") -> 136202 | G82: =IFERROR(F82/E82, "") | H82: 286022.2 | I82: =IF(AND(ISNUMBER(D82),ISNUMBER(H82)), D82-H82, "") -> -149820.2 | J82: =IFERROR(I82/H82, "") -> -0.52380619 | K82: 1. Site was tripped offline on 01/07/25 at 13:15 due to utility outage and power was restored at 14:25 on same day. 2. Site was tripped offline on 01/22/25 at 11:30AM due to utility outage and power was restored at 17:25 on same day. 3. Site was tripped offline on 01/29/25 at 11:45AM due to utility outage and power was restored at 13:00 on same day. | L82: 1. SR095374 2. SR095374 3. SR096112 | M82: SR095374 | N82: SR096112
A83: Telegraph 2 | B83: NY | C83: =Sites[[#This Row],[SOL'#]] -> SOL-11004 | D83: 87233 | E83: 0 | F83: =IF(AND(ISNUMBER(D83),ISNUMBER(E83)), D83-E83, "") -> 87233 | G83: =IFERROR(F83/E83, "") | H83: 146627.1 | I83: =IF(AND(ISNUMBER(D83),ISNUMBER(H83)), D83-H83, "") -> -59394.1 | J83: =IFERROR(I83/H83, "") -> -0.40506905 | K83: 1. Site was tripped offline on 01/07/25 at 13:15 due to utility outage and power was restored at 14:25 on same day. 2. Site was tripped offline on 01/22/25 at 12:20 AM. On 01/23/25, the technician found the cradlepoint was not working and the SIM card was RMA'd. On 01/27/25 the technician pushed new firmware, power-cycled the cradlepoint site back online at 05:00 on 01/27 3. Site was tripped offline on 01/29/25 at 11:50AM due to utility outage and power was restored at 13:00 on same day. | L83: 1. SR095375 2. SR095375 3. SR096113 | M83: SR095375 | N83: SR096113
A84: Cafferty Hill | B84: NY | C84: =Sites[[#This Row],[SOL'#]] -> SOL-10996 | D84: 349660 | E84: 0 | F84: =IF(AND(ISNUMBER(D84),ISNUMBER(E84)), D84-E84, "") -> 349660 | G84: =IFERROR(F84/E84, "") | H84: 373143.4 | I84: =IF(AND(ISNUMBER(D84),ISNUMBER(H84)), D84-H84, "") -> -23483.4 | J84: =IFERROR(I84/H84, "") -> -0.062933982 | K84: 1. Inverter module 2.2 has been underproducing by 1000 kW since 01/22/25 compared to its peers due to a faulty PG board. On 01/24/25, the technician replaced the board and inverter resumed back to normal production. 2. Inverter 1 unit 2 is producing as expected after the technician replaced the PG board on 01/07/25. | L84: 1. SR095917 2. SR094891 | M84: SR094891
A85: Dunkleman | B85: NY | C85: =Sites[[#This Row],[SOL'#]] -> SOL-11008 | D85: 142060 | E85: 0 | F85: =IF(AND(ISNUMBER(D85),ISNUMBER(E85)), D85-E85, "") -> 142060 | G85: =IFERROR(F85/E85, "") | H85: 369715.7 | I85: =IF(AND(ISNUMBER(D85),ISNUMBER(H85)), D85-H85, "") -> -227655.7 | J85: =IFERROR(I85/H85, "") -> -0.61575881 | K85: 1.Site tripped offline at 11:45 on 01/21 due to main breaker tripped open and back online at 10:15 on 01/22 after technician re-energised the site. 2. From 01/05, Inverter 1 trackers and multiple trackers(2.021, 2.027, 2.052, 2.059, 2.066, 2.114, 2.120, & 2.124) on Inverter 2 were stuck. Inverter 2 Trackers 2.011, 2.020, 2.027, 2.030, 2.032, 2.036, 2.039, 2.043, 2.050, 2.051, 2.052, 2.054, 2.056, 2.059, 2.060, 2.061, 2.064, 2.066, 2.068, 2.088, 2.095, 2.114, 2.119, 2.120, & 2.124 were stuck on 01/10. Technician restored Inverter 1 trackers on 01/13 and initiated the RMA process for 9 tracker control units. Modules are covered in ice/snow, and a low battery charging panel was dismounted and it will be reinstalled in better weather. | L85: 1.SR095812 2.SR095109 | M85: SR095109
A86: Route 19 1 | B86: NY | C86: =Sites[[#This Row],[SOL'#]] -> SOL-11001 | D86: 100050 | E86: 0 | F86: =IF(AND(ISNUMBER(D86),ISNUMBER(E86)), D86-E86, "") -> 100050 | G86: =IFERROR(F86/E86, "") | H86: 154567.8 | I86: =IF(AND(ISNUMBER(D86),ISNUMBER(H86)), D86-H86, "") -> -54517.8 | J86: =IFERROR(I86/H86, "") -> -0.35271124 | K86: 1. Site tripped offline from 13:15PM to 14:45PM on 01/07 due to brief utility outage, again site tripped offline from 10:35 to 17:15 on 01/22 due to utility outage. | L86: 1.SR095371
A87: Route 19 2 | B87: NY | C87: =Sites[[#This Row],[SOL'#]] -> SOL-11002 | D87: 273860 | E87: 0 | F87: =IF(AND(ISNUMBER(D87),ISNUMBER(E87)), D87-E87, "") -> 273860 | G87: =IFERROR(F87/E87, "") | H87: 409574.6 | I87: =IF(AND(ISNUMBER(D87),ISNUMBER(H87)), D87-H87, "") -> -135714.6 | J87: =IFERROR(I87/H87, "") -> -0.33135502 | K87: 1.Site tripped offline from 13:15PM to 14:45PM on 01/07 due to brief utility outage, again site tripped offline from 10:35 to 17:15 on 01/22 due to utility outage. 2.Inverter 1 was offline on 01/31 and technician was unable to access the site due to heavy snowbank at the access road. | L87: 1.SR095373 2.SR096177 | M87: SR096177
A88: Yellow Mills 1 | B88: NY | C88: =Sites[[#This Row],[SOL'#]] -> SOL-11006 | D88: 43612 | E88: 0 | F88: =IF(AND(ISNUMBER(D88),ISNUMBER(E88)), D88-E88, "") -> 43612 | G88: =IFERROR(F88/E88, "") | H88: 123508.6 | I88: =IF(AND(ISNUMBER(D88),ISNUMBER(H88)), D88-H88, "") -> -79896.6 | J88: =IFERROR(I88/H88, "") -> -0.64689099 | K88: 1. Inverter is barely producing since 01/15 and from 01/20 the inverter is offline due to bad PA1 board(PA1 board is being RMA'd) 2. Site was tripped offline on 01/12 at 18:00 due to utility outage and later power was restored at 19:55 on 01/12 | L88: 1. SR096106, SR095599 2. SR095506 | M88: SR095599 | N88: SR095506
A89: Yellow Mills 2 | B89: NY | C89: =Sites[[#This Row],[SOL'#]] -> SOL-11005 | D89: 133771 | E89: 0 | F89: =IF(AND(ISNUMBER(D89),ISNUMBER(E89)), D89-E89, "") -> 133771 | G89: =IFERROR(F89/E89, "") | H89: 126216.1 | I89: =IF(AND(ISNUMBER(D89),ISNUMBER(H89)), D89-H89, "") -> 7554.9 | J89: =IFERROR(I89/H89, "") -> 0.059856865 | K89: 1. Site was tripped offline on 01/12 at 17:50 due to utility outage and power was restored at 20:00 on 01/12 | L89: 1. SR095508
A90: Yellow Mills 3 | B90: NY | C90: =Sites[[#This Row],[SOL'#]] -> SOL-11007 | D90: 125120 | E90: 0 | F90: =IF(AND(ISNUMBER(D90),ISNUMBER(E90)), D90-E90, "") -> 125120 | G90: =IFERROR(F90/E90, "") | H90: 111400.8 | I90: =IF(AND(ISNUMBER(D90),ISNUMBER(H90)), D90-H90, "") -> 13719.2 | J90: =IFERROR(I90/H90, "") -> 0.12315172 | K90: 1. Site was tripped offline on 01/12 at 18:00 due to utility outage and later power was restored at 19:55 on 01/12 | L90: 1. SR095507
A91: Catskill | B91: NY | C91: =Sites[[#This Row],[SOL'#]] -> SOL-11021 | D91: 203760 | E91: 0 | F91: =IF(AND(ISNUMBER(D91),ISNUMBER(E91)), D91-E91, "") -> 203760 | G91: =IFERROR(F91/E91, "") | H91: 295119.3 | I91: =IF(AND(ISNUMBER(D91),ISNUMBER(H91)), D91-H91, "") -> -91359.3 | J91: =IFERROR(I91/H91, "") -> -0.30956735 | K91: 1. Site was tripped offline on 01/01 at 11:00am due to utility outage and later power was restored at 17:45 on 01/01 2.Site was tripped offline at 17:30 on 01/22 due to relay open and back online on 01/23 at 09:00am after technician closed in the relay. | L91: 1. SR095211 2. SR095865 | M91: SR095865
A92: Eddy Ridge | B92: NY | C92: =Sites[[#This Row],[SOL'#]] -> SOL-11054 | D92: 142318.1 | E92: 0 | F92: =IF(AND(ISNUMBER(D92),ISNUMBER(E92)), D92-E92, "") -> 142318.1 | G92: =IFERROR(F92/E92, "") | H92: 176115 | I92: =IF(AND(ISNUMBER(D92),ISNUMBER(H92)), D92-H92, "") -> -33796.9 | J92: =IFERROR(I92/H92, "") -> -0.19190245 | K92: 1. Combiner box 1.05 is offline on 01/30 and later self resolved on 01/31. | L92: 1. SR096147
A93: Ridgeway #1 | B93: NY | C93: =Sites[[#This Row],[SOL'#]] -> SOL-11018 | D93: 278224 | E93: 0 | F93: =IF(AND(ISNUMBER(D93),ISNUMBER(E93)), D93-E93, "") -> 278224 | G93: =IFERROR(F93/E93, "") | H93: 426059 | I93: =IF(AND(ISNUMBER(D93),ISNUMBER(H93)), D93-H93, "") -> -147835 | J93: =IFERROR(I93/H93, "") -> -0.34698246 | K93: 1. Low generation due to weather/snow.
A94: Rivard 1 | B94: NY | C94: =Sites[[#This Row],[SOL'#]] -> SOL-11011 | D94: 179839.58 | E94: 270917.4 | F94: =IF(AND(ISNUMBER(D94),ISNUMBER(E94)), D94-E94, "") -> -91077.821 | G94: =IFERROR(F94/E94, "") -> -0.33618299 | H94: 258355.8 | I94: =IF(AND(ISNUMBER(D94),ISNUMBER(H94)), D94-H94, "") -> -78516.221 | J94: =IFERROR(I94/H94, "") -> -0.30390733 | K94: 1. Low generation due to weather/snow.
A95: Rivard 2 | B95: NY | C95: =Sites[[#This Row],[SOL'#]] -> SOL-11012 | D95: 181084.29 | E95: 212124.1 | F95: =IF(AND(ISNUMBER(D95),ISNUMBER(E95)), D95-E95, "") -> -31039.814 | G95: =IFERROR(F95/E95, "") -> -0.14632856 | H95: 246477.3 | I95: =IF(AND(ISNUMBER(D95),ISNUMBER(H95)), D95-H95, "") -> -65393.014 | J95: =IFERROR(I95/H95, "") -> -0.26531049 | K95: 1. Tracker control 33 - 90, 129 - 136, 148 are not communicating & tracker 156 is stuck and production dropped (approxmately ) 25 KW down. | L95: 1. SR095073
A96: Ridgeway #2 | B96: NY | C96: =Sites[[#This Row],[SOL'#]] -> SOL-11027 | D96: 79273 | E96: 0 | F96: =IF(AND(ISNUMBER(D96),ISNUMBER(E96)), D96-E96, "") -> 79273 | G96: =IFERROR(F96/E96, "") | H96: 219945.2 | I96: =IF(AND(ISNUMBER(D96),ISNUMBER(H96)), D96-H96, "") -> -140672.2 | J96: =IFERROR(I96/H96, "") -> -0.6395784 | K96: 1.Site tripped offline from 11:40 to 14:10 on 01/23 due to technician checked in along with Sungrow representatives to collect data. 2.Site was offline at 16:30 on 01/23 and back online at 15:30 on 01/28 due to snowfall. | L96: 1.SR095678 2.SR096054 | M96: SR096054
A97: Spencer | B97: NY | C97: =Sites[[#This Row],[SOL'#]] -> SOL-11017 | D97: 414005 | E97: 0 | F97: =IF(AND(ISNUMBER(D97),ISNUMBER(E97)), D97-E97, "") -> 414005 | G97: =IFERROR(F97/E97, "") | H97: 306010.6 | I97: =IF(AND(ISNUMBER(D97),ISNUMBER(H97)), D97-H97, "") -> 107994.4 | J97: =IFERROR(I97/H97, "") -> 0.35291065 | K97: 1.Trackers 138, 141, & 147 are stuck. GenC says to hold on dispatch | L97: 1. SR095821
A98: Reisender | B98: NY | C98: =Sites[[#This Row],[SOL'#]] -> SOL-10886 | D98: 103860 | E98: 170531.49 | F98: =IF(AND(ISNUMBER(D98),ISNUMBER(E98)), D98-E98, "") -> -66671.493 | G98: =IFERROR(F98/E98, "") -> -0.39096293 | H98: 141381.5 | I98: =IF(AND(ISNUMBER(D98),ISNUMBER(H98)), D98-H98, "") -> -37521.5 | J98: =IFERROR(I98/H98, "") -> -0.26539187 | K98: 1. Low generation due to weather/snow.
A99: Finney | B99: NY | C99: =Sites[[#This Row],[SOL'#]] -> SOL-10999 | D99: 454350 | E99: 0 | F99: =IF(AND(ISNUMBER(D99),ISNUMBER(E99)), D99-E99, "") -> 454350 | G99: =IFERROR(F99/E99, "") | H99: 423916.4 | I99: =IF(AND(ISNUMBER(D99),ISNUMBER(H99)), D99-H99, "") -> 30433.6 | J99: =IFERROR(I99/H99, "") -> 0.071791514
A100: Davis Solar | B100: NY | C100: =Sites[[#This Row],[SOL'#]] -> SOL-10958 | D100: 113022 | E100: 215455 | F100: =IF(AND(ISNUMBER(D100),ISNUMBER(E100)), D100-E100, "") -> -102433 | G100: =IFERROR(F100/E100, "") -> -0.47542642 | H100: 182746 | I100: =IF(AND(ISNUMBER(D100),ISNUMBER(H100)), D100-H100, "") -> -69724 | J100: =IFERROR(I100/H100, "") -> -0.38153503 | K100: 1.Inverter went offline from 15:46 to 15:55 briefly with AC Separating Point failure later attempted remote clear error and inverter back online | L100: 1.SR095558
...

Sheet Feb
A1: {=portfolio} -> Generate Capital | E1: February Actual v. Expected | H1: February Actual v. Forecasted
A2: Total | D2: =SUM(D4:D95) -> 9904560.4 | E2: =SUM(E4:E95) -> 4894424.5 | F2: =D2-E2 -> 5010135.8 | G2: =IFERROR(F2/E2, 0) -> 1.0236415 | H2: =SUM(H4:H95) -> 15070075 | I2: =D2-H2 -> -5165514.5 | J2: =IFERROR(I2/H2, 0) -> -0.34276635 | K2: =IF(AND(TODAY()>DATE(2024, 2, 1), COUNTA(Sites[Site])<>(COUNT(D:D)-1)), "Some sites are missing actual data; if new sites were added, make sure they are aligned correctly (including prior months!)", "") -> Some sites are missing actual data; if new sites were added, make sure they are aligned correctly (including prior months!)
A3: Site | B3: State | C3: SOL# | D3: Actual | E3: Expected | F3: Delta | G3: % | H3: Forecasted | I3: Delta | J3: % | K3: Notes | L3: Service Requests
A4: {=Sites[Site]} -> K026 | B4: {=Sites[State]} -> NY | C4: =Sites[[#This Row],[SOL'#]] -> SOL-10356 | D4: 17315.75 | E4: 21363.42 | F4: =IF(AND(ISNUMBER(D4),ISNUMBER(E4)), D4-E4, "") -> -4047.67 | G4: =IFERROR(F4/E4, "") -> -0.18946732 | H4: 15170.88 | I4: =IF(AND(ISNUMBER(D4),ISNUMBER(H4)), D4-H4, "") -> 2144.87 | J4: =IFERROR(I4/H4, "") -> 0.14138072 | K4: 1.Low generation due to weather/snow.
A5: K041 | B5: NY | C5: =Sites[[#This Row],[SOL'#]] -> SOL-10357 | D5: 13320.781 | E5: 17186.99 | F5: =IF(AND(ISNUMBER(D5),ISNUMBER(E5)), D5-E5, "") -> -3866.2088 | G5: =IFERROR(F5/E5, "") -> -0.22494973 | H5: 13859 | I5: =IF(AND(ISNUMBER(D5),ISNUMBER(H5)), D5-H5, "") -> -538.21875 | J5: =IFERROR(I5/H5, "") -> -0.038835324 | K5: 1.Low generation due to weather/snow.
A6: K043 | B6: NY | C6: =Sites[[#This Row],[SOL'#]] -> SOL-10358 | D6: 15518.344 | E6: 18500.95 | F6: =IF(AND(ISNUMBER(D6),ISNUMBER(E6)), D6-E6, "") -> -2982.6063 | G6: =IFERROR(F6/E6, "") -> -0.16121368 | H6: 3061 | I6: =IF(AND(ISNUMBER(D6),ISNUMBER(H6)), D6-H6, "") -> 12457.344 | J6: =IFERROR(I6/H6, "") -> 4.0696974 | K6: 1.Estimated values are low in AE we have also verified the file which was given GC
A7: K058 | B7: NY | C7: =Sites[[#This Row],[SOL'#]] -> SOL-10360 | D7: 4162.5625 | E7: 9281.183 | F7: =IF(AND(ISNUMBER(D7),ISNUMBER(E7)), D7-E7, "") -> -5118.6205 | G7: =IFERROR(F7/E7, "") -> -0.55150518 | H7: 12005.22 | I7: =IF(AND(ISNUMBER(D7),ISNUMBER(H7)), D7-H7, "") -> -7842.6575 | J7: =IFERROR(I7/H7, "") -> -0.65327062 | K7: 1.The inverters experienced multiple tripping events on 02/14,17,18,19,20 due to intermittent voltage on phase B. The site tripped offline at 08:52 AM on 02/21. The technician arrived and stated that the cause was a blown phase C fuse and thermal damage to the AC disconnect. The site will remain offline until the parts are replaced. | L7: 1.SR097569
A8: K115 | B8: NY | C8: =Sites[[#This Row],[SOL'#]] -> SOL-10361 | D8: 3372.4181 | E8: 7965.901 | F8: =IF(AND(ISNUMBER(D8),ISNUMBER(E8)), D8-E8, "") -> -4593.4829 | G8: =IFERROR(F8/E8, "") -> -0.57664323 | H8: 7488.091 | I8: =IF(AND(ISNUMBER(D8),ISNUMBER(H8)), D8-H8, "") -> -4115.6729 | J8: =IFERROR(I8/H8, "") -> -0.54962913 | K8: 1. 96 optimizers are down for site construction. 2. Low generation due to weather/snow. | L8: 1.SR093291
A9: K152 | B9: NY | C9: =Sites[[#This Row],[SOL'#]] -> SOL-10362 | D9: 4885.5938 | E9: 5681.248 | F9: =IF(AND(ISNUMBER(D9),ISNUMBER(E9)), D9-E9, "") -> -795.65425 | G9: =IFERROR(F9/E9, "") -> -0.1400492 | H9: 4676 | I9: =IF(AND(ISNUMBER(D9),ISNUMBER(H9)), D9-H9, "") -> 209.59375 | J9: =IFERROR(I9/H9, "") -> 0.0448233 | K9: 1. Low generation due to weather/snow.
A10: K166 | B10: NY | C10: =Sites[[#This Row],[SOL'#]] -> SOL-10363 | D10: 17203.5 | E10: 21280.06 | F10: =IF(AND(ISNUMBER(D10),ISNUMBER(E10)), D10-E10, "") -> -4076.56 | G10: =IFERROR(F10/E10, "") -> -0.19156713 | H10: 16417.23 | I10: =IF(AND(ISNUMBER(D10),ISNUMBER(H10)), D10-H10, "") -> 786.27 | J10: =IFERROR(I10/H10, "") -> 0.047892976 | K10: 1. Low generation due to weather/snow.
A11: K206 | B11: NY | C11: =Sites[[#This Row],[SOL'#]] -> SOL-10927 | D11: 10148.324 | E11: 12619.81 | F11: =IF(AND(ISNUMBER(D11),ISNUMBER(E11)), D11-E11, "") -> -2471.4859 | G11: =IFERROR(F11/E11, "") -> -0.19584177 | H11: 9232 | I11: =IF(AND(ISNUMBER(D11),ISNUMBER(H11)), D11-H11, "") -> 916.32407 | J11: =IFERROR(I11/H11, "") -> 0.099255207 | K11: 1.Low generation due to weather/snow.
A12: K251 | B12: NY | C12: =Sites[[#This Row],[SOL'#]] -> SOL-10365 | D12: 11751.062 | E12: 0 | F12: =IF(AND(ISNUMBER(D12),ISNUMBER(E12)), D12-E12, "") -> 11751.062 | G12: =IFERROR(F12/E12, "") | H12: 11033.06 | I12: =IF(AND(ISNUMBER(D12),ISNUMBER(H12)), D12-H12, "") -> 718.0025 | J12: =IFERROR(I12/H12, "") -> 0.065077367 | K12: 1.Weather station is not communicating since 11/22/2024. | L12: 1.SR093633
A13: K269 | B13: NY | C13: =Sites[[#This Row],[SOL'#]] -> SOL-10366 | D13: 10325.688 | E13: 14133.12 | F13: =IF(AND(ISNUMBER(D13),ISNUMBER(E13)), D13-E13, "") -> -3807.4325 | G13: =IFERROR(F13/E13, "") -> -0.26939788 | H13: 10722.85 | I13: =IF(AND(ISNUMBER(D13),ISNUMBER(H13)), D13-H13, "") -> -397.1625 | J13: =IFERROR(I13/H13, "") -> -0.037038894
A14: K273 | B14: NY | C14: =Sites[[#This Row],[SOL'#]] -> SOL-10367 | D14: 10878.625 | E14: 0 | F14: =IF(AND(ISNUMBER(D14),ISNUMBER(E14)), D14-E14, "") -> 10878.625 | G14: =IFERROR(F14/E14, "") | H14: 12777 | I14: =IF(AND(ISNUMBER(D14),ISNUMBER(H14)), D14-H14, "") -> -1898.375 | J14: =IFERROR(I14/H14, "") -> -0.14857752 | K14: 1. Weather station is not communicating since 06/30/2024. 2. 26 optimizers are down for roof repair. | L14: 1.SR086842 2.SR093294 | M14: SR093294
A15: K287 | B15: NY | C15: =Sites[[#This Row],[SOL'#]] -> SOL-10919 | D15: 9429.75 | E15: 9596.787 | F15: =IF(AND(ISNUMBER(D15),ISNUMBER(E15)), D15-E15, "") -> -167.037 | G15: =IFERROR(F15/E15, "") -> -0.017405513 | H15: 9504 | I15: =IF(AND(ISNUMBER(D15),ISNUMBER(H15)), D15-H15, "") -> -74.25 | J15: =IFERROR(I15/H15, "") -> -0.0078125
A16: K298 | B16: NY | C16: =Sites[[#This Row],[SOL'#]] -> SOL-10368 | D16: 9181.5 | E16: 12211.43 | F16: =IF(AND(ISNUMBER(D16),ISNUMBER(E16)), D16-E16, "") -> -3029.93 | G16: =IFERROR(F16/E16, "") -> -0.24812246 | H16: 9465 | I16: =IF(AND(ISNUMBER(D16),ISNUMBER(H16)), D16-H16, "") -> -283.5 | J16: =IFERROR(I16/H16, "") -> -0.029952456 | K16: 1.Low generation due to weather/snow.
A17: K335 | B17: NY | C17: =Sites[[#This Row],[SOL'#]] -> SOL-10370 | D17: 9894.3125 | E17: 13143.68 | F17: =IF(AND(ISNUMBER(D17),ISNUMBER(E17)), D17-E17, "") -> -3249.3675 | G17: =IFERROR(F17/E17, "") -> -0.24721901 | H17: 10841 | I17: =IF(AND(ISNUMBER(D17),ISNUMBER(H17)), D17-H17, "") -> -946.6875 | J17: =IFERROR(I17/H17, "") -> -0.087324739 | K17: 1.Low generation due to weather/snow.
A18: K345 | B18: NY | C18: =Sites[[#This Row],[SOL'#]] -> SOL-10920 | D18: 12057.631 | E18: 9026.366 | F18: =IF(AND(ISNUMBER(D18),ISNUMBER(E18)), D18-E18, "") -> 3031.2652 | G18: =IFERROR(F18/E18, "") -> 0.33582343 | H18: 11577 | I18: =IF(AND(ISNUMBER(D18),ISNUMBER(H18)), D18-H18, "") -> 480.63117 | J18: =IFERROR(I18/H18, "") -> 0.041516038
A19: K445 | B19: NY | C19: =Sites[[#This Row],[SOL'#]] -> SOL-10373 | D19: 9972.625 | E19: 13155.89 | F19: =IF(AND(ISNUMBER(D19),ISNUMBER(E19)), D19-E19, "") -> -3183.265 | G19: =IFERROR(F19/E19, "") -> -0.24196501 | H19: 9461.312 | I19: =IF(AND(ISNUMBER(D19),ISNUMBER(H19)), D19-H19, "") -> 511.313 | J19: =IFERROR(I19/H19, "") -> 0.054042505 | K19: 1.Low generation due to weather/snow.
A20: K495 | B20: NY | C20: =Sites[[#This Row],[SOL'#]] -> SOL-10374 | D20: 576 | E20: 39846.9 | F20: =IF(AND(ISNUMBER(D20),ISNUMBER(E20)), D20-E20, "") -> -39270.9 | G20: =IFERROR(F20/E20, "") -> -0.98554467 | H20: 42524 | I20: =IF(AND(ISNUMBER(D20),ISNUMBER(H20)), D20-H20, "") -> -41948 | J20: =IFERROR(I20/H20, "") -> -0.98645471 | K20: 1.Due to shunt trips of the switchgear and overcurrent faults, the site has been offline since 11/20/2024. It came back online at 10:25 AM on 02/12 and again tripped offline at 05:25 PM on 02/13 till date. | L20: 1.SR093196
A21: M020 | B21: NY | C21: =Sites[[#This Row],[SOL'#]] -> SOL-10380 | D21: 10867.531 | E21: 12814.96 | F21: =IF(AND(ISNUMBER(D21),ISNUMBER(E21)), D21-E21, "") -> -1947.4287 | G21: =IFERROR(F21/E21, "") -> -0.15196526 | H21: 11685 | I21: =IF(AND(ISNUMBER(D21),ISNUMBER(H21)), D21-H21, "") -> -817.46875 | J21: =IFERROR(I21/H21, "") -> -0.069958815 | K21: 1. Low generation due to weather/snow.
A22: M092 | B22: NY | C22: =Sites[[#This Row],[SOL'#]] -> SOL-10383 | D22: 10232.687 | E22: 12943.67 | F22: =IF(AND(ISNUMBER(D22),ISNUMBER(E22)), D22-E22, "") -> -2710.9825 | G22: =IFERROR(F22/E22, "") -> -0.20944466 | H22: 10669.36 | I22: =IF(AND(ISNUMBER(D22),ISNUMBER(H22)), D22-H22, "") -> -436.6725 | J22: =IFERROR(I22/H22, "") -> -0.040927713 | K22: 1.Low generation due to weather/snow.
A23: M143 | B23: NY | C23: =Sites[[#This Row],[SOL'#]] -> SOL-10384 | D23: 11888.438 | E23: 14631.46 | F23: =IF(AND(ISNUMBER(D23),ISNUMBER(E23)), D23-E23, "") -> -2743.0225 | G23: =IFERROR(F23/E23, "") -> -0.18747428 | H23: 11479.42 | I23: =IF(AND(ISNUMBER(D23),ISNUMBER(H23)), D23-H23, "") -> 409.0175 | J23: =IFERROR(I23/H23, "") -> 0.035630502 | K23: 1. Low generation due to weather/snow.
A24: M144 | B24: NY | C24: =Sites[[#This Row],[SOL'#]] -> SOL-10385 | D24: 17687.031 | E24: 0 | F24: =IF(AND(ISNUMBER(D24),ISNUMBER(E24)), D24-E24, "") -> 17687.031 | G24: =IFERROR(F24/E24, "") | H24: 18132 | I24: =IF(AND(ISNUMBER(D24),ISNUMBER(H24)), D24-H24, "") -> -444.96875 | J24: =IFERROR(I24/H24, "") -> -0.024540522
A25: M167 | B25: NY | C25: =Sites[[#This Row],[SOL'#]] -> SOL-10386 | D25: 12276.062 | E25: 12046.86 | F25: =IF(AND(ISNUMBER(D25),ISNUMBER(E25)), D25-E25, "") -> 229.2025 | G25: =IFERROR(F25/E25, "") -> 0.019025912 | H25: 13350.32 | I25: =IF(AND(ISNUMBER(D25),ISNUMBER(H25)), D25-H25, "") -> -1074.2575 | J25: =IFERROR(I25/H25, "") -> -0.080466798
A26: M188 | B26: NY | C26: =Sites[[#This Row],[SOL'#]] -> SOL-10387 | D26: 9166.4375 | E26: 0 | F26: =IF(AND(ISNUMBER(D26),ISNUMBER(E26)), D26-E26, "") -> 9166.4375 | G26: =IFERROR(F26/E26, "") | H26: 9611 | I26: =IF(AND(ISNUMBER(D26),ISNUMBER(H26)), D26-H26, "") -> -444.5625 | J26: =IFERROR(I26/H26, "") -> -0.046255593
A27: EMHC | B27: NY | C27: =Sites[[#This Row],[SOL'#]] -> SOL-10351 | D27: 3579.1094 | E27: 2980.918 | F27: =IF(AND(ISNUMBER(D27),ISNUMBER(E27)), D27-E27, "") -> 598.19137 | G27: =IFERROR(F27/E27, "") -> 0.20067354 | H27: 3438.427 | I27: =IF(AND(ISNUMBER(D27),ISNUMBER(H27)), D27-H27, "") -> 140.68237 | J27: =IFERROR(I27/H27, "") -> 0.040914748
A28: Q008 | B28: NY | C28: =Sites[[#This Row],[SOL'#]] -> SOL-10397 | D28: 10602.438 | E28: 13743.77 | F28: =IF(AND(ISNUMBER(D28),ISNUMBER(E28)), D28-E28, "") -> -3141.3325 | G28: =IFERROR(F28/E28, "") -> -0.22856411 | H28: 14789 | I28: =IF(AND(ISNUMBER(D28),ISNUMBER(H28)), D28-H28, "") -> -4186.5625 | J28: =IFERROR(I28/H28, "") -> -0.28308625 | K28: 1.The site went offline at 09:45 on 02/14 due to the AC breaker tripping. The technician reset the breaker, and the site came back online at 11:00 on 02/18. 2.The site was offline from 13:15 on 02/21 due to the main breaker tripping. The technician reset the breaker, and the site came back online at 08:45 on 02/24. | L28: 1. SR097083 2. SR097636 | M28: SR097636
A29: Q018 | B29: NY | C29: =Sites[[#This Row],[SOL'#]] -> SOL-10398 | D29: 10195.875 | E29: 10582.87 | F29: =IF(AND(ISNUMBER(D29),ISNUMBER(E29)), D29-E29, "") -> -386.995 | G29: =IFERROR(F29/E29, "") -> -0.036568058 | H29: 8701.015 | I29: =IF(AND(ISNUMBER(D29),ISNUMBER(H29)), D29-H29, "") -> 1494.86 | J29: =IFERROR(I29/H29, "") -> 0.17180294
A30: Q021 | B30: NY | C30: =Sites[[#This Row],[SOL'#]] -> SOL-10399 | D30: 7999.0625 | E30: 9770.419 | F30: =IF(AND(ISNUMBER(D30),ISNUMBER(E30)), D30-E30, "") -> -1771.3565 | G30: =IFERROR(F30/E30, "") -> -0.18129791 | H30: 7091 | I30: =IF(AND(ISNUMBER(D30),ISNUMBER(H30)), D30-H30, "") -> 908.0625 | J30: =IFERROR(I30/H30, "") -> 0.12805845 | K30: 1. Low generation due to weather/snow.
A31: Q025 | B31: NY | C31: =Sites[[#This Row],[SOL'#]] -> SOL-10400 | D31: 13488.125 | E31: 15603.33 | F31: =IF(AND(ISNUMBER(D31),ISNUMBER(E31)), D31-E31, "") -> -2115.205 | G31: =IFERROR(F31/E31, "") -> -0.13556113 | H31: 9540 | I31: =IF(AND(ISNUMBER(D31),ISNUMBER(H31)), D31-H31, "") -> 3948.125 | J31: =IFERROR(I31/H31, "") -> 0.41384958 | K31: 1. Low generation due to weather/snow.
A32: Q074 | B32: NY | C32: =Sites[[#This Row],[SOL'#]] -> SOL-10402 | D32: 8712.375 | E32: 9652.334 | F32: =IF(AND(ISNUMBER(D32),ISNUMBER(E32)), D32-E32, "") -> -939.959 | G32: =IFERROR(F32/E32, "") -> -0.097381525 | H32: 8010.304 | I32: =IF(AND(ISNUMBER(D32),ISNUMBER(H32)), D32-H32, "") -> 702.071 | J32: =IFERROR(I32/H32, "") -> 0.087645987
A33: Q115 | B33: NY | C33: =Sites[[#This Row],[SOL'#]] -> SOL-10872 | D33: 11579.062 | E33: 13986.53 | F33: =IF(AND(ISNUMBER(D33),ISNUMBER(E33)), D33-E33, "") -> -2407.4675 | G33: =IFERROR(F33/E33, "") -> -0.17212758 | H33: 10682.2 | I33: =IF(AND(ISNUMBER(D33),ISNUMBER(H33)), D33-H33, "") -> 896.8625 | J33: =IFERROR(I33/H33, "") -> 0.083958595 | K33: 1. Low generation due to weather/snow.
A34: Q139 | B34: NY | C34: =Sites[[#This Row],[SOL'#]] -> SOL-10403 | D34: 6671.9375 | E34: 7652.461 | F34: =IF(AND(ISNUMBER(D34),ISNUMBER(E34)), D34-E34, "") -> -980.5235 | G34: =IFERROR(F34/E34, "") -> -0.12813179 | H34: 6752 | I34: =IF(AND(ISNUMBER(D34),ISNUMBER(H34)), D34-H34, "") -> -80.0625 | J34: =IFERROR(I34/H34, "") -> -0.011857598 | K34: 1. Low generation due to weather/snow.
A35: Q157 | B35: NY | C35: =Sites[[#This Row],[SOL'#]] -> SOL-10404 | D35: 11403.188 | E35: 14877.12 | F35: =IF(AND(ISNUMBER(D35),ISNUMBER(E35)), D35-E35, "") -> -3473.9325 | G35: =IFERROR(F35/E35, "") -> -0.2335084 | H35: 12206.92 | I35: =IF(AND(ISNUMBER(D35),ISNUMBER(H35)), D35-H35, "") -> -803.7325 | J35: =IFERROR(I35/H35, "") -> -0.065842366 | K35: 1.Low generation due to weather/snow.
A36: Q192 | B36: NY | C36: =Sites[[#This Row],[SOL'#]] -> SOL-10406 | D36: 18821 | E36: 23040.39 | F36: =IF(AND(ISNUMBER(D36),ISNUMBER(E36)), D36-E36, "") -> -4219.39 | G36: =IFERROR(F36/E36, "") -> -0.18313015 | H36: 17990.99 | I36: =IF(AND(ISNUMBER(D36),ISNUMBER(H36)), D36-H36, "") -> 830.01 | J36: =IFERROR(I36/H36, "") -> 0.04613476 | K36: 1. Low generation due to weather/snow.
A37: Q210 | B37: NY | C37: =Sites[[#This Row],[SOL'#]] -> SOL-10407 | D37: 15487.5 | E37: 16908.57 | F37: =IF(AND(ISNUMBER(D37),ISNUMBER(E37)), D37-E37, "") -> -1421.07 | G37: =IFERROR(F37/E37, "") -> -0.084044363 | H37: 15013 | I37: =IF(AND(ISNUMBER(D37),ISNUMBER(H37)), D37-H37, "") -> 474.5 | J37: =IFERROR(I37/H37, "") -> 0.031605942
A38: Q229 | B38: NY | C38: =Sites[[#This Row],[SOL'#]] -> SOL-10408 | D38: 6297.9062 | E38: 8488.41 | F38: =IF(AND(ISNUMBER(D38),ISNUMBER(E38)), D38-E38, "") -> -2190.5037 | G38: =IFERROR(F38/E38, "") -> -0.25805819 | H38: 5292.695 | I38: =IF(AND(ISNUMBER(D38),ISNUMBER(H38)), D38-H38, "") -> 1005.2113 | J38: =IFERROR(I38/H38, "") -> 0.18992427 | K38: 1.Low generation due to weather/snow.
A39: Q231 | B39: NY | C39: =Sites[[#This Row],[SOL'#]] -> SOL-10870 | D39: 25056.625 | E39: 32973.33 | F39: =IF(AND(ISNUMBER(D39),ISNUMBER(E39)), D39-E39, "") -> -7916.705 | G39: =IFERROR(F39/E39, "") -> -0.24009419 | H39: 23657 | I39: =IF(AND(ISNUMBER(D39),ISNUMBER(H39)), D39-H39, "") -> 1399.625 | J39: =IFERROR(I39/H39, "") -> 0.05916325 | K39: 1.Low generation due to weather/snow.
A40: Q405 | B40: NY | C40: =Sites[[#This Row],[SOL'#]] -> SOL-10409 | D40: 28712.875 | E40: 33159.45 | F40: =IF(AND(ISNUMBER(D40),ISNUMBER(E40)), D40-E40, "") -> -4446.575 | G40: =IFERROR(F40/E40, "") -> -0.13409677 | H40: 26589.46 | I40: =IF(AND(ISNUMBER(D40),ISNUMBER(H40)), D40-H40, "") -> 2123.415 | J40: =IFERROR(I40/H40, "") -> 0.079859275 | K40: 1. Low generation due to weather/snow.
A41: Q435 | B41: NY | C41: =Sites[[#This Row],[SOL'#]] -> SOL-10923 | D41: 38240.625 | E41: 33165.41 | F41: =IF(AND(ISNUMBER(D41),ISNUMBER(E41)), D41-E41, "") -> 5075.215 | G41: =IFERROR(F41/E41, "") -> 0.15302736 | H41: 34507 | I41: =IF(AND(ISNUMBER(D41),ISNUMBER(H41)), D41-H41, "") -> 3733.625 | J41: =IFERROR(I41/H41, "") -> 0.10819906
A42: Q485 | B42: NY | C42: =Sites[[#This Row],[SOL'#]] -> SOL-10869 | D42: 30533.75 | E42: 31458.8 | F42: =IF(AND(ISNUMBER(D42),ISNUMBER(E42)), D42-E42, "") -> -925.05 | G42: =IFERROR(F42/E42, "") -> -0.029405127 | H42: 32755.35 | I42: =IF(AND(ISNUMBER(D42),ISNUMBER(H42)), D42-H42, "") -> -2221.6 | J42: =IFERROR(I42/H42, "") -> -0.067824035 | K42: 1. Inverter 1 right unit offline from 02/03 due to comms card being RMAD and came back online on 02/28 | L42: 1. SR096249
A43: Q490 | B43: NY | C43: =Sites[[#This Row],[SOL'#]] -> SOL-10411 | D43: 24146.5 | E43: 0 | F43: =IF(AND(ISNUMBER(D43),ISNUMBER(E43)), D43-E43, "") -> 24146.5 | G43: =IFERROR(F43/E43, "") | H43: 22664.36 | I43: =IF(AND(ISNUMBER(D43),ISNUMBER(H43)), D43-H43, "") -> 1482.14 | J43: =IFERROR(I43/H43, "") -> 0.065395184 | K43: 1. optimizers Module 1.2.4 , Module 2.2.18 , Module 2.3.11 , Module 3.1.16 , Module 6.1.5 , Module 7.1.4 , Module 7.3.17 , Module 9.1.16 ,Module 10.3.3 , 8.0.27 are offline | L43: 1.SR093326
A44: Q620 | B44: NY | C44: =Sites[[#This Row],[SOL'#]] -> SOL-10867 | D44: 36470.75 | E44: 40130.17 | F44: =IF(AND(ISNUMBER(D44),ISNUMBER(E44)), D44-E44, "") -> -3659.42 | G44: =IFERROR(F44/E44, "") -> -0.091188749 | H44: 36602.33 | I44: =IF(AND(ISNUMBER(D44),ISNUMBER(H44)), D44-H44, "") -> -131.58 | J44: =IFERROR(I44/H44, "") -> -0.0035948531
A45: QMOA | B45: NY | C45: =Sites[[#This Row],[SOL'#]] -> SOL-10415 | D45: 3286.3 | E45: 0 | F45: =IF(AND(ISNUMBER(D45),ISNUMBER(E45)), D45-E45, "") -> 3286.3 | G45: =IFERROR(F45/E45, "") | H45: 3713.027 | I45: =IF(AND(ISNUMBER(D45),ISNUMBER(H45)), D45-H45, "") -> -426.727 | J45: =IFERROR(I45/H45, "") -> -0.11492699
A46: X024 | B46: NY | C46: =Sites[[#This Row],[SOL'#]] -> SOL-10419 | D46: 13357.031 | E46: 17555.58 | F46: =IF(AND(ISNUMBER(D46),ISNUMBER(E46)), D46-E46, "") -> -4198.5488 | G46: =IFERROR(F46/E46, "") -> -0.23915751 | H46: 11514 | I46: =IF(AND(ISNUMBER(D46),ISNUMBER(H46)), D46-H46, "") -> 1843.0312 | J46: =IFERROR(I46/H46, "") -> 0.16006872 | K46: 1.Inverter 2 central unit offline and reporting "DC Isolation on 02/04 and again resolved on 02/05 | L46: 1.SR096294
A47: X026 | B47: NY | C47: =Sites[[#This Row],[SOL'#]] -> SOL-10420 | D47: 10799.6 | E47: 13459.43 | F47: =IF(AND(ISNUMBER(D47),ISNUMBER(E47)), D47-E47, "") -> -2659.83 | G47: =IFERROR(F47/E47, "") -> -0.19761832 | H47: 15192.76 | I47: =IF(AND(ISNUMBER(D47),ISNUMBER(H47)), D47-H47, "") -> -4393.16 | J47: =IFERROR(I47/H47, "") -> -0.28916142 | K47: 1.Inverter 2 left unit technician was swapped and is back online on 02/03 | L47: 1.SR095758
A48: X090 | B48: NY | C48: =Sites[[#This Row],[SOL'#]] -> SOL-10925 | D48: 10677.875 | E48: 8915.463 | F48: =IF(AND(ISNUMBER(D48),ISNUMBER(E48)), D48-E48, "") -> 1762.412 | G48: =IFERROR(F48/E48, "") -> 0.19768037 | H48: 9953 | I48: =IF(AND(ISNUMBER(D48),ISNUMBER(H48)), D48-H48, "") -> 724.875 | J48: =IFERROR(I48/H48, "") -> 0.0728298
A49: X117 | B49: NY | C49: =Sites[[#This Row],[SOL'#]] -> SOL-10422 | D49: 8069 | E49: 11399.76 | F49: =IF(AND(ISNUMBER(D49),ISNUMBER(E49)), D49-E49, "") -> -3330.76 | G49: =IFERROR(F49/E49, "") -> -0.29217808 | H49: 8666.424 | I49: =IF(AND(ISNUMBER(D49),ISNUMBER(H49)), D49-H49, "") -> -597.424 | J49: =IFERROR(I49/H49, "") -> -0.068935469 | K49: 1.Low generation due to weather/snow.
A50: X125 | B50: NY | C50: =Sites[[#This Row],[SOL'#]] -> SOL-10423 | D50: 15785 | E50: 18886.62 | F50: =IF(AND(ISNUMBER(D50),ISNUMBER(E50)), D50-E50, "") -> -3101.62 | G50: =IFERROR(F50/E50, "") -> -0.16422314 | H50: 15455.69 | I50: =IF(AND(ISNUMBER(D50),ISNUMBER(H50)), D50-H50, "") -> 329.31 | J50: =IFERROR(I50/H50, "") -> 0.021306716 | K50: 1. Low generation due to weather/snow.
A51: X134 | B51: NY | C51: =Sites[[#This Row],[SOL'#]] -> SOL-10424 | D51: 15055.562 | E51: 0 | F51: =IF(AND(ISNUMBER(D51),ISNUMBER(E51)), D51-E51, "") -> 15055.562 | G51: =IFERROR(F51/E51, "") | H51: 15137 | I51: =IF(AND(ISNUMBER(D51),ISNUMBER(H51)), D51-H51, "") -> -81.4375 | J51: =IFERROR(I51/H51, "") -> -0.0053800291
A52: X135 | B52: NY | C52: =Sites[[#This Row],[SOL'#]] -> SOL-10425 | D52: 12885.688 | E52: 15852.51 | F52: =IF(AND(ISNUMBER(D52),ISNUMBER(E52)), D52-E52, "") -> -2966.8225 | G52: =IFERROR(F52/E52, "") -> -0.18715159 | H52: 13152 | I52: =IF(AND(ISNUMBER(D52),ISNUMBER(H52)), D52-H52, "") -> -266.3125 | J52: =IFERROR(I52/H52, "") -> -0.020248821
A53: X139 JHS 222 | B53: NY | C53: =Sites[[#This Row],[SOL'#]] -> SOL-10426 | D53: 19027.021 | E53: 21977.34 | F53: =IF(AND(ISNUMBER(D53),ISNUMBER(E53)), D53-E53, "") -> -2950.3186 | G53: =IFERROR(F53/E53, "") -> -0.13424366 | H53: 17714 | I53: =IF(AND(ISNUMBER(D53),ISNUMBER(H53)), D53-H53, "") -> 1313.0214 | J53: =IFERROR(I53/H53, "") -> 0.07412337
A54: X140 | B54: NY | C54: =Sites[[#This Row],[SOL'#]] -> SOL-10926 | D54: 11175.438 | E54: 10393.82 | F54: =IF(AND(ISNUMBER(D54),ISNUMBER(E54)), D54-E54, "") -> 781.6175 | G54: =IFERROR(F54/E54, "") -> 0.075200215 | H54: 10945 | I54: =IF(AND(ISNUMBER(D54),ISNUMBER(H54)), D54-H54, "") -> 230.4375 | J54: =IFERROR(I54/H54, "") -> 0.021054134
A55: X166 | B55: NY | C55: =Sites[[#This Row],[SOL'#]] -> SOL-10427 | D55: 11556.1 | E55: 14445.19 | F55: =IF(AND(ISNUMBER(D55),ISNUMBER(E55)), D55-E55, "") -> -2889.09 | G55: =IFERROR(F55/E55, "") -> -0.2000036 | H55: 11066 | I55: =IF(AND(ISNUMBER(D55),ISNUMBER(H55)), D55-H55, "") -> 490.1 | J55: =IFERROR(I55/H55, "") -> 0.044288813 | K55: 1.Low generation due to weather/snow.
A56: Murphy | B56: MN | C56: =Sites[[#This Row],[SOL'#]] -> SOL-10094 | D56: 460150 | E56: 753001.2 | F56: =IF(AND(ISNUMBER(D56),ISNUMBER(E56)), D56-E56, "") -> -292851.2 | G56: =IFERROR(F56/E56, "") -> -0.388912 | H56: 667564.9 | I56: =IF(AND(ISNUMBER(D56),ISNUMBER(H56)), D56-H56, "") -> -207414.9 | J56: =IFERROR(I56/H56, "") -> -0.31070372 | K56: 1.Low generation due to weather/snow.
A57: Terning | B57: MN | C57: =Sites[[#This Row],[SOL'#]] -> SOL-10093 | D57: 350130 | E57: 749173.8 | F57: =IF(AND(ISNUMBER(D57),ISNUMBER(E57)), D57-E57, "") -> -399043.8 | G57: =IFERROR(F57/E57, "") -> -0.53264516 | H57: 630205.7 | I57: =IF(AND(ISNUMBER(D57),ISNUMBER(H57)), D57-H57, "") -> -280075.7 | J57: =IFERROR(I57/H57, "") -> -0.4444195 | K57: 1.Low generation due to weather/snow.
A58: Boas Road 04 | B58: NY | C58: =Sites[[#This Row],[SOL'#]] -> SOL-10908 | D58: 126816 | E58: 236439.99 | F58: =IF(AND(ISNUMBER(D58),ISNUMBER(E58)), D58-E58, "") -> -109623.99 | G58: =IFERROR(F58/E58, "") -> -0.46364404 | H58: 221381.46 | I58: =IF(AND(ISNUMBER(D58),ISNUMBER(H58)), D58-H58, "") -> -94565.46 | J58: =IFERROR(I58/H58, "") -> -0.4271607 | K58: 1.Inverter 1 tripped offline at 07:35 AM on 02/05/25 due to an SE INTERCOOLER SYS (104) fault and came back online at 11:50 AM the same day. | L58: 1. SR096330
A59: Kelly Bridge Farm | B59: NY | C59: =Sites[[#This Row],[SOL'#]] -> SOL-10911 | D59: 129392 | E59: 222534.08 | F59: =IF(AND(ISNUMBER(D59),ISNUMBER(E59)), D59-E59, "") -> -93142.077 | G59: =IFERROR(F59/E59, "") -> -0.41855197 | H59: 209678.4 | I59: =IF(AND(ISNUMBER(D59),ISNUMBER(H59)), D59-H59, "") -> -80286.4 | J59: =IFERROR(I59/H59, "") -> -0.38290258 | K59: 1.Inverter 30 came back online at 15:35 on 02/19/25 after the technician replaced the fuses and re-energized 2. Inverter 4 came back online at 10:00AM on 02/04/25 after the technician replaced the blown fuses. | L59: 1. SR095473 2. SR096164 | M59: SR096164
A60: Pool Brook Road | B60: NY | C60: =Sites[[#This Row],[SOL'#]] -> SOL-10909 | D60: 103676 | E60: 166624.15 | F60: =IF(AND(ISNUMBER(D60),ISNUMBER(E60)), D60-E60, "") -> -62948.153 | G60: =IFERROR(F60/E60, "") -> -0.37778528 | H60: 197019.95 | I60: =IF(AND(ISNUMBER(D60),ISNUMBER(H60)), D60-H60, "") -> -93343.95 | J60: =IFERROR(I60/H60, "") -> -0.47377918 | K60: 1. Site was offline from 09:05 to 13:35 on 02/13/25 due to an brife utility outage. | L60: 1.SR096701
A61: Sackett Lake | B61: NY | C61: =Sites[[#This Row],[SOL'#]] -> SOL-10910 | D61: 133417 | E61: 238769.59 | F61: =IF(AND(ISNUMBER(D61),ISNUMBER(E61)), D61-E61, "") -> -105352.59 | G61: =IFERROR(F61/E61, "") -> -0.44123119 | H61: 223751.3 | I61: =IF(AND(ISNUMBER(D61),ISNUMBER(H61)), D61-H61, "") -> -90334.3 | J61: =IFERROR(I61/H61, "") -> -0.40372637 | K61: 1.Inverter 1 started late at 13:30 on 02/12/25 due to an AC contactor fault and went offline again on 02/21/25. On 02/22/25, the technician swapped the CCU between Inverters 1 and 2 as per Ingeteam's instructions, but the issue persisted. The fiber cables are fine, and further investigation is needed to get Inverter 1 online. On 02/24/25, the technician shut down the site, swapped the CPU boards between Inverters 1 and 2, and both inverters resumed production with no alarms. However, both showed a "LVRT board fail" warning. Ingeteam confirmed that this warning can be ignored as the LVRT boards are disabled on all inverters. Inverters 1 and 2 are now back online at 15:30 the same day. | L61: 1. SR096750
A62: Burritt Road | B62: NY | C62: =Sites[[#This Row],[SOL'#]] -> SOL-10913 | D62: 70080 | E62: 0 | F62: =IF(AND(ISNUMBER(D62),ISNUMBER(E62)), D62-E62, "") -> 70080 | G62: =IFERROR(F62/E62, "") | H62: 176195.64 | I62: =IF(AND(ISNUMBER(D62),ISNUMBER(H62)), D62-H62, "") -> -106115.64 | J62: =IFERROR(I62/H62, "") -> -0.60226031 | K62: 1.POA Pyranometer is not communicating from 07:00AM on 11/09/24 and throughout the month due to a malfunctioning NPort, where the POA and GHI are connected. | L62: 1. SR093972
A63: Villa Roma 1 | B63: NY | C63: =Sites[[#This Row],[SOL'#]] -> SOL-10914 | D63: 108474 | E63: 143425.43 | F63: =IF(AND(ISNUMBER(D63),ISNUMBER(E63)), D63-E63, "") -> -34951.427 | G63: =IFERROR(F63/E63, "") -> -0.24369059 | H63: 154660.6 | I63: =IF(AND(ISNUMBER(D63),ISNUMBER(H63)), D63-H63, "") -> -46186.6 | J63: =IFERROR(I63/H63, "") -> -0.29863197 | K63: 1. Inverter 2 back online at 13:40 on 02/03/25, after technician Installed missing termination connector. 2. Inverter 1 tripped offline at 08:35 on 02/12/25 due to a DC contactor fault. The technician checked the DC contactor and power-cycled the inverter, bringing it back online at 12:55 the same day. 3. Inverter 2 Combiner Box 8 has been offline since 02/13/25. On 02/18/25, the technician found open fuses in CB 8 and closed them. While on-site, Inverter 1 tripped offline at 08:40AM due to a DC contactor fault. After troubleshooting, the technician reset the inverter, restoring production. Both the combiner and inverter are producing as expected from 10:30AM the same day. 4. Inverter 1 tripped offline at 11:15 AM on 02/22/25 due to a DC contactor fault and came back online at 13:10 the same day after Ingeteam reset it. On 02/24/25, the technician shut down the inverter at 08:15 AM, opened the cabinets, found no loose connections or heat damage, disengaged the e-stop, and the inverter resumed production at 10:05 AM the same day. | L63: 1. SR095919 2. SR096726 3. SR096907, SR097233 4. SR097643 | M63: SR096726 | N63: SR096907 | O63: SR097233 | P63: SR097643
A64: Villa Roma 2 | B64: NY | C64: =Sites[[#This Row],[SOL'#]] -> SOL-10915 | D64: 116176 | E64: 202602.86 | F64: =IF(AND(ISNUMBER(D64),ISNUMBER(E64)), D64-E64, "") -> -86426.862 | G64: =IFERROR(F64/E64, "") -> -0.42658263 | H64: 149735.1 | I64: =IF(AND(ISNUMBER(D64),ISNUMBER(H64)), D64-H64, "") -> -33559.1 | J64: =IFERROR(I64/H64, "") -> -0.22412313 | K64: 1.Low generation due to weather/snow.
A65: Washington 1 | B65: NY | C65: =Sites[[#This Row],[SOL'#]] -> SOL-10912 | D65: 91690 | E65: 180993.1 | F65: =IF(AND(ISNUMBER(D65),ISNUMBER(E65)), D65-E65, "") -> -89303.099 | G65: =IFERROR(F65/E65, "") -> -0.4934061 | H65: 174362.65 | I65: =IF(AND(ISNUMBER(D65),ISNUMBER(H65)), D65-H65, "") -> -82672.65 | J65: =IFERROR(I65/H65, "") -> -0.47414197 | K65: 1. Inverter 1 was offline on 02/02/25 due to an AC contactor fault. On 02/03/25, the technician found the panel door blown off with bent hinges, reattached it, and temporarily supported it. New hinges are needed. After power cycling and resetting, an AC contactor alarm cleared, but a Fan 2 warning remains. It was back online at 12:55pm the same day. 2. Site tripped offline at 15:45 on 02/28/25 and came back online after a brief communication outage at 21:15 on the same day | L65: 1. SR095483 2. SR097935 | M65: SR097935
A66: Washington 3 | B66: NY | C66: =Sites[[#This Row],[SOL'#]] -> SOL-10828 | D66: 114033 | E66: 0 | F66: =IF(AND(ISNUMBER(D66),ISNUMBER(E66)), D66-E66, "") -> 114033 | G66: =IFERROR(F66/E66, "") | H66: 213534.97 | I66: =IF(AND(ISNUMBER(D66),ISNUMBER(H66)), D66-H66, "") -> -99501.97 | J66: =IFERROR(I66/H66, "") -> -0.46597506 | K66: 1. POA sensor continues to read inaccurately. Tech verified connections by testing both old and new sensors, with irradiance around 1 W/m². The original sensor was last calibrated in May 2024. GPM recommends replacing the run cable to the DAS to improve accuracy. 2.Inverter 2 was offline all day on 02/02/25 due to an AC contactor fault. On 02/03/25, it came back online at 14:30 after the technician closed the breaker, tested voltages, and verified the D134 LED was on. It was offline again all day on 02/20/25. On 02/21/25, the technician found damaged wiring on J15 with a broken wire jacket. Voltage for Q4 tested around 490VAC, and the breakers were power cycled. It was back online at 10:45 AM on 02/22/25. | L66: 1. SR093024 2. SR095445, SR097568 | M66: SR095445 | N66: SR097568
A67: Washington 4 | B67: NY | C67: =Sites[[#This Row],[SOL'#]] -> SOL-10829 | D67: 72393 | E67: 214328.83 | F67: =IF(AND(ISNUMBER(D67),ISNUMBER(E67)), D67-E67, "") -> -141935.83 | G67: =IFERROR(F67/E67, "") -> -0.66223395 | H67: 213201.1 | I67: =IF(AND(ISNUMBER(D67),ISNUMBER(H67)), D67-H67, "") -> -140808.1 | J67: =IFERROR(I67/H67, "") -> -0.66044734 | K67: 1. Meter has been capturing full production since 02/25/25, after the technician adjusted the blade and confirmed that all three phases are reporting production. 2. Site was taken offline from 13:25 to 15:40 on 02/03/25. The technician changed the tap from E/5 to C/3 on the transformer. 3. Inverter 1 tripped offline at 14:15 on 02/02/25 due to an AC contactor fault. On 02/03/25, the technician swapped the CCu boards between Inverters 1 and 2, bringing it back online at 15:40 the same day. It tripped offline again at 08:10 AM on 02/08/25 due to a DC contactor fault and was back online at 15:25 the same day. It tripped offline once more at 07:55 on 02/14/25, and after Ingeteam remotely reset it, it was brought back online at 07:40 on 02/15/25. 4. Inverter 2 tripped offline at 15:15 on 02/14/25 due to Iac out of range and Inst. Iac overcurrent faults. The technician replaced all 3 AC fuses with new 350A fuses from inventory, power cycled the system, and brought it back online at 12:50 on 02/15/25. | L67: 1. SR096121 2. SR096150 3. SR096230, SR096525 & SR097011 4. SR097121 | M67: SR096150 | N67: SR096230 | O67: SR096525 | P67: SR097011 | Q67: SR097121
A68: Big Tree | B68: NY | C68: =Sites[[#This Row],[SOL'#]] -> SOL-10966 | D68: 72637 | E68: 0 | F68: =IF(AND(ISNUMBER(D68),ISNUMBER(E68)), D68-E68, "") -> 72637 | G68: =IFERROR(F68/E68, "") | H68: 174248.8 | I68: =IF(AND(ISNUMBER(D68),ISNUMBER(H68)), D68-H68, "") -> -101611.8 | J68: =IFERROR(I68/H68, "") -> -0.58314204 | K68: 1.Low generation due to weather/snow.
A69: Canoga | B69: NY | C69: =Sites[[#This Row],[SOL'#]] -> SOL-10965 | D69: 371320 | E69: 0 | F69: =IF(AND(ISNUMBER(D69),ISNUMBER(E69)), D69-E69, "") -> 371320 | G69: =IFERROR(F69/E69, "") | H69: 542311.13 | I69: =IF(AND(ISNUMBER(D69),ISNUMBER(H69)), D69-H69, "") -> -170991.13 | J69: =IFERROR(I69/H69, "") -> -0.31530079 | K69: 1. Weather station has reported 0 since 8/21. New UP POA and Down POA need replacement. Gen Cap advised holding off dispatch. 2. Inverter 3 had been offline since 01/26 due to an IAC out-of-range issue. On 02/27 AC cap bank was replaced with new RMA parts (cap bank, wires, and fuses). Verified with Sahith/Ingeteam that 350A fuses (the new standard) are suitable replacements for the 250A fuses. Inverter 3 is back online at 12:50. 3. Inverter 4 tripped offline intermittently throughout the month due to 'IAC out of range,' but self-resolved each time. | L69: 1. SR094278 2. SR095991 3. SR096215 | M69: SR095991 | N69: SR096215
A70: County Route 84 | B70: NY | C70: =Sites[[#This Row],[SOL'#]] -> SOL-10967 | D70: 490380 | E70: 0 | F70: =IF(AND(ISNUMBER(D70),ISNUMBER(E70)), D70-E70, "") -> 490380 | G70: =IFERROR(F70/E70, "") | H70: 565014.13 | I70: =IF(AND(ISNUMBER(D70),ISNUMBER(H70)), D70-H70, "") -> -74634.13 | J70: =IFERROR(I70/H70, "") -> -0.1320925 | K70: 1. The site tripped offline at 10:02 AM and came back online at 11:50 AM on 02/14. The utility had two circuits in a parallel configuration. | L70: 1. SR097025
A71: Donati | B71: NY | C71: =Sites[[#This Row],[SOL'#]] -> SOL-10968 | D71: 145850 | E71: 0 | F71: =IF(AND(ISNUMBER(D71),ISNUMBER(E71)), D71-E71, "") -> 145850 | G71: =IFERROR(F71/E71, "") | H71: 242335.08 | I71: =IF(AND(ISNUMBER(D71),ISNUMBER(H71)), D71-H71, "") -> -96485.08 | J71: =IFERROR(I71/H71, "") -> -0.39814739 | K71: 1. Weather station Reporting 0 value from 05/31. POA sensors need to be replaced. Quote provided to Gen Cap for approval. 2. Inverter 2 did not start production, and Inverter 1 tripped offline at 12:50 on 02/16. Both inverters self-resolved and came back online on 02/17. 3. Trackers A01, A05, A06, A07, A10, B17, D20, F19, F21, F22, F32, F33, and G14 have been stuck since various dates, totaling 13 trackers. Gen Cap advised holding off on dispatch | L71: 1. SR092964 2. SR097169 3. SR095253 | M71: SR097169 | N71: SR095253
A72: Henrietta | B72: NY | C72: =Sites[[#This Row],[SOL'#]] -> SOL-10972 | D72: 284330 | E72: 0 | F72: =IF(AND(ISNUMBER(D72),ISNUMBER(E72)), D72-E72, "") -> 284330 | G72: =IFERROR(F72/E72, "") | H72: 435403 | I72: =IF(AND(ISNUMBER(D72),ISNUMBER(H72)), D72-H72, "") -> -151073 | J72: =IFERROR(I72/H72, "") -> -0.3469728 | K72: 1. Inverter 1 tripped offline at 13:25 due to an 'Insulation fault' and later self-resolved, came back online at 2:20 PM on 02/19. | L72: 1. SR097524
A73: NY 70 | B73: NY | C73: =Sites[[#This Row],[SOL'#]] -> SOL-10970 | D73: 381710 | E73: 0 | F73: =IF(AND(ISNUMBER(D73),ISNUMBER(E73)), D73-E73, "") -> 381710 | G73: =IFERROR(F73/E73, "") | H73: 546198.4 | I73: =IF(AND(ISNUMBER(D73),ISNUMBER(H73)), D73-H73, "") -> -164488.4 | J73: =IFERROR(I73/H73, "") -> -0.30115138 | K73: 1. Inverter 1 started late for production at 12:05 on 02/14 due to Hardware error. 2. Site tripped offline at 11:20AM and later self resolved , came back online at 4:2PM on 02/16. 3. Inverter 1 was offline since the morning of 02/21 due to a hardware error. The technician swapped NTC boards between Inverters 1 and 2, then re-energized both units. Inverters 1 and 2 are now online and producing. 4. The site tripped offline at 8:15 AM due to utility work and came back online at 10:20 AM on 02/24. Again site tripped offline at 13:05 and back online at 05:10PM on 02/26. | L73: 1. SR097010 2. SR097162 3. SR097599 4. SR097684, SR097701 | M73: SR097162 | N73: SR097599 | O73: SR097684 | P73: SR097701
A74: Reid | B74: NY | C74: =Sites[[#This Row],[SOL'#]] -> SOL-10991 | D74: 100770.98 | E74: 356493.2 | F74: =IF(AND(ISNUMBER(D74),ISNUMBER(E74)), D74-E74, "") -> -255722.22 | G74: =IFERROR(F74/E74, "") -> -0.71732706 | H74: 430708 | I74: =IF(AND(ISNUMBER(D74),ISNUMBER(H74)), D74-H74, "") -> -329937.02 | J74: =IFERROR(I74/H74, "") -> -0.76603411 | K74: 1. Inverter 5 tripped offline on 02/28 at 13:45 due to Grid Line Voltage Out of Range. 2. Inverter 23 was offline since 11/29 reporting Grid Phase Voltage Out of Range. Gen Cap advised holding off dispatch. | L74: 1. SR097930 2. SR093436 | M74: SR093436
A75: Sangolqui | B75: NY | C75: =Sites[[#This Row],[SOL'#]] -> SOL-10975 | D75: 149355 | E75: 0 | F75: =IF(AND(ISNUMBER(D75),ISNUMBER(E75)), D75-E75, "") -> 149355 | G75: =IFERROR(F75/E75, "") | H75: 234644.93 | I75: =IF(AND(ISNUMBER(D75),ISNUMBER(H75)), D75-H75, "") -> -85289.93 | J75: =IFERROR(I75/H75, "") -> -0.36348508 | K75: 1. Inverter 1 started production late at 11:40 AM and went offline again from 12:05 PM to 12:50 PM while the technician was onsite for the head tracker replacement. 2. Inverter 1 didn't started for production on 02/16 and self resolved started for production on 02/17. 3. Inverter 1 didn't started for production due to Isolation fault on 02/27 and self resolved started for production on 02/28. | L75: 1. SR096416 2. SR097158 3. SR097883 | M75: SR097158 | N75: SR097883
A76: State Highway 17B | B76: NY | C76: =Sites[[#This Row],[SOL'#]] -> SOL-10988 | D76: 360290 | E76: 0 | F76: =IF(AND(ISNUMBER(D76),ISNUMBER(E76)), D76-E76, "") -> 360290 | G76: =IFERROR(F76/E76, "") | H76: 472300.06 | I76: =IF(AND(ISNUMBER(D76),ISNUMBER(H76)), D76-H76, "") -> -112010.06 | J76: =IFERROR(I76/H76, "") -> -0.23715868 | K76: 1. Inverter 4 has been offline since 11/13/24 and reporting Fault elect. supply. On 02/03 tech Installed missing hardware stacks, inverter 4 was back online at 2:55 PM on same day. Later technician replaced few fuses for combiner boxes 30 & 35 on 02/04 | L76: 1. SR093375
A77: State Route 14A | B77: NY | C77: =Sites[[#This Row],[SOL'#]] -> SOL-10997 | D77: 403215 | E77: 0 | F77: =IF(AND(ISNUMBER(D77),ISNUMBER(E77)), D77-E77, "") -> 403215 | G77: =IFERROR(F77/E77, "") | H77: 539717.54 | I77: =IF(AND(ISNUMBER(D77),ISNUMBER(H77)), D77-H77, "") -> -136502.54 | J77: =IFERROR(I77/H77, "") -> -0.25291477 | K77: 1. Inverter 1 experienced multiple tripping events between 02/11 t0 02/19. On 02/19 technician was onsite and replaced a fan, inverter 1 back online at 2:05PM on 02/19. | L77: 1. SR096675
A78: West Creek | B78: NY | C78: =Sites[[#This Row],[SOL'#]] -> SOL-10995 | D78: 448900 | E78: 0 | F78: =IF(AND(ISNUMBER(D78),ISNUMBER(E78)), D78-E78, "") -> 448900 | G78: =IFERROR(F78/E78, "") | H78: 504797.7 | I78: =IF(AND(ISNUMBER(D78),ISNUMBER(H78)), D78-H78, "") -> -55897.7 | J78: =IFERROR(I78/H78, "") -> -0.11073287 | K78: 1.Low generation due to weather/snow.
A79: Wildflower | B79: NY | C79: =Sites[[#This Row],[SOL'#]] -> SOL-10982 | D79: 369846.5 | E79: 0 | F79: =IF(AND(ISNUMBER(D79),ISNUMBER(E79)), D79-E79, "") -> 369846.5 | G79: =IFERROR(F79/E79, "") | H79: 608235.16 | I79: =IF(AND(ISNUMBER(D79),ISNUMBER(H79)), D79-H79, "") -> -238388.66 | J79: =IFERROR(I79/H79, "") -> -0.39193502 | K79: 1. On 02/09, Inverter 1 tripped offline at 13:10, and Inverter 2 tripped offline at 09:25 due to SE IAC FILTER RMS UNBALANCED HIGH. Ingeteam remotely reset the inverters, and both were back online at 16:15 on 02/09 On 02/18, Inverter 1 tripped offline again at 07:45 due to an IAC Overcurrent fault and started late for production because of a DC Contactor fault. The technician found and replaced one AC fuse with thermal damage, and the inverters were back online at 11:35 2. Inverter 3 tripped offline at 11:20AM and back online at 12:20PM on 02/04. Technician was onsite replaced harmonics filter/capacitor bank. 3. On 02/19, Inverter 2 did not start production due to an AC Contactor fault. Ingeteam reset the inverter, bringing it online at 2:05 PM. On 02/18–02/21, Inverters 1 and 2 had multiple tripping events that self-resolved by day’s end. On 02/25, tech checked all inverters online. Inverter 2 has been stable since 02/21. No AC contactor issues, but minor water on the bus bar (wiped dry) and thermal damage on an AC fuse wire. Parts received and dispatch has been Assigned for march. | L79: 1. SR096552 2. SR095852 3. SR097526 | M79: SR095852 | N79: SR097526
A80: Glen Mary 1 | B80: NY | C80: =Sites[[#This Row],[SOL'#]] -> SOL-10993 | D80: 474210 | E80: 0 | F80: =IF(AND(ISNUMBER(D80),ISNUMBER(E80)), D80-E80, "") -> 474210 | G80: =IFERROR(F80/E80, "") | H80: 580930 | I80: =IF(AND(ISNUMBER(D80),ISNUMBER(H80)), D80-H80, "") -> -106720 | J80: =IFERROR(I80/H80, "") -> -0.18370544 | K80: 1.Low generation due to weather/snow.
A81: Glen Mary 2 | B81: NY | C81: =Sites[[#This Row],[SOL'#]] -> SOL-10994 | D81: 15960 | E81: 0 | F81: =IF(AND(ISNUMBER(D81),ISNUMBER(E81)), D81-E81, "") -> 15960 | G81: =IFERROR(F81/E81, "") | H81: 242369.3 | I81: =IF(AND(ISNUMBER(D81),ISNUMBER(H81)), D81-H81, "") -> -226409.3 | J81: =IFERROR(I81/H81, "") -> -0.93415008 | K81: 1. Inverter 1 has been offline since 01/16 reporting Overall work status as "STOP". On 02/26 technician installed fuse and repaired affected Combiner boxes. Inverter 1 back online at 1:00PM on 02/26. | L81: 1. SR095635
A82: Telegraph 1 | B82: NY | C82: =Sites[[#This Row],[SOL'#]] -> SOL-11003 | D82: 205099 | E82: 0 | F82: =IF(AND(ISNUMBER(D82),ISNUMBER(E82)), D82-E82, "") -> 205099 | G82: =IFERROR(F82/E82, "") | H82: 385388.91 | I82: =IF(AND(ISNUMBER(D82),ISNUMBER(H82)), D82-H82, "") -> -180289.91 | J82: =IFERROR(I82/H82, "") -> -0.46781292 | K82: 1. The site tripped offline at 8:10 AM on 02/24 due to a utility outage. Utility power was restored on 02/26, and the site came back online at 3:25 PM. | L82: 1. SR097667
A83: Telegraph 2 | B83: NY | C83: =Sites[[#This Row],[SOL'#]] -> SOL-11004 | D83: 117513 | E83: 0 | F83: =IF(AND(ISNUMBER(D83),ISNUMBER(E83)), D83-E83, "") -> 117513 | G83: =IFERROR(F83/E83, "") | H83: 199344.36 | I83: =IF(AND(ISNUMBER(D83),ISNUMBER(H83)), D83-H83, "") -> -81831.36 | J83: =IFERROR(I83/H83, "") -> -0.41050251 | K83: 1. The site tripped offline at 3:45AM on 02/24 due to a utility outage. Utility power was restored on 02/26, and the site came back online at 6:05PM. | L83: 1. SR097668
A84: Cafferty Hill | B84: NY | C84: =Sites[[#This Row],[SOL'#]] -> SOL-10996 | D84: 430610 | E84: 0 | F84: =IF(AND(ISNUMBER(D84),ISNUMBER(E84)), D84-E84, "") -> 430610 | G84: =IFERROR(F84/E84, "") | H84: 487273.3 | I84: =IF(AND(ISNUMBER(D84),ISNUMBER(H84)), D84-H84, "") -> -56663.3 | J84: =IFERROR(I84/H84, "") -> -0.11628649 | K84: 1.Low generation due to weather/snow..
A85: Dunkleman | B85: NY | C85: =Sites[[#This Row],[SOL'#]] -> SOL-11008 | D85: 357280 | E85: 0 | F85: =IF(AND(ISNUMBER(D85),ISNUMBER(E85)), D85-E85, "") -> 357280 | G85: =IFERROR(F85/E85, "") | H85: 577807.1 | I85: =IF(AND(ISNUMBER(D85),ISNUMBER(H85)), D85-H85, "") -> -220527.1 | J85: =IFERROR(I85/H85, "") -> -0.38166215 | K85: 1. Currently, the following trackers are stuck Group 1: 11–12, 23, 37–38, 57 & 59, 75 & 76, 106 & 119 Group 2: 10, 24, 27, 32, 36, 38–39, 43, 52, 54, 59, 61 & 66, 86 & 97, 114 & 124 A total of 9 tracker control units have been RMA'd. | L85: 1. SR095109
A86: Route 19 1 | B86: NY | C86: =Sites[[#This Row],[SOL'#]] -> SOL-11001 | D86: 153320 | E86: 0 | F86: =IF(AND(ISNUMBER(D86),ISNUMBER(E86)), D86-E86, "") -> 153320 | G86: =IFERROR(F86/E86, "") | H86: 230848.08 | I86: =IF(AND(ISNUMBER(D86),ISNUMBER(H86)), D86-H86, "") -> -77528.08 | J86: =IFERROR(I86/H86, "") -> -0.33584026 | K86: 1. The site tripped offline between 8:05AM to 3.25PM on 02/26 due to utility outage. | L86: 1. SR097685
A87: Route 19 2 | B87: NY | C87: =Sites[[#This Row],[SOL'#]] -> SOL-11002 | D87: 399420 | E87: 0 | F87: =IF(AND(ISNUMBER(D87),ISNUMBER(E87)), D87-E87, "") -> 399420 | G87: =IFERROR(F87/E87, "") | H87: 591330.4 | I87: =IF(AND(ISNUMBER(D87),ISNUMBER(H87)), D87-H87, "") -> -191910.4 | J87: =IFERROR(I87/H87, "") -> -0.32454005 | K87: 1. The site tripped offline between 8:05AM to 3.25PM on 02/26 due to utility outage. 2. Inverter 1 was offline on 01/31 and technician was unable to access the site due to heavy snowbank at the access road, inverter self resolved and back online on 02/01. | L87: 1. SR097686 2. SR096177 | M87: SR096177
A88: Yellow Mills 1 | B88: NY | C88: =Sites[[#This Row],[SOL'#]] -> SOL-11006 | D88: 0 | E88: 0 | F88: =IF(AND(ISNUMBER(D88),ISNUMBER(E88)), D88-E88, "") -> 0 | G88: =IFERROR(F88/E88, "") | H88: 176276.8 | I88: =IF(AND(ISNUMBER(D88),ISNUMBER(H88)), D88-H88, "") -> -176276.8 | J88: =IFERROR(I88/H88, "") -> -1 | K88: 1. The site tripped offline at 11:20AM on 01/29. Two 2PA1 boards need to be replaced. One board has been received and replaced, and are waiting for the other board. Further troubleshooting with Sungrow is required. | L88: 1. SR096106, SR095599 | M88: SR095599
A89: Yellow Mills 2 | B89: NY | C89: =Sites[[#This Row],[SOL'#]] -> SOL-11005 | D89: 95037 | E89: 0 | F89: =IF(AND(ISNUMBER(D89),ISNUMBER(E89)), D89-E89, "") -> 95037 | G89: =IFERROR(F89/E89, "") | H89: 181688.5 | I89: =IF(AND(ISNUMBER(D89),ISNUMBER(H89)), D89-H89, "") -> -86651.5 | J89: =IFERROR(I89/H89, "") -> -0.47692342 | K89: 1.Low generation due to weather/snow.
A90: Yellow Mills 3 | B90: NY | C90: =Sites[[#This Row],[SOL'#]] -> SOL-11007 | D90: 57876 | E90: 0 | F90: =IF(AND(ISNUMBER(D90),ISNUMBER(E90)), D90-E90, "") -> 57876 | G90: =IFERROR(F90/E90, "") | H90: 169042.26 | I90: =IF(AND(ISNUMBER(D90),ISNUMBER(H90)), D90-H90, "") -> -111166.26 | J90: =IFERROR(I90/H90, "") -> -0.65762408 | K90: 1. Inverter is producing low due to CB's 1,2,3,4 are showing negative production values and CB's 5,6,7,8,9 are producing barely from 02/14. Further troubleshooting with Sungrow is required. | L90: 1. SR097829
A91: Catskill | B91: NY | C91: =Sites[[#This Row],[SOL'#]] -> SOL-11021 | D91: 321660 | E91: 0 | F91: =IF(AND(ISNUMBER(D91),ISNUMBER(E91)), D91-E91, "") -> 321660 | G91: =IFERROR(F91/E91, "") | H91: 378964.03 | I91: =IF(AND(ISNUMBER(D91),ISNUMBER(H91)), D91-H91, "") -> -57304.03 | J91: =IFERROR(I91/H91, "") -> -0.15121232 | K91: 1. Inverter 2 experienced intermittent tripping events throughout the month. On 02/28 technician was onsite and replaced the CB PV wire and connectors. CB 21 is back online, and Inverter 2 is showing no faults. 2. The site tripped offline at 10:50AM and later back online at 11:40AM on 02/12. | L91: 1.SR094307 2. SR096751 | M91: SR096751
A92: Eddy Ridge | B92: NY | C92: =Sites[[#This Row],[SOL'#]] -> SOL-11054 | D92: 161167.3 | E92: 0 | F92: =IF(AND(ISNUMBER(D92),ISNUMBER(E92)), D92-E92, "") -> 161167.3 | G92: =IFERROR(F92/E92, "") | H92: 261685 | I92: =IF(AND(ISNUMBER(D92),ISNUMBER(H92)), D92-H92, "") -> -100517.7 | J92: =IFERROR(I92/H92, "") -> -0.38411716 | K92: 1.Low generation due to weather/snow.
A93: Ridgeway #1 | B93: NY | C93: =Sites[[#This Row],[SOL'#]] -> SOL-11018 | D93: 355256 | E93: 0 | F93: =IF(AND(ISNUMBER(D93),ISNUMBER(E93)), D93-E93, "") -> 355256 | G93: =IFERROR(F93/E93, "") | H93: 585713.2 | I93: =IF(AND(ISNUMBER(D93),ISNUMBER(H93)), D93-H93, "") -> -230457.2 | J93: =IFERROR(I93/H93, "") -> -0.39346424 | K93: 1. Currently total of 40 trackers are being struck due to snowfall in the area. Will need to be investigated. | L93: 1. SR097457
A94: Rivard 1 | B94: NY | C94: =Sites[[#This Row],[SOL'#]] -> SOL-11011 | D94: 309993.42 | E94: 396616.5 | F94: =IF(AND(ISNUMBER(D94),ISNUMBER(E94)), D94-E94, "") -> -86623.079 | G94: =IFERROR(F94/E94, "") -> -0.21840513 | H94: 398747.4 | I94: =IF(AND(ISNUMBER(D94),ISNUMBER(H94)), D94-H94, "") -> -88753.979 | J94: =IFERROR(I94/H94, "") -> -0.22258196 | K94: 1.Low generation due to weather/snow.
A95: Rivard 2 | B95: NY | C95: =Sites[[#This Row],[SOL'#]] -> SOL-11012 | D95: 313341.18 | E95: 304931.1 | F95: =IF(AND(ISNUMBER(D95),ISNUMBER(E95)), D95-E95, "") -> 8410.0813 | G95: =IFERROR(F95/E95, "") -> 0.027580268 | H95: 381926.8 | I95: =IF(AND(ISNUMBER(D95),ISNUMBER(H95)), D95-H95, "") -> -68585.619 | J95: =IFERROR(I95/H95, "") -> -0.17957792 | K95: 1.Tracker control 33 - 90, 129 - 136, 148 , 20-32, 123-128, 172-183 are not communicating & tracker 156 , 121 is stuck and production dropped (approxmately ) 25 KW down. | L95: 1.SR095073
A96: Ridgeway #2 | B96: NY | C96: =Sites[[#This Row],[SOL'#]] -> SOL-11027 | D96: 178480 | E96: 0 | F96: =IF(AND(ISNUMBER(D96),ISNUMBER(E96)), D96-E96, "") -> 178480 | G96: =IFERROR(F96/E96, "") | H96: 302945.3 | I96: =IF(AND(ISNUMBER(D96),ISNUMBER(H96)), D96-H96, "") -> -124465.3 | J96: =IFERROR(I96/H96, "") -> -0.41085074 | K96: 1. Trackers 25 & 59 are currently stuck from 02/14.Tech cleared alarms and recalibrated snow sensor. Will need to return to calibrate snow sensor again once snow has melted 2. 12 trackers are currently stuck: 13, 20, 25, 52, 54, 56, 59, 70, 72, 76, 85, & 88 due to residual snow onsite. As per Per GenC, hold on dispatch | L96: 1. SR097015 , SR097436 2.SR097751 | M96: SR097436 | N96: SR097751
A97: Spencer | B97: NY | C97: =Sites[[#This Row],[SOL'#]] -> SOL-11017 | D97: 506432 | E97: 0 | F97: =IF(AND(ISNUMBER(D97),ISNUMBER(E97)), D97-E97, "") -> 506432 | G97: =IFERROR(F97/E97, "") | H97: 640780 | I97: =IF(AND(ISNUMBER(D97),ISNUMBER(H97)), D97-H97, "") -> -134348 | J97: =IFERROR(I97/H97, "") -> -0.20966322 | K97: 1.Trackers 138, 141, & 147 are stuck. GenC says to hold on dispatch 2. Inverter 2 tripped offline at 9:25AM on 02/16 and selfresolved on 02/17 3. Inverter 1 tripped offline at 1:55PM on 02/22 and selfresolved on 02/23 | L97: 1. SR095821 2. SR097157 3.SR097647 | M97: SR097157 | N97: SR097647
A98: Reisender | B98: NY | C98: =Sites[[#This Row],[SOL'#]] -> SOL-10886 | D98: 164650 | E98: 227955.56 | F98: =IF(AND(ISNUMBER(D98),ISNUMBER(E98)), D98-E98, "") -> -63305.559 | G98: =IFERROR(F98/E98, "") -> -0.27771009 | H98: 200588.3 | I98: =IF(AND(ISNUMBER(D98),ISNUMBER(H98)), D98-H98, "") -> -35938.3 | J98: =IFERROR(I98/H98, "") -> -0.17916449 | K98: 1.Low generation due to weather/snow.
A99: Finney | B99: NY | C99: =Sites[[#This Row],[SOL'#]] -> SOL-10999 | D99: 468670 | E99: 0 | F99: =IF(AND(ISNUMBER(D99),ISNUMBER(E99)), D99-E99, "") -> 468670 | G99: =IFERROR(F99/E99, "") | H99: 630586.74 | I99: =IF(AND(ISNUMBER(D99),ISNUMBER(H99)), D99-H99, "") -> -161916.74 | J99: =IFERROR(I99/H99, "") -> -0.25677156 | K99: 1.Low generation due to weather/snow.
A100: Davis Solar | B100: NY | C100: =Sites[[#This Row],[SOL'#]] -> SOL-10958 | D100: 197368 | E100: 259655 | F100: =IF(AND(ISNUMBER(D100),ISNUMBER(E100)), D100-E100, "") -> -62287 | G100: =IFERROR(F100/E100, "") -> -0.23988369 | H100: 249300 | I100: =IF(AND(ISNUMBER(D100),ISNUMBER(H100)), D100-H100, "") -> -51932 | J100: =IFERROR(I100/H100, "") -> -0.20831127 | K100: 1.Low generation due to weather/snow.
...

Sheet Mar
A1: {=portfolio} -> Generate Capital | E1: March Actual v. Expected | H1: March Actual v. Forecasted
A2: Total | D2: =SUM(D4:D96) -> 21280134 | E2: =SUM(E4:E96) -> 7062289.5 | F2: =D2-E2 -> 14217844 | G2: =IFERROR(F2/E2, 0) -> 2.0132061 | H2: =SUM(H4:H96) -> 22138674 | I2: =D2-H2 -> -858540.67 | J2: =IFERROR(I2/H2, 0) -> -0.03878013 | K2: =IF(AND(TODAY()>DATE(2024, 3, 1), COUNTA(Sites[Site])<>(COUNT(D:D)-1)), "Some sites are missing actual data; if new sites were added, make sure they are aligned correctly (including prior months!)", "") -> Some sites are missing actual data; if new sites were added, make sure they are aligned correctly (including prior months!)
A3: Site | B3: State | C3: SOL# | D3: Actual | E3: Expected | F3: Delta | G3: % | H3: Forecasted | I3: Delta | J3: % | K3: Notes | L3: Service Requests
A4: {=Sites[Site]} -> K026 | B4: {=Sites[State]} -> NY | C4: =Sites[[#This Row],[SOL'#]] -> SOL-10356 | D4: 30245.625 | E4: 32051.82 | F4: =IF(AND(ISNUMBER(D4),ISNUMBER(E4)), D4-E4, "") -> -1806.195 | G4: =IFERROR(F4/E4, "") -> -0.056352338 | H4: 24603.88 | I4: =IF(AND(ISNUMBER(D4),ISNUMBER(H4)), D4-H4, "") -> 5641.745 | J4: =IFERROR(I4/H4, "") -> 0.22930306
A5: K041 | B5: NY | C5: =Sites[[#This Row],[SOL'#]] -> SOL-10357 | D5: 22872.641 | E5: 25521.62 | F5: =IF(AND(ISNUMBER(D5),ISNUMBER(E5)), D5-E5, "") -> -2648.9794 | G5: =IFERROR(F5/E5, "") -> -0.10379354 | H5: 22285 | I5: =IF(AND(ISNUMBER(D5),ISNUMBER(H5)), D5-H5, "") -> 587.64062 | J5: =IFERROR(I5/H5, "") -> 0.026369335 | K5: 1. Site production was low on 03/05, 03/15 to 03/17 due to bad weather.
A6: K043 | B6: NY | C6: =Sites[[#This Row],[SOL'#]] -> SOL-10358 | D6: 26995.062 | E6: 28403.98 | F6: =IF(AND(ISNUMBER(D6),ISNUMBER(E6)), D6-E6, "") -> -1408.9175 | G6: =IFERROR(F6/E6, "") -> -0.04960282 | H6: 4961 | I6: =IF(AND(ISNUMBER(D6),ISNUMBER(H6)), D6-H6, "") -> 22034.062 | J6: =IFERROR(I6/H6, "") -> 4.4414559 | K6: 1.Inverter 1 right unit has been derating since 02/23 due to a fan fault. The technician replaced the external fan on 03/26, and all units are producing in line. | L6: 1.SR098810
A7: K058 | B7: NY | C7: =Sites[[#This Row],[SOL'#]] -> SOL-10360 | D7: 0 | E7: 0 | F7: =IF(AND(ISNUMBER(D7),ISNUMBER(E7)), D7-E7, "") -> 0 | G7: =IFERROR(F7/E7, "") | H7: 18804 | I7: =IF(AND(ISNUMBER(D7),ISNUMBER(H7)), D7-H7, "") -> -18804 | J7: =IFERROR(I7/H7, "") -> -1 | K7: 1.SIte was offline from 02/21 due to Phase C fuse was blown and parts were needed. | L7: 1.SR097569
A8: K115 | B8: NY | C8: =Sites[[#This Row],[SOL'#]] -> SOL-10361 | D8: 5929.1797 | E8: 10638.23 | F8: =IF(AND(ISNUMBER(D8),ISNUMBER(E8)), D8-E8, "") -> -4709.0503 | G8: =IFERROR(F8/E8, "") -> -0.44265355 | H8: 12280.17 | I8: =IF(AND(ISNUMBER(D8),ISNUMBER(H8)), D8-H8, "") -> -6350.9903 | J8: =IFERROR(I8/H8, "") -> -0.51717446 | K8: 1.96 optimizers are down for site construction. Need to investigate | L8: 1.SR093291
A9: K152 | B9: NY | C9: =Sites[[#This Row],[SOL'#]] -> SOL-10362 | D9: 8515.5938 | E9: 8763.652 | F9: =IF(AND(ISNUMBER(D9),ISNUMBER(E9)), D9-E9, "") -> -248.05825 | G9: =IFERROR(F9/E9, "") -> -0.028305351 | H9: 7172 | I9: =IF(AND(ISNUMBER(D9),ISNUMBER(H9)), D9-H9, "") -> 1343.5938 | J9: =IFERROR(I9/H9, "") -> 0.18733878
A10: K166 | B10: NY | C10: =Sites[[#This Row],[SOL'#]] -> SOL-10363 | D10: 30869.625 | E10: 32488.02 | F10: =IF(AND(ISNUMBER(D10),ISNUMBER(E10)), D10-E10, "") -> -1618.395 | G10: =IFERROR(F10/E10, "") -> -0.049815132 | H10: 25933.76 | I10: =IF(AND(ISNUMBER(D10),ISNUMBER(H10)), D10-H10, "") -> 4935.865 | J10: =IFERROR(I10/H10, "") -> 0.19032585
A11: K206 | B11: NY | C11: =Sites[[#This Row],[SOL'#]] -> SOL-10927 | D11: 17927.302 | E11: 18527.81 | F11: =IF(AND(ISNUMBER(D11),ISNUMBER(E11)), D11-E11, "") -> -600.50773 | G11: =IFERROR(F11/E11, "") -> -0.032411156 | H11: 15907 | I11: =IF(AND(ISNUMBER(D11),ISNUMBER(H11)), D11-H11, "") -> 2020.3023 | J11: =IFERROR(I11/H11, "") -> 0.12700712
A12: K251 | B12: NY | C12: =Sites[[#This Row],[SOL'#]] -> SOL-10365 | D12: 19829.938 | E12: 0 | F12: =IF(AND(ISNUMBER(D12),ISNUMBER(E12)), D12-E12, "") -> 19829.938 | G12: =IFERROR(F12/E12, "") | H12: 16761.96 | I12: =IF(AND(ISNUMBER(D12),ISNUMBER(H12)), D12-H12, "") -> 3067.9775 | J12: =IFERROR(I12/H12, "") -> 0.18303215 | K12: 1.Wether station stopped communicating since 11/22/24. | L12: 1.SR093633
A13: K269 | B13: NY | C13: =Sites[[#This Row],[SOL'#]] -> SOL-10366 | D13: 18251.188 | E13: 21299.75 | F13: =IF(AND(ISNUMBER(D13),ISNUMBER(E13)), D13-E13, "") -> -3048.5625 | G13: =IFERROR(F13/E13, "") -> -0.14312668 | H13: 17272.78 | I13: =IF(AND(ISNUMBER(D13),ISNUMBER(H13)), D13-H13, "") -> 978.4075 | J13: =IFERROR(I13/H13, "") -> 0.056644472 | K13: 1. Site production was low on 03/05, 03/15 to 03/17 and 03/30 due to bad weather.
A14: K273 | B14: NY | C14: =Sites[[#This Row],[SOL'#]] -> SOL-10367 | D14: 19471.312 | E14: 0 | F14: =IF(AND(ISNUMBER(D14),ISNUMBER(E14)), D14-E14, "") -> 19471.312 | G14: =IFERROR(F14/E14, "") | H14: 19892 | I14: =IF(AND(ISNUMBER(D14),ISNUMBER(H14)), D14-H14, "") -> -420.6875 | J14: =IFERROR(I14/H14, "") -> -0.021148577 | K14: 1.Weather station stopped communicating since 06/15/24. 2.26 optimizers are down for roof repair. 3.Inverter 2 left unit was offline on 03/24 due to DC Isolation fault and back online on 03/26. | L14: 1.SR086842 2.SR093294 3.SR098958 | M14: SR093294 | N14: SR098958
A15: K287 | B15: NY | C15: =Sites[[#This Row],[SOL'#]] -> SOL-10919 | D15: 15894.438 | E15: 14108.52 | F15: =IF(AND(ISNUMBER(D15),ISNUMBER(E15)), D15-E15, "") -> 1785.9175 | G15: =IFERROR(F15/E15, "") -> 0.12658433 | H15: 15141 | I15: =IF(AND(ISNUMBER(D15),ISNUMBER(H15)), D15-H15, "") -> 753.4375 | J15: =IFERROR(I15/H15, "") -> 0.049761409
A16: K298 | B16: NY | C16: =Sites[[#This Row],[SOL'#]] -> SOL-10368 | D16: 16928.469 | E16: 18337.65 | F16: =IF(AND(ISNUMBER(D16),ISNUMBER(E16)), D16-E16, "") -> -1409.1813 | G16: =IFERROR(F16/E16, "") -> -0.076846338 | H16: 16617 | I16: =IF(AND(ISNUMBER(D16),ISNUMBER(H16)), D16-H16, "") -> 311.46875 | J16: =IFERROR(I16/H16, "") -> 0.018743982 | K16: 1.Site was offline from 11:30AM to 12:15PM on 03/21 due to technician checked-in. 2.Inverter 2 tripped offline and DC voltages dropped from 850V to 522V at 16:15 and back online at 17:30 on 03/31. | L16: 1.SR098114, PM7943 2.SR099228 | M16: SR099228
A17: K335 | B17: NY | C17: =Sites[[#This Row],[SOL'#]] -> SOL-10370 | D17: 18093.688 | E17: 19835.33 | F17: =IF(AND(ISNUMBER(D17),ISNUMBER(E17)), D17-E17, "") -> -1741.6425 | G17: =IFERROR(F17/E17, "") -> -0.087805068 | H17: 16751 | I17: =IF(AND(ISNUMBER(D17),ISNUMBER(H17)), D17-H17, "") -> 1342.6875 | J17: =IFERROR(I17/H17, "") -> 0.080155662
A18: K345 | B18: NY | C18: =Sites[[#This Row],[SOL'#]] -> SOL-10920 | D18: 21064.031 | E18: 13042.92 | F18: =IF(AND(ISNUMBER(D18),ISNUMBER(E18)), D18-E18, "") -> 8021.1112 | G18: =IFERROR(F18/E18, "") -> 0.61497818 | H18: 19934 | I18: =IF(AND(ISNUMBER(D18),ISNUMBER(H18)), D18-H18, "") -> 1130.0312 | J18: =IFERROR(I18/H18, "") -> 0.056688635
A19: K445 | B19: NY | C19: =Sites[[#This Row],[SOL'#]] -> SOL-10373 | D19: 17147.266 | E19: 19226.17 | F19: =IF(AND(ISNUMBER(D19),ISNUMBER(E19)), D19-E19, "") -> -2078.9044 | G19: =IFERROR(F19/E19, "") -> -0.10812889 | H19: 15923.85 | I19: =IF(AND(ISNUMBER(D19),ISNUMBER(H19)), D19-H19, "") -> 1223.4156 | J19: =IFERROR(I19/H19, "") -> 0.076829135 | K19: 1. Site production was low on 03/05, 03/15 to 03/17 and 03/24 due to bad weather.
A20: K495 | B20: NY | C20: =Sites[[#This Row],[SOL'#]] -> SOL-10374 | D20: 0 | E20: 61161.43 | F20: =IF(AND(ISNUMBER(D20),ISNUMBER(E20)), D20-E20, "") -> -61161.43 | G20: =IFERROR(F20/E20, "") -> -1 | H20: 69499 | I20: =IF(AND(ISNUMBER(D20),ISNUMBER(H20)), D20-H20, "") -> -69499 | J20: =IFERROR(I20/H20, "") -> -1 | K20: 1.Due to shunt trips of the switchgear and overcurrent faults, the site has been offline since 11/20/2024. It came back online at 10:25 AM on 02/12 and again tripped offline at 05:25 PM on 02/13 till date. | L20: 1.SR093196
A21: M020 | B21: NY | C21: =Sites[[#This Row],[SOL'#]] -> SOL-10380 | D21: 18159.5 | E21: 19883.75 | F21: =IF(AND(ISNUMBER(D21),ISNUMBER(E21)), D21-E21, "") -> -1724.25 | G21: =IFERROR(F21/E21, "") -> -0.08671654 | H21: 18985 | I21: =IF(AND(ISNUMBER(D21),ISNUMBER(H21)), D21-H21, "") -> -825.5 | J21: =IFERROR(I21/H21, "") -> -0.043481696
A22: M092 | B22: NY | C22: =Sites[[#This Row],[SOL'#]] -> SOL-10383 | D22: 18077.375 | E22: 19419.65 | F22: =IF(AND(ISNUMBER(D22),ISNUMBER(E22)), D22-E22, "") -> -1342.275 | G22: =IFERROR(F22/E22, "") -> -0.069119423 | H22: 17567.24 | I22: =IF(AND(ISNUMBER(D22),ISNUMBER(H22)), D22-H22, "") -> 510.135 | J22: =IFERROR(I22/H22, "") -> 0.029038995
A23: M143 | B23: NY | C23: =Sites[[#This Row],[SOL'#]] -> SOL-10384 | D23: 21360.312 | E23: 23405.1 | F23: =IF(AND(ISNUMBER(D23),ISNUMBER(E23)), D23-E23, "") -> -2044.7875 | G23: =IFERROR(F23/E23, "") -> -0.08736504 | H23: 19950.93 | I23: =IF(AND(ISNUMBER(D23),ISNUMBER(H23)), D23-H23, "") -> 1409.3825 | J23: =IFERROR(I23/H23, "") -> 0.070642446
A24: M144 | B24: NY | C24: =Sites[[#This Row],[SOL'#]] -> SOL-10385 | D24: 30927.969 | E24: 0 | F24: =IF(AND(ISNUMBER(D24),ISNUMBER(E24)), D24-E24, "") -> 30927.969 | G24: =IFERROR(F24/E24, "") | H24: 29347 | I24: =IF(AND(ISNUMBER(D24),ISNUMBER(H24)), D24-H24, "") -> 1580.9688 | J24: =IFERROR(I24/H24, "") -> 0.053871563
A25: M167 | B25: NY | C25: =Sites[[#This Row],[SOL'#]] -> SOL-10386 | D25: 22510.703 | E25: 17030.17 | F25: =IF(AND(ISNUMBER(D25),ISNUMBER(E25)), D25-E25, "") -> 5480.5331 | G25: =IFERROR(F25/E25, "") -> 0.32181318 | H25: 23574.3 | I25: =IF(AND(ISNUMBER(D25),ISNUMBER(H25)), D25-H25, "") -> -1063.5969 | J25: =IFERROR(I25/H25, "") -> -0.045116796
A26: M188 | B26: NY | C26: =Sites[[#This Row],[SOL'#]] -> SOL-10387 | D26: 15924.094 | E26: 0 | F26: =IF(AND(ISNUMBER(D26),ISNUMBER(E26)), D26-E26, "") -> 15924.094 | G26: =IFERROR(F26/E26, "") | H26: 15347 | I26: =IF(AND(ISNUMBER(D26),ISNUMBER(H26)), D26-H26, "") -> 577.09375 | J26: =IFERROR(I26/H26, "") -> 0.037603033 | K26: 1. Inverter 2's left unit on SolarEdge is offline and reporting a possible three-phase arc detection. 2. Inverter 1 was underperforming by 13 kW on 03/29, but after remotely resetting the inverter, it was back online on 03/31. | L26: 1. SR099136 2. SR099136 | M26: SR099136
A27: EMHC | B27: NY | C27: =Sites[[#This Row],[SOL'#]] -> SOL-10351 | D27: 6079.1641 | E27: 4893.405 | F27: =IF(AND(ISNUMBER(D27),ISNUMBER(E27)), D27-E27, "") -> 1185.7591 | G27: =IFERROR(F27/E27, "") -> 0.24231779 | H27: 6450.771 | I27: =IF(AND(ISNUMBER(D27),ISNUMBER(H27)), D27-H27, "") -> -371.60694 | J27: =IFERROR(I27/H27, "") -> -0.057606593
A28: Q008 | B28: NY | C28: =Sites[[#This Row],[SOL'#]] -> SOL-10397 | D28: 18071.781 | E28: 19410.6 | F28: =IF(AND(ISNUMBER(D28),ISNUMBER(E28)), D28-E28, "") -> -1338.8187 | G28: =IFERROR(F28/E28, "") -> -0.068973589 | H28: 24376 | I28: =IF(AND(ISNUMBER(D28),ISNUMBER(H28)), D28-H28, "") -> -6304.2188 | J28: =IFERROR(I28/H28, "") -> -0.25862401 | K28: 1.The site is offline at 12:30 PM on 03/17 due to the AC breaker tripping. The technician reset the breaker, and the site came back online at 08:45 AM on 02/20. 2. The site is offline at 16:00 on 03/25 due to the main breaker tripping. The site will remain offline until the new main breaker is replaced. | L28: 1. SR098734 2. SR098981 | M28: SR098981
A29: Q018 | B29: NY | C29: =Sites[[#This Row],[SOL'#]] -> SOL-10398 | D29: 17500.562 | E29: 17083.96 | F29: =IF(AND(ISNUMBER(D29),ISNUMBER(E29)), D29-E29, "") -> 416.6025 | G29: =IFERROR(F29/E29, "") -> 0.024385593 | H29: 13142.78 | I29: =IF(AND(ISNUMBER(D29),ISNUMBER(H29)), D29-H29, "") -> 4357.7825 | J29: =IFERROR(I29/H29, "") -> 0.33157235
A30: Q021 | B30: NY | C30: =Sites[[#This Row],[SOL'#]] -> SOL-10399 | D30: 13787.437 | E30: 14154.27 | F30: =IF(AND(ISNUMBER(D30),ISNUMBER(E30)), D30-E30, "") -> -366.8325 | G30: =IFERROR(F30/E30, "") -> -0.025916737 | H30: 10812.43 | I30: =IF(AND(ISNUMBER(D30),ISNUMBER(H30)), D30-H30, "") -> 2975.0075 | J30: =IFERROR(I30/H30, "") -> 0.27514698
A31: Q025 | B31: NY | C31: =Sites[[#This Row],[SOL'#]] -> SOL-10400 | D31: 23143.375 | E31: 23053.17 | F31: =IF(AND(ISNUMBER(D31),ISNUMBER(E31)), D31-E31, "") -> 90.205 | G31: =IFERROR(F31/E31, "") -> 0.0039129109 | H31: 12738 | I31: =IF(AND(ISNUMBER(D31),ISNUMBER(H31)), D31-H31, "") -> 10405.375 | J31: =IFERROR(I31/H31, "") -> 0.81687667
A32: Q074 | B32: NY | C32: =Sites[[#This Row],[SOL'#]] -> SOL-10402 | D32: 15292.875 | E32: 14719.13 | F32: =IF(AND(ISNUMBER(D32),ISNUMBER(E32)), D32-E32, "") -> 573.745 | G32: =IFERROR(F32/E32, "") -> 0.038979546 | H32: 12449.42 | I32: =IF(AND(ISNUMBER(D32),ISNUMBER(H32)), D32-H32, "") -> 2843.455 | J32: =IFERROR(I32/H32, "") -> 0.2284006
A33: Q115 | B33: NY | C33: =Sites[[#This Row],[SOL'#]] -> SOL-10872 | D33: 19693.25 | E33: 20852.42 | F33: =IF(AND(ISNUMBER(D33),ISNUMBER(E33)), D33-E33, "") -> -1159.17 | G33: =IFERROR(F33/E33, "") -> -0.055589231 | H33: 16426.55 | I33: =IF(AND(ISNUMBER(D33),ISNUMBER(H33)), D33-H33, "") -> 3266.7 | J33: =IFERROR(I33/H33, "") -> 0.19886708
A34: Q139 | B34: NY | C34: =Sites[[#This Row],[SOL'#]] -> SOL-10403 | D34: 11658.438 | E34: 11682.37 | F34: =IF(AND(ISNUMBER(D34),ISNUMBER(E34)), D34-E34, "") -> -23.9325 | G34: =IFERROR(F34/E34, "") -> -0.0020485997 | H34: 10385 | I34: =IF(AND(ISNUMBER(D34),ISNUMBER(H34)), D34-H34, "") -> 1273.4375 | J34: =IFERROR(I34/H34, "") -> 0.12262277
A35: Q157 | B35: NY | C35: =Sites[[#This Row],[SOL'#]] -> SOL-10404 | D35: 20207.562 | E35: 22493.83 | F35: =IF(AND(ISNUMBER(D35),ISNUMBER(E35)), D35-E35, "") -> -2286.2675 | G35: =IFERROR(F35/E35, "") -> -0.10163976 | H35: 18648.05 | I35: =IF(AND(ISNUMBER(D35),ISNUMBER(H35)), D35-H35, "") -> 1559.5125 | J35: =IFERROR(I35/H35, "") -> 0.083628717 | K35: 1.Inverter 4 tripped offline at 07:00 AM on 03/16 due to an isolation fault and was back online at 07:00 AM on 03/17. 2. Inverter 2 is derating by 8 kW compared to its peers. On 03/18, a technician was onsite to investigate the underperformance of Inverter 2. After swapping strings between Inverter 1 and Inverter 2, Inverter 1 started producing, but Inverter 2 remained offline. It came back online at 10:30 AM on 03/20. The powerhead of the inverters has been RMA'd. | L35: 1. SR096202 2. SR098365 | M35: SR098365
A36: Q192 | B36: NY | C36: =Sites[[#This Row],[SOL'#]] -> SOL-10406 | D36: 32225.375 | E36: 34607.25 | F36: =IF(AND(ISNUMBER(D36),ISNUMBER(E36)), D36-E36, "") -> -2381.875 | G36: =IFERROR(F36/E36, "") -> -0.068825896 | H36: 27228.61 | I36: =IF(AND(ISNUMBER(D36),ISNUMBER(H36)), D36-H36, "") -> 4996.765 | J36: =IFERROR(I36/H36, "") -> 0.18351157
A37: Q210 | B37: NY | C37: =Sites[[#This Row],[SOL'#]] -> SOL-10407 | D37: 26236.5 | E37: 25645.07 | F37: =IF(AND(ISNUMBER(D37),ISNUMBER(E37)), D37-E37, "") -> 591.43 | G37: =IFERROR(F37/E37, "") -> 0.023062132 | H37: 22706 | I37: =IF(AND(ISNUMBER(D37),ISNUMBER(H37)), D37-H37, "") -> 3530.5 | J37: =IFERROR(I37/H37, "") -> 0.15548754
A38: Q229 | B38: NY | C38: =Sites[[#This Row],[SOL'#]] -> SOL-10408 | D38: 11364.281 | E38: 12968.02 | F38: =IF(AND(ISNUMBER(D38),ISNUMBER(E38)), D38-E38, "") -> -1603.7388 | G38: =IFERROR(F38/E38, "") -> -0.12366874 | H38: 923 | I38: =IF(AND(ISNUMBER(D38),ISNUMBER(H38)), D38-H38, "") -> 10441.281 | J38: =IFERROR(I38/H38, "") -> 11.312331 | K38: 1. Site production was low on 03/05, 03/15 to 03/17 due to bad weather.
A39: Q231 | B39: NY | C39: =Sites[[#This Row],[SOL'#]] -> SOL-10870 | D39: 42833.5 | E39: 45218.45 | F39: =IF(AND(ISNUMBER(D39),ISNUMBER(E39)), D39-E39, "") -> -2384.95 | G39: =IFERROR(F39/E39, "") -> -0.052742852 | H39: 40060 | I39: =IF(AND(ISNUMBER(D39),ISNUMBER(H39)), D39-H39, "") -> 2773.5 | J39: =IFERROR(I39/H39, "") -> 0.06923365
A40: Q405 | B40: NY | C40: =Sites[[#This Row],[SOL'#]] -> SOL-10409 | D40: 49504 | E40: 53188.06 | F40: =IF(AND(ISNUMBER(D40),ISNUMBER(E40)), D40-E40, "") -> -3684.06 | G40: =IFERROR(F40/E40, "") -> -0.069264794 | H40: 40273.41 | I40: =IF(AND(ISNUMBER(D40),ISNUMBER(H40)), D40-H40, "") -> 9230.59 | J40: =IFERROR(I40/H40, "") -> 0.22919812
A41: Q435 | B41: NY | C41: =Sites[[#This Row],[SOL'#]] -> SOL-10923 | D41: 61922.625 | E41: 48511 | F41: =IF(AND(ISNUMBER(D41),ISNUMBER(E41)), D41-E41, "") -> 13411.625 | G41: =IFERROR(F41/E41, "") -> 0.27646565 | H41: 57626 | I41: =IF(AND(ISNUMBER(D41),ISNUMBER(H41)), D41-H41, "") -> 4296.625 | J41: =IFERROR(I41/H41, "") -> 0.074560528 | K41: 1.Inverter 3 right unit has tripped offline between 11AM to 13:15 on 03/19, 03/22, 03/23 and 03/29 due to AC Voltage Too High (Line 3) fault. Inverter 3 middlie unit tripped offline between 13:15 to 14:00 on 03/01, 03/22 and 03/23 due to AC Voltage Too High (Line 3) fault. 2.Inverter 5 left unit tripped offline between 11Am to 16:00 on 03/01,03/08, 03/09 03/19,03/21, 03/22, 03/23, 03/25, 03/26, 03/28 and 03/29. 3.Inverter 1 left unit tripped offline at 15:00 on 03/23 and back online on 03/24. | L41: 1.SR098781 2.SR098781 3.SR098905 | M41: SR098781 | N41: SR098905
A42: Q485 | B42: NY | C42: =Sites[[#This Row],[SOL'#]] -> SOL-10869 | D42: 54507.75 | E42: 46347.05 | F42: =IF(AND(ISNUMBER(D42),ISNUMBER(E42)), D42-E42, "") -> 8160.7 | G42: =IFERROR(F42/E42, "") -> 0.17607809 | H42: 53986.78 | I42: =IF(AND(ISNUMBER(D42),ISNUMBER(H42)), D42-H42, "") -> 520.97 | J42: =IFERROR(I42/H42, "") -> 0.009649955 | K42: 1.Inverter 1's right unit was offline on 03/07 due to low voltage. On 03/11, a technician was on-site and paired the strings individually to the unit's production at 11:15 AM. However, the unit went offline again on 03/13 and remained offline throughout the month. | L42: 1. SR098312, SR099139 | M42: SR099139
A43: Q490 | B43: NY | C43: =Sites[[#This Row],[SOL'#]] -> SOL-10411 | D43: 41569.75 | E43: 0 | F43: =IF(AND(ISNUMBER(D43),ISNUMBER(E43)), D43-E43, "") -> 41569.75 | G43: =IFERROR(F43/E43, "") | H43: 35051.72 | I43: =IF(AND(ISNUMBER(D43),ISNUMBER(H43)), D43-H43, "") -> 6518.03 | J43: =IFERROR(I43/H43, "") -> 0.18595464 | K43: 1. optimizers Module 1.2.4 , Module 2.2.18 , Module 2.3.11 , Module 3.1.16 , Module 6.1.5 , Module 7.1.4 , Module 7.3.17 , Module 9.1.16 ,Module 10.3.3 , 8.0.27 are offline. | L43: 1. SR093326
A44: Q620 | B44: NY | C44: =Sites[[#This Row],[SOL'#]] -> SOL-10867 | D44: 62270.25 | E44: 62074.84 | F44: =IF(AND(ISNUMBER(D44),ISNUMBER(E44)), D44-E44, "") -> 195.41 | G44: =IFERROR(F44/E44, "") -> 0.0031479743 | H44: 56876.59 | I44: =IF(AND(ISNUMBER(D44),ISNUMBER(H44)), D44-H44, "") -> 5393.66 | J44: =IFERROR(I44/H44, "") -> 0.094830931
A45: QMOA | B45: NY | C45: =Sites[[#This Row],[SOL'#]] -> SOL-10415 | D45: 5425.9 | E45: 0 | F45: =IF(AND(ISNUMBER(D45),ISNUMBER(E45)), D45-E45, "") -> 5425.9 | G45: =IFERROR(F45/E45, "") | H45: 5132.896 | I45: =IF(AND(ISNUMBER(D45),ISNUMBER(H45)), D45-H45, "") -> 293.004 | J45: =IFERROR(I45/H45, "") -> 0.057083565
A46: X024 | B46: NY | C46: =Sites[[#This Row],[SOL'#]] -> SOL-10419 | D46: 23840.25 | E46: 24902.66 | F46: =IF(AND(ISNUMBER(D46),ISNUMBER(E46)), D46-E46, "") -> -1062.41 | G46: =IFERROR(F46/E46, "") -> -0.042662511 | H46: 18167 | I46: =IF(AND(ISNUMBER(D46),ISNUMBER(H46)), D46-H46, "") -> 5673.25 | J46: =IFERROR(I46/H46, "") -> 0.31228326
A47: X026 | B47: NY | C47: =Sites[[#This Row],[SOL'#]] -> SOL-10420 | D47: 20262.1 | E47: 20134.12 | F47: =IF(AND(ISNUMBER(D47),ISNUMBER(E47)), D47-E47, "") -> 127.98 | G47: =IFERROR(F47/E47, "") -> 0.0063563742 | H47: 24639.36 | I47: =IF(AND(ISNUMBER(D47),ISNUMBER(H47)), D47-H47, "") -> -4377.26 | J47: =IFERROR(I47/H47, "") -> -0.17765315 | K47: 1. Site production was low on 03/05, 03/15 to 03/17 and 03/24 due to bad weather.
A48: X090 | B48: NY | C48: =Sites[[#This Row],[SOL'#]] -> SOL-10925 | D48: 18244.25 | E48: 14195.7 | F48: =IF(AND(ISNUMBER(D48),ISNUMBER(E48)), D48-E48, "") -> 4048.55 | G48: =IFERROR(F48/E48, "") -> 0.28519552 | H48: 17046 | I48: =IF(AND(ISNUMBER(D48),ISNUMBER(H48)), D48-H48, "") -> 1198.25 | J48: =IFERROR(I48/H48, "") -> 0.070295084
A49: X117 | B49: NY | C49: =Sites[[#This Row],[SOL'#]] -> SOL-10422 | D49: 14903.1 | E49: 16892.23 | F49: =IF(AND(ISNUMBER(D49),ISNUMBER(E49)), D49-E49, "") -> -1989.13 | G49: =IFERROR(F49/E49, "") -> -0.11775414 | H49: 13357.89 | I49: =IF(AND(ISNUMBER(D49),ISNUMBER(H49)), D49-H49, "") -> 1545.21 | J49: =IFERROR(I49/H49, "") -> 0.1156777 | K49: 1. Site production was low on 03/05, 03/15 to 03/17 and 03/24 due to bad weather.
A50: X125 | B50: NY | C50: =Sites[[#This Row],[SOL'#]] -> SOL-10423 | D50: 27866.188 | E50: 29401.67 | F50: =IF(AND(ISNUMBER(D50),ISNUMBER(E50)), D50-E50, "") -> -1535.4825 | G50: =IFERROR(F50/E50, "") -> -0.052224329 | H50: 25413.95 | I50: =IF(AND(ISNUMBER(D50),ISNUMBER(H50)), D50-H50, "") -> 2452.2375 | J50: =IFERROR(I50/H50, "") -> 0.096491789
A51: X134 | B51: NY | C51: =Sites[[#This Row],[SOL'#]] -> SOL-10424 | D51: 26652 | E51: 0 | F51: =IF(AND(ISNUMBER(D51),ISNUMBER(E51)), D51-E51, "") -> 26652 | G51: =IFERROR(F51/E51, "") | H51: 26095 | I51: =IF(AND(ISNUMBER(D51),ISNUMBER(H51)), D51-H51, "") -> 557 | J51: =IFERROR(I51/H51, "") -> 0.021345085
A52: X135 | B52: NY | C52: =Sites[[#This Row],[SOL'#]] -> SOL-10425 | D52: 20342.219 | E52: 22903.47 | F52: =IF(AND(ISNUMBER(D52),ISNUMBER(E52)), D52-E52, "") -> -2561.2513 | G52: =IFERROR(F52/E52, "") -> -0.11182809 | H52: 20962 | I52: =IF(AND(ISNUMBER(D52),ISNUMBER(H52)), D52-H52, "") -> -619.78125 | J52: =IFERROR(I52/H52, "") -> -0.029566895 | K52: 1.Inverters were offline on 03/27 due to Grid voltage unbalance and were back online at 12:30 on 03/28 | L52: 1.SR099036
A53: X139 JHS 222 | B53: NY | C53: =Sites[[#This Row],[SOL'#]] -> SOL-10426 | D53: 33468.321 | E53: 35713.1 | F53: =IF(AND(ISNUMBER(D53),ISNUMBER(E53)), D53-E53, "") -> -2244.7787 | G53: =IFERROR(F53/E53, "") -> -0.062855889 | H53: 30257 | I53: =IF(AND(ISNUMBER(D53),ISNUMBER(H53)), D53-H53, "") -> 3211.3213 | J53: =IFERROR(I53/H53, "") -> 0.10613482
A54: X140 | B54: NY | C54: =Sites[[#This Row],[SOL'#]] -> SOL-10926 | D54: 16923.297 | E54: 15830.34 | F54: =IF(AND(ISNUMBER(D54),ISNUMBER(E54)), D54-E54, "") -> 1092.9569 | G54: =IFERROR(F54/E54, "") -> 0.069041908 | H54: 17584 | I54: =IF(AND(ISNUMBER(D54),ISNUMBER(H54)), D54-H54, "") -> -660.70312 | J54: =IFERROR(I54/H54, "") -> -0.037574109 | K54: 1.Right unit of inverter 3 is reporting low voltage from 02/28/25 due to Fuse blown in inverter, will replace with spares once received. | L54: 1.SR098313
A55: X166 | B55: NY | C55: =Sites[[#This Row],[SOL'#]] -> SOL-10427 | D55: 20069.5 | E55: 20878.42 | F55: =IF(AND(ISNUMBER(D55),ISNUMBER(E55)), D55-E55, "") -> -808.92 | G55: =IFERROR(F55/E55, "") -> -0.038744311 | H55: 19078 | I55: =IF(AND(ISNUMBER(D55),ISNUMBER(H55)), D55-H55, "") -> 991.5 | J55: =IFERROR(I55/H55, "") -> 0.051970856
A56: Murphy | B56: MN | C56: =Sites[[#This Row],[SOL'#]] -> SOL-10094 | D56: 894400 | E56: 930300.6 | F56: =IF(AND(ISNUMBER(D56),ISNUMBER(E56)), D56-E56, "") -> -35900.6 | G56: =IFERROR(F56/E56, "") -> -0.038590322 | H56: 809101.4 | I56: =IF(AND(ISNUMBER(D56),ISNUMBER(H56)), D56-H56, "") -> 85298.6 | J56: =IFERROR(I56/H56, "") -> 0.10542387 | K56: 1. Inverter 3 tripped offline at 9:00 AM on 03/26. On 03/28, a technician investigated and found a broken module causing the GFI to trip. He removed and bypassed it, restoring power at 12:45 PM the same day. | L56: 1. SR099002
A57: Terning | B57: MN | C57: =Sites[[#This Row],[SOL'#]] -> SOL-10093 | D57: 847404.8 | E57: 939875.7 | F57: =IF(AND(ISNUMBER(D57),ISNUMBER(E57)), D57-E57, "") -> -92470.905 | G57: =IFERROR(F57/E57, "") -> -0.098386313 | H57: 792912.7 | I57: =IF(AND(ISNUMBER(D57),ISNUMBER(H57)), D57-H57, "") -> 54492.095 | J57: =IFERROR(I57/H57, "") -> 0.068723953 | K57: 1. Inverter 4 stopped communicating at 9:00 AM on 03/05 and was offline according to meter data. It came back online at 9:15 AM on 03/09 after PE reset the faults. 2. Inverter 1 tripped offline on 03/26, 03/27, and 03/28, self-resolving by the end of each day. However, on 03/28, it tripped again after resolving and remained offline for the rest of the month. Hunt MV Crew investigation is required. | L57: 1. SR098155 2. SR098987 | M57: SR098987
A58: Boas Road 04 | B58: NY | C58: =Sites[[#This Row],[SOL'#]] -> SOL-10908 | D58: 142690 | E58: 300105.54 | F58: =IF(AND(ISNUMBER(D58),ISNUMBER(E58)), D58-E58, "") -> -157415.54 | G58: =IFERROR(F58/E58, "") -> -0.52453394 | H58: 301351.8 | I58: =IF(AND(ISNUMBER(D58),ISNUMBER(H58)), D58-H58, "") -> -158661.8 | J58: =IFERROR(I58/H58, "") -> -0.52650026 | K58: 1. Inverters 1 and 2 are started late for the production at 2:55PM on 03/29. 2. Meter stopped communicating from 2:05PM on 03/17. | L58: 1. SR099130 2. SR098641 | M58: SR098641
A59: Kelly Bridge Farm | B59: NY | C59: =Sites[[#This Row],[SOL'#]] -> SOL-10911 | D59: 158244 | E59: 324553.71 | F59: =IF(AND(ISNUMBER(D59),ISNUMBER(E59)), D59-E59, "") -> -166309.71 | G59: =IFERROR(F59/E59, "") -> -0.51242585 | H59: 306228.1 | I59: =IF(AND(ISNUMBER(D59),ISNUMBER(H59)), D59-H59, "") -> -147984.1 | J59: =IFERROR(I59/H59, "") -> -0.48324794 | K59: 1. Inverter 20 tripped offline at 2:20PM on 03/07. On 03/26 technician replaced fues and prodction back at 10:25AM. 2. Inverter 28 tripped offline at 10:45AM and back online at 1:10PM after technician replaced blown fuse on 03/18. 3. Site tripped offline at 8:00AM due to utility outgae and back online at 9:35AM on 03/21. 4. Inverters 7,10 tripped offline at 15:00 on 03/22. On 03/25 technician replaced fuses for both inverters and production was back at 03:25PM. 5.The meter stopped communicating at 14:05 on 03/16. On 03/26, the technician investigated the issue, checked the fuses, tested the watch battery on the board, and will process the meter board RMA on the next visit. | L59: 1. SR098279 2. SR098699 3. SR098853 4. SR098892 | M59: SR098699 | N59: SR098853 | O59: SR098892
A60: Pool Brook Road | B60: NY | C60: =Sites[[#This Row],[SOL'#]] -> SOL-10909 | D60: 284618 | E60: 298602.12 | F60: =IF(AND(ISNUMBER(D60),ISNUMBER(E60)), D60-E60, "") -> -13984.119 | G60: =IFERROR(F60/E60, "") -> -0.046831948 | H60: 259081.23 | I60: =IF(AND(ISNUMBER(D60),ISNUMBER(H60)), D60-H60, "") -> 25536.77 | J60: =IFERROR(I60/H60, "") -> 0.098566654
A61: Sackett Lake | B61: NY | C61: =Sites[[#This Row],[SOL'#]] -> SOL-10910 | D61: 314608 | E61: 327404.69 | F61: =IF(AND(ISNUMBER(D61),ISNUMBER(E61)), D61-E61, "") -> -12796.692 | G61: =IFERROR(F61/E61, "") -> -0.039085243 | H61: 308336.22 | I61: =IF(AND(ISNUMBER(D61),ISNUMBER(H61)), D61-H61, "") -> 6271.78 | J61: =IFERROR(I61/H61, "") -> 0.020340718 | K61: 1. Inverter 2 tripped offline at 9:45 AM on 03/30 due to "FAULT PHASE 3" and "VBUS DERIVATE FAULT." On 03/31, a technician swapped the CCU, but the fault persisted, requiring a stack replacement. Inverter 2 remains offline until the stack is received. | L61: 1. SR099149
A62: Burritt Road | B62: NY | C62: =Sites[[#This Row],[SOL'#]] -> SOL-10913 | D62: 244160 | E62: 0 | F62: =IF(AND(ISNUMBER(D62),ISNUMBER(E62)), D62-E62, "") -> 244160 | G62: =IFERROR(F62/E62, "") | H62: 262360.5 | I62: =IF(AND(ISNUMBER(D62),ISNUMBER(H62)), D62-H62, "") -> -18200.5 | J62: =IFERROR(I62/H62, "") -> -0.069372104 | K62: 1.POA Pyranometer is not communicating from 07:00AM on 11/09/24 due to a malfunctioning NPort, where the POA and GHI are connected. 2. Inverters 1 to 5 tripped offline at 10:05 AM on 03/18 and came back online at 16:30 on 03/19 after resetting the switchgear. However, they tripped again on 03/20 and came back online at the end of the day on 03/21. On 03/22, the inverters tripped again and were back online on 03/27 after troubleshooting. On 03/31, the inverters tripped offline again, and technician found a malfunctioning breaker that needs to be replaced and inverters remains offline. 3. The site was taken offline on 03/21 from 2:15 PM to 3:40 PM and on 03/27 from 11:10 AM to 2:50 PM and from 4:10 PM to 5:10 PM due to a technician being onsite on both days to investigate inverters 1 to 5. | L62: 1. SR093972 2. SR098708 3. SR098708 | M62: SR098708 | N62: SR098708
A63: Villa Roma 1 | B63: NY | C63: =Sites[[#This Row],[SOL'#]] -> SOL-10914 | D63: 292460 | E63: 795.601 | F63: =IF(AND(ISNUMBER(D63),ISNUMBER(E63)), D63-E63, "") -> 291664.4 | G63: =IFERROR(F63/E63, "") -> 366.59632 | H63: 230513.34 | I63: =IF(AND(ISNUMBER(D63),ISNUMBER(H63)), D63-H63, "") -> 61946.66 | J63: =IFERROR(I63/H63, "") -> 0.26873351 | K63: 1. On 03/20, technician was onsite for a PM inspection, and the site was de-energized from 12:25 PM to 1:00 PM. Additionally, the technician replaced a string fuse for Combiner Box 7. 2. Expected energy values are reporting very low. Created a case #66639 with GPM | L63: 1. PM7628, SR098869 2.SR099403 | M63: SR099403
A64: Villa Roma 2 | B64: NY | C64: =Sites[[#This Row],[SOL'#]] -> SOL-10915 | D64: 282446 | E64: 290530.56 | F64: =IF(AND(ISNUMBER(D64),ISNUMBER(E64)), D64-E64, "") -> -8084.561 | G64: =IFERROR(F64/E64, "") -> -0.027826887 | H64: 223617.6 | I64: =IF(AND(ISNUMBER(D64),ISNUMBER(H64)), D64-H64, "") -> 58828.4 | J64: =IFERROR(I64/H64, "") -> 0.26307589 | K64: 1. On 03/27 technician was onsite for PM inspection and site was taken offline from 11:45AM to 12:45PM. | L64: 1. PM7642
A65: Washington 1 | B65: NY | C65: =Sites[[#This Row],[SOL'#]] -> SOL-10912 | D65: 284470 | E65: 297807.87 | F65: =IF(AND(ISNUMBER(D65),ISNUMBER(E65)), D65-E65, "") -> -13337.874 | G65: =IFERROR(F65/E65, "") -> -0.044786841 | H65: 258096.13 | I65: =IF(AND(ISNUMBER(D65),ISNUMBER(H65)), D65-H65, "") -> 26373.87 | J65: =IFERROR(I65/H65, "") -> 0.10218623
A66: Washington 3 | B66: NY | C66: =Sites[[#This Row],[SOL'#]] -> SOL-10828 | D66: 342949 | E66: 0 | F66: =IF(AND(ISNUMBER(D66),ISNUMBER(E66)), D66-E66, "") -> 342949 | G66: =IFERROR(F66/E66, "") | H66: 317573.3 | I66: =IF(AND(ISNUMBER(D66),ISNUMBER(H66)), D66-H66, "") -> 25375.7 | J66: =IFERROR(I66/H66, "") -> 0.079905017 | K66: 1. POA sensor continues to read inaccurately. Tech verified connections by testing both old and new sensors, with irradiance around 1 W/m². The original sensor was last calibrated in May 2024. GPM recommends replacing the run cable to the DAS to improve accuracy. 2. The site was offline from 10:00AM to 3:45PM due to medium voltage work. | L66: 1. SR093024 2. SR098551 | M66: SR098551
A67: Washington 4 | B67: NY | C67: =Sites[[#This Row],[SOL'#]] -> SOL-10829 | D67: 343118 | E67: 355062.71 | F67: =IF(AND(ISNUMBER(D67),ISNUMBER(E67)), D67-E67, "") -> -11944.712 | G67: =IFERROR(F67/E67, "") -> -0.033641133 | H67: 316864.2 | I67: =IF(AND(ISNUMBER(D67),ISNUMBER(H67)), D67-H67, "") -> 26253.8 | J67: =IFERROR(I67/H67, "") -> 0.082855053
A68: Big Tree | B68: NY | C68: =Sites[[#This Row],[SOL'#]] -> SOL-10966 | D68: 273687 | E68: 0 | F68: =IF(AND(ISNUMBER(D68),ISNUMBER(E68)), D68-E68, "") -> 273687 | G68: =IFERROR(F68/E68, "") | H68: 288104.5 | I68: =IF(AND(ISNUMBER(D68),ISNUMBER(H68)), D68-H68, "") -> -14417.5 | J68: =IFERROR(I68/H68, "") -> -0.050042606 | K68: 1. Inverters 1 and 2 experienced multiple tripping events from 10:45 to 14:30 on 03/18 due to technician was onsite for PM work. | L68: 1. PM7676
A69: Canoga | B69: NY | C69: =Sites[[#This Row],[SOL'#]] -> SOL-10965 | D69: 596020 | E69: 0 | F69: =IF(AND(ISNUMBER(D69),ISNUMBER(E69)), D69-E69, "") -> 596020 | G69: =IFERROR(F69/E69, "") | H69: 721909.99 | I69: =IF(AND(ISNUMBER(D69),ISNUMBER(H69)), D69-H69, "") -> -125889.99 | J69: =IFERROR(I69/H69, "") -> -0.17438461 | K69: 1.On 03/04, inverters 1 and 2 experienced tripping events from 9:30 to 15:20, and on 03/05, inverter 2 experienced tripping from 8:05 AM to 10:35 AM due to technicians being onsite for Ingeteam field-based training. 2. Weather station has reported 0 since 8/21. New UP POA and Down POA need replacement. 3. Inverters 1 and 4 experienced derating of approximately 260 kW on 03/11. On 03/21, technician replaced the power stack unit for phase S of inverter 4. The output was compared to sister inverter 3, and both were producing the same. Both inverters have returned to normal production. 4. On 03/14, inverter 4 was offline from 12:05 PM to 1:05 PM. On 03/18, inverter 4 went offline at 9:05 AM, and inverter 3 went offline at 10:20 AM; both came back online at 1:50 PM on the same day. However, on 03/21, inverter 3 was offline from 11:20 AM to 2:00 PM. These offline events occurred because technician was onsite working on the Inverter 1 and 4 derating issue. 5. The site tripped offline at 9:45 AM on 03/26 due to a utility outage and came back online at 11:35 AM. However, it tripped offline again at 9:55 AM on 03/27 due to utility work at the substation and has remained offline throughout the month. No ETA has been provided. | L69: 1. SR096004, SR098071 2. SR094278 3. SR098510 4. SR098510 5. SR098998 | M69: SR098071 | N69: SR094278 | O69: SR098510 | P69: SR098510 | Q69: SR098998
A70: County Route 84 | B70: NY | C70: =Sites[[#This Row],[SOL'#]] -> SOL-10967 | D70: 765110 | E70: 0 | F70: =IF(AND(ISNUMBER(D70),ISNUMBER(E70)), D70-E70, "") -> 765110 | G70: =IFERROR(F70/E70, "") | H70: 801935.5 | I70: =IF(AND(ISNUMBER(D70),ISNUMBER(H70)), D70-H70, "") -> -36825.5 | J70: =IFERROR(I70/H70, "") -> -0.045920775 | K70: 1. Site tripped offline at 9:20 AM on 03/13 due to utility work and came back online at 9:30 AM on 03/14 after utility power was restored. | L70: 1. SR098500
A71: Donati | B71: NY | C71: =Sites[[#This Row],[SOL'#]] -> SOL-10968 | D71: 126381 | E71: 0 | F71: =IF(AND(ISNUMBER(D71),ISNUMBER(E71)), D71-E71, "") -> 126381 | G71: =IFERROR(F71/E71, "") | H71: 341064.1 | I71: =IF(AND(ISNUMBER(D71),ISNUMBER(H71)), D71-H71, "") -> -214683.1 | J71: =IFERROR(I71/H71, "") -> -0.62945089 | K71: 1. Weather station Reporting 0 value from 05/31/24. POA sensors need to be replaced. 2. All trackers have been struck from various dates. Followed up with Soltec and they are working on it. 3. Site tripped offline at 4:35PM on 03/13 due to utility work and came back online at 11:50AM on 03/26 after utility power was restored. 4. Site tripped offline at 1:30 PM due to utility work and came back online at 2:20pm on 03/27 after utility power was restored. | L71: 1. SR092964 2. SR097603, SR095253 3. SR098558 4. SR099047, SR099053 | M71: SR097603 | N71: SR095253 | O71: SR098558 | P71: SR099047 | Q71: SR099053
A72: Henrietta | B72: NY | C72: =Sites[[#This Row],[SOL'#]] -> SOL-10972 | D72: 657820 | E72: 0 | F72: =IF(AND(ISNUMBER(D72),ISNUMBER(E72)), D72-E72, "") -> 657820 | G72: =IFERROR(F72/E72, "") | H72: 670835.98 | I72: =IF(AND(ISNUMBER(D72),ISNUMBER(H72)), D72-H72, "") -> -13015.98 | J72: =IFERROR(I72/H72, "") -> -0.019402627
A73: NY 70 | B73: NY | C73: =Sites[[#This Row],[SOL'#]] -> SOL-10970 | D73: 692500 | E73: 0 | F73: =IF(AND(ISNUMBER(D73),ISNUMBER(E73)), D73-E73, "") -> 692500 | G73: =IFERROR(F73/E73, "") | H73: 842989.16 | I73: =IF(AND(ISNUMBER(D73),ISNUMBER(H73)), D73-H73, "") -> -150489.16 | J73: =IFERROR(I73/H73, "") -> -0.1785185 | K73: 1. All trackers lost communication on 02/27. On 03/17, the technician reset a UPS fault and restored tracking, but T01.A.19, D.15, and T02.D.31 remain stuck. Further investigation is needed next visit. 2. On 03/21 inverter 3 was offline from 2:40PM to 3:40PM due to technician was onsite for a PM inspection 3. Site tripped offline at 8:30AM on 03/26 due to utility outage and back online at 1:00PM on the same day after utility power restored. | L73: 1. SR096238, SR097926 2. PM7743 3. SR098992 | M73: SR097926 | N73: SR098992
A74: Reid | B74: NY | C74: =Sites[[#This Row],[SOL'#]] -> SOL-10991 | D74: 598905 | E74: 628321.1 | F74: =IF(AND(ISNUMBER(D74),ISNUMBER(E74)), D74-E74, "") -> -29416.099 | G74: =IFERROR(F74/E74, "") -> -0.046816985 | H74: 657607 | I74: =IF(AND(ISNUMBER(D74),ISNUMBER(H74)), D74-H74, "") -> -58701.999 | J74: =IFERROR(I74/H74, "") -> -0.089266081 | K74: 1. Inverter 5 has been offline since 02/28 due to a "Grid Line Voltage Out of Range" error. On 03/06, the technician turned on the breaker, restoring inverter production at 9:30 AM. 2. Inverter 9 tripped offline at 9:30AM on 03/03 due to "Grid Line Voltage Out of Range". On 03/06 breaker was reset and inverter back online at 9:30AM. 3. Inverter 23 has been offline since 11/19 due to a "Grid Line Voltage Out of Range" error. On 03/06, breaker was reset and inverter back online at 9:30AM. 4. Inverter 4 didn't started on 03/08. On 03/25 technician replaced powerhead and inverter back online at 11:30AM. 5. Inverter 18 tripped offline at 14:00 on 03/10 due to Bus Imbalance fault. On 03/25 technician replaced powerhead and inverter back online at 11:30AM. 6. Inverter 28 tripped offline at 14:00 on 03/11 due to " Grid Phase Voltage Out of Range". On 03/12 breaker was reset and inverter back online at 9:15AM on 03/12. 7. Inverter 24 was derating by 50kW since 03/10. On o3/25 technician replaced fan and inverter back to normal production. 8. Inverter 30 tripped offline at 14:30 on 03/14. On 03/17 breaker was reset and inverter back online at 15:15. 9. Inverter 32 tripped offline at 14:35 on 03/19. On 03/25 breaker was reset and inverter back online at 9:45AM. 10. inverter 05 tripped offline at 14:35 on 03/23. On 03/25 breaker was reset and inverter back online at 11:15AM. | L74: 1. SR097930 2. SR098005 3. SR093436 4. SR098295 5. SR098354 6. SR098414 7. SR098415 8. SR098594 9. SR098779 10.SR098902 | M74: SR098005 | N74: SR093436 | O74: SR098295 | P74: SR098354 | Q74: SR098414 | R74: SR098415 | S74: SR098594 | T74: SR098779 | U74: SR098902
A75: Sangolqui | B75: NY | C75: =Sites[[#This Row],[SOL'#]] -> SOL-10975 | D75: 304250 | E75: 0 | F75: =IF(AND(ISNUMBER(D75),ISNUMBER(E75)), D75-E75, "") -> 304250 | G75: =IFERROR(F75/E75, "") | H75: 332621.63 | I75: =IF(AND(ISNUMBER(D75),ISNUMBER(H75)), D75-H75, "") -> -28371.63 | J75: =IFERROR(I75/H75, "") -> -0.085297008 | K75: 1. Inverter 1 tripped offline at 9:15AM on 03/05 due to Isolation fault and self resolved resumed production on 03/06. 2. Inverter 1 tripped offline at 4:40PM on 03/16 due to Low voltage fault and self resolved resumed production on 03/17. 3. Inverter 1 tripped offline at 3:20PM on 03/22 due to Insulation fault and later it was back online at 4:55PM after remotely reset by Ingeteam. 4. Site had a brief utility outage between 1:30PM to 2:20PM on 03/27. 5. Inverter 1 did not start on 03/29. On 03/30, the technician cleared the ground fault, but the inverter experienced tripping events throughout the day. It came back online at 9:45 AM on 03/31. | L75: 1. SR097883 2. SR098644 3. SR098891 4. SR099054 5. SR099129 | M75: SR098644 | N75: SR098891 | O75: SR099054 | P75: SR099129
A76: State Highway 17B | B76: NY | C76: =Sites[[#This Row],[SOL'#]] -> SOL-10988 | D76: 720970 | E76: 0 | F76: =IF(AND(ISNUMBER(D76),ISNUMBER(E76)), D76-E76, "") -> 720970 | G76: =IFERROR(F76/E76, "") | H76: 638001.97 | I76: =IF(AND(ISNUMBER(D76),ISNUMBER(H76)), D76-H76, "") -> 82968.03 | J76: =IFERROR(I76/H76, "") -> 0.13004353 | K76: 1. Inverter 4 tripped offline at 9:11AM and self resolved at 9:20AM on 03/14. | L76: 1. SR098570
A77: State Route 14A | B77: NY | C77: =Sites[[#This Row],[SOL'#]] -> SOL-10997 | D77: 738375 | E77: 0 | F77: =IF(AND(ISNUMBER(D77),ISNUMBER(E77)), D77-E77, "") -> 738375 | G77: =IFERROR(F77/E77, "") | H77: 723566.05 | I77: =IF(AND(ISNUMBER(D77),ISNUMBER(H77)), D77-H77, "") -> 14808.95 | J77: =IFERROR(I77/H77, "") -> 0.020466618
A78: West Creek | B78: NY | C78: =Sites[[#This Row],[SOL'#]] -> SOL-10995 | D78: 783200 | E78: 0 | F78: =IF(AND(ISNUMBER(D78),ISNUMBER(E78)), D78-E78, "") -> 783200 | G78: =IFERROR(F78/E78, "") | H78: 745081.94 | I78: =IF(AND(ISNUMBER(D78),ISNUMBER(H78)), D78-H78, "") -> 38118.06 | J78: =IFERROR(I78/H78, "") -> 0.051159554
A79: Wildflower | B79: NY | C79: =Sites[[#This Row],[SOL'#]] -> SOL-10982 | D79: 617179 | E79: 0 | F79: =IF(AND(ISNUMBER(D79),ISNUMBER(E79)), D79-E79, "") -> 617179 | G79: =IFERROR(F79/E79, "") | H79: 744170.26 | I79: =IF(AND(ISNUMBER(D79),ISNUMBER(H79)), D79-H79, "") -> -126991.26 | J79: =IFERROR(I79/H79, "") -> -0.17064813 | K79: 1. Inverter 1 tripped offline at 7:40AM on 03/03 and inverter 2 didn't started for production. On 03/03 technician installed fuses and parts and both inverters production was back at 3:30 PM. 2. Inverters 1 and 2 did not start production on 03/10 due to an insulation fault. On 03/11, inverter 1 self-resolved but went offline again at 11:55 AM, then self-resolved at 5:00 PM, while inverter 2 remained offline. On 03/12, inverter 1 went offline again. On 03/13, the technician replaced fuses for both inverters, restoring them at 2:15 PM. | L79: 1. SR097526 2. SR098462 | M79: SR098462
A80: Glen Mary 1 | B80: NY | C80: =Sites[[#This Row],[SOL'#]] -> SOL-10993 | D80: 788220 | E80: 0 | F80: =IF(AND(ISNUMBER(D80),ISNUMBER(E80)), D80-E80, "") -> 788220 | G80: =IFERROR(F80/E80, "") | H80: 769129.73 | I80: =IF(AND(ISNUMBER(D80),ISNUMBER(H80)), D80-H80, "") -> 19090.27 | J80: =IFERROR(I80/H80, "") -> 0.024820611
A81: Glen Mary 2 | B81: NY | C81: =Sites[[#This Row],[SOL'#]] -> SOL-10994 | D81: 347560 | E81: 0 | F81: =IF(AND(ISNUMBER(D81),ISNUMBER(E81)), D81-E81, "") -> 347560 | G81: =IFERROR(F81/E81, "") | H81: 324262.76 | I81: =IF(AND(ISNUMBER(D81),ISNUMBER(H81)), D81-H81, "") -> 23297.24 | J81: =IFERROR(I81/H81, "") -> 0.071846795
A82: Telegraph 1 | B82: NY | C82: =Sites[[#This Row],[SOL'#]] -> SOL-11003 | D82: 566859 | E82: 0 | F82: =IF(AND(ISNUMBER(D82),ISNUMBER(E82)), D82-E82, "") -> 566859 | G82: =IFERROR(F82/E82, "") | H82: 528951.26 | I82: =IF(AND(ISNUMBER(D82),ISNUMBER(H82)), D82-H82, "") -> 37907.74 | J82: =IFERROR(I82/H82, "") -> 0.071665847 | K82: 1. Site tripped offline from 08:40AM on 03/26 due to utility outage and back online at 1:00PM after utility restores power. 2. Site tripped offline at 03:15pm due to utility outage on 03/16 and back online at 04:25am on 03/17 after utility power restored. | L82: 1. SR098994 2. SR098630 | M82: SR098630
A83: Telegraph 2 | B83: NY | C83: =Sites[[#This Row],[SOL'#]] -> SOL-11004 | D83: 298925 | E83: 0 | F83: =IF(AND(ISNUMBER(D83),ISNUMBER(E83)), D83-E83, "") -> 298925 | G83: =IFERROR(F83/E83, "") | H83: 274538.3 | I83: =IF(AND(ISNUMBER(D83),ISNUMBER(H83)), D83-H83, "") -> 24386.7 | J83: =IFERROR(I83/H83, "") -> 0.088828043 | K83: 1. Site lost communication at 1:40PM on 03/06 and regained at 12:00AM on 03/07. 2. Site tripped offline at 03:15pm due to utility outage on 03/16 and back online at 04:25am on 03/17 after utility power restored. 3. Site tripped offline from 08:40AM on 03/26 due to utility outage and back online at 1:00PM after utility restores power. | L83: 1. SR098222 2. SR098632 3. SR098995 | M83: SR098632 | N83: SR098995
A84: Cafferty Hill | B84: NY | C84: =Sites[[#This Row],[SOL'#]] -> SOL-10996 | D84: 765350 | E84: 0 | F84: =IF(AND(ISNUMBER(D84),ISNUMBER(E84)), D84-E84, "") -> 765350 | G84: =IFERROR(F84/E84, "") | H84: 688149.3 | I84: =IF(AND(ISNUMBER(D84),ISNUMBER(H84)), D84-H84, "") -> 77200.7 | J84: =IFERROR(I84/H84, "") -> 0.11218597 | K84: 1. Inverter 2 was offline between 12:30PM to 1:05PM due to technician was onsite for PM inspection. 2. Site had a brief utility outage between 5:40PM to 6:45PM on 03/18. | L84: 1. PM6987 2. SR098731
A85: Dunkleman | B85: NY | C85: =Sites[[#This Row],[SOL'#]] -> SOL-11008 | D85: 739710 | E85: 0 | F85: =IF(AND(ISNUMBER(D85),ISNUMBER(E85)), D85-E85, "") -> 739710 | G85: =IFERROR(F85/E85, "") | H85: 879842.6 | I85: =IF(AND(ISNUMBER(D85),ISNUMBER(H85)), D85-H85, "") -> -140132.6 | J85: =IFERROR(I85/H85, "") -> -0.15927008 | K85: 1. 13 trackers are stuck, with 1 tracker having no communication. 11 trackers are disabled due to no movement, likely caused by snow, and 1 is in e-stop. Investigation needed. 2. Meter and relay voltages stopped communicating at 2:00 AM, and inverter voltages dropped to zero at 12:10 AM on 03/11, reporting a "SMOKE DETECTOR FAULT." On 03/12, the technician found the recloser in the open position and closed it. The site came back online at 4:40 PM | L85: 1. SR095109 2. SR098366 | M85: SR098366
A86: Route 19 1 | B86: NY | C86: =Sites[[#This Row],[SOL'#]] -> SOL-11001 | D86: 346210 | E86: 0 | F86: =IF(AND(ISNUMBER(D86),ISNUMBER(E86)), D86-E86, "") -> 346210 | G86: =IFERROR(F86/E86, "") | H86: 349283.18 | I86: =IF(AND(ISNUMBER(D86),ISNUMBER(H86)), D86-H86, "") -> -3073.18 | J86: =IFERROR(I86/H86, "") -> -0.0087985342 | K86: 1. Site lost communication at 3:05PM possibly offline on 03/16. The site back online at 10:30AM on 03/17. 2. Site lost communication at 8:30AM possibly offline on 03/26. The site back online at 1:05PM after utility restores power. | L86: 1. SR098629 2. SR098996 | M86: SR098996
A87: Route 19 2 | B87: NY | C87: =Sites[[#This Row],[SOL'#]] -> SOL-11002 | D87: 835500 | E87: 0 | F87: =IF(AND(ISNUMBER(D87),ISNUMBER(E87)), D87-E87, "") -> 835500 | G87: =IFERROR(F87/E87, "") | H87: 874096.22 | I87: =IF(AND(ISNUMBER(D87),ISNUMBER(H87)), D87-H87, "") -> -38596.22 | J87: =IFERROR(I87/H87, "") -> -0.044155574 | K87: 1. Site tripped offline at 3:15PM on 03/16 due to utility outage and back online at 10:25AM after utility restores power. 2. Site tripped offline at 8:30AM due to utility outage and back online at 1:05PM on 03/26. | L87: 1. SR098631 2. SR098997 | M87: SR098997
A88: Yellow Mills 1 | B88: NY | C88: =Sites[[#This Row],[SOL'#]] -> SOL-11006 | D88: 173566 | E88: 0 | F88: =IF(AND(ISNUMBER(D88),ISNUMBER(E88)), D88-E88, "") -> 173566 | G88: =IFERROR(F88/E88, "") | H88: 290227.42 | I88: =IF(AND(ISNUMBER(D88),ISNUMBER(H88)), D88-H88, "") -> -116661.42 | J88: =IFERROR(I88/H88, "") -> -0.40196553 | K88: 1. Site was offline since 01/29, on 03/06 technician installed new PT board and site back online at 4:05PM. 2. Site was offline on 03/07, and back online at 6:25PM on 03/11 after technician troubleshooted. 3. Site tripped offline at 3:50AM and restored at 5:05PM on 03/16. On 03/17 technician found site was online an producing but no communication. After a powercycle communications were restored at 6:25AM. | L88: 1. SR097854 2. SR098349 3. SR098635 | M88: SR098349 | N88: SR098635
A89: Yellow Mills 2 | B89: NY | C89: =Sites[[#This Row],[SOL'#]] -> SOL-11005 | D89: 307599 | E89: 0 | F89: =IF(AND(ISNUMBER(D89),ISNUMBER(E89)), D89-E89, "") -> 307599 | G89: =IFERROR(F89/E89, "") | H89: 300328.5 | I89: =IF(AND(ISNUMBER(D89),ISNUMBER(H89)), D89-H89, "") -> 7270.5 | J89: =IFERROR(I89/H89, "") -> 0.024208492 | K89: 1. Site tripped offline at 3:50PM and restored at 5:05PM on 03/16. On 03/17 technician found site was online an producing but no communication. After a powercycle communications were restored at 6:25AM. | L89: 1. SR098636
A90: Yellow Mills 3 | B90: NY | C90: =Sites[[#This Row],[SOL'#]] -> SOL-11007 | D90: 280998 | E90: 0 | F90: =IF(AND(ISNUMBER(D90),ISNUMBER(E90)), D90-E90, "") -> 280998 | G90: =IFERROR(F90/E90, "") | H90: 278412.03 | I90: =IF(AND(ISNUMBER(D90),ISNUMBER(H90)), D90-H90, "") -> 2585.97 | J90: =IFERROR(I90/H90, "") -> 0.009288284 | K90: 1. On 03/03, the site was offline from 11:10 AM to 3:40 PM as the technician was onsite replacing PL and PD boards for the inverter. 2. Site tripped offline at 3:50PM and restored at 5:05PM on 03/16. On 03/17 technician found site was online an producing but no communication. After a powercycle communications were restored at 6:25AM. | L90: 1. SR097829 2. SR098637 | M90: SR098637
A91: Catskill | B91: NY | C91: =Sites[[#This Row],[SOL'#]] -> SOL-11021 | D91: 521640 | E91: 0 | F91: =IF(AND(ISNUMBER(D91),ISNUMBER(E91)), D91-E91, "") -> 521640 | G91: =IFERROR(F91/E91, "") | H91: 536089.1 | I91: =IF(AND(ISNUMBER(D91),ISNUMBER(H91)), D91-H91, "") -> -14449.1 | J91: =IFERROR(I91/H91, "") -> -0.026952796 | K91: 1. Site was tripped offline at 17:55 on 03/16 due to MV switchgear door open and the latch bent the technician corrected the bent latch and closed the site back in at 09:40am on 03/19. 2. The site was taken offline on 03/21 at 01:45 AM. Later, a technician found that the MV switch had tripped open. The technician closed the switch, and the site was re-energized at 16:31 on 03/21. | L91: 1. SR098643 2. SR098841 | M91: SR098841
A92: Eddy Ridge | B92: NY | C92: =Sites[[#This Row],[SOL'#]] -> SOL-11054 | D92: 378194.1 | E92: 0 | F92: =IF(AND(ISNUMBER(D92),ISNUMBER(E92)), D92-E92, "") -> 378194.1 | G92: =IFERROR(F92/E92, "") | H92: 410935 | I92: =IF(AND(ISNUMBER(D92),ISNUMBER(H92)), D92-H92, "") -> -32740.9 | J92: =IFERROR(I92/H92, "") -> -0.079674158
A93: Ridgeway #1 | B93: NY | C93: =Sites[[#This Row],[SOL'#]] -> SOL-11018 | D93: 822442 | E93: 0 | F93: =IF(AND(ISNUMBER(D93),ISNUMBER(E93)), D93-E93, "") -> 822442 | G93: =IFERROR(F93/E93, "") | H93: 876074.3 | I93: =IF(AND(ISNUMBER(D93),ISNUMBER(H93)), D93-H93, "") -> -53632.3 | J93: =IFERROR(I93/H93, "") -> -0.061218894
A94: Rivard 1 | B94: NY | C94: =Sites[[#This Row],[SOL'#]] -> SOL-11011 | D94: 621057 | E94: 665956.3 | F94: =IF(AND(ISNUMBER(D94),ISNUMBER(E94)), D94-E94, "") -> -44899.3 | G94: =IFERROR(F94/E94, "") -> -0.06742079 | H94: 649817.4 | I94: =IF(AND(ISNUMBER(D94),ISNUMBER(H94)), D94-H94, "") -> -28760.4 | J94: =IFERROR(I94/H94, "") -> -0.044259203 | K94: 1. Site was tripped offline at 11:15 on 03/24 , Upon tech arrival on same day stated that recloser was open and was able to close the recloser by target reset and brought back online at 18:00 on 03/24 | L94: 1.SR098930
A95: Rivard 2 | B95: NY | C95: =Sites[[#This Row],[SOL'#]] -> SOL-11012 | D95: 630307.91 | E95: 622072.8 | F95: =IF(AND(ISNUMBER(D95),ISNUMBER(E95)), D95-E95, "") -> 8235.1104 | G95: =IFERROR(F95/E95, "") -> 0.013238178 | H95: 625090.8 | I95: =IF(AND(ISNUMBER(D95),ISNUMBER(H95)), D95-H95, "") -> 5217.1104 | J95: =IFERROR(I95/H95, "") -> 0.0083461642 | K95: 1.Tracker control 33 - 90, 129 - 136, 148 , 20-32, 123-128, 172-183 are not communicating & tracker 156 , 121 is stuck and production dropped (approxmately ) 25 KW down. | L95: 1.SR095073
A96: Ridgeway #2 | B96: NY | C96: =Sites[[#This Row],[SOL'#]] -> SOL-11027 | D96: 377170 | E96: 0 | F96: =IF(AND(ISNUMBER(D96),ISNUMBER(E96)), D96-E96, "") -> 377170 | G96: =IFERROR(F96/E96, "") | H96: 447116.81 | I96: =IF(AND(ISNUMBER(D96),ISNUMBER(H96)), D96-H96, "") -> -69946.81 | J96: =IFERROR(I96/H96, "") -> -0.15643968 | K96: 1.12 trackers are stuck: 13, 20, 25, 52, 54, 56, 59, 70, 72, 76, 85, and 88. EV Solar troubleshot the trackers and confirmed they are operating as expected since 03/24 | L96: 1.SR097436 , SR097751 | M96: SR097751
A97: Spencer | B97: NY | C97: =Sites[[#This Row],[SOL'#]] -> SOL-11017 | D97: 806445 | E97: 0 | F97: =IF(AND(ISNUMBER(D97),ISNUMBER(E97)), D97-E97, "") -> 806445 | G97: =IFERROR(F97/E97, "") | H97: 821870 | I97: =IF(AND(ISNUMBER(D97),ISNUMBER(H97)), D97-H97, "") -> -15425 | J97: =IFERROR(I97/H97, "") -> -0.018768175 | K97: 1. Trackers 141 and 147 have resolved, but 138 still struck. GenC says to hold on dispatch 2.Inverter 2 tripped offline at 12:50 on 03/12 with no alarm codes. Technician troubleshot Inverter 2, and it came back online at 12:35 on 03/13. | L97: 1.SR095821 2.SR098459 | M97: SR098459
A98: Reisender | B98: NY | C98: =Sites[[#This Row],[SOL'#]] -> SOL-10886 | D98: 306480 | E98: 313723.49 | F98: =IF(AND(ISNUMBER(D98),ISNUMBER(E98)), D98-E98, "") -> -7243.489 | G98: =IFERROR(F98/E98, "") -> -0.023088768 | H98: 317126.86 | I98: =IF(AND(ISNUMBER(D98),ISNUMBER(H98)), D98-H98, "") -> -10646.86 | J98: =IFERROR(I98/H98, "") -> -0.033572874
A99: Finney | B99: NY | C99: =Sites[[#This Row],[SOL'#]] -> SOL-10999 | D99: 746680 | E99: 0 | F99: =IF(AND(ISNUMBER(D99),ISNUMBER(E99)), D99-E99, "") -> 746680 | G99: =IFERROR(F99/E99, "") | H99: 907159.04 | I99: =IF(AND(ISNUMBER(D99),ISNUMBER(H99)), D99-H99, "") -> -160479.04 | J99: =IFERROR(I99/H99, "") -> -0.17690287 | K99: 1. All trackers are stuck and are reporting an encoder feedback error. On 03/27 technician installing the down drive shafts and calibrating the motors, all trackers are tracking from 03/27 2.Site was taken offline from 08:25 to 09:16 on 03/14 by USNE due to transformer work. | L99: 1.SR098259 2. SR098259 | M99: SR098259
A100: Davis Solar | B100: NY | C100: =Sites[[#This Row],[SOL'#]] -> SOL-10958 | D100: 313814 | E100: 348972.2 | F100: =IF(AND(ISNUMBER(D100),ISNUMBER(E100)), D100-E100, "") -> -35158.2 | G100: =IFERROR(F100/E100, "") -> -0.10074785 | H100: 368855 | I100: =IF(AND(ISNUMBER(D100),ISNUMBER(H100)), D100-H100, "") -> -55041 | J100: =IFERROR(I100/H100, "") -> -0.14922124 | K100: 1.Inverter offline on 03/15 from 07:00 to 11:00. Inverter is back online by remote reset. Inverter tripped offline on 03/16 at 13:30. After remote reset inverter back online on 03/17. Inverter tripped offline at 15:15 on 03/18 and reporting "STOP".After remote reset inverter back online at 18:15 on same day. Inverter tripped offline at 17:00 on 03/20 and reporting "Stop'.Inverter back online on 03/21 Inverter tripped offline from 13:00 to 14:15 on 03/22 and reporting "STOP". After remote reset inverter back online on same day Inverter tripped offline at 17:30 and reporting "STOP" on 03/23. After remote reset inverter back online on 03/24 Inverter offline from 14:15 to 15:00 on 03/25. After remote reset inverter back online same day Inverter tripped offline from 10:45 to 11:45 03/26. After remote reset back online on same day | L100: 1. SR098612
...

Sheet Apr
A1: {=portfolio} -> Generate Capital | E1: April Actual v. Expected | H1: April Actual v. Forecasted
A2: Total | D2: =SUM(D4:D118) -> 30893478 | E2: =SUM(E4:E118) -> 10291123 | F2: =D2-E2 -> 20602355 | G2: =IFERROR(F2/E2, 0) -> 2.001954 | H2: =SUM(H4:H118) -> 37349150 | I2: =D2-H2 -> -6455671.7 | J2: =IFERROR(I2/H2, 0) -> -0.17284655 | K2: =IF(AND(TODAY()>DATE(2024, 4, 1), COUNTA(Sites[Site])<>(COUNT(D:D)-1)), "Some sites are missing actual data; if new sites were added, make sure they are aligned correctly (including prior months!)", "") -> Some sites are missing actual data; if new sites were added, make sure they are aligned correctly (including prior months!)
A3: Site | B3: State | C3: SOL# | D3: Actual | E3: Expected | F3: Delta | G3: % | H3: Forecasted | I3: Delta | J3: % | K3: Notes | L3: Service Requests
A4: {=Sites[Site]} -> K026 | B4: {=Sites[State]} -> NY | C4: =Sites[[#This Row],[SOL'#]] -> SOL-10356 | D4: 26899.125 | E4: 34350.14 | F4: =IF(AND(ISNUMBER(D4),ISNUMBER(E4)), D4-E4, "") -> -7451.015 | G4: =IFERROR(F4/E4, "") -> -0.21691367 | H4: 33051.22 | I4: =IF(AND(ISNUMBER(D4),ISNUMBER(H4)), D4-H4, "") -> -6152.095 | J4: =IFERROR(I4/H4, "") -> -0.18613821 | K4: 1. Site production was low on 04/07 , 04/11 , 04/12 due to rain
A5: K041 | B5: NY | C5: =Sites[[#This Row],[SOL'#]] -> SOL-10357 | D5: 24174.125 | E5: 27175.15 | F5: =IF(AND(ISNUMBER(D5),ISNUMBER(E5)), D5-E5, "") -> -3001.025 | G5: =IFERROR(F5/E5, "") -> -0.11043269 | H5: 26573 | I5: =IF(AND(ISNUMBER(D5),ISNUMBER(H5)), D5-H5, "") -> -2398.875 | J5: =IFERROR(I5/H5, "") -> -0.090274903 | K5: 1. Site production was low on 04/07 , 04/11 , 04/12 due to rain
A6: K043 | B6: NY | C6: =Sites[[#This Row],[SOL'#]] -> SOL-10358 | D6: 30214.188 | E6: 30097.14 | F6: =IF(AND(ISNUMBER(D6),ISNUMBER(E6)), D6-E6, "") -> 117.0475 | G6: =IFERROR(F6/E6, "") -> 0.0038889908 | H6: 5845 | I6: =IF(AND(ISNUMBER(D6),ISNUMBER(H6)), D6-H6, "") -> 24369.188 | J6: =IFERROR(I6/H6, "") -> 4.1692365 | K6: 1.Estimated values are low in AE we have also verified the file which was given GC
A7: K058 | B7: NY | C7: =Sites[[#This Row],[SOL'#]] -> SOL-10360 | D7: 0 | E7: 0 | F7: =IF(AND(ISNUMBER(D7),ISNUMBER(E7)), D7-E7, "") -> 0 | G7: =IFERROR(F7/E7, "") | H7: 0 | I7: =IF(AND(ISNUMBER(D7),ISNUMBER(H7)), D7-H7, "") -> 0 | J7: =IFERROR(I7/H7, "") | K7: 1.Site was offline from 02/21 due to Phase C fuse was blown and parts were needed. | L7: 1.SR097569
A8: K115 | B8: NY | C8: =Sites[[#This Row],[SOL'#]] -> SOL-10361 | D8: 6317.3125 | E8: 10208.2 | F8: =IF(AND(ISNUMBER(D8),ISNUMBER(E8)), D8-E8, "") -> -3890.8875 | G8: =IFERROR(F8/E8, "") -> -0.38115314 | H8: 15164.8 | I8: =IF(AND(ISNUMBER(D8),ISNUMBER(H8)), D8-H8, "") -> -8847.4875 | J8: =IFERROR(I8/H8, "") -> -0.58342263 | K8: 1.96 optimizers were down for site construction. | L8: 1.SR093291
A9: K152 | B9: NY | C9: =Sites[[#This Row],[SOL'#]] -> SOL-10362 | D9: 8946.0312 | E9: 9193.901 | F9: =IF(AND(ISNUMBER(D9),ISNUMBER(E9)), D9-E9, "") -> -247.86975 | G9: =IFERROR(F9/E9, "") -> -0.026960237 | H9: 9488 | I9: =IF(AND(ISNUMBER(D9),ISNUMBER(H9)), D9-H9, "") -> -541.96875 | J9: =IFERROR(I9/H9, "") -> -0.057121496
A10: K166 | B10: NY | C10: =Sites[[#This Row],[SOL'#]] -> SOL-10363 | D10: 32963.625 | E10: 35000.76 | F10: =IF(AND(ISNUMBER(D10),ISNUMBER(E10)), D10-E10, "") -> -2037.135 | G10: =IFERROR(F10/E10, "") -> -0.058202593 | H10: 34655.66 | I10: =IF(AND(ISNUMBER(D10),ISNUMBER(H10)), D10-H10, "") -> -1692.035 | J10: =IFERROR(I10/H10, "") -> -0.048824204
A11: K206 | B11: NY | C11: =Sites[[#This Row],[SOL'#]] -> SOL-10927 | D11: 19081.797 | E11: 18878.37 | F11: =IF(AND(ISNUMBER(D11),ISNUMBER(E11)), D11-E11, "") -> 203.42688 | G11: =IFERROR(F11/E11, "") -> 0.010775659 | H11: 19705 | I11: =IF(AND(ISNUMBER(D11),ISNUMBER(H11)), D11-H11, "") -> -623.20312 | J11: =IFERROR(I11/H11, "") -> -0.031626649
A12: K251 | B12: NY | C12: =Sites[[#This Row],[SOL'#]] -> SOL-10365 | D12: 20736.188 | E12: 0 | F12: =IF(AND(ISNUMBER(D12),ISNUMBER(E12)), D12-E12, "") -> 20736.188 | G12: =IFERROR(F12/E12, "") | H12: 21903.15 | I12: =IF(AND(ISNUMBER(D12),ISNUMBER(H12)), D12-H12, "") -> -1166.9625 | J12: =IFERROR(I12/H12, "") -> -0.053278296 | K12: 1.Weather station stopped communicating since 11/22/24 | L12: 1.SR093633
A13: K269 | B13: NY | C13: =Sites[[#This Row],[SOL'#]] -> SOL-10366 | D13: 19317.125 | E13: 22321.96 | F13: =IF(AND(ISNUMBER(D13),ISNUMBER(E13)), D13-E13, "") -> -3004.835 | G13: =IFERROR(F13/E13, "") -> -0.1346134 | H13: 20834.2 | I13: =IF(AND(ISNUMBER(D13),ISNUMBER(H13)), D13-H13, "") -> -1517.075 | J13: =IFERROR(I13/H13, "") -> -0.072816571 | K13: 1. Site production was low on 04/07 , 04/11 , 04/12 due to rain
A14: K273 | B14: NY | C14: =Sites[[#This Row],[SOL'#]] -> SOL-10367 | D14: 20828.125 | E14: 0 | F14: =IF(AND(ISNUMBER(D14),ISNUMBER(E14)), D14-E14, "") -> 20828.125 | G14: =IFERROR(F14/E14, "") | H14: 26398 | I14: =IF(AND(ISNUMBER(D14),ISNUMBER(H14)), D14-H14, "") -> -5569.875 | J14: =IFERROR(I14/H14, "") -> -0.2109961 | K14: 1.Weather station stopped communicating since 06/14/24 2.26 optimizers are down for roof repair 3.Inverter-2 left unit was offline from 04/12 reporting "DC Isolation" fault and was back online at 15:15 on 04/16,again was offline on 04/26 and back online at 07:00 on 04/28 | L14: 1.SR086842 2.SR093294 3.SR098958 | M14: SR093294 | N14: SR098958
A15: K287 | B15: NY | C15: =Sites[[#This Row],[SOL'#]] -> SOL-10919 | D15: 16925.281 | E15: 14857.87 | F15: =IF(AND(ISNUMBER(D15),ISNUMBER(E15)), D15-E15, "") -> 2067.4112 | G15: =IFERROR(F15/E15, "") -> 0.13914587 | H15: 18269 | I15: =IF(AND(ISNUMBER(D15),ISNUMBER(H15)), D15-H15, "") -> -1343.7188 | J15: =IFERROR(I15/H15, "") -> -0.07355185
A16: K298 | B16: NY | C16: =Sites[[#This Row],[SOL'#]] -> SOL-10368 | D16: 18291.094 | E16: 19537.97 | F16: =IF(AND(ISNUMBER(D16),ISNUMBER(E16)), D16-E16, "") -> -1246.8763 | G16: =IFERROR(F16/E16, "") -> -0.063818106 | H16: 20871 | I16: =IF(AND(ISNUMBER(D16),ISNUMBER(H16)), D16-H16, "") -> -2579.9062 | J16: =IFERROR(I16/H16, "") -> -0.12361201 | K16: 1.Inverter-2 tripped offline at 13:45 on 04/15 and was back online at 15:30 on 04/15 | L16: 1.SR099824
A17: K335 | B17: NY | C17: =Sites[[#This Row],[SOL'#]] -> SOL-10370 | D17: 19606.188 | E17: 21354.86 | F17: =IF(AND(ISNUMBER(D17),ISNUMBER(E17)), D17-E17, "") -> -1748.6725 | G17: =IFERROR(F17/E17, "") -> -0.081886395 | H17: 21969 | I17: =IF(AND(ISNUMBER(D17),ISNUMBER(H17)), D17-H17, "") -> -2362.8125 | J17: =IFERROR(I17/H17, "") -> -0.10755212 | K17: 1. Site production was low on 04/07 , 04/11 , 04/12 due to rain
A18: K345 | B18: NY | C18: =Sites[[#This Row],[SOL'#]] -> SOL-10920 | D18: 22556.406 | E18: 13563.33 | F18: =IF(AND(ISNUMBER(D18),ISNUMBER(E18)), D18-E18, "") -> 8993.0763 | G18: =IFERROR(F18/E18, "") -> 0.66304339 | H18: 24273 | I18: =IF(AND(ISNUMBER(D18),ISNUMBER(H18)), D18-H18, "") -> -1716.5938 | J18: =IFERROR(I18/H18, "") -> -0.070720296 | K18: 1.Site production was low on 04/07 , 04/11 , 04/12 due to rain
A19: K445 | B19: NY | C19: =Sites[[#This Row],[SOL'#]] -> SOL-10373 | D19: 18283.438 | E19: 19900.89 | F19: =IF(AND(ISNUMBER(D19),ISNUMBER(E19)), D19-E19, "") -> -1617.4525 | G19: =IFERROR(F19/E19, "") -> -0.081275385 | H19: 19373.38 | I19: =IF(AND(ISNUMBER(D19),ISNUMBER(H19)), D19-H19, "") -> -1089.9425 | J19: =IFERROR(I19/H19, "") -> -0.056259801
