Workbook
Name JanActual: #REF!
Name JanActual2: #REF!
Name JanExpected: #REF!
Name JanExpectedDelta: #REF!
Name JanExpectedPercent: #REF!
Name JanExpPercent: #REF!
Name JanForecasted: #REF!
Name JanForecastedDelta: #REF!
Name JanForecastedPercent: #REF!
Name portfolio: Sites!$B$1:$B$1
Name Year: Sites!#REF!

Sheet 1st Qtr
A1: {=portfolio} -> Mahopac Central School District | D1: 1st Quarter Actual v. Expected | G1: 1st Quarter Actual v. Forecasted
A2: Total | C2: =SUM(C4:C84) -> 0 | D2: =SUM(D4:D84) -> 0 | E2: =C2-D2 -> 0 | F2: =IFERROR(E2/D2, 0) -> 0 | G2: =SUM(G4:G84) -> 0 | H2: =C2-G2 -> 0 | I2: =IFERROR(H2/G2, 0) -> 0
A3: Site | B3: State | C3: Actual | D3: Expected | E3: Delta | F3: % | G3: Forecasted | H3: Delta | I3: %
A4: {=Sites[Site]} -> Mahopac - Austin Road ES | B4: {=Sites[State]} -> NY | D4: =SUM(Jan!D4, Feb!D4, Mar!D4) -> 0 | E4: =IF(AND(ISNUMBER(C4),ISNUMBER(D4)), C4-D4, "") | F4: =IFERROR(E4/D4,"") | H4: =SUM(Jan!H4, Feb!H4, Mar!H4) -> 0 | I4: =IFERROR(H4/G4, 0) -> 0
A5: Mahopcac - Lakeview ES | B5: NY | E5: =IF(AND(ISNUMBER(C5),ISNUMBER(D5)), C5-D5, "") | F5: =IFERROR(E5/D5, "") | H5: =SUM(Jan!H5, Feb!H5, Mar!H5) -> 0 | I5: =IFERROR(H5/G5, 0) -> 0

Sheet Year to Date
A1: {=portfolio} -> Mahopac Central School District | D1: Year to Date Actual v. Expected | G1: Year to Date Actual v. Forecasted
A2: Total | C2: =SUM(C4:C84) -> 0 | D2: =SUM(D4:D84) -> 0 | E2: =C2-D2 -> 0 | F2: =IFERROR(E2/D2, 0) -> 0 | G2: =SUM(G4:G84) -> 0 | H2: =C2-G2 -> 0 | I2: =IFERROR(H2/G2, 0) -> 0
A3: Site | B3: State | C3: Actual | D3: Expected | E3: Delta | F3: % | G3: Forecasted | H3: Delta | I3: %
A4: {=Sites[Site]} -> Mahopac - Austin Road ES | B4: {=Sites[State]} -> NY | E4: =IF(AND(ISNUMBER(C4),ISNUMBER(D4)), C4-D4, "") | F4: =IFERROR(E4/D4, 0) -> 0 | H4: =SUM('1st Qtr'!H4, '2nd Qtr'!H4, '3rd Qtr'!H4, '4th Qtr'!H4) -> 0 | I4: =IFERROR(H4/G4, 0) -> 0
A5: Mahopcac - Lakeview ES | B5: NY | E5: =IF(AND(ISNUMBER(C5),ISNUMBER(D5)), C5-D5, "") | F5: =IFERROR(E5/D5, 0) -> 0 | H5: =SUM(Jan!H5, Feb!H5, Mar!H5) -> 0 | I5: =IFERROR(H5/G5, 0) -> 0

Sheet 2nd Qtr
A1: {=portfolio} -> Mahopac Central School District | D1: 2nd Quarter Actual v. Expected | G1: 2nd Quarter Actual v. Forecasted
A2: Total | C2: =SUM(C4:C84) -> 45497.5 | D2: =SUM(D4:D84) -> 0 | E2: =C2-D2 -> 45497.5 | F2: =IFERROR(E2/D2, 0) -> 0 | G2: =SUM(G4:G84) -> 0 | H2: =C2-G2 -> 45497.5 | I2: =IFERROR(H2/G2, 0) -> 0
A3: Site | B3: State | C3: Actual | D3: Expected | E3: Delta | F3: % | G3: Forecasted | H3: Delta | I3: %
A4: {=Sites[Site]} -> Mahopac - Austin Road ES | B4: {=Sites[State]} -> NY | C4: =SUM(Apr!C4, May!C4, Jun!C4) -> 45497.5 | E4: =IF(AND(ISNUMBER(C4),ISNUMBER(D4)), C4-D4, "") | F4: =IFERROR(E4/D4, "") | H4: =SUM(Apr!H4, May!H4, Jun!H4) -> 0 | I4: =IFERROR(H4/G4, "")
A5: Mahopcac - Lakeview ES | B5: NY | C5: =SUM(Apr!C5, May!C5, Jun!C5) -> 0 | E5: =IF(AND(ISNUMBER(C5),ISNUMBER(D5)), C5-D5, "") | F5: =IFERROR(E5/D5, "") | H5: =SUM(Apr!H5, May!H5, Jun!H5) -> 0 | I5: =IFERROR(H5/G5, "")

Sheet 3rd Qtr
A1: {=portfolio} -> Mahopac Central School District | D1: 3rd Quarter Actual v. Expected | G1: 3rd Quarter Actual v. Forecasted
A2: Total | C2: =SUM(C4:C84) -> 156517.84 | D2: =SUM(D4:D84) -> 0 | E2: =C2-D2 -> 156517.84 | F2: =IFERROR(E2/D2, 0) -> 0 | G2: =SUM(G4:G84) -> 0 | H2: =C2-G2 -> 156517.84 | I2: =IFERROR(H2/G2, 0) -> 0
A3: Site | B3: State | C3: Actual | D3: Expected | E3: Delta | F3: % | G3: Forecasted | H3: Delta | I3: %
A4: {=Sites[Site]} -> Mahopac - Austin Road ES | B4: {=Sites[State]} -> NY | C4: =SUM(Jul!C4, Aug!C4, Sep!C4) -> 156517.84 | E4: =IF(AND(ISNUMBER(C4),ISNUMBER(D4)), C4-D4, "") | F4: =IFERROR(E4/D4, "") | H4: =SUM(Jul!H4, Aug!H4, Sep!H4) -> 0 | I4: =IFERROR(H4/G4, "")
A5: Mahopcac - Lakeview ES | B5: NY | C5: =SUM(Jul!C5, Aug!C5, Sep!C5) -> 0 | E5: =IF(AND(ISNUMBER(C5),ISNUMBER(D5)), C5-D5, "") | F5: =IFERROR(E5/D5, "") | H5: =SUM(Jul!H5, Aug!H5, Sep!H5) -> 0 | I5: =IFERROR(H5/G5, "")

Sheet 4th Qtr
A1: {=portfolio} -> Mahopac Central School District | D1: 4th Quarter Actual v. Expected | G1: 4th Quarter Actual v. Forecasted
A2: Total | C2: =SUM(C4:C84) -> 68776.93 | D2: =SUM(D4:D84) -> 0 | E2: =C2-D2 -> 68776.93 | F2: =IFERROR(E2/D2, 0) -> 0 | G2: =SUM(G4:G84) -> 0 | H2: =C2-G2 -> 68776.93 | I2: =IFERROR(H2/G2, 0) -> 0
A3: Site | B3: State | C3: Actual | D3: Expected | E3: Delta | F3: % | G3: Forecasted | H3: Delta | I3: %
A4: {=Sites[Site]} -> Mahopac - Austin Road ES | B4: {=Sites[State]} -> NY | C4: =SUM(Oct!C4, Nov!C4, Dec!C4) -> 60956.5 | E4: =IF(AND(ISNUMBER(C4),ISNUMBER(D4)), C4-D4, "") | F4: =IFERROR(E4/D4, "") | H4: =SUM(Oct!H4, Nov!H4, Dec!H4) -> 0 | I4: =IFERROR(H4/G4, "")
A5: Mahopcac - Lakeview ES | B5: NY | C5: =SUM(Oct!C5, Nov!C5, Dec!C5) -> 7820.43 | E5: =IF(AND(ISNUMBER(C5),ISNUMBER(D5)), C5-D5, "") | F5: =IFERROR(E5/D5, "") | H5: =SUM(Oct!H5, Nov!H5, Dec!H5) -> 0 | I5: =IFERROR(H5/G5, "")

Sheet Jan
A1: {=portfolio} -> Mahopac Central School District | D1: January Actual v. Expected | G1: January Actual v. Forecasted
A2: Total | C2: =SUM(C4:C83) -> 0 | D2: =SUM(D4:D83) -> 0 | E2: =C2-D2 -> 0 | F2: =IFERROR(E2/D2, 0) -> 0 | G2: =SUM(G4:G83) -> 0 | H2: =C2-G2 -> 0 | I2: =IFERROR(H2/G2, 0) -> 0 | J2: =IF(AND(TODAY()>DATE(2024, 1, 1), COUNTA(Sites[Site])<>(COUNT(C:C)-1)), "Some sites are missing actual data; if new sites were added, make sure they are aligned correctly (including prior months!)", "") -> Some sites are missing actual data; if new sites were added, make sure they are aligned correctly (including prior months!)
A3: Site | B3: State | C3: Actual | D3: Expected | E3: Delta | F3: % | G3: Forecasted | H3: Delta | I3: % | J3: Notes | K3: Service Requests
A4: {=Sites[Site]} -> Mahopac - Austin Road ES | B4: {=Sites[State]} -> NY | E4: =IF(AND(ISNUMBER(C4),ISNUMBER(D4)), C4-D4, "") | F4: =IFERROR(E4/D4, 0) -> 0 | H4: =IF(AND(ISNUMBER(C4),ISNUMBER(G4)), C4-G4, "") | I4: =IFERROR(H4/G4,"")
A5: Mahopcac - Lakeview ES | B5: NY | E5: =IF(AND(ISNUMBER(C5),ISNUMBER(D5)), C5-D5, "") | F5: =IFERROR(E5/D5, "") | H5: =IF(AND(ISNUMBER(C5),ISNUMBER(G5)), C5-G5, "") | I5: =IFERROR(H5/G5,"")

Sheet Feb
A1: {=portfolio} -> Mahopac Central School District | D1: February Actual v. Expected | G1: February Actual v. Forecasted
A2: Total | C2: =SUM(C4:C84) -> 0 | D2: =SUM(D4:D84) -> 0 | E2: =C2-D2 -> 0 | F2: =IFERROR(E2/D2, 0) -> 0 | G2: =SUM(G4:G84) -> 0 | H2: =C2-G2 -> 0 | I2: =IFERROR(H2/G2, 0) -> 0 | J2: =IF(AND(TODAY()>DATE(2024, 2, 1), COUNTA(Sites[Site])<>(COUNT(C:C)-1)), "Some sites are missing actual data; if new sites were added, make sure they are aligned correctly (including prior months!)", "") -> Some sites are missing actual data; if new sites were added, make sure they are aligned correctly (including prior months!)
A3: Site | B3: State | C3: Actual | D3: Expected | E3: Delta | F3: % | G3: Forecasted | H3: Delta | I3: % | J3: Notes | K3: Service Requests
A4: {=Sites[Site]} -> Mahopac - Austin Road ES | B4: {=Sites[State]} -> NY | E4: =IF(AND(ISNUMBER(C4),ISNUMBER(D4)), C4-D4, "") | F4: =IFERROR(E4/D4, "") | H4: =IF(AND(ISNUMBER(C4),ISNUMBER(G4)), C4-G4, "") | I4: =IFERROR(H4/G4,"")
A5: Mahopcac - Lakeview ES | B5: NY | E5: =IF(AND(ISNUMBER(C5),ISNUMBER(D5)), C5-D5, "") | F5: =IFERROR(E5/D5, "") | H5: =IF(AND(ISNUMBER(C5),ISNUMBER(G5)), C5-G5, "") | I5: =IFERROR(H5/G5,"")

Sheet Mar
A1: {=portfolio} -> Mahopac Central School District | D1: March Actual v. Expected | G1: March Actual v. Forecasted
A2: Total | C2: =SUM(C4:C84) -> 0 | D2: =SUM(D4:D84) -> 0 | E2: =C2-D2 -> 0 | F2: =IFERROR(E2/D2, 0) -> 0 | G2: =SUM(G4:G84) -> 0 | H2: =C2-G2 -> 0 | I2: =IFERROR(H2/G2, 0) -> 0 | J2: =IF(AND(TODAY()>DATE(2024, 3, 1), COUNTA(Sites[Site])<>(COUNT(C:C)-1)), "Some sites are missing actual data; if new sites were added, make sure they are aligned correctly (including prior months!)", "") -> Some sites are missing actual data; if new sites were added, make sure they are aligned correctly (including prior months!)
A3: Site | B3: State | C3: Actual | D3: Expected | E3: Delta | F3: % | G3: Forecasted | H3: Delta | I3: % | J3: Notes | K3: Service Requests
A4: {=Sites[Site]} -> Mahopac - Austin Road ES | B4: {=Sites[State]} -> NY | E4: =IF(AND(ISNUMBER(C4),ISNUMBER(D4)), C4-D4, "") | F4: =IFERROR(E4/D4, "") | H4: =IF(AND(ISNUMBER(C4),ISNUMBER(G4)), C4-G4, "") | I4: =IFERROR(H4/G4,"")
A5: Mahopcac - Lakeview ES | B5: NY | E5: =IF(AND(ISNUMBER(C5),ISNUMBER(D5)), C5-D5, "") | F5: =IFERROR(E5/D5, "") | H5: =IF(AND(ISNUMBER(C5),ISNUMBER(G5)), C5-G5, "") | I5: =IFERROR(H5/G5,"")

Sheet Apr
A1: {=portfolio} -> Mahopac Central School District | D1: April Actual v. Expected | G1: April Actual v. Forecasted
A2: Total | C2: =SUM(C4:C85) -> 0 | D2: =SUM(D4:D85) -> 0 | E2: =C2-D2 -> 0 | F2: =IFERROR(E2/D2, 0) -> 0 | G2: =SUM(G4:G85) -> 0 | H2: =C2-G2 -> 0 | I2: =IFERROR(H2/G2, 0) -> 0 | J2: =IF(AND(TODAY()>DATE(2024, 4, 1), COUNTA(Sites[Site])<>(COUNT(C:C)-1)), "Some sites are missing actual data; if new sites were added, make sure they are aligned correctly (including prior months!)", "") -> Some sites are missing actual data; if new sites were added, make sure they are aligned correctly (including prior months!)
A3: Site | B3: State | C3: Actual | D3: Expected | E3: Delta | F3: % | G3: Forecasted | H3: Delta | I3: % | J3: Notes | K3: Service Requests
A4: {=Sites[Site]} -> Mahopac - Austin Road ES | B4: {=Sites[State]} -> NY | E4: =IF(AND(ISNUMBER(C4),ISNUMBER(D4)), C4-D4, "") | F4: =IFERROR(E4/D4, "") | H4: =IF(AND(ISNUMBER(C4),ISNUMBER(G4)), C4-G4, "") | I4: =IFERROR(H4/G4,"")
A5: Mahopcac - Lakeview ES | B5: NY | E5: =IF(AND(ISNUMBER(C5),ISNUMBER(D5)), C5-D5, "") | F5: =IFERROR(E5/D5, "") | H5: =IF(AND(ISNUMBER(C5),ISNUMBER(G5)), C5-G5, "") | I5: =IFERROR(H5/G5,"")
E6: =IF(AND(ISNUMBER(C6),ISNUMBER(D6)), C6-D6, "") | F6: =IFERROR(E6/D6, "") | H6: =IF(AND(ISNUMBER(C6),ISNUMBER(G6)), C6-G6, "") | I6: =IFERROR(H6/G6,"")

Sheet May
A1: {=portfolio} -> Mahopac Central School District | D1: May Actual v. Expected | G1: May Actual v. Forecasted
A2: Total | C2: =SUM(C4:C85) -> 45497.5 | D2: =SUM(D4:D85) -> 54376.7 | E2: =C2-D2 -> -8879.2 | F2: =IFERROR(E2/D2, 0) -> -0.16329053 | G2: =SUM(G4:G85) -> 0 | H2: =C2-G2 -> 45497.5 | I2: =IFERROR(H2/G2, 0) -> 0 | J2: =IF(AND(TODAY()>DATE(2024, 5, 1), COUNTA(Sites[Site])<>(COUNT(C:C)-1)), "Some sites are missing actual data; if new sites were added, make sure they are aligned correctly (including prior months!)", "") -> Some sites are missing actual data; if new sites were added, make sure they are aligned correctly (including prior months!)
A3: Site | B3: State | C3: Actual | D3: Expected | E3: Delta | F3: % | G3: Forecasted | H3: Delta | I3: % | J3: Notes | K3: Service Requests
A4: {=Sites[Site]} -> Mahopac - Austin Road ES | B4: {=Sites[State]} -> NY | C4: 45497.5 | D4: 54376.7 | E4: =IF(AND(ISNUMBER(C4),ISNUMBER(D4)), C4-D4, "") -> -8879.2 | F4: =IFERROR(E4/D4, "") -> -0.16329053 | H4: =IF(AND(ISNUMBER(C4),ISNUMBER(G4)), C4-G4, "") | I4: =IFERROR(H4/G4,"") | J4: 1.Inverter 2 (inverter 3 on Solaredge, SN: 7E89F60D) unit derating midday. | K4: 1.SR102245
A5: Mahopcac - Lakeview ES | B5: NY | E5: =IF(AND(ISNUMBER(C5),ISNUMBER(D5)), C5-D5, "") | F5: =IFERROR(E5/D5, "") | H5: =IF(AND(ISNUMBER(C5),ISNUMBER(G5)), C5-G5, "") | I5: =IFERROR(H5/G5,"")
E6: =IF(AND(ISNUMBER(C6),ISNUMBER(D6)), C6-D6, "") | F6: =IFERROR(E6/D6, "") | H6: =IF(AND(ISNUMBER(C6),ISNUMBER(G6)), C6-G6, "") | I6: =IFERROR(H6/G6,"")

Sheet Jun
A1: {=portfolio} -> Mahopac Central School District | D1: June Actual v. Expected | G1: June Actual v. Forecasted
A2: Total | C2: =SUM(C4:C85) -> 0 | D2: =SUM(D4:D85) -> 0 | E2: =C2-D2 -> 0 | F2: =IFERROR(E2/D2, 0) -> 0 | G2: =SUM(G4:G85) -> 0 | H2: =C2-G2 -> 0 | I2: =IFERROR(H2/G2, 0) -> 0 | J2: =IF(AND(TODAY()>DATE(2024, 6, 1), COUNTA(Sites[Site])<>(COUNT(C:C)-1)), "Some sites are missing actual data; if new sites were added, make sure they are aligned correctly (including prior months!)", "") -> Some sites are missing actual data; if new sites were added, make sure they are aligned correctly (including prior months!)
A3: Site | B3: State | C3: Actual | D3: Expected | E3: Delta | F3: % | G3: Forecasted | H3: Delta | I3: % | J3: Notes | K3: Service Requests
A4: {=Sites[Site]} -> Mahopac - Austin Road ES | B4: {=Sites[State]} -> NY | E4: =IF(AND(ISNUMBER(C4),ISNUMBER(D4)), C4-D4, "") | F4: =IFERROR(E4/D4, "") | H4: =IF(AND(ISNUMBER(C4),ISNUMBER(G4)), C4-G4, "") | I4: =IFERROR(H4/G4,"")
A5: Mahopcac - Lakeview ES | B5: NY | E5: =IF(AND(ISNUMBER(C5),ISNUMBER(D5)), C5-D5, "") | F5: =IFERROR(E5/D5, "") | H5: =IF(AND(ISNUMBER(C5),ISNUMBER(G5)), C5-G5, "") | I5: =IFERROR(H5/G5,"")
E6: =IF(AND(ISNUMBER(C6),ISNUMBER(D6)), C6-D6, "") | F6: =IFERROR(E6/D6, "") | H6: =IF(AND(ISNUMBER(C6),ISNUMBER(G6)), C6-G6, "") | I6: =IFERROR(H6/G6,"")

Sheet Jul
A1: {=portfolio} -> Mahopac Central School District | D1: July Actual v. Expected | G1: July Actual v. Forecasted
A2: Total | C2: =SUM(C4:C84) -> 56666.12 | D2: =SUM(D4:D84) -> 66456.329 | E2: =C2-D2 -> -9790.209 | F2: =IFERROR(E2/D2, 0) -> -0.14731793 | G2: =SUM(G4:G84) -> 0 | H2: =C2-G2 -> 56666.12 | I2: =IFERROR(H2/G2, 0) -> 0 | J2: =IF(AND(TODAY()>DATE(2024, 7, 1), COUNTA(Sites[Site])<>(COUNT(C:C)-1)), "Some sites are missing actual data; if new sites were added, make sure they are aligned correctly (including prior months!)", "")
A3: Site | B3: State | C3: Actual | D3: Expected | E3: Delta | F3: % | G3: Forecasted | H3: Delta | I3: % | J3: Notes | K3: Service Requests
A4: {=Sites[Site]} -> Mahopac - Austin Road ES | B4: {=Sites[State]} -> NY | C4: 56666.12 | D4: 66456.329 | E4: =IF(AND(ISNUMBER(C4),ISNUMBER(D4)), C4-D4, "") -> -9790.209 | F4: =IFERROR(E4/D4, "") -> -0.14731793 | G4: N/A | H4: =IF(AND(ISNUMBER(C4),ISNUMBER(G4)), C4-G4, "") | I4: =IFERROR(H4/G4,"") | J4: 1.Inverter 2 (inverter 3 on Solaredge, SN: 7E89F60D) was unit derating midday for whole month. | K4: 1.SR102245
A5: Mahopcac - Lakeview ES | B5: NY | C5: 0 | D5: 0 | E5: =IF(AND(ISNUMBER(C5),ISNUMBER(D5)), C5-D5, "") -> 0 | F5: =IFERROR(E5/D5, "") | G5: N/A | H5: =IF(AND(ISNUMBER(C5),ISNUMBER(G5)), C5-G5, "") | I5: =IFERROR(H5/G5,"") | J5: 1.Site was offline at 13:00 since 06/24 | K5: 1.SR103414

Sheet Aug
A1: {=portfolio} -> Mahopac Central School District | D1: August Actual v. Expected | G1: August Actual v. Forecasted
A2: Total | C2: =SUM(C4:C84) -> 56891.83 | D2: =SUM(D4:D84) -> 67267.449 | E2: =C2-D2 -> -10375.619 | F2: =IFERROR(E2/D2, 0) -> -0.15424428 | G2: =SUM(G4:G84) -> 0 | H2: =C2-G2 -> 56891.83 | I2: =IFERROR(H2/G2, 0) -> 0 | J2: =IF(AND(TODAY()>DATE(2024, 8, 1), COUNTA(Sites[Site])<>(COUNT(C:C)-1)), "Some sites are missing actual data; if new sites were added, make sure they are aligned correctly (including prior months!)", "")
A3: Site | B3: State | C3: Actual | D3: Expected | E3: Delta | F3: % | G3: Forecasted | H3: Delta | I3: % | J3: Notes | K3: Service Requests
A4: {=Sites[Site]} -> Mahopac - Austin Road ES | B4: {=Sites[State]} -> NY | C4: 56891.83 | D4: 67267.449 | E4: =IF(AND(ISNUMBER(C4),ISNUMBER(D4)), C4-D4, "") -> -10375.619 | F4: =IFERROR(E4/D4, "") -> -0.15424428 | G4: N/A | H4: =IF(AND(ISNUMBER(C4),ISNUMBER(G4)), C4-G4, "") | I4: =IFERROR(H4/G4,"") | J4: 1.Inverter 2 (inverter 3 on Solaredge, SN: 7E89F60D) unit derating midday for whole month. | K4: 1.SR102245
A5: Mahopcac - Lakeview ES | B5: NY | C5: 0 | D5: 0 | E5: =IF(AND(ISNUMBER(C5),ISNUMBER(D5)), C5-D5, "") -> 0 | F5: =IFERROR(E5/D5, "") | G5: N/A | H5: =IF(AND(ISNUMBER(C5),ISNUMBER(G5)), C5-G5, "") | I5: =IFERROR(H5/G5,"") | J5: 1.Site was offline from 13:00 on 06/24 to end of the month. | K5: 1. SR103414

Sheet Sep
A1: {=portfolio} -> Mahopac Central School District | D1: September Actual v. Expected | G1: September Actual v. Forecasted
A2: Total | C2: =SUM(C4:C84) -> 42959.888 | D2: =SUM(D4:D84) -> 51069.2 | E2: =C2-D2 -> -8109.312 | F2: =IFERROR(E2/D2, 0) -> -0.15879066 | G2: =SUM(G4:G84) -> 0 | H2: =C2-G2 -> 42959.888 | I2: =IFERROR(H2/G2, 0) -> 0 | J2: =IF(AND(TODAY()>DATE(2024, 9, 1), COUNTA(Sites[Site])<>(COUNT(C:C)-1)), "Some sites are missing actual data; if new sites were added, make sure they are aligned correctly (including prior months!)", "")
A3: Site | B3: State | C3: Actual | D3: Expected | E3: Delta | F3: % | G3: Forecasted | H3: Delta | I3: % | J3: Notes | K3: Service Requests
A4: {=Sites[Site]} -> Mahopac - Austin Road ES | B4: {=Sites[State]} -> NY | C4: 42959.888 | D4: 51069.2 | E4: =IF(AND(ISNUMBER(C4),ISNUMBER(D4)), C4-D4, "") -> -8109.312 | F4: =IFERROR(E4/D4, "") -> -0.15879066 | G4: N/A | H4: =IF(AND(ISNUMBER(C4),ISNUMBER(G4)), C4-G4, "") | I4: =IFERROR(H4/G4,"") | J4: 1.Inverter 2 was operating normally on 09/22 2.Inverter 2 right is underperforming by 15kW. On 09/22 technician confirmed Lower performance due to fewer optimizers. Firmware update completed. Confirmed with SE. | K4: 1.SR102245 2.SR107701 | L4: SR107701
A5: Mahopcac - Lakeview ES | B5: NY | C5: 0 | D5: 0 | E5: =IF(AND(ISNUMBER(C5),ISNUMBER(D5)), C5-D5, "") -> 0 | F5: =IFERROR(E5/D5, "") | G5: N/A | H5: =IF(AND(ISNUMBER(C5),ISNUMBER(G5)), C5-G5, "") | I5: =IFERROR(H5/G5,"") | J5: 1.Site was offline from 13:00 on 06/24 to end of the month. | K5: 1. SR103414

Sheet Oct
A1: {=portfolio} -> Mahopac Central School District | D1: October Actual v. Expected | G1: October Actual v. Forecasted
A2: Total | C2: =SUM(C4:C84) -> 32871.2 | D2: =SUM(D4:D84) -> 41182.6 | E2: =C2-D2 -> -8311.4 | F2: =IFERROR(E2/D2, 0) -> -0.20181824 | G2: =SUM(G4:G84) -> 0 | H2: =C2-G2 -> 32871.2 | I2: =IFERROR(H2/G2, 0) -> 0 | J2: =IF(AND(TODAY()>DATE(2024, 10, 1), COUNTA(Sites[Site])<>(COUNT(C:C)-1)), "Some sites are missing actual data; if new sites were added, make sure they are aligned correctly (including prior months!)", "")
A3: Site | B3: State | C3: Actual | D3: Expected | E3: Delta | F3: % | G3: Forecasted | H3: Delta | I3: % | J3: Notes | K3: Service Requests | L3: Status
A4: {=Sites[Site]} -> Mahopac - Austin Road ES | B4: {=Sites[State]} -> NY | C4: 32871.2 | D4: 41182.6 | E4: =IF(AND(ISNUMBER(C4),ISNUMBER(D4)), C4-D4, "") -> -8311.4 | F4: =IFERROR(E4/D4, "") -> -0.20181824 | G4: N/A | H4: =IF(AND(ISNUMBER(C4),ISNUMBER(G4)), C4-G4, "") | I4: =IFERROR(H4/G4,"") | J4: 1..Inverter 2 right is underperforming by 15kW. On 09/22 technician confirmed Lower performance due to fewer optimizers. Firmware update completed. Confirmed with SE. | K4: 1. SR107701 | L4: 1.Closed
A5: Mahopcac - Lakeview ES | B5: NY | C5: 0 | D5: 0 | E5: =IF(AND(ISNUMBER(C5),ISNUMBER(D5)), C5-D5, "") -> 0 | F5: =IFERROR(E5/D5, "") | G5: N/A | H5: =IF(AND(ISNUMBER(C5),ISNUMBER(G5)), C5-G5, "") | I5: =IFERROR(H5/G5,"") | J5: 1.Site was offline from 13:00 on 06/24 to end of the month. | K5: 1. SR103414 | L5: 1.closed

Sheet Nov
A1: {=portfolio} -> Mahopac Central School District | D1: November Actual v. Expected | G1: November Actual v. Forecasted
A2: Total | C2: =SUM(C4:C84) -> 24021.5 | D2: =SUM(D4:D84) -> 26390.3 | E2: =C2-D2 -> -2368.8 | F2: =IFERROR(E2/D2, 0) -> -0.089760253 | G2: =SUM(G4:G84) -> 0 | H2: =C2-G2 -> 24021.5 | I2: =IFERROR(H2/G2, 0) -> 0 | J2: =IF(AND(TODAY()>DATE(2024, 11, 1), COUNTA(Sites[Site])<>(COUNT(C:C)-1)), "Some sites are missing actual data; if new sites were added, make sure they are aligned correctly (including prior months!)", "")
A3: Site | B3: State | C3: Actual | D3: Expected | E3: Delta | F3: % | G3: Forecasted | H3: Delta | I3: % | J3: Notes | K3: Service Requests | L3: Status
A4: {=Sites[Site]} -> Mahopac - Austin Road ES | B4: {=Sites[State]} -> NY | C4: 20641.5 | D4: 26390.3 | E4: =IF(AND(ISNUMBER(C4),ISNUMBER(D4)), C4-D4, "") -> -5748.8 | F4: =IFERROR(E4/D4, "") -> -0.21783761 | G4: N/A | H4: =IF(AND(ISNUMBER(C4),ISNUMBER(G4)), C4-G4, "") | I4: =IFERROR(H4/G4,"") | J4: 1.Inverter 2 right is underperforming by 15kW. On 09/22 technician confirmed Lower performance due to fewer optimizers. Firmware update completed. Confirmed with SE. | K4: 1. SR107701 | L4: 1.Closed
A5: Mahopcac - Lakeview ES | B5: NY | C5: 3380 | D5: N/A | E5: =IF(AND(ISNUMBER(C5),ISNUMBER(D5)), C5-D5, "") | F5: =IFERROR(E5/D5, "") | G5: N/A | H5: =IF(AND(ISNUMBER(C5),ISNUMBER(G5)), C5-G5, "") | I5: =IFERROR(H5/G5,"") | J5: 1.Site back online on 11/18 | K5: 1. SR103414 | L5: 1.Closed

Sheet Dec
A1: {=portfolio} -> Mahopac Central School District | D1: December Actual v. Expected | G1: December Actual v. Forecasted
A2: Total | C2: =SUM(C4:C84) -> 11884.23 | D2: =SUM(D4:D84) -> 25149.6 | E2: =C2-D2 -> -13265.37 | F2: =IFERROR(E2/D2, 0) -> -0.52745849 | G2: =SUM(G4:G84) -> 0 | H2: =C2-G2 -> 11884.23 | I2: =IFERROR(H2/G2, 0) -> 0 | J2: =IF(AND(TODAY()>DATE(2024, 12, 1), COUNTA(Sites[Site])<>(COUNT(C:C)-1)), "Some sites are missing actual data; if new sites were added, make sure they are aligned correctly (including prior months!)", "")
A3: Site | B3: State | C3: Actual | D3: Expected | E3: Delta | F3: % | G3: Forecasted | H3: Delta | I3: % | J3: Notes | K3: Service Requests | L3: Status
A4: {=Sites[Site]} -> Mahopac - Austin Road ES | B4: {=Sites[State]} -> NY | C4: 7443.8 | D4: 25149.6 | E4: =IF(AND(ISNUMBER(C4),ISNUMBER(D4)), C4-D4, "") -> -17705.8 | F4: =IFERROR(E4/D4, "") -> -0.70401915 | G4: N/A | H4: =IF(AND(ISNUMBER(C4),ISNUMBER(G4)), C4-G4, "") | I4: =IFERROR(H4/G4,"") | J4: 1.Inverter 2 right is underperforming by 15kW. On 09/22 technician confirmed Lower performance due to fewer optimizers. Firmware update completed. Confirmed with SE. | K4: 1. SR107701 | L4: 1.Closed
A5: Mahopcac - Lakeview ES | B5: NY | C5: 4440.43 | E5: =IF(AND(ISNUMBER(C5),ISNUMBER(D5)), C5-D5, "") | F5: =IFERROR(E5/D5, "") | G5: N/A | H5: =IF(AND(ISNUMBER(C5),ISNUMBER(G5)), C5-G5, "") | I5: =IFERROR(H5/G5,"")

Sheet Sites
A1: Portfolio: | B1: Mahopac Central School District
A3: Site DAS Name | B3: Site | C3: State | D3: Update | E3: DAS
A4: NY: Mahopac - Austin Road ES | B4: Mahopac - Austin Road ES | C4: NY | E4: PF Unity
A5: NY: Mahopcac - Lakeview ES | B5: Mahopcac - Lakeview ES | C5: NY | E5: PF Unity
