Workbook
Name JanActual: #REF!
Name JanActual2: #REF!
Name JanExpected: #REF!
Name JanExpectedDelta: #REF!
Name JanExpectedPercent: #REF!
Name JanExpPercent: #REF!
Name JanForecasted: #REF!
Name JanForecastedDelta: #REF!
Name JanForecastedPercent: #REF!
Name portfolio: Sites!$B$1:$B$1
Name Year: Sites!#REF!

Sheet Year to Date
A1: {=portfolio} -> Silicon Ranch | D1: Year to Date Actual v. Expected | G1: Year to Date Actual v. Forecasted
A2: Total | C2: =SUM(C4:C100) -> 41963539 | D2: =SUM(D4:D100) -> 24541294 | E2: =C2-D2 -> 17422245 | F2: =IFERROR(E2/D2, 0) -> 0.7099155 | G2: =SUM(G4:G100) -> 45609350 | H2: =C2-G2 -> -3645810.6 | I2: =IFERROR(H2/G2, 0) -> -0.079935598
A3: Site | B3: State | C3: Actual | D3: Expected | E3: Delta | F3: % | G3: Forecasted | H3: Delta | I3: %
A4: {=Sites[Site]} -> Iron Mountain - Windsor | B4: {=Sites[State]} -> CT | C4: =SUM('1st Qtr'!C4, '2nd Qtr'!C4, '3rd Qtr'!C4, '4th Qtr'!C4) -> 295344 | D4: =SUM('1st Qtr'!D4, '2nd Qtr'!D4, '3rd Qtr'!D4, '4th Qtr'!D4) -> 294130 | E4: =IF(AND(ISNUMBER(C4),ISNUMBER(D4)), C4-D4, "") -> 1214 | F4: =IFERROR(E4/D4, "") -> 0.0041274266 | G4: =SUM('1st Qtr'!G4, '2nd Qtr'!G4, '3rd Qtr'!G4, '4th Qtr'!G4) -> 294969.48 | H4: =SUM('1st Qtr'!H4, '2nd Qtr'!H4, '3rd Qtr'!H4, '4th Qtr'!H4) -> 374.52 | I4: =IFERROR(H4/G4, "") -> 0.0012696907 | K4: =C4-G4 -> 374.52
A5: Kohls - Auburn | B5: NY | C5: =SUM('1st Qtr'!C5, '2nd Qtr'!C5, '3rd Qtr'!C5, '4th Qtr'!C5) -> 298485 | D5: =SUM('1st Qtr'!D5, '2nd Qtr'!D5, '3rd Qtr'!D5, '4th Qtr'!D5) -> 295559 | E5: =IF(AND(ISNUMBER(C5),ISNUMBER(D5)), C5-D5, "") -> 2926 | F5: =IFERROR(E5/D5, "") -> 0.0098998846 | G5: =SUM('1st Qtr'!G5, '2nd Qtr'!G5, '3rd Qtr'!G5, '4th Qtr'!G5) -> 319271.96 | H5: =SUM('1st Qtr'!H5, '2nd Qtr'!H5, '3rd Qtr'!H5, '4th Qtr'!H5) -> -20786.96 | I5: =IFERROR(H5/G5, "") -> -0.065107377 | K5: =C5-G5 -> -20786.96
A6: Kohls - Bensalem | B6: PA | C6: =SUM('1st Qtr'!C6, '2nd Qtr'!C6, '3rd Qtr'!C6, '4th Qtr'!C6) -> 116903 | D6: =SUM('1st Qtr'!D6, '2nd Qtr'!D6, '3rd Qtr'!D6, '4th Qtr'!D6) -> 93259 | E6: =IF(AND(ISNUMBER(C6),ISNUMBER(D6)), C6-D6, "") -> 23644 | F6: =IFERROR(E6/D6, "") -> 0.25353049 | G6: =SUM('1st Qtr'!G6, '2nd Qtr'!G6, '3rd Qtr'!G6, '4th Qtr'!G6) -> 336856.81 | H6: =SUM('1st Qtr'!H6, '2nd Qtr'!H6, '3rd Qtr'!H6, '4th Qtr'!H6) -> -219953.81 | I6: =IFERROR(H6/G6, "") -> -0.65295937 | K6: =C6-G6 -> -219953.81
A7: Kohls - Brick | B7: NJ | C7: =SUM('1st Qtr'!C7, '2nd Qtr'!C7, '3rd Qtr'!C7, '4th Qtr'!C7) -> 412513 | D7: =SUM('1st Qtr'!D7, '2nd Qtr'!D7, '3rd Qtr'!D7, '4th Qtr'!D7) -> 404947 | E7: =IF(AND(ISNUMBER(C7),ISNUMBER(D7)), C7-D7, "") -> 7566 | F7: =IFERROR(E7/D7, "") -> 0.018683927 | G7: =SUM('1st Qtr'!G7, '2nd Qtr'!G7, '3rd Qtr'!G7, '4th Qtr'!G7) -> 402375.73 | H7: =SUM('1st Qtr'!H7, '2nd Qtr'!H7, '3rd Qtr'!H7, '4th Qtr'!H7) -> 10137.27 | I7: =IFERROR(H7/G7, "") -> 0.025193542 | K7: =C7-G7 -> 10137.27
A8: Kohls - Buffalo | B8: NY | C8: =SUM('1st Qtr'!C8, '2nd Qtr'!C8, '3rd Qtr'!C8, '4th Qtr'!C8) -> 319921 | D8: =SUM('1st Qtr'!D8, '2nd Qtr'!D8, '3rd Qtr'!D8, '4th Qtr'!D8) -> 0 | E8: =IF(AND(ISNUMBER(C8),ISNUMBER(D8)), C8-D8, "") -> 319921 | F8: =IFERROR(E8/D8, "") | G8: =SUM('1st Qtr'!G8, '2nd Qtr'!G8, '3rd Qtr'!G8, '4th Qtr'!G8) -> 387602.69 | H8: =SUM('1st Qtr'!H8, '2nd Qtr'!H8, '3rd Qtr'!H8, '4th Qtr'!H8) -> -67681.69 | I8: =IFERROR(H8/G8, "") -> -0.17461615 | K8: =C8-G8 -> -67681.69
A9: Kohls - Canton | B9: CT | C9: =SUM('1st Qtr'!C9, '2nd Qtr'!C9, '3rd Qtr'!C9, '4th Qtr'!C9) -> 145771 | D9: =SUM('1st Qtr'!D9, '2nd Qtr'!D9, '3rd Qtr'!D9, '4th Qtr'!D9) -> 144053 | E9: =IF(AND(ISNUMBER(C9),ISNUMBER(D9)), C9-D9, "") -> 1718 | F9: =IFERROR(E9/D9, "") -> 0.011926166 | G9: =SUM('1st Qtr'!G9, '2nd Qtr'!G9, '3rd Qtr'!G9, '4th Qtr'!G9) -> 133195.95 | H9: =SUM('1st Qtr'!H9, '2nd Qtr'!H9, '3rd Qtr'!H9, '4th Qtr'!H9) -> 12575.05 | I9: =IFERROR(H9/G9, "") -> 0.094410153 | K9: =C9-G9 -> 12575.05
A10: Kohls - East Amherst | B10: NY | C10: =SUM('1st Qtr'!C10, '2nd Qtr'!C10, '3rd Qtr'!C10, '4th Qtr'!C10) -> 116941 | D10: =SUM('1st Qtr'!D10, '2nd Qtr'!D10, '3rd Qtr'!D10, '4th Qtr'!D10) -> 115188 | E10: =IF(AND(ISNUMBER(C10),ISNUMBER(D10)), C10-D10, "") -> 1753 | F10: =IFERROR(E10/D10, "") -> 0.015218599 | G10: =SUM('1st Qtr'!G10, '2nd Qtr'!G10, '3rd Qtr'!G10, '4th Qtr'!G10) -> 350111 | H10: =SUM('1st Qtr'!H10, '2nd Qtr'!H10, '3rd Qtr'!H10, '4th Qtr'!H10) -> -233170 | I10: =IFERROR(H10/G10, "") -> -0.66598879 | K10: =C10-G10 -> -233170
A11: Kohls - East Brunswick | B11: NJ | C11: =SUM('1st Qtr'!C11, '2nd Qtr'!C11, '3rd Qtr'!C11, '4th Qtr'!C11) -> 448224.2 | D11: =SUM('1st Qtr'!D11, '2nd Qtr'!D11, '3rd Qtr'!D11, '4th Qtr'!D11) -> 336905 | E11: =IF(AND(ISNUMBER(C11),ISNUMBER(D11)), C11-D11, "") -> 111319.2 | F11: =IFERROR(E11/D11, "") -> 0.33041718 | G11: =SUM('1st Qtr'!G11, '2nd Qtr'!G11, '3rd Qtr'!G11, '4th Qtr'!G11) -> 521076.26 | H11: =SUM('1st Qtr'!H11, '2nd Qtr'!H11, '3rd Qtr'!H11, '4th Qtr'!H11) -> -72852.06 | I11: =IFERROR(H11/G11, "") -> -0.13981074 | K11: =C11-G11 -> -72852.06
A12: Kohls - Edgewood | B12: MD | C12: =SUM('1st Qtr'!C12, '2nd Qtr'!C12, '3rd Qtr'!C12, '4th Qtr'!C12) -> 2096574 | D12: =SUM('1st Qtr'!D12, '2nd Qtr'!D12, '3rd Qtr'!D12, '4th Qtr'!D12) -> 2073004 | E12: =IF(AND(ISNUMBER(C12),ISNUMBER(D12)), C12-D12, "") -> 23570 | F12: =IFERROR(E12/D12, "") -> 0.011369973 | G12: =SUM('1st Qtr'!G12, '2nd Qtr'!G12, '3rd Qtr'!G12, '4th Qtr'!G12) -> 2786370.4 | H12: =SUM('1st Qtr'!H12, '2nd Qtr'!H12, '3rd Qtr'!H12, '4th Qtr'!H12) -> -689796.41 | I12: =IFERROR(H12/G12, "") -> -0.24756092 | K12: =C12-G12 -> -689796.41
A13: Kohls - Granite Run | B13: PA | C13: =SUM('1st Qtr'!C13, '2nd Qtr'!C13, '3rd Qtr'!C13, '4th Qtr'!C13) -> 331479 | D13: =SUM('1st Qtr'!D13, '2nd Qtr'!D13, '3rd Qtr'!D13, '4th Qtr'!D13) -> 328435 | E13: =IF(AND(ISNUMBER(C13),ISNUMBER(D13)), C13-D13, "") -> 3044 | F13: =IFERROR(E13/D13, "") -> 0.0092681961 | G13: =SUM('1st Qtr'!G13, '2nd Qtr'!G13, '3rd Qtr'!G13, '4th Qtr'!G13) -> 335691.81 | H13: =SUM('1st Qtr'!H13, '2nd Qtr'!H13, '3rd Qtr'!H13, '4th Qtr'!H13) -> -4212.81 | I13: =IFERROR(H13/G13, "") -> -0.012549636 | K13: =C13-G13 -> -4212.81
A14: Kohls - Greece | B14: NY | C14: =SUM('1st Qtr'!C14, '2nd Qtr'!C14, '3rd Qtr'!C14, '4th Qtr'!C14) -> 285474 | D14: =SUM('1st Qtr'!D14, '2nd Qtr'!D14, '3rd Qtr'!D14, '4th Qtr'!D14) -> 282700 | E14: =IF(AND(ISNUMBER(C14),ISNUMBER(D14)), C14-D14, "") -> 2774 | F14: =IFERROR(E14/D14, "") -> 0.0098125221 | G14: =SUM('1st Qtr'!G14, '2nd Qtr'!G14, '3rd Qtr'!G14, '4th Qtr'!G14) -> 374718.29 | H14: =SUM('1st Qtr'!H14, '2nd Qtr'!H14, '3rd Qtr'!H14, '4th Qtr'!H14) -> -89244.29 | I14: =IFERROR(H14/G14, "") -> -0.23816369 | K14: =C14-G14 -> -89244.29
A15: Kohls - Hanover | B15: PA | C15: =SUM('1st Qtr'!C15, '2nd Qtr'!C15, '3rd Qtr'!C15, '4th Qtr'!C15) -> 378248 | D15: =SUM('1st Qtr'!D15, '2nd Qtr'!D15, '3rd Qtr'!D15, '4th Qtr'!D15) -> 375562 | E15: =IF(AND(ISNUMBER(C15),ISNUMBER(D15)), C15-D15, "") -> 2686 | F15: =IFERROR(E15/D15, "") -> 0.0071519483 | G15: =SUM('1st Qtr'!G15, '2nd Qtr'!G15, '3rd Qtr'!G15, '4th Qtr'!G15) -> 372278.2 | H15: =SUM('1st Qtr'!H15, '2nd Qtr'!H15, '3rd Qtr'!H15, '4th Qtr'!H15) -> 5969.8 | I15: =IFERROR(H15/G15, "") -> 0.016035857 | K15: =C15-G15 -> 5969.8
A16: Kohls - Horsehead | B16: NY | C16: =SUM('1st Qtr'!C16, '2nd Qtr'!C16, '3rd Qtr'!C16, '4th Qtr'!C16) -> 271698 | D16: =SUM('1st Qtr'!D16, '2nd Qtr'!D16, '3rd Qtr'!D16, '4th Qtr'!D16) -> 232267 | E16: =IF(AND(ISNUMBER(C16),ISNUMBER(D16)), C16-D16, "") -> 39431 | F16: =IFERROR(E16/D16, "") -> 0.16976583 | G16: =SUM('1st Qtr'!G16, '2nd Qtr'!G16, '3rd Qtr'!G16, '4th Qtr'!G16) -> 294046.61 | H16: =SUM('1st Qtr'!H16, '2nd Qtr'!H16, '3rd Qtr'!H16, '4th Qtr'!H16) -> -22348.61 | I16: =IFERROR(H16/G16, "") -> -0.076003631 | K16: =C16-G16 -> -22348.61
... A68: Snowline SD - Vista Verde ES | B68: CA | C68: =SUM('1st Qtr'!C68, '2nd Qtr'!C68, '3rd Qtr'!C68, '4th Qtr'!C68) -> 133610 | D68: =SUM('1st Qtr'!D68, '2nd Qtr'!D68, '3rd Qtr'!D68, '4th Qtr'!D68) -> 134823 | E68: =IF(AND(ISNUMBER(C68),ISNUMBER(D68)), C68-D68, "") -> -1213 | F68: =IFERROR(E68/D68, "") -> -0.0089969812 | G68: =SUM('1st Qtr'!G68, '2nd Qtr'!G68, '3rd Qtr'!G68, '4th Qtr'!G68) -> 295240.78 | H68: =SUM('1st Qtr'!H68, '2nd Qtr'!H68, '3rd Qtr'!H68, '4th Qtr'!H68) -> -189732.69 | I68: =IFERROR(H68/G68, "") -> -0.64263714 | K68: =C68-G68 -> -161630.78
A69: North Stonington | B69: CT | C69: =SUM('1st Qtr'!C69, '2nd Qtr'!C69, '3rd Qtr'!C69, '4th Qtr'!C69) -> 14876140 | D69: =SUM('1st Qtr'!D69, '2nd Qtr'!D69, '3rd Qtr'!D69, '4th Qtr'!D69) -> 0 | E69: =IF(AND(ISNUMBER(C69),ISNUMBER(D69)), C69-D69, "") -> 14876140 | F69: =IFERROR(E69/D69, "") | G69: =SUM('1st Qtr'!G69, '2nd Qtr'!G69, '3rd Qtr'!G69, '4th Qtr'!G69) -> 0 | H69: =SUM('1st Qtr'!H69, '2nd Qtr'!H69, '3rd Qtr'!H69, '4th Qtr'!H69) -> 4544320 | I69: =IFERROR(H69/G69, "")
A70: CT: Torrington - 2-298 Rossi Road | B70: CT | C70: =SUM('1st Qtr'!C70, '2nd Qtr'!C70, '3rd Qtr'!C70, '4th Qtr'!C70) -> 1999.83 | D70: =SUM('1st Qtr'!D70, '2nd Qtr'!D70, '3rd Qtr'!D70, '4th Qtr'!D70) -> 0 | E70: =IF(AND(ISNUMBER(C70),ISNUMBER(D70)), C70-D70, "") -> 1999.83 | F70: =IFERROR(E70/D70, "") | G70: =SUM('1st Qtr'!G70, '2nd Qtr'!G70, '3rd Qtr'!G70, '4th Qtr'!G70) -> 0 | H70: =SUM('1st Qtr'!H70, '2nd Qtr'!H70, '3rd Qtr'!H70, '4th Qtr'!H70) -> 0 | I70: =IFERROR(H70/G70, "")

Sheet 1st Qtr
A1: {=portfolio} -> Silicon Ranch | D1: 1st Quarter Actual v. Expected | G1: 1st Quarter Actual v. Forecasted
A2: Total | C2: =SUM(C4:C100) -> 8848504 | D2: =SUM(D4:D100) -> 5427770 | E2: =C2-D2 -> 3420734 | F2: =IFERROR(E2/D2, 0) -> 0.63022825 | G2: =SUM(G4:G100) -> 8534816 | H2: =C2-G2 -> 313688.01 | I2: =IFERROR(H2/G2, 0) -> 0.036753928
A3: Site | B3: State | C3: Actual | D3: Expected | E3: Delta | F3: % | G3: Forecasted | H3: Delta | I3: %
A4: {=Sites[Site]} -> Iron Mountain - Windsor | B4: {=Sites[State]} -> CT | C4: =SUM(Jan!C4, Feb!C4, Mar!C4) -> 49256 | D4: =SUM(Jan!D4, Feb!D4, Mar!D4) -> 48997 | E4: =IF(AND(ISNUMBER(C4),ISNUMBER(D4)), C4-D4, "") -> 259 | F4: =IFERROR(E4/D4, "") -> 0.0052860379 | G4: =SUM(Jan!G4, Feb!G4, Mar!G4) -> 54649.74 | H4: =SUM(Jan!H4, Feb!H4, Mar!H4) -> -5393.74 | I4: =IFERROR(H4/G4, "") -> -0.098696535
A5: Kohls - Auburn | B5: NY | C5: =SUM(Jan!C5, Feb!C5, Mar!C5) -> 38514 | D5: =SUM(Jan!D5, Feb!D5, Mar!D5) -> 38129 | E5: =IF(AND(ISNUMBER(C5),ISNUMBER(D5)), C5-D5, "") -> 385 | F5: =IFERROR(E5/D5, "") -> 0.010097301 | G5: =SUM(Jan!G5, Feb!G5, Mar!G5) -> 39136.03 | H5: =SUM(Jan!H5, Feb!H5, Mar!H5) -> -622.03 | I5: =IFERROR(H5/G5, "") -> -0.01589405
A6: Kohls - Bensalem | B6: PA | C6: =SUM(Jan!C6, Feb!C6, Mar!C6) -> 72426 | D6: =SUM(Jan!D6, Feb!D6, Mar!D6) -> 68354 | E6: =IF(AND(ISNUMBER(C6),ISNUMBER(D6)), C6-D6, "") -> 4072 | F6: =IFERROR(E6/D6, "") -> 0.059572227 | G6: =SUM(Jan!G6, Feb!G6, Mar!G6) -> 65202.38 | H6: =SUM(Jan!H6, Feb!H6, Mar!H6) -> 7223.62 | I6: =IFERROR(H6/G6, "") -> 0.11078767
A7: Kohls - Brick | B7: NJ | C7: =SUM(Jan!C7, Feb!C7, Mar!C7) -> 91939 | D7: =SUM(Jan!D7, Feb!D7, Mar!D7) -> 90004 | E7: =IF(AND(ISNUMBER(C7),ISNUMBER(D7)), C7-D7, "") -> 1935 | F7: =IFERROR(E7/D7, "") -> 0.021499044 | G7: =SUM(Jan!G7, Feb!G7, Mar!G7) -> 74753.88 | H7: =SUM(Jan!H7, Feb!H7, Mar!H7) -> 17185.12 | I7: =IFERROR(H7/G7, "") -> 0.22988934
A8: Kohls - Buffalo | B8: NY | C8: =SUM(Jan!C8, Feb!C8, Mar!C8) -> 29451 | D8: =SUM(Jan!D8, Feb!D8, Mar!D8) -> 0 | E8: =IF(AND(ISNUMBER(C8),ISNUMBER(D8)), C8-D8, "") -> 29451 | F8: =IFERROR(E8/D8, "") | G8: =SUM(Jan!G8, Feb!G8, Mar!G8) -> 54344.28 | H8: =SUM(Jan!H8, Feb!H8, Mar!H8) -> -24893.28 | I8: =IFERROR(H8/G8, "") -> -0.45806624
A9: Kohls - Canton | B9: CT | C9: =SUM(Jan!C9, Feb!C9, Mar!C9) -> 22796 | D9: =SUM(Jan!D9, Feb!D9, Mar!D9) -> 22526 | E9: =IF(AND(ISNUMBER(C9),ISNUMBER(D9)), C9-D9, "") -> 270 | F9: =IFERROR(E9/D9, "") -> 0.011986149 | G9: =SUM(Jan!G9, Feb!G9, Mar!G9) -> 23886.67 | H9: =SUM(Jan!H9, Feb!H9, Mar!H9) -> -1090.67 | I9: =IFERROR(H9/G9, "") -> -0.045660195
A10: Kohls - East Amherst | B10: NY | C10: =SUM(Jan!C10, Feb!C10, Mar!C10) -> 38997 | D10: =SUM(Jan!D10, Feb!D10, Mar!D10) -> 38434 | E10: =IF(AND(ISNUMBER(C10),ISNUMBER(D10)), C10-D10, "") -> 563 | F10: =IFERROR(E10/D10, "") -> 0.014648488 | G10: =SUM(Jan!G10, Feb!G10, Mar!G10) -> 51187.85 | H10: =SUM(Jan!H10, Feb!H10, Mar!H10) -> -12190.85 | I10: =IFERROR(H10/G10, "") -> -0.23815906
A11: Kohls - East Brunswick | B11: NJ | C11: =SUM(Jan!C11, Feb!C11, Mar!C11) -> 100414 | D11: =SUM(Jan!D11, Feb!D11, Mar!D11) -> 100690 | E11: =IF(AND(ISNUMBER(C11),ISNUMBER(D11)), C11-D11, "") -> -276 | F11: =IFERROR(E11/D11, "") -> -0.0027410865 | G11: =SUM(Jan!G11, Feb!G11, Mar!G11) -> 99741.6 | H11: =SUM(Jan!H11, Feb!H11, Mar!H11) -> 672.4 | I11: =IFERROR(H11/G11, "") -> 0.0067414198
A12: Kohls - Edgewood | B12: MD | C12: =SUM(Jan!C12, Feb!C12, Mar!C12) -> 500770 | D12: =SUM(Jan!D12, Feb!D12, Mar!D12) -> 496013 | E12: =IF(AND(ISNUMBER(C12),ISNUMBER(D12)), C12-D12, "") -> 4757 | F12: =IFERROR(E12/D12, "") -> 0.0095904744 | G12: =SUM(Jan!G12, Feb!G12, Mar!G12) -> 540853.2 | H12: =SUM(Jan!H12, Feb!H12, Mar!H12) -> -40083.2 | I12: =IFERROR(H12/G12, "") -> -0.074111053
A13: Kohls - Granite Run | B13: PA | C13: =SUM(Jan!C13, Feb!C13, Mar!C13) -> 65152 | D13: =SUM(Jan!D13, Feb!D13, Mar!D13) -> 64562 | E13: =IF(AND(ISNUMBER(C13),ISNUMBER(D13)), C13-D13, "") -> 590 | F13: =IFERROR(E13/D13, "") -> 0.0091385025 | G13: =SUM(Jan!G13, Feb!G13, Mar!G13) -> 65257.14 | H13: =SUM(Jan!H13, Feb!H13, Mar!H13) -> -105.14 | I13: =IFERROR(H13/G13, "") -> -0.0016111647
A14: Kohls - Greece | B14: NY | C14: =SUM(Jan!C14, Feb!C14, Mar!C14) -> 33497 | D14: =SUM(Jan!D14, Feb!D14, Mar!D14) -> 33004 | E14: =IF(AND(ISNUMBER(C14),ISNUMBER(D14)), C14-D14, "") -> 493 | F14: =IFERROR(E14/D14, "") -> 0.014937583 | G14: =SUM(Jan!G14, Feb!G14, Mar!G14) -> 51595.13 | H14: =SUM(Jan!H14, Feb!H14, Mar!H14) -> -18098.13 | I14: =IFERROR(H14/G14, "") -> -0.35077206
A15: Kohls - Hanover | B15: PA | C15: =SUM(Jan!C15, Feb!C15, Mar!C15) -> 74462 | D15: =SUM(Jan!D15, Feb!D15, Mar!D15) -> 73824 | E15: =IF(AND(ISNUMBER(C15),ISNUMBER(D15)), C15-D15, "") -> 638 | F15: =IFERROR(E15/D15, "") -> 0.008642176 | G15: =SUM(Jan!G15, Feb!G15, Mar!G15) -> 73222.49 | H15: =SUM(Jan!H15, Feb!H15, Mar!H15) -> 1239.51 | I15: =IFERROR(H15/G15, "") -> 0.016927996
A16: Kohls - Horsehead | B16: NY | C16: =SUM(Jan!C16, Feb!C16, Mar!C16) -> 44770 | D16: =SUM(Jan!D16, Feb!D16, Mar!D16) -> 44242 | E16: =IF(AND(ISNUMBER(C16),ISNUMBER(D16)), C16-D16, "") -> 528 | F16: =IFERROR(E16/D16, "") -> 0.011934361 | G16: =SUM(Jan!G16, Feb!G16, Mar!G16) -> 53409.39 | H16: =SUM(Jan!H16, Feb!H16, Mar!H16) -> -8639.39 | I16: =IFERROR(H16/G16, "") -> -0.16175789
... A22: Kohls - North Amherst | B22: NY | C22: =SUM(Jan!C22, Feb!C22, Mar!C22) -> 0 | D22: =SUM(Jan!D22, Feb!D22, Mar!D22) -> 0 | E22: =IF(AND(ISNUMBER(C22),ISNUMBER(D22)), C22-D22, "") -> 0 | F22: =IFERROR(E22/D22, "") | G22: =SUM(Jan!G22, Feb!G22, Mar!G22) -> 44245.55 | H22: =SUM(Jan!H22, Feb!H22, Mar!H22) -> -44245.55 | I22: =IFERROR(H22/G22, "") -> -1
A23: Kohls - Staten Island | B23: NY | C23: =SUM(Jan!C23, Feb!C23, Mar!C23) -> 58874 | D23: =SUM(Jan!D23, Feb!D23, Mar!D23) -> 0 | E23: =IF(AND(ISNUMBER(C23),ISNUMBER(D23)), C23-D23, "") -> 58874 | F23: =IFERROR(E23/D23, "") | G23: =SUM(Jan!G23, Feb!G23, Mar!G24) -> 72887.91 | H23: =SUM(Jan!H23, Feb!H23, Mar!H23) -> -9502.29 | I23: =IFERROR(H23/G23, "") -> -0.13036853
A24: Kohls - Warminster | B24: PA | C24: =SUM(Jan!C24, Feb!C24, Mar!C24) -> 86449 | D24: =SUM(Jan!D24, Feb!D24, Mar!D24) -> 86782 | E24: =IF(AND(ISNUMBER(C24),ISNUMBER(D24)), C24-D24, "") -> -333 | F24: =IFERROR(E24/D24, "") -> -0.0038372013 | G24: =SUM(Jan!G24, Feb!G24, Mar!G25) -> 72227.48 | H24: =SUM(Jan!H24, Feb!H24, Mar!H24) -> 6261.49 | I24: =IFERROR(H24/G24, "") -> 0.086691243
A25: Kohls - Waterbury | B25: CT | C25: =SUM(Jan!C25, Feb!C25, Mar!C25) -> 52627 | D25: =SUM(Jan!D25, Feb!D25, Mar!D25) -> 51880 | E25: =IF(AND(ISNUMBER(C25),ISNUMBER(D25)), C25-D25, "") -> 747 | F25: =IFERROR(E25/D25, "") -> 0.014398612 | G25: =SUM(Jan!G25, Feb!G25,Mar!G25) -> 63024.39 | H25: =SUM(Jan!H25, Feb!H25, Mar!H25) -> -10397.39 | I25: =IFERROR(H25/G25, "") -> -0.16497407
A26: Mojave Water Agency - Headquarters | B26: CA | C26: =SUM(Jan!C26, Feb!C26, Mar!C26) -> 98584 | D26: =SUM(Jan!D26, Feb!D26, Mar!D26) -> 92436 | E26: =IF(AND(ISNUMBER(C26),ISNUMBER(D26)), C26-D26, "") -> 6148 | F26: =IFERROR(E26/D26, "") -> 0.066510883 | G26: =SUM(Jan!G26, Feb!G26, Mar!G27) -> 169730.46 | H26: =SUM(Jan!H26, Feb!H26, Mar!H26) -> 11987.4 | I26: =IFERROR(H26/G26, "") -> 0.070626097
A27: CSU - Bakersfield | B27: CA | C27: =SUM(Jan!C27, Feb!C27, Mar!C27) -> 290309 | D27: =SUM(Jan!D27, Feb!D27, Mar!D27) -> 288798 | E27: =IF(AND(ISNUMBER(C27),ISNUMBER(D27)), C27-D27, "") -> 1511 | F27: =IFERROR(E27/D27, "") -> 0.0052320307 | G27: =SUM(Jan!G27, Feb!G27,Mar!G27) -> 257127.57 | H27: =SUM(Jan!H27, Feb!H27, Mar!H27) -> 33181.43 | I27: =IFERROR(H27/G27, "") -> 0.12904657
A28: Greenfield USD - Fairfield ES | B28: CA | C28: =SUM(Jan!C28, Feb!C28, Mar!C28) -> 31004 | D28: =SUM(Jan!D28, Feb!D28, Mar!D28) -> 30796 | E28: =IF(AND(ISNUMBER(C28),ISNUMBER(D28)), C28-D28, "") -> 208 | F28: =IFERROR(E28/D28, "") -> 0.0067541239 | G28: =SUM(Jan!G28, Feb!G28, Mar!G29) -> 44355.33 | H28: =SUM(Jan!H28, Feb!H28, Mar!H28) -> 4843.44 | I28: =IFERROR(H28/G28, "") -> 0.10919635
A29: Greenfield USD - Granite Point ES | B29: CA | C29: =SUM(Jan!C29, Feb!C29, Mar!C29) -> 85429 | D29: =SUM(Jan!D29, Feb!D29, Mar!D29) -> 85217 | E29: =IF(AND(ISNUMBER(C29),ISNUMBER(D29)), C29-D29, "") -> 212 | F29: =IFERROR(E29/D29, "") -> 0.0024877665 | G29: =SUM(Jan!G29, Feb!G29,Mar!G29) -> 68700.23 | H29: =SUM(Jan!H29, Feb!H29, Mar!H29) -> 16728.77 | I29: =IFERROR(H29/G29, "") -> 0.24350384
A30: Greenfield USD - Greenfield MS | B30: CA | C30: =SUM(Jan!C30, Feb!C30, Mar!C30) -> 46320 | D30: =SUM(Jan!D30, Feb!D30, Mar!D30) -> 32166 | E30: =IF(AND(ISNUMBER(C30),ISNUMBER(D30)), C30-D30, "") -> 14154 | F30: =IFERROR(E30/D30, "") -> 0.44002985 | G30: =SUM(Jan!G30, Feb!G30, Mar!G31) -> 49111.12 | H30: =SUM(Jan!H30, Feb!H30, Mar!H30) -> 7310.442 | I30: =IFERROR(H30/G30, "") -> 0.14885513
A31: Greenfield USD - Horizon ES | B31: CA | C31: =SUM(Jan!C31, Feb!C31, Mar!C31) -> 77999 | D31: =SUM(Jan!D31, Feb!D31, Mar!D31) -> 77925 | E31: =IF(AND(ISNUMBER(C31),ISNUMBER(D31)), C31-D31, "") -> 74 | F31: =IFERROR(E31/D31, "") -> 0.00094963106 | G31: =SUM(Jan!G31, Feb!G31,Mar!G31) -> 70247.88 | H31: =SUM(Jan!H31, Feb!H31, Mar!H31) -> 7751.12 | I31: =IFERROR(H31/G31, "") -> 0.11033956
A32: Greenfield USD - McKee MS | B32: CA | C32: =SUM(Jan!C32, Feb!C32, Mar!C32) -> 37769 | D32: =SUM(Jan!D32, Feb!D32, Mar!D32) -> 37672 | E32: =IF(AND(ISNUMBER(C32),ISNUMBER(D32)), C32-D32, "") -> 97 | F32: =IFERROR(E32/D32, "") -> 0.0025748567 | G32: =SUM(Jan!G32, Feb!G32, Mar!G33) -> 37725.43 | H32: =SUM(Jan!H32, Feb!H32, Mar!H32) -> -5204.84 | I32: =IFERROR(H32/G32, "") -> -0.13796635
A33: Greenfield USD - Plantation ES | B33: CA | C33: =SUM(Jan!C33, Feb!C33, Mar!C33) -> 36700 | D33: =SUM(Jan!D33, Feb!D33, Mar!D33) -> 36583 | E33: =IF(AND(ISNUMBER(C33),ISNUMBER(D33)), C33-D33, "") -> 117 | F33: =IFERROR(E33/D33, "") -> 0.0031982068 | G33: =SUM(Jan!G33, Feb!G33,Mar!G33) -> 30727.23 | H33: =SUM(Jan!H33, Feb!H33, Mar!H33) -> 5972.77 | I33: =IFERROR(H33/G33, "") -> 0.19438036
A34: Greenfield USD - Planz ES | B34: CA | C34: =SUM(Jan!C34, Feb!C34, Mar!C34) -> 14100 | D34: =SUM(Jan!D34, Feb!D34, Mar!D34) -> 14007 | E34: =IF(AND(ISNUMBER(C34),ISNUMBER(D34)), C34-D34, "") -> 93 | F34: =IFERROR(E34/D34, "") -> 0.0066395374 | G34: =SUM(Jan!G34, Feb!G34, Mar!G35) -> 52884.98 | H34: =SUM(Jan!H34, Feb!H34, Mar!H34) -> -20668.34 | I34: =IFERROR(H34/G34, "") -> -0.39081683
A35: Greenfield USD - Raffaello Palla ES | B35: CA | C35: =SUM(Jan!C35, Feb!C35, Mar!C35) -> 78218 | D35: =SUM(Jan!D35, Feb!D35, Mar!D35) -> 76905 | E35: =IF(AND(ISNUMBER(C35),ISNUMBER(D35)), C35-D35, "") -> 1313 | F35: =IFERROR(E35/D35, "") -> 0.017073012 | G35: =SUM(Jan!G35, Feb!G35,Mar!G35) -> 77136.54 | H35: =SUM(Jan!H35, Feb!H35, Mar!H35) -> 1081.46 | I35: =IFERROR(H35/G35, "") -> 0.014020074
A36: Greenfield USD - Valle Verde ES | B36: CA | C36: =SUM(Jan!C36, Feb!C36, Mar!C36) -> 94530 | D36: =SUM(Jan!D36, Feb!D36, Mar!D36) -> 93825 | E36: =IF(AND(ISNUMBER(C36),ISNUMBER(D36)), C36-D36, "") -> 705 | F36: =IFERROR(E36/D36, "") -> 0.0075139888 | G36: =SUM(Jan!G36, Feb!G36, Mar!G37) -> 53460.28 | H36: =SUM(Jan!H36, Feb!H36, Mar!H36) -> 22153.41 | I36: =IFERROR(H36/G36, "") -> 0.41439009
A37: Greenfield USD - W.A. Kendrick ES | B37: CA | C37: =SUM(Jan!C37, Feb!C37, Mar!C37) -> 9316 | D37: =SUM(Jan!D37, Feb!D37, Mar!D37) -> 0 | E37: =IF(AND(ISNUMBER(C37),ISNUMBER(D37)), C37-D37, "") -> 9316 | F37: =IFERROR(E37/D37, "") | G37: =SUM(Jan!G37, Feb!G37,Mar!G37) -> 27900.95 | H37: =SUM(Jan!H37, Feb!H37, Mar!H37) -> -18584.95 | I37: =IFERROR(H37/G37, "") -> -0.66610456
A38: Muroc Joint USD - Boron HS | B38: CA | C38: =SUM(Jan!C38, Feb!C38, Mar!C38) -> 0 | D38: =SUM(Jan!D38, Feb!D38, Mar!D38) -> 0 | E38: =IF(AND(ISNUMBER(C38),ISNUMBER(D38)), C38-D38, "") -> 0 | F38: =IFERROR(E38/D38, "") | G38: =SUM(Jan!G38, Feb!G38, Mar!G39) -> 61204.34 | H38: =SUM(Jan!H38, Feb!H38, Mar!H38) -> -83442.21 | I38: =IFERROR(H38/G38, "") -> -1.3633381
A39: Muroc Joint USD - W. Boron ES | B39: CA | C39: =SUM(Jan!C39, Feb!C39, Mar!C39) -> 32769 | D39: =SUM(Jan!D39, Feb!D39, Mar!D39) -> 32760 | E39: =IF(AND(ISNUMBER(C39),ISNUMBER(D39)), C39-D39, "") -> 9 | F39: =IFERROR(E39/D39, "") -> 0.00027472527 | G39: =SUM(Jan!G39, Feb!G39,Mar!G39) -> 30870.4 | H39: =SUM(Jan!H39, Feb!H39, Mar!H39) -> 1898.6 | I39: =IFERROR(H39/G39, "") -> 0.061502281
A40: Colusa - WTP | B40: CA | C40: =SUM(Jan!C40, Feb!C40, Mar!C40) -> 0 | D40: =SUM(Jan!D40, Feb!D40, Mar!D40) -> 0 | E40: =IF(AND(ISNUMBER(C40),ISNUMBER(D40)), C40-D40, "") -> 0 | F40: =IFERROR(E40/D40, "") | G40: =SUM(Jan!G40, Feb!G40, Mar!G41) -> 190622.74 | H40: =SUM(Jan!H40, Feb!H40, Mar!H40) -> -83651.3 | I40: =IFERROR(H40/G40, "") -> -0.43883169
A41: CDCR-North Kern State Prision | B41: CA | C41: =SUM(Jan!C41, Feb!C41, Mar!C41) -> 237075 | D41: =SUM(Jan!D41, Feb!D41, Mar!D41) -> 235320 | E41: =IF(AND(ISNUMBER(C41),ISNUMBER(D41)), C41-D41, "") -> 1755 | F41: =IFERROR(E41/D41, "") -> 0.0074579296 | G41: =SUM(Jan!G41, Feb!G41,Mar!G41) -> 335883.02 | H41: =SUM(Jan!H41, Feb!H41, Mar!H41) -> -98808.02 | I41: =IFERROR(H41/G41, "") -> -0.29417391
A42: Muroc Joint USD - District Office | B42: CA | C42: =SUM(Jan!C42, Feb!C42, Mar!C42) -> 16393 | D42: =SUM(Jan!D42, Feb!D42, Mar!D42) -> 27687 | E42: =IF(AND(ISNUMBER(C42),ISNUMBER(D42)), C42-D42, "") -> -11294 | F42: =IFERROR(E42/D42, "") -> -0.40791707 | G42: =SUM(Jan!G42, Feb!G42, Mar!G43) -> 31773.82 | H42: =SUM(Jan!H42, Feb!H42, Mar!H42) -> -5347.94 | I42: =IFERROR(H42/G42, "") -> -0.16831278
A43: Whole Foods - Manhattan Beach | B43: CA | C43: =SUM(Jan!C43, Feb!C43, Mar!C43) -> 39546 | D43: =SUM(Jan!D43, Feb!D43, Mar!D43) -> 39678 | E43: =IF(AND(ISNUMBER(C43),ISNUMBER(D43)), C43-D43, "") -> -132 | F43: =IFERROR(E43/D43, "") -> -0.0033267806 | G43: =SUM(Jan!G43, Feb!G43,Mar!G43) -> 48623.56 | H43: =SUM(Jan!H43, Feb!H43, Mar!H43) -> -9077.56 | I43: =IFERROR(H43/G43, "") -> -0.18669057
A44: Pioneer USD - Frontier ES | B44: CA | C44: =SUM(Jan!C44, Feb!C44, Mar!C44) -> 69193 | D44: =SUM(Jan!D44, Feb!D44, Mar!D44) -> 0 | E44: =IF(AND(ISNUMBER(C44),ISNUMBER(D44)), C44-D44, "") -> 69193 | F44: =IFERROR(E44/D44, "") | G44: =SUM(Jan!G44, Feb!G44, Mar!G45) -> 61922.17 | H44: =SUM(Jan!H44, Feb!H44, Mar!H44) -> 8061.03 | I44: =IFERROR(H44/G44, "") -> 0.13018003
A45: Pioneer USD - Pioneer ES | B45: CA | C45: =SUM(Jan!C45, Feb!C45, Mar!C45) -> 41281 | D45: =SUM(Jan!D45, Feb!D45, Mar!D45) -> 0 | E45: =IF(AND(ISNUMBER(C45),ISNUMBER(D45)), C45-D45, "") -> 41281 | F45: =IFERROR(E45/D45, "") | G45: =SUM(Jan!G45, Feb!G45,Mar!G45) -> 62281.26 | H45: =SUM(Jan!H45, Feb!H45, Mar!H45) -> -21000.26 | I45: =IFERROR(H45/G45, "") -> -0.33718425
A46: Pioneer USD - Pioneer MS | B46: CA | C46: =SUM(Jan!C46, Feb!C46, Mar!C46) -> 95802 | D46: =SUM(Jan!D46, Feb!D46, Mar!D46) -> 0 | E46: =IF(AND(ISNUMBER(C46),ISNUMBER(D46)), C46-D46, "") -> 95802 | F46: =IFERROR(E46/D46, "") | G46: =SUM(Jan!G46, Feb!G46, Mar!G47) -> 101766.18 | H46: =SUM(Jan!H46, Feb!H46, Mar!H46) -> 11728.33 | I46: =IFERROR(H46/G46, "") -> 0.11524782
A47: Kingsburg Joint UHSD - Kingsburg HS | B47: CA | C47: =SUM(Jan!C47, Feb!C47, Mar!C47) -> 154011 | D47: =SUM(Jan!D47, Feb!D47, Mar!D47) -> 133941 | E47: =IF(AND(ISNUMBER(C47),ISNUMBER(D47)), C47-D47, "") -> 20070 | F47: =IFERROR(E47/D47, "") -> 0.14984209 | G47: =SUM(Jan!G47, Feb!G47,Mar!G47) -> 144517.65 | H47: =SUM(Jan!H47, Feb!H47, Mar!H47) -> 9493.35 | I47: =IFERROR(H47/G47, "") -> 0.0656899
A48: CADRB | B48: CA | C48: =SUM(Jan!C48, Feb!C48, Mar!C48) -> 0 | D48: =SUM(Jan!D48, Feb!D48, Mar!D48) -> 0 | E48: =IF(AND(ISNUMBER(C48),ISNUMBER(D48)), C48-D48, "") -> 0 | F48: =IFERROR(E48/D48, "") | G48: =SUM(Jan!G48, Feb!G48, Mar!G49) -> 1265150.8 | H48: =SUM(Jan!H48, Feb!H48, Mar!H48) -> -1550916 | I48: =IFERROR(H48/G48, "") -> -1.2258744
A49: CDCR-CA State Prison LA County | B49: CA | C49: =SUM(Jan!C49, Feb!C49, Mar!C49) -> 572550 | D49: =SUM(Jan!D49, Feb!D49, Mar!D49) -> 571486 | E49: =IF(AND(ISNUMBER(C49),ISNUMBER(D49)), C49-D49, "") -> 1064 | F49: =IFERROR(E49/D49, "") -> 0.0018618129 | G49: =SUM(Jan!G49, Feb!G49,Mar!G49) -> 956201.86 | H49: =SUM(Jan!H49, Feb!H49, Mar!H49) -> -383651.86 | I49: =IFERROR(H49/G49, "") -> -0.40122476
A50: Central USD Akers ES | B50: CA | C50: =SUM(Jan!C50, Feb!C50, Mar!C50) -> 125312 | D50: =SUM(Jan!D50, Feb!D50, Mar!D50) -> 0 | E50: =IF(AND(ISNUMBER(C50),ISNUMBER(D50)), C50-D50, "") -> 125312 | F50: =IFERROR(E50/D50, "") | G50: =SUM(Jan!G50, Feb!G50, Mar!G51) -> 60014.97 | H50: =SUM(Jan!H50, Feb!H50, Mar!H50) -> 58235.27 | I50: =IFERROR(H50/G50, "") -> 0.97034573
A51: CUSD - District Office | B51: CA | C51: =SUM(Jan!C51, Feb!C51, Mar!C51) -> 49223 | D51: =SUM(Jan!D51, Feb!D51, Mar!D51) -> 49053 | E51: =IF(AND(ISNUMBER(C51),ISNUMBER(D51)), C51-D51, "") -> 170 | F51: =IFERROR(E51/D51, "") -> 0.0034656392 | G51: =SUM(Jan!G51, Feb!G51,Mar!G51) -> 51733.5 | H51: =SUM(Jan!H51, Feb!H51, Mar!H51) -> -2510.5 | I51: =IFERROR(H51/G51, "") -> -0.04852755
A52: Parlier - WTP | B52: CA | C52: =SUM(Jan!C52, Feb!C52, Mar!C52) -> 96610 | D52: =SUM(Jan!D52, Feb!D52, Mar!D52) -> 97173 | E52: =IF(AND(ISNUMBER(C52),ISNUMBER(D52)), C52-D52, "") -> -563 | F52: =IFERROR(E52/D52, "") -> -0.0057937905 | G52: =SUM(Jan!G52, Feb!G52, Mar!G53) -> 104445.94 | H52: =SUM(Jan!H52, Feb!H52, Mar!H52) -> -37093.36 | I52: =IFERROR(H52/G52, "") -> -0.35514411
A53: Snowline SD - Quail Valley MS | B53: CA | C53: =SUM(Jan!C53, Feb!C53, Mar!C53) -> 73141 | D53: =SUM(Jan!D53, Feb!D53, Mar!D53) -> 71547 | E53: =IF(AND(ISNUMBER(C53),ISNUMBER(D53)), C53-D53, "") -> 1594 | F53: =IFERROR(E53/D53, "") -> 0.022279061 | G53: =SUM(Jan!G53, Feb!G53,Mar!G53) -> 86517.26 | H53: =SUM(Jan!H53, Feb!H53, Mar!H53) -> -13376.26 | I53: =IFERROR(H53/G53, "") -> -0.15460799
A54: Snowline SD - Serrano HS - Middle Lot | B54: CA | C54: =SUM(Jan!C54, Feb!C54, Mar!C54) -> 67117 | D54: =SUM(Jan!D54, Feb!D54, Mar!D54) -> 67726 | E54: =IF(AND(ISNUMBER(C54),ISNUMBER(D54)), C54-D54, "") -> -609 | F54: =IFERROR(E54/D54, "") -> -0.0089921153 | G54: =SUM(Jan!G54, Feb!G54, Mar!G55) -> 77710.38 | H54: =SUM(Jan!H54, Feb!H54, Mar!H54) -> -33457.15 | I54: =IFERROR(H54/G54, "") -> -0.43053644
A55: Snowline SD - Pinon Hills ES | B55: CA | C55: =SUM(Jan!C55, Feb!C55, Mar!C55) -> 30706 | D55: =SUM(Jan!D55, Feb!D55, Mar!D55) -> 31037 | E55: =IF(AND(ISNUMBER(C55),ISNUMBER(D55)), C55-D55, "") -> -331 | F55: =IFERROR(E55/D55, "") -> -0.010664691 | G55: =SUM(Jan!G55, Feb!G55,Mar!G55) -> 52493.94 | H55: =SUM(Jan!H55, Feb!H55, Mar!H55) -> -21787.94 | I55: =IFERROR(H55/G55, "") -> -0.41505629
A56: Ramona - Santa Maria WTP | B56: CA | C56: =SUM(Jan!C56, Feb!C56, Mar!C56) -> 166769 | D56: =SUM(Jan!D56, Feb!D56, Mar!D56) -> 166654 | E56: =IF(AND(ISNUMBER(C56),ISNUMBER(D56)), C56-D56, "") -> 115 | F56: =IFERROR(E56/D56, "") -> 0.00069005244 | G56: =SUM(Jan!G56, Feb!G56, Mar!G57) -> 142213.79 | H56: =SUM(Jan!H56, Feb!H56, Mar!H56) -> -21695.51 | I56: =IFERROR(H56/G56, "") -> -0.1525556
A57: Kohls - Redding | B57: CA | C57: =SUM(Jan!C57, Feb!C57, Mar!C57) -> 65082 | D57: =SUM(Jan!D57, Feb!D57, Mar!D57) -> 33 | E57: =IF(AND(ISNUMBER(C57),ISNUMBER(D57)), C57-D57, "") -> 65049 | F57: =IFERROR(E57/D57, "") -> 1971.1818 | G57: =SUM(Jan!G57, Feb!G57,Mar!G57) -> 56668.39 | H57: =SUM(Jan!H57, Feb!H57, Mar!H57) -> 8413.61 | I57: =IFERROR(H57/G57, "") -> 0.14847096
A58: Kohls - Salinas | B58: CA | C58: =SUM(Jan!C58, Feb!C58, Mar!C58) -> 79266 | D58: =SUM(Jan!D58, Feb!D58, Mar!D58) -> 79173 | E58: =IF(AND(ISNUMBER(C58),ISNUMBER(D58)), C58-D58, "") -> 93 | F58: =IFERROR(E58/D58, "") -> 0.0011746429 | G58: =SUM(Jan!G58, Feb!G58, Mar!G59) -> 195379.35 | H58: =SUM(Jan!H58, Feb!H58, Mar!H58) -> -16326.61 | I58: =IFERROR(H58/G58, "") -> -0.083563642
A59: Kohls - San Bernardino - Central | B59: CA | C59: =SUM(Jan!C59, Feb!C59, Mar!C59) -> 325957 | D59: =SUM(Jan!D59, Feb!D59, Mar!D59) -> 324477 | E59: =IF(AND(ISNUMBER(C59),ISNUMBER(D59)), C59-D59, "") -> 1480 | F59: =IFERROR(E59/D59, "") -> 0.0045611862 | G59: =SUM(Jan!G59, Feb!G59,Mar!G59) -> 373996.89 | H59: =SUM(Jan!H59, Feb!H59, Mar!H59) -> -48039.89 | I59: =IFERROR(H59/G59, "") -> -0.12844997
A60: Kohls - Sonora | B60: CA | C60: =SUM(Jan!C60, Feb!C60, Mar!C60) -> 58428 | D60: =SUM(Jan!D60, Feb!D60, Mar!D60) -> 39838 | E60: =IF(AND(ISNUMBER(C60),ISNUMBER(D60)), C60-D60, "") -> 18590 | F60: =IFERROR(E60/D60, "") -> 0.46663989 | G60: =SUM(Jan!G60, Feb!G60, Mar!G61) -> 53636.64 | H60: =SUM(Jan!H60, Feb!H60, Mar!H60) -> -3277.03 | I60: =IFERROR(H60/G60, "") -> -0.061096855
A61: CUSD - Stratford ES | B61: CA | C61: =SUM(Jan!C61, Feb!C61, Mar!C61) -> 58757 | D61: =SUM(Jan!D61, Feb!D61, Mar!D61) -> 59149 | E61: =IF(AND(ISNUMBER(C61),ISNUMBER(D61)), C61-D61, "") -> -392 | F61: =IFERROR(E61/D61, "") -> -0.006627331 | G61: =SUM(Jan!G61, Feb!G61,Mar!G61) -> 44456.07 | H61: =SUM(Jan!H61, Feb!H61, Mar!H61) -> 14300.93 | I61: =IFERROR(H61/G61, "") -> 0.32168678
A62: Taft - City Hall | B62: CA | C62: =SUM(Jan!C62, Feb!C62, Mar!C62) -> 5032 | D62: =SUM(Jan!D62, Feb!D62, Mar!D62) -> 298 | E62: =IF(AND(ISNUMBER(C62),ISNUMBER(D62)), C62-D62, "") -> 4734 | F62: =IFERROR(E62/D62, "") -> 15.885906 | G62: =SUM(Jan!G62, Feb!G62, Mar!G63) -> 21141.25 | H62: =SUM(Jan!H62, Feb!H62, Mar!H62) -> -11478.08 | I62: =IFERROR(H62/G62, "") -> -0.54292343
A63: Taft - Federal Prison | B63: CA | C63: =SUM(Jan!C63, Feb!C63, Mar!C63) -> 40100 | D63: =SUM(Jan!D63, Feb!D63, Mar!D63) -> 40585 | E63: =IF(AND(ISNUMBER(C63),ISNUMBER(D63)), C63-D63, "") -> -485 | F63: =IFERROR(E63/D63, "") -> -0.011950228 | G63: =SUM(Jan!G63, Feb!G63,Mar!G63) -> 28186.64 | H63: =SUM(Jan!H63, Feb!H63, Mar!H63) -> 11913.36 | I63: =IFERROR(H63/G63, "") -> 0.42265981
A64: Taft - Police Department | B64: CA | C64: =SUM(Jan!C64, Feb!C64, Mar!C64) -> 25316 | D64: =SUM(Jan!D64, Feb!D64, Mar!D64) -> 25528 | E64: =IF(AND(ISNUMBER(C64),ISNUMBER(D64)), C64-D64, "") -> -212 | F64: =IFERROR(E64/D64, "") -> -0.0083046067 | G64: =SUM(Jan!G64, Feb!G64, Mar!G65) -> 43385.41 | H64: =SUM(Jan!H64, Feb!H64, Mar!H64) -> 6357.28 | I64: =IFERROR(H64/G64, "") -> 0.14653037
A65: Taft - WTP | B65: CA | C65: =SUM(Jan!C65, Feb!C65, Mar!C65) -> 31622 | D65: =SUM(Jan!D65, Feb!D65, Mar!D65) -> 65419 | E65: =IF(AND(ISNUMBER(C65),ISNUMBER(D65)), C65-D65, "") -> -33797 | F65: =IFERROR(E65/D65, "") -> -0.51662361 | G65: =SUM(Jan!G65, Feb!G65,Mar!G65) -> 76600.94 | H65: =SUM(Jan!H65, Feb!H65, Mar!H65) -> -44978.94 | I65: =IFERROR(H65/G65, "") -> -0.58718522
A66: CDCR - CA Correctional Institution | B66: CA | C66: =SUM(Jan!C66, Feb!C66, Mar!C66) -> 350805 | D66: =SUM(Jan!D66, Feb!D66, Mar!D66) -> 345262 | E66: =IF(AND(ISNUMBER(C66),ISNUMBER(D66)), C66-D66, "") -> 5543 | F66: =IFERROR(E66/D66, "") -> 0.016054475 | G66: =SUM(Jan!G66, Feb!G66, Mar!G67) -> 383758.33 | H66: =SUM(Jan!H66, Feb!H66, Mar!H66) -> 27127.87 | I66: =IFERROR(H66/G66, "") -> 0.070689983
A67: CDCR - CA Correctional Institution II | B67: CA | C67: =SUM(Jan!C67, Feb!C67, Mar!C67) -> 333370 | D67: =SUM(Jan!D67, Feb!D67, Mar!D67) -> 375609 | E67: =IF(AND(ISNUMBER(C67),ISNUMBER(D67)), C67-D67, "") -> -42239 | F67: =IFERROR(E67/D67, "") -> -0.11245471 | G67: =SUM(Jan!G67, Feb!G67,Mar!G67) -> 510212.31 | H67: =SUM(Jan!H67, Feb!H67, Mar!H67) -> -176842.31 | I67: =IFERROR(H67/G67, "") -> -0.34660534
A68: Snowline SD - Vista Verde ES | B68: CA | C68: =SUM(Jan!C68, Feb!C68, Mar!C68) -> 42481 | D68: =SUM(Jan!D68, Feb!D68, Mar!D68) -> 42714 | E68: =IF(AND(ISNUMBER(C68),ISNUMBER(D68)), C68-D68, "") -> -233 | F68: =IFERROR(E68/D68, "") -> -0.005454886 | G68: =SUM(Jan!G68, Feb!G68, Mar!G69) -> 34899.89 | H68: =SUM(Jan!H68, Feb!H68, Mar!H68) -> -20520.8 | I68: =IFERROR(H68/G68, "") -> -0.58799039
A69: North Stonington | B69: CT | C69: =SUM(Jan!C69, Feb!C69, Mar!C69) -> 2918160 | D69: =SUM(Jan!D69, Feb!D69, Mar!D69) -> 0 | E69: =IF(AND(ISNUMBER(C69),ISNUMBER(D69)), C69-D69, "") -> 2918160 | F69: =IFERROR(E69/D69, "") | G69: =SUM(Jan!G69, Feb!G69,Mar!G69) -> 0 | H69: =SUM(Jan!H69, Feb!H69, Mar!H69) -> 2918160 | I69: =IFERROR(H69/G69, "")
A70: CT: Torrington - 2-298 Rossi Road | B70: CT

Sheet 2nd Qtr
A1: {=portfolio} -> Silicon Ranch | D1: 2nd Quarter Actual v. Expected | G1: 2nd Quarter Actual v. Forecasted
A2: Total | C2: =SUM(C4:C100) -> 13481489 | D2: =SUM(D4:D100) -> 8136235 | E2: =C2-D2 -> 5345253.7 | F2: =IFERROR(E2/D2, 0) -> 0.65696894 | G2: =SUM(G4:G100) -> 15646884 | H2: =C2-G2 -> -2165395.7 | I2: =IFERROR(H2/G2, 0) -> -0.1383915
A3: Site | B3: State | C3: Actual | D3: Expected | E3: Delta | F3: % | G3: Forecasted | H3: Delta | I3: %
A4: {=Sites[Site]} -> Iron Mountain - Windsor | B4: {=Sites[State]} -> CT | C4: =SUM(Apr!C4, May!C4, Jun!C4) -> 95082 | D4: =SUM(Apr!D4, May!D4, Jun!D4) -> 94682 | E4: =IF(AND(ISNUMBER(C4),ISNUMBER(D4)), C4-D4, "") -> 400 | F4: =IFERROR(E4/D4, "") -> 0.0042246678 | G4: =SUM(Apr!G4, May!G4, Jun!G4) -> 101635.19 | H4: =SUM(Apr!H4, May!H4, Jun!H4) -> -6553.19 | I4: =IFERROR(H4/G4, "") -> -0.064477569
A5: Kohls - Auburn | B5: NY | C5: =SUM(Apr!C5, May!C5, Jun!C5) -> 101667 | D5: =SUM(Apr!D5, May!D5, Jun!D5) -> 100904 | E5: =IF(AND(ISNUMBER(C5),ISNUMBER(D5)), C5-D5, "") -> 763 | F5: =IFERROR(E5/D5, "") -> 0.0075616427 | G5: =SUM(Apr!G5, May!G5, Jun!G5) -> 123082.24 | H5: =SUM(Apr!H5, May!H5, Jun!H5) -> -21415.24 | I5: =IFERROR(H5/G5, "") -> -0.17399131
A6: Kohls - Bensalem | B6: PA | C6: =SUM(Apr!C6, May!C6, Jun!C6) -> 25179 | D6: =SUM(Apr!D6, May!D6, Jun!D6) -> 24905 | E6: =IF(AND(ISNUMBER(C6),ISNUMBER(D6)), C6-D6, "") -> 274 | F6: =IFERROR(E6/D6, "") -> 0.011001807 | G6: =SUM(Apr!G6, May!G6, Jun!G6) -> 110297.53 | H6: =SUM(Apr!H6, May!H6, Jun!H6) -> -85118.53 | I6: =IFERROR(H6/G6, "") -> -0.77171746
A7: Kohls - Brick | B7: NJ | C7: =SUM(Apr!C7, May!C7, Jun!C7) -> 119185 | D7: =SUM(Apr!D7, May!D7, Jun!D7) -> 113844 | E7: =IF(AND(ISNUMBER(C7),ISNUMBER(D7)), C7-D7, "") -> 5341 | F7: =IFERROR(E7/D7, "") -> 0.046915077 | G7: =SUM(Apr!G7, May!G7, Jun!G7) -> 134065.61 | H7: =SUM(Apr!H7, May!H7, Jun!H7) -> -14880.61 | I7: =IFERROR(H7/G7, "") -> -0.11099498
A8: Kohls - Buffalo | B8: NY | C8: =SUM(Apr!C8, May!C8, Jun!C8) -> 107073 | D8: =SUM(Apr!D8, May!D8, Jun!D8) -> 0 | E8: =IF(AND(ISNUMBER(C8),ISNUMBER(D8)), C8-D8, "") -> 107073 | F8: =IFERROR(E8/D8, "") | G8: =SUM(Apr!G8, May!G8, Jun!G8) -> 146084.38 | H8: =SUM(Apr!H8, May!H8, Jun!H8) -> -39011.38 | I8: =IFERROR(H8/G8, "") -> -0.26704689
A9: Kohls - Canton | B9: CT | C9: =SUM(Apr!C9, May!C9, Jun!C9) -> 46827 | D9: =SUM(Apr!D9, May!D9, Jun!D9) -> 46338 | E9: =IF(AND(ISNUMBER(C9),ISNUMBER(D9)), C9-D9, "") -> 489 | F9: =IFERROR(E9/D9, "") -> 0.010552894 | G9: =SUM(Apr!G9, May!G9, Jun!G9) -> 45416.5 | H9: =SUM(Apr!H9, May!H9, Jun!H9) -> 1410.5 | I9: =IFERROR(H9/G9, "") -> 0.031056995
A10: Kohls - East Amherst | B10: NY | C10: =SUM(Apr!C10, May!C10, Jun!C10) -> 61713 | D10: =SUM(Apr!D10, May!D10, Jun!D10) -> 61010 | E10: =IF(AND(ISNUMBER(C10),ISNUMBER(D10)), C10-D10, "") -> 703 | F10: =IFERROR(E10/D10, "") -> 0.011522701 | G10: =SUM(Apr!G10, May!G10, Jun!G10) -> 130330 | H10: =SUM(Apr!H10, May!H10, Jun!H10) -> -68617 | I10: =IFERROR(H10/G10, "") -> -0.52648661
A11: Kohls - East Brunswick | B11: NJ | C11: =SUM(Apr!C11, May!C11, Jun!C11) -> 150001 | D11: =SUM(Apr!D11, May!D11, Jun!D11) -> 143257 | E11: =IF(AND(ISNUMBER(C11),ISNUMBER(D11)), C11-D11, "") -> 6744 | F11: =IFERROR(E11/D11, "") -> 0.047076234 | G11: =SUM(Apr!G11, May!G11, Jun!G11) -> 173248.83 | H11: =SUM(Apr!H11, May!H11, Jun!H11) -> -23247.83 | I11: =IFERROR(H11/G11, "") -> -0.13418752
A12: Kohls - Edgewood | B12: MD | C12: =SUM(Apr!C12, May!C12, Jun!C12) -> 771694 | D12: =SUM(Apr!D12, May!D12, Jun!D12) -> 759216 | E12: =IF(AND(ISNUMBER(C12),ISNUMBER(D12)), C12-D12, "") -> 12478 | F12: =IFERROR(E12/D12, "") -> 0.016435375 | G12: =SUM(Apr!G12, May!G12, Jun!G12) -> 917243.32 | H12: =SUM(Apr!H12, May!H12, Jun!H12) -> -145549.32 | I12: =IFERROR(H12/G12, "") -> -0.15868125
A13: Kohls - Granite Run | B13: PA | C13: =SUM(Apr!C13, May!C13, Jun!C13) -> 102790 | D13: =SUM(Apr!D13, May!D13, Jun!D13) -> 101830 | E13: =IF(AND(ISNUMBER(C13),ISNUMBER(D13)), C13-D13, "") -> 960 | F13: =IFERROR(E13/D13, "") -> 0.0094274772 | G13: =SUM(Apr!G13, May!G13, Jun!G13) -> 109968.7 | H13: =SUM(Apr!H13, May!H13, Jun!H13) -> -7178.7 | I13: =IFERROR(H13/G13, "") -> -0.065279484
A14: Kohls - Greece | B14: NY | C14: =SUM(Apr!C14, May!C14, Jun!C14) -> 102523 | D14: =SUM(Apr!D14, May!D14, Jun!D14) -> 101620 | E14: =IF(AND(ISNUMBER(C14),ISNUMBER(D14)), C14-D14, "") -> 903 | F14: =IFERROR(E14/D14, "") -> 0.0088860461 | G14: =SUM(Apr!G14, May!G14, Jun!G14) -> 141215.53 | H14: =SUM(Apr!H14, May!H14, Jun!H14) -> -38692.53 | I14: =IFERROR(H14/G14, "") -> -0.27399628
A15: Kohls - Hanover | B15: PA | C15: =SUM(Apr!C15, May!C15, Jun!C15) -> 121035 | D15: =SUM(Apr!D15, May!D15, Jun!D15) -> 120271 | E15: =IF(AND(ISNUMBER(C15),ISNUMBER(D15)), C15-D15, "") -> 764 | F15: =IFERROR(E15/D15, "") -> 0.006352321 | G15: =SUM(Apr!G15, May!G15, Jun!G15) -> 124902.24 | H15: =SUM(Apr!H15, May!H15, Jun!H15) -> -3867.24 | I15: =IFERROR(H15/G15, "") -> -0.030962135
A16: Kohls - Horsehead | B16: NY | C16: =SUM(Apr!C16, May!C16, Jun!C16) -> 88669 | D16: =SUM(Apr!D16, May!D16, Jun!D16) -> 87913 | E16: =IF(AND(ISNUMBER(C16),ISNUMBER(D16)), C16-D16, "") -> 756 | F16: =IFERROR(E16/D16, "") -> 0.0085994108 | G16: =SUM(Apr!G16, May!G16, Jun!G16) -> 100894.67 | H16: =SUM(Apr!H16, May!H16, Jun!H16) -> -12225.67 | I16: =IFERROR(H16/G16, "") -> -0.12117261
... A69: North Stonington | B69: CT | C69: =SUM(Apr!C69, May!C69, Jun!C69) -> 4455680 | D69: =SUM(Apr!D69, May!D69, Jun!D69) -> 0 | E69: =IF(AND(ISNUMBER(C69),ISNUMBER(D69)), C69-D69, "") -> 4455680 | F69: =IFERROR(E69/D69, "") | G69: =SUM(Apr!G69, May!G69, Jun!G69) -> 0 | H69: =SUM(Apr!H69, May!H69, Jun!H69) -> 1626160 | I69: =IFERROR(H69/G69, "")
A70: CT: Torrington - 2-298 Rossi Road | B70: CT

Sheet 3rd Qtr
A1: {=portfolio} -> Silicon Ranch | D1: 3rd Quarter Actual v. Expected | G1: 3rd Quarter Actual v. Forecasted
A2: Total | C2: =SUM(C4:C100) -> 12730703 | D2: =SUM(D4:D100) -> 7025643 | E2: =C2-D2 -> 5705060 | F2: =IFERROR(E2/D2, 0) -> 0.81203386 | G2: =SUM(G4:G100) -> 13874435 | H2: =C2-G2 -> -1143731.6 | I2: =IFERROR(H2/G2, 0) -> -0.082434463
A3: Site | B3: State | C3: Actual | D3: Expected | E3: Delta | F3: % | G3: Forecasted | H3: Delta | I3: %
A4: {=Sites[Site]} -> Iron Mountain - Windsor | B4: {=Sites[State]} -> CT | C4: =SUM(Jul!C4, Aug!C4, Sep!C4) -> 105117 | D4: =SUM(Jul!D4, Aug!D4, Sep!D4) -> 104839 | E4: =IF(AND(ISNUMBER(C4),ISNUMBER(D4)), C4-D4, "") -> 278 | F4: =IFERROR(E4/D4, "") -> 0.002651685 | G4: =SUM(Jul!G4, Aug!G4, Sep!G4) -> 94298.33 | H4: =SUM(Jul!H4, Aug!H4, Sep!H4) -> 10818.67 | I4: =IFERROR(H4/G4, "") -> 0.11472812
A5: Kohls - Auburn | B5: NY | C5: =SUM(Jul!C5, Aug!C5, Sep!C5) -> 120997 | D5: =SUM(Jul!D5, Aug!D5, Sep!D5) -> 120640 | E5: =IF(AND(ISNUMBER(C5),ISNUMBER(D5)), C5-D5, "") -> 357 | F5: =IFERROR(E5/D5, "") -> 0.0029592175 | G5: =SUM(Jul!G5, Aug!G5, Sep!G5) -> 115103.23 | H5: =SUM(Jul!H5, Aug!H5, Sep!H5) -> 5893.77 | I5: =IFERROR(H5/G5, "") -> 0.05120421
A6: Kohls - Bensalem | B6: PA | C6: =SUM(Jul!C6, Aug!C6, Sep!C6) -> 0 | D6: =SUM(Jul!D6, Aug!D6, Sep!D6) -> 0 | E6: =IF(AND(ISNUMBER(C6),ISNUMBER(D6)), C6-D6, "") -> 0 | F6: =IFERROR(E6/D6, "") | G6: =SUM(Jul!G6, Aug!G6, Sep!G6) -> 107414.47 | H6: =SUM(Jul!H6, Aug!H6, Sep!H6) -> -107414.47 | I6: =IFERROR(H6/G6, "") -> -1
A7: Kohls - Brick | B7: NJ | C7: =SUM(Jul!C7, Aug!C7, Sep!C7) -> 137165 | D7: =SUM(Jul!D7, Aug!D7, Sep!D7) -> 136957 | E7: =IF(AND(ISNUMBER(C7),ISNUMBER(D7)), C7-D7, "") -> 208 | F7: =IFERROR(E7/D7, "") -> 0.0015187249 | G7: =SUM(Jul!G7, Aug!G7, Sep!G7) -> 127403.81 | H7: =SUM(Jul!H7, Aug!H7, Sep!H7) -> 9761.19 | I7: =IFERROR(H7/G7, "") -> 0.076616155
A8: Kohls - Buffalo | B8: NY | C8: =SUM(Jul!C8, Aug!C8, Sep!C8) -> 137537 | D8: =SUM(Jul!D8, Aug!D8, Sep!D8) -> 0 | E8: =IF(AND(ISNUMBER(C8),ISNUMBER(D8)), C8-D8, "") -> 137537 | F8: =IFERROR(E8/D8, "") | G8: =SUM(Jul!G8, Aug!G8, Sep!G8) -> 138873.65 | H8: =SUM(Jul!H8, Aug!H8, Sep!H8) -> -1336.65 | I8: =IFERROR(H8/G8, "") -> -0.009624936
A9: Kohls - Canton | B9: CT | C9: =SUM(Jul!C9, Aug!C9, Sep!C9) -> 52753 | D9: =SUM(Jul!D9, Aug!D9, Sep!D9) -> 52162 | E9: =IF(AND(ISNUMBER(C9),ISNUMBER(D9)), C9-D9, "") -> 591 | F9: =IFERROR(E9/D9, "") -> 0.011330087 | G9: =SUM(Jul!G9, Aug!G9, Sep!G9) -> 43532.88 | H9: =SUM(Jul!H9, Aug!H9, Sep!H9) -> 9220.12 | I9: =IFERROR(H9/G9, "") -> 0.21179669
A10: Kohls - East Amherst | B10: NY | C10: =SUM(Jul!C10, Aug!C10, Sep!C10) -> 0 | D10: =SUM(Jul!D10, Aug!D10, Sep!D10) -> 0 | E10: =IF(AND(ISNUMBER(C10),ISNUMBER(D10)), C10-D10, "") -> 0 | F10: =IFERROR(E10/D10, "") | G10: =SUM(Jul!G10, Aug!G10, Sep!G10) -> 123850.53 | H10: =SUM(Jul!H10, Aug!H10, Sep!H10) -> -123850.53 | I10: =IFERROR(H10/G10, "") -> -1
A11: Kohls - East Brunswick | B11: NJ | C11: =SUM(Jul!C11, Aug!C11, Sep!C11) -> 116479 | D11: =SUM(Jul!D11, Aug!D11, Sep!D11) -> 92958 | E11: =IF(AND(ISNUMBER(C11),ISNUMBER(D11)), C11-D11, "") -> 23521 | F11: =IFERROR(E11/D11, "") -> 0.25302825 | G11: =SUM(Jul!G11, Aug!G11, Sep!G11) -> 162921.69 | H11: =SUM(Jul!H11, Aug!H11, Sep!H11) -> -46442.69 | I11: =IFERROR(H11/G11, "") -> -0.28506143
A12: Kohls - Edgewood | B12: MD | C12: =SUM(Jul!C12, Aug!C12, Sep!C12) -> 509904 | D12: =SUM(Jul!D12, Aug!D12, Sep!D12) -> 507542 | E12: =IF(AND(ISNUMBER(C12),ISNUMBER(D12)), C12-D12, "") -> 2362 | F12: =IFERROR(E12/D12, "") -> 0.004653802 | G12: =SUM(Jul!G12, Aug!G12, Sep!G12) -> 848686.32 | H12: =SUM(Jul!H12, Aug!H12, Sep!H12) -> -338782.32 | I12: =IFERROR(H12/G12, "") -> -0.39918438
A13: Kohls - Granite Run | B13: PA | C13: =SUM(Jul!C13, Aug!C13, Sep!C13) -> 108183 | D13: =SUM(Jul!D13, Aug!D13, Sep!D13) -> 107416 | E13: =IF(AND(ISNUMBER(C13),ISNUMBER(D13)), C13-D13, "") -> 767 | F13: =IFERROR(E13/D13, "") -> 0.0071404632 | G13: =SUM(Jul!G13, Aug!G13, Sep!G13) -> 106273.4 | H13: =SUM(Jul!H13, Aug!H13, Sep!H13) -> 1909.6 | I13: =IFERROR(H13/G13, "") -> 0.017968749
A14: Kohls - Greece | B14: NY | C14: =SUM(Jul!C14, Aug!C14, Sep!C14) -> 112100 | D14: =SUM(Jul!D14, Aug!D14, Sep!D14) -> 111563 | E14: =IF(AND(ISNUMBER(C14),ISNUMBER(D14)), C14-D14, "") -> 537 | F14: =IFERROR(E14/D14, "") -> 0.0048134238 | G14: =SUM(Jul!G14, Aug!G14, Sep!G14) -> 132392.49 | H14: =SUM(Jul!H14, Aug!H14, Sep!H14) -> -20292.49 | I14: =IFERROR(H14/G14, "") -> -0.15327523
A15: Kohls - Hanover | B15: PA | C15: =SUM(Jul!C15, Aug!C15, Sep!C15) -> 115643 | D15: =SUM(Jul!D15, Aug!D15, Sep!D15) -> 115074 | E15: =IF(AND(ISNUMBER(C15),ISNUMBER(D15)), C15-D15, "") -> 569 | F15: =IFERROR(E15/D15, "") -> 0.0049446443 | G15: =SUM(Jul!G15, Aug!G15, Sep!G15) -> 115396.58 | H15: =SUM(Jul!H15, Aug!H15, Sep!H15) -> 246.42 | I15: =IFERROR(H15/G15, "") -> 0.0021354186
A16: Kohls - Horsehead | B16: NY | C16: =SUM(Jul!C16, Aug!C16, Sep!C16) -> 101083 | D16: =SUM(Jul!D16, Aug!D16, Sep!D16) -> 63439 | E16: =IF(AND(ISNUMBER(C16),ISNUMBER(D16)), C16-D16, "") -> 37644 | F16: =IFERROR(E16/D16, "") -> 0.59338892 | G16: =SUM(Jul!G16, Aug!G16, Sep!G16) -> 96817.79 | H16: =SUM(Jul!H16, Aug!H16, Sep!H16) -> 4265.21 | I16: =IFERROR(H16/G16, "") -> 0.04405399
... A37: Greenfield USD - W.A. Kendrick ES | B37: CA | C37: =SUM(Jul!C37, Aug!C37, Sep!C37) -> 0 | D37: =SUM(Jul!D37, Aug!D37, Sep!D37) -> 0 | E37: =IF(AND(ISNUMBER(C37),ISNUMBER(D37)), C37-D37, "") -> 0 | F37: =IFERROR(E37/D37, "") | G37: =SUM(Jul!G37, Aug!G37, Sep!G37) -> 51105.28 | H37: =SUM(Jul!H37, Aug!H37, Sep!H37) -> -51105.28 | I37: =IFERROR(H37/G37, "") -> -1
A38: Muroc Joint USD - Boron HS | B38: CA | C38: =SUM(Jul!B38, Aug!C38, Sep!C38) -> 0 | D38: =SUM(Jul!D38, Aug!D38, Sep!D38) -> 0 | E38: =IF(AND(ISNUMBER(C38),ISNUMBER(D38)), C38-D38, "") -> 0 | F38: =IFERROR(E38/D38, "") | G38: =SUM(Jul!G38, Aug!G38, Sep!G38) -> 110973.65 | H38: =SUM(Jul!H38, Aug!H38, Sep!H38) -> -110973.65 | I38: =IFERROR(H38/G38, "") -> -1
A39: Muroc Joint USD - W. Boron ES | B39: CA | C39: =SUM(Jul!C39, Aug!C39, Sep!C39) -> 36148 | D39: =SUM(Jul!D39, Aug!D39, Sep!D39) -> 36064 | E39: =IF(AND(ISNUMBER(C39),ISNUMBER(D39)), C39-D39, "") -> 84 | F39: =IFERROR(E39/D39, "") -> 0.0023291925 | G39: =SUM(Jul!G39, Aug!G39, Sep!G39) -> 40944.66 | H39: =SUM(Jul!H39, Aug!H39, Sep!H39) -> -4796.66 | I39: =IFERROR(H39/G39, "") -> -0.11714983
A40: Colusa - WTP | B40: CA | C40: =SUM(Jul!C40, Aug!C40, Sep!C40) -> 0 | D40: =SUM(Jul!D40, Aug!D40, Sep!D40) -> 0 | E40: =IF(AND(ISNUMBER(C40),ISNUMBER(D40)), C40-D40, "") -> 0 | F40: =IFERROR(E40/D40, "") | G40: =SUM(Jul!G40, Aug!G40, Sep!G40) -> 170190.65 | H40: =SUM(Jul!H40, Aug!H40, Sep!H40) -> -170190.65 | I40: =IFERROR(H40/G40, "") -> -1
A41: CDCR-North Kern State Prision | B41: CA | C41: =SUM(Jul!C41, Aug!C41, Sep!C41) -> 288047 | D41: =SUM(Jul!D41, Aug!D41, Sep!D41) -> 286518 | E41: =IF(AND(ISNUMBER(C41),ISNUMBER(D41)), C41-D41, "") -> 1529 | F41: =IFERROR(E41/D41, "") -> 0.0053364885 | G41: =SUM(Jul!G41, Aug!G41, Sep!G41) -> 718314.96 | H41: =SUM(Jul!H41, Aug!H41, Sep!H41) -> -430267.96 | I41: =IFERROR(H41/G41, "") -> -0.59899624
A42: Muroc Joint USD - District Office | B42: CA | C42: =SUM(Jul!C42, Aug!C42, Sep!C42) -> 20293 | D42: =SUM(Jul!D42, Aug!D42, Sep!D42) -> 20275 | E42: =IF(AND(ISNUMBER(C42),ISNUMBER(D42)), C42-D42, "") -> 18 | F42: =IFERROR(E42/D42, "") -> 0.00088779285 | G42: =SUM(Jul!G42, Aug!G42, Sep!G42) -> 28861.38 | H42: =SUM(Jul!H42, Aug!H42, Sep!H42) -> -8568.38 | I42: =IFERROR(H42/G42, "") -> -0.29688047
A43: Whole Foods - Manhattan Beach | B43: CA | C43: =SUM(Jul!C43, Aug!C43, Sep!C43) -> 47405 | D43: =SUM(Jul!D43, Aug!D43, Sep!D43) -> 47324 | E43: =IF(AND(ISNUMBER(C43),ISNUMBER(D43)), C43-D43, "") -> 81 | F43: =IFERROR(E43/D43, "") -> 0.0017116051 | G43: =SUM(Jul!G43, Aug!G43, Sep!G43) -> 62339.16 | H43: =SUM(Jul!H43, Aug!H43, Sep!H43) -> -14934.16 | I43: =IFERROR(H43/G43, "") -> -0.23956306
A44: Pioneer USD - Frontier ES | B44: CA | C44: =SUM(Jul!C44, Aug!C44, Sep!C44) -> 64920 | D44: =SUM(Jul!D44, Aug!D44, Sep!D44) -> 0 | E44: =IF(AND(ISNUMBER(C44),ISNUMBER(D44)), C44-D44, "") -> 64920 | F44: =IFERROR(E44/D44, "") | G44: =SUM(Jul!G44, Aug!G44, Sep!G44) -> 112125.53 | H44: =SUM(Jul!H44, Aug!H44, Sep!H44) -> -47205.53 | I44: =IFERROR(H44/G44, "") -> -0.42100608
A45: Pioneer USD - Pioneer ES | B45: CA | C45: =SUM(Jul!C45, Aug!C45, Sep!C45) -> 20173 | D45: =SUM(Jul!D45, Aug!D45, Sep!D45) -> 0 | E45: =IF(AND(ISNUMBER(C45),ISNUMBER(D45)), C45-D45, "") -> 20173 | F45: =IFERROR(E45/D45, "") | G45: =SUM(Jul!G45, Aug!G45, Sep!G45) -> 114396.21 | H45: =SUM(Jul!H45, Aug!H45, Sep!H45) -> -94223.21 | I45: =IFERROR(H45/G45, "") -> -0.82365675
A46: Pioneer USD - Pioneer MS | B46: CA | C46: =SUM(Jul!C46, Aug!C46, Sep!C46) -> 124769 | D46: =SUM(Jul!D46, Aug!D46, Sep!D46) -> 0 | E46: =IF(AND(ISNUMBER(C46),ISNUMBER(D46)), C46-D46, "") -> 124769 | F46: =IFERROR(E46/D46, "") | G46: =SUM(Jul!G46, Aug!G46, Sep!G46) -> 153451.37 | H46: =SUM(Jul!H46, Aug!H46, Sep!H46) -> -28682.37 | I46: =IFERROR(H46/G46, "") -> -0.18691505
A47: Kingsburg Joint UHSD - Kingsburg HS | B47: CA | C47: =SUM(Jul!C47, Aug!C47, Sep!C47) -> 85558 | D47: =SUM(Jul!D47, Aug!D47, Sep!D47) -> 0 | E47: =IF(AND(ISNUMBER(C47),ISNUMBER(D47)), C47-D47, "") -> 85558 | F47: =IFERROR(E47/D47, "") | G47: =SUM(Jul!G47, Aug!G47, Sep!G47) -> 267169.4 | H47: =SUM(Jul!H47, Aug!H47, Sep!H47) -> -181611.4 | I47: =IFERROR(H47/G47, "") -> -0.67976123
A48: CADRB | B48: CA | C48: =SUM(Jul!C48, Aug!C48, Sep!C48) -> 0 | D48: =SUM(Jul!D48, Aug!D48, Sep!D48) -> 0 | E48: =IF(AND(ISNUMBER(C48),ISNUMBER(D48)), C48-D48, "") -> 0 | F48: =IFERROR(E48/D48, "") | G48: =SUM(Jul!G48, Aug!G48, Sep!G48) -> 1652829 | H48: =SUM(Jul!H48, Aug!H48, Sep!H48) -> -1652829 | I48: =IFERROR(H48/G48, "") -> -1
A49: CDCR-CA State Prison LA County | B49: CA | C49: =SUM(Jul!C49, Aug!C49, Sep!C49) -> 709783 | D49: =SUM(Jul!D49, Aug!D49, Sep!D49) -> 708547 | E49: =IF(AND(ISNUMBER(C49),ISNUMBER(D49)), C49-D49, "") -> 1236 | F49: =IFERROR(E49/D49, "") -> 0.001744415 | G49: =SUM(Jul!G49, Aug!G49, Sep!G49) -> 1505766.9 | H49: =SUM(Jul!H49, Aug!H49, Sep!H49) -> -795983.92 | I49: =IFERROR(H49/G49, "") -> -0.52862359
A50: Central USD Akers ES | B50: CA | C50: =SUM(Jul!C50, Aug!C50, Sep!C50) -> 3124 | D50: =SUM(Jul!D50, Aug!D50, Sep!D50) -> 0 | E50: =IF(AND(ISNUMBER(C50),ISNUMBER(D50)), C50-D50, "") -> 3124 | F50: =IFERROR(E50/D50, "") | G50: =SUM(Jul!G50, Aug!G50, Sep!G50) -> 82189.1 | H50: =SUM(Jul!H50, Aug!H50, Sep!H50) -> -79065.1 | I50: =IFERROR(H50/G50, "") -> -0.96199009
... A69: North Stonington | B69: CT | C69: =SUM(Jul!C69, Aug!C69, Sep!C69) -> 4989960 | D69: =SUM(Jul!D69, Aug!D69, Sep!D69) -> 0 | E69: =IF(AND(ISNUMBER(C69),ISNUMBER(D69)), C69-D69, "") -> 4989960 | F69: =IFERROR(E69/D69, "") | G69: =SUM(Jul!G69, Aug!G69, Sep!G69) -> 0 | H69: =SUM(Jul!H69, Aug!H69, Sep!H69) -> 0 | I69: =IFERROR(H69/G69, "")
A70: CT: Torrington - 2-298 Rossi Road | B70: CT | E70: =IF(AND(ISNUMBER(C70),ISNUMBER(D70)), C70-D70, "") | F70: =IFERROR(E70/D70, "") | G70: =SUM(Jul!G70, Aug!G70, Sep!G70) -> 0 | H70: =SUM(Jul!H70, Aug!H70, Sep!H70) -> 0 | I70: =IFERROR(H70/G70, "")

Sheet 4th Qtr
A1: {=portfolio} -> Silicon Ranch | D1: 4th Quarter Actual v. Expected | G1: 4th Quarter Actual v. Forecasted
A2: Total | C2: =SUM(C4:C100) -> 6902843.4 | D2: =SUM(D4:D100) -> 3951646 | E2: =C2-D2 -> 2951197.4 | F2: =IFERROR(E2/D2, 0) -> 0.74682738 | G2: =SUM(G4:G100) -> 7553214.8 | H2: =C2-G2 -> -650371.35 | I2: =IFERROR(H2/G2, 0) -> -0.086105237
A3: Site | B3: State | C3: Actual | D3: Expected | E3: Delta | F3: % | G3: Forecasted | H3: Delta | I3: %
A4: {=Sites[Site]} -> Iron Mountain - Windsor | B4: {=Sites[State]} -> CT | C4: =SUM(Oct!C4, Nov!C4, Dec!C4) -> 45889 | D4: =SUM(Oct!D4, Nov!D4, Dec!D4) -> 45612 | E4: =IF(AND(ISNUMBER(C4),ISNUMBER(D4)), C4-D4, "") -> 277 | F4: =IFERROR(E4/D4, "") -> 0.0060729633 | G4: =SUM(Oct!G4,Nov!G4,Dec!G4) -> 44386.22 | H4: =SUM(Oct!H4, Nov!H4, Dec!H4) -> 1502.78 | I4: =IFERROR(H4/G4, "") -> 0.033856904
A5: Kohls - Auburn | B5: NY | C5: =SUM(Oct!C5, Nov!C5, Dec!C5) -> 37307 | D5: =SUM(Oct!D5, Nov!D5, Dec!D5) -> 35886 | E5: =IF(AND(ISNUMBER(C5),ISNUMBER(D5)), C5-D5, "") -> 1421 | F5: =IFERROR(E5/D5, "") -> 0.039597615 | G5: =SUM(Oct!G5,Nov!G5,Dec!G5) -> 41950.46 | H5: =SUM(Oct!H5, Nov!H5, Dec!H5) -> -4643.46 | I5: =IFERROR(H5/G5, "") -> -0.11068913
A6: Kohls - Bensalem | B6: PA | C6: =SUM(Oct!C6, Nov!C6, Dec!C6) -> 19298 | D6: =SUM(Oct!D6, Nov!D6, Dec!D6) -> 0 | E6: =IF(AND(ISNUMBER(C6),ISNUMBER(D6)), C6-D6, "") -> 19298 | F6: =IFERROR(E6/D6, "") | G6: =SUM(Oct!G6,Nov!G6,Dec!G6) -> 53942.43 | H6: =SUM(Oct!H6, Nov!H6, Dec!H6) -> -34644.43 | I6: =IFERROR(H6/G6, "") -> -0.64224823
A7: Kohls - Brick | B7: NJ | C7: =SUM(Oct!C7, Nov!C7, Dec!C7) -> 64224 | D7: =SUM(Oct!D7, Nov!D7, Dec!D7) -> 64142 | E7: =IF(AND(ISNUMBER(C7),ISNUMBER(D7)), C7-D7, "") -> 82 | F7: =IFERROR(E7/D7, "") -> 0.0012784135 | G7: =SUM(Oct!G7,Nov!G7,Dec!G7) -> 66152.43 | H7: =SUM(Oct!H7, Nov!H7, Dec!H7) -> -1928.43 | I7: =IFERROR(H7/G7, "") -> -0.02915131
A8: Kohls - Buffalo | B8: NY | C8: =SUM(Oct!C8, Nov!C8, Dec!C8) -> 45860 | D8: =SUM(Oct!D8, Nov!D8, Dec!D8) -> 0 | E8: =IF(AND(ISNUMBER(C8),ISNUMBER(D8)), C8-D8, "") -> 45860 | F8: =IFERROR(E8/D8, "") | G8: =SUM(Oct!G8,Nov!G8,Dec!G8) -> 48300.38 | H8: =SUM(Oct!H8, Nov!H8, Dec!H8) -> -2440.38 | I8: =IFERROR(H8/G8, "") -> -0.050525068
A9: Kohls - Canton | B9: CT | C9: =SUM(Oct!C9, Nov!C9, Dec!C9) -> 23395 | D9: =SUM(Oct!D9, Nov!D9, Dec!D9) -> 23027 | E9: =IF(AND(ISNUMBER(C9),ISNUMBER(D9)), C9-D9, "") -> 368 | F9: =IFERROR(E9/D9, "") -> 0.015981239 | G9: =SUM(Oct!G9,Nov!G9,Dec!G9) -> 20359.9 | H9: =SUM(Oct!H9, Nov!H9, Dec!H9) -> 3035.1 | I9: =IFERROR(H9/G9, "") -> 0.14907244
A10: Kohls - East Amherst | B10: NY | C10: =SUM(Oct!C10, Nov!C10, Dec!C10) -> 16231 | D10: =SUM(Oct!D10, Nov!D10, Dec!D10) -> 15744 | E10: =IF(AND(ISNUMBER(C10),ISNUMBER(D10)), C10-D10, "") -> 487 | F10: =IFERROR(E10/D10, "") -> 0.030932419 | G10: =SUM(Oct!G10,Nov!G10,Dec!G10) -> 44742.62 | H10: =SUM(Oct!H10, Nov!H10, Dec!H10) -> -28511.62 | I10: =IFERROR(H10/G10, "") -> -0.63723626
A11: Kohls - East Brunswick | B11: NJ | C11: =SUM(Oct!C11, Nov!C11, Dec!C11) -> 81330.2 | D11: =SUM(Oct!D11, Nov!D11, Dec!D11) -> 0 | E11: =IF(AND(ISNUMBER(C11),ISNUMBER(D11)), C11-D11, "") -> 81330.2 | F11: =IFERROR(E11/D11, "") | G11: =SUM(Oct!G11,Nov!G11,Dec!G11) -> 85164.14 | H11: =SUM(Oct!H11, Nov!H11, Dec!H11) -> -3833.94 | I11: =IFERROR(H11/G11, "") -> -0.045018244
A12: Kohls - Edgewood | B12: MD | C12: =SUM(Oct!C12, Nov!C12, Dec!C12) -> 314206 | D12: =SUM(Oct!D12, Nov!D12, Dec!D12) -> 310233 | E12: =IF(AND(ISNUMBER(C12),ISNUMBER(D12)), C12-D12, "") -> 3973 | F12: =IFERROR(E12/D12, "") -> 0.012806503 | G12: =SUM(Oct!G12,Nov!G12,Dec!G12) -> 479587.57 | H12: =SUM(Oct!H12, Nov!H12, Dec!H12) -> -165381.57 | I12: =IFERROR(H12/G12, "") -> -0.34484124
A13: Kohls - Granite Run | B13: PA | C13: =SUM(Oct!C13, Nov!C13, Dec!C13) -> 55354 | D13: =SUM(Oct!D13, Nov!D13, Dec!D13) -> 54627 | E13: =IF(AND(ISNUMBER(C13),ISNUMBER(D13)), C13-D13, "") -> 727 | F13: =IFERROR(E13/D13, "") -> 0.013308437 | G13: =SUM(Oct!G13,Nov!G13,Dec!G13) -> 54192.57 | H13: =SUM(Oct!H13, Nov!H13, Dec!H13) -> 1161.43 | I13: =IFERROR(H13/G13, "") -> 0.021431536
A14: Kohls - Greece | B14: NY | C14: =SUM(Oct!C14, Nov!C14, Dec!C14) -> 37354 | D14: =SUM(Oct!D14, Nov!D14, Dec!D14) -> 36513 | E14: =IF(AND(ISNUMBER(C14),ISNUMBER(D14)), C14-D14, "") -> 841 | F14: =IFERROR(E14/D14, "") -> 0.023032892 | G14: =SUM(Oct!G14,Nov!G14,Dec!G14) -> 49515.14 | H14: =SUM(Oct!H14, Nov!H14, Dec!H14) -> -12161.14 | I14: =IFERROR(H14/G14, "") -> -0.24560448
A15: Kohls - Hanover | B15: PA | C15: =SUM(Oct!C15, Nov!C15, Dec!C15) -> 67108 | D15: =SUM(Oct!D15, Nov!D15, Dec!D15) -> 66393 | E15: =IF(AND(ISNUMBER(C15),ISNUMBER(D15)), C15-D15, "") -> 715 | F15: =IFERROR(E15/D15, "") -> 0.010769208 | G15: =SUM(Oct!G15,Nov!G15,Dec!G15) -> 58756.89 | H15: =SUM(Oct!H15, Nov!H15, Dec!H15) -> 8351.11 | I15: =IFERROR(H15/G15, "") -> 0.14212988
A16: Kohls - Horsehead | B16: NY | C16: =SUM(Oct!C16, Nov!C16, Dec!C16) -> 37176 | D16: =SUM(Oct!D16, Nov!D16, Dec!D16) -> 36673 | E16: =IF(AND(ISNUMBER(C16),ISNUMBER(D16)), C16-D16, "") -> 503 | F16: =IFERROR(E16/D16, "") -> 0.013715813 | G16: =SUM(Oct!G16,Nov!G16,Dec!G16) -> 42924.76 | H16: =SUM(Oct!H16, Nov!H16, Dec!H16) -> -5748.76 | I16: =IFERROR(H16/G16, "") -> -0.13392643
... A70: CT: Torrington - 2-298 Rossi Road | B70: CT | C70: =SUM(Oct!C70, Nov!C70, Dec!C70) -> 1999.83 | D70: =SUM(Oct!D70, Nov!D70, Dec!D70) -> 0 | E70: =IF(AND(ISNUMBER(C70),ISNUMBER(D70)), C70-D70, "") -> 1999.83 | F70: =IFERROR(E70/D70, "") | G70: =SUM(Oct!G70,Nov!G70,Dec!G70) -> 0 | H70: =SUM(Oct!H70, Nov!H70, Dec!H70) -> 0 | I70: =IFERROR(H70/G70, "")

Sheet Jan
A1: {=portfolio} -> Silicon Ranch | D1: January Actual v. Expected | G1: January Actual v. Forecasted
A2: Total | C2: =SUM(C4:C99) -> 2371481 | D2: =SUM(D4:D99) -> 1414220 | E2: =C2-D2 -> 957261 | F2: =IFERROR(E2/D2, 0) -> 0.67688266 | G2: =SUM(G4:G99) -> 2199066.1 | H2: =C2-G2 -> 172414.94 | I2: =IFERROR(H2/G2, 0) -> 0.078403711 | J2: =IF(AND(TODAY()>DATE(2024, 1, 1), COUNTA(Sites[Site])<>(COUNT(C:C)-1)), "Some sites are missing actual data; if new sites were added, make sure they are aligned correctly (including prior months!)", "") -> Some sites are missing actual data; if new sites were added, make sure they are aligned correctly (including prior months!)
A3: Site | B3: State | C3: Actual | D3: Expected | E3: Delta | F3: % | G3: Forecasted | H3: Delta | I3: % | J3: Notes | K3: Service Requests
A4: {=Sites[Site]} -> Iron Mountain - Windsor | B4: {=Sites[State]} -> CT | C4: 13219 | D4: 13132 | E4: =IF(AND(ISNUMBER(C4),ISNUMBER(D4)), C4-D4, "") -> 87 | F4: =IFERROR(E4/D4, "") -> 0.0066250381 | G4: 12931.18 | H4: =IF(AND(ISNUMBER(C4),ISNUMBER(G4)), C4-G4, "") -> 287.82 | I4: =IFERROR(H4/G4, "") -> 0.02225783
A5: Kohls - Auburn | B5: NY | C5: 5600 | D5: 5498 | E5: =IF(AND(ISNUMBER(C5),ISNUMBER(D5)), C5-D5, "") -> 102 | F5: =IFERROR(E5/D5, "") -> 0.018552201 | G5: 4748.53 | H5: =IF(AND(ISNUMBER(C5),ISNUMBER(G5)), C5-G5, "") -> 851.47 | I5: =IFERROR(H5/G5, "") -> 0.17931233
A6: Kohls - Bensalem | B6: PA | C6: 16129 | D6: 16813 | E6: =IF(AND(ISNUMBER(C6),ISNUMBER(D6)), C6-D6, "") -> -684 | F6: =IFERROR(E6/D6, "") -> -0.040682805 | G6: 15644.12 | H6: =IF(AND(ISNUMBER(C6),ISNUMBER(G6)), C6-G6, "") -> 484.88 | I6: =IFERROR(H6/G6, "") -> 0.030994393
A7: Kohls - Brick | B7: NJ | C7: 22439 | D7: 22404 | E7: =IF(AND(ISNUMBER(C7),ISNUMBER(D7)), C7-D7, "") -> 35 | F7: =IFERROR(E7/D7, "") -> 0.001562221 | G7: 16579.62 | H7: =IF(AND(ISNUMBER(C7),ISNUMBER(G7)), C7-G7, "") -> 5859.38 | I7: =IFERROR(H7/G7, "") -> 0.35340858 | J7: 1.Inverter tripped offline at 12:25PM on 01/20 due to Asymetrical Array fault and back online on 01/21. | K7: 1.SR094211
A8: Kohls - Buffalo | B8: NY | C8: 4465 | D8: N/A | E8: =IF(AND(ISNUMBER(C8),ISNUMBER(D8)), C8-D8, "") | F8: =IFERROR(E8/D8, "") | G8: 7988.27 | H8: =IF(AND(ISNUMBER(C8),ISNUMBER(G8)), C8-G8, "") -> -3523.27 | I8: =IFERROR(H8/G8, "") -> -0.44105545 | J8: 1.Inverters 7 and 8 are offline from 12/03, due to Grid contactor Open fault and after reset done by technician inverter 7 was back online at 14:25 and inverter 8 was back online at 15:40 on 01/31/25. 2.Inverter 4 tripped offline from 13:35 on 12/30, due to Grid contactor Open fault through out the month. | K8: 1.SR093917, SR096145 2.SR095177 | L8: SR096145 | M8: SR095177
A9: Kohls - Canton | B9: CT | C9: 5915 | D9: 5837 | E9: =IF(AND(ISNUMBER(C9),ISNUMBER(D9)), C9-D9, "") -> 78 | F9: =IFERROR(E9/D9, "") -> 0.013363029 | G9: 5796.5 | H9: =IF(AND(ISNUMBER(C9),ISNUMBER(G9)), C9-G9, "") -> 118.5 | I9: =IFERROR(H9/G9, "") -> 0.020443371
A10: Kohls - East Amherst | B10: NY | C10: 5604 | D10: 5462 | E10: =IF(AND(ISNUMBER(C10),ISNUMBER(D10)), C10-D10, "") -> 142 | F10: =IFERROR(E10/D10, "") -> 0.025997803 | G10: 8423.32 | H10: =IF(AND(ISNUMBER(C10),ISNUMBER(G10)), C10-G10, "") -> -2819.32 | I10: =IFERROR(H10/G10, "") -> -0.33470413 | J10: 1.Low generation due to weather/snow.
A11: Kohls - East Brunswick | B11: NJ | C11: 21858 | D11: 22691 | E11: =IF(AND(ISNUMBER(C11),ISNUMBER(D11)), C11-D11, "") -> -833 | F11: =IFERROR(E11/D11, "") -> -0.03671059 | G11: 23131.39 | H11: =IF(AND(ISNUMBER(C11),ISNUMBER(G11)), C11-G11, "") -> -1273.39 | I11: =IFERROR(H11/G11, "") -> -0.055050302
A12: Kohls - Edgewood | B12: MD | C12: 95387 | D12: 94530 | E12: =IF(AND(ISNUMBER(C12),ISNUMBER(D12)), C12-D12, "") -> 857 | F12: =IFERROR(E12/D12, "") -> 0.009065905 | G12: 135284.96 | H12: =IF(AND(ISNUMBER(C12),ISNUMBER(G12)), C12-G12, "") -> -39897.96 | I12: =IFERROR(H12/G12, "") -> -0.29491793 | J12: 1.Low generation due to weather/snow.
A13: Kohls - Granite Run | B13: PA | C13: 12350 | D13: 12178 | E13: =IF(AND(ISNUMBER(C13),ISNUMBER(D13)), C13-D13, "") -> 172 | F13: =IFERROR(E13/D13, "") -> 0.01412383 | G13: 15908.81 | H13: =IF(AND(ISNUMBER(C13),ISNUMBER(G13)), C13-G13, "") -> -3558.81 | I13: =IFERROR(H13/G13, "") -> -0.22370058 | J13: 1.Low generation due to weather/snow.
A14: Kohls - Greece | B14: NY | C14: 5278 | D14: 5111 | E14: =IF(AND(ISNUMBER(C14),ISNUMBER(D14)), C14-D14, "") -> 167 | F14: =IFERROR(E14/D14, "") -> 0.032674623 | G14: 9358.21 | H14: =IF(AND(ISNUMBER(C14),ISNUMBER(G14)), C14-G14, "") -> -4080.21 | I14: =IFERROR(H14/G14, "") -> -0.43600325 | J14: 1.Low generation due to weather/snow.
A15: Kohls - Hanover | B15: PA | C15: 13440 | D15: 13266 | E15: =IF(AND(ISNUMBER(C15),ISNUMBER(D15)), C15-D15, "") -> 174 | F15: =IFERROR(E15/D15, "") -> 0.013116237 | G15: 18746.47 | H15: =IF(AND(ISNUMBER(C15),ISNUMBER(G15)), C15-G15, "") -> -5306.47 | I15: =IFERROR(H15/G15, "") -> -0.28306503 | J15: 1.Inverter was offline on 01/22 and back online on 01/23. | K15: 1.SR095860
A16: Kohls - Horsehead | B16: NY | C16: 10616 | D16: 10428 | E16: =IF(AND(ISNUMBER(C16),ISNUMBER(D16)), C16-D16, "") -> 188 | F16: =IFERROR(E16/D16, "") -> 0.018028385 | G16: 12681.26 | H16: =IF(AND(ISNUMBER(C16),ISNUMBER(G16)), C16-G16, "") -> -2065.26 | I16: =IFERROR(H16/G16, "") -> -0.16285921 | J16: 1.Inverter started late for its production at 12:15PM on 01/17 due to Idle State fault. | K16: 1.SR095654
A17: Kohls - Hudson | B17: NY | C17: 11567 | D17: 11484 | E17: =IF(AND(ISNUMBER(C17),ISNUMBER(D17)), C17-D17, "") -> 83 | F17: =IFERROR(E17/D17, "") -> 0.0072274469 | G17: 12764.56 | H17: =IF(AND(ISNUMBER(C17),ISNUMBER(G17)), C17-G17, "") -> -1197.56 | I17: =IFERROR(H17/G17, "") -> -0.093819137
A18: Kohls - Ithaca | B18: NY | C18: 9275 | D18: 9191 | E18: =IF(AND(ISNUMBER(C18),ISNUMBER(D18)), C18-D18, "") -> 84 | F18: =IFERROR(E18/D18, "") -> 0.0091393755 | G18: 11829.67 | H18: =IF(AND(ISNUMBER(C18),ISNUMBER(G18)), C18-G18, "") -> -2554.67 | I18: =IFERROR(H18/G18, "") -> -0.21595446 | J18: 1.Low generation due to weather/snow.
A19: Kohls - Kingston | B19: NY | C19: 18271 | D19: 18012 | E19: =IF(AND(ISNUMBER(C19),ISNUMBER(D19)), C19-D19, "") -> 259 | F19: =IFERROR(E19/D19, "") -> 0.014379303 | G19: 22224.6 | H19: =IF(AND(ISNUMBER(C19),ISNUMBER(G19)), C19-G19, "") -> -3953.6 | I19: =IFERROR(H19/G19, "") -> -0.17789297 | J19: 1.Low generation due to weather/snow.
A20: Kohls - Mechanicsburg | B20: PA | C20: 15891 | D20: 15725 | E20: =IF(AND(ISNUMBER(C20),ISNUMBER(D20)), C20-D20, "") -> 166 | F20: =IFERROR(E20/D20, "") -> 0.010556439 | G20: 21467.31 | H20: =IF(AND(ISNUMBER(C20),ISNUMBER(G20)), C20-G20, "") -> -5576.31 | I20: =IFERROR(H20/G20, "") -> -0.25975821 | J20: 1.Low generation due to weather/snow.
A21: Kohls - Middletown | B21: NJ | C21: 26770 | D21: 26078 | E21: =IF(AND(ISNUMBER(C21),ISNUMBER(D21)), C21-D21, "") -> 692 | F21: =IFERROR(E21/D21, "") -> 0.026535777 | G21: 29428.37 | H21: =IF(AND(ISNUMBER(C21),ISNUMBER(G21)), C21-G21, "") -> -2658.37 | I21: =IFERROR(H21/G21, "") -> -0.090333579
A22: Kohls - North Amherst | B22: NY | C22: 0 | D22: N/A | E22: =IF(AND(ISNUMBER(C22),ISNUMBER(D22)), C22-D22, "") | F22: =IFERROR(E22/D22, "") | G22: 6479.47 | H22: =IF(AND(ISNUMBER(C22),ISNUMBER(G22)), C22-G22, "") -> -6479.47 | I22: =IFERROR(H22/G22, "") -> -1 | J22: 1. Site tripped offline at 09:30am from 08/12/24, due to system removal for roof repair and to start rebuilding the roof. | K22: 1.SR093440,SR093861 | L22: SR093861
A23: Kohls - Staten Island | B23: NY | C23: 10433 | D23: N/A | E23: =IF(AND(ISNUMBER(C23),ISNUMBER(D23)), C23-D23, "") | F23: =IFERROR(E23/D23, "") | G23: 15368.35 | H23: =IF(AND(ISNUMBER(C23),ISNUMBER(G23)), C23-G23, "") -> -4935.35 | I23: =IFERROR(H23/G23, "") -> -0.32113727 | J23: 1. Site tripped offline at 09:05Am on 08/17/24 due to roof replacement and back online at 14:25 on 01/09/25 after technician site walkthrough. 2. Inverter 7 tripped offline at 15:20 from 01/10. Inverter 8 was offline due to Internal hardware “Error E018” fault till date. Inverter 20 was offline from 07/22/24 due to Internal Error -E018 fault. Inverter 21 was tripped offline at 09:05Am on 08/17/24 due to Internal Error - E018 fault. | K23: 1.SR089189 2.SR095623,SR078720 &SR087994 | L23: SR095623 | M23: SR078720 | N23: SR087994
A24: Kohls - Warminster | B24: PA | C24: 16958 | D24: 17898 | E24: =IF(AND(ISNUMBER(C24),ISNUMBER(D24)), C24-D24, "") -> -940 | F24: =IFERROR(E24/D24, "") -> -0.052519835 | G24: 19404.55 | H24: =IF(AND(ISNUMBER(C24),ISNUMBER(G24)), C24-G24, "") -> -2446.55 | I24: =IFERROR(H24/G24, "") -> -0.12608125 | J24: 1.Site was offline on 01/30, 01/31 technician checked-in and confirmed that cell modem is offline due to error and need to be replaced. | K24: 1.SR093127
A25: Kohls - Waterbury | B25: CT | C25: 15637 | D25: 15269 | E25: =IF(AND(ISNUMBER(C25),ISNUMBER(D25)), C25-D25, "") -> 368 | F25: =IFERROR(E25/D25, "") -> 0.02410112 | G25: 15296.56 | H25: =IF(AND(ISNUMBER(C25),ISNUMBER(G25)), C25-G25, "") -> 340.44 | I25: =IFERROR(H25/G25, "") -> 0.022255984
A26: Mojave Water Agency - Headquarters | B26: CA | C26: 26762 | D26: 26680 | E26: =IF(AND(ISNUMBER(C26),ISNUMBER(D26)), C26-D26, "") -> 82 | F26: =IFERROR(E26/D26, "") -> 0.0030734633 | G26: 25853.48 | H26: =IF(AND(ISNUMBER(C26),ISNUMBER(G26)), C26-G26, "") -> 908.52 | I26: =IFERROR(H26/G26, "") -> 0.035141111
A27: CSU - Bakersfield | B27: CA | C27: 78098 | D27: 77683 | E27: =IF(AND(ISNUMBER(C27),ISNUMBER(D27)), C27-D27, "") -> 415 | F27: =IFERROR(E27/D27, "") -> 0.0053422242 | G27: 60631.17 | H27: =IF(AND(ISNUMBER(C27),ISNUMBER(G27)), C27-G27, "") -> 17466.83 | I27: =IFERROR(H27/G27, "") -> 0.28808334
A28: Greenfield USD - Fairfield ES | B28: CA | C28: 9460 | D28: 9393 | E28: =IF(AND(ISNUMBER(C28),ISNUMBER(D28)), C28-D28, "") -> 67 | F28: =IFERROR(E28/D28, "") -> 0.0071329714 | G28: 6747.91 | H28: =IF(AND(ISNUMBER(C28),ISNUMBER(G28)), C28-G28, "") -> 2712.09 | I28: =IFERROR(H28/G28, "") -> 0.40191556
A29: Greenfield USD - Granite Point ES | B29: CA | C29: 26793 | D29: 26796 | E29: =IF(AND(ISNUMBER(C29),ISNUMBER(D29)), C29-D29, "") -> -3 | F29: =IFERROR(E29/D29, "") -> -0.00011195701 | G29: 17651.94 | H29: =IF(AND(ISNUMBER(C29),ISNUMBER(G29)), C29-G29, "") -> 9141.06 | I29: =IFERROR(H29/G29, "") -> 0.51785016
A30: Greenfield USD - Greenfield MS | B30: CA | C30: 14901 | D30: 12967 | E30: =IF(AND(ISNUMBER(C30),ISNUMBER(D30)), C30-D30, "") -> 1934 | F30: =IFERROR(E30/D30, "") -> 0.14914784 | G30: 3998.76 | H30: =IF(AND(ISNUMBER(C30),ISNUMBER(G30)), C30-G30, "") -> 10902.24 | I30: =IFERROR(H30/G30, "") -> 2.7264052 | J30: 1. Inverter 1 is still not communicating, and as of 01/27/25, production is not being recorded at the meter. It may be offline due to the need for a new MOXA device | K30: 1. SR089763
A31: Greenfield USD - Horizon ES | B31: CA | C31: 22359 | D31: 22521 | E31: =IF(AND(ISNUMBER(C31),ISNUMBER(D31)), C31-D31, "") -> -162 | F31: =IFERROR(E31/D31, "") -> -0.0071932863 | G31: 17883.35 | H31: =IF(AND(ISNUMBER(C31),ISNUMBER(G31)), C31-G31, "") -> 4475.65 | I31: =IFERROR(H31/G31, "") -> 0.25026911 | J31: 1. Inverter 2 Pad B back online at 12:50 on 01/02/25 after the technician replaced the faulty capacitors. 2. Inverter 1 Pad A started production late at 11:10 AM on 01/30/25 due to an AC overvoltage fault. | K31: 1. SR089669 2. SR096157 | L31: SR096157
A32: Greenfield USD - McKee MS | B32: CA | C32: 10808 | D32: 10786 | E32: =IF(AND(ISNUMBER(C32),ISNUMBER(D32)), C32-D32, "") -> 22 | F32: =IFERROR(E32/D32, "") -> 0.0020396811 | G32: 10950.31 | H32: =IF(AND(ISNUMBER(C32),ISNUMBER(G32)), C32-G32, "") -> -142.31 | I32: =IFERROR(H32/G32, "") -> -0.012995979
A33: Greenfield USD - Plantation ES | B33: CA | C33: 10716 | D33: 10694 | E33: =IF(AND(ISNUMBER(C33),ISNUMBER(D33)), C33-D33, "") -> 22 | F33: =IFERROR(E33/D33, "") -> 0.0020572284 | G33: 7840.16 | H33: =IF(AND(ISNUMBER(C33),ISNUMBER(G33)), C33-G33, "") -> 2875.84 | I33: =IFERROR(H33/G33, "") -> 0.36680884
A34: Greenfield USD - Planz ES | B34: CA | C34: 3658 | D34: 3633 | E34: =IF(AND(ISNUMBER(C34),ISNUMBER(D34)), C34-D34, "") -> 25 | F34: =IFERROR(E34/D34, "") -> 0.0068813653 | G34: 8710.27 | H34: =IF(AND(ISNUMBER(C34),ISNUMBER(G34)), C34-G34, "") -> -5052.27 | I34: =IFERROR(H34/G34, "") -> -0.58003598 | J34: 1.Low generation due to weather/snow.
A35: Greenfield USD - Raffaello Palla ES | B35: CA | C35: 25273 | D35: 24777 | E35: =IF(AND(ISNUMBER(C35),ISNUMBER(D35)), C35-D35, "") -> 496 | F35: =IFERROR(E35/D35, "") -> 0.020018566 | G35: 19790.17 | H35: =IF(AND(ISNUMBER(C35),ISNUMBER(G35)), C35-G35, "") -> 5482.83 | I35: =IFERROR(H35/G35, "") -> 0.27704815
A36: Greenfield USD - Valle Verde ES | B36: CA | C36: 27972 | D36: 27847 | E36: =IF(AND(ISNUMBER(C36),ISNUMBER(D36)), C36-D36, "") -> 125 | F36: =IFERROR(E36/D36, "") -> 0.0044888139 | G36: 18660.89 | H36: =IF(AND(ISNUMBER(C36),ISNUMBER(G36)), C36-G36, "") -> 9311.11 | I36: =IFERROR(H36/G36, "") -> 0.49896388
A37: Greenfield USD - W.A. Kendrick ES | B37: CA | C37: 4765 | D37: N/A | E37: =IF(AND(ISNUMBER(C37),ISNUMBER(D37)), C37-D37, "") | F37: =IFERROR(E37/D37, "") | G37: 7201.47 | H37: =IF(AND(ISNUMBER(C37),ISNUMBER(G37)), C37-G37, "") -> -2436.47 | I37: =IFERROR(H37/G37, "") -> -0.33832954 | J37: 1.Meter reporting half of inverter production since 6/11/22 further repairs are requried. | K37: 1. SR094440
A38: Muroc Joint USD - Boron HS | B38: CA | C38: 0 | D38: N/A | E38: =IF(AND(ISNUMBER(C38),ISNUMBER(D38)), C38-D38, "") | F38: =IFERROR(E38/D38, "") | G38: 23613.12 | H38: =IF(AND(ISNUMBER(C38),ISNUMBER(G38)), C38-G38, "") -> -23613.12 | I38: =IFERROR(H38/G38, "") -> -1 | J38: 1. Site back communication at 9:15AM on 12/30/2024 and Inverter remains offline because of Inverter down hard - Power supply critical failure. 2. Weather station began reporting erroneous values on 12/30/2024, and the POA sensor needed to be replaced along with additional repairs. | K38: 1. SR092023, SR089707 2. SR093065 | L38: SR089707 | M38: SR093065
A39: Muroc Joint USD - W. Boron ES | B39: CA | C39: 9827 | D39: 9883 | E39: =IF(AND(ISNUMBER(C39),ISNUMBER(D39)), C39-D39, "") -> -56 | F39: =IFERROR(E39/D39, "") -> -0.0056662957 | G39: 8755.78 | H39: =IF(AND(ISNUMBER(C39),ISNUMBER(G39)), C39-G39, "") -> 1071.22 | I39: =IFERROR(H39/G39, "") -> 0.12234433
A40: Colusa - WTP | B40: CA | C40: 0 | D40: N/A | E40: =IF(AND(ISNUMBER(C40),ISNUMBER(D40)), C40-D40, "") | F40: =IFERROR(E40/D40, "") | G40: 17962.44 | H40: =IF(AND(ISNUMBER(C40),ISNUMBER(G40)), C40-G40, "") -> -17962.44 | I40: =IFERROR(H40/G40, "") -> -1 | J40: 1.No communication to DAS, need a replacement for meter and modem. | K40: 1.SR089464, SR093180, SR093174 & SR095356 | L40: SR093180 | M40: SR093174 | N40: SR095356
A41: CDCR-North Kern State Prision | B41: CA | C41: 70021 | D41: 69496 | E41: =IF(AND(ISNUMBER(C41),ISNUMBER(D41)), C41-D41, "") -> 525 | F41: =IFERROR(E41/D41, "") -> 0.0075543916 | G41: 80319.85 | H41: =IF(AND(ISNUMBER(C41),ISNUMBER(G41)), C41-G41, "") -> -10298.85 | I41: =IFERROR(H41/G41, "") -> -0.12822297 | J41: 1. Inverter 3 is offline on 01/01/25 and back online on 01/02, again tripped offline at 8:10AM on 01/05/25 and came back online on 01/06/25 due to a fan 5 and asymmetrical array fault beacuse of array is covered with damaged DC equipment. | K41: 1. SR095083
A42: Muroc Joint USD - District Office | B42: CA | C42: 4886 | D42: 4880 | E42: =IF(AND(ISNUMBER(C42),ISNUMBER(D42)), C42-D42, "") -> 6 | F42: =IFERROR(E42/D42, "") -> 0.0012295082 | G42: 6179.15 | H42: =IF(AND(ISNUMBER(C42),ISNUMBER(G42)), C42-G42, "") -> -1293.15 | I42: =IFERROR(H42/G42, "") -> -0.20927636 | J42: 1.Low generation due to weather/snow.
A43: Whole Foods - Manhattan Beach | B43: CA | C43: 11385 | D43: 11590 | E43: =IF(AND(ISNUMBER(C43),ISNUMBER(D43)), C43-D43, "") -> -205 | F43: =IFERROR(E43/D43, "") -> -0.017687662 | G43: 13787.4 | H43: =IF(AND(ISNUMBER(C43),ISNUMBER(G43)), C43-G43, "") -> -2402.4 | I43: =IFERROR(H43/G43, "") -> -0.17424605 | J43: 1.Inverters 3 & 8 are offline through out the month due to additional parts needed. | K43: 1. SR089461, SR090375 | L43: SR090375
A44: Pioneer USD - Frontier ES | B44: CA | C44: 21344 | D44: N/A | E44: =IF(AND(ISNUMBER(C44),ISNUMBER(D44)), C44-D44, "") | F44: =IFERROR(E44/D44, "") | G44: 11836.7 | H44: =IF(AND(ISNUMBER(C44),ISNUMBER(G44)), C44-G44, "") -> 9507.3 | I44: =IFERROR(H44/G44, "") -> 0.80320529 | J44: 1. Weather station is not communicating through out the month because the entire station needs to be replaced. | K44: 1. SR092276
A45: Pioneer USD - Pioneer ES | B45: CA | C45: 11680 | D45: N/A | E45: =IF(AND(ISNUMBER(C45),ISNUMBER(D45)), C45-D45, "") | F45: =IFERROR(E45/D45, "") | G45: 11671.1 | H45: =IF(AND(ISNUMBER(C45),ISNUMBER(G45)), C45-G45, "") -> 8.9 | I45: =IFERROR(H45/G45, "") -> 0.00076256737 | J45: 1. Weather station is not communicating through out the month because the entire station needs to be replaced. 2. Pad 1 inverter 1 is offline through the month due to cantacted bold and Pad 1 inverter 2 regained its communication at 10:50 on 01/10/25 and pad 2 the inverter 1 is not communicating but production is at the meter because of bold on possible comms card issues. | K45: 1. SR085968 2. SR092256, SR090090 & SR095592 | L45: SR092256 | M45: SR090090 | N45: SR095592
A46: Pioneer USD - Pioneer MS | B46: CA | C46: 29750 | D46: N/A | E46: =IF(AND(ISNUMBER(C46),ISNUMBER(D46)), C46-D46, "") | F46: =IFERROR(E46/D46, "") | G46: 15852.46 | H46: =IF(AND(ISNUMBER(C46),ISNUMBER(G46)), C46-G46, "") -> 13897.54 | I46: =IFERROR(H46/G46, "") -> 0.87668034 | J46: 1. Weather station is not communicating through out the month, It was found that the pyranometer is not installed on-site. The installation of a new pyranometer will be required. | K46: 1. SR089470, SR092603 | L46: SR092603
A47: Kingsburg Joint UHSD - Kingsburg HS | B47: CA | C47: 49408 | D47: 32540 | E47: =IF(AND(ISNUMBER(C47),ISNUMBER(D47)), C47-D47, "") -> 16868 | F47: =IFERROR(E47/D47, "") -> 0.51837738 | G47: 35650.53 | H47: =IF(AND(ISNUMBER(C47),ISNUMBER(G47)), C47-G47, "") -> 13757.47 | I47: =IFERROR(H47/G47, "") -> 0.38589805 | J47: 1. Inverters A back online on 01/03/25 after the technician replacement of 2 badpower supplies and ac surge protectors found MOXA is not working. 24v being supplied but moxa needs to be replaced. also wire managed low hanging wires. 2. Meter B regulary capturing data from 7:20AM to 10:00AM rescpective with Inverter B, but Inverter B capturing data from 10:05AM to 4:45PM due to MOXA is not working. | K47: 1.SR089612, SR095339 2. SR089612 | L47: SR095339 | M47: SR089612
A48: CADRB | B48: CA | C48: 0 | D48: N/A | E48: =IF(AND(ISNUMBER(C48),ISNUMBER(D48)), C48-D48, "") | F48: =IFERROR(E48/D48, "") | G48: 406484 | H48: =IF(AND(ISNUMBER(C48),ISNUMBER(G48)), C48-G48, "") -> -406484 | I48: =IFERROR(H48/G48, "") -> -1 | J48: 1. Site back online on 01/09/25 after the technician re-energized it, we cannot confirm as silicon ranch only has access to site. 2.Inverter 3 was back online on 11/15/2024 but we cannot confirm through SCADA since site is not communicating 3.Pyranometer has been giving bad readings. Prior to 9/25, the pyranometer read at most 450 W/m2. Since then, readings are between 950 and 400 W/m2 | K48: 1. SR092166 2. SR086220 3. SR091312 | L48: SR086220 | M48: SR091312
A49: CDCR-CA State Prison LA County | B49: CA | C49: 150767 | D49: 150432 | E49: =IF(AND(ISNUMBER(C49),ISNUMBER(D49)), C49-D49, "") -> 335 | F49: =IFERROR(E49/D49, "") -> 0.0022269198 | G49: 268670.39 | H49: =IF(AND(ISNUMBER(C49),ISNUMBER(G49)), C49-G49, "") -> -117903.39 | I49: =IFERROR(H49/G49, "") -> -0.43884028 | J49: 1.Low generation due to weather/snow.
A50: Central USD Akers ES | B50: CA | C50: 78098 | D50: N/A | E50: =IF(AND(ISNUMBER(C50),ISNUMBER(D50)), C50-D50, "") | F50: =IFERROR(E50/D50, "") | G50: 13113.65 | H50: =IF(AND(ISNUMBER(C50),ISNUMBER(G50)), C50-G50, "") -> 64984.35 | I50: =IFERROR(H50/G50, "") -> 4.9554739 | J50: 1. Weather station is reporting 0w/m2 | K50: 1. SR090370
A51: CUSD - District Office | B51: CA | C51: 14514 | D51: 14455 | E51: =IF(AND(ISNUMBER(C51),ISNUMBER(D51)), C51-D51, "") -> 59 | F51: =IFERROR(E51/D51, "") -> 0.0040816327 | G51: 10069.4 | H51: =IF(AND(ISNUMBER(C51),ISNUMBER(G51)), C51-G51, "") -> 4444.6 | I51: =IFERROR(H51/G51, "") -> 0.44139671 | J51: 1. Inverter 1 is tripped offline at 16:05 on 12/30/2024 and back online at 10:00AM on 01/06/25 after the technician power-cycled the inverter. | K51: 1. SR095191
A52: Parlier - WTP | B52: CA | C52: 23899 | D52: 23840 | E52: =IF(AND(ISNUMBER(C52),ISNUMBER(D52)), C52-D52, "") -> 59 | F52: =IFERROR(E52/D52, "") -> 0.0024748322 | G52: 24216.44 | H52: =IF(AND(ISNUMBER(C52),ISNUMBER(G52)), C52-G52, "") -> -317.44 | I52: =IFERROR(H52/G52, "") -> -0.01310845
A53: Snowline SD - Quail Valley MS | B53: CA | C53: 16364 | D53: 16319 | E53: =IF(AND(ISNUMBER(C53),ISNUMBER(D53)), C53-D53, "") -> 45 | F53: =IFERROR(E53/D53, "") -> 0.0027575219 | G53: 23575.7 | H53: =IF(AND(ISNUMBER(C53),ISNUMBER(G53)), C53-G53, "") -> -7211.7 | I53: =IFERROR(H53/G53, "") -> -0.30589548 | J53: 1.Inverter trips on and offline through out the month frequently due to company chip replacement needed and Wires are all hanging and in poor condition. | K53: 1.SR090965, SR094547 & SR094545 | L53: SR094547 | M53: SR094545
A54: Snowline SD - Serrano HS - Middle Lot | B54: CA | C54: 16158 | D54: 16819 | E54: =IF(AND(ISNUMBER(C54),ISNUMBER(D54)), C54-D54, "") -> -661 | F54: =IFERROR(E54/D54, "") -> -0.039300791 | G54: 26660.72 | H54: =IF(AND(ISNUMBER(C54),ISNUMBER(G54)), C54-G54, "") -> -10502.72 | I54: =IFERROR(H54/G54, "") -> -0.39393985 | J54: 1.Low generation due to weather/snow.
A55: Snowline SD - Pinon Hills ES | B55: CA | C55: 8792 | D55: 9144 | E55: =IF(AND(ISNUMBER(C55),ISNUMBER(D55)), C55-D55, "") -> -352 | F55: =IFERROR(E55/D55, "") -> -0.038495188 | G55: 15043.89 | H55: =IF(AND(ISNUMBER(C55),ISNUMBER(G55)), C55-G55, "") -> -6251.89 | I55: =IFERROR(H55/G55, "") -> -0.41557669 | J55: 1. 23 Modules need to be replace. | K55: 1. SR090734
A56: Ramona - Santa Maria WTP | B56: CA | C56: 53256 | D56: 53678 | E56: =IF(AND(ISNUMBER(C56),ISNUMBER(D56)), C56-D56, "") -> -422 | F56: =IFERROR(E56/D56, "") -> -0.0078616938 | G56: 57557.78 | H56: =IF(AND(ISNUMBER(C56),ISNUMBER(G56)), C56-G56, "") -> -4301.78 | I56: =IFERROR(H56/G56, "") -> -0.074738463
A57: Kohls - Redding | B57: CA | C57: 18846 | D57: N/A | E57: =IF(AND(ISNUMBER(C57),ISNUMBER(D57)), C57-D57, "") | F57: =IFERROR(E57/D57, "") | G57: 12772.68 | H57: =IF(AND(ISNUMBER(C57),ISNUMBER(G57)), C57-G57, "") -> 6073.32 | I57: =IFERROR(H57/G57, "") -> 0.47549301 | J57: 1. Weather station does not report irradiance during the day. Likely a faulty pyranometer through out the month. | K57: 1. SR090293, SR095854 | L57: SR095854
A58: Kohls - Salinas | B58: CA | C58: 23064 | D58: 22605 | E58: =IF(AND(ISNUMBER(C58),ISNUMBER(D58)), C58-D58, "") -> 459 | F58: =IFERROR(E58/D58, "") -> 0.020305242 | G58: 24339.35 | H58: =IF(AND(ISNUMBER(C58),ISNUMBER(G58)), C58-G58, "") -> -1275.35 | I58: =IFERROR(H58/G58, "") -> -0.052398688 | J58: 1.Inverters 3, 7, 10, 11, 14, and 21 are offline. Inverter 2 may have a string down through out the month and parts are needed to bring these inverters back online. | K58: 1. SR095449, SR089474, SR090381 & SR090380 | L58: SR089474 | M58: SR090381 | N58: SR090380
A59: Kohls - San Bernardino - Central | B59: CA | C59: 95820 | D59: 95529 | E59: =IF(AND(ISNUMBER(C59),ISNUMBER(D59)), C59-D59, "") -> 291 | F59: =IFERROR(E59/D59, "") -> 0.0030461954 | G59: 110379.13 | H59: =IF(AND(ISNUMBER(C59),ISNUMBER(G59)), C59-G59, "") -> -14559.13 | I59: =IFERROR(H59/G59, "") -> -0.13190111
A60: Kohls - Sonora | B60: CA | C60: 18576 | D60: N/A | E60: =IF(AND(ISNUMBER(C60),ISNUMBER(D60)), C60-D60, "") | F60: =IFERROR(E60/D60, "") | G60: 14667.03 | H60: =IF(AND(ISNUMBER(C60),ISNUMBER(G60)), C60-G60, "") -> 3908.97 | I60: =IFERROR(H60/G60, "") -> 0.26651408 | J60: 1.Inverter 3 back online at 10:15AM on 01/27/25 and again offline on 01/28/25, remaind offline through out the month due to additional parts needed. 2. Inverter 7 is offline through out the month and parts needed to bring these inverter back online. 3. Inverter 12 is back online on 01/27/25 after technician tightening the terminals and but remained offline again from 01/30/25 and parts are needed to bring these inverter back online. | K60: 1. SR089477 2. SR089477 3. SR089477 | L60: SR089477 | M60: SR089477
A61: CUSD - Stratford ES | B61: CA | C61: 18529 | D61: 18432 | E61: =IF(AND(ISNUMBER(C61),ISNUMBER(D61)), C61-D61, "") -> 97 | F61: =IFERROR(E61/D61, "") -> 0.0052625868 | G61: 8792.68 | H61: =IF(AND(ISNUMBER(C61),ISNUMBER(G61)), C61-G61, "") -> 9736.32 | I61: =IFERROR(H61/G61, "") -> 1.1073211
A62: Taft - City Hall | B62: CA | C62: 1973 | D62: 145 | E62: =IF(AND(ISNUMBER(C62),ISNUMBER(D62)), C62-D62, "") -> 1828 | F62: =IFERROR(E62/D62, "") -> 12.606897 | G62: 4140.82 | H62: =IF(AND(ISNUMBER(C62),ISNUMBER(G62)), C62-G62, "") -> -2167.82 | I62: =IFERROR(H62/G62, "") -> -0.52352433 | J62: 1.Low generation due to weather/snow.
A63: Taft - Federal Prison | B63: CA | C63: 12852 | D63: 12831 | E63: =IF(AND(ISNUMBER(C63),ISNUMBER(D63)), C63-D63, "") -> 21 | F63: =IFERROR(E63/D63, "") -> 0.0016366612 | G63: 7409.35 | H63: =IF(AND(ISNUMBER(C63),ISNUMBER(G63)), C63-G63, "") -> 5442.65 | I63: =IFERROR(H63/G63, "") -> 0.73456511
A64: Taft - Police Department | B64: CA | C64: 7664 | D64: 7639 | E64: =IF(AND(ISNUMBER(C64),ISNUMBER(D64)), C64-D64, "") -> 25 | F64: =IFERROR(E64/D64, "") -> 0.0032726797 | G64: 4765.84 | H64: =IF(AND(ISNUMBER(C64),ISNUMBER(G64)), C64-G64, "") -> 2898.16 | I64: =IFERROR(H64/G64, "") -> 0.60811106
A65: Taft - WTP | B65: CA | C65: 0 | D65: N/A | E65: =IF(AND(ISNUMBER(C65),ISNUMBER(D65)), C65-D65, "") | F65: =IFERROR(E65/D65, "") | G65: 4140.82 | H65: =IF(AND(ISNUMBER(C65),ISNUMBER(G65)), C65-G65, "") -> -4140.82 | I65: =IFERROR(H65/G65, "") -> -1 | J65: 1.Inverter 2 is offline and parts needed to bring these inverter back online. | K65: 1. SR089732, SR094323 | L65: SR094323
A66: CDCR - CA Correctional Institution | B66: CA | C66: 128121 | D66: 127640 | E66: =IF(AND(ISNUMBER(C66),ISNUMBER(D66)), C66-D66, "") -> 481 | F66: =IFERROR(E66/D66, "") -> 0.0037684112 | G66: 106071.03 | H66: =IF(AND(ISNUMBER(C66),ISNUMBER(G66)), C66-G66, "") -> 22049.97 | I66: =IFERROR(H66/G66, "") -> 0.20787929 | J66: 1. Inverter 1 is offline on 01/19/25 due to AE Solaron Fault Coolant Flow and back online on 01/20/25. 2. Inverter 1 production is being affected in the morning hours due to stuck trackers. | K66: 1. SR095705 2. SR092170, SR092456 | L66: SR092170 | M66: SR092456
A67: CDCR - CA Correctional Institution II | B67: CA | C67: 110462 | D67: 104576 | E67: =IF(AND(ISNUMBER(C67),ISNUMBER(D67)), C67-D67, "") -> 5886 | F67: =IFERROR(E67/D67, "") -> 0.056284425 | G67: 166152.23 | H67: =IF(AND(ISNUMBER(C67),ISNUMBER(G67)), C67-G67, "") -> -55690.23 | I67: =IFERROR(H67/G67, "") -> -0.33517594 | J67: 1. Inverter 2's production being affected in the afternoon hours possibly due to stuck trackers. 2. Inverter 1 is underperforming and needs to have its surge protectors replaced. | K67: 1. SR092171, SR092455 2. SR090296 | L67: SR092455 | M67: SR090296
A68: Snowline SD - Vista Verde ES | B68: CA | C68: 16688 | D68: 16963 | E68: =IF(AND(ISNUMBER(C68),ISNUMBER(D68)), C68-D68, "") -> -275 | F68: =IFERROR(E68/D68, "") -> -0.016211755 | G68: 17008.64 | H68: =IF(AND(ISNUMBER(C68),ISNUMBER(G68)), C68-G68, "") -> -320.64 | I68: =IFERROR(H68/G68, "") -> -0.018851595
A69: North Stonington | B69: CT | C69: 730070 | D69: N/A | E69: =IF(AND(ISNUMBER(C69),ISNUMBER(D69)), C69-D69, "") | G69: 0 | H69: =IF(AND(ISNUMBER(C69),ISNUMBER(G69)), C69-G69, "") -> 730070 | I69: =IFERROR(H69/G69, "") | J69: 1. Inverter A.02.08 tripped offline at 10:00AM on 01/30/25 and remained offline throught the month. | K69: 1. SR096146
A70: CT: Torrington - 2-298 Rossi Road | B70: CT

Sheet Feb
A1: {=portfolio} -> Silicon Ranch | D1: February Actual v. Expected | G1: February Actual v. Forecasted
A2: Total | C2: =SUM(C4:C100) -> 2644477 | D2: =SUM(D4:D100) -> 1594440 | E2: =C2-D2 -> 1050037 | F2: =IFERROR(E2/D2, 0) -> 0.65856163 | G2: =SUM(G4:G100) -> 2618498.3 | H2: =C2-G2 -> 25978.74 | I2: =IFERROR(H2/G2, 0) -> 0.0099212363 | J2: =IF(AND(TODAY()>DATE(2024, 2, 1), COUNTA(Sites[Site])<>(COUNT(C:C)-1)), "Some sites are missing actual data; if new sites were added, make sure they are aligned correctly (including prior months!)", "") -> Some sites are missing actual data; if new sites were added, make sure they are aligned correctly (including prior months!)
A3: Site | B3: State | C3: Actual | D3: Expected | E3: Delta | F3: % | G3: Forecasted | H3: Delta | I3: % | J3: Notes | K3: Service Requests
A4: {=Sites[Site]} -> Iron Mountain - Windsor | B4: {=Sites[State]} -> CT | C4: 8815 | D4: 8784 | E4: =IF(AND(ISNUMBER(C4),ISNUMBER(D4)), C4-D4, "") -> 31 | F4: =IFERROR(E4/D4, "") -> 0.0035291439 | G4: 16828.12 | H4: =IF(AND(ISNUMBER(C4),ISNUMBER(G4)), C4-G4, "") -> -8013.12 | I4: =IFERROR(H4/G4, "") -> -0.4761744 | J4: 1. Low generation due to weather/snow.
A5: Kohls - Auburn | B5: NY | C5: 5678 | D5: 5604 | E5: =IF(AND(ISNUMBER(C5),ISNUMBER(D5)), C5-D5, "") -> 74 | F5: =IFERROR(E5/D5, "") -> 0.013204854 | G5: 10737.42 | H5: =IF(AND(ISNUMBER(C5),ISNUMBER(G5)), C5-G5, "") -> -5059.42 | I5: =IFERROR(H5/G5, "") -> -0.47119513 | J5: 1. Low generation due to weather/snow.
A6: Kohls - Bensalem | B6: PA | C6: 21559 | D6: 21314 | E6: =IF(AND(ISNUMBER(C6),ISNUMBER(D6)), C6-D6, "") -> 245 | F6: =IFERROR(E6/D6, "") -> 0.011494792 | G6: 19869.12 | H6: =IF(AND(ISNUMBER(C6),ISNUMBER(G6)), C6-G6, "") -> 1689.88 | I6: =IFERROR(H6/G6, "") -> 0.085050571
A7: Kohls - Brick | B7: NJ | C7: 26427 | D7: 26353 | E7: =IF(AND(ISNUMBER(C7),ISNUMBER(D7)), C7-D7, "") -> 74 | F7: =IFERROR(E7/D7, "") -> 0.0028080294 | G7: 22576.31 | H7: =IF(AND(ISNUMBER(C7),ISNUMBER(G7)), C7-G7, "") -> 3850.69 | I7: =IFERROR(H7/G7, "") -> 0.1705633 | J7: 1.Inverter was offline on 02/20 due to Asymmetrical Array fault and back online on 02/21. | K7: 1.SR097572
A8: Kohls - Buffalo | B8: NY | C8: 0 | D8: N/A | E8: =IF(AND(ISNUMBER(C8),ISNUMBER(D8)), C8-D8, "") | F8: =IFERROR(E8/D8, "") | G8: 15384.12 | H8: =IF(AND(ISNUMBER(C8),ISNUMBER(G8)), C8-G8, "") -> -15384.12 | I8: =IFERROR(H8/G8, "") -> -1 | J8: 1.Site stopped communicating on 02/01 at 2:55 AM and remained throughout the month due to a faulty modem, which needs to be replaced | K8: 1.SR093917, SR096145 | L8: SR096145
A9: Kohls - Canton | B9: CT | C9: 3054 | D9: 3024 | E9: =IF(AND(ISNUMBER(C9),ISNUMBER(D9)), C9-D9, "") -> 30 | F9: =IFERROR(E9/D9, "") -> 0.0099206349 | G9: 6988.56 | H9: =IF(AND(ISNUMBER(C9),ISNUMBER(G9)), C9-G9, "") -> -3934.56 | I9: =IFERROR(H9/G9, "") -> -0.5630001 | J9: 1. Low generation due to weather/snow.
A10: Kohls - East Amherst | B10: NY | C10: 2866 | D10: 2809 | E10: =IF(AND(ISNUMBER(C10),ISNUMBER(D10)), C10-D10, "") -> 57 | F10: =IFERROR(E10/D10, "") -> 0.020291919 | G10: 14254.84 | H10: =IF(AND(ISNUMBER(C10),ISNUMBER(G10)), C10-G10, "") -> -11388.84 | I10: =IFERROR(H10/G10, "") -> -0.79894548 | J10: 1. Low generation due to weather/snow.
A11: Kohls - East Brunswick | B11: NJ | C11: 30213 | D11: 29916 | E11: =IF(AND(ISNUMBER(C11),ISNUMBER(D11)), C11-D11, "") -> 297 | F11: =IFERROR(E11/D11, "") -> 0.0099277978 | G11: 30775.12 | H11: =IF(AND(ISNUMBER(C11),ISNUMBER(G11)), C11-G11, "") -> -562.12 | I11: =IFERROR(H11/G11, "") -> -0.018265404
A12: Kohls - Edgewood | B12: MD | C12: 154536 | D12: 152366 | E12: =IF(AND(ISNUMBER(C12),ISNUMBER(D12)), C12-D12, "") -> 2170 | F12: =IFERROR(E12/D12, "") -> 0.014242022 | G12: 168198.51 | H12: =IF(AND(ISNUMBER(C12),ISNUMBER(G12)), C12-G12, "") -> -13662.51 | I12: =IFERROR(H12/G12, "") -> -0.081228484
A13: Kohls - Granite Run | B13: PA | C13: 19693 | D13: 19475 | E13: =IF(AND(ISNUMBER(C13),ISNUMBER(D13)), C13-D13, "") -> 218 | F13: =IFERROR(E13/D13, "") -> 0.011193838 | G13: 20063.53 | H13: =IF(AND(ISNUMBER(C13),ISNUMBER(G13)), C13-G13, "") -> -370.53 | I13: =IFERROR(H13/G13, "") -> -0.018467837
A14: Kohls - Greece | B14: NY | C14: 2104 | D14: 2081 | E14: =IF(AND(ISNUMBER(C14),ISNUMBER(D14)), C14-D14, "") -> 23 | F14: =IFERROR(E14/D14, "") -> 0.011052379 | G14: 14838 | H14: =IF(AND(ISNUMBER(C14),ISNUMBER(G14)), C14-G14, "") -> -12734 | I14: =IFERROR(H14/G14, "") -> -0.85820191 | J14: 1. Low generation due to weather/snow.
A15: Kohls - Hanover | B15: PA | C15: 23392 | D15: 23170 | E15: =IF(AND(ISNUMBER(C15),ISNUMBER(D15)), C15-D15, "") -> 222 | F15: =IFERROR(E15/D15, "") -> 0.0095813552 | G15: 22286.93 | H15: =IF(AND(ISNUMBER(C15),ISNUMBER(G15)), C15-G15, "") -> 1105.07 | I15: =IFERROR(H15/G15, "") -> 0.04958377
A16: Kohls - Horsehead | B16: NY | C16: 8908 | D16: 8781 | E16: =IF(AND(ISNUMBER(C16),ISNUMBER(D16)), C16-D16, "") -> 127 | F16: =IFERROR(E16/D16, "") -> 0.014463045 | G16: 16013.56 | H16: =IF(AND(ISNUMBER(C16),ISNUMBER(G16)), C16-G16, "") -> -7105.56 | I16: =IFERROR(H16/G16, "") -> -0.44372145 | J16: 1. Low generation due to weather/snow.
A17: Kohls - Hudson | B17: NY | C17: 13755 | D17: 13674 | E17: =IF(AND(ISNUMBER(C17),ISNUMBER(D17)), C17-D17, "") -> 81 | F17: =IFERROR(E17/D17, "") -> 0.0059236507 | G17: 18577.58 | H17: =IF(AND(ISNUMBER(C17),ISNUMBER(G17)), C17-G17, "") -> -4822.58 | I17: =IFERROR(H17/G17, "") -> -0.2595914 | J17: 1. Low generation due to weather/snow.
A18: Kohls - Ithaca | B18: NY | C18: 9593 | D18: 9513 | E18: =IF(AND(ISNUMBER(C18),ISNUMBER(D18)), C18-D18, "") -> 80 | F18: =IFERROR(E18/D18, "") -> 0.0084095448 | G18: 17763.02 | H18: =IF(AND(ISNUMBER(C18),ISNUMBER(G18)), C18-G18, "") -> -8170.02 | I18: =IFERROR(H18/G18, "") -> -0.45994544 | J18: 1. Low generation due to weather/snow.
A19: Kohls - Kingston | B19: NY | C19: 14849 | D19: 14753 | E19: =IF(AND(ISNUMBER(C19),ISNUMBER(D19)), C19-D19, "") -> 96 | F19: =IFERROR(E19/D19, "") -> 0.0065071511 | G19: 24603.49 | H19: =IF(AND(ISNUMBER(C19),ISNUMBER(G19)), C19-G19, "") -> -9754.49 | I19: =IFERROR(H19/G19, "") -> -0.39646774 | J19: 1. Low generation due to weather/snow.
A20: Kohls - Mechanicsburg | B20: PA | C20: 26048 | D20: 25759 | E20: =IF(AND(ISNUMBER(C20),ISNUMBER(D20)), C20-D20, "") -> 289 | F20: =IFERROR(E20/D20, "") -> 0.01121938 | G20: 25206.74 | H20: =IF(AND(ISNUMBER(C20),ISNUMBER(G20)), C20-G20, "") -> 841.26 | I20: =IFERROR(H20/G20, "") -> 0.033374407
A21: Kohls - Middletown | B21: NJ | C21: 39815 | D21: 39153 | E21: =IF(AND(ISNUMBER(C21),ISNUMBER(D21)), C21-D21, "") -> 662 | F21: =IFERROR(E21/D21, "") -> 0.016908027 | G21: 36153.03 | H21: =IF(AND(ISNUMBER(C21),ISNUMBER(G21)), C21-G21, "") -> 3661.97 | I21: =IFERROR(H21/G21, "") -> 0.10129082
A22: Kohls - North Amherst | B22: NY | C22: 0 | D22: N/A | E22: =IF(AND(ISNUMBER(C22),ISNUMBER(D22)), C22-D22, "") | F22: =IFERROR(E22/D22, "") | G22: 12403.57 | H22: =IF(AND(ISNUMBER(C22),ISNUMBER(G22)), C22-G22, "") -> -12403.57 | I22: =IFERROR(H22/G22, "") -> -1 | J22: 1. Site tripped offline at 09:30am from 08/12/24, due to system removal for roof repair and to start rebuilding the roof. | K22: 1.SR093440,SR093861 | L22: SR093861
A23: Kohls - Staten Island | B23: NY | C23: 18864 | D23: N/A | E23: =IF(AND(ISNUMBER(C23),ISNUMBER(D23)), C23-D23, "") | F23: =IFERROR(E23/D23, "") | G23: 21195.82 | H23: =IF(AND(ISNUMBER(C23),ISNUMBER(G23)), C23-G23, "") -> -2331.82 | I23: =IFERROR(H23/G23, "") -> -0.1100132 | J23: 1.Inverter 7 tripped offline at 1:20 on 01/10 and powerfactors was onsite on 02/19 RMA'd inverer 21 got inverter 7 back online at 14:50 on 02/19. Inverter 8 was offline due to Internal hardware “Error E018” fault till date. Inverter 20 was offline from 07/22/24 due to Internal Error -E018 fault. Inverter 21 was tripped offline at 09:05Am on 08/17/24 due to Internal Error - E018 fault and was being RMA'd. Inverter 10 was offline from 02/04 due to Standby mode fault and back online at 11:55 on 02/20 after technician check-in. | K23: 1.SR095623
A24: Kohls - Warminster | B24: PA | C24: 25644 | D24: 25329 | E24: =IF(AND(ISNUMBER(C24),ISNUMBER(D24)), C24-D24, "") -> 315 | F24: =IFERROR(E24/D24, "") -> 0.012436338 | G24: 24459.22 | H24: =IF(AND(ISNUMBER(C24),ISNUMBER(G24)), C24-G24, "") -> 1184.78 | I24: =IFERROR(H24/G24, "") -> 0.048438994
A25: Kohls - Waterbury | B25: CT | C25: 5561 | D25: 5527 | E25: =IF(AND(ISNUMBER(C25),ISNUMBER(D25)), C25-D25, "") -> 34 | F25: =IFERROR(E25/D25, "") -> 0.0061516193 | G25: 19364.12 | H25: =IF(AND(ISNUMBER(C25),ISNUMBER(G25)), C25-G25, "") -> -13803.12 | I25: =IFERROR(H25/G25, "") -> -0.71281938 | J25: 1. Meter reporting no production since 02/17, required health check. | K25: 1. SR097907
A26: Mojave Water Agency - Headquarters | B26: CA | C26: 30686 | D26: 30622 | E26: =IF(AND(ISNUMBER(C26),ISNUMBER(D26)), C26-D26, "") -> 64 | F26: =IFERROR(E26/D26, "") -> 0.0020900007 | G26: 25387.84 | H26: =IF(AND(ISNUMBER(C26),ISNUMBER(G26)), C26-G26, "") -> 5298.16 | I26: =IFERROR(H26/G26, "") -> 0.20868888
A27: CSU - Bakersfield | B27: CA | C27: 84513 | D27: 83948 | E27: =IF(AND(ISNUMBER(C27),ISNUMBER(D27)), C27-D27, "") -> 565 | F27: =IFERROR(E27/D27, "") -> 0.0067303569 | G27: 78007.26 | H27: =IF(AND(ISNUMBER(C27),ISNUMBER(G27)), C27-G27, "") -> 6505.74 | I27: =IFERROR(H27/G27, "") -> 0.083399161
A28: Greenfield USD - Fairfield ES | B28: CA | C28: 9238 | D28: 9174 | E28: =IF(AND(ISNUMBER(C28),ISNUMBER(D28)), C28-D28, "") -> 64 | F28: =IFERROR(E28/D28, "") -> 0.0069762372 | G28: 8281.63 | H28: =IF(AND(ISNUMBER(C28),ISNUMBER(G28)), C28-G28, "") -> 956.37 | I28: =IFERROR(H28/G28, "") -> 0.11548089
A29: Greenfield USD - Granite Point ES | B29: CA | C29: 26786 | D29: 26688 | E29: =IF(AND(ISNUMBER(C29),ISNUMBER(D29)), C29-D29, "") -> 98 | F29: =IFERROR(E29/D29, "") -> 0.0036720624 | G29: 21722.5 | H29: =IF(AND(ISNUMBER(C29),ISNUMBER(G29)), C29-G29, "") -> 5063.5 | I29: =IFERROR(H29/G29, "") -> 0.23309932
A30: Greenfield USD - Greenfield MS | B30: CA | C30: 10577 | D30: N/A | E30: =IF(AND(ISNUMBER(C30),ISNUMBER(D30)), C30-D30, "") | F30: =IFERROR(E30/D30, "") | G30: 14936.35 | H30: =IF(AND(ISNUMBER(C30),ISNUMBER(G30)), C30-G30, "") -> -4359.35 | I30: =IFERROR(H30/G30, "") -> -0.2918618 | J30: 1. Inverter PAD 1 was still not communicating, and as of 01/27/25, production is not being recorded at the meter. The issue may be due to the need for a new MOXA device, and serial port 2 of the data logger is malfunctioning. To restore functionality, the data logger needs to be replaced, or an Nport 2 device can be installed to isolate this equipment from the data logger. | K30: 1.SR089763
A31: Greenfield USD - Horizon ES | B31: CA | C31: 23654 | D31: 23552 | E31: =IF(AND(ISNUMBER(C31),ISNUMBER(D31)), C31-D31, "") -> 102 | F31: =IFERROR(E31/D31, "") -> 0.0043308424 | G31: 22188.52 | H31: =IF(AND(ISNUMBER(C31),ISNUMBER(G31)), C31-G31, "") -> 1465.48 | I31: =IFERROR(H31/G31, "") -> 0.066046767
A32: Greenfield USD - McKee MS | B32: CA | C32: 11221 | D32: 11188 | E32: =IF(AND(ISNUMBER(C32),ISNUMBER(D32)), C32-D32, "") -> 33 | F32: =IFERROR(E32/D32, "") -> 0.0029495888 | G32: 13575.99 | H32: =IF(AND(ISNUMBER(C32),ISNUMBER(G32)), C32-G32, "") -> -2354.99 | I32: =IFERROR(H32/G32, "") -> -0.17346728 | J32: 1. Low generation due to weather/snow.
A33: Greenfield USD - Plantation ES | B33: CA | C33: 10887 | D33: 10842 | E33: =IF(AND(ISNUMBER(C33),ISNUMBER(D33)), C33-D33, "") -> 45 | F33: =IFERROR(E33/D33, "") -> 0.0041505257 | G33: 9687.94 | H33: =IF(AND(ISNUMBER(C33),ISNUMBER(G33)), C33-G33, "") -> 1199.06 | I33: =IFERROR(H33/G33, "") -> 0.12376831
A34: Greenfield USD - Planz ES | B34: CA | C34: 4344 | D34: 4317 | E34: =IF(AND(ISNUMBER(C34),ISNUMBER(D34)), C34-D34, "") -> 27 | F34: =IFERROR(E34/D34, "") -> 0.0062543433 | G34: 11305.56 | H34: =IF(AND(ISNUMBER(C34),ISNUMBER(G34)), C34-G34, "") -> -6961.56 | I34: =IFERROR(H34/G34, "") -> -0.61576428 | J34: 1. Low generation due to weather/snow.
A35: Greenfield USD - Raffaello Palla ES | B35: CA | C35: 25408 | D35: 24947 | E35: =IF(AND(ISNUMBER(C35),ISNUMBER(D35)), C35-D35, "") -> 461 | F35: =IFERROR(E35/D35, "") -> 0.018479176 | G35: 24477.22 | H35: =IF(AND(ISNUMBER(C35),ISNUMBER(G35)), C35-G35, "") -> 930.78 | I35: =IFERROR(H35/G35, "") -> 0.038026377
A36: Greenfield USD - Valle Verde ES | B36: CA | C36: 28417 | D36: 28235 | E36: =IF(AND(ISNUMBER(C36),ISNUMBER(D36)), C36-D36, "") -> 182 | F36: =IFERROR(E36/D36, "") -> 0.0064459005 | G36: 22933.04 | H36: =IF(AND(ISNUMBER(C36),ISNUMBER(G36)), C36-G36, "") -> 5483.96 | I36: =IFERROR(H36/G36, "") -> 0.23912922
A37: Greenfield USD - W.A. Kendrick ES | B37: CA | C37: 4551 | D37: N/A | E37: =IF(AND(ISNUMBER(C37),ISNUMBER(D37)), C37-D37, "") | F37: =IFERROR(E37/D37, "") | G37: 8833.13 | H37: =IF(AND(ISNUMBER(C37),ISNUMBER(G37)), C37-G37, "") -> -4282.13 | I37: =IFERROR(H37/G37, "") -> -0.48478059 | J37: 1.Meter reporting half of inverter production since 6/11/22 waiting for client approval for investigation | K37: 1. SR094440
A38: Muroc Joint USD - Boron HS | B38: CA | C38: 0 | D38: N/A | E38: =IF(AND(ISNUMBER(C38),ISNUMBER(D38)), C38-D38, "") | F38: =IFERROR(E38/D38, "") | G38: 24557.19 | H38: =IF(AND(ISNUMBER(C38),ISNUMBER(G38)), C38-G38, "") -> -24557.19 | I38: =IFERROR(H38/G38, "") -> -1 | J38: 1. Site back communication at 9:15AM on 12/30/2024 and Inverter remains offline because of Inverter down hard - Power supply critical failure. 2. Weather station began reporting erroneous values on 12/30/2024, and the POA sensor needed to be replaced along with additional repairs. | K38: 1. SR095163, SR092023 & SR089707 2. SR093065 | L38: SR092023 | M38: SR089707 | N38: SR093065
A39: Muroc Joint USD - W. Boron ES | B39: CA | C39: 10005 | D39: 9979 | E39: =IF(AND(ISNUMBER(C39),ISNUMBER(D39)), C39-D39, "") -> 26 | F39: =IFERROR(E39/D39, "") -> 0.0026054715 | G39: 9080.59 | H39: =IF(AND(ISNUMBER(C39),ISNUMBER(G39)), C39-G39, "") -> 924.41 | I39: =IFERROR(H39/G39, "") -> 0.10180065
A40: Colusa - WTP | B40: CA | C40: 0 | D40: N/A | E40: 0 | F40: =IFERROR(E40/D40, "") | G40: 22973.3 | H40: =IF(AND(ISNUMBER(C40),ISNUMBER(G40)), C40-G40, "") -> -22973.3 | I40: =IFERROR(H40/G40, "") -> -1 | J40: 1. Site came back online at 09:40 AM on 02/11/25 after the technician replaced four air filters in the central inverter. Meter replacement is required. 2. Site has been offline since 02/13/25 and the site was under water may not self-resolve. On 02/28/25, the technician found the inverter displaying a 0020 fault code (Delta High Temp Warning). The manual advises contacting the manufacturer for this code. Emailed Bold Renewables for guidance and will update once they respond with a solution. | K40: 1.SR089464, SR093180, SR093174 & SR095356 2. SR096916 | L40: SR093180 | M40: SR093174 | N40: SR095356 | O40: SR096916
A41: CDCR-North Kern State Prision | B41: CA | C41: 73603 | D41: 73023 | E41: =IF(AND(ISNUMBER(C41),ISNUMBER(D41)), C41-D41, "") -> 580 | F41: =IFERROR(E41/D41, "") -> 0.007942703 | G41: 105876.17 | H41: =IF(AND(ISNUMBER(C41),ISNUMBER(G41)), C41-G41, "") -> -32273.17 | I41: =IFERROR(H41/G41, "") -> -0.30481996 | J41: 1. Inverter 2 was taken offline from 09:15 AM to 12:25 PM on 02/05/25. The technician met with a BOLD technician to refill the coolant. 2. Inverter 1 was taken offline from 08:45 AM to 11:30 AM on 02/06/25. The technician met with a BOLD technician to refill the coolant, and all other inverters have been filled to normal limits 3. Inverter 2 was derating by 50kW due to two non-working fans. On 02/28/25, the technician restored expected production by replacing fans 6 and 9. 4. 43 Damaged (Thermal) SF 290-36-P Modules onsite, needed replacement. | K41: 1. SR092739 2. SR092739 3. SR096514 4. SR092753 | L41: SR092739 | M41: SR096514
A42: Muroc Joint USD - District Office | B42: CA | C42: 5000 | D42: 16305 | E42: =IF(AND(ISNUMBER(C42),ISNUMBER(D42)), C42-D42, "") -> -11305 | F42: =IFERROR(E42/D42, "") -> -0.6933456 | G42: 6384.23 | H42: =IF(AND(ISNUMBER(C42),ISNUMBER(G42)), C42-G42, "") -> -1384.23 | I42: =IFERROR(H42/G42, "") -> -0.2168202 | J42: 1. Low generation due to weather/snow.
A43: Whole Foods - Manhattan Beach | B43: CA | C43: 12818 | D43: 12781 | E43: =IF(AND(ISNUMBER(C43),ISNUMBER(D43)), C43-D43, "") -> 37 | F43: =IFERROR(E43/D43, "") -> 0.0028949222 | G43: 15625.72 | H43: =IF(AND(ISNUMBER(C43),ISNUMBER(G43)), C43-G43, "") -> -2807.72 | I43: =IFERROR(H43/G43, "") -> -0.1796858 | J43: 1. Inverters 3 & 8 are offline through out the month due to additional parts needed. On 02/26/25, FIMER tested replacement logic boards, but they failed their internal bench tests. They have not been able to address our needs, and no ETA is available yet. 2. Inverter 9 has been offline since 02/25. | K43: 1. SR089461, SR090375 2. SR098018 | L43: SR090375 | M43: SR098018
A44: Pioneer USD - Frontier ES | B44: CA | C44: 20603 | D44: N/A | E44: =IF(AND(ISNUMBER(C44),ISNUMBER(D44)), C44-D44, "") | F44: =IFERROR(E44/D44, "") | G44: 18600.14 | H44: =IF(AND(ISNUMBER(C44),ISNUMBER(G44)), C44-G44, "") -> 2002.86 | I44: =IFERROR(H44/G44, "") -> 0.10767983 | J44: 1. Weather station was not communicating through out the month because the entire station needs to be replaced. Waiting for approval to dispatch. | K44: 1. SR092276
A45: Pioneer USD - Pioneer ES | B45: CA | C45: 13168 | D45: N/A | E45: =IF(AND(ISNUMBER(C45),ISNUMBER(D45)), C45-D45, "") | F45: =IFERROR(E45/D45, "") | G45: 19124.83 | H45: =IF(AND(ISNUMBER(C45),ISNUMBER(G45)), C45-G45, "") -> -5956.83 | I45: =IFERROR(H45/G45, "") -> -0.311471 | J45: 1. Weather station was not communicating through out the month because the entire station needs to be replaced. 2. Pad 1 inverter 1 was offline through the month and pad 2 the inverter 1 is not communicating but production is at the meter. Waiting for approval to dive into auxiliary equipment installed and fault logs with BOLD. 3. Site was taken offline from 09:00 AM to 12:55 PM on 02/26/25. The technician worked on the PM and confirmed that we cannot gather data normally. We will need to perform a deep dive with BOLD on the power flow through the distribution card. | K45: 1. SR085968 2. SR092256, SR090090 & SR095592 3. SR095592 | L45: SR092256 | M45: SR090090 | N45: SR095592 | O45: SR095592
A46: Pioneer USD - Pioneer MS | B46: CA | C46: 28036 | D46: N/A | E46: =IF(AND(ISNUMBER(C46),ISNUMBER(D46)), C46-D46, "") | F46: =IFERROR(E46/D46, "") | G46: 25858.58 | H46: =IF(AND(ISNUMBER(C46),ISNUMBER(G46)), C46-G46, "") -> 2177.42 | I46: =IFERROR(H46/G46, "") -> 0.084204933 | J46: 1. Weather station is not communicating through out the month, It was found that the pyranometer is not installed on-site. The installation of a new pyranometer will be required. | K46: 1. SR089470, SR092603 | L46: SR092603
A47: Kingsburg Joint UHSD - Kingsburg HS | B47: CA | C47: 45118 | D47: 42299 | E47: =IF(AND(ISNUMBER(C47),ISNUMBER(D47)), C47-D47, "") -> 2819 | F47: =IFERROR(E47/D47, "") -> 0.066644602 | G47: 48811.98 | H47: =IF(AND(ISNUMBER(C47),ISNUMBER(G47)), C47-G47, "") -> -3693.98 | I47: =IFERROR(H47/G47, "") -> -0.075677733 | J47: 1. Inverter A and Meter A have faulty MOXAs, which need to be replaced. Additionally, the low-hanging wires were managed and secured. 2. Meter B regulary capturing data from 7:20AM to 10:00AM respective with Inverter B, but Inverter B capturing data from 10:05AM to 4:45PM due to MOXA is not working. | K47: 1.SR089612, SR095339 & SR095385, SR097012 2. SR089612, SR095385 | L47: SR095339 | M47: SR095385 | N47: SR097012 | O47: SR089612 | P47: SR095385
A48: CADRB | B48: CA | C48: 0 | D48: N/A | E48: =IF(AND(ISNUMBER(C48),ISNUMBER(D48)), C48-D48, "") | F48: =IFERROR(E48/D48, "") | G48: 443850 | H48: =IF(AND(ISNUMBER(C48),ISNUMBER(G48)), C48-G48, "") -> -443850 | I48: =IFERROR(H48/G48, "") -> -1 | J48: 1. Site back online on 01/09/25 after the technician re-energized it, we cannot confirm as silicon ranch only has access to site. 2.Inverter 3 was back online on 11/15/2024 but we cannot confirm through SCADA since site is not communicating 3.Pyranometer has been giving bad readings. Prior to 9/25, the pyranometer read at most 450 W/m2. Since then, readings are between 950 and 400 W/m2 | K48: 1. SR092166, SR097558 2. SR086220 3. SR091312 | L48: SR097558 | M48: SR086220 | N48: SR091312
A49: CDCR-CA State Prison LA County | B49: CA | C49: 176892 | D49: 176553 | E49: =IF(AND(ISNUMBER(C49),ISNUMBER(D49)), C49-D49, "") -> 339 | F49: =IFERROR(E49/D49, "") -> 0.0019201033 | G49: 272714.69 | H49: =IF(AND(ISNUMBER(C49),ISNUMBER(G49)), C49-G49, "") -> -95822.69 | I49: =IFERROR(H49/G49, "") -> -0.35136607 | J49: 1. Low generation due to weather/snow.
A50: Central USD Akers ES | B50: CA | C50: 19588 | D50: N/A | E50: =IF(AND(ISNUMBER(C50),ISNUMBER(D50)), C50-D50, "") | F50: =IFERROR(E50/D50, "") | G50: 21273.81 | H50: =IF(AND(ISNUMBER(C50),ISNUMBER(G50)), C50-G50, "") -> -1685.81 | I50: =IFERROR(H50/G50, "") -> -0.079243445 | J50: 1. Weather station is reporting 0w/m2 | K50: 1. SR090370
A51: CUSD - District Office | B51: CA | C51: 16350 | D51: 16305 | E51: =IF(AND(ISNUMBER(C51),ISNUMBER(D51)), C51-D51, "") -> 45 | F51: =IFERROR(E51/D51, "") -> 0.0027598896 | G51: 16036.59 | H51: =IF(AND(ISNUMBER(C51),ISNUMBER(G51)), C51-G51, "") -> 313.41 | I51: =IFERROR(H51/G51, "") -> 0.019543432 | J51: 1. Inverter 1 has been offline since 02/27/25 due to an watchdog timer fault and remained offline through out the month. | K51: 1. SR097912
A52: Parlier - WTP | B52: CA | C52: 28581 | D52: 28488 | E52: =IF(AND(ISNUMBER(C52),ISNUMBER(D52)), C52-D52, "") -> 93 | F52: =IFERROR(E52/D52, "") -> 0.0032645324 | G52: 41703.35 | H52: =IF(AND(ISNUMBER(C52),ISNUMBER(G52)), C52-G52, "") -> -13122.35 | I52: =IFERROR(H52/G52, "") -> -0.31465937 | J52: 1. Low generation due to weather/snow.
A53: Snowline SD - Quail Valley MS | B53: CA | C53: 25219 | D53: 25156 | E53: =IF(AND(ISNUMBER(C53),ISNUMBER(D53)), C53-D53, "") -> 63 | F53: =IFERROR(E53/D53, "") -> 0.0025043727 | G53: 24415.41 | H53: =IF(AND(ISNUMBER(C53),ISNUMBER(G53)), C53-G53, "") -> 803.59 | I53: =IFERROR(H53/G53, "") -> 0.03291323 | J53: 1. Inverter trips on and offline through out the month frequently due to company chip replacement needed and Wires are all hanging and in poor condition. | K53: 1.SR090965, SR094547 & SR094545 | L53: SR094547 | M53: SR094545
A54: Snowline SD - Serrano HS - Middle Lot | B54: CA | C54: 21035 | D54: 21014 | E54: =IF(AND(ISNUMBER(C54),ISNUMBER(D54)), C54-D54, "") -> 21 | F54: =IFERROR(E54/D54, "") -> 0.00099933378 | G54: 28500.77 | H54: =IF(AND(ISNUMBER(C54),ISNUMBER(G54)), C54-G54, "") -> -7465.77 | I54: =IFERROR(H54/G54, "") -> -0.26194976 | J54: 1. Low generation due to weather/snow.
A55: Snowline SD - Pinon Hills ES | B55: CA | C55: 9673 | D55: 9665 | E55: =IF(AND(ISNUMBER(C55),ISNUMBER(D55)), C55-D55, "") -> 8 | F55: =IFERROR(E55/D55, "") -> 0.00082772892 | G55: 14901.16 | H55: =IF(AND(ISNUMBER(C55),ISNUMBER(G55)), C55-G55, "") -> -5228.16 | I55: =IFERROR(H55/G55, "") -> -0.35085591 | J55: 1. 23 Modules need to be replace. | K55: 1. SR090734
A56: Ramona - Santa Maria WTP | B56: CA | C56: 53315 | D56: 52951 | E56: =IF(AND(ISNUMBER(C56),ISNUMBER(D56)), C56-D56, "") -> 364 | F56: =IFERROR(E56/D56, "") -> 0.00687428 | G56: 56951.14 | H56: =IF(AND(ISNUMBER(C56),ISNUMBER(G56)), C56-G56, "") -> -3636.14 | I56: =IFERROR(H56/G56, "") -> -0.063846659
A57: Kohls - Redding | B57: CA | C57: 19554 | D57: N/A | E57: =IF(AND(ISNUMBER(C57),ISNUMBER(D57)), C57-D57, "") | F57: =IFERROR(E57/D57, "") | G57: 16190.84 | H57: =IF(AND(ISNUMBER(C57),ISNUMBER(G57)), C57-G57, "") -> 3363.16 | I57: =IFERROR(H57/G57, "") -> 0.20771992 | J57: 1. Weather station does not report irradiance during the day. Likely a faulty pyranometer through out the month. Waiting for approval | K57: 1. SR090293, SR095854 | L57: SR095854
A58: Kohls - Salinas | B58: CA | C58: 23764 | D58: 23421 | E58: =IF(AND(ISNUMBER(C58),ISNUMBER(D58)), C58-D58, "") -> 343 | F58: =IFERROR(E58/D58, "") -> 0.014644977 | G58: 26628.06 | H58: =IF(AND(ISNUMBER(C58),ISNUMBER(G58)), C58-G58, "") -> -2864.06 | I58: =IFERROR(H58/G58, "") -> -0.10755797 | J58: 1.Inverters 3, 7, 10, 11, 14, and 21 are offline. Inverter 2 may have a string down through out the month and parts are needed to bring these inverters back online. | K58: 1. SR095449, SR093474, SR089474, SR090381 & SR090380 | L58: SR093474 | M58: SR089474 | N58: SR090381 | O58: SR090380
A59: Kohls - San Bernardino - Central | B59: CA | C59: 104632 | D59: 104199 | E59: =IF(AND(ISNUMBER(C59),ISNUMBER(D59)), C59-D59, "") -> 433 | F59: =IFERROR(E59/D59, "") -> 0.0041555101 | G59: 119205.82 | H59: =IF(AND(ISNUMBER(C59),ISNUMBER(G59)), C59-G59, "") -> -14573.82 | I59: =IFERROR(H59/G59, "") -> -0.12225762
A60: Kohls - Sonora | B60: CA | C60: 17057 | D60: 16889 | E60: =IF(AND(ISNUMBER(C60),ISNUMBER(D60)), C60-D60, "") -> 168 | F60: =IFERROR(E60/D60, "") -> 0.009947303 | G60: 17675.44 | H60: =IF(AND(ISNUMBER(C60),ISNUMBER(G60)), C60-G60, "") -> -618.44 | I60: =IFERROR(H60/G60, "") -> -0.034988662 | J60: 1.Inverter 3 has been offline since 01/28/25, remained offline through out the month due to additional parts needed. 2. Inverter 7 was offline through out the month and parts needed to bring these inverter back online. 3. Inverter 12 has been offline since 01/30/25, remaind offline through out the month and parts are needed to bring these inverter back online. | K60: 1. SR089477, SR096348 2. SR089477, SR096348 3. SR089477, SR096348 | L60: SR096348 | M60: SR089477 | N60: SR096348 | O60: SR089477 | P60: SR096348
A61: CUSD - Stratford ES | B61: CA | C61: 17954 | D61: 17907 | E61: =IF(AND(ISNUMBER(C61),ISNUMBER(D61)), C61-D61, "") -> 47 | F61: =IFERROR(E61/D61, "") -> 0.0026246719 | G61: 14369.22 | H61: =IF(AND(ISNUMBER(C61),ISNUMBER(G61)), C61-G61, "") -> 3584.78 | I61: =IFERROR(H61/G61, "") -> 0.24947631 | J61: 1. Low generation due to weather/snow.
A62: Taft - City Hall | B62: CA | C62: 2255 | D62: 133 | E62: =IF(AND(ISNUMBER(C62),ISNUMBER(D62)), C62-D62, "") -> 2122 | F62: =IFERROR(E62/D62, "") -> 15.954887 | G62: 5204.36 | H62: =IF(AND(ISNUMBER(C62),ISNUMBER(G62)), C62-G62, "") -> -2949.36 | I62: =IFERROR(H62/G62, "") -> -0.56670945 | J62: 1. Low generation due to weather/snow.
A63: Taft - Federal Prison | B63: CA | C63: 12088 | D63: 12046 | E63: =IF(AND(ISNUMBER(C63),ISNUMBER(D63)), C63-D63, "") -> 42 | F63: =IFERROR(E63/D63, "") -> 0.0034866346 | G63: 8981.22 | H63: =IF(AND(ISNUMBER(C63),ISNUMBER(G63)), C63-G63, "") -> 3106.78 | I63: =IFERROR(H63/G63, "") -> 0.3459196 | J63: 1. Low generation due to weather/snow.
A64: Taft - Police Department | B64: CA | C64: 7698 | D64: 7558 | E64: =IF(AND(ISNUMBER(C64),ISNUMBER(D64)), C64-D64, "") -> 140 | F64: =IFERROR(E64/D64, "") -> 0.018523419 | G64: 5975.61 | H64: =IF(AND(ISNUMBER(C64),ISNUMBER(G64)), C64-G64, "") -> 1722.39 | I64: =IFERROR(H64/G64, "") -> 0.28823668 | J64: 1. Low generation due to weather/snow.
A65: Taft - WTP | B65: CA | C65: 12661 | D65: 12626 | E65: =IF(AND(ISNUMBER(C65),ISNUMBER(D65)), C65-D65, "") -> 35 | F65: =IFERROR(E65/D65, "") -> 0.0027720577 | G65: 39816.16 | H65: =IF(AND(ISNUMBER(C65),ISNUMBER(G65)), C65-G65, "") -> -27155.16 | I65: =IFERROR(H65/G65, "") -> -0.68201353 | J65: 1. Inverter 2 was brought back online at 11:20 AM on 02/21/25 after the technician replaced 5 filters inside the inverter and swapped the logic board with a new one received from Bold. | K65: 1. SR089732, SR094323 | L65: SR094323
A66: CDCR - CA Correctional Institution | B66: CA | C66: 94563 | D66: 94052 | E66: =IF(AND(ISNUMBER(C66),ISNUMBER(D66)), C66-D66, "") -> 511 | F66: =IFERROR(E66/D66, "") -> 0.0054331646 | G66: 111535.07 | H66: =IF(AND(ISNUMBER(C66),ISNUMBER(G66)), C66-G66, "") -> -16972.07 | I66: =IFERROR(H66/G66, "") -> -0.15216801 | J66: 1. Site has been offline since 07:40 AM on 02/25/25 and may remain offline throughout the month, possibly due to issues with the arrays at the switchgear. 2. Inverter 1 production is being affected in the morning hours due to stuck trackers. | K66: 1. SR097774 2. SR092170, SR092456 | L66: SR092170 | M66: SR092456
A67: CDCR - CA Correctional Institution II | B67: CA | C67: 112446 | D67: 109184 | E67: =IF(AND(ISNUMBER(C67),ISNUMBER(D67)), C67-D67, "") -> 3262 | F67: =IFERROR(E67/D67, "") -> 0.029876172 | G67: 177907.85 | H67: =IF(AND(ISNUMBER(C67),ISNUMBER(G67)), C67-G67, "") -> -65461.85 | I67: =IFERROR(H67/G67, "") -> -0.36795369 | J67: 1. Inverter 2's production being affected in the afternoon hours possibly due to stuck trackers. 2. Inverter 1 was underperforming and needs to have its surge protectors replaced. | K67: 1. SR092171, SR092455 2. SR090296 | L67: SR092455 | M67: SR090296
A68: Snowline SD - Vista Verde ES | B68: CA | C68: 21035 | D68: 21008 | E68: =IF(AND(ISNUMBER(C68),ISNUMBER(D68)), C68-D68, "") -> 27 | F68: =IFERROR(E68/D68, "") -> 0.0012852247 | G68: 17891.25 | H68: =IF(AND(ISNUMBER(C68),ISNUMBER(G68)), C68-G68, "") -> 3143.75 | I68: =IFERROR(H68/G68, "") -> 0.17571439
A69: North Stonington | B69: CT | C69: 908110 | D69: N/A | E69: =IF(AND(ISNUMBER(C69),ISNUMBER(D69)), C69-D69, "") | G69: 0 | H69: =IF(AND(ISNUMBER(C69),ISNUMBER(G69)), C69-G69, "") -> 908110 | J69: 1. Inverter A.02.08 back online at 14:10 on 02/03/25, after technician Re-energized the inverter by closing the Combiner handle. | K69: 1. SR096146
A70: CT: Torrington - 2-298 Rossi Road | B70: CT

Sheet Mar
A1: {=portfolio} -> Silicon Ranch | D1: March Actual v. Expected | G1: March Actual v. Forecasted
A2: Total | C2: =SUM(C4:C100) -> 3832546 | D2: =SUM(D4:D100) -> 2419110 | E2: =C2-D2 -> 1413436 | F2: =IFERROR(E2/D2, 0) -> 0.58427934 | G2: =SUM(G4:G100) -> 3740512.2 | H2: =C2-G2 -> 92033.802 | I2: =IFERROR(H2/G2, 0) -> 0.024604599 | J2: =IF(AND(TODAY()>DATE(2024, 3, 1), COUNTA(Sites[Site])<>(COUNT(C:C)-1)), "Some sites are missing actual data; if new sites were added, make sure they are aligned correctly (including prior months!)", "") -> Some sites are missing actual data; if new sites were added, make sure they are aligned correctly (including prior months!)
A3: Site | B3: State | C3: Actual | D3: Expected | E3: Delta | F3: % | G3: Forecasted | H3: Delta | I3: % | J3: Notes | K3: Service Requests
A4: {=Sites[Site]} -> Iron Mountain - Windsor | B4: {=Sites[State]} -> CT | C4: 27222 | D4: 27081 | E4: =IF(AND(ISNUMBER(C4),ISNUMBER(D4)), C4-D4, "") -> 141 | F4: =IFERROR(E4/D4, "") -> 0.0052066024 | G4: 24890.44 | H4: =IF(AND(ISNUMBER(C4),ISNUMBER(G4)), C4-G4, "") -> 2331.56 | I4: =IFERROR(H4/G4, "") -> 0.093672912
A5: Kohls - Auburn | B5: NY | C5: 27236 | D5: 27027 | E5: =IF(AND(ISNUMBER(C5),ISNUMBER(D5)), C5-D5, "") -> 209 | F5: =IFERROR(E5/D5, "") -> 0.0077330077 | G5: 23650.08 | H5: =IF(AND(ISNUMBER(C5),ISNUMBER(G5)), C5-G5, "") -> 3585.92 | I5: =IFERROR(H5/G5, "") -> 0.15162401
A6: Kohls - Bensalem | B6: PA | C6: 34738 | D6: 30227 | E6: =IF(AND(ISNUMBER(C6),ISNUMBER(D6)), C6-D6, "") -> 4511 | F6: =IFERROR(E6/D6, "") -> 0.14923744 | G6: 29689.14 | H6: =IF(AND(ISNUMBER(C6),ISNUMBER(G6)), C6-G6, "") -> 5048.86 | I6: =IFERROR(H6/G6, "") -> 0.17005747 | J6: 1. Site has been intermittently communicating throught the month and later data will backfill, due to a faulty modem, which needs replacement. The last update was on 03/30/25 | K6: 1. SR098590
A7: Kohls - Brick | B7: NJ | C7: 43073 | D7: 41247 | E7: =IF(AND(ISNUMBER(C7),ISNUMBER(D7)), C7-D7, "") -> 1826 | F7: =IFERROR(E7/D7, "") -> 0.044269886 | G7: 35597.95 | H7: =IF(AND(ISNUMBER(C7),ISNUMBER(G7)), C7-G7, "") -> 7475.05 | I7: =IFERROR(H7/G7, "") -> 0.20998541
A8: Kohls - Buffalo | B8: NY | C8: 24986 | D8: N/A | E8: =IF(AND(ISNUMBER(C8),ISNUMBER(D8)), C8-D8, "") | F8: =IFERROR(E8/D8, "") | G8: 30971.89 | H8: =IF(AND(ISNUMBER(C8),ISNUMBER(G8)), C8-G8, "") -> -5985.89 | I8: =IFERROR(H8/G8, "") -> -0.19326848 | J8: 1. Inverter 4 is offline throught the month due to an INV 4 was thermally damaged in the DC box. 2. Inverter 7 back online at 13:25 on 03/13/25, after the technician isolated the strings, reset the system, and conducted a thorough inspection using thermal imaging, addressing any visible issues, which led to the inverter being brought back online. 3. Inverter 5 derating to about 19kw, most operating around 22Kw since 03/11/25. | K8: 1. SR096145, SR096237 2. SR095177, SR096145 3. SR095177 | L8: SR096237 | M8: SR095177 | N8: SR096145 | O8: SR095177
A9: Kohls - Canton | B9: CT | C9: 13827 | D9: 13665 | E9: =IF(AND(ISNUMBER(C9),ISNUMBER(D9)), C9-D9, "") -> 162 | F9: =IFERROR(E9/D9, "") -> 0.011855104 | G9: 11101.61 | H9: =IF(AND(ISNUMBER(C9),ISNUMBER(G9)), C9-G9, "") -> 2725.39 | I9: =IFERROR(H9/G9, "") -> 0.24549502
A10: Kohls - East Amherst | B10: NY | C10: 30527 | D10: 30163 | E10: =IF(AND(ISNUMBER(C10),ISNUMBER(D10)), C10-D10, "") -> 364 | F10: =IFERROR(E10/D10, "") -> 0.012067765 | G10: 28509.69 | H10: =IF(AND(ISNUMBER(C10),ISNUMBER(G10)), C10-G10, "") -> 2017.31 | I10: =IFERROR(H10/G10, "") -> 0.070758749
A11: Kohls - East Brunswick | B11: NJ | C11: 48343 | D11: 48083 | E11: =IF(AND(ISNUMBER(C11),ISNUMBER(D11)), C11-D11, "") -> 260 | F11: =IFERROR(E11/D11, "") -> 0.0054073165 | G11: 45835.09 | H11: =IF(AND(ISNUMBER(C11),ISNUMBER(G11)), C11-G11, "") -> 2507.91 | I11: =IFERROR(H11/G11, "") -> 0.054715939
A12: Kohls - Edgewood | B12: MD | C12: 250847 | D12: 249117 | E12: =IF(AND(ISNUMBER(C12),ISNUMBER(D12)), C12-D12, "") -> 1730 | F12: =IFERROR(E12/D12, "") -> 0.0069445281 | G12: 237369.73 | H12: =IF(AND(ISNUMBER(C12),ISNUMBER(G12)), C12-G12, "") -> 13477.27 | I12: =IFERROR(H12/G12, "") -> 0.056777543
A13: Kohls - Granite Run | B13: PA | C13: 33109 | D13: 32909 | E13: =IF(AND(ISNUMBER(C13),ISNUMBER(D13)), C13-D13, "") -> 200 | F13: =IFERROR(E13/D13, "") -> 0.0060773649 | G13: 29284.8 | H13: =IF(AND(ISNUMBER(C13),ISNUMBER(G13)), C13-G13, "") -> 3824.2 | I13: =IFERROR(H13/G13, "") -> 0.13058652
A14: Kohls - Greece | B14: NY | C14: 26115 | D14: 25812 | E14: =IF(AND(ISNUMBER(C14),ISNUMBER(D14)), C14-D14, "") -> 303 | F14: =IFERROR(E14/D14, "") -> 0.011738726 | G14: 27398.92 | H14: =IF(AND(ISNUMBER(C14),ISNUMBER(G14)), C14-G14, "") -> -1283.92 | I14: =IFERROR(H14/G14, "") -> -0.046860241
A15: Kohls - Hanover | B15: PA | C15: 37630 | D15: 37388 | E15: =IF(AND(ISNUMBER(C15),ISNUMBER(D15)), C15-D15, "") -> 242 | F15: =IFERROR(E15/D15, "") -> 0.006472665 | G15: 32189.09 | H15: =IF(AND(ISNUMBER(C15),ISNUMBER(G15)), C15-G15, "") -> 5440.91 | I15: =IFERROR(H15/G15, "") -> 0.16902963
A16: Kohls - Horsehead | B16: NY | C16: 25246 | D16: 25033 | E16: =IF(AND(ISNUMBER(C16),ISNUMBER(D16)), C16-D16, "") -> 213 | F16: =IFERROR(E16/D16, "") -> 0.0085087684 | G16: 24714.57 | H16: =IF(AND(ISNUMBER(C16),ISNUMBER(G16)), C16-G16, "") -> 531.43 | I16: =IFERROR(H16/G16, "") -> 0.021502701
A17: Kohls - Hudson | B17: NY | C17: 29884 | D17: 29691 | E17: =IF(AND(ISNUMBER(C17),ISNUMBER(D17)), C17-D17, "") -> 193 | F17: =IFERROR(E17/D17, "") -> 0.0065002863 | G17: 29518.63 | H17: =IF(AND(ISNUMBER(C17),ISNUMBER(G17)), C17-G17, "") -> 365.37 | I17: =IFERROR(H17/G17, "") -> 0.012377607
A18: Kohls - Ithaca | B18: NY | C18: 24987 | D18: 24837 | E18: =IF(AND(ISNUMBER(C18),ISNUMBER(D18)), C18-D18, "") -> 150 | F18: =IFERROR(E18/D18, "") -> 0.0060393767 | G18: 27056.43 | H18: =IF(AND(ISNUMBER(C18),ISNUMBER(G18)), C18-G18, "") -> -2069.43 | I18: =IFERROR(H18/G18, "") -> -0.0764857
A19: Kohls - Kingston | B19: NY | C19: 38808 | D19: 38452 | E19: =IF(AND(ISNUMBER(C19),ISNUMBER(D19)), C19-D19, "") -> 356 | F19: =IFERROR(E19/D19, "") -> 0.0092582961 | G19: 41394.59 | H19: =IF(AND(ISNUMBER(C19),ISNUMBER(G19)), C19-G19, "") -> -2586.59 | I19: =IFERROR(H19/G19, "") -> -0.062486185
A20: Kohls - Mechanicsburg | B20: PA | C20: 43003 | D20: 42690 | E20: =IF(AND(ISNUMBER(C20),ISNUMBER(D20)), C20-D20, "") -> 313 | F20: =IFERROR(E20/D20, "") -> 0.0073319279 | G20: 37183.53 | H20: =IF(AND(ISNUMBER(C20),ISNUMBER(G20)), C20-G20, "") -> 5819.47 | I20: =IFERROR(H20/G20, "") -> 0.15650666
A21: Kohls - Middletown | B21: NJ | C21: 63442 | D21: 62840 | E21: =IF(AND(ISNUMBER(C21),ISNUMBER(D21)), C21-D21, "") -> 602 | F21: =IFERROR(E21/D21, "") -> 0.0095798854 | G21: 52641.66 | H21: =IF(AND(ISNUMBER(C21),ISNUMBER(G21)), C21-G21, "") -> 10800.34 | I21: =IFERROR(H21/G21, "") -> 0.20516716
A22: Kohls - North Amherst | B22: NY | C22: 0 | D22: N/A | E22: =IF(AND(ISNUMBER(C22),ISNUMBER(D22)), C22-D22, "") | F22: =IFERROR(E22/D22, "") | G22: 25362.51 | H22: =IF(AND(ISNUMBER(C22),ISNUMBER(G22)), C22-G22, "") -> -25362.51 | I22: =IFERROR(H22/G22, "") -> -1 | J22: 1. Site tripped offline at 09:30am from 08/12/24, due to system removal for roof repair and to start rebuilding the roof. | K22: 1.SR093440,SR093861 | L22: SR093861
A23: Kohls - Staten Island | B23: NY | C23: 29577 | D23: N/A | E23: =IF(AND(ISNUMBER(C23),ISNUMBER(D23)), C23-D23, "") | F23: =IFERROR(E23/D23, "") | G23: 31812.12 | H23: =IF(AND(ISNUMBER(C23),ISNUMBER(G23)), C23-G23, "") -> -2235.12 | I23: =IFERROR(H23/G23, "") -> -0.070260014 | J23: 1. Inverter 8 was offline due to Internal hardware “Error E018” fault till date. Inverter 20 was offline from 07/22/24 due to Internal Error -E018 fault. Inverter 21 was tripped offline at 09:05Am on 08/17/24 due to Internal Error - E018 fault and was being RMA'd. 2. Site was offline from 03/05/25 due to a defective DAS mini transformer and blown in-line fuses. On 03/10/25, the technician temporarily powered the DAS for site visibility but required a quote for the replacement transformer and fuses. The site was brought back online at 13:20 the same day. It went offline again on 03/17/25 at 19:50, came back online on 03/19/25, went offline on 03/20/25, returned on 03/24/25, and went offline again on 03/27/25, remaining offline throughout the rest of the month. | K23: 1. SR095623 2. SR098185 | L23: SR098185
A24: Kohls - Warminster | B24: PA | C24: 43847 | D24: 43555 | E24: =IF(AND(ISNUMBER(C24),ISNUMBER(D24)), C24-D24, "") -> 292 | F24: =IFERROR(E24/D24, "") -> 0.0067041671 | G24: 36323.74 | H24: =IF(AND(ISNUMBER(C24),ISNUMBER(G24)), C24-G24, "") -> 7523.26 | I24: =IFERROR(H24/G24, "") -> 0.20711689
A25: Kohls - Waterbury | B25: CT | C25: 31429 | D25: 31084 | E25: =IF(AND(ISNUMBER(C25),ISNUMBER(D25)), C25-D25, "") -> 345 | F25: =IFERROR(E25/D25, "") -> 0.011098958 | G25: 28363.71 | H25: =IF(AND(ISNUMBER(C25),ISNUMBER(G25)), C25-G25, "") -> 3065.29 | I25: =IFERROR(H25/G25, "") -> 0.10807084 | J25: 1. Meter has been reporting no production since 02/17/25. On 03/03/25, the technician power-cycled the inverter to restore production, but communication was not regained. However, the meter regained communication and confirmed production. | K25: 1. SR097907
A26: Mojave Water Agency - Headquarters | B26: CA | C26: 41136 | D26: 35134 | E26: =IF(AND(ISNUMBER(C26),ISNUMBER(D26)), C26-D26, "") -> 6002 | F26: =IFERROR(E26/D26, "") -> 0.17083167 | G26: 35355.28 | H26: =IF(AND(ISNUMBER(C26),ISNUMBER(G26)), C26-G26, "") -> 5780.72 | I26: =IFERROR(H26/G26, "") -> 0.16350373 | J26: 1. Meter lost communication on 03/25/25 but production confirmed at Inverter level. | K26: 1. SR098973
A27: CSU - Bakersfield | B27: CA | C27: 127698 | D27: 127167 | E27: =IF(AND(ISNUMBER(C27),ISNUMBER(D27)), C27-D27, "") -> 531 | F27: =IFERROR(E27/D27, "") -> 0.0041756116 | G27: 118489.14 | H27: =IF(AND(ISNUMBER(C27),ISNUMBER(G27)), C27-G27, "") -> 9208.86 | I27: =IFERROR(H27/G27, "") -> 0.077719021
A28: Greenfield USD - Fairfield ES | B28: CA | C28: 12306 | D28: 12229 | E28: =IF(AND(ISNUMBER(C28),ISNUMBER(D28)), C28-D28, "") -> 77 | F28: =IFERROR(E28/D28, "") -> 0.0062965083 | G28: 11131.02 | H28: =IF(AND(ISNUMBER(C28),ISNUMBER(G28)), C28-G28, "") -> 1174.98 | I28: =IFERROR(H28/G28, "") -> 0.10555906
A29: Greenfield USD - Granite Point ES | B29: CA | C29: 31850 | D29: 31733 | E29: =IF(AND(ISNUMBER(C29),ISNUMBER(D29)), C29-D29, "") -> 117 | F29: =IFERROR(E29/D29, "") -> 0.0036870135 | G29: 29325.79 | H29: =IF(AND(ISNUMBER(C29),ISNUMBER(G29)), C29-G29, "") -> 2524.21 | I29: =IFERROR(H29/G29, "") -> 0.086074749
A30: Greenfield USD - Greenfield MS | B30: CA | C30: 20842 | D30: 19199 | E30: =IF(AND(ISNUMBER(C30),ISNUMBER(D30)), C30-D30, "") -> 1643 | F30: =IFERROR(E30/D30, "") -> 0.085577374 | G30: 20074.448 | H30: =IF(AND(ISNUMBER(C30),ISNUMBER(G30)), C30-G30, "") -> 767.552 | I30: =IFERROR(H30/G30, "") -> 0.038235273 | J30: 1. Inverter PAD 1 was still not communicating, but as of 13:20 on 03/03/25, production is being recorded at the meter. The issue may be related to the need for a new MOXA device to restore communication with the inverter. | K30: 1. 1.SR089763
A31: Greenfield USD - Horizon ES | B31: CA | C31: 31986 | D31: 31852 | E31: =IF(AND(ISNUMBER(C31),ISNUMBER(D31)), C31-D31, "") -> 134 | F31: =IFERROR(E31/D31, "") -> 0.0042069572 | G31: 30176.01 | H31: =IF(AND(ISNUMBER(C31),ISNUMBER(G31)), C31-G31, "") -> 1809.99 | I31: =IFERROR(H31/G31, "") -> 0.059981091
A32: Greenfield USD - McKee MS | B32: CA | C32: 15740 | D32: 15698 | E32: =IF(AND(ISNUMBER(C32),ISNUMBER(D32)), C32-D32, "") -> 42 | F32: =IFERROR(E32/D32, "") -> 0.0026755001 | G32: 18447.54 | H32: =IF(AND(ISNUMBER(C32),ISNUMBER(G32)), C32-G32, "") -> -2707.54 | I32: =IFERROR(H32/G32, "") -> -0.1467697 | J32: 1. Site production was low on 03/06, 03/13, 03/14, 03/17, due to rain.
A33: Greenfield USD - Plantation ES | B33: CA | C33: 15097 | D33: 15047 | E33: =IF(AND(ISNUMBER(C33),ISNUMBER(D33)), C33-D33, "") -> 50 | F33: =IFERROR(E33/D33, "") -> 0.0033229215 | G33: 13199.13 | H33: =IF(AND(ISNUMBER(C33),ISNUMBER(G33)), C33-G33, "") -> 1897.87 | I33: =IFERROR(H33/G33, "") -> 0.14378751
A34: Greenfield USD - Planz ES | B34: CA | C34: 6098 | D34: 6057 | E34: =IF(AND(ISNUMBER(C34),ISNUMBER(D34)), C34-D34, "") -> 41 | F34: =IFERROR(E34/D34, "") -> 0.0067690276 | G34: 14752.51 | H34: =IF(AND(ISNUMBER(C34),ISNUMBER(G34)), C34-G34, "") -> -8654.51 | I34: =IFERROR(H34/G34, "") -> -0.58664661 | J34: 1. Inverter 1 meter has been down for a while. On 03/14, the technician replaced the modem and power cable but faced issues requiring GPM IT escalation. Further meter investigation is scheduled for 04/04/25. | K34: 1. SR092298
A35: Greenfield USD - Raffaello Palla ES | B35: CA | C35: 27537 | D35: 27181 | E35: =IF(AND(ISNUMBER(C35),ISNUMBER(D35)), C35-D35, "") -> 356 | F35: =IFERROR(E35/D35, "") -> 0.013097384 | G35: 32869.15 | H35: =IF(AND(ISNUMBER(C35),ISNUMBER(G35)), C35-G35, "") -> -5332.15 | I35: =IFERROR(H35/G35, "") -> -0.16222354 | J35: 1. Meter reporting zero from 03/30, production can be confirmed at inverter level. | K35: 1. SR099206
A36: Greenfield USD - Valle Verde ES | B36: CA | C36: 38141 | D36: 37743 | E36: =IF(AND(ISNUMBER(C36),ISNUMBER(D36)), C36-D36, "") -> 398 | F36: =IFERROR(E36/D36, "") -> 0.010545002 | G36: 30782.66 | H36: =IF(AND(ISNUMBER(C36),ISNUMBER(G36)), C36-G36, "") -> 7358.34 | I36: =IFERROR(H36/G36, "") -> 0.23904172
A37: Greenfield USD - W.A. Kendrick ES | B37: CA | C37: 0 | D37: N/A | E37: =IF(AND(ISNUMBER(C37),ISNUMBER(D37)), C37-D37, "") | F37: =IFERROR(E37/D37, "") | G37: 11866.35 | H37: =IF(AND(ISNUMBER(C37),ISNUMBER(G37)), C37-G37, "") -> -11866.35 | I37: =IFERROR(H37/G37, "") -> -1 | J37: 1.Meter reporting half of inverter production since 6/11/22 waiting for client approval for investigation | K37: 1. SR094440
A38: Muroc Joint USD - Boron HS | B38: CA | C38: 0 | D38: N/A | E38: =IF(AND(ISNUMBER(C38),ISNUMBER(D38)), C38-D38, "") | F38: =IFERROR(E38/D38, "") | G38: 35271.9 | H38: =IF(AND(ISNUMBER(C38),ISNUMBER(G38)), C38-G38, "") -> -35271.9 | I38: =IFERROR(H38/G38, "") -> -1 | J38: 1. Site back communication at 9:15AM on 12/30/2024 and Inverter remains offline because of Inverter down hard - Power supply critical failure. 2. Weather station began reporting erroneous values on 12/30/2024, and the POA sensor needed to be replaced along with additional repairs. | K38: 1. SR095163, SR092023 & SR089707 2. SR093065 | L38: SR092023 | M38: SR089707 | N38: SR093065
A39: Muroc Joint USD - W. Boron ES | B39: CA | C39: 12937 | D39: 12898 | E39: =IF(AND(ISNUMBER(C39),ISNUMBER(D39)), C39-D39, "") -> 39 | F39: =IFERROR(E39/D39, "") -> 0.0030237246 | G39: 13034.03 | H39: =IF(AND(ISNUMBER(C39),ISNUMBER(G39)), C39-G39, "") -> -97.03 | I39: =IFERROR(H39/G39, "") -> -0.0074443591
A40: Colusa - WTP | B40: CA | C40: 0 | D40: N/A | E40: =IF(AND(ISNUMBER(C40),ISNUMBER(D40)), C40-D40, "") | F40: =IFERROR(E40/D40, "") | G40: 42715.56 | H40: =IF(AND(ISNUMBER(C40),ISNUMBER(G40)), C40-G40, "") -> -42715.56 | I40: =IFERROR(H40/G40, "") -> -1 | J40: 1. Site came back online at 09:40 AM on 02/11/25 after the technician replaced four air filters in the central inverter. Meter replacement is required. 2. Site has been offline since 02/13/25 and the site was under water may not self-resolve. On 02/28/25, the technician found the inverter displaying a 0020 fault code (Delta High Temp Warning). The manual advises contacting the manufacturer for this code. Emailed Bold Renewables for guidance and will update once they respond with a solution and remained offline throught the month. | K40: 1.SR089464, SR093180, SR093174 & SR095356 2. SR096916 | L40: SR093180 | M40: SR093174 | N40: SR095356 | O40: SR096916
A41: CDCR-North Kern State Prision | B41: CA | C41: 93451 | D41: 92801 | E41: =IF(AND(ISNUMBER(C41),ISNUMBER(D41)), C41-D41, "") -> 650 | F41: =IFERROR(E41/D41, "") -> 0.0070042349 | G41: 149687 | H41: =IF(AND(ISNUMBER(C41),ISNUMBER(G41)), C41-G41, "") -> -56236 | I41: =IFERROR(H41/G41, "") -> -0.37569061 | J41: 1. Inverter 1 tripped offline on 03/02/25 due to an "Asymetrical Array Fault" and back online on 03/03/25. 2. Inverter 3 has been offline since 03/13/25 due to an "Asymetrical Array Fault" and self resolved on 03/17/25. 3. Inverter 2 has been offline since 03/14/25 due to an "Ground Overcurrent Fault" and self resolved at 10:05AM on 03/17/25. 4. 43 Damaged (Thermal) SF 290-36-P Modules onsite are needed for replacement. | K41: 1. SR097976 2. SR098524 3. SR098586 4. SR092753 | L41: SR098524 | M41: SR098586 | N41: SR092753
A42: Muroc Joint USD - District Office | B42: CA | C42: 6507 | D42: 6502 | E42: =IF(AND(ISNUMBER(C42),ISNUMBER(D42)), C42-D42, "") -> 5 | F42: =IFERROR(E42/D42, "") -> 0.00076899416 | G42: 9177.56 | H42: =IF(AND(ISNUMBER(C42),ISNUMBER(G42)), C42-G42, "") -> -2670.56 | I42: =IFERROR(H42/G42, "") -> -0.29098802 | J42: 1. Site production was low on 03/12 to 03/14 and 03/17 due to rain.
A43: Whole Foods - Manhattan Beach | B43: CA | C43: 15343 | D43: 15307 | E43: =IF(AND(ISNUMBER(C43),ISNUMBER(D43)), C43-D43, "") -> 36 | F43: =IFERROR(E43/D43, "") -> 0.0023518652 | G43: 19210.44 | H43: =IF(AND(ISNUMBER(C43),ISNUMBER(G43)), C43-G43, "") -> -3867.44 | I43: =IFERROR(H43/G43, "") -> -0.2013197 | J43: 1. Inverters 3 & 8 are offline through out the month due to additional parts needed. On 02/26/25, FIMER tested replacement logic boards, but they failed their internal bench tests. They have not been able to address our needs, and no ETA is available yet. 2. Inverter 9 has been offline since 02/25/25, remaind offline through out the month and parts are needed to bring these inverter back online. | K43: 1. SR089461, SR090375 2. SR098018 | L43: SR090375 | M43: SR098018
A44: Pioneer USD - Frontier ES | B44: CA | C44: 27246 | D44: N/A | E44: =IF(AND(ISNUMBER(C44),ISNUMBER(D44)), C44-D44, "") | F44: =IFERROR(E44/D44, "") | G44: 30695.13 | H44: =IF(AND(ISNUMBER(C44),ISNUMBER(G44)), C44-G44, "") -> -3449.13 | I44: =IFERROR(H44/G44, "") -> -0.11236734 | J44: 1. Weather station was not communicating through out the month because the entire station needs to be replaced. Waiting for approval to dispatch. | K44: 1. SR092276
A45: Pioneer USD - Pioneer ES | B45: CA | C45: 16433 | D45: N/A | E45: =IF(AND(ISNUMBER(C45),ISNUMBER(D45)), C45-D45, "") | F45: =IFERROR(E45/D45, "") | G45: 31485.33 | H45: =IF(AND(ISNUMBER(C45),ISNUMBER(G45)), C45-G45, "") -> -15052.33 | I45: =IFERROR(H45/G45, "") -> -0.47807439 | J45: 1. Weather station was not communicating through out the month because the entire station needs to be replaced. 2. Pad 1 Inverter 1 was offline throughout the month, and on Pad 2, Inverter 1 is not communicating, although production data is being captured at the meter. On 03/13/25, it was approved to investigate the auxiliary equipment installed and the fault logs, with BOLD. | K45: 1. SR085968 2. SR092256, SR090090 & SR095592 | L45: SR092256 | M45: SR090090 | N45: SR095592
A46: Pioneer USD - Pioneer MS | B46: CA | C46: 38016 | D46: N/A | E46: =IF(AND(ISNUMBER(C46),ISNUMBER(D46)), C46-D46, "") | F46: =IFERROR(E46/D46, "") | G46: 42362.63 | H46: =IF(AND(ISNUMBER(C46),ISNUMBER(G46)), C46-G46, "") -> -4346.63 | I46: =IFERROR(H46/G46, "") -> -0.10260529 | J46: 1. Weather station is not communicating through out the month, It was found that the pyranometer is not installed on-site. The installation of a new pyranometer will be required. | K46: 1. SR089470, SR092603 | L46: SR092603
A47: Kingsburg Joint UHSD - Kingsburg HS | B47: CA | C47: 59485 | D47: 59102 | E47: =IF(AND(ISNUMBER(C47),ISNUMBER(D47)), C47-D47, "") -> 383 | F47: =IFERROR(E47/D47, "") -> 0.0064803222 | G47: 60055.14 | H47: =IF(AND(ISNUMBER(C47),ISNUMBER(G47)), C47-G47, "") -> -570.14 | I47: =IFERROR(H47/G47, "") -> -0.0094936087 | J47: 1. Inverter A and Meter A have faulty MOXAs, which need to be replaced. Additionally, the low-hanging wires were managed and secured. 2. Meter B is regularly capturing data from 7:20 AM to 10:00 AM, in sync with Inverter B. However, Inverter B is capturing data from 10:05 AM to 4:45 PM due to the MOXA not functioning. On 04/01/25, the technician installed the MOXA (datalogger), but the communication failed, and additional troubleshooting is required.. | K47: 1.SR089612, SR095339 & SR095385, SR097012 2. SR089612, SR095385 | L47: SR095339 | M47: SR095385 | N47: SR097012 | O47: SR089612 | P47: SR095385
A48: CADRB | B48: CA | C48: 0 | D48: N/A | E48: =IF(AND(ISNUMBER(C48),ISNUMBER(D48)), C48-D48, "") | F48: =IFERROR(E48/D48, "") | G48: 700582 | H48: =IF(AND(ISNUMBER(C48),ISNUMBER(G48)), C48-G48, "") -> -700582 | I48: =IFERROR(H48/G48, "") -> -1 | J48: 1. Site back online on 01/09/25 after the technician re-energized it, we cannot confirm as silicon ranch only has access to site. 2.Inverter 3 was back online on 11/15/2024 but we cannot confirm through SCADA since site is not communicating 3.Pyranometer has been giving bad readings. Prior to 9/25, the pyranometer read at most 450 W/m2. Since then, readings are between 950 and 400 W/m2 | K48: 1. SR092166, SR097558 2. SR086220 3. SR091312 | L48: SR097558 | M48: SR086220 | N48: SR091312
A49: CDCR-CA State Prison LA County | B49: CA | C49: 244891 | D49: 244501 | E49: =IF(AND(ISNUMBER(C49),ISNUMBER(D49)), C49-D49, "") -> 390 | F49: =IFERROR(E49/D49, "") -> 0.0015950855 | G49: 414816.78 | H49: =IF(AND(ISNUMBER(C49),ISNUMBER(G49)), C49-G49, "") -> -169925.78 | I49: =IFERROR(H49/G49, "") -> -0.40964056 | J49: 1. Inverter 1 is not communicating, and according to the meter data, it is offline due to a breaker issue. A case was raised on 03/24/25 to request support for the breaker replacement. | K49: 1. SR098397
A50: Central USD Akers ES | B50: CA | C50: 27626 | D50: N/A | E50: =IF(AND(ISNUMBER(C50),ISNUMBER(D50)), C50-D50, "") | F50: =IFERROR(E50/D50, "") | G50: 32689.27 | H50: =IF(AND(ISNUMBER(C50),ISNUMBER(G50)), C50-G50, "") -> -5063.27 | I50: =IFERROR(H50/G50, "") -> -0.15489089 | J50: 1. Meter loses communications intermittently. Inverter is reporting production 2. Weather station is reporting 0w/m2 | K50: 1. SR098178 2. SR090370 | L50: SR090370
A51: CUSD - District Office | B51: CA | C51: 18359 | D51: 18293 | E51: =IF(AND(ISNUMBER(C51),ISNUMBER(D51)), C51-D51, "") -> 66 | F51: =IFERROR(E51/D51, "") -> 0.0036079375 | G51: 25627.51 | H51: =IF(AND(ISNUMBER(C51),ISNUMBER(G51)), C51-G51, "") -> -7268.51 | I51: =IFERROR(H51/G51, "") -> -0.28362139 | J51: 1. Inverter 1 was back online at 12:55 on 03/04/25 after the technician pulled log files. It tripped offline again on 03/18/25 due to a watchdog timer fault and remained offline for the rest of the month. 2. Inverter 3 tripped offline at 13:45 on 03/04/25 during repairs for a burnt feeder cable, with a power distribution card failure. It was down until 03/09/25, then tripped offline again at 09:55 on 03/10/25, and was back online on 03/11/25. | K51: 1. SR097912, SR098713 2. SR097912, SR098177 | L51: SR098713 | M51: SR097912 | N51: SR098177
A52: Parlier - WTP | B52: CA | C52: 44130 | D52: 44845 | E52: =IF(AND(ISNUMBER(C52),ISNUMBER(D52)), C52-D52, "") -> -715 | F52: =IFERROR(E52/D52, "") -> -0.015943806 | G52: 67783.57 | H52: =IF(AND(ISNUMBER(C52),ISNUMBER(G52)), C52-G52, "") -> -23653.57 | I52: =IFERROR(H52/G52, "") -> -0.34895728 | J52: 1. Site production was low on 03/05, 03/12 to 03/14, 03/17 and 03/31 due to rain.
A53: Snowline SD - Quail Valley MS | B53: CA | C53: 31558 | D53: 30072 | E53: =IF(AND(ISNUMBER(C53),ISNUMBER(D53)), C53-D53, "") -> 1486 | F53: =IFERROR(E53/D53, "") -> 0.049414738 | G53: 38526.15 | H53: =IF(AND(ISNUMBER(C53),ISNUMBER(G53)), C53-G53, "") -> -6968.15 | I53: =IFERROR(H53/G53, "") -> -0.18086806 | J53: 1.Inverter trips frequently. On 03/17/25, the technician replaced the comms card at 11:30, connected to the inverter, and pulled log files. The manufacturer requires a full day of operation to diagnose the issue. The inverter was back online by 13:05 but lost communication. Production can be verified at the meter, and further troubleshooting is needed to restore communication and resolve the intermittent tripping | K53: 1. SR094545
A54: Snowline SD - Serrano HS - Middle Lot | B54: CA | C54: 29924 | D54: 29893 | E54: =IF(AND(ISNUMBER(C54),ISNUMBER(D54)), C54-D54, "") -> 31 | F54: =IFERROR(E54/D54, "") -> 0.0010370321 | G54: 45412.66 | H54: =IF(AND(ISNUMBER(C54),ISNUMBER(G54)), C54-G54, "") -> -15488.66 | I54: =IFERROR(H54/G54, "") -> -0.3410648 | J54: 1. Site production was low on 03/05 and 03/11 due to rain.
A55: Snowline SD - Pinon Hills ES | B55: CA | C55: 12241 | D55: 12228 | E55: =IF(AND(ISNUMBER(C55),ISNUMBER(D55)), C55-D55, "") -> 13 | F55: =IFERROR(E55/D55, "") -> 0.0010631338 | G55: 22548.89 | H55: =IF(AND(ISNUMBER(C55),ISNUMBER(G55)), C55-G55, "") -> -10307.89 | I55: =IFERROR(H55/G55, "") -> -0.45713514 | J55: 1. 23 modules need replacement; quote declined by client on 11/07/24 | K55: 1. SR090734
A56: Ramona - Santa Maria WTP | B56: CA | C56: 60198 | D56: 60025 | E56: =IF(AND(ISNUMBER(C56),ISNUMBER(D56)), C56-D56, "") -> 173 | F56: =IFERROR(E56/D56, "") -> 0.0028821324 | G56: 73955.59 | H56: =IF(AND(ISNUMBER(C56),ISNUMBER(G56)), C56-G56, "") -> -13757.59 | I56: =IFERROR(H56/G56, "") -> -0.18602502 | J56: 1. Inverter 1 offline from 10:20 to 12:35 on 03/17 for surge trap replacement by technician | K56: 1. SR095418
A57: Kohls - Redding | B57: CA | C57: 26682 | D57: 33 | E57: =IF(AND(ISNUMBER(C57),ISNUMBER(D57)), C57-D57, "") -> 26649 | F57: =IFERROR(E57/D57, "") -> 807.54545 | G57: 27704.87 | H57: =IF(AND(ISNUMBER(C57),ISNUMBER(G57)), C57-G57, "") -> -1022.87 | I57: =IFERROR(H57/G57, "") -> -0.036920224 | J57: 1. Weather station does not report irradiance during the day. Likely a faulty pyranometer through out the month. Waiting for approval 2. Inverter 1 tripped offline at 13:15 on 03/31 due to a Xantrex fault (state 592: "contactor open") and remained offline for the rest of the month. | K57: 1. SR090293, SR095854 2. SR099225 | L57: SR095854 | M57: SR099225
A58: Kohls - Salinas | B58: CA | C58: 32438 | D58: 33147 | E58: =IF(AND(ISNUMBER(C58),ISNUMBER(D58)), C58-D58, "") -> -709 | F58: =IFERROR(E58/D58, "") -> -0.021389568 | G58: 44625.2 | H58: =IF(AND(ISNUMBER(C58),ISNUMBER(G58)), C58-G58, "") -> -12187.2 | I58: =IFERROR(H58/G58, "") -> -0.2731013 | J58: 1.Inverters 3, 7, 10, 11, 14, and 21 are offline. Inverter 2 may have a string down through out the month and parts are needed to bring these inverters back online. | K58: 1. SR098183, SR095449, SR093474, SR090380 & SR089474. | L58: SR095449 | M58: SR093474 | N58: SR090380 | O58: SR089474
A59: Kohls - San Bernardino - Central | B59: CA | C59: 125505 | D59: 124749 | E59: =IF(AND(ISNUMBER(C59),ISNUMBER(D59)), C59-D59, "") -> 756 | F59: =IFERROR(E59/D59, "") -> 0.0060601688 | G59: 144411.94 | H59: =IF(AND(ISNUMBER(C59),ISNUMBER(G59)), C59-G59, "") -> -18906.94 | I59: =IFERROR(H59/G59, "") -> -0.13092366 | J59: 1. Inverter 1 has been underperforming by 90kW since 11:40 on 08/21/24. During the Annual Preventative Maintenance on 03/24/25, the technician found poor filters and a potential hazard with the AC switch. New filters are needed to restore performance. 2. Site was offline from 09:35 to 13:15 on 03/24/25 for the Full Annual Preventative Maintenance Inspection. | K59: 1. SR098826, PM11103 2. PM11103
A60: Kohls - Sonora | B60: CA | C60: 22795 | D60: 22949 | E60: =IF(AND(ISNUMBER(C60),ISNUMBER(D60)), C60-D60, "") -> -154 | F60: =IFERROR(E60/D60, "") -> -0.006710532 | G60: 29362.56 | H60: =IF(AND(ISNUMBER(C60),ISNUMBER(G60)), C60-G60, "") -> -6567.56 | I60: =IFERROR(H60/G60, "") -> -0.22367123 | J60: 1.Inverter 3 has been offline since 01/28/25, remained offline through out the month due to additional parts needed. 2. Inverter 7 was offline through out the month and parts needed to bring these inverter back online. 3. Inverter 12 has been offline since 01/30/25, remaind offline through out the month and parts are needed to bring these inverter back online. | K60: 1. SR089477, SR096348 2. SR089477, SR096348 3. SR089477, SR096348 | L60: SR096348 | M60: SR089477 | N60: SR096348 | O60: SR089477 | P60: SR096348
A61: CUSD - Stratford ES | B61: CA | C61: 22274 | D61: 22810 | E61: =IF(AND(ISNUMBER(C61),ISNUMBER(D61)), C61-D61, "") -> -536 | F61: =IFERROR(E61/D61, "") -> -0.023498466 | G61: 21294.17 | H61: =IF(AND(ISNUMBER(C61),ISNUMBER(G61)), C61-G61, "") -> 979.83 | I61: =IFERROR(H61/G61, "") -> 0.046014003
A62: Taft - City Hall | B62: CA | C62: 804 | D62: 20 | E62: =IF(AND(ISNUMBER(C62),ISNUMBER(D62)), C62-D62, "") -> 784 | F62: =IFERROR(E62/D62, "") -> 39.2 | G62: 7164.9 | H62: =IF(AND(ISNUMBER(C62),ISNUMBER(G62)), C62-G62, "") -> -6360.9 | I62: =IFERROR(H62/G62, "") -> -0.88778629 | J62: 1. Metering Energy values are much lower than expected vs meter Power. | K62: 1. SR097948
A63: Taft - Federal Prison | B63: CA | C63: 15160 | D63: 15708 | E63: =IF(AND(ISNUMBER(C63),ISNUMBER(D63)), C63-D63, "") -> -548 | F63: =IFERROR(E63/D63, "") -> -0.034886682 | G63: 11796.07 | H63: =IF(AND(ISNUMBER(C63),ISNUMBER(G63)), C63-G63, "") -> 3363.93 | I63: =IFERROR(H63/G63, "") -> 0.28517379
A64: Taft - Police Department | B64: CA | C64: 9954 | D64: 10331 | E64: =IF(AND(ISNUMBER(C64),ISNUMBER(D64)), C64-D64, "") -> -377 | F64: =IFERROR(E64/D64, "") -> -0.036492111 | G64: 8217.27 | H64: =IF(AND(ISNUMBER(C64),ISNUMBER(G64)), C64-G64, "") -> 1736.73 | I64: =IFERROR(H64/G64, "") -> 0.21135122
A65: Taft - WTP | B65: CA | C65: 18961 | D65: 52793 | E65: =IF(AND(ISNUMBER(C65),ISNUMBER(D65)), C65-D65, "") -> -33832 | F65: =IFERROR(E65/D65, "") -> -0.64084254 | G65: 32643.96 | H65: =IF(AND(ISNUMBER(C65),ISNUMBER(G65)), C65-G65, "") -> -13682.96 | I65: =IFERROR(H65/G65, "") -> -0.41915748 | J65: 1. Meter was not communicating production at the inverters. so we considered inverter productionas site production. | K65: 1. SR095559
A66: CDCR - CA Correctional Institution | B66: CA | C66: 128121 | D66: 123570 | E66: =IF(AND(ISNUMBER(C66),ISNUMBER(D66)), C66-D66, "") -> 4551 | F66: =IFERROR(E66/D66, "") -> 0.036829328 | G66: 106071.03 | H66: =IF(AND(ISNUMBER(C66),ISNUMBER(G66)), C66-G66, "") -> 22049.97 | I66: =IFERROR(H66/G66, "") -> 0.20787929 | J66: 1. Site was back online at 14:00 on 03/03/25 after the technician reset the breaker 2. Inverter 1 production is being affected in the morning hours due to stuck trackers. 3. Site was taken offline from 07:40 on 03/25/25 for generator testing and was brought back online at 09:30 on 03/27/25 after the technician re-energized it. | K66: 1. SR097774 2. SR092170, SR092456 3. SR098476, SR096410 | L66: SR092170 | M66: SR092456 | N66: SR098476 | O66: SR096410
A67: CDCR - CA Correctional Institution II | B67: CA | C67: 110462 | D67: 161849 | E67: =IF(AND(ISNUMBER(C67),ISNUMBER(D67)), C67-D67, "") -> -51387 | F67: =IFERROR(E67/D67, "") -> -0.31749964 | G67: 166152.23 | H67: =IF(AND(ISNUMBER(C67),ISNUMBER(G67)), C67-G67, "") -> -55690.23 | I67: =IFERROR(H67/G67, "") -> -0.33517594 | J67: 1. Inverter 2's production being affected in the afternoon hours possibly due to stuck trackers. 2. Inverter 1's production increased slightly on 03/18/25 after the technician replaced the faulty surge protectors with new ones. 3. Inverter 2 tripped offline at 09:15 AM on 03/17/25 due to a FAN 5 FAULT and returned online at 07:45 AM on 03/18/25. It tripped again at 10:50 AM and came back online at 12:20 PM after the technician cleared the fault. The inverter continued to trip offline on 03/28, 03/29,03/30 and 03/31 around 09:00 AM due to the same issue. FAN 5 needs to be replaced to restore expected production. 4. Inverter 3 is underperforming by approximately 200 kW. On 03/27/25, the technician found two faulty fuses and burnt negative homeruns at combiner box 3.3. These were isolated, and the inverter was power-cycled and brought back online at 14:15. Additional troubleshooting is required to restore expected production. | K67: 1.SR092171, SR092455 2. SR090296 3. SR098666 4. SR098778 | L67: SR092455 | M67: SR090296 | N67: SR098666 | O67: SR098778
A68: Snowline SD - Vista Verde ES | B68: CA | C68: 4758 | D68: 4743 | E68: =IF(AND(ISNUMBER(C68),ISNUMBER(D68)), C68-D68, "") -> 15 | F68: =IFERROR(E68/D68, "") -> 0.0031625553 | G68: 28101.91 | H68: =IF(AND(ISNUMBER(C68),ISNUMBER(G68)), C68-G68, "") -> -23343.91 | I68: =IFERROR(H68/G68, "") -> -0.83068767 | J68: 1. Inverter 1 has been offline since 03/08/25 due to a watchdog timer fault and remained offline throughout the month. | K68: 1. SR098343
A69: North Stonington | B69: CT | C69: 1279980 | D69: N/A | E69: =IF(AND(ISNUMBER(C69),ISNUMBER(D69)), C69-D69, "") | G69: 0 | H69: =IF(AND(ISNUMBER(C69),ISNUMBER(G69)), C69-G69, "") -> 1279980 | I69: =IFERROR(H69/G69, "") | J69: 1. The site experienced an outages on 03/02/25 from 08:00AM to 03:30PM, On 03/10/25 from 02:00PM to 04:30PM due to PG&E curtailments. 2. Block A01 tripped offline at 7:20 AM on 03/11/25. On 03/12/25, the technician found that transformer 1 had a blown B-phase bayonet fuse. After replacing the fuse, all equipment on Pad 1 was restored at 08:50AM the same day. 3. The technician inspected the transformer 2, took a DGA sample for testing, and confirmed all gauges are within the acceptable range. The transformer appears to be in great condition. | K69: 1.SR097960, SR098350 2.SR098382 3.SR098434 | L69: SR098350 | M69: SR098382 | N69: SR098434
A70: CT: Torrington - 2-298 Rossi Road | B70: CT

Sheet Apr
A1: {=portfolio} -> Silicon Ranch | D1: April Actual v. Expected | G1: April Actual v. Forecasted
A2: Total | C2: =SUM(C4:C100) -> 4382595.7 | D2: =SUM(D4:D100) -> 2627220 | E2: =C2-D2 -> 1755375.7 | F2: =IFERROR(E2/D2, 0) -> 0.66814948 | G2: =SUM(G4:G100) -> 4664869.3 | H2: =C2-G2 -> -282273.62 | I2: =IFERROR(H2/G2, 0) -> -0.06051051 | J2: =IF(AND(TODAY()>DATE(2024, 4, 1), COUNTA(Sites[Site])<>(COUNT(C:C)-1)), "Some sites are missing actual data; if new sites were added, make sure they are aligned correctly (including prior months!)", "") -> Some sites are missing actual data; if new sites were added, make sure they are aligned correctly (including prior months!)
A3: Site | B3: State | C3: Actual | D3: Expected | E3: Delta | F3: % | G3: Forecasted | H3: Delta | I3: % | J3: Notes | K3: Service Requests
A4: {=Sites[Site]} -> Iron Mountain - Windsor | B4: {=Sites[State]} -> CT | C4: 31293 | D4: 31163 | E4: =IF(AND(ISNUMBER(C4),ISNUMBER(D4)), C4-D4, "") -> 130 | F4: =IFERROR(E4/D4, "") -> 0.0041716138 | G4: 30934.86 | H4: =IF(AND(ISNUMBER(C4),ISNUMBER(G4)), C4-G4, "") -> 358.14 | I4: =IFERROR(H4/G4, "") -> 0.01157723
A5: Kohls - Auburn | B5: NY | C5: 32335 | D5: 32105 | E5: =IF(AND(ISNUMBER(C5),ISNUMBER(D5)), C5-D5, "") -> 230 | F5: =IFERROR(E5/D5, "") -> 0.0071639931 | G5: 33859.88 | H5: =IF(AND(ISNUMBER(C5),ISNUMBER(G5)), C5-G5, "") -> -1524.88 | I5: =IFERROR(H5/G5, "") -> -0.045035009
A6: Kohls - Bensalem | B6: PA | C6: 25179 | D6: 24905 | E6: =IF(AND(ISNUMBER(C6),ISNUMBER(D6)), C6-D6, "") -> 274 | F6: =IFERROR(E6/D6, "") -> 0.011001807 | G6: 33628.71 | H6: =IF(AND(ISNUMBER(C6),ISNUMBER(G6)), C6-G6, "") -> -8449.71 | I6: =IFERROR(H6/G6, "") -> -0.25126477 | J6: 1. Site has communicated intermittently throughout the month due to a faulty modem, with data expected to backfill later. On 04/17/2024, the technician found the inverter online and producing, but the cell modem's indicator lights were not flashing, indicating no data transmission. DAS was power cycled with no change. Multiple attempts to contact Green Power Monitor for support went unanswered. The modem had been previously replaced and updated with a new IP address, suggesting a possible SIM card or data issue. The site last update was on 04/24/25. | K6: 1.SR098590
A7: Kohls - Brick | B7: NJ | C7: 43757 | D7: 38574 | E7: =IF(AND(ISNUMBER(C7),ISNUMBER(D7)), C7-D7, "") -> 5183 | F7: =IFERROR(E7/D7, "") -> 0.13436512 | G7: 40857.57 | H7: =IF(AND(ISNUMBER(C7),ISNUMBER(G7)), C7-G7, "") -> 2899.43 | I7: =IFERROR(H7/G7, "") -> 0.070964328
A8: Kohls - Buffalo | B8: NY | C8: 35454 | D8: N/A | E8: =IF(AND(ISNUMBER(C8),ISNUMBER(D8)), C8-D8, "") | F8: =IFERROR(E8/D8, "") | G8: 43977.12 | H8: =IF(AND(ISNUMBER(C8),ISNUMBER(G8)), C8-G8, "") -> -8523.12 | I8: =IFERROR(H8/G8, "") -> -0.19380805 | J8: 1. Inverter 4 is offline throught the month due to an INV 4 was thermally damaged in the DC box. 2. Inverter 5 derating to about 19kw, most operating around 22Kw since 03/11/25. | K8: 1.SR096145, SR096237 2. SR095177 | L8: SR096237 | M8: SR095177
A9: Kohls - Canton | B9: CT | C9: 15599 | D9: 15474 | E9: =IF(AND(ISNUMBER(C9),ISNUMBER(D9)), C9-D9, "") -> 125 | F9: =IFERROR(E9/D9, "") -> 0.0080780664 | G9: 13622.22 | H9: =IF(AND(ISNUMBER(C9),ISNUMBER(G9)), C9-G9, "") -> 1976.78 | I9: =IFERROR(H9/G9, "") -> 0.14511438
A10: Kohls - East Amherst | B10: NY | C10: 33923 | D10: 33484 | E10: =IF(AND(ISNUMBER(C10),ISNUMBER(D10)), C10-D10, "") -> 439 | F10: =IFERROR(E10/D10, "") -> 0.013110739 | G10: 38691.72 | H10: =IF(AND(ISNUMBER(C10),ISNUMBER(G10)), C10-G10, "") -> -4768.72 | I10: =IFERROR(H10/G10, "") -> -0.12324911 | J10: 1. Inverter 1 tripped offline at 10:50 AM on 04/29/25 due to an "Sleep state" fault and remained offline throught the month. | K10: 1. SR100632
A11: Kohls - East Brunswick | B11: NJ | C11: 51292 | D11: 45152 | E11: =IF(AND(ISNUMBER(C11),ISNUMBER(D11)), C11-D11, "") -> 6140 | F11: =IFERROR(E11/D11, "") -> 0.13598512 | G11: 52486.96 | H11: =IF(AND(ISNUMBER(C11),ISNUMBER(G11)), C11-G11, "") -> -1194.96 | I11: =IFERROR(H11/G11, "") -> -0.022766798
A12: Kohls - Edgewood | B12: MD | C12: 253311 | D12: 251326 | E12: =IF(AND(ISNUMBER(C12),ISNUMBER(D12)), C12-D12, "") -> 1985 | F12: =IFERROR(E12/D12, "") -> 0.0078981084 | G12: 281330.29 | H12: =IF(AND(ISNUMBER(C12),ISNUMBER(G12)), C12-G12, "") -> -28019.29 | I12: =IFERROR(H12/G12, "") -> -0.09959571
A13: Kohls - Granite Run | B13: PA | C13: 33656 | D13: 33351 | E13: =IF(AND(ISNUMBER(C13),ISNUMBER(D13)), C13-D13, "") -> 305 | F13: =IFERROR(E13/D13, "") -> 0.0091451531 | G13: 33638.5 | H13: =IF(AND(ISNUMBER(C13),ISNUMBER(G13)), C13-G13, "") -> 17.5 | I13: =IFERROR(H13/G13, "") -> 0.00052023723
A14: Kohls - Greece | B14: NY | C14: 30322 | D14: 30024 | E14: =IF(AND(ISNUMBER(C14),ISNUMBER(D14)), C14-D14, "") -> 298 | F14: =IFERROR(E14/D14, "") -> 0.009925393 | G14: 41394.59 | H14: =IF(AND(ISNUMBER(C14),ISNUMBER(G14)), C14-G14, "") -> -11072.59 | I14: =IFERROR(H14/G14, "") -> -0.26748882 | J14: 1. Low production/generation due to rain on 04/05,04/08,04/10,04/11 & 04/21
A15: Kohls - Hanover | B15: PA | C15: 38762 | D15: 38506 | E15: =IF(AND(ISNUMBER(C15),ISNUMBER(D15)), C15-D15, "") -> 256 | F15: =IFERROR(E15/D15, "") -> 0.0066483145 | G15: 39108.42 | H15: =IF(AND(ISNUMBER(C15),ISNUMBER(G15)), C15-G15, "") -> -346.42 | I15: =IFERROR(H15/G15, "") -> -0.008857939
A16: Kohls - Horsehead | B16: NY | C16: 28572 | D16: 28360 | E16: =IF(AND(ISNUMBER(C16),ISNUMBER(D16)), C16-D16, "") -> 212 | F16: =IFERROR(E16/D16, "") -> 0.0074753173 | G16: 28509.69 | H16: =IF(AND(ISNUMBER(C16),ISNUMBER(G16)), C16-G16, "") -> 62.31 | I16: =IFERROR(H16/G16, "") -> 0.0021855727
A17: Kohls - Hudson | B17: NY | C17: 32078 | D17: 31920 | E17: =IF(AND(ISNUMBER(C17),ISNUMBER(D17)), C17-D17, "") -> 158 | F17: =IFERROR(E17/D17, "") -> 0.0049498747 | G17: 32526.96 | H17: =IF(AND(ISNUMBER(C17),ISNUMBER(G17)), C17-G17, "") -> -448.96 | I17: =IFERROR(H17/G17, "") -> -0.013802704
A18: Kohls - Ithaca | B18: NY | C18: 28862 | D18: 28664 | E18: =IF(AND(ISNUMBER(C18),ISNUMBER(D18)), C18-D18, "") -> 198 | F18: =IFERROR(E18/D18, "") -> 0.0069076193 | G18: 34202.37 | H18: =IF(AND(ISNUMBER(C18),ISNUMBER(G18)), C18-G18, "") -> -5340.37 | I18: =IFERROR(H18/G18, "") -> -0.15614035 | J18: 1. Low production/generation due to rain on 04/01,04/05,04/08 & 04/10
A19: Kohls - Kingston | B19: NY | C19: 42416 | D19: 42109 | E19: =IF(AND(ISNUMBER(C19),ISNUMBER(D19)), C19-D19, "") -> 307 | F19: =IFERROR(E19/D19, "") -> 0.007290603 | G19: 53122.43 | H19: =IF(AND(ISNUMBER(C19),ISNUMBER(G19)), C19-G19, "") -> -10706.43 | I19: =IFERROR(H19/G19, "") -> -0.20154255 | J19: 1. Low production/generation due to rain on 04/11,04/12 & 04/27
A20: Kohls - Mechanicsburg | B20: PA | C20: 45237 | D20: 44885 | E20: =IF(AND(ISNUMBER(C20),ISNUMBER(D20)), C20-D20, "") -> 352 | F20: =IFERROR(E20/D20, "") -> 0.0078422636 | G20: 45680.27 | H20: =IF(AND(ISNUMBER(C20),ISNUMBER(G20)), C20-G20, "") -> -443.27 | I20: =IFERROR(H20/G20, "") -> -0.0097037518
A21: Kohls - Middletown | B21: NJ | C21: 67983 | D21: 64693 | E21: =IF(AND(ISNUMBER(C21),ISNUMBER(D21)), C21-D21, "") -> 3290 | F21: =IFERROR(E21/D21, "") -> 0.050855579 | G21: 60239.89 | H21: =IF(AND(ISNUMBER(C21),ISNUMBER(G21)), C21-G21, "") -> 7743.11 | I21: =IFERROR(H21/G21, "") -> 0.12853792
A22: Kohls - North Amherst | B22: NY | C22: 13184 | D22: 13117 | E22: =IF(AND(ISNUMBER(C22),ISNUMBER(D22)), C22-D22, "") -> 67 | F22: =IFERROR(E22/D22, "") -> 0.0051078753 | G22: 37025.57 | H22: =IF(AND(ISNUMBER(C22),ISNUMBER(G22)), C22-G22, "") -> -23841.57 | I22: =IFERROR(H22/G22, "") -> -0.64392175 | J22: 1. Site was brought back online at 12:00 PM on 04/17/25 after Power Factor crew completed testing and energization. On 04/18/25, technician accessed the rooftop with Power Factor crew, confirmed the string with broken panels was left disconnected with the fuse holder open in the combiner box, and verified the site is online | K22: 1. SR093861, SR100060 | L22: SR100060
A23: Kohls - Staten Island | B23: NY | C23: 29453 | D23: N/A | E23: =IF(AND(ISNUMBER(C23),ISNUMBER(D23)), C23-D23, "") | F23: =IFERROR(E23/D23, "") | G23: 36582.56 | H23: =IF(AND(ISNUMBER(C23),ISNUMBER(G23)), C23-G23, "") -> -7129.56 | I23: =IFERROR(H23/G23, "") -> -0.19488959 | J23: 1. Inverter 8 was offline due to Internal hardware “Error E018” fault till date. Inverter 20 was offline from 07/22/24 due to Internal Error -E018 fault. Inverter 21 was tripped offline at 09:05Am on 08/17/24 due to Internal Error - E018 fault and was being RMA'd. 2. Site back online on 04/01/25 after the technician replaced the mini auxiliary power transformer. Due to layout incompatibility, the tech reconfigured the strut, used flex conduit, and pulled new conductors to the transformer and DAS. 3. Site communication at 12:05 PM on 04/05/25 and was restored at 7:25 AM on 04/08/25. On 04/09, the technician found the Radlepoint modem had no signal lights. Tech reseated all connections, antennas, and moved the SIM card from slot 1 to slot 2. Signal was restored. | K23: 1. SR095623 2. SR098185 3. SR099451 | L23: SR098185 | M23: SR099451
A24: Kohls - Warminster | B24: PA | C24: 43159 | D24: 42719 | E24: =IF(AND(ISNUMBER(C24),ISNUMBER(D24)), C24-D24, "") -> 440 | F24: =IFERROR(E24/D24, "") -> 0.010299867 | G24: 41056.14 | H24: =IF(AND(ISNUMBER(C24),ISNUMBER(G24)), C24-G24, "") -> 2102.86 | I24: =IFERROR(H24/G24, "") -> 0.051219136
A25: Kohls - Waterbury | B25: CT | C25: 39101 | D25: 38771 | E25: =IF(AND(ISNUMBER(C25),ISNUMBER(D25)), C25-D25, "") -> 330 | F25: =IFERROR(E25/D25, "") -> 0.0085115163 | G25: 36953.81 | H25: =IF(AND(ISNUMBER(C25),ISNUMBER(G25)), C25-G25, "") -> 2147.19 | I25: =IFERROR(H25/G25, "") -> 0.058104699
A26: Mojave Water Agency - Headquarters | B26: CA | C26: 46801 | D26: 45206 | E26: =IF(AND(ISNUMBER(C26),ISNUMBER(D26)), C26-D26, "") -> 1595 | F26: =IFERROR(E26/D26, "") -> 0.035282927 | G26: 38772.3 | H26: =IF(AND(ISNUMBER(C26),ISNUMBER(G26)), C26-G26, "") -> 8028.7 | I26: =IFERROR(H26/G26, "") -> 0.20707309 | J26: 1. Meter regained communication on 03/29/25. | K26: 1. SR098973
A27: CSU - Bakersfield | B27: CA | C27: 147778 | D27: 154191 | E27: =IF(AND(ISNUMBER(C27),ISNUMBER(D27)), C27-D27, "") -> -6413 | F27: =IFERROR(E27/D27, "") -> -0.041591273 | G27: 146508.14 | H27: =IF(AND(ISNUMBER(C27),ISNUMBER(G27)), C27-G27, "") -> 1269.86 | I27: =IFERROR(H27/G27, "") -> 0.0086675048 | J27: 1. Inverter 2 went offline on 04/03/25 due to a hardware fault and DPCB ISO +5V fault. On 04/04/25, the technician cleared the faults and re-energized the inverter at 2:55 PM. | K27: 1. SR099380
A28: Greenfield USD - Fairfield ES | B28: CA | C28: 13686 | D28: 13065 | E28: =IF(AND(ISNUMBER(C28),ISNUMBER(D28)), C28-D28, "") -> 621 | F28: =IFERROR(E28/D28, "") -> 0.047531573 | G28: 14550.3 | H28: =IF(AND(ISNUMBER(C28),ISNUMBER(G28)), C28-G28, "") -> -864.3 | I28: =IFERROR(H28/G28, "") -> -0.059400837
A29: Greenfield USD - Granite Point ES | B29: CA | C29: 24339 | D29: 22902 | E29: =IF(AND(ISNUMBER(C29),ISNUMBER(D29)), C29-D29, "") -> 1437 | F29: =IFERROR(E29/D29, "") -> 0.062745612 | G29: 38398.82 | H29: =IF(AND(ISNUMBER(C29),ISNUMBER(G29)), C29-G29, "") -> -14059.82 | I29: =IFERROR(H29/G29, "") -> -0.3661524 | J29: 1. Pad 1 - inverters 1, 2 tripped offline at 6:20PM on 04/17/25 and remained offline throught the month pending for schedule queue. | K29: 1. SR100011
A30: Greenfield USD - Greenfield MS | B30: CA | C30: 24096 | D30: 22207 | E30: =IF(AND(ISNUMBER(C30),ISNUMBER(D30)), C30-D30, "") -> 1889 | F30: =IFERROR(E30/D30, "") -> 0.085063268 | G30: 26177.669 | H30: =IF(AND(ISNUMBER(C30),ISNUMBER(G30)), C30-G30, "") -> -2081.669 | I30: =IFERROR(H30/G30, "") -> -0.079520793 | J30: 1. Inverter Pad 1 was brought back online at 15:10 on 04/30/25 after a restart limit fault was found. Technician pulled log files to send to Bold Renewables the next day and power cycled the inverter. | K30: 1. SR100743, SR092112 & SR089763 | L30: SR092112 | M30: SR089763
A31: Greenfield USD - Horizon ES | B31: CA | C31: 37129 | D31: 35670 | E31: =IF(AND(ISNUMBER(C31),ISNUMBER(D31)), C31-D31, "") -> 1459 | F31: =IFERROR(E31/D31, "") -> 0.040902719 | G31: 39744.47 | H31: =IF(AND(ISNUMBER(C31),ISNUMBER(G31)), C31-G31, "") -> -2615.47 | I31: =IFERROR(H31/G31, "") -> -0.065807142 | J31: 1. Inverter 4 (Pad 2 Inv 2) was underproducing by ~20kW, showing 26kW vs. 43kW from peer inverter (Pad A Inv 1) since 01/02/25 at 12:50. On 04/15/25, technician found two strings disconnected due to broken MC4 connectors and open fuses in Combiner 1. Replaced MC4s, reconnected strings, closed fuses, and restored production to over 40kW by 11:40 AM 2. Inverter 1 ( Pad 1) has been offline since 04/27/25 due to an "Pre-Charge fault" and remained offline throught the month. | K31: 1. SR099725 2. SR100459 | L31: SR100459
A32: Greenfield USD - McKee MS | B32: CA | C32: 18174 | D32: 17477 | E32: =IF(AND(ISNUMBER(C32),ISNUMBER(D32)), C32-D32, "") -> 697 | F32: =IFERROR(E32/D32, "") -> 0.039880986 | G32: 24293.39 | H32: =IF(AND(ISNUMBER(C32),ISNUMBER(G32)), C32-G32, "") -> -6119.39 | I32: =IFERROR(H32/G32, "") -> -0.25189527 | J32: 1. Low production/generation due to rain on 04/26 & 04/27
A33: Greenfield USD - Plantation ES | B33: CA | C33: 16955 | D33: 16271 | E33: =IF(AND(ISNUMBER(C33),ISNUMBER(D33)), C33-D33, "") -> 684 | F33: =IFERROR(E33/D33, "") -> 0.042037982 | G33: 17353.74 | H33: =IF(AND(ISNUMBER(C33),ISNUMBER(G33)), C33-G33, "") -> -398.74 | I33: =IFERROR(H33/G33, "") -> -0.02297718
A34: Greenfield USD - Planz ES | B34: CA | C34: 6726 | D34: 6438 | E34: =IF(AND(ISNUMBER(C34),ISNUMBER(D34)), C34-D34, "") -> 288 | F34: =IFERROR(E34/D34, "") -> 0.04473439 | G34: 20901.69 | H34: =IF(AND(ISNUMBER(C34),ISNUMBER(G34)), C34-G34, "") -> -14175.69 | I34: =IFERROR(H34/G34, "") -> -0.67820784 | J34: 1. Inverter 1 meter has been down for some time. On 04/30/25, technician worked with GPM support to connect to the modem and data logger but was unsuccessful. GPM is escalating the comms issue; return visit needed. Inverter is on and producing. | K34: 1. SR092298, SR099912 | L34: SR099912
A35: Greenfield USD - Raffaello Palla ES | B35: CA | C35: 25512 | D35: 23739 | E35: =IF(AND(ISNUMBER(C35),ISNUMBER(D35)), C35-D35, "") -> 1773 | F35: =IFERROR(E35/D35, "") -> 0.074687224 | G35: 43062.63 | H35: =IF(AND(ISNUMBER(C35),ISNUMBER(G35)), C35-G35, "") -> -17550.63 | I35: =IFERROR(H35/G35, "") -> -0.40756057 | J35: 1. Meter reporting zero from 03/30, later from 04/06 at 13:30 meter reading its production but issue has been occurring intermittently, production can be confirmed at inverter level. | K35: 1. SR099206
A36: Greenfield USD - Valle Verde ES | B36: CA | C36: 42399 | D36: 40587 | E36: =IF(AND(ISNUMBER(C36),ISNUMBER(D36)), C36-D36, "") -> 1812 | F36: =IFERROR(E36/D36, "") -> 0.044644837 | G36: 40204.05 | H36: =IF(AND(ISNUMBER(C36),ISNUMBER(G36)), C36-G36, "") -> 2194.95 | I36: =IFERROR(H36/G36, "") -> 0.054595246
A37: Greenfield USD - W.A. Kendrick ES | B37: CA | C37: 0 | D37: N/A | E37: =IF(AND(ISNUMBER(C37),ISNUMBER(D37)), C37-D37, "") | F37: =IFERROR(E37/D37, "") | G37: 15487.84 | H37: =IF(AND(ISNUMBER(C37),ISNUMBER(G37)), C37-G37, "") -> -15487.84 | I37: =IFERROR(H37/G37, "") -> -1 | J37: 1.Meter reporting half of inverter production since 6/11/22 waiting for client approval for investigation | K37: 1. SR094440
A38: Muroc Joint USD - Boron HS | B38: CA | C38: 0 | D38: N/A | E38: =IF(AND(ISNUMBER(C38),ISNUMBER(D38)), C38-D38, "") | F38: =IFERROR(E38/D38, "") | G38: 37116.29 | H38: =IF(AND(ISNUMBER(C38),ISNUMBER(G38)), C38-G38, "") -> -37116.29 | I38: =IFERROR(H38/G38, "") -> -1 | J38: 1. Site back communication at 9:15AM on 12/30/2024 and Inverter remains offline because of Inverter down hard - Power supply critical failure. 2. Weather station began reporting erroneous values on 12/30/2024, and the POA sensor needed to be replaced along with additional repairs. | K38: 1. SR095163, SR092023 & SR089707 2. SR093065 | L38: SR092023 | M38: SR089707 | N38: SR093065
A39: Muroc Joint USD - W. Boron ES | B39: CA | C39: 14149 | D39: 13663 | E39: =IF(AND(ISNUMBER(C39),ISNUMBER(D39)), C39-D39, "") -> 486 | F39: =IFERROR(E39/D39, "") -> 0.035570519 | G39: 13684.78 | H39: =IF(AND(ISNUMBER(C39),ISNUMBER(G39)), C39-G39, "") -> 464.22 | I39: =IFERROR(H39/G39, "") -> 0.033922358
A40: Colusa - WTP | B40: CA | C40: 0 | D40: N/A | E40: =IF(AND(ISNUMBER(C40),ISNUMBER(D40)), C40-D40, "") | F40: =IFERROR(E40/D40, "") | G40: 54361.94 | H40: =IF(AND(ISNUMBER(C40),ISNUMBER(G40)), C40-G40, "") -> -54361.94 | I40: =IFERROR(H40/G40, "") -> -1 | J40: 1. Site came back online at 09:40 AM on 02/11/25 after the technician replaced four air filters in the central inverter. Meter replacement is required. 2. Site has been offline since 02/13/25 and the site was under water may not self-resolve. On 02/28/25, the technician found the inverter displaying a 0020 fault code (Delta High Temp Warning). The manual advises contacting the manufacturer for this code. Emailed Bold Renewables for guidance and will update once they respond with a solution and remained offline throught the month. 3. Meter communications have dropped onsite 04/27/25 | K40: 1.SR089464, SR093180, SR093174 & SR095356 2. SR096916 3. SR100537 | L40: SR093180 | M40: SR093174 | N40: SR095356 | O40: SR096916 | P40: SR100537
A41: CDCR-North Kern State Prision | B41: CA | C41: 114921 | D41: 114921 | E41: =IF(AND(ISNUMBER(C41),ISNUMBER(D41)), C41-D41, "") -> 0 | F41: =IFERROR(E41/D41, "") -> 0 | G41: 209926.89 | H41: =IF(AND(ISNUMBER(C41),ISNUMBER(G41)), C41-G41, "") -> -95005.89 | I41: =IFERROR(H41/G41, "") -> -0.45256656 | J41: 1. 43 Damaged (Thermal) SF 290-36-P Modules onsite are needed for replacement | K41: 1. SR092753
A42: Muroc Joint USD - District Office | B42: CA | C42: 7125 | D42: 6887 | E42: =IF(AND(ISNUMBER(C42),ISNUMBER(D42)), C42-D42, "") -> 238 | F42: =IFERROR(E42/D42, "") -> 0.034557863 | G42: 9656.11 | H42: =IF(AND(ISNUMBER(C42),ISNUMBER(G42)), C42-G42, "") -> -2531.11 | I42: =IFERROR(H42/G42, "") -> -0.26212522 | J42: 1. Low production/generation due to rain on 04/26
A43: Whole Foods - Manhattan Beach | B43: CA | C43: 17007 | D43: 16746 | E43: =IF(AND(ISNUMBER(C43),ISNUMBER(D43)), C43-D43, "") -> 261 | F43: =IFERROR(E43/D43, "") -> 0.015585812 | G43: 21784.09 | H43: =IF(AND(ISNUMBER(C43),ISNUMBER(G43)), C43-G43, "") -> -4777.09 | I43: =IFERROR(H43/G43, "") -> -0.21929261 | J43: 1. Inverters 3 & 8 have been offline throughout the month due to parts delays. On 02/26/25, FIMER tested replacement logic boards, but they failed bench tests. As of 04/10/25, remanufactured boards are still failing functional tests. FIMER is working with the repair center and engineering team in Italy, but no ETA is available. 2. Inverter 9 has been offline since 02/25/25, remaind offline through out the month and parts are needed to bring these inverter back online. | K43: 1. SR090375, SR089461 2. SR098018 | L43: SR089461 | M43: SR098018
A44: Pioneer USD - Frontier ES | B44: CA | C44: 30397 | D44: N/A | E44: =IF(AND(ISNUMBER(C44),ISNUMBER(D44)), C44-D44, "") | F44: =IFERROR(E44/D44, "") | G44: 35194.19 | H44: =IF(AND(ISNUMBER(C44),ISNUMBER(G44)), C44-G44, "") -> -4797.19 | I44: =IFERROR(H44/G44, "") -> -0.13630631 | J44: 1. Weather station was not communicating through out the month because the entire station needs to be replaced. Waiting for approval to dispatch. | K44: 1. SR092276
A45: Pioneer USD - Pioneer ES | B45: CA | C45: 19143 | D45: N/A | E45: =IF(AND(ISNUMBER(C45),ISNUMBER(D45)), C45-D45, "") | F45: =IFERROR(E45/D45, "") | G45: 35767.49 | H45: =IF(AND(ISNUMBER(C45),ISNUMBER(G45)), C45-G45, "") -> -16624.49 | I45: =IFERROR(H45/G45, "") -> -0.46479331 | J45: 1. Weather station was not communicating through out the month because the entire station needs to be replaced. 2. Pad 1 Inverter 1 was offline throughout the month, and on Pad 2, Inverter 1 is not communicating, although production data is being captured at the meter. On 03/13/25, it was approved to investigate the auxiliary equipment installed and the fault logs, with BOLD. | K45: 1. SR085968 2. SR092256, SR090090 & SR095592 | L45: SR092256 | M45: SR090090 | N45: SR095592
A46: Pioneer USD - Pioneer MS | B46: CA | C46: 42437 | D46: N/A | E46: =IF(AND(ISNUMBER(C46),ISNUMBER(D46)), C46-D46, "") | F46: =IFERROR(E46/D46, "") | G46: 47914.68 | H46: =IF(AND(ISNUMBER(C46),ISNUMBER(G46)), C46-G46, "") -> -5477.68 | I46: =IFERROR(H46/G46, "") -> -0.11432154 | J46: 1. Weather station is not communicating through out the month, It was found that the pyranometer is not installed on-site. The installation of a new pyranometer will be required. | K46: 1. SR089470, SR092603 | L46: SR092603
A47: Kingsburg Joint UHSD - Kingsburg HS | B47: CA | C47: 82857 | D47: 79179 | E47: =IF(AND(ISNUMBER(C47),ISNUMBER(D47)), C47-D47, "") -> 3678 | F47: =IFERROR(E47/D47, "") -> 0.046451711 | G47: 90441.64 | H47: =IF(AND(ISNUMBER(C47),ISNUMBER(G47)), C47-G47, "") -> -7584.64 | I47: =IFERROR(H47/G47, "") -> -0.083862256 | J47: 1. Inverter A and Meter A resumed communication on 04/07/25 at 7:00 AM. On 04/08/25, technician swapped red and blue Ethernet cables and confirmed with ROC that data was reporting 2. Meter B is regularly capturing data from 7:20 AM to 10:00 AM, in sync with Inverter B. However, Inverter B is capturing data from 10:05 AM to 4:45 PM due to the MOXA not functioning. On 04/01/25, the technician installed the MOXA (datalogger), but the communication failed. On 04/09,04/10 Inverter and meter are interfered due sharing ports and both lost communication at 17:40 on 04/10/25 due to faulty dataloggers, and additional troubleshooting is required. 3. Inverter 2 pad C intermittently tripping during high irradiance; possibly due to overheating. | K47: 1.SR089612, SR095339 & SR095385, SR097012 2. SR089612, SR095385 3. SR099766 | L47: SR095339 | M47: SR095385 | N47: SR097012 | O47: SR089612 | P47: SR095385 | Q47: SR099766
A48: CADRB | B48: CA | C48: 0 | D48: N/A | E48: =IF(AND(ISNUMBER(C48),ISNUMBER(D48)), C48-D48, "") | F48: =IFERROR(E48/D48, "") | G48: 791823 | H48: =IF(AND(ISNUMBER(C48),ISNUMBER(G48)), C48-G48, "") -> -791823 | I48: =IFERROR(H48/G48, "") -> -1 | J48: 1. Site back online on 01/09/25 after the technician re-energized it, we cannot confirm as silicon ranch only has access to site. 2.Inverter 3 was back online on 11/15/2024 but we cannot confirm through SCADA since site is not communicating 3.Pyranometer has been giving bad readings. Prior to 9/25, the pyranometer read at most 450 W/m2. Since then, readings are between 950 and 400 W/m2. | K48: 1. SR092166, SR097558, SR098717 2. SR086220, SR098717 3. SR091312 | L48: SR097558 | M48: SR098717 | N48: SR086220 | O48: SR098717 | P48: SR091312
A49: CDCR-CA State Prison LA County | B49: CA | C49: 312836 | D49: 302364 | E49: =IF(AND(ISNUMBER(C49),ISNUMBER(D49)), C49-D49, "") -> 10472 | F49: =IFERROR(E49/D49, "") -> 0.034633753 | G49: 501677.37 | H49: =IF(AND(ISNUMBER(C49),ISNUMBER(G49)), C49-G49, "") -> -188841.37 | I49: =IFERROR(H49/G49, "") -> -0.37641995 | J49: 1. Inverter 1 is not communicating, and according to the meter data, it is offline due to a breaker issue. A case was raised on 03/24/25 to request support for the breaker replacement. | K49: 1. SR098397
A50: Central USD Akers ES | B50: CA | C50: 37590 | D50: 38998 | E50: =IF(AND(ISNUMBER(C50),ISNUMBER(D50)), C50-D50, "") -> -1408 | F50: =IFERROR(E50/D50, "") -> -0.036104416 | G50: 38046.05 | H50: =IF(AND(ISNUMBER(C50),ISNUMBER(G50)), C50-G50, "") -> -456.05 | I50: =IFERROR(H50/G50, "") -> -0.01198679 | J50: 1. Meter experiences intermittent communication loss, but inverter continues reporting production. Meter communication has been consistent since 04/01/25, as confirmed by inverter data 2. Weather station is reporting 0w/m2. Waiting for appoval | K50: 1. SR098178 2. SR090370 | L50: SR090370
A51: CUSD - District Office | B51: CA | C51: 21592 | D51: 20775 | E51: =IF(AND(ISNUMBER(C51),ISNUMBER(D51)), C51-D51, "") -> 817 | F51: =IFERROR(E51/D51, "") -> 0.039326113 | G51: 31419.67 | H51: =IF(AND(ISNUMBER(C51),ISNUMBER(G51)), C51-G51, "") -> -9827.67 | I51: =IFERROR(H51/G51, "") -> -0.31278718 | J51: 1. Inverter 1 was brought online at 11:35 on 04/10/25 after the technician re-energized it and completed PM inspection. It tripped offline again at 18:25 on 04/12/25 due to a watchdog timer fault and remained offline for the rest of the month. | K51: 1. SR099747, PM10476, SR099540 2. SR098177 | L51: SR099540 | M51: SR098177
A52: Parlier - WTP | B52: CA | C52: 56290 | D52: 52027 | E52: =IF(AND(ISNUMBER(C52),ISNUMBER(D52)), C52-D52, "") -> 4263 | F52: =IFERROR(E52/D52, "") -> 0.081938224 | G52: 91735.31 | H52: =IF(AND(ISNUMBER(C52),ISNUMBER(G52)), C52-G52, "") -> -35445.31 | I52: =IFERROR(H52/G52, "") -> -0.38638677 | J52: 1. Inverter 2 went offline on 04/21/25 due to system, latching, RTC, and restart limit faults. On 04/22/25 at 12:10 PM, technician found a Restart Limit fault, verified AC/DC voltages and fuses (all good), and cleaned out heavy dust. A power supply error was noted, indicating potential failure. Event logs were pulled and a ticket was submitted to Bold Renewables. Inverter was restarted and is online pending further support | K52: 1. SR100064, SR100858 | L52: SR100858
A53: Snowline SD - Quail Valley MS | B53: CA | C53: 39517 | D53: 33704 | E53: =IF(AND(ISNUMBER(C53),ISNUMBER(D53)), C53-D53, "") -> 5813 | F53: =IFERROR(E53/D53, "") -> 0.17247211 | G53: 43263.19 | H53: =IF(AND(ISNUMBER(C53),ISNUMBER(G53)), C53-G53, "") -> -3746.19 | I53: =IFERROR(H53/G53, "") -> -0.086590702 | J53: 1. Inverter has been tripping frequently. On 04/28/25, technician power cycled DAS equipment and inverter, tested Cat5 (checked good), but comms were not restored. Contacted Bold, sent photos of the comms card, and opened a case. Bold recommended replacing the comms and comm max boards. Awaiting parts quote; further troubleshooting is needed to restore communication and resolve tripping | K53: 1. SR094545, SR100842 | L53: SR100842
A54: Snowline SD - Serrano HS - Middle Lot | B54: CA | C54: 34848 | D54: 34831 | E54: =IF(AND(ISNUMBER(C54),ISNUMBER(D54)), C54-D54, "") -> 17 | F54: =IFERROR(E54/D54, "") -> 0.00048807097 | G54: 55029.14 | H54: =IF(AND(ISNUMBER(C54),ISNUMBER(G54)), C54-G54, "") -> -20181.14 | I54: =IFERROR(H54/G54, "") -> -0.36673552 | J54: 1. Site production was low on 04/26 and 04/27 due to bad weather.
A55: Snowline SD - Pinon Hills ES | B55: CA | C55: 12845 | D55: 12825 | E55: =IF(AND(ISNUMBER(C55),ISNUMBER(D55)), C55-D55, "") -> 20 | F55: =IFERROR(E55/D55, "") -> 0.0015594542 | G55: 25215.87 | H55: =IF(AND(ISNUMBER(C55),ISNUMBER(G55)), C55-G55, "") -> -12370.87 | I55: =IFERROR(H55/G55, "") -> -0.49059858 | J55: 1. 23 modules need replacement; quote declined by client on 11/07/24 | K55: 1. SR090734
A56: Ramona - Santa Maria WTP | B56: CA | C56: 67314 | D56: 66838 | E56: =IF(AND(ISNUMBER(C56),ISNUMBER(D56)), C56-D56, "") -> 476 | F56: =IFERROR(E56/D56, "") -> 0.0071216972 | G56: 83468.89 | H56: =IF(AND(ISNUMBER(C56),ISNUMBER(G56)), C56-G56, "") -> -16154.89 | I56: =IFERROR(H56/G56, "") -> -0.19354385 | J56: 1. Site production was low on 04/26 and 04/27 due to bad weather.
A57: Kohls - Redding | B57: CA | C57: 507 | D57: N/A | E57: =IF(AND(ISNUMBER(C57),ISNUMBER(D57)), C57-D57, "") | F57: =IFERROR(E57/D57, "") | G57: 31544.14 | H57: =IF(AND(ISNUMBER(C57),ISNUMBER(G57)), C57-G57, "") -> -31037.14 | I57: =IFERROR(H57/G57, "") -> -0.98392728 | J57: 1. Weather station is started reporting from 03/31/25. 1. Inverter 1 tripped offline at 13:15 on 03/31 due to a Xantrex fault (state 592: ""contactor open"") and remained offline for the rest of the month. | K57: 1. SR090293, SR095854 2. SR099225 | L57: SR095854 | M57: SR099225
A58: Kohls - Salinas | B58: CA | C58: 34837 | D58: 33148 | E58: =IF(AND(ISNUMBER(C58),ISNUMBER(D58)), C58-D58, "") -> 1689 | F58: =IFERROR(E58/D58, "") -> 0.0509533 | G58: 49956.33 | H58: =IF(AND(ISNUMBER(C58),ISNUMBER(G58)), C58-G58, "") -> -15119.33 | I58: =IFERROR(H58/G58, "") -> -0.30265094 | J58: 1. Inverters 3, 7, 10, 14, and 21 are offline through out the month and parts are needed to bring these inverters back online. 2. Inverter 11 was brought online at 10:45 AM on 04/14/25 after replacing the AC GFCI and re-terminating wires. It tripped offline again at 10:00 AM on 04/24/25 and remained down; additional parts are needed. For Inverter 2, technician verified LOTO, removed two broken/burned fuse holders, installed new parts with two Ameresco 15A fuses, and removed LOTO the same day. | K58: 1. SR098183, SR095449, SR093474, SR090380 & SR089474. 2. SR098183 | L58: SR095449 | M58: SR093474 | N58: SR090380 | O58: SR089474 | P58: SR098183
A59: Kohls - San Bernardino - Central | B59: CA | C59: 1201 | D59: 1199 | E59: =IF(AND(ISNUMBER(C59),ISNUMBER(D59)), C59-D59, "") -> 2 | F59: =IFERROR(E59/D59, "") -> 0.0016680567 | G59: 137860.17 | H59: =IF(AND(ISNUMBER(C59),ISNUMBER(G59)), C59-G59, "") -> -136659.17 | I59: =IFERROR(H59/G59, "") -> -0.99128827 | J59: 1. Inverter 1 has been underperforming by 90kW since 11:40 on 08/21/24. During the Annual Preventative Maintenance on 04/02/25, the technician found poor filters and a potential hazard with the AC switch. New filters are needed to restore performance. 2. Inverter 1 went offline at 11:30 AM on 04/01/25, followed by Inverter 2 at 12:45 PM. The meter still shows voltage. Inverter 1 has a status code of 1,314 (FAULT, WARNING, MPP, AUTO START), while Inverter 2 shows 1,792 (MPP, SLEEP, AUTO START). On 04/04/25, the technician confirmed that the site would remain offline due to ongoing contractor activity. Additional information from the Kohls team indicated that large-scale electrical work was being carried out inside the facility. As a safety measure, the utility feed was disconnected at 09:10 AM on the same day. The site has remained offline throughout the month due to continued electrical work. | K59: 1. SR098826, PM11103 2. SR099327, PM11103 | L59: SR099327
A60: Kohls - Sonora | B60: CA | C60: 29241 | D60: 27901 | E60: =IF(AND(ISNUMBER(C60),ISNUMBER(D60)), C60-D60, "") -> 1340 | F60: =IFERROR(E60/D60, "") -> 0.048026952 | G60: 33281.85 | H60: =IF(AND(ISNUMBER(C60),ISNUMBER(G60)), C60-G60, "") -> -4040.85 | I60: =IFERROR(H60/G60, "") -> -0.12141302 | J60: 1.Inverter 3 has been offline since 01/28/25, remained offline through out the month due to additional parts needed. 2. Inverter 7 was offline through out the month and parts needed to bring these inverter back online. 3. Inverter 12 has been offline since 01/30/25, remaind offline through out the month and parts are needed to bring these inverter back online. | K60: 1. SR089477, SR096348 2. SR089477, SR096348 3. SR089477, SR096348 | L60: SR096348 | M60: SR089477 | N60: SR096348 | O60: SR089477 | P60: SR096348
A61: CUSD - Stratford ES | B61: CA | C61: 25704 | D61: 24673 | E61: =IF(AND(ISNUMBER(C61),ISNUMBER(D61)), C61-D61, "") -> 1031 | F61: =IFERROR(E61/D61, "") -> 0.041786568 | G61: 23724.43 | H61: =IF(AND(ISNUMBER(C61),ISNUMBER(G61)), C61-G61, "") -> 1979.57 | I61: =IFERROR(H61/G61, "") -> 0.08344015
A62: Taft - City Hall | B62: CA | C62: 876 | D62: 48 | E62: =IF(AND(ISNUMBER(C62),ISNUMBER(D62)), C62-D62, "") -> 828 | F62: =IFERROR(E62/D62, "") -> 17.25 | G62: 9524.29 | H62: =IF(AND(ISNUMBER(C62),ISNUMBER(G62)), C62-G62, "") -> -8648.29 | I62: =IFERROR(H62/G62, "") -> -0.90802464 | J62: 1. Metering Energy values are much lower than expected vs meter Power. | K62: 1. SR097948
A63: Taft - Federal Prison | B63: CA | C63: 16199 | D63: 16129 | E63: =IF(AND(ISNUMBER(C63),ISNUMBER(D63)), C63-D63, "") -> 70 | F63: =IFERROR(E63/D63, "") -> 0.0043400087 | G63: 15175.89 | H63: =IF(AND(ISNUMBER(C63),ISNUMBER(G63)), C63-G63, "") -> 1023.11 | I63: =IFERROR(H63/G63, "") -> 0.067416804
A64: Taft - Police Department | B64: CA | C64: 11295 | D64: 11249 | E64: =IF(AND(ISNUMBER(C64),ISNUMBER(D64)), C64-D64, "") -> 46 | F64: =IFERROR(E64/D64, "") -> 0.0040892524 | G64: 10899.77 | H64: =IF(AND(ISNUMBER(C64),ISNUMBER(G64)), C64-G64, "") -> 395.23 | I64: =IFERROR(H64/G64, "") -> 0.036260398
A65: Taft - WTP | B65: CA | C65: 876 | D65: 52750 | E65: =IF(AND(ISNUMBER(C65),ISNUMBER(D65)), C65-D65, "") -> -51874 | F65: =IFERROR(E65/D65, "") -> -0.98339336 | G65: 9524.29 | H65: =IF(AND(ISNUMBER(C65),ISNUMBER(G65)), C65-G65, "") -> -8648.29 | I65: =IFERROR(H65/G65, "") -> -0.90802464 | J65: 1. Meter was not communicating production at the inverters. so we considered inverter productionas site production. 2. Inverter A stopped communicating since at 11:15 AM on 04/08/25 due to a loss of communication with the meter. Production cannot be confirmed and the inverter may be offline. | K65: 1.SR095559, SR099641 2. SR099641 | L65: SR099641 | M65: SR099641
A66: CDCR - CA Correctional Institution | B66: CA | C66: 193202 | D66: 201735 | E66: =IF(AND(ISNUMBER(C66),ISNUMBER(D66)), C66-D66, "") -> -8533 | F66: =IFERROR(E66/D66, "") -> -0.042298064 | G66: 221609.78 | H66: =IF(AND(ISNUMBER(C66),ISNUMBER(G66)), C66-G66, "") -> -28407.78 | I66: =IFERROR(H66/G66, "") -> -0.1281883 | J66: 1. Inverter 1 production is being affected in the morning hours due to stuck trackers. but expected production restored from 04/11/25. 2. Site has been not communicating from 12:50PM on 04/08/25 to 10:05AM on 04/09/25, energy has not backfilled. | K66: 1. SR092170, SR092456 2. SR101007 | L66: SR092456 | M66: SR101007
A67: CDCR - CA Correctional Institution II | B67: CA | C67: 317401.68 | D67: 140503 | E67: =IF(AND(ISNUMBER(C67),ISNUMBER(D67)), C67-D67, "") -> 176898.68 | F67: =IFERROR(E67/D67, "") -> 1.2590385 | G67: 317401.68 | H67: =IF(AND(ISNUMBER(C67),ISNUMBER(G67)), C67-G67, "") -> 0 | I67: =IFERROR(H67/G67, "") -> 0 | J67: 1. Inverter 2's production being affected in the afternoon hours possibly due to stuck trackers. 2. Inverter 2 tripped offline at 09:35 AM on 04/09/25 due to a FAN 5 fault. The onsite technician confirmed the issue and requested a quote from BOLD. It was restored at 06:45 AM on 04/10/25. The inverter tripped again at 09:25 AM on 04/16/25 and came back online at 06:50 AM on 04/17/25. It went offline at 12:10 PM on 04/24/25 due to an Asymmetrical Array Fault and was restored at 06:40 AM on 04/25/25. Further trips occurred on 04/26/25 and 04/27/25 due to the FAN 5 fault, with recovery on 04/28/25 and again tripped offline at 07:50AM on 04/30 . FAN 5 needs replacement to restore expected production. 3. Inverter 3 is underperforming by approximately 200 kW and It has been offline since at 11:30AM on 04/29/25, remaind offline through out the month and parts are needed to bring these inverter back online. 4. Site tripped offline at 12:30 PM on 04/07/25 and was brought back online at 09:25 AM on 04/09/25 after the technician closed the breaker at the switchgear and repaired the malfunctioning trackers | K67: 1. SR092171, SR092455 2. SR099609 3. SR098778 4. SR099493 | L67: SR092455 | M67: SR099609 | N67: SR098778 | O67: SR099493
A68: Snowline SD - Vista Verde ES | B68: CA | C68: 15985 | D68: 17072 | E68: =IF(AND(ISNUMBER(C68),ISNUMBER(D68)), C68-D68, "") -> -1087 | F68: =IFERROR(E68/D68, "") -> -0.063671509 | G68: 31954.52 | H68: =IF(AND(ISNUMBER(C68),ISNUMBER(G68)), C68-G68, "") -> -15969.52 | I68: =IFERROR(H68/G68, "") -> -0.49975778 | J68: 1. Inverter 1 back online at 11:00AM on 04/16/25 after technician performed all tests and reenergised it but it requires new Air filter. | K68: 1. SR098343, PM10928
A69: North Stonington | B69: CT | C69: 1425880 | D69: N/A | G69: N/A | J69: 1. Site Curtailed to 5.2MW from 17:11PM to 17:18 PM. No production was impacted during the curtailment event as the on-site production production was around 1.5MW which is much lower than the curtailed command power (5.2MW). | K69: 1. SR097960
A70: CT: Torrington - 2-298 Rossi Road | B70: CT

Sheet May
A1: {=portfolio} -> Silicon Ranch | D1: May Actual v. Expected | G1: May Actual v. Forecasted
A2: Total | C2: =SUM(C4:C100) -> 4480761 | D2: =SUM(D4:D100) -> 2823886 | E2: =C2-D2 -> 1656875 | F2: =IFERROR(E2/D2, 0) -> 0.5867358 | G2: =SUM(G4:G100) -> 5417492.1 | H2: =C2-G2 -> -936731.11 | I2: =IFERROR(H2/G2, 0) -> -0.17290862 | J2: =IF(AND(TODAY()>DATE(2024, 5, 1), COUNTA(Sites[Site])<>(COUNT(C:C)-1)), "Some sites are missing actual data; if new sites were added, make sure they are aligned correctly (including prior months!)", "") -> Some sites are missing actual data; if new sites were added, make sure they are aligned correctly (including prior months!)
A3: Site | B3: State | C3: Actual | D3: Expected | E3: Delta | F3: % | G3: Forecasted | H3: Delta | I3: % | J3: Notes | K3: Service Requests
A4: {=Sites[Site]} -> Iron Mountain - Windsor | B4: {=Sites[State]} -> CT | C4: 29586 | D4: 29449 | E4: =IF(AND(ISNUMBER(C4),ISNUMBER(D4)), C4-D4, "") -> 137 | F4: =IFERROR(E4/D4, "") -> 0.0046521104 | G4: 34313.45 | H4: =IF(AND(ISNUMBER(C4),ISNUMBER(G4)), C4-G4, "") -> -4727.45 | I4: =IFERROR(H4/G4, "") -> -0.13777251 | J4: 1. Low production/generation due to rain on 05/05, 05/09 & 05/22.
A5: Kohls - Auburn | B5: NY | C5: 31098 | D5: 30780 | E5: =IF(AND(ISNUMBER(C5),ISNUMBER(D5)), C5-D5, "") -> 318 | F5: =IFERROR(E5/D5, "") -> 0.010331384 | G5: 45680.29 | H5: =IF(AND(ISNUMBER(C5),ISNUMBER(G5)), C5-G5, "") -> -14582.29 | I5: =IFERROR(H5/G5, "") -> -0.31922499 | J5: 1. Low production/generation due to rain on 05/03, 05/04, 05/07 & 05/09.
A6: Kohls - Bensalem | B6: PA | C6: 0 | D6: N/A | E6: =IF(AND(ISNUMBER(C6),ISNUMBER(D6)), C6-D6, "") | F6: =IFERROR(E6/D6, "") | G6: 37858.58 | H6: =IF(AND(ISNUMBER(C6),ISNUMBER(G6)), C6-G6, "") -> -37858.58 | I6: =IFERROR(H6/G6, "") -> -1 | J6: 1. Site has communicated intermittently throughout the month due to a faulty modem, with data expected to backfill later. On 04/17/2024, the technician found the inverter online and producing, but the cell modem's indicator lights were not flashing, indicating no data transmission. DAS was power cycled with no change. Multiple attempts to contact Green Power Monitor for support went unanswered. The modem had been previously replaced and updated with a new IP address, suggesting a possible SIM card or data issue. The site last update was on 04/24/25. On 05/08/25 need to dispatch to power cycle as well as provide the modems nameplate to GPM. | K6: 1. SR098590
A7: Kohls - Brick | B7: NJ | C7: 31086 | D7: 31002 | E7: =IF(AND(ISNUMBER(C7),ISNUMBER(D7)), C7-D7, "") -> 84 | F7: =IFERROR(E7/D7, "") -> 0.0027095026 | G7: 46381.08 | H7: =IF(AND(ISNUMBER(C7),ISNUMBER(G7)), C7-G7, "") -> -15295.08 | I7: =IFERROR(H7/G7, "") -> -0.32976981 | J7: 1. Inverter tripped offline at 09:45 On 05/06/25 due to "GFI device fault" and back online at 07:50 on 05/11/25 self resoved and again tripped offline at 09:55 the same day and back online at 08:45 on 05/13/25, Technician found the fault, and rebooted it. Troubleshooting with Bold Renewables revealed the "tickle" wire needed a second loop through the GFI device. Adding a wire splice and looping it again increased current flow, extending the device’s life and resolving the issue. | K7: 1.SR101056
A8: Kohls - Buffalo | B8: NY | C8: 38164 | D8: N/A | E8: =IF(AND(ISNUMBER(C8),ISNUMBER(D8)), C8-D8, "") | F8: =IFERROR(E8/D8, "") | G8: 50993.46 | H8: =IF(AND(ISNUMBER(C8),ISNUMBER(G8)), C8-G8, "") -> -12829.46 | I8: =IFERROR(H8/G8, "") -> -0.2515903 | J8: 1. Inverter 4 is offline throught the month due to an INV 4 was thermally damaged in the DC box. 2. Inverter 5 derating to about 19kW, most operating around 22kW since 03/11/25. | K8: 1.SR096145, SR096237 2. SR095177 | L8: SR096237 | M8: SR095177
A9: Kohls - Canton | B9: CT | C9: 14284 | D9: 14088 | E9: =IF(AND(ISNUMBER(C9),ISNUMBER(D9)), C9-D9, "") -> 196 | F9: =IFERROR(E9/D9, "") -> 0.01391255 | G9: 15305.66 | H9: =IF(AND(ISNUMBER(C9),ISNUMBER(G9)), C9-G9, "") -> -1021.66 | I9: =IFERROR(H9/G9, "") -> -0.06675047
A10: Kohls - East Amherst | B10: NY | C10: 26632 | D10: 26383 | E10: =IF(AND(ISNUMBER(C10),ISNUMBER(D10)), C10-D10, "") -> 249 | F10: =IFERROR(E10/D10, "") -> 0.0094378956 | G10: 45726.58 | H10: =IF(AND(ISNUMBER(C10),ISNUMBER(G10)), C10-G10, "") -> -19094.58 | I10: =IFERROR(H10/G10, "") -> -0.41758163 | J10: 1. Inverter 1 tripped offline at 10:50 AM on 04/29/25 due to a "Sleep state" fault. On 05/01/25, a technician found all equipment manually shut down by non-Ameresco personnel; main disconnect was locked (not tagged), and meter, DAS, and inverter disconnects were off. On 05/09/25, a technician cut the lock on the AC disconnect, restored power, and brought the inverter back online at 09:25 AM. Inverter is now operating but shows an active DC surge warning; surge protectors need replacement. Advance Energy (Bold Renewables) was contacted, and a callback is pending. | K10: 1. SR100632
A11: Kohls - East Brunswick | B11: NJ | C11: 49282 | D11: 48916 | E11: =IF(AND(ISNUMBER(C11),ISNUMBER(D11)), C11-D11, "") -> 366 | F11: =IFERROR(E11/D11, "") -> 0.0074822144 | G11: 59211.63 | H11: =IF(AND(ISNUMBER(C11),ISNUMBER(G11)), C11-G11, "") -> -9929.63 | I11: =IFERROR(H11/G11, "") -> -0.16769729 | J11: 1. Inverter 1 tripped offline at 14:50 on 05/26/25 due to "Fan 7 fault" and back online at 08:25 on 05/27/25. | K11: 1. SR101939
A12: Kohls - Edgewood | B12: MD | C12: 263413 | D12: 261246 | E12: =IF(AND(ISNUMBER(C12),ISNUMBER(D12)), C12-D12, "") -> 2167 | F12: =IFERROR(E12/D12, "") -> 0.0082948638 | G12: 310676.77 | H12: =IF(AND(ISNUMBER(C12),ISNUMBER(G12)), C12-G12, "") -> -47263.77 | I12: =IFERROR(H12/G12, "") -> -0.15213165 | J12: 1. Low production/generation due to rain on 05/13, 05/21 & 05/28
A13: Kohls - Granite Run | B13: PA | C13: 33132 | D13: 32778 | E13: =IF(AND(ISNUMBER(C13),ISNUMBER(D13)), C13-D13, "") -> 354 | F13: =IFERROR(E13/D13, "") -> 0.010799927 | G13: 37858.03 | H13: =IF(AND(ISNUMBER(C13),ISNUMBER(G13)), C13-G13, "") -> -4726.03 | I13: =IFERROR(H13/G13, "") -> -0.1248356 | J13: 1. Low production/generation due to rain on 05/13, 05/14 & 05/21
A14: Kohls - Greece | B14: NY | C14: 32389 | D14: 32066 | E14: =IF(AND(ISNUMBER(C14),ISNUMBER(D14)), C14-D14, "") -> 323 | F14: =IFERROR(E14/D14, "") -> 0.010072974 | G14: 49808.65 | H14: =IF(AND(ISNUMBER(C14),ISNUMBER(G14)), C14-G14, "") -> -17419.65 | I14: =IFERROR(H14/G14, "") -> -0.34973142 | J14: 1. Low production/generation due to rain on 05/03, 05/22, 05/23 & 05/24
A15: Kohls - Hanover | B15: PA | C15: 40175 | D15: 39884 | E15: =IF(AND(ISNUMBER(C15),ISNUMBER(D15)), C15-D15, "") -> 291 | F15: =IFERROR(E15/D15, "") -> 0.0072961589 | G15: 41915.35 | H15: =IF(AND(ISNUMBER(C15),ISNUMBER(G15)), C15-G15, "") -> -1740.35 | I15: =IFERROR(H15/G15, "") -> -0.041520589
A16: Kohls - Horsehead | B16: NY | C16: 27105 | D16: 26765 | E16: =IF(AND(ISNUMBER(C16),ISNUMBER(D16)), C16-D16, "") -> 340 | F16: =IFERROR(E16/D16, "") -> 0.012703157 | G16: 35914.8 | H16: =IF(AND(ISNUMBER(C16),ISNUMBER(G16)), C16-G16, "") -> -8809.8 | I16: =IFERROR(H16/G16, "") -> -0.2452972 | J16: 1. Low production/generation due to rain on 05/04, 05/09 & 05/22.
A17: Kohls - Hudson | B17: NY | C17: 31815 | D17: 31591 | E17: =IF(AND(ISNUMBER(C17),ISNUMBER(D17)), C17-D17, "") -> 224 | F17: =IFERROR(E17/D17, "") -> 0.0070906271 | G17: 35803.72 | H17: =IF(AND(ISNUMBER(C17),ISNUMBER(G17)), C17-G17, "") -> -3988.72 | I17: =IFERROR(H17/G17, "") -> -0.11140518 | J17: 1. Low production/generation due to rain on 05/04, 05/05 & 05/09.
A18: Kohls - Ithaca | B18: NY | C18: 28310 | D18: 28039 | E18: =IF(AND(ISNUMBER(C18),ISNUMBER(D18)), C18-D18, "") -> 271 | F18: =IFERROR(E18/D18, "") -> 0.0096651093 | G18: 41098.38 | H18: =IF(AND(ISNUMBER(C18),ISNUMBER(G18)), C18-G18, "") -> -12788.38 | I18: =IFERROR(H18/G18, "") -> -0.31116506 | J18: 1. Low production/generation due to rain on 05/04, 05/09 & 05/31.
A19: Kohls - Kingston | B19: NY | C19: 41330 | D19: 40900 | E19: =IF(AND(ISNUMBER(C19),ISNUMBER(D19)), C19-D19, "") -> 430 | F19: =IFERROR(E19/D19, "") -> 0.010513447 | G19: 59092.81 | H19: =IF(AND(ISNUMBER(C19),ISNUMBER(G19)), C19-G19, "") -> -17762.81 | I19: =IFERROR(H19/G19, "") -> -0.30059173 | J19: 1. Low production/generation due to rain on 05/04, 05/05, 05/09 & 05/22
A20: Kohls - Mechanicsburg | B20: PA | C20: 43971 | D20: 43589 | E20: =IF(AND(ISNUMBER(C20),ISNUMBER(D20)), C20-D20, "") -> 382 | F20: =IFERROR(E20/D20, "") -> 0.0087636789 | G20: 48943.99 | H20: =IF(AND(ISNUMBER(C20),ISNUMBER(G20)), C20-G20, "") -> -4972.99 | I20: =IFERROR(H20/G20, "") -> -0.10160573 | J20: 1. Low production/generation due to rain on 05/13 & 05/28.
A21: Kohls - Middletown | B21: NJ | C21: 42063 | D21: 41447 | E21: =IF(AND(ISNUMBER(C21),ISNUMBER(D21)), C21-D21, "") -> 616 | F21: =IFERROR(E21/D21, "") -> 0.014862354 | G21: 72424.36 | H21: =IF(AND(ISNUMBER(C21),ISNUMBER(G21)), C21-G21, "") -> -30361.36 | I21: =IFERROR(H21/G21, "") -> -0.41921475 | J21: 1. Inverter 01 tripped on 05/02/25 due to an "Ambient temperature fault" and self-resolved on 05/03/25. Multiple trips occurred starting 05/10/25. On 05/13/25, a technician found an "Aux Supply" fault after pulling logs and restarting the inverter. Bold Renewables identified aging IDC connectors as the issue and further multiple tripes occured on 05/20, 05/22 & 05/23 and tripped at 12:35 on 05/24/25 and remained offline through the month, in order to bring inverter online ICD connectors are need to be replaced. | K21: 1. SR100937, SR101331 | L21: SR101331
A22: Kohls - North Amherst | B22: NY | C22: 27872 | D22: 27733 | E22: =IF(AND(ISNUMBER(C22),ISNUMBER(D22)), C22-D22, "") -> 139 | F22: =IFERROR(E22/D22, "") -> 0.0050120795 | G22: 43967.86 | H22: =IF(AND(ISNUMBER(C22),ISNUMBER(G22)), C22-G22, "") -> -16095.86 | I22: =IFERROR(H22/G22, "") -> -0.36608241 | J22: 1. 5 faulty Modules and one faulty fuse are need to be replaced. | K22: 1. SR100060, SR093440, PM4000 | L22: SR093440
A23: Kohls - Staten Island | B23: NY | C23: 29967 | D23: N/A | E23: =IF(AND(ISNUMBER(C23),ISNUMBER(D23)), C23-D23, "") | F23: =IFERROR(E23/D23, "") | G23: 41334.61 | H23: =IF(AND(ISNUMBER(C23),ISNUMBER(G23)), C23-G23, "") -> -11367.61 | I23: =IFERROR(H23/G23, "") -> -0.27501433 | J23: 1. Inverter 8 was offline due to Internal hardware “Error E018” fault till date. Inverter 20 was offline from 07/22/24 due to Internal Error -E018 fault. Inverter 21 was tripped offline at 09:05 on 08/17/24 due to Internal Error - E018 fault and was being RMA'd. Inverter 10 was offline from 03/05/25 due stuck in "Stand by mode". | K23: 1. SR102013, SR095623 | L23: SR095623
A24: Kohls - Warminster | B24: PA | C24: 44971 | D24: 44618 | E24: =IF(AND(ISNUMBER(C24),ISNUMBER(D24)), C24-D24, "") -> 353 | F24: =IFERROR(E24/D24, "") -> 0.0079116052 | G24: 46156.09 | H24: =IF(AND(ISNUMBER(C24),ISNUMBER(G24)), C24-G24, "") -> -1185.09 | I24: =IFERROR(H24/G24, "") -> -0.025675702
A25: Kohls - Waterbury | B25: CT | C25: 32687 | D25: 32243 | E25: =IF(AND(ISNUMBER(C25),ISNUMBER(D25)), C25-D25, "") -> 444 | F25: =IFERROR(E25/D25, "") -> 0.013770431 | G25: 41949.53 | H25: =IF(AND(ISNUMBER(C25),ISNUMBER(G25)), C25-G25, "") -> -9262.53 | I25: =IFERROR(H25/G25, "") -> -0.22080176 | J25: 1. Site tripped offline at 16:00 on 05/05/25 and was brought back online at 11:00 on 05/08/25 after the technician after resetting site. | K25: 1. SR101039
A26: Mojave Water Agency - Headquarters | B26: CA | C26: 50274 | D26: 50207 | E26: =IF(AND(ISNUMBER(C26),ISNUMBER(D26)), C26-D26, "") -> 67 | F26: =IFERROR(E26/D26, "") -> 0.0013344753 | G26: 39526.57 | H26: =IF(AND(ISNUMBER(C26),ISNUMBER(G26)), C26-G26, "") -> 10747.43 | I26: =IFERROR(H26/G26, "") -> 0.27190394
A27: CSU - Bakersfield | B27: CA | C27: 192332 | D27: 197878 | E27: =IF(AND(ISNUMBER(C27),ISNUMBER(D27)), C27-D27, "") -> -5546 | F27: =IFERROR(E27/D27, "") -> -0.02802737 | G27: 171459.72 | H27: =IF(AND(ISNUMBER(C27),ISNUMBER(G27)), C27-G27, "") -> 20872.28 | I27: =IFERROR(H27/G27, "") -> 0.12173285
A28: Greenfield USD - Fairfield ES | B28: CA | C28: 16135 | D28: 16022 | E28: =IF(AND(ISNUMBER(C28),ISNUMBER(D28)), C28-D28, "") -> 113 | F28: =IFERROR(E28/D28, "") -> 0.0070528024 | G28: 16930.92 | H28: =IF(AND(ISNUMBER(C28),ISNUMBER(G28)), C28-G28, "") -> -795.92 | I28: =IFERROR(H28/G28, "") -> -0.047009849
A29: Greenfield USD - Granite Point ES | B29: CA | C29: 31577 | D29: 31397 | E29: =IF(AND(ISNUMBER(C29),ISNUMBER(D29)), C29-D29, "") -> 180 | F29: =IFERROR(E29/D29, "") -> 0.0057330318 | G29: 44787.9 | H29: =IF(AND(ISNUMBER(C29),ISNUMBER(G29)), C29-G29, "") -> -13210.9 | I29: =IFERROR(H29/G29, "") -> -0.29496583 | J29: 1. Pad 1 - inverters 1, 2 were brought back online at 11:25 on 05/12/25 after the technician closed both inverters' AC/DC disconnects. 2. Weather station has intermittent comms losses since 05/12/25. It frequently loses comms for 15 minutes to 1 hour several times a day. 3. Pad 2 - inverter 1 tripped offline at 12:00 on 05/22/25 due to an overcurrent fault and remained offline throught the month pending for schedule queue. | K29: 1. SR100011 2. SR101440 3. SR101862 | L29: SR101440 | M29: SR101862
A30: Greenfield USD - Greenfield MS | B30: CA | C30: 18679 | D30: 18643 | E30: =IF(AND(ISNUMBER(C30),ISNUMBER(D30)), C30-D30, "") -> 36 | F30: =IFERROR(E30/D30, "") -> 0.0019310197 | G30: 30442.57 | H30: =IF(AND(ISNUMBER(C30),ISNUMBER(G30)), C30-G30, "") -> -11763.57 | I30: =IFERROR(H30/G30, "") -> -0.38641843 | J30: 1. Inverter 1 Pad 1 tripped offline at 08:50 on 05/02/25 and remained offline through the month. Pending approval for a Comm Card replacement. | K30: 1. SR100743
A31: Greenfield USD - Horizon ES | B31: CA | C31: 36639 | D31: 36562 | E31: =IF(AND(ISNUMBER(C31),ISNUMBER(D31)), C31-D31, "") -> 77 | F31: =IFERROR(E31/D31, "") -> 0.0021060117 | G31: 46583.01 | H31: =IF(AND(ISNUMBER(C31),ISNUMBER(G31)), C31-G31, "") -> -9944.01 | I31: =IFERROR(H31/G31, "") -> -0.2134686 | J31: 1. Inverter 1 ( Pad 1) has been offline since 04/27/25 due to an "Pre-Charge fault". On 05/12/25, the technician inverter had DC contactor fault and swapped contactor with AC contactor. Inverter began producing at 10:25 the same day and was left to run. Fault has now followed to AC contactor so will need to replace contactor. Quote is pending. 2. Pad A Inverter 2 has been intermittently tripping online/offline. Status 128, Fault 0: 96, Fault 1: 5. It tripped offline at 5:55 PM on 05/07/25. On 05/12/25, the technician removed the AC contactor and found worn contacts replacement needed. A P10 power supply fault was also found; BOLD recommends replacing the power distribution card. Inverter was power cycled and brought back online at 10:20. and again tripped offline at 18:25 on 05/19/25. 3. Inverter 1 (Pad B) tripping on and offline multiple times on 05/28/25, 05/29/25 and resolved on 05/30/25. | K31: 1. SR100459 2. SR101131 3. SR102150 | L31: SR101131 | M31: SR102150
A32: Greenfield USD - McKee MS | B32: CA | C32: 21628 | D32: 21598 | E32: =IF(AND(ISNUMBER(C32),ISNUMBER(D32)), C32-D32, "") -> 30 | F32: =IFERROR(E32/D32, "") -> 0.0013890175 | G32: 28438.8 | H32: =IF(AND(ISNUMBER(C32),ISNUMBER(G32)), C32-G32, "") -> -6810.8 | I32: =IFERROR(H32/G32, "") -> -0.23948971 | J32: 1. Site production was low on 05/04 and 05/13 due to cloudy weather.
A33: Greenfield USD - Plantation ES | B33: CA | C33: 19780 | D33: 20342 | E33: =IF(AND(ISNUMBER(C33),ISNUMBER(D33)), C33-D33, "") -> -562 | F33: =IFERROR(E33/D33, "") -> -0.027627569 | G33: 20341 | H33: =IF(AND(ISNUMBER(C33),ISNUMBER(G33)), C33-G33, "") -> -561 | I33: =IFERROR(H33/G33, "") -> -0.027579765
A34: Greenfield USD - Planz ES | B34: CA | C34: 7844 | D34: 8046 | E34: =IF(AND(ISNUMBER(C34),ISNUMBER(D34)), C34-D34, "") -> -202 | F34: =IFERROR(E34/D34, "") -> -0.025105643 | G34: 22372.35 | H34: =IF(AND(ISNUMBER(C34),ISNUMBER(G34)), C34-G34, "") -> -14528.35 | I34: =IFERROR(H34/G34, "") -> -0.64938864 | J34: 1. Inverter 1 meter has been down for some time. On 04/30/25, technician worked with GPM support to connect to the modem and data logger but was unsuccessful. GPM is escalating the comms issue; return visit needed. | K34: 1. SR099912
A35: Greenfield USD - Raffaello Palla ES | B35: CA | C35: 28616 | D35: 29654 | E35: =IF(AND(ISNUMBER(C35),ISNUMBER(D35)), C35-D35, "") -> -1038 | F35: =IFERROR(E35/D35, "") -> -0.035003709 | G35: 50057.44 | H35: =IF(AND(ISNUMBER(C35),ISNUMBER(G35)), C35-G35, "") -> -21441.44 | I35: =IFERROR(H35/G35, "") -> -0.42833673 | J35: 1. Meter reporting zero from 03/30, later from 04/06 at 13:30 meter reading its production but issue has been occurring intermittently, production can be confirmed at inverter level. | K35: 1. SR099206
A36: Greenfield USD - Valle Verde ES | B36: CA | C36: 48072 | D36: 49360 | E36: =IF(AND(ISNUMBER(C36),ISNUMBER(D36)), C36-D36, "") -> -1288 | F36: =IFERROR(E36/D36, "") -> -0.026094003 | G36: 46702.51 | H36: =IF(AND(ISNUMBER(C36),ISNUMBER(G36)), C36-G36, "") -> 1369.49 | I36: =IFERROR(H36/G36, "") -> 0.029323692
A37: Greenfield USD - W.A. Kendrick ES | B37: CA | C37: 0 | D37: N/A | E37: =IF(AND(ISNUMBER(C37),ISNUMBER(D37)), C37-D37, "") | F37: =IFERROR(E37/D37, "") | G37: 18015.53 | H37: =IF(AND(ISNUMBER(C37),ISNUMBER(G37)), C37-G37, "") -> -18015.53 | I37: =IFERROR(H37/G37, "") -> -1 | J37: 1.Meter reporting half of inverter production since 6/11/22 waiting for client approval for investigation | K37: 1. SR094440
