Workbook
Name JanActual: #REF!
Name JanActual2: #REF!
Name JanExpected: #REF!
Name JanExpectedDelta: #REF!
Name JanExpectedPercent: #REF!
Name JanExpPercent: #REF!
Name JanForecasted: #REF!
Name JanForecastedDelta: #REF!
Name JanForecastedPercent: #REF!
Name portfolio: Sites!$B$1:$B$1
Name Year: Sites!#REF!

Sheet Year to Date
A1: {=portfolio} -> Walden Liberty | D1: Year to Date Actual v. Expected | G1: Year to Date Actual v. Forecasted
A2: Total | C2: =SUM(C4:C77) -> 828822 | D2: =SUM(D4:D77) -> 0 | E2: =C2-D2 -> 828822 | F2: =IFERROR(E2/D2, 0) -> 0 | G2: =SUM(G4:G77) -> 0 | H2: =C2-G2 -> 828822 | I2: =IFERROR(H2/G2, 0) -> 0
A3: Site | B3: State | C3: Actual | D3: Expected | E3: Delta | F3: % | G3: Forecasted | H3: Delta | I3: %
A4: {=Sites[Site]} -> CCC College | B4: {=Sites[State]} -> MA | C4: =SUM('1st Qtr'!C4, '2nd Qtr'!C4, '3rd Qtr'!C4, '4th Qtr'!C4) -> 660143 | D4: =SUM('1st Qtr'!D4, '2nd Qtr'!D4, '3rd Qtr'!D4, '4th Qtr'!D4) -> 0 | E4: =IF(AND(ISNUMBER(C4),ISNUMBER(D4)), C4-D4, "") -> 660143 | F4: =IFERROR(E4/D4, "") | G4: =SUM('1st Qtr'!G4, '2nd Qtr'!G4, '3rd Qtr'!G4, '4th Qtr'!G4) -> 0 | H4: =SUM('1st Qtr'!H4, '2nd Qtr'!H4, '3rd Qtr'!H4, '4th Qtr'!H4) -> 0 | I4: =IFERROR(H4/G4, "")
A5: Walden Liberty | B5: MA | C5: =SUM('1st Qtr'!C5, '2nd Qtr'!C5, '3rd Qtr'!C5, '4th Qtr'!C5) -> 168679 | D5: =SUM(Jan!D5, Feb!D5, Mar!D5) -> 0 | E5: =IF(AND(ISNUMBER(C5),ISNUMBER(D5)), C5-D5, "") -> 168679 | F5: =IFERROR(E5/D5, "") | G5: =SUM('1st Qtr'!G5, '2nd Qtr'!G5, '3rd Qtr'!G5, '4th Qtr'!G5) -> 0 | H5: =SUM('1st Qtr'!H5, '2nd Qtr'!H5, '3rd Qtr'!H5, '4th Qtr'!H5) -> 0 | I5: =IFERROR(H5/G5, "")

Sheet 1st Qtr
A1: {=portfolio} -> Walden Liberty | D1: 1st Quarter Actual v. Expected | G1: 1st Quarter Actual v. Forecasted
A2: Total | C2: =SUM(C4:C77) -> 211356 | D2: =SUM(D4:D77) -> 0 | E2: =C2-D2 -> 211356 | F2: =IFERROR(E2/D2, 0) -> 0 | G2: =SUM(G4:G77) -> 0 | H2: =C2-G2 -> 211356 | I2: =IFERROR(H2/G2, 0) -> 0
A3: Site | B3: State | C3: Actual | D3: Expected | E3: Delta | F3: % | G3: Forecasted | H3: Delta | I3: %
A4: {=Sites[Site]} -> CCC College | B4: {=Sites[State]} -> MA | C4: =SUM(Jan!C4, Feb!C4, Mar!C4) -> 185921 | D4: =SUM(Jan!D4, Feb!D4, Mar!D4) -> 0 | E4: =IF(AND(ISNUMBER(C4),ISNUMBER(D4)), C4-D4, "") -> 185921 | F4: =IFERROR(E4/D4, "") | G4: =SUM(Jan!G4, Feb!G4, Mar!G4) -> 0 | H4: =SUM(Jan!H4, Feb!H4, Mar!H4) -> 0 | I4: =IFERROR(H4/G4, "")
A5: Walden Liberty | B5: MA | C5: =SUM(Jan!C5, Feb!C5, Mar!C5) -> 25435 | D5: =SUM(Jan!D5, Feb!D5, Mar!D5) -> 0 | E5: =IF(AND(ISNUMBER(C5),ISNUMBER(D5)), C5-D5, "") -> 25435 | F5: =IFERROR(E5/D5, "") | G5: =SUM(Jan!G5, Feb!G5, Mar!G5) -> 0 | H5: =SUM(Jan!H5, Feb!H5, Mar!H5) -> 0 | I5: =IFERROR(H5/G5, "")

Sheet 2nd Qtr
A1: {=portfolio} -> Walden Liberty | D1: 2nd Quarter Actual v. Expected | G1: 2nd Quarter Actual v. Forecasted
A2: Total | C2: =SUM(C4:C77) -> 239307 | D2: =SUM(D4:D77) -> 0 | E2: =C2-D2 -> 239307 | F2: =IFERROR(E2/D2, 0) -> 0 | G2: =SUM(G4:G77) -> 0 | H2: =C2-G2 -> 239307 | I2: =IFERROR(H2/G2, 0) -> 0
A3: Site | B3: State | C3: Actual | D3: Expected | E3: Delta | F3: % | G3: Forecasted | H3: Delta | I3: %
A4: {=Sites[Site]} -> CCC College | B4: {=Sites[State]} -> MA | C4: =SUM(Apr!C4, May!C4, Jun!C4) -> 189288 | D4: =SUM(Apr!D4, May!D4, Jun!D4) -> 0 | E4: =IF(AND(ISNUMBER(C4),ISNUMBER(D4)), C4-D4, "") -> 189288 | F4: =IFERROR(E4/D4, "") | G4: =SUM(Apr!G4, May!G4, Jun!G4) -> 0 | H4: =SUM(Apr!H4, May!H4, Jun!H4) -> 0 | I4: =IFERROR(H4/G4, "")
A5: Walden Liberty | B5: MA | C5: =SUM(Apr!C5, May!C5, Jun!C5) -> 50019 | D5: =SUM(Apr!D5, May!D5, Jun!D5) -> 0 | E5: =IF(AND(ISNUMBER(C5),ISNUMBER(D5)), C5-D5, "") -> 50019 | F5: =IFERROR(E5/D5, "") | G5: =SUM(Apr!G5, May!G5, Jun!G5) -> 0 | H5: =SUM(Apr!H5, May!H5, Jun!H5) -> 0 | I5: =IFERROR(H5/G5, "")

Sheet 3rd Qtr
A1: {=portfolio} -> Walden Liberty | D1: 3rd Quarter Actual v. Expected | G1: 3rd Quarter Actual v. Forecasted
A2: Total | C2: =SUM(C4:C77) -> 265576 | D2: =SUM(D4:D77) -> 0 | E2: =C2-D2 -> 265576 | F2: =IFERROR(E2/D2, 0) -> 0 | G2: =SUM(G4:G77) -> 0 | H2: =C2-G2 -> 265576 | I2: =IFERROR(H2/G2, 0) -> 0
A3: Site | B3: State | C3: Actual | D3: Expected | E3: Delta | F3: % | G3: Forecasted | H3: Delta | I3: %
A4: {=Sites[Site]} -> CCC College | B4: {=Sites[State]} -> MA | C4: =SUM(Jul!C4, Aug!C4, Sep!C4) -> 200937 | D4: =SUM(Jul!D4, Aug!D4, Sep!D4) -> 0 | E4: =IF(AND(ISNUMBER(C4),ISNUMBER(D4)), C4-D4, "") -> 200937 | F4: =IFERROR(E4/D4, "") | G4: =SUM(Jul!G4,Aug!G4,Sep!G4) -> 0 | H4: =SUM(Jul!H4, Aug!H4, Sep!H4) -> 0 | I4: =IFERROR(H4/G4, "")
A5: Walden Liberty | B5: MA | C5: =SUM(Jul!C5, Aug!C5, Sep!C5) -> 64639 | D5: =SUM(Jul!D5, Aug!D5, Sep!D5) -> 0 | E5: =IF(AND(ISNUMBER(C5),ISNUMBER(D5)), C5-D5, "") -> 64639 | F5: =IFERROR(E5/D5, "") | G5: =SUM(Jul!G5,Aug!G5,Sep!G5) -> 0 | H5: =SUM(Jul!H5, Aug!H5, Sep!H5) -> 0 | I5: =IFERROR(H5/G5, "")

Sheet 4th Qtr
A1: {=portfolio} -> Walden Liberty | D1: 4th Quarter Actual v. Expected | G1: 4th Quarter Actual v. Forecasted
A2: Total | C2: =SUM(C4:C77) -> 112583 | D2: =SUM(D4:D77) -> 0 | E2: =C2-D2 -> 112583 | F2: =IFERROR(E2/D2, 0) -> 0 | G2: =SUM(G4:G77) -> 0 | H2: =C2-G2 -> 112583 | I2: =IFERROR(H2/G2, 0) -> 0
A3: Site | B3: State | C3: Actual | D3: Expected | E3: Delta | F3: % | G3: Forecasted | H3: Delta | I3: %
A4: {=Sites[Site]} -> CCC College | B4: {=Sites[State]} -> MA | C4: =SUM(Oct!C4, Nov!C4, Dec!C4) -> 83997 | D4: =SUM(Oct!D4, Nov!D4, Dec!D4) -> 0 | E4: =IF(AND(ISNUMBER(C4),ISNUMBER(D4)), C4-D4, "") -> 83997 | F4: =IFERROR(E4/D4, "") | G4: =SUM(Oct!G4,Nov!G4,Dec!G4) -> 0 | H4: =SUM(Oct!H4, Nov!H4, Dec!H4) -> 0 | I4: =IFERROR(H4/G4, "")
A5: Walden Liberty | B5: MA | C5: =SUM(Oct!C5, Nov!C5, Dec!C5) -> 28586 | D5: =SUM(Oct!D5, Nov!D5, Dec!D5) -> 0 | E5: =IF(AND(ISNUMBER(C5),ISNUMBER(D5)), C5-D5, "") -> 28586 | F5: =IFERROR(E5/D5, "") | G5: =SUM(Oct!G5,Nov!G5,Dec!G5) -> 0 | H5: =SUM(Oct!H5, Nov!H5, Dec!H5) -> 0 | I5: =IFERROR(H5/G5, "")

Sheet Jan
A1: {=portfolio} -> Walden Liberty | D1: January Actual v. Expected | G1: January Actual v. Forecasted
A2: Total | C2: =SUM(C4:C76) -> 60390 | D2: =SUM(D4:D76) -> 0 | E2: =C2-D2 -> 60390 | F2: =IFERROR(E2/D2, 0) -> 0 | G2: =SUM(G4:G76) -> 0 | H2: =C2-G2 -> 60390 | I2: =IFERROR(H2/G2, 0) -> 0 | J2: =IF(AND(TODAY()>DATE(2024, 1, 1), COUNTA(Sites[Site])<>(COUNT(C:C)-1)), "Some sites are missing actual data; if new sites were added, make sure they are aligned correctly (including prior months!)", "")
A3: Site | B3: State | C3: Actual | D3: Expected | E3: Delta | F3: % | G3: Forecasted | H3: Delta | I3: % | J3: Notes | K3: Service Requests
A4: {=Sites[Site]} -> CCC College | B4: {=Sites[State]} -> MA | C4: 53680 | D4: N/A | E4: =IF(AND(ISNUMBER(C4),ISNUMBER(D4)), C4-D4, "") | F4: =IFERROR(E4/D4, "") | G4: N/A | H4: =IF(AND(ISNUMBER(C4),ISNUMBER(G4)), C4-G4, "") | I4: =IFERROR(H4/G4, "")
A5: Walden Liberty | B5: MA | C5: 6710 | D5: N/A | E5: =IF(AND(ISNUMBER(C5),ISNUMBER(D5)), C5-D5, "") | F5: =IFERROR(E5/D5, "") | G5: N/A | H5: =IF(AND(ISNUMBER(C5),ISNUMBER(G5)), C5-G5, "") | I5: =IFERROR(H5/G5, "") | J5: 1. Inverter 1 is derating at 50KW approximetly 175KW down due to an fan issue since 07/22/24. | K5: 1. SR087933

Sheet Feb
A1: {=portfolio} -> Walden Liberty | D1: February Actual v. Expected | G1: February Actual v. Forecasted
A2: Total | C2: =SUM(C4:C77) -> 63301 | D2: =SUM(D4:D77) -> 0 | E2: =C2-D2 -> 63301 | F2: =IFERROR(E2/D2, 0) -> 0 | G2: =SUM(G4:G77) -> 0 | H2: =C2-G2 -> 63301 | I2: =IFERROR(H2/G2, 0) -> 0 | J2: =IF(AND(TODAY()>DATE(2024, 2, 1), COUNTA(Sites[Site])<>(COUNT(C:C)-1)), "Some sites are missing actual data; if new sites were added, make sure they are aligned correctly (including prior months!)", "")
A3: Site | B3: State | C3: Actual | D3: Expected | E3: Delta | F3: % | G3: Forecasted | H3: Delta | I3: % | J3: Notes | K3: Service Requests
A4: {=Sites[Site]} -> CCC College | B4: {=Sites[State]} -> MA | C4: 58205 | D4: N/A | E4: =IF(AND(ISNUMBER(C4),ISNUMBER(D4)), C4-D4, "") | F4: =IFERROR(E4/D4, "") | G4: N/A | H4: =IF(AND(ISNUMBER(C4),ISNUMBER(G4)), C4-G4, "") | I4: =IFERROR(H4/G4, "") | J4: 1.Inverters 2,3 were offline from 02/09 and back online on 02/13. | K4: 1.SR096625
A5: Walden Liberty | B5: MA | C5: 5096 | D5: N/A | E5: =IF(AND(ISNUMBER(C5),ISNUMBER(D5)), C5-D5, "") | F5: =IFERROR(E5/D5, "") | G5: N/A | H5: =IF(AND(ISNUMBER(C5),ISNUMBER(G5)), C5-G5, "") | I5: =IFERROR(H5/G5, "") | J5: 1. Inverter 1 is derating at 50KW approximetly 175KW down due to an fan issue since 07/22/24 | K5: 1. SR087933

Sheet Mar
A1: {=portfolio} -> Walden Liberty | D1: March Actual v. Expected | G1: March Actual v. Forecasted
A2: Total | C2: =SUM(C4:C77) -> 87665 | D2: =SUM(D4:D77) -> 0 | E2: =C2-D2 -> 87665 | F2: =IFERROR(E2/D2, 0) -> 0 | G2: =SUM(G4:G77) -> 0 | H2: =C2-G2 -> 87665 | I2: =IFERROR(H2/G2, 0) -> 0 | J2: =IF(AND(TODAY()>DATE(2024, 3, 1), COUNTA(Sites[Site])<>(COUNT(C:C)-1)), "Some sites are missing actual data; if new sites were added, make sure they are aligned correctly (including prior months!)", "")
A3: Site | B3: State | C3: Actual | D3: Expected | E3: Delta | F3: % | G3: Forecasted | H3: Delta | I3: % | J3: Notes | K3: Service Requests
A4: {=Sites[Site]} -> CCC College | B4: {=Sites[State]} -> MA | C4: 74036 | D4: N/A | E4: =IF(AND(ISNUMBER(C4),ISNUMBER(D4)), C4-D4, "") | F4: =IFERROR(E4/D4, "") | G4: N/A | H4: =IF(AND(ISNUMBER(C4),ISNUMBER(G4)), C4-G4, "") | I4: =IFERROR(H4/G4, "") | J4: 1.Inverter 2 tripped offline at 13:10 on 03/07 and back online on 03/08. | K4: 1.SR098289
A5: Walden Liberty | B5: MA | C5: 13629 | D5: N/A | E5: =IF(AND(ISNUMBER(C5),ISNUMBER(D5)), C5-D5, "") | F5: =IFERROR(E5/D5, "") | G5: N/A | H5: =IF(AND(ISNUMBER(C5),ISNUMBER(G5)), C5-G5, "") | I5: =IFERROR(H5/G5, "") | J5: 1. Inverter 1 is derating at 50KW approximetly 175KW down due to an fan issue since 07/22/24 | K5: 1. SR087933

Sheet Apr
A1: {=portfolio} -> Walden Liberty | D1: April Actual v. Expected | G1: April Actual v. Forecasted
A2: Total | C2: =SUM(C4:C77) -> 97567 | D2: =SUM(D4:D77) -> 0 | E2: =C2-D2 -> 97567 | F2: =IFERROR(E2/D2, 0) -> 0 | G2: =SUM(G4:G77) -> 0 | H2: =C2-G2 -> 97567 | I2: =IFERROR(H2/G2, 0) -> 0 | J2: =IF(AND(TODAY()>DATE(2024, 4, 1), COUNTA(Sites[Site])<>(COUNT(C:C)-1)), "Some sites are missing actual data; if new sites were added, make sure they are aligned correctly (including prior months!)", "")
A3: Site | B3: State | C3: Actual | D3: Expected | E3: Delta | F3: % | G3: Forecasted | H3: Delta | I3: % | J3: Notes | K3: Service Requests
A4: {=Sites[Site]} -> CCC College | B4: {=Sites[State]} -> MA | C4: 82658 | D4: N/A | E4: =IF(AND(ISNUMBER(C4),ISNUMBER(D4)), C4-D4, "") | F4: =IFERROR(E4/D4, "") | G4: N/A | H4: =IF(AND(ISNUMBER(C4),ISNUMBER(G4)), C4-G4, "") | I4: =IFERROR(H4/G4, "")
A5: Walden Liberty | B5: MA | C5: 14909 | D5: N/A | E5: =IF(AND(ISNUMBER(C5),ISNUMBER(D5)), C5-D5, "") | F5: =IFERROR(E5/D5, "") | G5: N/A | H5: =IF(AND(ISNUMBER(C5),ISNUMBER(G5)), C5-G5, "") | I5: =IFERROR(H5/G5, "") | J5: 1 Inverter 1 is derating at 50KW approximetly 175KW down due to an fan issue since 07/22/24 | K5: 1.SR087933

Sheet May
A1: {=portfolio} -> Walden Liberty | D1: May Actual v. Expected | G1: May Actual v. Forecasted
A2: Total | C2: =SUM(C4:C77) -> 79890 | D2: =SUM(D4:D77) -> 0 | E2: =C2-D2 -> 79890 | F2: =IFERROR(E2/D2, 0) -> 0 | G2: =SUM(G4:G77) -> 0 | H2: =C2-G2 -> 79890 | I2: =IFERROR(H2/G2, 0) -> 0 | J2: =IF(AND(TODAY()>DATE(2024, 5, 1), COUNTA(Sites[Site])<>(COUNT(C:C)-1)), "Some sites are missing actual data; if new sites were added, make sure they are aligned correctly (including prior months!)", "")
A3: Site | B3: State | C3: Actual | D3: Expected | E3: Delta | F3: % | G3: Forecasted | H3: Delta | I3: % | J3: Notes | K3: Service Requests
A4: {=Sites[Site]} -> CCC College | B4: {=Sites[State]} -> MA | C4: 64576 | D4: N/A | E4: =IF(AND(ISNUMBER(C4),ISNUMBER(D4)), C4-D4, "") | F4: =IFERROR(E4/D4, "") | G4: N/A | H4: =IF(AND(ISNUMBER(C4),ISNUMBER(G4)), C4-G4, "") | I4: =IFERROR(H4/G4, "") | J4: 1.Inverter 2 tripped offline at 15:45 on 05/16 and back online on 05/17 2.Inverter 1 was offline from 05/23 and remained offline for rest of the month | K4: 1.SR101608 2.SR101880 | L4: SR101880
A5: Walden Liberty | B5: MA | C5: 15314 | D5: N/A | E5: =IF(AND(ISNUMBER(C5),ISNUMBER(D5)), C5-D5, "") | F5: =IFERROR(E5/D5, "") | G5: N/A | H5: =IF(AND(ISNUMBER(C5),ISNUMBER(G5)), C5-G5, "") | I5: =IFERROR(H5/G5, "") | J5: 1.Inverter 1 is derating at 50KW approximetly 175KW down due to an fan issue since 07/22/24 | K5: 1.SR087933

Sheet Jun
A1: {=portfolio} -> Walden Liberty | D1: June Actual v. Expected | G1: June Actual v. Forecasted
A2: Total | C2: =SUM(C4:C77) -> 61850 | D2: =SUM(D4:D77) -> 0 | E2: =C2-D2 -> 61850 | F2: =IFERROR(E2/D2, 0) -> 0 | G2: =SUM(G4:G77) -> 0 | H2: =C2-G2 -> 61850 | I2: =IFERROR(H2/G2, 0) -> 0 | J2: =IF(AND(TODAY()>DATE(2024, 6, 1), COUNTA(Sites[Site])<>(COUNT(C:C)-1)), "Some sites are missing actual data; if new sites were added, make sure they are aligned correctly (including prior months!)", "")
A3: Site | B3: State | C3: Actual | D3: Expected | E3: Delta | F3: % | G3: Forecasted | H3: Delta | I3: % | J3: Notes | K3: Service Requests
A4: {=Sites[Site]} -> CCC College | B4: {=Sites[State]} -> MA | C4: 42054 | D4: N/A | E4: =IF(AND(ISNUMBER(C4),ISNUMBER(D4)), C4-D4, "") | F4: =IFERROR(E4/D4, "") | G4: N/A | H4: =IF(AND(ISNUMBER(C4),ISNUMBER(G4)), C4-G4, "") | I4: =IFERROR(H4/G4, "") | J4: 1. Inverter 1 was offline from 05/23 and came back online at 11:45 on 06/18. | K4: 1. SR101880
A5: Walden Liberty | B5: MA | C5: 19796 | D5: N/A | E5: =IF(AND(ISNUMBER(C5),ISNUMBER(D5)), C5-D5, "") | F5: =IFERROR(E5/D5, "") | G5: N/A | H5: =IF(AND(ISNUMBER(C5),ISNUMBER(G5)), C5-G5, "") | I5: =IFERROR(H5/G5, "") | J5: 1.Inverter 1 is derating at 50KW approximetly 175KW down due to an fan issue since 06/22/24 2. Inverter 1 tripped offline at 14:30 on 06/07 and came back online at 19:05 on the same day. 3. The site was offline from 05:00 to 12:00 on 06/25. | K5: 1. SR087933 2. SR102652 3. SR103516 | L5: SR102652 | M5: SR103516

Sheet Jul
A1: {=portfolio} -> Walden Liberty | D1: July Actual v. Expected | G1: July Actual v. Forecasted
A2: Total | C2: =SUM(C4:C77) -> 103226 | D2: =SUM(D4:D77) -> 0 | E2: =C2-D2 -> 103226 | F2: =IFERROR(E2/D2, 0) -> 0 | G2: =SUM(G4:G77) -> 0 | H2: =C2-G2 -> 103226 | I2: =IFERROR(H2/G2, 0) -> 0 | J2: =IF(AND(TODAY()>DATE(2024, 7, 1), COUNTA(Sites[Site])<>(COUNT(C:C)-1)), "Some sites are missing actual data; if new sites were added, make sure they are aligned correctly (including prior months!)", "")
A3: Site | B3: State | C3: Actual | D3: Expected | E3: Delta | F3: % | G3: Forecasted | H3: Delta | I3: % | J3: Notes | K3: Service Requests
A4: {=Sites[Site]} -> CCC College | B4: {=Sites[State]} -> MA | C4: 80054 | D4: N/A | E4: =IF(AND(ISNUMBER(C4),ISNUMBER(D4)), C4-D4, "") | F4: =IFERROR(E4/D4, "") | G4: N/A | H4: =IF(AND(ISNUMBER(C4),ISNUMBER(G4)), C4-G4, "") | I4: =IFERROR(H4/G4, "") | J4: 1.- Inverter 2 and meter 2 was stoppedcommunicating at 12:20PM on 07/03. Inverter 2 and meter 2 resumed communicating at 14:20 on 07/18 2. Inverter 1 is derating at 340kW from 06/18 after replacing fuses | K4: 1.SR104010 2.SR106453
A5: Walden Liberty | B5: MA | C5: 23172 | D5: N/A | E5: =IF(AND(ISNUMBER(C5),ISNUMBER(D5)), C5-D5, "") | F5: =IFERROR(E5/D5, "") | G5: N/A | H5: =IF(AND(ISNUMBER(C5),ISNUMBER(G5)), C5-G5, "") | I5: =IFERROR(H5/G5, "") | J5: 1.Inverter 1 is derating at 50KW approximetly 175KW down due to an fan issue since 06/22/24 | K5: 1. SR087933

Sheet Aug
A1: {=portfolio} -> Walden Liberty | D1: August Actual v. Expected | G1: August Actual v. Forecasted
A2: Total | C2: =SUM(C4:C77) -> 112582 | D2: =SUM(D4:D77) -> 0 | E2: =C2-D2 -> 112582 | F2: =IFERROR(E2/D2, 0) -> 0 | G2: =SUM(G4:G77) -> 0 | H2: =C2-G2 -> 112582 | I2: =IFERROR(H2/G2, 0) -> 0 | J2: =IF(AND(TODAY()>DATE(2024, 8, 1), COUNTA(Sites[Site])<>(COUNT(C:C)-1)), "Some sites are missing actual data; if new sites were added, make sure they are aligned correctly (including prior months!)", "")
A3: Site | B3: State | C3: Actual | D3: Expected | E3: Delta | F3: % | G3: Forecasted | H3: Delta | I3: % | J3: Notes | K3: Service Requests | L3: status
A4: {=Sites[Site]} -> CCC College | B4: {=Sites[State]} -> MA | C4: 88930 | D4: N/A | E4: =IF(AND(ISNUMBER(C4),ISNUMBER(D4)), C4-D4, "") | F4: =IFERROR(E4/D4, "") | G4: N/A | H4: =IF(AND(ISNUMBER(C4),ISNUMBER(G4)), C4-G4, "") | I4: =IFERROR(H4/G4, "") | J4: 1. Inverter 1 is derating at 340kW from 06/18 after replacing fuses | K4: 1. SR106453 | L4: 1.closed
A5: Walden Liberty | B5: MA | C5: 23652 | D5: N/A | E5: =IF(AND(ISNUMBER(C5),ISNUMBER(D5)), C5-D5, "") | F5: =IFERROR(E5/D5, "") | G5: N/A | H5: =IF(AND(ISNUMBER(C5),ISNUMBER(G5)), C5-G5, "") | I5: =IFERROR(H5/G5, "") | J5: 1.Inverter 1 is derating at 50KW approximetly 175KW down due to an fan issue since 06/22/24 2.Inverter tripped offline at 12:00 on 08/24 and it came back olnine on 08/25 | K5: 1.SR087933 2. SR089494 | L5: 1.Pending 2.Closed

Sheet Sep
A1: {=portfolio} -> Walden Liberty | D1: September Actual v. Expected | G1: September Actual v. Forecasted
A2: Total | C2: =SUM(C4:C77) -> 49768 | D2: =SUM(D4:D77) -> 0 | E2: =C2-D2 -> 49768 | F2: =IFERROR(E2/D2, 0) -> 0 | G2: =SUM(G4:G77) -> 0 | H2: =C2-G2 -> 49768 | I2: =IFERROR(H2/G2, 0) -> 0 | J2: =IF(AND(TODAY()>DATE(2024, 9, 1), COUNTA(Sites[Site])<>(COUNT(C:C)-1)), "Some sites are missing actual data; if new sites were added, make sure they are aligned correctly (including prior months!)", "")
A3: Site | B3: State | C3: Actual | D3: Expected | E3: Delta | F3: % | G3: Forecasted | H3: Delta | I3: % | J3: Notes | K3: Service Requests | L3: status
A4: {=Sites[Site]} -> CCC College | B4: {=Sites[State]} -> MA | C4: 31953 | D4: N/A | E4: =IF(AND(ISNUMBER(C4),ISNUMBER(D4)), C4-D4, "") | F4: =IFERROR(E4/D4, "") | G4: N/A | H4: =IF(AND(ISNUMBER(C4),ISNUMBER(G4)), C4-G4, "") | I4: =IFERROR(H4/G4, "") | J4: 1. Inverter 1 is producing and communicating as expected from 09/23 | K4: 1.SR106453 | L4: 1.Closed
A5: Walden Liberty | B5: MA | C5: 17815 | D5: N/A | E5: =IF(AND(ISNUMBER(C5),ISNUMBER(D5)), C5-D5, "") | F5: =IFERROR(E5/D5, "") | G5: N/A | H5: =IF(AND(ISNUMBER(C5),ISNUMBER(G5)), C5-G5, "") | I5: =IFERROR(H5/G5, "") | J5: 1.Inverter 1 is derating at 50KW approximetly 175KW down due to an fan issue since 06/22/24 | K5: 1.SR087933 | L5: 1.Pending

Sheet Oct
A1: {=portfolio} -> Walden Liberty | D1: October Actual v. Expected | G1: October Actual v. Forecasted
A2: Total | C2: =SUM(C4:C77) -> 74665 | D2: =SUM(D4:D77) -> 0 | E2: =C2-D2 -> 74665 | F2: =IFERROR(E2/D2, 0) -> 0 | G2: =SUM(G4:G77) -> 0 | H2: =C2-G2 -> 74665 | I2: =IFERROR(H2/G2, 0) -> 0 | J2: =IF(AND(TODAY()>DATE(2024, 10, 1), COUNTA(Sites[Site])<>(COUNT(C:C)-1)), "Some sites are missing actual data; if new sites were added, make sure they are aligned correctly (including prior months!)", "")
A3: Site | B3: State | C3: Actual | D3: Expected | E3: Delta | F3: % | G3: Forecasted | H3: Delta | I3: % | J3: Notes | K3: Service Requests | L3: Status
A4: {=Sites[Site]} -> CCC College | B4: {=Sites[State]} -> MA | C4: 60971 | D4: N/A | E4: =IF(AND(ISNUMBER(C4),ISNUMBER(D4)), C4-D4, "") | F4: =IFERROR(E4/D4, "") | G4: N/A | H4: =IF(AND(ISNUMBER(C4),ISNUMBER(G4)), C4-G4, "") | I4: =IFERROR(H4/G4, "")
A5: Walden Liberty | B5: MA | C5: 13694 | D5: N/A | E5: =IF(AND(ISNUMBER(C5),ISNUMBER(D5)), C5-D5, "") | F5: =IFERROR(E5/D5, "") | G5: N/A | H5: =IF(AND(ISNUMBER(C5),ISNUMBER(G5)), C5-G5, "") | I5: =IFERROR(H5/G5, "") | J5: 1.Inverter 1 is derating at 50KW approximetly 175KW down due to an fan issue since 06/22/24 2.Inverter tripped offline at 12:00 on 10/12 and later back online on 10/13 | K5: 1.SR087933 2.SR109400 | L5: 1.Pending 2.Closed | M5: SR109400

Sheet Nov
A1: {=portfolio} -> Walden Liberty | D1: November Actual v. Expected | G1: November Actual v. Forecasted
A2: Total | C2: =SUM(C4:C77) -> 29096 | D2: =SUM(D4:D77) -> 0 | E2: =C2-D2 -> 29096 | F2: =IFERROR(E2/D2, 0) -> 0 | G2: =SUM(G4:G77) -> 0 | H2: =C2-G2 -> 29096 | I2: =IFERROR(H2/G2, 0) -> 0 | J2: =IF(AND(TODAY()>DATE(2024, 11, 1), COUNTA(Sites[Site])<>(COUNT(C:C)-1)), "Some sites are missing actual data; if new sites were added, make sure they are aligned correctly (including prior months!)", "")
A3: Site | B3: State | C3: Actual | D3: Expected | E3: Delta | F3: % | G3: Forecasted | H3: Delta | I3: % | J3: Notes | K3: Service Requests | L3: Status
A4: {=Sites[Site]} -> CCC College | B4: {=Sites[State]} -> MA | C4: 20307 | D4: N/A | E4: =IF(AND(ISNUMBER(C4),ISNUMBER(D4)), C4-D4, "") | F4: =IFERROR(E4/D4, "") | G4: N/A | H4: =IF(AND(ISNUMBER(C4),ISNUMBER(G4)), C4-G4, "") | I4: =IFERROR(H4/G4, "") | J4: 1. Inverter 1 is offline from 11/11 and offline for whole month | K4: 1.SR110889 | L4: 1.Pending
A5: Walden Liberty | B5: MA | C5: 8789 | D5: N/A | E5: =IF(AND(ISNUMBER(C5),ISNUMBER(D5)), C5-D5, "") | F5: =IFERROR(E5/D5, "") | G5: N/A | H5: =IF(AND(ISNUMBER(C5),ISNUMBER(G5)), C5-G5, "") | I5: =IFERROR(H5/G5, "") | J5: 1.Inverter 1 is derating at 50KW approximetly 175KW down due to an fan issue since 06/22/24 | K5: 1.SR087933 | L5: 1.Pending

Sheet Dec
A1: {=portfolio} -> Walden Liberty | D1: December Actual v. Expected | G1: December Actual v. Forecasted
A2: Total | C2: =SUM(C4:C77) -> 8822 | D2: =SUM(D4:D77) -> 0 | E2: =C2-D2 -> 8822 | F2: =IFERROR(E2/D2, 0) -> 0 | G2: =SUM(G4:G77) -> 0 | H2: =C2-G2 -> 8822 | I2: =IFERROR(H2/G2, 0) -> 0 | J2: =IF(AND(TODAY()>DATE(2024, 12, 1), COUNTA(Sites[Site])<>(COUNT(C:C)-1)), "Some sites are missing actual data; if new sites were added, make sure they are aligned correctly (including prior months!)", "")
A3: Site | B3: State | C3: Actual | D3: Expected | E3: Delta | F3: % | G3: Forecasted | H3: Delta | I3: % | J3: Notes | K3: Service Requests | L3: Status
A4: {=Sites[Site]} -> CCC College | B4: {=Sites[State]} -> MA | C4: 2719 | D4: N/A | E4: =IF(AND(ISNUMBER(C4),ISNUMBER(D4)), C4-D4, "") | F4: =IFERROR(E4/D4, "") | G4: N/A | H4: =IF(AND(ISNUMBER(C4),ISNUMBER(G4)), C4-G4, "") | I4: =IFERROR(H4/G4, "") | J4: 1. Inverter 1 is offline from 11/11 and offline for whole month. | K4: 1. SR110889 | L4: 1. Pending
A5: Walden Liberty | B5: MA | C5: 6103 | D5: N/A | E5: =IF(AND(ISNUMBER(C5),ISNUMBER(D5)), C5-D5, "") | F5: =IFERROR(E5/D5, "") | G5: N/A | H5: =IF(AND(ISNUMBER(C5),ISNUMBER(G5)), C5-G5, "") | I5: =IFERROR(H5/G5, "") | J5: 1.Inverter 1 is derating at 50KW approximetly 175KW down due to an fan issue since 06/22/24 | K5: 1. SR087933 | L5: 1. Pending

Sheet Sites
A1: Portfolio: | B1: Walden Liberty
A3: Site DAS Name | B3: Site | C3: State | D3: Update | E3: DAS
A4: Cape Cod Community College | B4: CCC College | C4: MA | D4: A | E4: SolrenView
A5: Walden Liberty Solar LLC | B5: Walden Liberty | C5: MA | D5: A | E5: SolrenView
