Workbook
Name JanActual: #REF!
Name JanActual2: #REF!
Name JanExpected: #REF!
Name JanExpectedDelta: #REF!
Name JanExpectedPercent: #REF!
Name JanExpPercent: #REF!
Name JanForecasted: #REF!
Name JanForecastedDelta: #REF!
Name JanForecastedPercent: #REF!
Name portfolio: Sites!$B$1:$B$1
Name Year: Sites!#REF!

Sheet Weather Data

Sheet Littlefield Solar YTD
A1: {=portfolio} -> Walden Renewables Dev't LLC | C1: Year to Date Actual v. Expected | F1: Year to Date Actual v. Forecasted
A2: Total
A3: Site | B3: Actual | C3: Expected | D3: Delta | E3: % | F3: Forecasted | G3: Delta | H3: %
A4: {=Sites[Site]} -> ME: Wells - Littlefield Solar | B4: =SUM('1st Qtr'!C4, '2nd Qtr'!C4, '3rd Qtr'!C4, '4th Qtr'!C4) -> 7540426 | C4: =SUM('1st Qtr'!D4, '2nd Qtr'!D4, '3rd Qtr'!D4, '4th Qtr'!D4) -> 8669483.3 | D4: =IF(AND(ISNUMBER(B4),ISNUMBER(C4)), B4-C4, "") -> -1129057.3 | E4: =IFERROR(D4/C4, "") -> -0.13023351 | F4: =SUM('1st Qtr'!G4,'2nd Qtr'!G4,'3rd Qtr'!G4,'4th Qtr'!G4) -> 7895778.2 | G4: =SUM('1st Qtr'!H4, '2nd Qtr'!H4, '3rd Qtr'!H4, '4th Qtr'!H4) -> -355352.25 | H4: =IFERROR(G4/F4, "") -> -0.045005348
A8: January | B8: 306430 | C8: 560571.1 | D8: =IF(AND(ISNUMBER(B8),ISNUMBER(C8)), B8-C8, "") -> -254141.1 | E8: =IFERROR(D8/C8, "") -> -0.45336105 | F8: 342243.7 | G8: =IF(AND(ISNUMBER(B8),ISNUMBER(F8)), B8-F8, "") -> -35813.7 | H8: =IFERROR(G8/F8, "") -> -0.10464385 | I8: 1.Low generation due to weather/snow.
A9: February | B9: 219588 | C9: 601103.2 | D9: =IF(AND(ISNUMBER(B9),ISNUMBER(C9)), B9-C9, "") -> -381515.2 | E9: =IFERROR(D9/C9, "") -> -0.63469168 | F9: 451211.3 | G9: =IF(AND(ISNUMBER(B9),ISNUMBER(F9)), B9-F9, "") -> -231623.3 | H9: =IFERROR(G9/F9, "") -> -0.51333666 | I9: 1.Inverter 33 tripped offline at 11:45AM on 02/11. Technician found an alarm and cleared it. The inverterwas back online at 13:30 on 02/12. 2.Inverter 10 tripped offline at 12:00 PM on 02/25 due to an arc fault. It came back online at 9:45 AM on 02/26 after the technician cleared the grid unlock alarm by logging into the DAS. | J9: 1.SR096699 2.SR097781 | K9: SR097781
A10: March | B10: 681384 | C10: 701424.14 | D10: =IF(AND(ISNUMBER(B10),ISNUMBER(C10)), B10-C10, "") -> -20040.143 | E10: =IFERROR(D10/C10, "") -> -0.028570649 | F10: 701755.12 | G10: =IF(AND(ISNUMBER(B10),ISNUMBER(F10)), B10-F10, "") -> -20371.12 | H10: =IFERROR(G10/F10, "") -> -0.029028816 | I10: 1. Inverter 32 did not start production due to Insolation resistance fault on 03/17 technician noted water pooling on the ground and inverter back online at 10:00 on 03/18. 2. Inverter 32 started late for the production at 13:00 on 03/31 | J10: 1.SR098664 2.SR099174
A11: April | B11: 799664 | C11: 805747.81 | D11: =IF(AND(ISNUMBER(B11),ISNUMBER(C11)), B11-C11, "") -> -6083.811 | E11: =IFERROR(D11/C11, "") -> -0.0075505151 | F11: 783489.13 | G11: =IF(AND(ISNUMBER(B11),ISNUMBER(F11)), B11-F11, "") -> 16174.87 | H11: =IFERROR(G11/F11, "") -> 0.020644664 | I11: 1. Inverter 32 started late for the production at 12:00pm on 04/22 due to "Alarm E34 - Insulation fault". Technician was dispatched to the site to replace the 4 solar modules on 04/25. And again inverte 32 tripped offline from 06:00 to 15:00 on 04/26. | J11: 1.SR099174
A12: May | B12: 748850 | C12: 748674.5 | D12: =IF(AND(ISNUMBER(B12),ISNUMBER(C12)), B12-C12, "") -> 175.501 | E12: =IFERROR(D12/C12, "") -> 0.00023441562 | F12: 895247.98 | G12: =IF(AND(ISNUMBER(B12),ISNUMBER(F12)), B12-F12, "") -> -146397.98 | H12: =IFERROR(G12/F12, "") -> -0.16352785 | I12: 1. Inverter 32 started late for the production on 05/04, 05/18, 05/20 and 05/31 due to "Alarm E34 - Insulation fault". | J12: 1. SR099174
A13: June | B13: 868100 | C13: 885732.2 | D13: =IF(AND(ISNUMBER(B13),ISNUMBER(C13)), B13-C13, "") -> -17632.198 | E13: =IFERROR(D13/C13, "") -> -0.019906918 | F13: 877072.6 | G13: =IF(AND(ISNUMBER(B13),ISNUMBER(F13)), B13-F13, "") -> -8972.6 | H13: =IFERROR(G13/F13, "") -> -0.010230168 | I13: 1.Inverter 32 started late for the production on 06/06 , 06/07 , 06/10 ,06/18 , 06/29 2. Inverter 20 was tripped offline multiple days | J13: 1. SR099174 2. SR103744 | K13: SR103744
A14: July | B14: 926000 | C14: 960073.57 | D14: =IF(AND(ISNUMBER(B14),ISNUMBER(C14)), B14-C14, "") -> -34073.573 | E14: =IFERROR(D14/C14, "") -> -0.035490585 | F14: 932088.42 | G14: =IF(AND(ISNUMBER(B14),ISNUMBER(F14)), B14-F14, "") -> -6088.42 | H14: =IFERROR(G14/F14, "") -> -0.0065320198 | I14: 1. Site was offline at 9:15am on 07/01 due to utility outage and later utility power has been restored and back online at 13:00 on same day. 2. Invert 39 has tripped offline at 7:00am on 07/13 and later back online at 9:30am on 07/14 3. Inverter 20 tripped offline at 09:15am on 07/01 and reporting Alarm E34 - Insulation later back online at 11:15 on 07/14. Inverter 20 string 14 connector replaced. String 11 causing a ground fault, left unplugged. | J14: 1. SR103827 2. SR104365 3. SR104443, SR104568, SR103827, SR103744, SR105336 | K14: SR104365 | L14: SR104443 | M14: SR104568 | N14: SR103827 | O14: SR103744 | P14: SR105336
A15: August | B15: 985740 | C15: 1030575 | D15: =IF(AND(ISNUMBER(B15),ISNUMBER(C15)), B15-C15, "") -> -44835 | E15: =IFERROR(D15/C15, "") -> -0.04350484 | F15: 897662.9 | G15: =IF(AND(ISNUMBER(B15),ISNUMBER(F15)), B15-F15, "") -> 88077.1 | H15: =IFERROR(G15/F15, "") -> 0.098118236 | I15: 1.Inverter 32 started for production at 11:15 on 08/30 | J15: 1. SR107227
A16: September | B16: 820410 | C16: 865136.63 | D16: =IF(AND(ISNUMBER(B16),ISNUMBER(C16)), B16-C16, "") -> -44726.63 | E16: =IFERROR(D16/C16, "") -> -0.051698921 | F16: 738211.14 | G16: =IF(AND(ISNUMBER(B16),ISNUMBER(F16)), B16-F16, "") -> 82198.86 | H16: =IFERROR(G16/F16, "") -> 0.11134871
A17: October | B17: 634550 | C17: 681943.02 | D17: =IF(AND(ISNUMBER(B17),ISNUMBER(C17)), B17-C17, "") -> -47393.016 | E17: =IFERROR(D17/C17, "") -> -0.069497033 | F17: 562223.76 | G17: =IF(AND(ISNUMBER(B17),ISNUMBER(F17)), B17-F17, "") -> 72326.24 | H17: =IFERROR(G17/F17, "") -> 0.12864316 | I17: 1.Inverter 31 is derating at 83kW from 10/09 and later resolved by replacing the fan on 10/17 | J17: 1.SR109268 | K17: 1.Closed
A18: November | B18: 347050 | C18: 445930 | D18: =IF(AND(ISNUMBER(B18),ISNUMBER(C18)), B18-C18, "") -> -98880 | E18: =IFERROR(D18/C18, "") -> -0.22173884 | F18: 437000 | G18: =IF(AND(ISNUMBER(B18),ISNUMBER(F18)), B18-F18, "") -> -89950 | H18: =IFERROR(G18/F18, "") -> -0.20583524 | I18: 1. All inverters have heavy seasonal shading in the afternoon hours. 2. Inverter 32 was offline from 06:00 to 10:00 on 11/26.

Sheet Year to Date
A1: {=portfolio} -> Walden Renewables Dev't LLC | D1: Year to Date Actual v. Expected | G1: Year to Date Actual v. Forecasted
A2: Total | C2: =SUM(C4:C60) -> 7540426 | D2: =SUM(D4:D60) -> 8669483.3 | E2: =C2-D2 -> -1129057.3 | F2: =IFERROR(E2/D2, 0) -> -0.13023351 | G2: =SUM(G4:G60) -> 7895778.2 | H2: =C2-G2 -> -355352.25 | I2: =IFERROR(H2/G2, 0) -> -0.045005348
A3: Site | B3: State | C3: Actual | D3: Expected | E3: Delta | F3: % | G3: Forecasted | H3: Delta | I3: %
A4: {=Sites[Site]} -> ME: Wells - Littlefield Solar | B4: {=Sites[State]} -> MAINE | C4: =SUM('1st Qtr'!C4, '2nd Qtr'!C4, '3rd Qtr'!C4, '4th Qtr'!C4) -> 7540426 | D4: =SUM('1st Qtr'!D4, '2nd Qtr'!D4, '3rd Qtr'!D4, '4th Qtr'!D4) -> 8669483.3 | E4: =IF(AND(ISNUMBER(C4),ISNUMBER(D4)), C4-D4, "") -> -1129057.3 | F4: =IFERROR(E4/D4, "") -> -0.13023351 | G4: =SUM('1st Qtr'!G4,'2nd Qtr'!G4,'3rd Qtr'!G4,'4th Qtr'!G4) -> 7895778.2 | H4: =SUM('1st Qtr'!H4, '2nd Qtr'!H4, '3rd Qtr'!H4, '4th Qtr'!H4) -> -355352.25 | I4: =IFERROR(H4/G4, "") -> -0.045005348

Sheet 1st Qtr
A1: {=portfolio} -> Walden Renewables Dev't LLC | D1: 1st Quarter Actual v. Expected | G1: 1st Quarter Actual v. Forecasted
A2: Total | C2: =SUM(C4:C68) -> 1207402 | D2: =SUM(D4:D68) -> 1863098.4 | E2: =C2-D2 -> -655696.44 | F2: =IFERROR(E2/D2, 0) -> -0.3519387 | G2: =SUM(G4:G68) -> 1495210.1 | H2: =C2-G2 -> -287808.12 | I2: =IFERROR(H2/G2, 0) -> -0.19248674
A3: Site | B3: State | C3: Actual | D3: Expected | E3: Delta | F3: % | G3: Forecasted | H3: Delta | I3: %
A4: {=Sites[Site]} -> ME: Wells - Littlefield Solar | B4: {=Sites[State]} -> MAINE | C4: =SUM(Jan!C4, Feb!C4, Mar!C4) -> 1207402 | D4: =SUM(Jan!D4, Feb!D4, Mar!D4) -> 1863098.4 | E4: =IF(AND(ISNUMBER(C4),ISNUMBER(D4)), C4-D4, "") -> -655696.44 | F4: =IFERROR(E4/D4, "") -> -0.3519387 | G4: =SUM(Jan!G4, Feb!G4, Mar!G4) -> 1495210.1 | H4: =SUM(Jan!H4, Feb!H4, Mar!H4) -> -287808.12 | I4: =IFERROR(H4/G4, "") -> -0.19248674

Sheet 2nd Qtr
A1: {=portfolio} -> Walden Renewables Dev't LLC | D1: 2nd Quarter Actual v. Expected | G1: 2nd Quarter Actual v. Forecasted
A2: Total | C2: =SUM(C4:C90) -> 2416614 | D2: =SUM(D4:D90) -> 2440154.5 | E2: =C2-D2 -> -23540.508 | F2: =IFERROR(E2/D2, 0) -> -0.0096471383 | G2: =SUM(G4:G90) -> 2555809.7 | H2: =C2-G2 -> -139195.71 | I2: =IFERROR(H2/G2, 0) -> -0.05446247
A3: Site | B3: State | C3: Actual | D3: Expected | E3: Delta | F3: % | G3: Forecasted | H3: Delta | I3: %
A4: {=Sites[Site]} -> ME: Wells - Littlefield Solar | B4: {=Sites[State]} -> MAINE | C4: =SUM(Apr!C4, May!C4, Jun!C4) -> 2416614 | D4: =SUM(Apr!D4, May!D4, Jun!D4) -> 2440154.5 | E4: =IF(AND(ISNUMBER(C4),ISNUMBER(D4)), C4-D4, "") -> -23540.508 | F4: =IFERROR(E4/D4, "") -> -0.0096471383 | G4: =SUM(Apr!G4,May!G4,Jun!G4) -> 2555809.7 | H4: =SUM(Apr!H4, May!H4, Jun!H4) -> -139195.71 | I4: =IFERROR(H4/G4, "") -> -0.05446247

Sheet 3rd Qtr
A1: {=portfolio} -> Walden Renewables Dev't LLC | D1: 3rd Quarter Actual v. Expected | G1: 3rd Quarter Actual v. Forecasted
A2: Total | C2: =SUM(C4:C89) -> 2732150 | D2: =SUM(D4:D89) -> 2855785.2 | E2: =C2-D2 -> -123635.2 | F2: =IFERROR(E2/D2, 0) -> -0.043292893 | G2: =SUM(G4:G89) -> 2567962.5 | H2: =C2-G2 -> 164187.54 | I2: =IFERROR(H2/G2, 0) -> 0.063936893
A3: Site | B3: State | C3: Actual | D3: Expected | E3: Delta | F3: % | G3: Forecasted | H3: Delta | I3: %
A4: {=Sites[Site]} -> ME: Wells - Littlefield Solar | B4: {=Sites[State]} -> MAINE | C4: =SUM(Jul!C4, Aug!C4, Sep!C4) -> 2732150 | D4: =SUM(Jul!D4, Aug!D4, Sep!D4) -> 2855785.2 | E4: =IF(AND(ISNUMBER(C4),ISNUMBER(D4)), C4-D4, "") -> -123635.2 | F4: =IFERROR(E4/D4, "") -> -0.043292893 | G4: =SUM(Jul!G4,Aug!G4,Sep!G4) -> 2567962.5 | H4: =SUM(Jul!H4, Aug!H4, Sep!H4) -> 164187.54 | I4: =IFERROR(H4/G4, "") -> 0.063936893

Sheet 4th Qtr
A1: {=portfolio} -> Walden Renewables Dev't LLC | D1: 4th Quarter Actual v. Expected | G1: 4th Quarter Actual v. Forecasted
A2: Total | C2: =SUM(C4:C89) -> 1184260 | D2: =SUM(D4:D89) -> 1510445.1 | E2: =C2-D2 -> -326185.1 | F2: =IFERROR(E2/D2, 0) -> -0.21595297 | G2: =SUM(G4:G89) -> 1276796 | H2: =C2-G2 -> -92535.959 | I2: =IFERROR(H2/G2, 0) -> -0.072475135
A3: Site | B3: State | C3: Actual | D3: Expected | E3: Delta | F3: % | G3: Forecasted | H3: Delta | I3: %
A4: {=Sites[Site]} -> ME: Wells - Littlefield Solar | B4: {=Sites[State]} -> MAINE | C4: =SUM(Oct!C4, Nov!C4, Dec!C4) -> 1184260 | D4: =SUM(Oct!D4, Nov!D4, Dec!D4) -> 1510445.1 | E4: =IF(AND(ISNUMBER(C4),ISNUMBER(D4)), C4-D4, "") -> -326185.1 | F4: =IFERROR(E4/D4, "") -> -0.21595297 | G4: =SUM(Oct!G4,Nov!G4,Dec!G4) -> 1276796 | H4: =SUM(Oct!H4, Nov!H4, Dec!H4) -> -92535.959 | I4: =IFERROR(H4/G4, "") -> -0.072475135

Sheet Jan
A1: {=portfolio} -> Walden Renewables Dev't LLC | D1: January Actual v. Expected | G1: January Actual v. Forecasted
A2: Total | C2: =SUM(C4:C89) -> 306430 | D2: =SUM(D4:D89) -> 560571.1 | E2: =C2-D2 -> -254141.1 | F2: =IFERROR(E2/D2, 0) -> -0.45336105 | G2: =SUM(G4:G89) -> 342243.7 | H2: =C2-G2 -> -35813.7 | I2: =IFERROR(H2/G2, 0) -> -0.10464385
A3: Site | B3: State | C3: Actual | D3: Expected | E3: Delta | F3: % | G3: Forecasted | H3: Delta | I3: % | J3: Notes | K3: Service Requests
A4: {=Sites[Site]} -> ME: Wells - Littlefield Solar | B4: {=Sites[State]} -> MAINE | C4: 306430 | D4: 560571.1 | E4: =IF(AND(ISNUMBER(C4),ISNUMBER(D4)), C4-D4, "") -> -254141.1 | F4: =IFERROR(E4/D4, "") -> -0.45336105 | G4: 342243.7 | H4: =IF(AND(ISNUMBER(C4),ISNUMBER(G4)), C4-G4, "") -> -35813.7 | I4: =IFERROR(H4/G4, "") -> -0.10464385 | J4: 1.Low generation due to weather/snow.
E5: =IF(AND(ISNUMBER(C5),ISNUMBER(D5)), C5-D5, "") | F5: =IFERROR(E5/D5, "") | H5: =IF(AND(ISNUMBER(C5),ISNUMBER(G5)), C5-G5, "") | I5: =IFERROR(H5/G5, "")
E6: =IF(AND(ISNUMBER(C6),ISNUMBER(D6)), C6-D6, "") | F6: =IFERROR(E6/D6, "") | H6: =IF(AND(ISNUMBER(C6),ISNUMBER(G6)), C6-G6, "") | I6: =IFERROR(H6/G6, "")

Sheet Feb
A1: {=portfolio} -> Walden Renewables Dev't LLC | D1: February Actual v. Expected | G1: February Actual v. Forecasted
A2: Total | C2: =SUM(C4:C85) -> 219588 | D2: =SUM(D4:D85) -> 601103.2 | E2: =C2-D2 -> -381515.2 | F2: =IFERROR(E2/D2, 0) -> -0.63469168 | G2: =SUM(G4:G85) -> 451211.3 | H2: =C2-G2 -> -231623.3 | I2: =IFERROR(H2/G2, 0) -> -0.51333666 | J2: =IF(AND(TODAY()>DATE(2024, 2, 1), COUNTA(Sites[Site])<>(COUNT(C:C)-1)), "Some sites are missing actual data; if new sites were added, make sure they are aligned correctly (including prior months!)", "")
A3: Site | B3: State | C3: Actual | D3: Expected | E3: Delta | F3: % | G3: Forecasted | H3: Delta | I3: % | J3: Notes | K3: Service Requests
A4: {=Sites[Site]} -> ME: Wells - Littlefield Solar | B4: {=Sites[State]} -> MAINE | C4: 219588 | D4: 601103.2 | E4: =IF(AND(ISNUMBER(C4),ISNUMBER(D4)), C4-D4, "") -> -381515.2 | F4: =IFERROR(E4/D4, "") -> -0.63469168 | G4: 451211.3 | H4: =IF(AND(ISNUMBER(C4),ISNUMBER(G4)), C4-G4, "") -> -231623.3 | I4: =IFERROR(H4/G4, "") -> -0.51333666 | J4: 1.Inverter 33 tripped offline at 11:45AM on 02/11. Technician found an alarm and cleared it. The inverterwas back online at 13:30 on 02/12. 2.Inverter 10 tripped offline at 12:00 PM on 02/25 due to an arc fault. It came back online at 9:45 AM on 02/26 after the technician cleared the grid unlock alarm by logging into the DAS. | K4: 1.SR096699 2.SR097781 | L4: SR097781

Sheet Mar
A1: {=portfolio} -> Walden Renewables Dev't LLC | D1: March Actual v. Expected | G1: March Actual v. Forecasted
A2: Total | C2: =SUM(C4:C90) -> 681384 | D2: =SUM(D4:D90) -> 701424.14 | E2: =C2-D2 -> -20040.143 | F2: =IFERROR(E2/D2, 0) -> -0.028570649 | G2: =SUM(G4:G90) -> 701755.12 | H2: =C2-G2 -> -20371.12 | I2: =IFERROR(H2/G2, 0) -> -0.029028816 | J2: =IF(AND(TODAY()>DATE(2024, 3, 1), COUNTA(Sites[Site])<>(COUNT(C:C)-1)), "Some sites are missing actual data; if new sites were added, make sure they are aligned correctly (including prior months!)", "")
A3: Site | B3: State | C3: Actual | D3: Expected | E3: Delta | F3: % | G3: Forecasted | H3: Delta | I3: % | J3: Notes | K3: Service Requests
A4: {=Sites[Site]} -> ME: Wells - Littlefield Solar | B4: {=Sites[State]} -> MAINE | C4: 681384 | D4: 701424.14 | E4: =IF(AND(ISNUMBER(C4),ISNUMBER(D4)), C4-D4, "") -> -20040.143 | F4: =IFERROR(E4/D4, "") -> -0.028570649 | G4: 701755.12 | H4: =IF(AND(ISNUMBER(C4),ISNUMBER(G4)), C4-G4, "") -> -20371.12 | I4: =IFERROR(H4/G4, "") -> -0.029028816 | J4: 1. Inverter 32 did not start production due to Insolation resistance fault on 03/17 technician noted water pooling on the ground and inverter back online at 10:00 on 03/18. 2. Inverter 32 started late for the production at 13:00 on 03/31 | K4: 1.SR098664 2.SR099174
E5: =IF(AND(ISNUMBER(C5),ISNUMBER(D5)), C5-D5, "") | F5: =IFERROR(E5/D5, "") | H5: =IF(AND(ISNUMBER(C5),ISNUMBER(G5)), C5-G5, "") | I5: =IFERROR(H5/G5, "")

Sheet Apr
A1: {=portfolio} -> Walden Renewables Dev't LLC | D1: April Actual v. Expected | G1: April Actual v. Forecasted
A2: Total | C2: =SUM(C4:C90) -> 799664 | D2: =SUM(D4:D90) -> 805747.81 | E2: =C2-D2 -> -6083.811 | F2: =IFERROR(E2/D2, 0) -> -0.0075505151 | G2: =SUM(G4:G90) -> 783489.13 | H2: =C2-G2 -> 16174.87 | I2: =IFERROR(H2/G2, 0) -> 0.020644664 | J2: =IF(AND(TODAY()>DATE(2024, 4, 1), COUNTA(Sites[Site])<>(COUNT(C:C)-1)), "Some sites are missing actual data; if new sites were added, make sure they are aligned correctly (including prior months!)", "")
A3: Site | B3: State | C3: Actual | D3: Expected | E3: Delta | F3: % | G3: Forecasted | H3: Delta | I3: % | J3: Notes | K3: Service Requests
A4: {=Sites[Site]} -> ME: Wells - Littlefield Solar | B4: {=Sites[State]} -> MAINE | C4: 799664 | D4: 805747.81 | E4: =IF(AND(ISNUMBER(C4),ISNUMBER(D4)), C4-D4, "") -> -6083.811 | F4: =IFERROR(E4/D4, "") -> -0.0075505151 | G4: 783489.13 | H4: =IF(AND(ISNUMBER(C4),ISNUMBER(G4)), C4-G4, "") -> 16174.87 | I4: =IFERROR(H4/G4, "") -> 0.020644664 | J4: 1. Inverter 32 started late for the production at 12:00pm on 04/22 due to "Alarm E34 - Insulation fault". Technician was dispatched to the site to replace the 4 solar modules on 04/25. And again inverte 32 tripped offline from 06:00 to 15:00 on 04/26. | K4: 1.SR099174
E5: =IF(AND(ISNUMBER(C5),ISNUMBER(D5)), C5-D5, "") | F5: =IFERROR(E5/D5, "") | H5: =IF(AND(ISNUMBER(C5),ISNUMBER(G5)), C5-G5, "") | I5: =IFERROR(H5/G5, "")

Sheet May
A1: {=portfolio} -> Walden Renewables Dev't LLC | D1: May Actual v. Expected | G1: May Actual v. Forecasted
A2: Total | C2: =SUM(C4:C90) -> 748850 | D2: =SUM(D4:D90) -> 748674.5 | E2: =C2-D2 -> 175.501 | F2: =IFERROR(E2/D2, 0) -> 0.00023441562 | G2: =SUM(G4:G90) -> 895247.98 | H2: =C2-G2 -> -146397.98 | I2: =IFERROR(H2/G2, 0) -> -0.16352785 | J2: =IF(AND(TODAY()>DATE(2024, 5, 1), COUNTA(Sites[Site])<>(COUNT(C:C)-1)), "Some sites are missing actual data; if new sites were added, make sure they are aligned correctly (including prior months!)", "")
A3: Site | B3: State | C3: Actual | D3: Expected | E3: Delta | F3: % | G3: Forecasted | H3: Delta | I3: % | J3: Notes | K3: Service Requests
A4: {=Sites[Site]} -> ME: Wells - Littlefield Solar | B4: {=Sites[State]} -> MAINE | C4: 748850 | D4: 748674.5 | E4: =IF(AND(ISNUMBER(C4),ISNUMBER(D4)), C4-D4, "") -> 175.501 | F4: =IFERROR(E4/D4, "") -> 0.00023441562 | G4: 895247.98 | H4: =IF(AND(ISNUMBER(C4),ISNUMBER(G4)), C4-G4, "") -> -146397.98 | I4: =IFERROR(H4/G4, "") -> -0.16352785 | J4: 1. Inverter 32 started late for the production on 05/04, 05/18, 05/20 and 05/31 due to "Alarm E34 - Insulation fault". | K4: 1. SR099174
E5: =IF(AND(ISNUMBER(C5),ISNUMBER(D5)), C5-D5, "") | F5: =IFERROR(E5/D5, "") | H5: =IF(AND(ISNUMBER(C5),ISNUMBER(G5)), C5-G5, "") | I5: =IFERROR(H5/G5, "")

Sheet Jun
A1: {=portfolio} -> Walden Renewables Dev't LLC | D1: June Actual v. Expected | G1: June Actual v. Forecasted
A2: Total | C2: =SUM(C4:C90) -> 868100 | D2: =SUM(D4:D90) -> 885732.2 | E2: =C2-D2 -> -17632.198 | F2: =IFERROR(E2/D2, 0) -> -0.019906918 | G2: =SUM(G4:G90) -> 877072.6 | H2: =C2-G2 -> -8972.6 | I2: =IFERROR(H2/G2, 0) -> -0.010230168 | J2: =IF(AND(TODAY()>DATE(2024, 6, 1), COUNTA(Sites[Site])<>(COUNT(C:C)-1)), "Some sites are missing actual data; if new sites were added, make sure they are aligned correctly (including prior months!)", "")
A3: Site | B3: State | C3: Actual | D3: Expected | E3: Delta | F3: % | G3: Forecasted | H3: Delta | I3: % | J3: Notes | K3: Service Requests
A4: {=Sites[Site]} -> ME: Wells - Littlefield Solar | B4: {=Sites[State]} -> MAINE | C4: 868100 | D4: 885732.2 | E4: =IF(AND(ISNUMBER(C4),ISNUMBER(D4)), C4-D4, "") -> -17632.198 | F4: =IFERROR(E4/D4, "") -> -0.019906918 | G4: 877072.6 | H4: =IF(AND(ISNUMBER(C4),ISNUMBER(G4)), C4-G4, "") -> -8972.6 | I4: =IFERROR(H4/G4, "") -> -0.010230168 | J4: 1.Inverter 32 started late for the production on 06/06 , 06/07 , 06/10 ,06/18 , 06/29 2. Inverter 20 was tripped offline multiple days | K4: 1. SR099174 2. SR103744 | L4: SR103744
E5: =IF(AND(ISNUMBER(C5),ISNUMBER(D5)), C5-D5, "") | F5: =IFERROR(E5/D5, "") | H5: =IF(AND(ISNUMBER(C5),ISNUMBER(G5)), C5-G5, "") | I5: =IFERROR(H5/G5, "")

Sheet Jul
A1: {=portfolio} -> Walden Renewables Dev't LLC | D1: July Actual v. Expected | G1: July Actual v. Forecasted
A2: Total | C2: =SUM(C4:C90) -> 926000 | D2: =SUM(D4:D90) -> 960073.57 | E2: =C2-D2 -> -34073.573 | F2: =IFERROR(E2/D2, 0) -> -0.035490585 | G2: =SUM(G4:G90) -> 932088.42 | H2: =C2-G2 -> -6088.42 | I2: =IFERROR(H2/G2, 0) -> -0.0065320198 | J2: =IF(AND(TODAY()>DATE(2024, 7, 1), COUNTA(Sites[Site])<>(COUNT(C:C)-1)), "Some sites are missing actual data; if new sites were added, make sure they are aligned correctly (including prior months!)", "")
A3: Site | B3: State | C3: Actual | D3: Expected | E3: Delta | F3: % | G3: Forecasted | H3: Delta | I3: % | J3: Notes | K3: Service Requests
A4: {=Sites[Site]} -> ME: Wells - Littlefield Solar | B4: {=Sites[State]} -> MAINE | C4: 926000 | D4: 960073.57 | E4: =IF(AND(ISNUMBER(C4),ISNUMBER(D4)), C4-D4, "") -> -34073.573 | F4: =IFERROR(E4/D4, "") -> -0.035490585 | G4: 932088.42 | H4: =IF(AND(ISNUMBER(C4),ISNUMBER(G4)), C4-G4, "") -> -6088.42 | I4: =IFERROR(H4/G4, "") -> -0.0065320198 | J4: 1. Site was offline at 9:15am on 07/01 due to utility outage and later utility power has been restored and back online at 13:00 on same day. 2. Invert 39 has tripped offline at 7:00am on 07/13 and later back online at 9:30am on 07/14 3. Inverter 20 tripped offline at 09:15am on 07/01 and reporting Alarm E34 - Insulation later back online at 11:15 on 07/14. Inverter 20 string 14 connector replaced. String 11 causing a ground fault, left unplugged. | K4: 1. SR103827 2. SR104365 3. SR104443, SR104568, SR103827, SR103744, SR105336 | L4: SR104365 | M4: SR104443 | N4: SR104568 | O4: SR103827 | P4: SR103744 | Q4: SR105336
E5: =IF(AND(ISNUMBER(C5),ISNUMBER(D5)), C5-D5, "") | F5: =IFERROR(E5/D5, "") | H5: =IF(AND(ISNUMBER(C5),ISNUMBER(G5)), C5-G5, "") | I5: =IFERROR(H5/G5, "")
J10: s

Sheet Aug
A1: {=portfolio} -> Walden Renewables Dev't LLC | D1: August Actual v. Expected | G1: August Actual v. Forecasted
A2: Total | C2: =SUM(C4:C30) -> 985740 | D2: =SUM(D4:D30) -> 1030575 | E2: =C2-D2 -> -44835 | F2: =IFERROR(E2/D2, 0) -> -0.04350484 | G2: =SUM(G4:G30) -> 897662.9 | H2: =C2-G2 -> 88077.1 | I2: =IFERROR(H2/G2, 0) -> 0.098118236 | J2: =IF(AND(TODAY()>DATE(2024, 8, 1), COUNTA(Sites[Site])<>(COUNT(C:C)-1)), "Some sites are missing actual data; if new sites were added, make sure they are aligned correctly (including prior months!)", "")
A3: Site | B3: State | C3: Actual | D3: Expected | E3: Delta | F3: % | G3: Forecasted | H3: Delta | I3: % | J3: Notes | K3: Service Requests
A4: {=Sites[Site]} -> ME: Wells - Littlefield Solar | B4: {=Sites[State]} -> MAINE | C4: 985740 | D4: 1030575 | E4: =IF(AND(ISNUMBER(C4),ISNUMBER(D4)), C4-D4, "") -> -44835 | F4: =IFERROR(E4/D4, "") -> -0.04350484 | G4: 897662.9 | H4: =IF(AND(ISNUMBER(C4),ISNUMBER(G4)), C4-G4, "") -> 88077.1 | I4: =IFERROR(H4/G4, "") -> 0.098118236 | J4: 1.Inverter 32 started for production at 11:15 on 08/30 | K4: 1. SR107227

Sheet Sep
A1: {=portfolio} -> Walden Renewables Dev't LLC | D1: September Actual v. Expected | G1: September Actual v. Forecasted
A2: Total | C2: =SUM(C4:C90) -> 820410 | D2: =SUM(D4:D90) -> 865136.63 | E2: =C2-D2 -> -44726.63 | F2: =IFERROR(E2/D2, 0) -> -0.051698921 | G2: =SUM(G4:G90) -> 738211.14 | H2: =C2-G2 -> 82198.86 | I2: =IFERROR(H2/G2, 0) -> 0.11134871 | J2: =IF(AND(TODAY()>DATE(2024, 9, 1), COUNTA(Sites[Site])<>(COUNT(C:C)-1)), "Some sites are missing actual data; if new sites were added, make sure they are aligned correctly (including prior months!)", "")
A3: Site | B3: State | C3: Actual | D3: Expected | E3: Delta | F3: % | G3: Forecasted | H3: Delta | I3: % | J3: Notes | K3: Service Requests
A4: {=Sites[Site]} -> ME: Wells - Littlefield Solar | B4: {=Sites[State]} -> MAINE | C4: 820410 | D4: 865136.63 | E4: =IF(AND(ISNUMBER(C4),ISNUMBER(D4)), C4-D4, "") -> -44726.63 | F4: =IFERROR(E4/D4, "") -> -0.051698921 | G4: 738211.14 | H4: =IF(AND(ISNUMBER(C4),ISNUMBER(G4)), C4-G4, "") -> 82198.86 | I4: =IFERROR(H4/G4, "") -> 0.11134871
E5: =IF(AND(ISNUMBER(C5),ISNUMBER(D5)), C5-D5, "") | F5: =IFERROR(E5/D5, "") | H5: =IF(AND(ISNUMBER(C5),ISNUMBER(G5)), C5-G5, "") | I5: =IFERROR(H5/G5, "")

Sheet Oct
A1: {=portfolio} -> Walden Renewables Dev't LLC | D1: October Actual v. Expected | G1: October Actual v. Forecasted
A2: Total | C2: =SUM(C4:C90) -> 634550 | D2: =SUM(D4:D90) -> 681943.02 | E2: =C2-D2 -> -47393.016 | F2: =IFERROR(E2/D2, 0) -> -0.069497033 | G2: =SUM(G4:G90) -> 562223.76 | H2: =C2-G2 -> 72326.24 | I2: =IFERROR(H2/G2, 0) -> 0.12864316 | J2: =IF(AND(TODAY()>DATE(2024, 10, 1), COUNTA(Sites[Site])<>(COUNT(C:C)-1)), "Some sites are missing actual data; if new sites were added, make sure they are aligned correctly (including prior months!)", "")
A3: Site | B3: State | C3: Actual | D3: Expected | E3: Delta | F3: % | G3: Forecasted | H3: Delta | I3: % | J3: Notes | K3: Service Requests | L3: Status
A4: {=Sites[Site]} -> ME: Wells - Littlefield Solar | B4: {=Sites[State]} -> MAINE | C4: 634550 | D4: 681943.02 | E4: =IF(AND(ISNUMBER(C4),ISNUMBER(D4)), C4-D4, "") -> -47393.016 | F4: =IFERROR(E4/D4, "") -> -0.069497033 | G4: 562223.76 | H4: =IF(AND(ISNUMBER(C4),ISNUMBER(G4)), C4-G4, "") -> 72326.24 | I4: =IFERROR(H4/G4, "") -> 0.12864316 | J4: 1.Inverter 31 is derating at 83kW from 10/09 and later resolved by replacing the fan on 10/17 | K4: 1.SR109268 | L4: 1.Closed
E5: =IF(AND(ISNUMBER(C5),ISNUMBER(D5)), C5-D5, "") | F5: =IFERROR(E5/D5, "") | H5: =IF(AND(ISNUMBER(C5),ISNUMBER(G5)), C5-G5, "") | I5: =IFERROR(H5/G5, "")

Sheet Nov
A1: {=portfolio} -> Walden Renewables Dev't LLC | D1: November Actual v. Expected | G1: November Actual v. Forecasted
A2: Total | C2: =SUM(C4:C90) -> 347050 | D2: =SUM(D4:D90) -> 445930 | E2: =C2-D2 -> -98880 | F2: =IFERROR(E2/D2, 0) -> -0.22173884 | G2: =SUM(G4:G90) -> 419856.12 | H2: =C2-G2 -> -72806.12 | I2: =IFERROR(H2/G2, 0) -> -0.17340731 | J2: =IF(AND(TODAY()>DATE(2024, 11, 1), COUNTA(Sites[Site])<>(COUNT(C:C)-1)), "Some sites are missing actual data; if new sites were added, make sure they are aligned correctly (including prior months!)", "")
A3: Site | B3: State | C3: Actual | D3: Expected | E3: Delta | F3: % | G3: Forecasted | H3: Delta | I3: % | J3: Notes | K3: Service Requests
A4: {=Sites[Site]} -> ME: Wells - Littlefield Solar | B4: {=Sites[State]} -> MAINE | C4: 347050 | D4: 445930 | E4: =IF(AND(ISNUMBER(C4),ISNUMBER(D4)), C4-D4, "") -> -98880 | F4: =IFERROR(E4/D4, "") -> -0.22173884 | G4: 419856.12 | H4: =IF(AND(ISNUMBER(C4),ISNUMBER(G4)), C4-G4, "") -> -72806.12 | I4: =IFERROR(H4/G4, "") -> -0.17340731 | J4: 1. All inverters have heavy seasonal shading in the afternoon hours. 2. Inverter 32 was offline from 06:00 to 10:00 on 11/26.
E5: =IF(AND(ISNUMBER(C5),ISNUMBER(D5)), C5-D5, "") | F5: =IFERROR(E5/D5, "") | H5: =IF(AND(ISNUMBER(C5),ISNUMBER(G5)), C5-G5, "") | I5: =IFERROR(H5/G5, "")

Sheet Dec
A1: {=portfolio} -> Walden Renewables Dev't LLC | D1: December Actual v. Expected | G1: December Actual v. Forecasted
A2: Total | C2: =SUM(C4:C90) -> 202660 | D2: =SUM(D4:D90) -> 382572.08 | E2: =C2-D2 -> -179912.08 | F2: =IFERROR(E2/D2, 0) -> -0.47026976 | G2: =SUM(G4:G90) -> 294716.08 | H2: =C2-G2 -> -92056.079 | I2: =IFERROR(H2/G2, 0) -> -0.31235513 | J2: =IF(AND(TODAY()>DATE(2024, 12, 1), COUNTA(Sites[Site])<>(COUNT(C:C)-1)), "Some sites are missing actual data; if new sites were added, make sure they are aligned correctly (including prior months!)", "")
A3: Site | B3: State | C3: Actual | D3: Expected | E3: Delta | F3: % | G3: Forecasted | H3: Delta | I3: % | J3: Notes | K3: Service Requests | L3: Status
A4: {=Sites[Site]} -> ME: Wells - Littlefield Solar | B4: {=Sites[State]} -> MAINE | C4: 202660 | D4: 382572.08 | E4: =IF(AND(ISNUMBER(C4),ISNUMBER(D4)), C4-D4, "") -> -179912.08 | F4: =IFERROR(E4/D4, "") -> -0.47026976 | G4: 294716.08 | H4: =IF(AND(ISNUMBER(C4),ISNUMBER(G4)), C4-G4, "") -> -92056.079 | I4: =IFERROR(H4/G4, "") -> -0.31235513 | J4: 1.Site was offline at 12:45 on 12/19 and later back online at 08:15 on 12/21 2.Tech found that there is significant morning shading and spliced cable tray circuitry that may be causing faults during weather events. | K4: 1.SR113330 2.SR114125 | L4: 1.Closed 2.New | M4: SR114125
E5: =IF(AND(ISNUMBER(C5),ISNUMBER(D5)), C5-D5, "") | F5: =IFERROR(E5/D5, "") | H5: =IF(AND(ISNUMBER(C5),ISNUMBER(G5)), C5-G5, "") | I5: =IFERROR(H5/G5, "")

Sheet Sites
A1: Portfolio: | B1: Walden Renewables Dev't LLC
A3: Site DAS Name | B3: Site | C3: State | D3: Update | E3: DAS
A4: Littlefield Solar | B4: ME: Wells - Littlefield Solar | C4: MAINE | D4: AEF | E4: PowerTrack
