Workbook
Name JanActual: #REF!
Name JanActual2: #REF!
Name JanExpected: #REF!
Name JanExpectedDelta: #REF!
Name JanExpectedPercent: #REF!
Name JanExpPercent: #REF!
Name JanForecasted: #REF!
Name JanForecastedDelta: #REF!
Name JanForecastedPercent: #REF!
Name portfolio: Sites!$B$1:$B$1
Name Year: Sites!#REF!

Sheet Year to Date
A1: {=portfolio} -> AB CarVal | D1: Year to Date Actual v. Expected | G1: Year to Date Actual v. Forecasted
A2: Total | C2: =SUM(C4:C60) -> 1720750 | D2: =SUM(D4:D60) -> 1715570.4 | E2: =C2-D2 -> 5179.5882 | F2: =IFERROR(E2/D2, 0) -> 0.0030191639 | G2: =SUM(G4:G60) -> 1199229.8 | H2: =C2-G2 -> 521520.22 | I2: =IFERROR(H2/G2, 0) -> 0.43487931
A3: Site | B3: State | C3: Actual | D3: Expected | E3: Delta | F3: % | G3: Forecasted | H3: Delta | I3: %
A4: {=Sites[Site]} -> MA: Fairhaven - 279 Mill Rd | B4: {=Sites[State]} -> MA | C4: =SUM('1st Qtr'!C4, '2nd Qtr'!C4, '3rd Qtr'!C4, '4th Qtr'!C4) -> 1720750 | D4: =SUM('1st Qtr'!D4, '2nd Qtr'!D4, '3rd Qtr'!D4, '4th Qtr'!D4) -> 1715570.4 | E4: =IF(AND(ISNUMBER(C4),ISNUMBER(D4)), C4-D4, "") -> 5179.5882 | F4: =IFERROR(E4/D4, "") -> 0.0030191639 | G4: =SUM('1st Qtr'!G4,'2nd Qtr'!G4,'3rd Qtr'!G4,'4th Qtr'!G4) -> 1199229.8 | H4: =SUM('1st Qtr'!H4, '2nd Qtr'!H4, '3rd Qtr'!H4, '4th Qtr'!H4) -> 521520.22 | I4: =IFERROR(H4/G4, "") -> 0.43487931
A5: Bakersfield - 100 Basic School Rd | B5: CA
A6: Fresno - 2685 Cornelia Ave | B6: CA
A7: San Juaquin - S. Placer & W. Adams | B7: CA

Sheet 1st Qtr
A1: {=portfolio} -> AB CarVal | D1: 1st Quarter Actual v. Expected | G1: 1st Quarter Actual v. Forecasted
A2: Total | C2: =SUM(C4:C68) -> 0 | D2: =SUM(D4:D68) -> 0 | E2: =C2-D2 -> 0 | F2: =IFERROR(E2/D2, 0) -> 0 | G2: =SUM(G4:G68) -> 0 | H2: =C2-G2 -> 0 | I2: =IFERROR(H2/G2, 0) -> 0
A3: Site | B3: State | C3: Actual | D3: Expected | E3: Delta | F3: % | G3: Forecasted | H3: Delta | I3: %
A4: {=Sites[Site]} -> MA: Fairhaven - 279 Mill Rd | B4: {=Sites[State]} -> MA | C4: =SUM(Jan!C4, Feb!C4, Mar!C4) -> 0 | D4: =SUM(Jan!D4, Feb!D4, Mar!D4) -> 0 | E4: =IF(AND(ISNUMBER(C4),ISNUMBER(D4)), C4-D4, "") -> 0 | F4: =IFERROR(E4/D4, "") | G4: =SUM(Jan!G4, Feb!G4, Mar!G4) -> 0 | H4: =SUM(Jan!H4, Feb!H4, Mar!H4) -> 0 | I4: =IFERROR(H4/G4, "")
A5: Bakersfield - 100 Basic School Rd | B5: CA
A6: Fresno - 2685 Cornelia Ave | B6: CA
A7: San Juaquin - S. Placer & W. Adams | B7: CA

Sheet 2nd Qtr
A1: {=portfolio} -> AB CarVal | D1: 2nd Quarter Actual v. Expected | G1: 2nd Quarter Actual v. Forecasted
A2: Total | C2: =SUM(C4:C90) -> 384286 | D2: =SUM(D4:D90) -> 411687 | E2: =C2-D2 -> -27401 | F2: =IFERROR(E2/D2, 0) -> -0.066557846 | G2: =SUM(G4:G90) -> 391768 | H2: =C2-G2 -> -7482 | I2: =IFERROR(H2/G2, 0) -> -0.019098038
A3: Site | B3: State | C3: Actual | D3: Expected | E3: Delta | F3: % | G3: Forecasted | H3: Delta | I3: %
A4: {=Sites[Site]} -> MA: Fairhaven - 279 Mill Rd | B4: {=Sites[State]} -> MA | C4: =SUM(Apr!C4, May!C4, Jun!C4) -> 384286 | D4: =SUM(Apr!D4, May!D4, Jun!D4) -> 411687 | E4: =IF(AND(ISNUMBER(C4),ISNUMBER(D4)), C4-D4, "") -> -27401 | F4: =IFERROR(E4/D4, "") -> -0.066557846 | G4: =SUM(Apr!G4+May!G4+Jun!G4) -> 391768 | H4: =SUM(Apr!H4, May!H4, Jun!H4) -> -7482 | I4: =IFERROR(H4/G4, "") -> -0.019098038
A5: Bakersfield - 100 Basic School Rd | B5: CA
A6: Fresno - 2685 Cornelia Ave | B6: CA
A7: San Juaquin - S. Placer & W. Adams | B7: CA

Sheet 3rd Qtr
A1: {=portfolio} -> AB CarVal | D1: 3rd Quarter Actual v. Expected | G1: 3rd Quarter Actual v. Forecasted
A2: Total | C2: =SUM(C4:C89) -> 6096294 | D2: =SUM(D4:D89) -> 6243430 | E2: =C2-D2 -> -147136.03 | F2: =IFERROR(E2/D2, 0) -> -0.023566537 | G2: =SUM(G4:G89) -> 5992142.8 | H2: =C2-G2 -> 104151.22 | I2: =IFERROR(H2/G2, 0) -> 0.017381298
A3: Site | B3: State | C3: Actual | D3: Expected | E3: Delta | F3: % | G3: Forecasted | H3: Delta | I3: %
A4: {=Sites[Site]} -> MA: Fairhaven - 279 Mill Rd | B4: {=Sites[State]} -> MA | C4: =SUM(Jul!C4, Aug!C4, Sep!C4) -> 1085530 | D4: =SUM(Jul!D4, Aug!D4, Sep!D4) -> 1082252.8 | E4: =IF(AND(ISNUMBER(C4),ISNUMBER(D4)), C4-D4, "") -> 3277.174 | F4: =IFERROR(E4/D4, "") -> 0.0030281039 | G4: =SUM(Jul!G4, Aug!G4, Sep!G4) -> 807461.78 | H4: =SUM(Jul!H4, Aug!H4, Sep!H4) -> 278068.22 | I4: =IFERROR(H4/G4, "") -> 0.34437323
A5: Bakersfield - 100 Basic School Rd | B5: CA | C5: =SUM(Jul!C5, Aug!C5, Sep!C5) -> 1315185 | D5: =SUM(Jul!D5, Aug!D5, Sep!D5) -> 1348439 | E5: =IF(AND(ISNUMBER(C5),ISNUMBER(D5)), C5-D5, "") -> -33254 | F5: =IFERROR(E5/D5, "") -> -0.024661108 | G5: =SUM(Jul!G5, Aug!G5, Sep!G5) -> 1343400 | H5: =SUM(Jul!H5, Aug!H5, Sep!H5) -> -28215 | I5: =IFERROR(H5/G5, "") -> -0.02100268
A6: Fresno - 2685 Cornelia Ave | B6: CA | C6: =SUM(Jul!C6, Aug!C6, Sep!C6) -> 2700894 | D6: =SUM(Jul!D6, Aug!D6, Sep!D6) -> 2850481 | E6: =IF(AND(ISNUMBER(C6),ISNUMBER(D6)), C6-D6, "") -> -149587 | F6: =IFERROR(E6/D6, "") -> -0.05247781 | G6: =SUM(Jul!G6, Aug!G6, Sep!G6) -> 2826542 | H6: =SUM(Jul!H6, Aug!H6, Sep!H6) -> -125648 | I6: =IFERROR(H6/G6, "") -> -0.044452904
A7: San Juaquin - S. Placer & W. Adams | B7: CA | C7: =SUM(Jul!C7, Aug!C7, Sep!C7) -> 994685 | D7: =SUM(Jul!D7, Aug!D7, Sep!D7) -> 962257.2 | E7: =IF(AND(ISNUMBER(C7),ISNUMBER(D7)), C7-D7, "") -> 32427.8 | F7: =IFERROR(E7/D7, "") -> 0.033699722 | G7: =SUM(Jul!G7, Aug!G7, Sep!G7) -> 1014739 | H7: =SUM(Jul!H7, Aug!H7, Sep!H7) -> -20054 | I7: =IFERROR(H7/G7, "") -> -0.019762717

Sheet 4th Qtr
A1: {=portfolio} -> AB CarVal | D1: 4th Quarter Actual v. Expected | G1: 4th Quarter Actual v. Forecasted
A2: Total | C2: =SUM(C4:C89) -> 250934 | D2: =SUM(D4:D89) -> 221630.59 | E2: =C2-D2 -> 29303.414 | F2: =IFERROR(E2/D2, 0) -> 0.13221737 | G2: =SUM(G4:G89) -> 0 | H2: =C2-G2 -> 250934 | I2: =IFERROR(H2/G2, 0) -> 0
A3: Site | B3: State | C3: Actual | D3: Expected | E3: Delta | F3: % | G3: Forecasted | H3: Delta | I3: %
A4: {=Sites[Site]} -> MA: Fairhaven - 279 Mill Rd | B4: {=Sites[State]} -> MA | C4: =SUM(Oct!C4, Nov!C4, Dec!C4) -> 250934 | D4: =SUM(Oct!D4, Nov!D4, Dec!D4) -> 221630.59 | E4: =IF(AND(ISNUMBER(C4),ISNUMBER(D4)), C4-D4, "") -> 29303.414 | F4: =IFERROR(E4/D4, "") -> 0.13221737 | H4: =SUM(Oct!H4, Nov!H4, Dec!H4) -> 250934 | I4: =IFERROR(H4/G4, "")
A5: Bakersfield - 100 Basic School Rd | B5: CA
A6: Fresno - 2685 Cornelia Ave | B6: CA
A7: San Juaquin - S. Placer & W. Adams | B7: CA

Sheet Jan
A1: {=portfolio} -> AB CarVal | D1: January Actual v. Expected | G1: January Actual v. Forecasted
A2: Total | C2: =SUM(C4:C89) -> 0 | D2: =SUM(D4:D89) -> 0 | E2: =C2-D2 -> 0 | F2: =IFERROR(E2/D2, 0) -> 0 | G2: =SUM(G4:G89) -> 0 | H2: =C2-G2 -> 0 | I2: =IFERROR(H2/G2, 0) -> 0 | J2: =IF(AND(TODAY()>DATE(2024, 1, 1), COUNTA(Sites[Site])<>(COUNT(C:C)-1)), "Some sites are missing actual data; if new sites were added, make sure they are aligned correctly (including prior months!)", "") -> Some sites are missing actual data; if new sites were added, make sure they are aligned correctly (including prior months!)
A3: Site | B3: State | C3: Actual | D3: Expected | E3: Delta | F3: % | G3: Forecasted | H3: Delta | I3: % | J3: Notes | K3: Service Requests
A4: {=Sites[Site]} -> MA: Fairhaven - 279 Mill Rd | B4: {=Sites[State]} -> MA | E4: =IF(AND(ISNUMBER(C4),ISNUMBER(D4)), C4-D4, "") | F4: =IFERROR(E4/D4, "") | H4: =IF(AND(ISNUMBER(C4),ISNUMBER(G4)), C4-G4, "") | I4: =IFERROR(H4/G4, "")
A5: Bakersfield - 100 Basic School Rd | B5: CA | E5: =IF(AND(ISNUMBER(C5),ISNUMBER(D5)), C5-D5, "") | F5: =IFERROR(E5/D5, "") | H5: =IF(AND(ISNUMBER(C5),ISNUMBER(G5)), C5-G5, "") | I5: =IFERROR(H5/G5, "")
A6: Fresno - 2685 Cornelia Ave | B6: CA | E6: =IF(AND(ISNUMBER(C6),ISNUMBER(D6)), C6-D6, "") | F6: =IFERROR(E6/D6, "") | H6: =IF(AND(ISNUMBER(C6),ISNUMBER(G6)), C6-G6, "") | I6: =IFERROR(H6/G6, "")
A7: San Juaquin - S. Placer & W. Adams | B7: CA

Sheet Feb
A1: {=portfolio} -> AB CarVal | D1: February Actual v. Expected | G1: February Actual v. Forecasted
A2: Total | C2: =SUM(C4:C85) -> 0 | D2: =SUM(D4:D85) -> 0 | E2: =C2-D2 -> 0 | F2: =IFERROR(E2/D2, 0) -> 0 | G2: =SUM(G4:G85) -> 0 | H2: =C2-G2 -> 0 | I2: =IFERROR(H2/G2, 0) -> 0 | J2: =IF(AND(TODAY()>DATE(2024, 2, 1), COUNTA(Sites[Site])<>(COUNT(C:C)-1)), "Some sites are missing actual data; if new sites were added, make sure they are aligned correctly (including prior months!)", "") -> Some sites are missing actual data; if new sites were added, make sure they are aligned correctly (including prior months!)
A3: Site | B3: State | C3: Actual | D3: Expected | E3: Delta | F3: % | G3: Forecasted | H3: Delta | I3: % | J3: Notes | K3: Service Requests
A4: {=Sites[Site]} -> MA: Fairhaven - 279 Mill Rd | B4: {=Sites[State]} -> MA | E4: =IF(AND(ISNUMBER(C4),ISNUMBER(D4)), C4-D4, "") | F4: =IFERROR(E4/D4, "") | H4: =IF(AND(ISNUMBER(C4),ISNUMBER(G4)), C4-G4, "") | I4: =IFERROR(H4/G4, "")
A5: Bakersfield - 100 Basic School Rd | B5: CA
A6: Fresno - 2685 Cornelia Ave | B6: CA
A7: San Juaquin - S. Placer & W. Adams | B7: CA

Sheet Mar
A1: {=portfolio} -> AB CarVal | D1: March Actual v. Expected | G1: March Actual v. Forecasted
A2: Total | C2: =SUM(C4:C90) -> 0 | D2: =SUM(D4:D90) -> 0 | E2: =C2-D2 -> 0 | F2: =IFERROR(E2/D2, 0) -> 0 | G2: =SUM(G4:G90) -> 0 | H2: =C2-G2 -> 0 | I2: =IFERROR(H2/G2, 0) -> 0 | J2: =IF(AND(TODAY()>DATE(2024, 3, 1), COUNTA(Sites[Site])<>(COUNT(C:C)-1)), "Some sites are missing actual data; if new sites were added, make sure they are aligned correctly (including prior months!)", "") -> Some sites are missing actual data; if new sites were added, make sure they are aligned correctly (including prior months!)
A3: Site | B3: State | C3: Actual | D3: Expected | E3: Delta | F3: % | G3: Forecasted | H3: Delta | I3: % | J3: Notes | K3: Service Requests
A4: {=Sites[Site]} -> MA: Fairhaven - 279 Mill Rd | B4: {=Sites[State]} -> MA | E4: =IF(AND(ISNUMBER(C4),ISNUMBER(D4)), C4-D4, "") | F4: =IFERROR(E4/D4, "") | H4: =IF(AND(ISNUMBER(C4),ISNUMBER(G4)), C4-G4, "") | I4: =IFERROR(H4/G4, "")
A5: Bakersfield - 100 Basic School Rd | B5: CA | E5: =IF(AND(ISNUMBER(C5),ISNUMBER(D5)), C5-D5, "") | F5: =IFERROR(E5/D5, "") | H5: =IF(AND(ISNUMBER(C5),ISNUMBER(G5)), C5-G5, "") | I5: =IFERROR(H5/G5, "")
A6: Fresno - 2685 Cornelia Ave | B6: CA
A7: San Juaquin - S. Placer & W. Adams | B7: CA

Sheet Apr
A1: {=portfolio} -> AB CarVal | D1: April Actual v. Expected | G1: April Actual v. Forecasted
A2: Total | C2: =SUM(C4:C90) -> 0 | D2: =SUM(D4:D90) -> 0 | E2: =C2-D2 -> 0 | F2: =IFERROR(E2/D2, 0) -> 0 | G2: =SUM(G4:G90) -> 0 | H2: =C2-G2 -> 0 | I2: =IFERROR(H2/G2, 0) -> 0 | J2: =IF(AND(TODAY()>DATE(2024, 4, 1), COUNTA(Sites[Site])<>(COUNT(C:C)-1)), "Some sites are missing actual data; if new sites were added, make sure they are aligned correctly (including prior months!)", "") -> Some sites are missing actual data; if new sites were added, make sure they are aligned correctly (including prior months!)
A3: Site | B3: State | C3: Actual | D3: Expected | E3: Delta | F3: % | G3: Forecasted | H3: Delta | I3: % | J3: Notes | K3: Service Requests
A4: {=Sites[Site]} -> MA: Fairhaven - 279 Mill Rd | B4: {=Sites[State]} -> MA | E4: =IF(AND(ISNUMBER(C4),ISNUMBER(D4)), C4-D4, "") | F4: =IFERROR(E4/D4, "") | H4: =IF(AND(ISNUMBER(C4),ISNUMBER(G4)), C4-G4, "") | I4: =IFERROR(H4/G4, "")
A5: Bakersfield - 100 Basic School Rd | B5: CA | E5: =IF(AND(ISNUMBER(C5),ISNUMBER(D5)), C5-D5, "") | F5: =IFERROR(E5/D5, "") | H5: =IF(AND(ISNUMBER(C5),ISNUMBER(G5)), C5-G5, "") | I5: =IFERROR(H5/G5, "")
A6: Fresno - 2685 Cornelia Ave | B6: CA
A7: San Juaquin - S. Placer & W. Adams | B7: CA

Sheet May
A1: {=portfolio} -> AB CarVal | D1: May Actual v. Expected | G1: May Actual v. Forecasted
A2: Total | C2: =SUM(C4:C90) -> 0 | D2: =SUM(D4:D90) -> 0 | E2: =C2-D2 -> 0 | F2: =IFERROR(E2/D2, 0) -> 0 | G2: =SUM(G4:G90) -> 0 | H2: =C2-G2 -> 0 | I2: =IFERROR(H2/G2, 0) -> 0 | J2: =IF(AND(TODAY()>DATE(2024, 5, 1), COUNTA(Sites[Site])<>(COUNT(C:C)-1)), "Some sites are missing actual data; if new sites were added, make sure they are aligned correctly (including prior months!)", "") -> Some sites are missing actual data; if new sites were added, make sure they are aligned correctly (including prior months!)
A3: Site | B3: State | C3: Actual | D3: Expected | E3: Delta | F3: % | G3: Forecasted | H3: Delta | I3: % | J3: Notes | K3: Service Requests
A4: {=Sites[Site]} -> MA: Fairhaven - 279 Mill Rd | B4: {=Sites[State]} -> MA | E4: =IF(AND(ISNUMBER(C4),ISNUMBER(D4)), C4-D4, "") | F4: =IFERROR(E4/D4, "") | H4: =IF(AND(ISNUMBER(C4),ISNUMBER(G4)), C4-G4, "") | I4: =IFERROR(H4/G4, "")
A5: Bakersfield - 100 Basic School Rd | B5: CA | E5: =IF(AND(ISNUMBER(C5),ISNUMBER(D5)), C5-D5, "") | F5: =IFERROR(E5/D5, "") | H5: =IF(AND(ISNUMBER(C5),ISNUMBER(G5)), C5-G5, "") | I5: =IFERROR(H5/G5, "")
A6: Fresno - 2685 Cornelia Ave | B6: CA
A7: San Juaquin - S. Placer & W. Adams | B7: CA

Sheet Jun
A1: {=portfolio} -> AB CarVal | D1: June Actual v. Expected | G1: June Actual v. Forecasted
A2: Total | C2: =SUM(C4:C90) -> 384286 | D2: =SUM(D4:D90) -> 411687 | E2: =C2-D2 -> -27401 | F2: =IFERROR(E2/D2, 0) -> -0.066557846 | G2: =SUM(G4:G90) -> 391768 | H2: =C2-G2 -> -7482 | I2: =IFERROR(H2/G2, 0) -> -0.019098038 | J2: =IF(AND(TODAY()>DATE(2024, 6, 1), COUNTA(Sites[Site])<>(COUNT(C:C)-1)), "Some sites are missing actual data; if new sites were added, make sure they are aligned correctly (including prior months!)", "") -> Some sites are missing actual data; if new sites were added, make sure they are aligned correctly (including prior months!)
A3: Site | B3: State | C3: Actual | D3: Expected | E3: Delta | F3: % | G3: Forecasted | H3: Delta | I3: % | J3: Notes | K3: Service Requests
A4: {=Sites[Site]} -> MA: Fairhaven - 279 Mill Rd | B4: {=Sites[State]} -> MA | C4: 384286 | D4: 411687 | E4: =IF(AND(ISNUMBER(C4),ISNUMBER(D4)), C4-D4, "") -> -27401 | F4: =IFERROR(E4/D4, "") -> -0.066557846 | G4: 391768 | H4: =IF(AND(ISNUMBER(C4),ISNUMBER(G4)), C4-G4, "") -> -7482 | I4: =IFERROR(H4/G4, "") -> -0.019098038
A5: Bakersfield - 100 Basic School Rd | B5: CA | E5: =IF(AND(ISNUMBER(C5),ISNUMBER(D5)), C5-D5, "") | F5: =IFERROR(E5/D5, "") | H5: =IF(AND(ISNUMBER(C5),ISNUMBER(G5)), C5-G5, "") | I5: =IFERROR(H5/G5, "")
A6: Fresno - 2685 Cornelia Ave | B6: CA
A7: San Juaquin - S. Placer & W. Adams | B7: CA

Sheet Jul
A1: {=portfolio} -> AB CarVal | D1: July Actual v. Expected | G1: July Actual v. Forecasted
A2: Total | C2: =SUM(C4:C90) -> 362724 | D2: =SUM(D4:D90) -> 372410 | E2: =C2-D2 -> -9686 | F2: =IFERROR(E2/D2, 0) -> -0.026008969 | G2: =SUM(G4:G90) -> 420082 | H2: =C2-G2 -> -57358 | I2: =IFERROR(H2/G2, 0) -> -0.13654001 | J2: =IF(AND(TODAY()>DATE(2024, 7, 1), COUNTA(Sites[Site])<>(COUNT(C:C)-1)), "Some sites are missing actual data; if new sites were added, make sure they are aligned correctly (including prior months!)", "") -> Some sites are missing actual data; if new sites were added, make sure they are aligned correctly (including prior months!)
A3: Site | B3: State | C3: Actual | D3: Expected | E3: Delta | F3: % | G3: Forecasted | H3: Delta | I3: % | J3: Notes | K3: Service Requests
A4: {=Sites[Site]} -> MA: Fairhaven - 279 Mill Rd | B4: {=Sites[State]} -> MA | C4: 362724 | D4: 372410 | E4: =IF(AND(ISNUMBER(C4),ISNUMBER(D4)), C4-D4, "") -> -9686 | F4: =IFERROR(E4/D4, "") -> -0.026008969 | G4: 420082 | H4: =IF(AND(ISNUMBER(C4),ISNUMBER(G4)), C4-G4, "") -> -57358 | I4: =IFERROR(H4/G4, "") -> -0.13654001 | J4: 1.Inverter 11 started production at mid off the day through out the month 2.Inverter 7 has starting production after 08:00AM | K4: 1.SR087760 2.SR088469
A5: Bakersfield - 100 Basic School Rd | B5: CA | E5: =IF(AND(ISNUMBER(C5),ISNUMBER(D5)), C5-D5, "") | F5: =IFERROR(E5/D5, "") | H5: =IF(AND(ISNUMBER(C5),ISNUMBER(G5)), C5-G5, "") | I5: =IFERROR(H5/G5, "")
A6: Fresno - 2685 Cornelia Ave | B6: CA
A7: San Juaquin - S. Placer & W. Adams | B7: CA

Sheet Aug
A1: {=portfolio} -> AB CarVal | D1: August Actual v. Expected | G1: August Actual v. Forecasted
A2: Total | C2: =SUM(C4:C30) -> 396125 | D2: =SUM(D4:D30) -> 392976.83 | E2: =C2-D2 -> 3148.174 | F2: =IFERROR(E2/D2, 0) -> 0.0080110933 | G2: =SUM(G4:G30) -> 387379.78 | H2: =C2-G2 -> 8745.22 | I2: =IFERROR(H2/G2, 0) -> 0.022575314 | J2: =IF(AND(TODAY()>DATE(2024, 8, 1), COUNTA(Sites[Site])<>(COUNT(C:C)-1)), "Some sites are missing actual data; if new sites were added, make sure they are aligned correctly (including prior months!)", "") -> Some sites are missing actual data; if new sites were added, make sure they are aligned correctly (including prior months!)
A3: Site | B3: State | C3: Actual | D3: Expected | E3: Delta | F3: % | G3: Forecasted | H3: Delta | I3: % | J3: Notes | K3: Service Requests
A4: {=Sites[Site]} -> MA: Fairhaven - 279 Mill Rd | B4: {=Sites[State]} -> MA | C4: 396125 | D4: 392976.83 | E4: =IF(AND(ISNUMBER(C4),ISNUMBER(D4)), C4-D4, "") -> 3148.174 | F4: =IFERROR(E4/D4, "") -> 0.0080110933 | G4: 387379.78 | H4: =IF(AND(ISNUMBER(C4),ISNUMBER(G4)), C4-G4, "") -> 8745.22 | I4: =IFERROR(H4/G4, "") -> 0.022575314 | J4: 1.Inverter 11 started production at mid off the day on 08/01. 2. Inverters 11 tripped offline on 08/15 at 05:20pm and back online on 08/21 at 09:50 3.Inverter 9 and 12 were underproducing approximately 20kW and back to normal production on 08/15 | K4: 1.SR087760 2.SR089142 3.SR089115
A5: Bakersfield - 100 Basic School Rd | B5: CA
A6: Fresno - 2685 Cornelia Ave | B6: CA
A7: San Juaquin - S. Placer & W. Adams | B7: CA

Sheet Sep
A1: {=portfolio} -> AB CarVal | D1: September Actual v. Expected | G1: September Actual v. Forecasted
A2: Total | C2: =SUM(C4:C90) -> 5337445 | D2: =SUM(D4:D90) -> 5478043.2 | E2: =C2-D2 -> -140598.2 | F2: =IFERROR(E2/D2, 0) -> -0.025665771 | G2: =SUM(G4:G90) -> 5184681 | H2: =C2-G2 -> 152764 | I2: =IFERROR(H2/G2, 0) -> 0.029464494 | J2: =IF(AND(TODAY()>DATE(2024, 9, 1), COUNTA(Sites[Site])<>(COUNT(C:C)-1)), "Some sites are missing actual data; if new sites were added, make sure they are aligned correctly (including prior months!)", "")
A3: Site | B3: State | C3: Actual | D3: Expected | E3: Delta | F3: % | G3: Forecasted | H3: Delta | I3: % | J3: Notes | K3: Service Requests
A4: {=Sites[Site]} -> MA: Fairhaven - 279 Mill Rd | B4: {=Sites[State]} -> MA | C4: 326681 | D4: 316866 | E4: =IF(AND(ISNUMBER(C4),ISNUMBER(D4)), C4-D4, "") -> 9815 | F4: =IFERROR(E4/D4, "") -> 0.030975239 | G4: 0 | H4: =IF(AND(ISNUMBER(C4),ISNUMBER(G4)), C4-G4, "") -> 326681 | I4: =IFERROR(H4/G4, "") | J4: 1.Site is offline from 7:50AM to 11:25AM on 09/03 2.Inverter 7 is offline from 09/20 and back online on 09/22 3.Forcated values is not avaible in the september but available till August | K4: 1.SR089845 2.SR091029
A5: Bakersfield - 100 Basic School Rd | B5: CA | C5: 1315185 | D5: 1348439 | E5: =IF(AND(ISNUMBER(C5),ISNUMBER(D5)), C5-D5, "") -> -33254 | F5: =IFERROR(E5/D5, "") -> -0.024661108 | G5: 1343400 | H5: =IF(AND(ISNUMBER(C5),ISNUMBER(G5)), C5-G5, "") -> -28215 | I5: =IFERROR(H5/G5, "") -> -0.02100268
A6: Fresno - 2685 Cornelia Ave | B6: CA | C6: 2700894 | D6: 2850481 | E6: =IF(AND(ISNUMBER(C6),ISNUMBER(D6)), C6-D6, "") -> -149587 | F6: =IFERROR(E6/D6, "") -> -0.05247781 | G6: 2826542 | H6: =IF(AND(ISNUMBER(C6),ISNUMBER(G6)), C6-G6, "") -> -125648 | I6: =IFERROR(H6/G6, "") -> -0.044452904
A7: San Juaquin - S. Placer & W. Adams | B7: CA | C7: 994685 | D7: 962257.2 | E7: =IF(AND(ISNUMBER(C7),ISNUMBER(D7)), C7-D7, "") -> 32427.8 | F7: =IFERROR(E7/D7, "") -> 0.033699722 | G7: 1014739 | H7: =IF(AND(ISNUMBER(C7),ISNUMBER(G7)), C7-G7, "") -> -20054 | I7: =IFERROR(H7/G7, "") -> -0.019762717

Sheet Oct
A1: {=portfolio} -> AB CarVal | D1: October Actual v. Expected | G1: October Actual v. Forecasted
A2: Total | C2: =SUM(C4:C90) -> 4208609 | D2: =SUM(D4:D90) -> 4422716.1 | E2: =C2-D2 -> -214107.09 | F2: =IFERROR(E2/D2, 0) -> -0.048410769 | G2: =SUM(G4:G90) -> 4030429.3 | H2: =C2-G2 -> 178179.7 | I2: =IFERROR(H2/G2, 0) -> 0.044208616 | J2: =IF(AND(TODAY()>DATE(2024, 10, 1), COUNTA(Sites[Site])<>(COUNT(C:C)-1)), "Some sites are missing actual data; if new sites were added, make sure they are aligned correctly (including prior months!)", "")
A3: Site | B3: State | C3: Actual | D3: Expected | E3: Delta | F3: % | G3: Forecasted | H3: Delta | I3: % | J3: Notes | K3: Service Requests
A4: {=Sites[Site]} -> MA: Fairhaven - 279 Mill Rd | B4: {=Sites[State]} -> MA | C4: 250934 | D4: 221630.59 | E4: =IF(AND(ISNUMBER(C4),ISNUMBER(D4)), C4-D4, "") -> 29303.414 | F4: =IFERROR(E4/D4, "") -> 0.13221737 | G4: 0 | H4: =IF(AND(ISNUMBER(C4),ISNUMBER(G4)), C4-G4, "") -> 250934 | I4: =IFERROR(H4/G4, "") | J4: 1.Inverter 4 is underperforming approximately 8kw, Inverter 9 is underperforming approximately 6kw, Inverter 11 is underperforming approximately 4kw and Inverter 16 is underperforming approximately 6kw. 2.Actual data has been caluculated from 10/08 since the data was not available before 10/08 in Power factors | K4: 1. SR092461, SR092761
A5: Bakersfield - 100 Basic School Rd | B5: CA | C5: 1120959 | D5: 1131274 | E5: =IF(AND(ISNUMBER(C5),ISNUMBER(D5)), C5-D5, "") -> -10315 | F5: =IFERROR(E5/D5, "") -> -0.0091180386 | G5: 1068564 | H5: =IF(AND(ISNUMBER(C5),ISNUMBER(G5)), C5-G5, "") -> 52395 | I5: =IFERROR(H5/G5, "") -> 0.049033095 | J5: 1. Inverter 2.5 tripped offline at 6:30 on 10/14/24 and came back online at 6:30 on 10/15/24. 2. Inverter 5 was being RMA'd from 10/29/24 | K5: 1. SR092123 2. SR092752
A6: Fresno - 2685 Cornelia Ave | B6: CA | C6: 2004344 | D6: 2208375 | E6: =IF(AND(ISNUMBER(C6),ISNUMBER(D6)), C6-D6, "") -> -204031 | F6: =IFERROR(E6/D6, "") -> -0.092389653 | G6: 2168728 | H6: =IF(AND(ISNUMBER(C6),ISNUMBER(G6)), C6-G6, "") -> -164384 | I6: =IFERROR(H6/G6, "") -> -0.075797426 | J6: 1.Tracker Controller 2 was struck, causing Inverter 2 to drop in production by approximately 1,600 kW from 10/09 to 10/15 2.Inverter 1 was delayed for its production on 10/13 due to a reverse branch over current fault and back online at 08:15 on 10/13 | K6: 1.SR091968 2.SR092111
A7: San Juaquin - S. Placer & W. Adams | B7: CA | C7: 832372 | D7: 861436.5 | E7: =IF(AND(ISNUMBER(C7),ISNUMBER(D7)), C7-D7, "") -> -29064.5 | F7: =IFERROR(E7/D7, "") -> -0.033739573 | G7: 793137.3 | H7: =IF(AND(ISNUMBER(C7),ISNUMBER(G7)), C7-G7, "") -> 39234.7 | I7: =IFERROR(H7/G7, "") -> 0.049467728 | J7: 1.The meter A phase CT is still underperforming by about 93 amps after CT replacements on 10/17/24, this could explain the 5% variance between the meter and Inverters | K7: 1.SR092199

Sheet Nov
A1: {=portfolio} -> AB CarVal | D1: November Actual v. Expected | G1: November Actual v. Forecasted
A2: Total | C2: =SUM(C4:C90) -> 0 | D2: =SUM(D4:D90) -> 0 | E2: =C2-D2 -> 0 | F2: =IFERROR(E2/D2, 0) -> 0 | G2: =SUM(G4:G90) -> 0 | H2: =C2-G2 -> 0 | I2: =IFERROR(H2/G2, 0) -> 0 | J2: =IF(AND(TODAY()>DATE(2024, 11, 1), COUNTA(Sites[Site])<>(COUNT(C:C)-1)), "Some sites are missing actual data; if new sites were added, make sure they are aligned correctly (including prior months!)", "") -> Some sites are missing actual data; if new sites were added, make sure they are aligned correctly (including prior months!)
A3: Site | B3: State | C3: Actual | D3: Expected | E3: Delta | F3: % | G3: Forecasted | H3: Delta | I3: % | J3: Notes | K3: Service Requests
A4: {=Sites[Site]} -> MA: Fairhaven - 279 Mill Rd | B4: {=Sites[State]} -> MA | E4: =IF(AND(ISNUMBER(C4),ISNUMBER(D4)), C4-D4, "") | F4: =IFERROR(E4/D4, "") | H4: =IF(AND(ISNUMBER(C4),ISNUMBER(G4)), C4-G4, "") | I4: =IFERROR(H4/G4, "")
A5: Bakersfield - 100 Basic School Rd | B5: CA | E5: =IF(AND(ISNUMBER(C5),ISNUMBER(D5)), C5-D5, "") | F5: =IFERROR(E5/D5, "") | H5: =IF(AND(ISNUMBER(C5),ISNUMBER(G5)), C5-G5, "") | I5: =IFERROR(H5/G5, "")
A6: Fresno - 2685 Cornelia Ave | B6: CA
A7: San Juaquin - S. Placer & W. Adams | B7: CA

Sheet Dec
A1: {=portfolio} -> AB CarVal | D1: December Actual v. Expected | G1: December Actual v. Forecasted
A2: Total | C2: =SUM(C4:C90) -> 0 | D2: =SUM(D4:D90) -> 0 | E2: =C2-D2 -> 0 | F2: =IFERROR(E2/D2, 0) -> 0 | G2: =SUM(G4:G90) -> 0 | H2: =C2-G2 -> 0 | I2: =IFERROR(H2/G2, 0) -> 0 | J2: =IF(AND(TODAY()>DATE(2024, 12, 1), COUNTA(Sites[Site])<>(COUNT(C:C)-1)), "Some sites are missing actual data; if new sites were added, make sure they are aligned correctly (including prior months!)", "") -> Some sites are missing actual data; if new sites were added, make sure they are aligned correctly (including prior months!)
A3: Site | B3: State | C3: Actual | D3: Expected | E3: Delta | F3: % | G3: Forecasted | H3: Delta | I3: % | J3: Notes | K3: Service Requests
A4: {=Sites[Site]} -> MA: Fairhaven - 279 Mill Rd | B4: {=Sites[State]} -> MA | E4: =IF(AND(ISNUMBER(C4),ISNUMBER(D4)), C4-D4, "") | F4: =IFERROR(E4/D4, "") | H4: =IF(AND(ISNUMBER(C4),ISNUMBER(G4)), C4-G4, "") | I4: =IFERROR(H4/G4, "")
A5: Bakersfield - 100 Basic School Rd | B5: CA | E5: =IF(AND(ISNUMBER(C5),ISNUMBER(D5)), C5-D5, "") | F5: =IFERROR(E5/D5, "") | H5: =IF(AND(ISNUMBER(C5),ISNUMBER(G5)), C5-G5, "") | I5: =IFERROR(H5/G5, "")
A6: Fresno - 2685 Cornelia Ave | B6: CA
A7: San Juaquin - S. Placer & W. Adams | B7: CA

Sheet Sites
A1: Portfolio: | B1: AB CarVal
A3: Site DAS Name | B3: Site | C3: State | D3: Update | E3: DAS
A4: 001 - Fairhaven | B4: MA: Fairhaven - 279 Mill Rd | C4: MA | E4: PowerFactors
A5: AFTW Solar - Wheeler | B5: Bakersfield - 100 Basic School Rd | C5: CA | D5: AEF | E5: Also Energy API
A6: Fresno 14MW Solar - CAISO - AB Carval | B6: Fresno - 2685 Cornelia Ave | C6: CA | D6: AEF | E6: Also Energy API
A7: JID - Crystal Farms Local Solar | B7: San Juaquin - S. Placer & W. Adams | C7: CA | D7: AEF | E7: Also Energy API
