Workbook
Name name: Quarterly!$A$1:$H$1
Name Site: Quarterly!$A$1:$H$1

Sheet Quarterly
A1: =Monthly!A1 -> CA: Mckinleyville - WWTP Microgrid Solar
A3: Actual vs. Expected | F3: Actual vs. Forecasted
A4: Quarter | B4: Actual | C4: Expected | D4: Delta Expected | E4: % Expected | F4: Forecasted | G4: Delta Forecasted | H4: % Forecasted
A5: 1st Quarter | B5: =SUM(Monthly!B5:B7) -> 0 | C5: =SUM(Monthly!C5:C7) -> 0 | D5: =Summary[[#This Row],[Actual]]-Summary[[#This Row],[Expected]] -> 0 | E5: =IFERROR(Summary[[#This Row],[Delta Expected]]/Summary[[#This Row],[Expected]], 0) -> 0 | F5: =SUM(Monthly!F5:F7) -> 0 | G5: =Summary[[#This Row],[Actual]]-Summary[[#This Row],[Forecasted]] -> 0 | H5: =IFERROR(Summary[[#This Row],[Delta Forecasted]]/Summary[[#This Row],[Forecasted]], 0) -> 0
A6: 2nd Quarter | B6: =SUM(Monthly!B8:B10) -> 0 | C6: =SUM(Monthly!C8:C10) -> 0 | D6: =Summary[[#This Row],[Actual]]-Summary[[#This Row],[Expected]] -> 0 | E6: =IFERROR(Summary[[#This Row],[Delta Expected]]/Summary[[#This Row],[Expected]], 0) -> 0 | F6: =SUM(Monthly!F8:F10) -> 0 | G6: =Summary[[#This Row],[Actual]]-Summary[[#This Row],[Forecasted]] -> 0 | H6: =IFERROR(Summary[[#This Row],[Delta Forecasted]]/Summary[[#This Row],[Forecasted]], 0) -> 0
A7: 3rd Quarter | B7: =SUM(Monthly!B11:B13) -> 0 | C7: =SUM(Monthly!C11:C13) -> 0 | D7: =Summary[[#This Row],[Actual]]-Summary[[#This Row],[Expected]] -> 0 | E7: =IFERROR(Summary[[#This Row],[Delta Expected]]/Summary[[#This Row],[Expected]], 0) -> 0 | F7: =SUM(Monthly!F11:F13) -> 0 | G7: =Summary[[#This Row],[Actual]]-Summary[[#This Row],[Forecasted]] -> 0 | H7: =IFERROR(Summary[[#This Row],[Delta Forecasted]]/Summary[[#This Row],[Forecasted]], 0) -> 0
A8: 4th Quarter | B8: =SUM(Monthly!B14:B16) -> 0 | C8: =SUM(Monthly!C14:C16) -> 0 | D8: =Summary[[#This Row],[Actual]]-Summary[[#This Row],[Expected]] -> 0 | E8: =IFERROR(Summary[[#This Row],[Delta Expected]]/Summary[[#This Row],[Expected]], 0) -> 0 | F8: =SUM(Monthly!F14:F16) -> 0 | G8: =Summary[[#This Row],[Actual]]-Summary[[#This Row],[Forecasted]] -> 0 | H8: =IFERROR(Summary[[#This Row],[Delta Forecasted]]/Summary[[#This Row],[Forecasted]], 0) -> 0
A9: Year to Date | B9: =SUM(Summary[Actual]) -> 0 | C9: =SUM(Summary[Expected]) -> 0 | D9: =B9-C9 -> 0 | E9: =IFERROR(D9/C9, 0) -> 0 | F9: =SUM(Summary[Forecasted]) -> 0 | G9: =B9-F9 -> 0 | H9: =IFERROR(G9/F9, 0) -> 0

Sheet Monthly
A1: CA: Mckinleyville - WWTP Microgrid Solar
A3: Actual vs. Expected | F3: Actual vs. Forecasted | I3: Notes
A4: Month | B4: Actual | C4: Expected | D4: Delta Expected | E4: % Expected | F4: Forecasted | G4: Delta Forecasted | H4: % Forecasted | I4: Notes | J4: Service Request
A5: Jan | D5: =Data[[#This Row],[Actual]]-Data[[#This Row],[Expected]] -> 0 | E5: =IFERROR(Data[[#This Row],[Delta Expected]]/Data[[#This Row],[Expected]], 0) -> 0 | G5: =Data[[#This Row],[Actual]]-Data[[#This Row],[Forecasted]] -> 0 | H5: =IFERROR(Data[[#This Row],[Delta Forecasted]]/Data[[#This Row],[Forecasted]], 0) -> 0
A6: Feb | D6: =Data[[#This Row],[Actual]]-Data[[#This Row],[Expected]] -> 0 | E6: =IFERROR(Data[[#This Row],[Delta Expected]]/Data[[#This Row],[Expected]], 0) -> 0 | G6: =Data[[#This Row],[Actual]]-Data[[#This Row],[Forecasted]] -> 0 | H6: =IFERROR(Data[[#This Row],[Delta Forecasted]]/Data[[#This Row],[Forecasted]], 0) -> 0
A7: Mar | D7: =Data[[#This Row],[Actual]]-Data[[#This Row],[Expected]] -> 0 | E7: =IFERROR(Data[[#This Row],[Delta Expected]]/Data[[#This Row],[Expected]], 0) -> 0 | G7: =Data[[#This Row],[Actual]]-Data[[#This Row],[Forecasted]] -> 0 | H7: =IFERROR(Data[[#This Row],[Delta Forecasted]]/Data[[#This Row],[Forecasted]], 0) -> 0
A8: Apr | D8: =Data[[#This Row],[Actual]]-Data[[#This Row],[Expected]] -> 0 | E8: =IFERROR(Data[[#This Row],[Delta Expected]]/Data[[#This Row],[Expected]], 0) -> 0 | G8: =Data[[#This Row],[Actual]]-Data[[#This Row],[Forecasted]] -> 0 | H8: =IFERROR(Data[[#This Row],[Delta Forecasted]]/Data[[#This Row],[Forecasted]], 0) -> 0
A9: May | D9: =Data[[#This Row],[Actual]]-Data[[#This Row],[Expected]] -> 0 | E9: =IFERROR(Data[[#This Row],[Delta Expected]]/Data[[#This Row],[Expected]], 0) -> 0 | G9: =Data[[#This Row],[Actual]]-Data[[#This Row],[Forecasted]] -> 0 | H9: =IFERROR(Data[[#This Row],[Delta Forecasted]]/Data[[#This Row],[Forecasted]], 0) -> 0
A10: Jun | D10: =Data[[#This Row],[Actual]]-Data[[#This Row],[Expected]] -> 0 | E10: =IFERROR(Data[[#This Row],[Delta Expected]]/Data[[#This Row],[Expected]], 0) -> 0 | G10: =Data[[#This Row],[Actual]]-Data[[#This Row],[Forecasted]] -> 0 | H10: =IFERROR(Data[[#This Row],[Delta Forecasted]]/Data[[#This Row],[Forecasted]], 0) -> 0
A11: Jul | D11: =Data[[#This Row],[Actual]]-Data[[#This Row],[Expected]] -> 0 | E11: =IFERROR(Data[[#This Row],[Delta Expected]]/Data[[#This Row],[Expected]], 0) -> 0 | G11: =Data[[#This Row],[Actual]]-Data[[#This Row],[Forecasted]] -> 0 | H11: =IFERROR(Data[[#This Row],[Delta Forecasted]]/Data[[#This Row],[Forecasted]], 0) -> 0
A12: Aug | D12: =Data[[#This Row],[Actual]]-Data[[#This Row],[Expected]] -> 0 | E12: =IFERROR(Data[[#This Row],[Delta Expected]]/Data[[#This Row],[Expected]], 0) -> 0 | G12: =Data[[#This Row],[Actual]]-Data[[#This Row],[Forecasted]] -> 0 | H12: =IFERROR(Data[[#This Row],[Delta Forecasted]]/Data[[#This Row],[Forecasted]], 0) -> 0
A13: Sep | D13: =Data[[#This Row],[Actual]]-Data[[#This Row],[Expected]] -> 0 | E13: =IFERROR(Data[[#This Row],[Delta Expected]]/Data[[#This Row],[Expected]], 0) -> 0 | G13: =Data[[#This Row],[Actual]]-Data[[#This Row],[Forecasted]] -> 0 | H13: =IFERROR(Data[[#This Row],[Delta Forecasted]]/Data[[#This Row],[Forecasted]], 0) -> 0
A14: Oct | D14: =Data[[#This Row],[Actual]]-Data[[#This Row],[Expected]] -> 0 | E14: =IFERROR(Data[[#This Row],[Delta Expected]]/Data[[#This Row],[Expected]], 0) -> 0 | G14: =Data[[#This Row],[Actual]]-Data[[#This Row],[Forecasted]] -> 0 | H14: =IFERROR(Data[[#This Row],[Delta Forecasted]]/Data[[#This Row],[Forecasted]], 0) -> 0
A15: Nov | D15: =Data[[#This Row],[Actual]]-Data[[#This Row],[Expected]] -> 0 | E15: =IFERROR(Data[[#This Row],[Delta Expected]]/Data[[#This Row],[Expected]], 0) -> 0 | G15: =Data[[#This Row],[Actual]]-Data[[#This Row],[Forecasted]] -> 0 | H15: =IFERROR(Data[[#This Row],[Delta Forecasted]]/Data[[#This Row],[Forecasted]], 0) -> 0
A16: Dec | D16: =Data[[#This Row],[Actual]]-Data[[#This Row],[Expected]] -> 0 | E16: =IFERROR(Data[[#This Row],[Delta Expected]]/Data[[#This Row],[Expected]], 0) -> 0 | G16: =Data[[#This Row],[Actual]]-Data[[#This Row],[Forecasted]] -> 0 | H16: =IFERROR(Data[[#This Row],[Delta Forecasted]]/Data[[#This Row],[Forecasted]], 0) -> 0
A17: Totals | B17: =SUM(B5:B16) -> 0 | C17: =SUM(C5:C16) -> 0 | D17: =B17-C17 -> 0 | E17: =IFERROR(D17/C17, 0) -> 0 | F17: =SUM(F5:F16) -> 0 | G17: =B17-F17 -> 0 | H17: =IFERROR(G17/F17, 0) -> 0
