Workbook
Name JanActual: #REF!
Name JanActual2: #REF!
Name JanExpected: #REF!
Name JanExpectedDelta: #REF!
Name JanExpectedPercent: #REF!
Name JanExpPercent: #REF!
Name JanForecasted: #REF!
Name JanForecastedDelta: #REF!
Name JanForecastedPercent: #REF!
Name portfolio: Sites!$B$1:$B$1
Name Year: Sites!#REF!

Sheet Year to Date
A1: {=portfolio} -> Generate Capital | E1: Year to Date Actual v. Expected | H1: Year to Date Actual v. Forecasted
A2: Total | D2: =SUM(D4:D200) -> 1.3896069e+08 | E2: =SUM(E4:E138) -> 50703012 | F2: =D2-E2 -> 88257674 | G2: =IFERROR(F2/E2, 0) -> 1.7406791 | H2: =SUM(H4:H138) -> 83227244 | I2: =D2-H2 -> 55733442 | J2: =IFERROR(I2/H2, 0) -> 0.66965383
A3: Site | B3: State | C3: SOL# | D3: Actual | E3: Expected | F3: Delta | G3: % | H3: Forecasted | I3: Delta | J3: %
A4: {=Sites[Site]} -> Farmer | B4: {=Sites[State]} -> AZ | C4: =Sites[[#This Row],[SOL'#]] -> SOL-10748 | D4: =SUM('1st Qtr'!D4, '2nd Qtr'!D4, '3rd Qtr'!D4, '4th Qtr'!D4) -> 75721.915 | E4: =SUM('1st Qtr'!E4, '2nd Qtr'!E4, '3rd Qtr'!E4, '4th Qtr'!E4) -> 50382.136 | F4: =IF(AND(ISNUMBER(D4),ISNUMBER(E4)), D4-E4, "") -> 25339.779 | G4: =IFERROR(F4/E4, "") -> 0.50295166 | H4: =SUM('1st Qtr'!H4+'2nd Qtr'!H4+'3rd Qtr'!H4+'4th Qtr'!H4) -> 76784.887 | I4: =SUM('1st Qtr'!I4, '2nd Qtr'!I4, '3rd Qtr'!I4, '4th Qtr'!I4) -> -1062.9722 | J4: =IFERROR(I4/H4, "") -> -0.013843508
A5: Fulton | B5: AZ | C5: =Sites[[#This Row],[SOL'#]] -> SOL-10749 | D5: =SUM('1st Qtr'!D5, '2nd Qtr'!D5, '3rd Qtr'!D5, '4th Qtr'!D5) -> 303626.25 | E5: =SUM('1st Qtr'!E5, '2nd Qtr'!E5, '3rd Qtr'!E5, '4th Qtr'!E5) -> 260820.58 | F5: =IF(AND(ISNUMBER(D5),ISNUMBER(E5)), D5-E5, "") -> 42805.67 | G5: =IFERROR(F5/E5, "") -> 0.16411922 | H5: =SUM('1st Qtr'!H5+'2nd Qtr'!H5+'3rd Qtr'!H5+'4th Qtr'!H5) -> 375615.97 | I5: =SUM('1st Qtr'!I5, '2nd Qtr'!I5, '3rd Qtr'!I5, '4th Qtr'!I5) -> -71989.72 | J5: =IFERROR(I5/H5, "") -> -0.19165777
A6: JFK Elementary | B6: AZ | C6: =Sites[[#This Row],[SOL'#]] -> SOL-10758 | D6: =SUM('1st Qtr'!D6, '2nd Qtr'!D6, '3rd Qtr'!D6, '4th Qtr'!D6) -> 118765.01 | E6: =SUM('1st Qtr'!E6, '2nd Qtr'!E6, '3rd Qtr'!E6, '4th Qtr'!E6) -> 0 | F6: =IF(AND(ISNUMBER(D6),ISNUMBER(E6)), D6-E6, "") -> 118765.01 | G6: =IFERROR(F6/E6, "") | H6: =SUM('1st Qtr'!H6+'2nd Qtr'!H6+'3rd Qtr'!H6+'4th Qtr'!H6) -> 13376 | I6: =SUM('1st Qtr'!I6, '2nd Qtr'!I6, '3rd Qtr'!I6, '4th Qtr'!I6) -> 105389.01 | J6: =IFERROR(I6/H6, "") -> 7.8789631
A7: Noble | B7: AZ | C7: =Sites[[#This Row],[SOL'#]] -> SOL-10750 | D7: =SUM('1st Qtr'!D7, '2nd Qtr'!D7, '3rd Qtr'!D7, '4th Qtr'!D7) -> 59932.357 | E7: =SUM('1st Qtr'!E7, '2nd Qtr'!E7, '3rd Qtr'!E7, '4th Qtr'!E7) -> 85808.034 | F7: =IF(AND(ISNUMBER(D7),ISNUMBER(E7)), D7-E7, "") -> -25875.677 | G7: =IFERROR(F7/E7, "") -> -0.30155308 | H7: =SUM('1st Qtr'!H7+'2nd Qtr'!H7+'3rd Qtr'!H7+'4th Qtr'!H7) -> 85497.33 | I7: =SUM('1st Qtr'!I7, '2nd Qtr'!I7, '3rd Qtr'!I7, '4th Qtr'!I7) -> -25564.973 | J7: =IFERROR(I7/H7, "") -> -0.29901487
A8: Parking 3 | B8: AZ | C8: =Sites[[#This Row],[SOL'#]] -> SOL-10751 | D8: =SUM('1st Qtr'!D8, '2nd Qtr'!D8, '3rd Qtr'!D8, '4th Qtr'!D8) -> 164140.14 | E8: =SUM('1st Qtr'!E8, '2nd Qtr'!E8, '3rd Qtr'!E8, '4th Qtr'!E8) -> 181257.85 | F8: =IF(AND(ISNUMBER(D8),ISNUMBER(E8)), D8-E8, "") -> -17117.706 | G8: =IFERROR(F8/E8, "") -> -0.094438427 | H8: =SUM('1st Qtr'!H8+'2nd Qtr'!H8+'3rd Qtr'!H8+'4th Qtr'!H8) -> 202759 | I8: =SUM('1st Qtr'!I8, '2nd Qtr'!I8, '3rd Qtr'!I8, '4th Qtr'!I8) -> -38618.856 | J8: =IFERROR(I8/H8, "") -> -0.19046679
A9: PE East | B9: AZ | C9: =Sites[[#This Row],[SOL'#]] -> SOL-10752 | D9: =SUM('1st Qtr'!D9, '2nd Qtr'!D9, '3rd Qtr'!D9, '4th Qtr'!D9) -> 171365.66 | E9: =SUM('1st Qtr'!E9, '2nd Qtr'!E9, '3rd Qtr'!E9, '4th Qtr'!E9) -> 118020.26 | F9: =IF(AND(ISNUMBER(D9),ISNUMBER(E9)), D9-E9, "") -> 53345.396 | G9: =IFERROR(F9/E9, "") -> 0.45200202 | H9: =SUM('1st Qtr'!H9+'2nd Qtr'!H9+'3rd Qtr'!H9+'4th Qtr'!H9) -> 185453.2 | I9: =SUM('1st Qtr'!I9, '2nd Qtr'!I9, '3rd Qtr'!I9, '4th Qtr'!I9) -> -14087.544 | J9: =IFERROR(I9/H9, "") -> -0.075962798
A10: Schwada | B10: AZ | C10: =Sites[[#This Row],[SOL'#]] -> SOL-10753 | D10: =SUM('1st Qtr'!D10, '2nd Qtr'!D10, '3rd Qtr'!D10, '4th Qtr'!D10) -> 75807.22 | E10: =SUM('1st Qtr'!E10, '2nd Qtr'!E10, '3rd Qtr'!E10, '4th Qtr'!E10) -> 48899.349 | F10: =IF(AND(ISNUMBER(D10),ISNUMBER(E10)), D10-E10, "") -> 26907.871 | G10: =IFERROR(F10/E10, "") -> 0.55027053 | H10: =SUM('1st Qtr'!H10+'2nd Qtr'!H10+'3rd Qtr'!H10+'4th Qtr'!H10) -> 79462 | I10: =SUM('1st Qtr'!I10, '2nd Qtr'!I10, '3rd Qtr'!I10, '4th Qtr'!I10) -> -3654.7803 | J10: =IFERROR(I10/H10, "") -> -0.045994064
A11: Starshine | B11: AZ | C11: =Sites[[#This Row],[SOL'#]] -> SOL-10757 | D11: =SUM('1st Qtr'!D11, '2nd Qtr'!D11, '3rd Qtr'!D11, '4th Qtr'!D11) -> 44822.692 | E11: =SUM('1st Qtr'!E11, '2nd Qtr'!E11, '3rd Qtr'!E11, '4th Qtr'!E11) -> 0 | F11: =IF(AND(ISNUMBER(D11),ISNUMBER(E11)), D11-E11, "") -> 44822.692 | G11: =IFERROR(F11/E11, "") | H11: =SUM('1st Qtr'!H11+'2nd Qtr'!H11+'3rd Qtr'!H11+'4th Qtr'!H11) -> 0 | I11: =SUM('1st Qtr'!I11, '2nd Qtr'!I11, '3rd Qtr'!I11, '4th Qtr'!I11) -> 44822.692 | J11: =IFERROR(I11/H11, "")
A12: Yuma Airport | B12: AZ | C12: =Sites[[#This Row],[SOL'#]] -> SOL-10754 | D12: =SUM('1st Qtr'!D12, '2nd Qtr'!D12, '3rd Qtr'!D12, '4th Qtr'!D12) -> 450807 | E12: =SUM('1st Qtr'!E12, '2nd Qtr'!E12, '3rd Qtr'!E12, '4th Qtr'!E12) -> 546992.94 | F12: =IF(AND(ISNUMBER(D12),ISNUMBER(E12)), D12-E12, "") -> -96185.94 | G12: =IFERROR(F12/E12, "") -> -0.17584494 | H12: =SUM('1st Qtr'!H12+'2nd Qtr'!H12+'3rd Qtr'!H12+'4th Qtr'!H12) -> 490359 | I12: =SUM('1st Qtr'!I12, '2nd Qtr'!I12, '3rd Qtr'!I12, '4th Qtr'!I12) -> -39552 | J12: =IFERROR(I12/H12, "") -> -0.080659272
A13: Kinsman | B13: OH | C13: =Sites[[#This Row],[SOL'#]] -> SOL-10762 | D13: =SUM('1st Qtr'!D13, '2nd Qtr'!D13, '3rd Qtr'!D13, '4th Qtr'!D13) -> 502045.08 | E13: =SUM('1st Qtr'!E13, '2nd Qtr'!E13, '3rd Qtr'!E13, '4th Qtr'!E13) -> 658378.15 | F13: =IF(AND(ISNUMBER(D13),ISNUMBER(E13)), D13-E13, "") -> -156333.07 | G13: =IFERROR(F13/E13, "") -> -0.23745179 | H13: =SUM('1st Qtr'!H13+'2nd Qtr'!H13+'3rd Qtr'!H13+'4th Qtr'!H13) -> 611188 | I13: =SUM('1st Qtr'!I13, '2nd Qtr'!I13, '3rd Qtr'!I13, '4th Qtr'!I13) -> -109142.92 | J13: =IFERROR(I13/H13, "") -> -0.17857504
A14: Wooster | B14: OH | C14: =Sites[[#This Row],[SOL'#]] -> SOL-10763 | D14: =SUM('1st Qtr'!D14, '2nd Qtr'!D14, '3rd Qtr'!D14, '4th Qtr'!D14) -> 109692 | E14: =SUM('1st Qtr'!E14, '2nd Qtr'!E14, '3rd Qtr'!E14, '4th Qtr'!E14) -> 0 | F14: =IF(AND(ISNUMBER(D14),ISNUMBER(E14)), D14-E14, "") -> 109692 | G14: =IFERROR(F14/E14, "") | H14: =SUM('1st Qtr'!H14+'2nd Qtr'!H14+'3rd Qtr'!H14+'4th Qtr'!H14) -> 144252 | I14: =SUM('1st Qtr'!I14, '2nd Qtr'!I14, '3rd Qtr'!I14, '4th Qtr'!I14) -> -34560 | J14: =IFERROR(I14/H14, "") -> -0.23958073
A15: Globe Gila CC | B15: AZ | C15: =Sites[[#This Row],[SOL'#]] -> SOL-10755 | D15: =SUM('1st Qtr'!D15, '2nd Qtr'!D15, '3rd Qtr'!D15, '4th Qtr'!D15) -> 93527.907 | E15: =SUM('1st Qtr'!E15, '2nd Qtr'!E15, '3rd Qtr'!E15, '4th Qtr'!E15) -> 24864.852 | F15: =IF(AND(ISNUMBER(D15),ISNUMBER(E15)), D15-E15, "") -> 68663.055 | G15: =IFERROR(F15/E15, "") -> 2.7614504 | H15: =SUM('1st Qtr'!H15+'2nd Qtr'!H15+'3rd Qtr'!H15+'4th Qtr'!H15) -> 98117 | I15: =SUM('1st Qtr'!I15, '2nd Qtr'!I15, '3rd Qtr'!I15, '4th Qtr'!I15) -> -4589.0926 | J15: =IFERROR(I15/H15, "") -> -0.046771636
A16: Payson Gila CC | B16: AZ | C16: =Sites[[#This Row],[SOL'#]] -> SOL-10756 | D16: =SUM('1st Qtr'!D16, '2nd Qtr'!D16, '3rd Qtr'!D16, '4th Qtr'!D16) -> 66907.077 | E16: =SUM('1st Qtr'!E16, '2nd Qtr'!E16, '3rd Qtr'!E16, '4th Qtr'!E16) -> 10404.684 | F16: =IF(AND(ISNUMBER(D16),ISNUMBER(E16)), D16-E16, "") -> 56502.393 | G16: =IFERROR(F16/E16, "") -> 5.4304766 | H16: =SUM('1st Qtr'!H16+'2nd Qtr'!H16+'3rd Qtr'!H16+'4th Qtr'!H16) -> 79173 | I16: =SUM('1st Qtr'!I16, '2nd Qtr'!I16, '3rd Qtr'!I16, '4th Qtr'!I16) -> -12265.923 | J16: =IFERROR(I16/H16, "") -> -0.15492559
... A138: Ridgeway #2 | B138: NY | C138: =Sites[[#This Row],[SOL'#]] -> SOL-11027 | D138: =SUM('1st Qtr'!D138, '2nd Qtr'!D138, '3rd Qtr'!D138, '4th Qtr'!D138) -> 2006867.4 | E138: =SUM('1st Qtr'!E138, '2nd Qtr'!E138, '3rd Qtr'!E138, '4th Qtr'!E138) -> 0 | F138: =IF(AND(ISNUMBER(D138),ISNUMBER(E138)), D138-E138, "") -> 2006867.4 | G138: =IFERROR(F138/E138, "") | H138: =SUM('1st Qtr'!H138+'2nd Qtr'!H138+'3rd Qtr'!H138+'4th Qtr'!H138) -> 0 | I138: =SUM('1st Qtr'!I138, '2nd Qtr'!I138, '3rd Qtr'!I138, '4th Qtr'!I138) -> 2006867.4 | J138: =IFERROR(I138/H138, "")
A139: Spencer | B139: NY | C139: =Sites[[#This Row],[SOL'#]] -> SOL-11017 | D139: =SUM('1st Qtr'!D139, '2nd Qtr'!D139, '3rd Qtr'!D139, '4th Qtr'!D139) -> 3021643.4 | E139: =SUM('1st Qtr'!E139, '2nd Qtr'!E139, '3rd Qtr'!E139, '4th Qtr'!E139) -> 0 | F139: =IF(AND(ISNUMBER(D139),ISNUMBER(E139)), D139-E139, "") -> 3021643.4 | G139: =IFERROR(F139/E139, "") | H139: =SUM('1st Qtr'!H139+'2nd Qtr'!H139+'3rd Qtr'!H139+'4th Qtr'!H139) -> 0 | I139: =SUM('1st Qtr'!I139, '2nd Qtr'!I139, '3rd Qtr'!I139, '4th Qtr'!I139) -> 3021643.4
A140: Reisender | B140: NY | C140: ='1st Qtr'!C140 -> SOL-10886 | D140: =SUM('1st Qtr'!D140, '2nd Qtr'!D140, '3rd Qtr'!D140, '4th Qtr'!D140) -> 391080 | E140: =SUM('1st Qtr'!E140, '2nd Qtr'!E140, '3rd Qtr'!E140, '4th Qtr'!E140) -> 392206 | F140: =IF(AND(ISNUMBER(D140),ISNUMBER(E140)), D140-E140, "") -> -1126 | G140: =IFERROR(F140/E140, "") -> -0.0028709403 | H140: =SUM('1st Qtr'!H140+'2nd Qtr'!H140+'3rd Qtr'!H140+'4th Qtr'!H140) -> 381489 | I140: =SUM('1st Qtr'!I140, '2nd Qtr'!I140, '3rd Qtr'!I140, '4th Qtr'!I140) -> 9591
A141: Finney | B141: NY | C141: =Sites[[#This Row],[SOL'#]] -> SOL-10999 | D141: =SUM('1st Qtr'!D141, '2nd Qtr'!D141, '3rd Qtr'!D141, '4th Qtr'!D141) -> 316580 | E141: =SUM('1st Qtr'!E141, '2nd Qtr'!E141, '3rd Qtr'!E141, '4th Qtr'!E141) -> 0 | F141: =IF(AND(ISNUMBER(D141),ISNUMBER(E141)), D141-E141, "") -> 316580 | G141: =IFERROR(F141/E141, "") | H141: =SUM('1st Qtr'!H141+'2nd Qtr'!H141+'3rd Qtr'!H141+'4th Qtr'!H141) -> 0 | I141: =SUM('1st Qtr'!I141, '2nd Qtr'!I141, '3rd Qtr'!I141, '4th Qtr'!I141) -> 0
A142: Davis Solar | B142: NY | C142: =Sites[[#This Row],[SOL'#]] -> SOL-10958 | D142: =SUM('1st Qtr'!D142, '2nd Qtr'!D142, '3rd Qtr'!D142, '4th Qtr'!D142) -> 379098 | E142: =SUM('1st Qtr'!E142, '2nd Qtr'!E142, '3rd Qtr'!E142, '4th Qtr'!E142) -> 415825.2 | F142: =IF(AND(ISNUMBER(D142),ISNUMBER(E142)), D142-E142, "") -> -36727.2 | G142: =IFERROR(F142/E142, "") -> -0.088323651 | H142: =SUM('1st Qtr'!H142+'2nd Qtr'!H142+'3rd Qtr'!H142+'4th Qtr'!H142) -> 235847 | I142: =SUM('1st Qtr'!I142, '2nd Qtr'!I142, '3rd Qtr'!I142, '4th Qtr'!I142) -> 143251
A143: Genesee | B143: NY | C143: =Sites[[#This Row],[SOL'#]] -> SOL-10951 | D143: =SUM('1st Qtr'!D143, '2nd Qtr'!D143, '3rd Qtr'!D143, '4th Qtr'!D143) -> 881988 | E143: =SUM('1st Qtr'!E143, '2nd Qtr'!E143, '3rd Qtr'!E143, '4th Qtr'!E143) -> 0 | F143: =IF(AND(ISNUMBER(D143),ISNUMBER(E143)), D143-E143, "") -> 881988 | G143: =IFERROR(F143/E143, "") | H143: =SUM('1st Qtr'!H143+'2nd Qtr'!H143+'3rd Qtr'!H143+'4th Qtr'!H143) -> 0 | I143: =SUM('1st Qtr'!I143, '2nd Qtr'!I143, '3rd Qtr'!I143, '4th Qtr'!I143) -> 881988
A144: Landau I | B144: NY | C144: =Sites[[#This Row],[SOL'#]] -> SOL-10891 | D144: =SUM('1st Qtr'!D144, '2nd Qtr'!D144, '3rd Qtr'!D144, '4th Qtr'!D144) -> 404690 | E144: =SUM('1st Qtr'!E144, '2nd Qtr'!E144, '3rd Qtr'!E144, '4th Qtr'!E144) -> 0 | F144: =IF(AND(ISNUMBER(D144),ISNUMBER(E144)), D144-E144, "") -> 404690 | G144: =IFERROR(F144/E144, "") | H144: =SUM('1st Qtr'!H144+'2nd Qtr'!H144+'3rd Qtr'!H144+'4th Qtr'!H144) -> 0 | I144: =SUM('1st Qtr'!I144, '2nd Qtr'!I144, '3rd Qtr'!I144, '4th Qtr'!I144) -> 404690
A145: Landau II | B145: NY | C145: =Sites[[#This Row],[SOL'#]] -> SOL-10895 | D145: =SUM('1st Qtr'!D145, '2nd Qtr'!D145, '3rd Qtr'!D145, '4th Qtr'!D145) -> 334690 | E145: =SUM('1st Qtr'!E145, '2nd Qtr'!E145, '3rd Qtr'!E145, '4th Qtr'!E145) -> 0 | F145: =IF(AND(ISNUMBER(D145),ISNUMBER(E145)), D145-E145, "") -> 334690 | G145: =IFERROR(F145/E145, "") | H145: =SUM('1st Qtr'!H145+'2nd Qtr'!H145+'3rd Qtr'!H145+'4th Qtr'!H145) -> 0 | I145: =SUM('1st Qtr'!I145, '2nd Qtr'!I145, '3rd Qtr'!I145, '4th Qtr'!I145) -> 334690
A146: New Beginnings | B146: NY | C146: =Sites[[#This Row],[SOL'#]] -> SOL-10890 | D146: =SUM('1st Qtr'!D146, '2nd Qtr'!D146, '3rd Qtr'!D146, '4th Qtr'!D146) -> 401940 | E146: =SUM('1st Qtr'!E146, '2nd Qtr'!E146, '3rd Qtr'!E146, '4th Qtr'!E146) -> 401968 | F146: =IF(AND(ISNUMBER(D146),ISNUMBER(E146)), D146-E146, "") -> -28 | G146: =IFERROR(F146/E146, "") -> -6.9657286e-05 | H146: =SUM('1st Qtr'!H146+'2nd Qtr'!H146+'3rd Qtr'!H146+'4th Qtr'!H146) -> 398278 | I146: =SUM('1st Qtr'!I146, '2nd Qtr'!I146, '3rd Qtr'!I146, '4th Qtr'!I146) -> 3662
A147: Guilin Farm Solar | B147: NY | C147: =Sites[[#This Row],[SOL'#]] -> SOL-10998 | D147: =SUM('1st Qtr'!D147, '2nd Qtr'!D147, '3rd Qtr'!D147, '4th Qtr'!D147) -> 673297 | E147: =SUM('1st Qtr'!E147, '2nd Qtr'!E147, '3rd Qtr'!E147, '4th Qtr'!E147) -> 683546 | F147: =IF(AND(ISNUMBER(D147),ISNUMBER(E147)), D147-E147, "") -> -10249 | G147: =IFERROR(F147/E147, "") -> -0.01499387 | H147: =SUM('1st Qtr'!H147+'2nd Qtr'!H147+'3rd Qtr'!H147+'4th Qtr'!H147) -> 1048743 | I147: =SUM('1st Qtr'!I147, '2nd Qtr'!I147, '3rd Qtr'!I147, '4th Qtr'!I147) -> -375446
A148: Brodhead Solar | B148: NY | C148: =Sites[[#This Row],[SOL'#]] -> SOL-10899 | D148: =SUM('1st Qtr'!D148, '2nd Qtr'!D148, '3rd Qtr'!D148, '4th Qtr'!D148) -> 486584 | E148: =SUM('1st Qtr'!E148, '2nd Qtr'!E148, '3rd Qtr'!E148, '4th Qtr'!E148) -> 509888 | F148: =IF(AND(ISNUMBER(D148),ISNUMBER(E148)), D148-E148, "") -> -23304 | G148: =IFERROR(F148/E148, "") -> -0.045704155 | H148: =SUM('1st Qtr'!H148+'2nd Qtr'!H148+'3rd Qtr'!H148+'4th Qtr'!H148) -> 522919 | I148: =SUM('1st Qtr'!I148, '2nd Qtr'!I148, '3rd Qtr'!I148, '4th Qtr'!I148) -> -36335
A149: Svenski | B149: NY | C149: =Sites[[#This Row],[SOL'#]] -> SOL-10894 | D149: =SUM('1st Qtr'!D149, '2nd Qtr'!D149, '3rd Qtr'!D149, '4th Qtr'!D149) -> 304918 | E149: =SUM('1st Qtr'!E149, '2nd Qtr'!E149, '3rd Qtr'!E149, '4th Qtr'!E149) -> 0 | F149: =IF(AND(ISNUMBER(D149),ISNUMBER(E149)), D149-E149, "") -> 304918 | G149: =IFERROR(F149/E149, "") | H149: =SUM('1st Qtr'!H149+'2nd Qtr'!H149+'3rd Qtr'!H149+'4th Qtr'!H149) -> 0 | I149: =SUM('1st Qtr'!I149, '2nd Qtr'!I149, '3rd Qtr'!I149, '4th Qtr'!I149) -> 304918
A150: Bantam | B150: NY | C150: =Sites[[#This Row],[SOL'#]] -> SOL-10986 | D150: =SUM('1st Qtr'!D150, '2nd Qtr'!D150, '3rd Qtr'!D150, '4th Qtr'!D150) -> 30270 | E150: =SUM('1st Qtr'!E150, '2nd Qtr'!E150, '3rd Qtr'!E150, '4th Qtr'!E150) -> 0 | F150: =IF(AND(ISNUMBER(D150),ISNUMBER(E150)), D150-E150, "") -> 30270 | G150: =IFERROR(F150/E150, "") | H150: =SUM('1st Qtr'!H150+'2nd Qtr'!H150+'3rd Qtr'!H150+'4th Qtr'!H150) -> 0 | I150: =SUM('1st Qtr'!I150, '2nd Qtr'!I150, '3rd Qtr'!I150, '4th Qtr'!I150) -> 30270
A151: Bogart | B151: NY | C151: =Sites[[#This Row],[SOL'#]] -> SOL-10887 | D151: =SUM('1st Qtr'!D151, '2nd Qtr'!D151, '3rd Qtr'!D151, '4th Qtr'!D151) -> 358420 | E151: =SUM('1st Qtr'!E151, '2nd Qtr'!E151, '3rd Qtr'!E151, '4th Qtr'!E151) -> 382168 | F151: =IF(AND(ISNUMBER(D151),ISNUMBER(E151)), D151-E151, "") -> -23748 | G151: =IFERROR(F151/E151, "") -> -0.062140211 | H151: =SUM('1st Qtr'!H151+'2nd Qtr'!H151+'3rd Qtr'!H151+'4th Qtr'!H151) -> 391479 | I151: =SUM('1st Qtr'!I151, '2nd Qtr'!I151, '3rd Qtr'!I151, '4th Qtr'!I151) -> -33059
A152: Dubois | B152: NY | C152: =Sites[[#This Row],[SOL'#]] -> SOL-10892 | D152: =SUM('1st Qtr'!D152, '2nd Qtr'!D152, '3rd Qtr'!D152, '4th Qtr'!D152) -> 359955 | E152: =SUM('1st Qtr'!E152, '2nd Qtr'!E152, '3rd Qtr'!E152, '4th Qtr'!E152) -> 0 | F152: =IF(AND(ISNUMBER(D152),ISNUMBER(E152)), D152-E152, "") -> 359955 | G152: =IFERROR(F152/E152, "") | H152: =SUM('1st Qtr'!H152+'2nd Qtr'!H152+'3rd Qtr'!H152+'4th Qtr'!H152) -> 0 | I152: =SUM('1st Qtr'!I152, '2nd Qtr'!I152, '3rd Qtr'!I152, '4th Qtr'!I152) -> 359955
... A160: Drinkwater | B160: NY | C160: =Sites[[#This Row],[SOL'#]] -> SOL-10896 | D160: =SUM('1st Qtr'!D160, '2nd Qtr'!D160, '3rd Qtr'!D160, '4th Qtr'!D160) -> 410647 | E160: =SUM('1st Qtr'!E160, '2nd Qtr'!E160, '3rd Qtr'!E160, '4th Qtr'!E160) -> 0 | F160: =IF(AND(ISNUMBER(D160),ISNUMBER(E160)), D160-E160, "") -> 410647 | G160: =IFERROR(F160/E160, "") | H160: =SUM('1st Qtr'!H160+'2nd Qtr'!H160+'3rd Qtr'!H160+'4th Qtr'!H160) -> 0 | I160: =SUM('1st Qtr'!I160, '2nd Qtr'!I160, '3rd Qtr'!I160, '4th Qtr'!I160) -> 410647

Sheet 1st Qtr
A1: {=portfolio} -> Generate Capital | E1: 1st Quarter Actual v. Expected | H1: 1st Quarter Actual v. Forecasted
A2: Total | D2: =SUM(D4:D138) -> 43587557 | E2: =SUM(E4:E138) -> 18064132 | F2: =D2-E2 -> 25523425 | G2: =IFERROR(F2/E2, 0) -> 1.4129339 | H2: =SUM(H4:H138) -> 34188212 | I2: =D2-H2 -> 9399344.7 | J2: =IFERROR(I2/H2, 0) -> 0.2749294
A3: Site | B3: State | C3: SOL# | D3: Actual | E3: Expected | F3: Delta | G3: % | H3: Forecasted | I3: Delta | J3: %
A4: {=Sites[Site]} -> Farmer | B4: {=Sites[State]} -> AZ | C4: =Sites[[#This Row],[SOL'#]] -> SOL-10748 | D4: =SUM(Jan!D4, Feb!D4, Mar!D4) -> 32706.294 | E4: =SUM(Jan!E4, Feb!E4, Mar!E4) -> 24705.273 | F4: =IF(AND(ISNUMBER(D4),ISNUMBER(E4)), D4-E4, "") -> 8001.0206 | G4: =IFERROR(F4/E4, "") -> 0.32385882 | H4: =SUM(Jan!H4, Feb!H4, Mar!H4) -> 33317.317 | I4: =SUM(Jan!I4, Feb!I4, Mar!I4) -> -611.02342 | J4: =IFERROR(I4/H4, "") -> -0.018339514
A5: Fulton | B5: AZ | C5: =Sites[[#This Row],[SOL'#]] -> SOL-10749 | D5: =SUM(Jan!D5, Feb!D5, Mar!D5) -> 107842 | E5: =SUM(Jan!E5, Feb!E5, Mar!E5) -> 112159.54 | F5: =IF(AND(ISNUMBER(D5),ISNUMBER(E5)), D5-E5, "") -> -4317.54 | G5: =IFERROR(F5/E5, "") -> -0.03849463 | H5: =SUM(Jan!H5, Feb!H5, Mar!H5) -> 138999.08 | I5: =SUM(Jan!I5, Feb!I5, Mar!I5) -> -31157.08 | J5: =IFERROR(I5/H5, "") -> -0.22415314
A6: JFK Elementary | B6: AZ | C6: =Sites[[#This Row],[SOL'#]] -> SOL-10758 | D6: =SUM(Jan!D6, Feb!D6, Mar!D6) -> 52126.87 | E6: =SUM(Jan!E6, Feb!E6, Mar!E6) -> 0 | F6: =IF(AND(ISNUMBER(D6),ISNUMBER(E6)), D6-E6, "") -> 52126.87 | G6: =IFERROR(F6/E6, "") | H6: =SUM(Jan!H6, Feb!H6, Mar!H6) -> 6126 | I6: =SUM(Jan!I6, Feb!I6, Mar!I6) -> 46000.87 | J6: =IFERROR(I6/H6, "") -> 7.5091201
A7: Noble | B7: AZ | C7: =Sites[[#This Row],[SOL'#]] -> SOL-10750 | D7: =SUM(Jan!D7, Feb!D7, Mar!D7) -> 31148.242 | E7: =SUM(Jan!E7, Feb!E7, Mar!E7) -> 41886.08 | F7: =IF(AND(ISNUMBER(D7),ISNUMBER(E7)), D7-E7, "") -> -10737.838 | G7: =IFERROR(F7/E7, "") -> -0.25635815 | H7: =SUM(Jan!H7, Feb!H7, Mar!H7) -> 36692.61 | I7: =SUM(Jan!I7, Feb!I7, Mar!I7) -> -5544.368 | J7: =IFERROR(I7/H7, "") -> -0.15110312
A8: Parking 3 | B8: AZ | C8: =Sites[[#This Row],[SOL'#]] -> SOL-10751 | D8: =SUM(Jan!D8, Feb!D8, Mar!D8) -> 72830.78 | E8: =SUM(Jan!E8, Feb!E8, Mar!E8) -> 84541.3 | F8: =IF(AND(ISNUMBER(D8),ISNUMBER(E8)), D8-E8, "") -> -11710.52 | G8: =IFERROR(F8/E8, "") -> -0.13851833 | H8: =SUM(Jan!H8, Feb!H8, Mar!H8) -> 84122 | I8: =SUM(Jan!I8, Feb!I8, Mar!I8) -> -11291.22 | J8: =IFERROR(I8/H8, "") -> -0.13422434
A9: PE East | B9: AZ | C9: =Sites[[#This Row],[SOL'#]] -> SOL-10752 | D9: =SUM(Jan!D9, Feb!D9, Mar!D9) -> 74341.832 | E9: =SUM(Jan!E9, Feb!E9, Mar!E9) -> 57907.94 | F9: =IF(AND(ISNUMBER(D9),ISNUMBER(E9)), D9-E9, "") -> 16433.892 | G9: =IFERROR(F9/E9, "") -> 0.28379342 | H9: =SUM(Jan!H9, Feb!H9, Mar!H9) -> 80684.31 | I9: =SUM(Jan!I9, Feb!I9, Mar!I9) -> -6342.4778 | J9: =IFERROR(I9/H9, "") -> -0.078608564
A10: Schwada | B10: AZ | C10: =Sites[[#This Row],[SOL'#]] -> SOL-10753 | D10: =SUM(Jan!D10, Feb!D10, Mar!D10) -> 32098.551 | E10: =SUM(Jan!E10, Feb!E10, Mar!E10) -> 24254.971 | F10: =IF(AND(ISNUMBER(D10),ISNUMBER(E10)), D10-E10, "") -> 7843.58 | G10: =IFERROR(F10/E10, "") -> 0.32338031 | H10: =SUM(Jan!H10, Feb!H10, Mar!H10) -> 34500 | I10: =SUM(Jan!I10, Feb!I10, Mar!I10) -> -2401.449 | J10: =IFERROR(I10/H10, "") -> -0.069607218
A11: Starshine | B11: AZ | C11: =Sites[[#This Row],[SOL'#]] -> SOL-10757 | D11: =SUM(Jan!D11, Feb!D11, Mar!D11) -> 14150.597 | E11: =SUM(Jan!E11, Feb!E11, Mar!E11) -> 0 | F11: =IF(AND(ISNUMBER(D11),ISNUMBER(E11)), D11-E11, "") -> 14150.597 | G11: =IFERROR(F11/E11, "") | H11: =SUM(Jan!H11, Feb!H11, Mar!H11) -> 0 | I11: =SUM(Jan!I11, Feb!I11, Mar!I11) -> 14150.597 | J11: =IFERROR(I11/H11, "")
A12: Yuma Airport | B12: AZ | C12: =Sites[[#This Row],[SOL'#]] -> SOL-10754 | D12: =SUM(Jan!D12, Feb!D12, Mar!D12) -> 197992 | E12: =SUM(Jan!E12, Feb!E12, Mar!E12) -> 251330.95 | F12: =IF(AND(ISNUMBER(D12),ISNUMBER(E12)), D12-E12, "") -> -53338.95 | G12: =IFERROR(F12/E12, "") -> -0.21222595 | H12: =SUM(Jan!H12, Feb!H12, Mar!H12) -> 220637 | I12: =SUM(Jan!I12, Feb!I12, Mar!I12) -> -22645 | J12: =IFERROR(I12/H12, "") -> -0.10263464
A13: Kinsman | B13: OH | C13: =Sites[[#This Row],[SOL'#]] -> SOL-10762 | D13: =SUM(Jan!D13, Feb!D13, Mar!D13) -> 192799.11 | E13: =SUM(Jan!E13, Feb!E13, Mar!E13) -> 278939.85 | F13: =IF(AND(ISNUMBER(D13),ISNUMBER(E13)), D13-E13, "") -> -86140.741 | G13: =IFERROR(F13/E13, "") -> -0.30881475 | H13: =SUM(Jan!H13, Feb!H13, Mar!H13) -> 217404 | I13: =SUM(Jan!I13, Feb!I13, Mar!I13) -> -24604.891 | J13: =IFERROR(I13/H13, "") -> -0.11317589
A14: Wooster | B14: OH | C14: =Sites[[#This Row],[SOL'#]] -> SOL-10763 | D14: =SUM(Jan!D14, Feb!D14, Mar!D14) -> 41860.5 | E14: =SUM(Jan!E14, Feb!E14, Mar!E14) -> 0 | F14: =IF(AND(ISNUMBER(D14),ISNUMBER(E14)), D14-E14, "") -> 41860.5 | G14: =IFERROR(F14/E14, "") | H14: =SUM(Jan!H14, Feb!H14, Mar!H14) -> 49246 | I14: =SUM(Jan!I14, Feb!I14, Mar!I14) -> -7385.5 | J14: =IFERROR(I14/H14, "") -> -0.14997157
A15: Globe Gila CC | B15: AZ | C15: =Sites[[#This Row],[SOL'#]] -> SOL-10755 | D15: =SUM(Jan!D15, Feb!D15, Mar!D15) -> 37604.479 | E15: =SUM(Jan!E15, Feb!E15, Mar!E15) -> 0 | F15: =IF(AND(ISNUMBER(D15),ISNUMBER(E15)), D15-E15, "") -> 37604.479 | G15: =IFERROR(F15/E15, "") | H15: =SUM(Jan!H15, Feb!H15, Mar!H15) -> 37905 | I15: =SUM(Jan!I15, Feb!I15, Mar!I15) -> -300.52133 | J15: =IFERROR(I15/H15, "") -> -0.0079282768
A16: Payson Gila CC | B16: AZ | C16: =Sites[[#This Row],[SOL'#]] -> SOL-10756 | D16: =SUM(Jan!D16, Feb!D16, Mar!D16) -> 25234.534 | E16: =SUM(Jan!E16, Feb!E16, Mar!E16) -> 0 | F16: =IF(AND(ISNUMBER(D16),ISNUMBER(E16)), D16-E16, "") -> 25234.534 | G16: =IFERROR(F16/E16, "") | H16: =SUM(Jan!H16, Feb!H16, Mar!H16) -> 30379 | I16: =SUM(Jan!I16, Feb!I16, Mar!I16) -> -5144.4662 | J16: =IFERROR(I16/H16, "") -> -0.16934284
... A160: Drinkwater | B160: NY | C160: =Sites[[#This Row],[SOL'#]] -> SOL-10896 | D160: =SUM(Jan!D160, Feb!D160, Mar!D160) -> 0 | E160: =SUM(Jan!E160, Feb!E160, Mar!E160) -> 0 | F160: =IF(AND(ISNUMBER(D160),ISNUMBER(E160)), D160-E160, "") -> 0 | G160: =IFERROR(F160/E160, "") | H160: =SUM(Jan!H160, Feb!H160, Mar!H160) -> 0 | I160: =SUM(Jan!I160, Feb!I160, Mar!I160) -> 0 | J160: =IFERROR(I160/H160, "")

Sheet 2nd Qtr
A1: {=portfolio} -> Generate Capital | E1: 2nd Quarter Actual v. Expected | H1: 2nd Quarter Actual v. Forecasted
A2: Total | D2: =SUM(D4:D100) -> 53004295 | E2: =SUM(E4:E100) -> 23057193 | F2: =D2-E2 -> 29947103 | G2: =IFERROR(F2/E2, 0) -> 1.2988183 | H2: =SUM(H4:H100) -> 36433863 | I2: =D2-H2 -> 16570433 | J2: =IFERROR(I2/H2, 0) -> 0.45480857
A3: Site | B3: State | C3: SOL# | D3: Actual | E3: Expected | F3: Delta | G3: % | H3: Forecasted | I3: Delta | J3: %
A4: {=Sites[Site]} -> Farmer | B4: {=Sites[State]} -> AZ | C4: =Sites[[#This Row],[SOL'#]] -> SOL-10748 | D4: =SUM(Apr!D4, May!D4, Jun!D4) -> 43015.621 | E4: =SUM(Apr!E4, May!E4, Jun!E4) -> 25676.863 | F4: =IF(AND(ISNUMBER(D4),ISNUMBER(E4)), D4-E4, "") -> 17338.758 | G4: =IFERROR(F4/E4, "") -> 0.67526778 | H4: =SUM(Apr!H4, May!H4, Jun!H4) -> 43467.57 | I4: =SUM(Apr!I4, May!I4, Jun!I4) -> -451.94875 | J4: =IFERROR(I4/H4, "") -> -0.010397378
A5: Fulton | B5: AZ | C5: =Sites[[#This Row],[SOL'#]] -> SOL-10749 | D5: =SUM(Apr!D5, May!D5, Jun!D5) -> 195784.25 | E5: =SUM(Apr!E5, May!E5, Jun!E5) -> 148661.04 | F5: =IF(AND(ISNUMBER(D5),ISNUMBER(E5)), D5-E5, "") -> 47123.21 | G5: =IFERROR(F5/E5, "") -> 0.31698426 | H5: =SUM(Apr!H5, May!H5, Jun!H5) -> 236616.89 | I5: =SUM(Apr!I5, May!I5, Jun!I5) -> -40832.64 | J5: =IFERROR(I5/H5, "") -> -0.17256858
A6: JFK Elementary | B6: AZ | C6: =Sites[[#This Row],[SOL'#]] -> SOL-10758 | D6: =SUM(Apr!D6, May!D6, Jun!D6) -> 66638.14 | E6: =SUM(Apr!E6, May!E6, Jun!E6) -> 0 | F6: =IF(AND(ISNUMBER(D6),ISNUMBER(E6)), D6-E6, "") -> 66638.14 | G6: =IFERROR(F6/E6, "") | H6: =SUM(Apr!H6, May!H6, Jun!H6) -> 7250 | I6: =SUM(Apr!I6, May!I6, Jun!I6) -> 59388.14 | J6: =IFERROR(I6/H6, "") -> 8.1914676
A7: Noble | B7: AZ | C7: =Sites[[#This Row],[SOL'#]] -> SOL-10750 | D7: =SUM(Apr!D7, May!D7, Jun!D7) -> 28784.115 | E7: =SUM(Apr!E7, May!E7, Jun!E7) -> 43921.954 | F7: =IF(AND(ISNUMBER(D7),ISNUMBER(E7)), D7-E7, "") -> -15137.839 | G7: =IFERROR(F7/E7, "") -> -0.34465314 | H7: =SUM(Apr!H7, May!H7, Jun!H7) -> 48804.72 | I7: =SUM(Apr!I7, May!I7, Jun!I7) -> -20020.605 | J7: =IFERROR(I7/H7, "") -> -0.41021863
A8: Parking 3 | B8: AZ | C8: =Sites[[#This Row],[SOL'#]] -> SOL-10751 | D8: =SUM(Apr!D8, May!D8, Jun!D8) -> 91309.364 | E8: =SUM(Apr!E8, May!E8, Jun!E8) -> 96716.55 | F8: =IF(AND(ISNUMBER(D8),ISNUMBER(E8)), D8-E8, "") -> -5407.1862 | G8: =IFERROR(F8/E8, "") -> -0.055907558 | H8: =SUM(Apr!H8, May!H8, Jun!H8) -> 118637 | I8: =SUM(Apr!I8, May!I8, Jun!I8) -> -27327.636 | J8: =IFERROR(I8/H8, "") -> -0.23034666
A9: PE East | B9: AZ | C9: =Sites[[#This Row],[SOL'#]] -> SOL-10752 | D9: =SUM(Apr!D9, May!D9, Jun!D9) -> 97023.824 | E9: =SUM(Apr!E9, May!E9, Jun!E9) -> 60112.32 | F9: =IF(AND(ISNUMBER(D9),ISNUMBER(E9)), D9-E9, "") -> 36911.504 | G9: =IFERROR(F9/E9, "") -> 0.61404224 | H9: =SUM(Apr!H9, May!H9, Jun!H9) -> 104768.89 | I9: =SUM(Apr!I9, May!I9, Jun!I9) -> -7745.0662 | J9: =IFERROR(I9/H9, "") -> -0.073925248
A10: Schwada | B10: AZ | C10: =Sites[[#This Row],[SOL'#]] -> SOL-10753 | D10: =SUM(Apr!D10, May!D10, Jun!D10) -> 43708.669 | E10: =SUM(Apr!E10, May!E10, Jun!E10) -> 24644.378 | F10: =IF(AND(ISNUMBER(D10),ISNUMBER(E10)), D10-E10, "") -> 19064.291 | G10: =IFERROR(F10/E10, "") -> 0.77357565 | H10: =SUM(Apr!H10, May!H10, Jun!H10) -> 44962 | I10: =SUM(Apr!I10, May!I10, Jun!I10) -> -1253.3313 | J10: =IFERROR(I10/H10, "") -> -0.027875345
A11: Starshine | B11: AZ | C11: =Sites[[#This Row],[SOL'#]] -> SOL-10757 | D11: =SUM(Apr!D11, May!D11, Jun!D11) -> 30672.095 | E11: =SUM(Apr!E11, May!E11, Jun!E11) -> 0 | F11: =IF(AND(ISNUMBER(D11),ISNUMBER(E11)), D11-E11, "") -> 30672.095 | G11: =IFERROR(F11/E11, "") | H11: =SUM(Apr!H11, May!H11, Jun!H11) -> 0 | I11: =SUM(Apr!I11, May!I11, Jun!I11) -> 30672.095 | J11: =IFERROR(I11/H11, "")
A12: Yuma Airport | B12: AZ | C12: =Sites[[#This Row],[SOL'#]] -> SOL-10754 | D12: =SUM(Apr!D12, May!D12, Jun!D12) -> 252815 | E12: =SUM(Apr!E12, May!E12, Jun!E12) -> 295661.99 | F12: =IF(AND(ISNUMBER(D12),ISNUMBER(E12)), D12-E12, "") -> -42846.99 | G12: =IFERROR(F12/E12, "") -> -0.14491883 | H12: =SUM(Apr!H12, May!H12, Jun!H12) -> 269722 | I12: =SUM(Apr!I12, May!I12, Jun!I12) -> -16907 | J12: =IFERROR(I12/H12, "") -> -0.062683059
A13: Kinsman | B13: OH | C13: =Sites[[#This Row],[SOL'#]] -> SOL-10762 | D13: =SUM(Apr!D13, May!D13, Jun!D13) -> 309245.97 | E13: =SUM(Apr!E13, May!E13, Jun!E13) -> 379438.3 | F13: =IF(AND(ISNUMBER(D13),ISNUMBER(E13)), D13-E13, "") -> -70192.331 | G13: =IFERROR(F13/E13, "") -> -0.18499011 | H13: =SUM(Apr!H13, May!H13, Jun!H13) -> 393784 | I13: =SUM(Apr!I13, May!I13, Jun!I13) -> -84538.031 | J13: =IFERROR(I13/H13, "") -> -0.21468122
A14: Wooster | B14: OH | C14: =Sites[[#This Row],[SOL'#]] -> SOL-10763 | D14: =SUM(Apr!D14, May!D14, Jun!D14) -> 67831.5 | E14: =SUM(Apr!E14, May!E14, Jun!E14) -> 0 | F14: =IF(AND(ISNUMBER(D14),ISNUMBER(E14)), D14-E14, "") -> 67831.5 | G14: =IFERROR(F14/E14, "") | H14: =SUM(Apr!H14, May!H14, Jun!H14) -> 95006 | I14: =SUM(Apr!I14, May!I14, Jun!I14) -> -27174.5 | J14: =IFERROR(I14/H14, "") -> -0.2860293
A15: Globe Gila CC | B15: AZ | C15: =Sites[[#This Row],[SOL'#]] -> SOL-10755 | D15: =SUM(Apr!D15, May!D15, Jun!D15) -> 55923.429 | E15: =SUM(Apr!E15, May!E15, Jun!E15) -> 24864.852 | F15: =IF(AND(ISNUMBER(D15),ISNUMBER(E15)), D15-E15, "") -> 31058.577 | G15: =IFERROR(F15/E15, "") -> 1.2490956 | H15: =SUM(Apr!H15, May!H15, Jun!H15) -> 60212 | I15: =SUM(Apr!I15, May!I15, Jun!I15) -> -4288.5713 | J15: =IFERROR(I15/H15, "") -> -0.071224528
A16: Payson Gila CC | B16: AZ | C16: =Sites[[#This Row],[SOL'#]] -> SOL-10756 | D16: =SUM(Apr!D16, May!D16, Jun!D16) -> 41672.543 | E16: =SUM(Apr!E16, May!E16, Jun!E16) -> 10404.684 | F16: =IF(AND(ISNUMBER(D16),ISNUMBER(E16)), D16-E16, "") -> 31267.859 | G16: =IFERROR(F16/E16, "") -> 3.0051714 | H16: =SUM(Apr!H16, May!H16, Jun!H16) -> 48794 | I16: =SUM(Apr!I16, May!I16, Jun!I16) -> -7121.4573 | J16: =IFERROR(I16/H16, "") -> -0.14594945
... A139: Spencer | B139: NY | C139: =Sites[[#This Row],[SOL'#]] -> SOL-11017 | D139: =SUM(Apr!D139, May!D139, Jun!D139) -> 3021643.4 | E139: =SUM(Apr!E139, May!E139, Jun!E139) -> 0 | F139: =IF(AND(ISNUMBER(D139),ISNUMBER(E139)), D139-E139, "") -> 3021643.4 | G139: =IFERROR(F139/E139, "") | H139: =SUM(Apr!H139, May!H139, Jun!H139) -> 0 | I139: =SUM(Apr!I139, May!I139, Jun!I139) -> 3021643.4 | J139: =IFERROR(I139/H139, "")
A140: Reisender | B140: NY | D140: =SUM(Apr!D140, May!D140, Jun!D140) -> 391080 | E140: =SUM(Apr!E140, May!E140, Jun!E140) -> 392206 | F140: =IF(AND(ISNUMBER(D140),ISNUMBER(E140)), D140-E140, "") -> -1126 | G140: =IFERROR(F140/E140, "") -> -0.0028709403 | H140: =SUM(Apr!H140, May!H140, Jun!H140) -> 381489 | I140: =SUM(Apr!I140, May!I140, Jun!I140) -> 9591 | J140: =IFERROR(I140/H140, "") -> 0.025140961
A141: Finney | B141: NY | D141: =SUM(Apr!D141, May!D141, Jun!D141) -> 316580 | E141: =SUM(Apr!E141, May!E141, Jun!E141) -> 0 | F141: =IF(AND(ISNUMBER(D141),ISNUMBER(E141)), D141-E141, "") -> 316580 | G141: =IFERROR(F141/E141, "") | H141: =SUM(Apr!H141, May!H141, Jun!H141) -> 0 | I141: =SUM(Apr!I141, May!I141, Jun!I141) -> 0 | J141: =IFERROR(I141/H141, "")
A142: Davis Solar | B142: NY | D142: =SUM(Apr!D142, May!D142, Jun!D142) -> 379098 | E142: =SUM(Apr!E142, May!E142, Jun!E142) -> 415825.2 | F142: =IF(AND(ISNUMBER(D142),ISNUMBER(E142)), D142-E142, "") -> -36727.2 | G142: =IFERROR(F142/E142, "") -> -0.088323651 | H142: =SUM(Apr!H142, May!H142, Jun!H142) -> 235847 | I142: =SUM(Apr!I142, May!I142, Jun!I142) -> 143251 | J142: =IFERROR(I142/H142, "") -> 0.60738954
A143: Genesee | B143: NY | D143: =SUM(Apr!D143, May!D143, Jun!D143) -> 881988 | E143: =SUM(Apr!E143, May!E143, Jun!E143) -> 0 | F143: =IF(AND(ISNUMBER(D143),ISNUMBER(E143)), D143-E143, "") -> 881988 | G143: =IFERROR(F143/E143, "") | H143: =SUM(Apr!H143, May!H143, Jun!H143) -> 0 | I143: =SUM(Apr!I143, May!I143, Jun!I143) -> 881988 | J143: =IFERROR(I143/H143, "")
A144: Landau I | B144: NY | D144: =SUM(Apr!D144, May!D144, Jun!D144) -> 404690 | E144: =SUM(Apr!E144, May!E144, Jun!E144) -> 0 | F144: =IF(AND(ISNUMBER(D144),ISNUMBER(E144)), D144-E144, "") -> 404690 | G144: =IFERROR(F144/E144, "") | H144: =SUM(Apr!H144, May!H144, Jun!H144) -> 0 | I144: =SUM(Apr!I144, May!I144, Jun!I144) -> 404690 | J144: =IFERROR(I144/H144, "")
A145: Landau II | B145: NY | D145: =SUM(Apr!D145, May!D145, Jun!D145) -> 334690 | E145: =SUM(Apr!E145, May!E145, Jun!E145) -> 0 | F145: =IF(AND(ISNUMBER(D145),ISNUMBER(E145)), D145-E145, "") -> 334690 | G145: =IFERROR(F145/E145, "") | H145: =SUM(Apr!H145, May!H145, Jun!H145) -> 0 | I145: =SUM(Apr!I145, May!I145, Jun!I145) -> 334690 | J145: =IFERROR(I145/H145, "")
A146: New Beginnings | B146: NY | D146: =SUM(Apr!D146, May!D146, Jun!D146) -> 401940 | E146: =SUM(Apr!E146, May!E146, Jun!E146) -> 401968 | F146: =IF(AND(ISNUMBER(D146),ISNUMBER(E146)), D146-E146, "") -> -28 | G146: =IFERROR(F146/E146, "") -> -6.9657286e-05 | H146: =SUM(Apr!H146, May!H146, Jun!H146) -> 398278 | I146: =SUM(Apr!I146, May!I146, Jun!I146) -> 3662 | J146: =IFERROR(I146/H146, "") -> 0.0091945827
A147: Guilin Farm Solar | B147: NY | D147: =SUM(Apr!D147, May!D147, Jun!D147) -> 673297 | E147: =SUM(Apr!E147, May!E147, Jun!E147) -> 683546 | F147: =IF(AND(ISNUMBER(D147),ISNUMBER(E147)), D147-E147, "") -> -10249 | G147: =IFERROR(F147/E147, "") -> -0.01499387 | H147: =SUM(Apr!H147, May!H147, Jun!H147) -> 1048743 | I147: =SUM(Apr!I147, May!I147, Jun!I147) -> -375446 | J147: =IFERROR(I147/H147, "") -> -0.35799619
A148: Brodhead Solar | B148: NY | D148: =SUM(Apr!D148, May!D148, Jun!D148) -> 486584 | E148: =SUM(Apr!E148, May!E148, Jun!E148) -> 509888 | F148: =IF(AND(ISNUMBER(D148),ISNUMBER(E148)), D148-E148, "") -> -23304 | G148: =IFERROR(F148/E148, "") -> -0.045704155 | H148: =SUM(Apr!H148, May!H148, Jun!H148) -> 522919 | I148: =SUM(Apr!I148, May!I148, Jun!I148) -> -36335 | J148: =IFERROR(I148/H148, "") -> -0.069484949
A149: Svenski | B149: NY | D149: =SUM(Apr!D149, May!D149, Jun!D149) -> 304918 | E149: =SUM(Apr!E149, May!E149, Jun!E149) -> 0 | F149: =IF(AND(ISNUMBER(D149),ISNUMBER(E149)), D149-E149, "") -> 304918 | G149: =IFERROR(F149/E149, "") | H149: =SUM(Apr!H149, May!H149, Jun!H149) -> 0 | I149: =SUM(Apr!I149, May!I149, Jun!I149) -> 304918 | J149: =IFERROR(I149/H149, "")
A150: Bantam | B150: NY | D150: =SUM(Apr!D150, May!D150, Jun!D150) -> 30270 | E150: =SUM(Apr!E150, May!E150, Jun!E150) -> 0 | F150: =IF(AND(ISNUMBER(D150),ISNUMBER(E150)), D150-E150, "") -> 30270 | G150: =IFERROR(F150/E150, "") | H150: =SUM(Apr!H150, May!H150, Jun!H150) -> 0 | I150: =SUM(Apr!I150, May!I150, Jun!I150) -> 30270 | J150: =IFERROR(I150/H150, "")
A151: Bogart | B151: NY | D151: =SUM(Apr!D151, May!D151, Jun!D151) -> 358420 | E151: =SUM(Apr!E151, May!E151, Jun!E151) -> 382168 | F151: =IF(AND(ISNUMBER(D151),ISNUMBER(E151)), D151-E151, "") -> -23748 | G151: =IFERROR(F151/E151, "") -> -0.062140211 | H151: =SUM(Apr!H151, May!H151, Jun!H151) -> 391479 | I151: =SUM(Apr!I151, May!I151, Jun!I151) -> -33059 | J151: =IFERROR(I151/H151, "") -> -0.08444642
... A160: Drinkwater | B160: NY | D160: =SUM(Apr!D160, May!D160, Jun!D160) -> 410647 | E160: =SUM(Apr!E160, May!E160, Jun!E160) -> 0 | F160: =IF(AND(ISNUMBER(D160),ISNUMBER(E160)), D160-E160, "") -> 410647 | G160: =IFERROR(F160/E160, "") | H160: =SUM(Apr!H160, May!H160, Jun!H160) -> 0 | I160: =SUM(Apr!I160, May!I160, Jun!I160) -> 410647 | J160: =IFERROR(I160/H160, "")

Sheet 3rd Qtr
A1: {=portfolio} -> Generate Capital | E1: 3rd Quarter Actual v. Expected | H1: 3rd Quarter Actual v. Forecasted
A2: Total | D2: =SUM(D4:D100) -> 0 | E2: =SUM(E4:E100) -> 0 | F2: =D2-E2 -> 0 | G2: =IFERROR(F2/E2, 0) -> 0 | H2: =SUM(H4:H100) -> 0 | I2: =D2-H2 -> 0 | J2: =IFERROR(I2/H2, 0) -> 0
A3: Site | B3: State | C3: SOL# | D3: Actual | E3: Expected | F3: Delta | G3: % | H3: Forecasted | I3: Delta | J3: %
A4: {=Sites[Site]} -> Farmer | B4: {=Sites[State]} -> AZ | C4: =Sites[[#This Row],[SOL'#]] -> SOL-10748 | D4: =SUM(Jul!D4, Aug!D4, Sep!D4) -> 0 | E4: =SUM(Jul!E4, Aug!E4, Sep!E4) -> 0 | F4: =IF(AND(ISNUMBER(D4),ISNUMBER(E4)), D4-E4, "") -> 0 | G4: =IFERROR(F4/E4, "") | I4: =SUM(Jul!I4, Aug!I4, Sep!I4) -> 0 | J4: =IFERROR(I4/H4, "")
A5: Fulton | B5: AZ | C5: =Sites[[#This Row],[SOL'#]] -> SOL-10749 | D5: =SUM(Jul!D5, Aug!D5, Sep!D5) -> 0 | E5: =SUM(Jul!E5, Aug!E5, Sep!E5) -> 0 | F5: =IF(AND(ISNUMBER(D5),ISNUMBER(E5)), D5-E5, "") -> 0 | G5: =IFERROR(F5/E5, "") | I5: =SUM(Jul!I5, Aug!I5, Sep!I5) -> 0 | J5: =IFERROR(I5/H5, "")
A6: JFK Elementary | B6: AZ | C6: =Sites[[#This Row],[SOL'#]] -> SOL-10758 | D6: =SUM(Jul!D6, Aug!D6, Sep!D6) -> 0 | E6: =SUM(Jul!E6, Aug!E6, Sep!E6) -> 0 | F6: =IF(AND(ISNUMBER(D6),ISNUMBER(E6)), D6-E6, "") -> 0 | G6: =IFERROR(F6/E6, "") | I6: =SUM(Jul!I6, Aug!I6, Sep!I6) -> 0 | J6: =IFERROR(I6/H6, "")
A7: Noble | B7: AZ | C7: =Sites[[#This Row],[SOL'#]] -> SOL-10750 | D7: =SUM(Jul!D7, Aug!D7, Sep!D7) -> 0 | E7: =SUM(Jul!E7, Aug!E7, Sep!E7) -> 0 | F7: =IF(AND(ISNUMBER(D7),ISNUMBER(E7)), D7-E7, "") -> 0 | G7: =IFERROR(F7/E7, "") | I7: =SUM(Jul!I7, Aug!I7, Sep!I7) -> 0 | J7: =IFERROR(I7/H7, "")
A8: Parking 3 | B8: AZ | C8: =Sites[[#This Row],[SOL'#]] -> SOL-10751 | D8: =SUM(Jul!D8, Aug!D8, Sep!D8) -> 0 | E8: =SUM(Jul!E8, Aug!E8, Sep!E8) -> 0 | F8: =IF(AND(ISNUMBER(D8),ISNUMBER(E8)), D8-E8, "") -> 0 | G8: =IFERROR(F8/E8, "") | I8: =SUM(Jul!I8, Aug!I8, Sep!I8) -> 0 | J8: =IFERROR(I8/H8, "")
A9: PE East | B9: AZ | C9: =Sites[[#This Row],[SOL'#]] -> SOL-10752 | D9: =SUM(Jul!D9, Aug!D9, Sep!D9) -> 0 | E9: =SUM(Jul!E9, Aug!E9, Sep!E9) -> 0 | F9: =IF(AND(ISNUMBER(D9),ISNUMBER(E9)), D9-E9, "") -> 0 | G9: =IFERROR(F9/E9, "") | I9: =SUM(Jul!I9, Aug!I9, Sep!I9) -> 0 | J9: =IFERROR(I9/H9, "")
A10: Schwada | B10: AZ | C10: =Sites[[#This Row],[SOL'#]] -> SOL-10753 | D10: =SUM(Jul!D10, Aug!D10, Sep!D10) -> 0 | E10: =SUM(Jul!E10, Aug!E10, Sep!E10) -> 0 | F10: =IF(AND(ISNUMBER(D10),ISNUMBER(E10)), D10-E10, "") -> 0 | G10: =IFERROR(F10/E10, "") | I10: =SUM(Jul!I10, Aug!I10, Sep!I10) -> 0 | J10: =IFERROR(I10/H10, "")
A11: Starshine | B11: AZ | C11: =Sites[[#This Row],[SOL'#]] -> SOL-10757 | D11: =SUM(Jul!D11, Aug!D11, Sep!D11) -> 0 | E11: =SUM(Jul!E11, Aug!E11, Sep!E11) -> 0 | F11: =IF(AND(ISNUMBER(D11),ISNUMBER(E11)), D11-E11, "") -> 0 | G11: =IFERROR(F11/E11, "") | I11: =SUM(Jul!I11, Aug!I11, Sep!I11) -> 0 | J11: =IFERROR(I11/H11, "")
A12: Yuma Airport | B12: AZ | C12: =Sites[[#This Row],[SOL'#]] -> SOL-10754 | D12: =SUM(Jul!D12, Aug!D12, Sep!D12) -> 0 | E12: =SUM(Jul!E12, Aug!E12, Sep!E12) -> 0 | F12: =IF(AND(ISNUMBER(D12),ISNUMBER(E12)), D12-E12, "") -> 0 | G12: =IFERROR(F12/E12, "") | I12: =SUM(Jul!I12, Aug!I12, Sep!I12) -> 0 | J12: =IFERROR(I12/H12, "")
A13: Kinsman | B13: OH | C13: =Sites[[#This Row],[SOL'#]] -> SOL-10762 | D13: =SUM(Jul!D13, Aug!D13, Sep!D13) -> 0 | E13: =SUM(Jul!E13, Aug!E13, Sep!E13) -> 0 | F13: =IF(AND(ISNUMBER(D13),ISNUMBER(E13)), D13-E13, "") -> 0 | G13: =IFERROR(F13/E13, "") | I13: =SUM(Jul!I13, Aug!I13, Sep!I13) -> 0 | J13: =IFERROR(I13/H13, "")
A14: Wooster | B14: OH | C14: =Sites[[#This Row],[SOL'#]] -> SOL-10763 | D14: =SUM(Jul!D14, Aug!D14, Sep!D14) -> 0 | E14: =SUM(Jul!E14, Aug!E14, Sep!E14) -> 0 | F14: =IF(AND(ISNUMBER(D14),ISNUMBER(E14)), D14-E14, "") -> 0 | G14: =IFERROR(F14/E14, "") | I14: =SUM(Jul!I14, Aug!I14, Sep!I14) -> 0 | J14: =IFERROR(I14/H14, "")
A15: Globe Gila CC | B15: AZ | C15: =Sites[[#This Row],[SOL'#]] -> SOL-10755 | D15: =SUM(Jul!D15, Aug!D15, Sep!D15) -> 0 | E15: =SUM(Jul!E15, Aug!E15, Sep!E15) -> 0 | F15: =IF(AND(ISNUMBER(D15),ISNUMBER(E15)), D15-E15, "") -> 0 | G15: =IFERROR(F15/E15, "") | I15: =SUM(Jul!I15, Aug!I15, Sep!I15) -> 0 | J15: =IFERROR(I15/H15, "")
A16: Payson Gila CC | B16: AZ | C16: =Sites[[#This Row],[SOL'#]] -> SOL-10756 | D16: =SUM(Jul!D16, Aug!D16, Sep!D16) -> 0 | E16: =SUM(Jul!E16, Aug!E16, Sep!E16) -> 0 | F16: =IF(AND(ISNUMBER(D16),ISNUMBER(E16)), D16-E16, "") -> 0 | G16: =IFERROR(F16/E16, "") | I16: =SUM(Jul!I16, Aug!I16, Sep!I16) -> 0 | J16: =IFERROR(I16/H16, "")
A17: SCNM | B17: AZ | C17: =Sites[[#This Row],[SOL'#]] -> SOL-10760 | D17: =SUM(Jul!D17, Aug!D17, Sep!D17) -> 0 | E17: =SUM(Jul!E17, Aug!E17, Sep!E17) -> 0 | F17: =IF(AND(ISNUMBER(D17),ISNUMBER(E17)), D17-E17, "") -> 0 | G17: =IFERROR(F17/E17, "") | I17: =SUM(Jul!I17, Aug!I17, Sep!I17) -> 0 | J17: =IFERROR(I17/H17, "")
A18: Sequoia Charter School | B18: AZ | C18: =Sites[[#This Row],[SOL'#]] -> SOL-10759
A19: RCAB | B19: MA | C19: =Sites[[#This Row],[SOL'#]] -> SOL-10838
A20: Spectro Coatings | B20: MA | C20: =Sites[[#This Row],[SOL'#]] -> SOL-10074
A21: K026 | B21: NY | C21: =Sites[[#This Row],[SOL'#]] -> SOL-10356
A22: K041 | B22: NY | C22: =Sites[[#This Row],[SOL'#]] -> SOL-10357
A23: K043 | B23: NY | C23: =Sites[[#This Row],[SOL'#]] -> SOL-10358
A24: K058 | B24: NY | C24: =Sites[[#This Row],[SOL'#]] -> SOL-10360
A25: K115 | B25: NY | C25: =Sites[[#This Row],[SOL'#]] -> SOL-10361
A26: K152 | B26: NY | C26: =Sites[[#This Row],[SOL'#]] -> SOL-10362
A27: K166 | B27: NY | C27: =Sites[[#This Row],[SOL'#]] -> SOL-10363
A28: K206 | B28: NY | C28: =Sites[[#This Row],[SOL'#]] -> SOL-10927
A29: K251 | B29: NY | C29: =Sites[[#This Row],[SOL'#]] -> SOL-10365
... A160: Drinkwater | B160: NY | C160: =Sites[[#This Row],[SOL'#]] -> SOL-10896

Sheet 4th Qtr
A1: {=portfolio} -> Generate Capital | E1: 4th Quarter Actual v. Expected | H1: 4th Quarter Actual v. Forecasted
A2: Total | D2: =SUM(D4:D100) -> 0 | E2: =SUM(E4:E100) -> 0 | F2: =D2-E2 -> 0 | G2: =IFERROR(F2/E2, 0) -> 0 | H2: =SUM(H4:H100) -> 0 | I2: =D2-H2 -> 0 | J2: =IFERROR(I2/H2, 0) -> 0
A3: Site | B3: State | C3: SOL# | D3: Actual | E3: Expected | F3: Delta | G3: % | H3: Forecasted | I3: Delta | J3: %
A4: {=Sites[Site]} -> Farmer | B4: {=Sites[State]} -> AZ | C4: =Sites[[#This Row],[SOL'#]] -> SOL-10748 | D4: =SUM(Oct!D4, Nov!D4, Dec!D4) -> 0 | E4: =SUM(Oct!E4, Nov!E4, Dec!E4) -> 0 | F4: =IF(AND(ISNUMBER(D4),ISNUMBER(E4)), D4-E4, "") -> 0 | G4: =IFERROR(F4/E4, "") | I4: =SUM(Oct!I4, Nov!I4, Dec!I4) -> 0 | J4: =IFERROR(I4/H4, "")
A5: Fulton | B5: AZ | C5: =Sites[[#This Row],[SOL'#]] -> SOL-10749 | D5: =SUM(Oct!D5, Nov!D5, Dec!D5) -> 0 | E5: =SUM(Oct!E5, Nov!E5, Dec!E5) -> 0 | F5: =IF(AND(ISNUMBER(D5),ISNUMBER(E5)), D5-E5, "") -> 0 | G5: =IFERROR(F5/E5, "") | I5: =SUM(Oct!I5, Nov!I5, Dec!I5) -> 0 | J5: =IFERROR(I5/H5, "")
A6: JFK Elementary | B6: AZ | C6: =Sites[[#This Row],[SOL'#]] -> SOL-10758 | D6: =SUM(Oct!D6, Nov!D6, Dec!D6) -> 0 | E6: =SUM(Oct!E6, Nov!E6, Dec!E6) -> 0 | F6: =IF(AND(ISNUMBER(D6),ISNUMBER(E6)), D6-E6, "") -> 0 | G6: =IFERROR(F6/E6, "") | I6: =SUM(Oct!I6, Nov!I6, Dec!I6) -> 0 | J6: =IFERROR(I6/H6, "")
A7: Noble | B7: AZ | C7: =Sites[[#This Row],[SOL'#]] -> SOL-10750 | D7: =SUM(Oct!D7, Nov!D7, Dec!D7) -> 0 | E7: =SUM(Oct!E7, Nov!E7, Dec!E7) -> 0 | F7: =IF(AND(ISNUMBER(D7),ISNUMBER(E7)), D7-E7, "") -> 0 | G7: =IFERROR(F7/E7, "") | I7: =SUM(Oct!I7, Nov!I7, Dec!I7) -> 0 | J7: =IFERROR(I7/H7, "")
A8: Parking 3 | B8: AZ | C8: =Sites[[#This Row],[SOL'#]] -> SOL-10751 | D8: =SUM(Oct!D8, Nov!D8, Dec!D8) -> 0 | E8: =SUM(Oct!E8, Nov!E8, Dec!E8) -> 0 | F8: =IF(AND(ISNUMBER(D8),ISNUMBER(E8)), D8-E8, "") -> 0 | G8: =IFERROR(F8/E8, "") | I8: =SUM(Oct!I8, Nov!I8, Dec!I8) -> 0 | J8: =IFERROR(I8/H8, "")
A9: PE East | B9: AZ | C9: =Sites[[#This Row],[SOL'#]] -> SOL-10752 | D9: =SUM(Oct!D9, Nov!D9, Dec!D9) -> 0 | E9: =SUM(Oct!E9, Nov!E9, Dec!E9) -> 0 | F9: =IF(AND(ISNUMBER(D9),ISNUMBER(E9)), D9-E9, "") -> 0 | G9: =IFERROR(F9/E9, "") | I9: =SUM(Oct!I9, Nov!I9, Dec!I9) -> 0 | J9: =IFERROR(I9/H9, "")
A10: Schwada | B10: AZ | C10: =Sites[[#This Row],[SOL'#]] -> SOL-10753 | D10: =SUM(Oct!D10, Nov!D10, Dec!D10) -> 0 | E10: =SUM(Oct!E10, Nov!E10, Dec!E10) -> 0 | F10: =IF(AND(ISNUMBER(D10),ISNUMBER(E10)), D10-E10, "") -> 0 | G10: =IFERROR(F10/E10, "") | I10: =SUM(Oct!I10, Nov!I10, Dec!I10) -> 0 | J10: =IFERROR(I10/H10, "")
A11: Starshine | B11: AZ | C11: =Sites[[#This Row],[SOL'#]] -> SOL-10757 | D11: =SUM(Oct!D11, Nov!D11, Dec!D11) -> 0 | E11: =SUM(Oct!E11, Nov!E11, Dec!E11) -> 0 | F11: =IF(AND(ISNUMBER(D11),ISNUMBER(E11)), D11-E11, "") -> 0 | G11: =IFERROR(F11/E11, "") | I11: =SUM(Oct!I11, Nov!I11, Dec!I11) -> 0 | J11: =IFERROR(I11/H11, "")
A12: Yuma Airport | B12: AZ | C12: =Sites[[#This Row],[SOL'#]] -> SOL-10754 | D12: =SUM(Oct!D12, Nov!D12, Dec!D12) -> 0 | E12: =SUM(Oct!E12, Nov!E12, Dec!E12) -> 0 | F12: =IF(AND(ISNUMBER(D12),ISNUMBER(E12)), D12-E12, "") -> 0 | G12: =IFERROR(F12/E12, "") | I12: =SUM(Oct!I12, Nov!I12, Dec!I12) -> 0 | J12: =IFERROR(I12/H12, "")
A13: Kinsman | B13: OH | C13: =Sites[[#This Row],[SOL'#]] -> SOL-10762 | D13: =SUM(Oct!D13, Nov!D13, Dec!D13) -> 0 | E13: =SUM(Oct!E13, Nov!E13, Dec!E13) -> 0 | F13: =IF(AND(ISNUMBER(D13),ISNUMBER(E13)), D13-E13, "") -> 0 | G13: =IFERROR(F13/E13, "") | I13: =SUM(Oct!I13, Nov!I13, Dec!I13) -> 0 | J13: =IFERROR(I13/H13, "")
A14: Wooster | B14: OH | C14: =Sites[[#This Row],[SOL'#]] -> SOL-10763 | D14: =SUM(Oct!D14, Nov!D14, Dec!D14) -> 0 | E14: =SUM(Oct!E14, Nov!E14, Dec!E14) -> 0 | F14: =IF(AND(ISNUMBER(D14),ISNUMBER(E14)), D14-E14, "") -> 0 | G14: =IFERROR(F14/E14, "") | I14: =SUM(Oct!I14, Nov!I14, Dec!I14) -> 0 | J14: =IFERROR(I14/H14, "")
A15: Globe Gila CC | B15: AZ | C15: =Sites[[#This Row],[SOL'#]] -> SOL-10755 | D15: =SUM(Oct!D15, Nov!D15, Dec!D15) -> 0 | E15: =SUM(Oct!E15, Nov!E15, Dec!E15) -> 0 | F15: =IF(AND(ISNUMBER(D15),ISNUMBER(E15)), D15-E15, "") -> 0 | G15: =IFERROR(F15/E15, "") | I15: =SUM(Oct!I15, Nov!I15, Dec!I15) -> 0 | J15: =IFERROR(I15/H15, "")
A16: Payson Gila CC | B16: AZ | C16: =Sites[[#This Row],[SOL'#]] -> SOL-10756 | D16: =SUM(Oct!D16, Nov!D16, Dec!D16) -> 0 | E16: =SUM(Oct!E16, Nov!E16, Dec!E16) -> 0 | F16: =IF(AND(ISNUMBER(D16),ISNUMBER(E16)), D16-E16, "") -> 0 | G16: =IFERROR(F16/E16, "") | I16: =SUM(Oct!I16, Nov!I16, Dec!I16) -> 0 | J16: =IFERROR(I16/H16, "")
A17: SCNM | B17: AZ | C17: =Sites[[#This Row],[SOL'#]] -> SOL-10760 | D17: =SUM(Oct!D17, Nov!D17, Dec!D17) -> 0 | E17: =SUM(Oct!E17, Nov!E17, Dec!E17) -> 0 | F17: =IF(AND(ISNUMBER(D17),ISNUMBER(E17)), D17-E17, "") -> 0 | G17: =IFERROR(F17/E17, "") | I17: =SUM(Oct!I17, Nov!I17, Dec!I17) -> 0 | J17: =IFERROR(I17/H17, "")
A18: Sequoia Charter School | B18: AZ | C18: =Sites[[#This Row],[SOL'#]] -> SOL-10759 | E18: =SUM(Oct!E18, Nov!E18, Dec!E18) -> 0
A19: RCAB | B19: MA | C19: =Sites[[#This Row],[SOL'#]] -> SOL-10838 | E19: =SUM(Oct!E19, Nov!E19, Dec!E19) -> 0
A20: Spectro Coatings | B20: MA | C20: =Sites[[#This Row],[SOL'#]] -> SOL-10074
A21: K026 | B21: NY | C21: =Sites[[#This Row],[SOL'#]] -> SOL-10356
A22: K041 | B22: NY | C22: =Sites[[#This Row],[SOL'#]] -> SOL-10357
A23: K043 | B23: NY | C23: =Sites[[#This Row],[SOL'#]] -> SOL-10358
A24: K058 | B24: NY | C24: =Sites[[#This Row],[SOL'#]] -> SOL-10360
A25: K115 | B25: NY | C25: =Sites[[#This Row],[SOL'#]] -> SOL-10361
A26: K152 | B26: NY | C26: =Sites[[#This Row],[SOL'#]] -> SOL-10362
A27: K166 | B27: NY | C27: =Sites[[#This Row],[SOL'#]] -> SOL-10363
A28: K206 | B28: NY | C28: =Sites[[#This Row],[SOL'#]] -> SOL-10927
A29: K251 | B29: NY | C29: =Sites[[#This Row],[SOL'#]] -> SOL-10365
A30: K269 | B30: NY | C30: =Sites[[#This Row],[SOL'#]] -> SOL-10366
A31: K273 | B31: NY | C31: =Sites[[#This Row],[SOL'#]] -> SOL-10367
... A160: Drinkwater | B160: NY | C160: =Sites[[#This Row],[SOL'#]] -> SOL-10896

Sheet Jan
A1: {=portfolio} -> Generate Capital | E1: January Actual v. Expected | H1: January Actual v. Forecasted
A2: Total | D2: =SUM(D4:D137) -> 5231538.1 | E2: =SUM(E4:E137) -> 2888612.6 | F2: =D2-E2 -> 2342925.6 | G2: =IFERROR(F2/E2, 0) -> 0.81109028 | H2: =SUM(H4:H137) -> 9202509.7 | I2: =D2-H2 -> -3970971.6 | J2: =IFERROR(I2/H2, 0) -> -0.43150964 | K2: =IF(AND(TODAY()>DATE(2024, 1, 1), COUNTA(Sites[Site])<>(COUNT(D:D)-1)), "Some sites are missing actual data; if new sites were added, make sure they are aligned correctly (including prior months!)", "") -> Some sites are missing actual data; if new sites were added, make sure they are aligned correctly (including prior months!)
A3: Site | B3: State | C3: SOL# | D3: Actual | E3: Expected | F3: Delta | G3: % | H3: Forecasted | I3: Delta | J3: % | K3: Notes | L3: Service Requests
A4: {=Sites[Site]} -> Farmer | B4: {=Sites[State]} -> AZ | C4: =Sites[[#This Row],[SOL'#]] -> SOL-10748 | D4: 9019.8056 | E4: 7182.884 | F4: =IF(AND(ISNUMBER(D4),ISNUMBER(E4)), D4-E4, "") -> 1836.9216 | G4: =IFERROR(F4/E4, "") -> 0.25573594 | H4: 9612.777 | I4: =IF(AND(ISNUMBER(D4),ISNUMBER(H4)), D4-H4, "") -> -592.97143 | J4: =IFERROR(I4/H4, "") -> -0.061685758
A5: Fulton | B5: AZ | C5: =Sites[[#This Row],[SOL'#]] -> SOL-10749 | D5: 29434.75 | E5: 28981.22 | F5: =IF(AND(ISNUMBER(D5),ISNUMBER(E5)), D5-E5, "") -> 453.53 | G5: =IFERROR(F5/E5, "") -> 0.0156491 | H5: 39673.79 | I5: =IF(AND(ISNUMBER(D5),ISNUMBER(H5)), D5-H5, "") -> -10239.04 | J5: =IFERROR(I5/H5, "") -> -0.25808071
A6: JFK Elementary | B6: AZ | C6: =Sites[[#This Row],[SOL'#]] -> SOL-10758 | D6: 15656.69 | E6: 0 | F6: =IF(AND(ISNUMBER(D6),ISNUMBER(E6)), D6-E6, "") -> 15656.69 | G6: =IFERROR(F6/E6, "") | H6: 1973 | I6: =IF(AND(ISNUMBER(D6),ISNUMBER(H6)), D6-H6, "") -> 13683.69 | J6: =IFERROR(I6/H6, "") -> 6.9354739
A7: Noble | B7: AZ | C7: =Sites[[#This Row],[SOL'#]] -> SOL-10750 | D7: 8806.2478 | E7: 12098.42 | F7: =IF(AND(ISNUMBER(D7),ISNUMBER(E7)), D7-E7, "") -> -3292.1722 | G7: =IFERROR(F7/E7, "") -> -0.27211588 | H7: 11218.66 | I7: =IF(AND(ISNUMBER(D7),ISNUMBER(H7)), D7-H7, "") -> -2412.4122 | J7: =IFERROR(I7/H7, "") -> -0.21503568
A8: Parking 3 | B8: AZ | C8: =Sites[[#This Row],[SOL'#]] -> SOL-10751 | D8: 16586.8 | E8: 24366.89 | F8: =IF(AND(ISNUMBER(D8),ISNUMBER(E8)), D8-E8, "") -> -7780.09 | G8: =IFERROR(F8/E8, "") -> -0.31928941 | H8: 24201.63 | I8: =IF(AND(ISNUMBER(D8),ISNUMBER(H8)), D8-H8, "") -> -7614.83 | J8: =IFERROR(I8/H8, "") -> -0.3146412 | K8: 1.Inverter 1.1 is offline from 01/05 and back online on 01/17 at 10:45AM 2. Inverter 1.1 is offline from 07:00AM on 01/20 and back online at 11:00 on 01/22 | L8: 1.SR079991 2.SR080358
A9: PE East | B9: AZ | C9: =Sites[[#This Row],[SOL'#]] -> SOL-10752 | D9: 20730.183 | E9: 16836.22 | F9: =IF(AND(ISNUMBER(D9),ISNUMBER(E9)), D9-E9, "") -> 3893.9634 | G9: =IFERROR(F9/E9, "") -> 0.23128489 | H9: 24326.73 | I9: =IF(AND(ISNUMBER(D9),ISNUMBER(H9)), D9-H9, "") -> -3596.5466 | J9: =IFERROR(I9/H9, "") -> -0.14784341
A10: Schwada | B10: AZ | C10: =Sites[[#This Row],[SOL'#]] -> SOL-10753 | D10: 8912.9888 | E10: 7118.619 | F10: =IF(AND(ISNUMBER(D10),ISNUMBER(E10)), D10-E10, "") -> 1794.3698 | G10: =IFERROR(F10/E10, "") -> 0.25206712 | H10: 10705 | I10: =IF(AND(ISNUMBER(D10),ISNUMBER(H10)), D10-H10, "") -> -1792.0112 | J10: =IFERROR(I10/H10, "") -> -0.16739946
A11: Starshine | B11: AZ | C11: =Sites[[#This Row],[SOL'#]] -> SOL-10757 | D11: 3747.203 | E11: 0 | F11: =IF(AND(ISNUMBER(D11),ISNUMBER(E11)), D11-E11, "") -> 3747.203 | G11: =IFERROR(F11/E11, "") | H11: 0 | I11: =IF(AND(ISNUMBER(D11),ISNUMBER(H11)), D11-H11, "") -> 3747.203 | J11: =IFERROR(I11/H11, "") | K11: 1.Site did not started on 01/25 and started late on 01/27. | L11: 1.SR080480
A12: Yuma Airport | B12: AZ | C12: =Sites[[#This Row],[SOL'#]] -> SOL-10754 | D12: 52995 | E12: 74566.16 | F12: =IF(AND(ISNUMBER(D12),ISNUMBER(E12)), D12-E12, "") -> -21571.16 | G12: =IFERROR(F12/E12, "") -> -0.28928887 | H12: 67067 | I12: =IF(AND(ISNUMBER(D12),ISNUMBER(H12)), D12-H12, "") -> -14072 | J12: =IFERROR(I12/H12, "") -> -0.20982003
A13: Kinsman | B13: OH | C13: =Sites[[#This Row],[SOL'#]] -> SOL-10762 | D13: 20047.789 | E13: 40688.25 | F13: =IF(AND(ISNUMBER(D13),ISNUMBER(E13)), D13-E13, "") -> -20640.461 | G13: =IFERROR(F13/E13, "") -> -0.50728308 | H13: 55531 | I13: =IF(AND(ISNUMBER(D13),ISNUMBER(H13)), D13-H13, "") -> -35483.211 | J13: =IFERROR(I13/H13, "") -> -0.63898023 | K13: 1. Inveter B did not started for production 1/15 and 1/24. | L13: 1. SR080237
A14: Wooster | B14: OH | C14: =Sites[[#This Row],[SOL'#]] -> SOL-10763 | D14: 6323.25 | E14: 0 | F14: =IF(AND(ISNUMBER(D14),ISNUMBER(E14)), D14-E14, "") -> 6323.25 | G14: =IFERROR(F14/E14, "") | H14: 12400 | I14: =IF(AND(ISNUMBER(D14),ISNUMBER(H14)), D14-H14, "") -> -6076.75 | J14: =IFERROR(I14/H14, "") -> -0.49006048
A15: Globe Gila CC | B15: AZ | C15: =Sites[[#This Row],[SOL'#]] -> SOL-10755 | D15: 10382.778 | E15: 0 | F15: =IF(AND(ISNUMBER(D15),ISNUMBER(E15)), D15-E15, "") -> 10382.778 | G15: =IFERROR(F15/E15, "") | H15: 11007 | I15: =IF(AND(ISNUMBER(D15),ISNUMBER(H15)), D15-H15, "") -> -624.22218 | J15: =IFERROR(I15/H15, "") -> -0.056711382
A16: Payson Gila CC | B16: AZ | C16: =Sites[[#This Row],[SOL'#]] -> SOL-10756 | D16: 6804.5808 | E16: 0 | F16: =IF(AND(ISNUMBER(D16),ISNUMBER(E16)), D16-E16, "") -> 6804.5808 | G16: =IFERROR(F16/E16, "") | H16: 8517 | I16: =IF(AND(ISNUMBER(D16),ISNUMBER(H16)), D16-H16, "") -> -1712.4192 | J16: =IFERROR(I16/H16, "") -> -0.20105896
A17: SCNM | B17: AZ | C17: =Sites[[#This Row],[SOL'#]] -> SOL-10760 | D17: 51680.32 | E17: 0 | F17: =IF(AND(ISNUMBER(D17),ISNUMBER(E17)), D17-E17, "") -> 51680.32 | G17: =IFERROR(F17/E17, "") | H17: 28849 | I17: =IF(AND(ISNUMBER(D17),ISNUMBER(H17)), D17-H17, "") -> 22831.32 | J17: =IFERROR(I17/H17, "") -> 0.79140767
A18: Sequoia Charter School | B18: AZ | C18: =Sites[[#This Row],[SOL'#]] -> SOL-10759 | D18: 20768 | E18: 0 | F18: =IF(AND(ISNUMBER(D18),ISNUMBER(E18)), D18-E18, "") -> 20768 | G18: =IFERROR(F18/E18, "") | H18: 8180 | I18: =IF(AND(ISNUMBER(D18),ISNUMBER(H18)), D18-H18, "") -> 12588 | J18: =IFERROR(I18/H18, "") -> 1.5388753
A19: RCAB | B19: MA | C19: =Sites[[#This Row],[SOL'#]] -> SOL-10838 | D19: 23135 | E19: 43481.12 | F19: =IF(AND(ISNUMBER(D19),ISNUMBER(E19)), D19-E19, "") -> -20346.12 | G19: =IFERROR(F19/E19, "") -> -0.46792999 | H19: 47410.87 | I19: =IF(AND(ISNUMBER(D19),ISNUMBER(H19)), D19-H19, "") -> -24275.87 | J19: =IFERROR(I19/H19, "") -> -0.51203173
A20: Spectro Coatings | B20: MA | C20: =Sites[[#This Row],[SOL'#]] -> SOL-10074 | D20: 5510.625 | E20: 12146.73 | F20: =IF(AND(ISNUMBER(D20),ISNUMBER(E20)), D20-E20, "") -> -6636.105 | G20: =IFERROR(F20/E20, "") -> -0.54632852 | H20: 11789.76 | I20: =IF(AND(ISNUMBER(D20),ISNUMBER(H20)), D20-H20, "") -> -6279.135 | J20: =IFERROR(I20/H20, "") -> -0.53259227 | K20: 1. Site was offline on 1/22 at 15:30 and back online on 1/23 11:45. | L20: 1. SR080401
A21: K026 | B21: NY | C21: =Sites[[#This Row],[SOL'#]] -> SOL-10356 | D21: 7049.125 | E21: 12398.04 | F21: =IF(AND(ISNUMBER(D21),ISNUMBER(E21)), D21-E21, "") -> -5348.915 | G21: =IFERROR(F21/E21, "") -> -0.43143231 | H21: 18592.65 | I21: =IF(AND(ISNUMBER(D21),ISNUMBER(H21)), D21-H21, "") -> -11543.525 | J21: =IFERROR(I21/H21, "") -> -0.62086497
A22: K041 | B22: NY | C22: =Sites[[#This Row],[SOL'#]] -> SOL-10357 | D22: 2400.5966 | E22: 0 | F22: =IF(AND(ISNUMBER(D22),ISNUMBER(E22)), D22-E22, "") -> 2400.5966 | G22: =IFERROR(F22/E22, "") | H22: 0 | I22: =IF(AND(ISNUMBER(D22),ISNUMBER(H22)), D22-H22, "") -> 2400.5966 | J22: =IFERROR(I22/H22, "") | K22: 1. Site started production from 1/18 | L22: 1. SR079892
A23: K043 | B23: NY | C23: =Sites[[#This Row],[SOL'#]] -> SOL-10358 | D23: 7037.3281 | E23: 10909.38 | F23: =IF(AND(ISNUMBER(D23),ISNUMBER(E23)), D23-E23, "") -> -3872.0519 | G23: =IFERROR(F23/E23, "") -> -0.35492868 | H23: 20258 | I23: =IF(AND(ISNUMBER(D23),ISNUMBER(H23)), D23-H23, "") -> -13220.672 | J23: =IFERROR(I23/H23, "") -> -0.65261486
A24: K058 | B24: NY | C24: =Sites[[#This Row],[SOL'#]] -> SOL-10360 | D24: 5262.6875 | E24: 8705.562 | F24: =IF(AND(ISNUMBER(D24),ISNUMBER(E24)), D24-E24, "") -> -3442.8745 | G24: =IFERROR(F24/E24, "") -> -0.39547987 | H24: 13134.4 | I24: =IF(AND(ISNUMBER(D24),ISNUMBER(H24)), D24-H24, "") -> -7871.7125 | J24: =IFERROR(I24/H24, "") -> -0.5993203
A25: K115 | B25: NY | C25: =Sites[[#This Row],[SOL'#]] -> SOL-10361 | D25: 1496.6526 | E25: 5139.646 | F25: =IF(AND(ISNUMBER(D25),ISNUMBER(E25)), D25-E25, "") -> -3642.9934 | G25: =IFERROR(F25/E25, "") -> -0.7088024 | H25: 4549.33 | I25: =IF(AND(ISNUMBER(D25),ISNUMBER(H25)), D25-H25, "") -> -3052.6774 | J25: =IFERROR(I25/H25, "") -> -0.67101692 | K25: 1. Ongoing construction to the array on the roof. 70 percent of the array is offline for construction | L25: 1. SR077214
A26: K152 | B26: NY | C26: =Sites[[#This Row],[SOL'#]] -> SOL-10362 | D26: 1927.1875 | E26: 3008.157 | F26: =IF(AND(ISNUMBER(D26),ISNUMBER(E26)), D26-E26, "") -> -1080.9695 | G26: =IFERROR(F26/E26, "") -> -0.3593461 | H26: 798 | I26: =IF(AND(ISNUMBER(D26),ISNUMBER(H26)), D26-H26, "") -> 1129.1875 | J26: =IFERROR(I26/H26, "") -> 1.4150219
A27: K166 | B27: NY | C27: =Sites[[#This Row],[SOL'#]] -> SOL-10363 | D27: 7390.625 | E27: 11891.79 | F27: =IF(AND(ISNUMBER(D27),ISNUMBER(E27)), D27-E27, "") -> -4501.165 | G27: =IFERROR(F27/E27, "") -> -0.3785103 | H27: 18302.04 | I27: =IF(AND(ISNUMBER(D27),ISNUMBER(H27)), D27-H27, "") -> -10911.415 | J27: =IFERROR(I27/H27, "") -> -0.59618573
A28: K206 | B28: NY | C28: =Sites[[#This Row],[SOL'#]] -> SOL-10927 | D28: 4600.7732 | E28: 0 | F28: =IF(AND(ISNUMBER(D28),ISNUMBER(E28)), D28-E28, "") -> 4600.7732 | G28: =IFERROR(F28/E28, "") | H28: 0 | I28: =IF(AND(ISNUMBER(D28),ISNUMBER(H28)), D28-H28, "") -> 4600.7732 | J28: =IFERROR(I28/H28, "")
A29: K251 | B29: NY | C29: =Sites[[#This Row],[SOL'#]] -> SOL-10365 | D29: 4966.375 | E29: 7470.177 | F29: =IF(AND(ISNUMBER(D29),ISNUMBER(E29)), D29-E29, "") -> -2503.802 | G29: =IFERROR(F29/E29, "") -> -0.33517305 | H29: 9815.687 | I29: =IF(AND(ISNUMBER(D29),ISNUMBER(H29)), D29-H29, "") -> -4849.312 | J29: =IFERROR(I29/H29, "") -> -0.49403694
A30: K269 | B30: NY | C30: =Sites[[#This Row],[SOL'#]] -> SOL-10366 | D30: 4328.3125 | E30: 0 | F30: =IF(AND(ISNUMBER(D30),ISNUMBER(E30)), D30-E30, "") -> 4328.3125 | G30: =IFERROR(F30/E30, "") | H30: 10978.73 | I30: =IF(AND(ISNUMBER(D30),ISNUMBER(H30)), D30-H30, "") -> -6650.4175 | J30: =IFERROR(I30/H30, "") -> -0.60575472
A31: K273 | B31: NY | C31: =Sites[[#This Row],[SOL'#]] -> SOL-10367 | D31: 5062.0312 | E31: 0 | F31: =IF(AND(ISNUMBER(D31),ISNUMBER(E31)), D31-E31, "") -> 5062.0312 | G31: =IFERROR(F31/E31, "") | H31: 11224 | I31: =IF(AND(ISNUMBER(D31),ISNUMBER(H31)), D31-H31, "") -> -6161.9688 | J31: =IFERROR(I31/H31, "") -> -0.54899935
A32: K287 | B32: NY | C32: =Sites[[#This Row],[SOL'#]] -> SOL-10919 | D32: 3720.0499 | E32: 5487.586 | F32: =IF(AND(ISNUMBER(D32),ISNUMBER(E32)), D32-E32, "") -> -1767.5361 | G32: =IFERROR(F32/E32, "") -> -0.3220972 | H32: 0 | I32: =IF(AND(ISNUMBER(D32),ISNUMBER(H32)), D32-H32, "") -> 3720.0499 | J32: =IFERROR(I32/H32, "")
A33: K298 | B33: NY | C33: =Sites[[#This Row],[SOL'#]] -> SOL-10368 | D33: 3421.0781 | E33: 7008.588 | F33: =IF(AND(ISNUMBER(D33),ISNUMBER(E33)), D33-E33, "") -> -3587.5099 | G33: =IFERROR(F33/E33, "") -> -0.51187342 | H33: 0 | I33: =IF(AND(ISNUMBER(D33),ISNUMBER(H33)), D33-H33, "") -> 3421.0781 | J33: =IFERROR(I33/H33, "") | K33: 1. Inverter 1 primary unit offline on 01/19/2024 & back online 01/25/2024 at 10:00. | L33: 1. SR080472
A34: K335 | B34: NY | C34: =Sites[[#This Row],[SOL'#]] -> SOL-10370 | D34: 4100.5625 | E34: 7358.259 | F34: =IF(AND(ISNUMBER(D34),ISNUMBER(E34)), D34-E34, "") -> -3257.6965 | G34: =IFERROR(F34/E34, "") -> -0.44272653 | H34: 11610 | I34: =IF(AND(ISNUMBER(D34),ISNUMBER(H34)), D34-H34, "") -> -7509.4375 | J34: =IFERROR(I34/H34, "") -> -0.64680771
A35: K345 | B35: NY | C35: =Sites[[#This Row],[SOL'#]] -> SOL-10920 | D35: 4561.2969 | E35: 0 | F35: =IF(AND(ISNUMBER(D35),ISNUMBER(E35)), D35-E35, "") -> 4561.2969 | G35: =IFERROR(F35/E35, "") | H35: 0 | I35: =IF(AND(ISNUMBER(D35),ISNUMBER(H35)), D35-H35, "") -> 4561.2969 | J35: =IFERROR(I35/H35, "") | K35: 1. Site tripped offline on 01/11 at 8:15 and back online at 11:15, but inverter 2 again tripped offline 2. Inverter 2 tripped offline on 01/11 at 11:45 and back online on 01/12 | L35: 1. SR080156 2. SR080165
A36: K445 | B36: NY | C36: =Sites[[#This Row],[SOL'#]] -> SOL-10373 | D36: 4488.8051 | E36: 0 | F36: =IF(AND(ISNUMBER(D36),ISNUMBER(E36)), D36-E36, "") -> 4488.8051 | G36: =IFERROR(F36/E36, "") | H36: 0 | I36: =IF(AND(ISNUMBER(D36),ISNUMBER(H36)), D36-H36, "") -> 4488.8051 | J36: =IFERROR(I36/H36, "")
A37: K495 | B37: NY | C37: =Sites[[#This Row],[SOL'#]] -> SOL-10374 | D37: 20449.188 | E37: 0 | F37: =IF(AND(ISNUMBER(D37),ISNUMBER(E37)), D37-E37, "") -> 20449.188 | G37: =IFERROR(F37/E37, "") | H37: 0 | I37: =IF(AND(ISNUMBER(D37),ISNUMBER(H37)), D37-H37, "") -> 20449.188 | J37: =IFERROR(I37/H37, "") | K37: 1. Inverter 4 tripped offline at 10:50 at 01/17 & back online on 01/20/2024. 2. Inverter 8 left unit offline on 01/07/2024 & back online at 01/08/2024 and also left unit offline from 01/16 to 01/22 | L37: 1.SR080297 2.SR080299
A38: M020 | B38: NY | C38: =Sites[[#This Row],[SOL'#]] -> SOL-10380 | D38: 4382.6562 | E38: 7052.359 | F38: =IF(AND(ISNUMBER(D38),ISNUMBER(E38)), D38-E38, "") -> -2669.7028 | G38: =IFERROR(F38/E38, "") -> -0.37855457 | H38: 0 | I38: =IF(AND(ISNUMBER(D38),ISNUMBER(H38)), D38-H38, "") -> 4382.6562 | J38: =IFERROR(I38/H38, "")
A39: M092 | B39: NY | C39: =Sites[[#This Row],[SOL'#]] -> SOL-10383 | D39: 4470.75 | E39: 7217.819 | F39: =IF(AND(ISNUMBER(D39),ISNUMBER(E39)), D39-E39, "") -> -2747.069 | G39: =IFERROR(F39/E39, "") -> -0.38059544 | H39: 11299.41 | I39: =IF(AND(ISNUMBER(D39),ISNUMBER(H39)), D39-H39, "") -> -6828.66 | J39: =IFERROR(I39/H39, "") -> -0.60433775
A40: M143 | B40: NY | C40: =Sites[[#This Row],[SOL'#]] -> SOL-10384 | D40: 4964.5 | E40: 7892.974 | F40: =IF(AND(ISNUMBER(D40),ISNUMBER(E40)), D40-E40, "") -> -2928.474 | G40: =IFERROR(F40/E40, "") -> -0.37102289 | H40: 15533.26 | I40: =IF(AND(ISNUMBER(D40),ISNUMBER(H40)), D40-H40, "") -> -10568.76 | J40: =IFERROR(I40/H40, "") -> -0.68039549
A41: M144 | B41: NY | C41: =Sites[[#This Row],[SOL'#]] -> SOL-10385 | D41: 7482.3594 | E41: 0 | F41: =IF(AND(ISNUMBER(D41),ISNUMBER(E41)), D41-E41, "") -> 7482.3594 | G41: =IFERROR(F41/E41, "") | H41: 0 | I41: =IF(AND(ISNUMBER(D41),ISNUMBER(H41)), D41-H41, "") -> 7482.3594 | J41: =IFERROR(I41/H41, "")
A42: M167 | B42: NY | C42: =Sites[[#This Row],[SOL'#]] -> SOL-10386 | D42: 4434 | E42: 5657 | F42: =IF(AND(ISNUMBER(D42),ISNUMBER(E42)), D42-E42, "") -> -1223 | G42: =IFERROR(F42/E42, "") -> -0.21619233 | H42: 10982 | I42: =IF(AND(ISNUMBER(D42),ISNUMBER(H42)), D42-H42, "") -> -6548 | J42: =IFERROR(I42/H42, "") -> -0.59624841
A43: M188 | B43: NY | C43: =Sites[[#This Row],[SOL'#]] -> SOL-10387 | D43: 3879.9297 | E43: 0 | F43: =IF(AND(ISNUMBER(D43),ISNUMBER(E43)), D43-E43, "") -> 3879.9297 | G43: =IFERROR(F43/E43, "") | H43: 0 | I43: =IF(AND(ISNUMBER(D43),ISNUMBER(H43)), D43-H43, "") -> 3879.9297 | J43: =IFERROR(I43/H43, "")
A44: EMHC | B44: NY | C44: =Sites[[#This Row],[SOL'#]] -> SOL-10351 | D44: 911 | E44: 0 | F44: =IF(AND(ISNUMBER(D44),ISNUMBER(E44)), D44-E44, "") -> 911 | G44: =IFERROR(F44/E44, "") | H44: 0 | I44: =IF(AND(ISNUMBER(D44),ISNUMBER(H44)), D44-H44, "") -> 911 | J44: =IFERROR(I44/H44, "")
A45: Q008 | B45: NY | C45: =Sites[[#This Row],[SOL'#]] -> SOL-10397 | D45: 6839.0312 | E45: 9522.769 | F45: =IF(AND(ISNUMBER(D45),ISNUMBER(E45)), D45-E45, "") -> -2683.7378 | G45: =IFERROR(F45/E45, "") -> -0.28182325 | H45: 15253 | I45: =IF(AND(ISNUMBER(D45),ISNUMBER(H45)), D45-H45, "") -> -8413.9688 | J45: =IFERROR(I45/H45, "") -> -0.55162714
A46: Q018 | B46: NY | C46: =Sites[[#This Row],[SOL'#]] -> SOL-10398 | D46: 4357.5 | E46: 5639.943 | F46: =IF(AND(ISNUMBER(D46),ISNUMBER(E46)), D46-E46, "") -> -1282.443 | G46: =IFERROR(F46/E46, "") -> -0.22738581 | H46: 9568.237 | I46: =IF(AND(ISNUMBER(D46),ISNUMBER(H46)), D46-H46, "") -> -5210.737 | J46: =IFERROR(I46/H46, "") -> -0.54458695
A47: Q021 | B47: NY | C47: =Sites[[#This Row],[SOL'#]] -> SOL-10399 | D47: 3435.6875 | E47: 6008.808 | F47: =IF(AND(ISNUMBER(D47),ISNUMBER(E47)), D47-E47, "") -> -2573.1205 | G47: =IFERROR(F47/E47, "") -> -0.42822478 | H47: 4290.74 | I47: =IF(AND(ISNUMBER(D47),ISNUMBER(H47)), D47-H47, "") -> -855.0525 | J47: =IFERROR(I47/H47, "") -> -0.19927856
A48: Q025 | B48: NY | C48: =Sites[[#This Row],[SOL'#]] -> SOL-10400 | D48: 6042.5 | E48: 9148.84 | F48: =IF(AND(ISNUMBER(D48),ISNUMBER(E48)), D48-E48, "") -> -3106.34 | G48: =IFERROR(F48/E48, "") -> -0.33953376 | H48: 7767 | I48: =IF(AND(ISNUMBER(D48),ISNUMBER(H48)), D48-H48, "") -> -1724.5 | J48: =IFERROR(I48/H48, "") -> -0.2220291
A49: Q074 | B49: NY | C49: =Sites[[#This Row],[SOL'#]] -> SOL-10402 | D49: 3737.7188 | E49: 5120.8 | F49: =IF(AND(ISNUMBER(D49),ISNUMBER(E49)), D49-E49, "") -> -1383.0813 | G49: =IFERROR(F49/E49, "") -> -0.27009085 | H49: 8043.306 | I49: =IF(AND(ISNUMBER(D49),ISNUMBER(H49)), D49-H49, "") -> -4305.5872 | J49: =IFERROR(I49/H49, "") -> -0.53530069
... A52: Q157 | B52: NY | C52: =Sites[[#This Row],[SOL'#]] -> SOL-10404 | D52: 4902.4375 | E52: 8720.945 | F52: =IF(AND(ISNUMBER(D52),ISNUMBER(E52)), D52-E52, "") -> -3818.5075 | G52: =IFERROR(F52/E52, "") -> -0.43785479 | H52: 11481.79 | I52: =IF(AND(ISNUMBER(D52),ISNUMBER(H52)), D52-H52, "") -> -6579.3525 | J52: =IFERROR(I52/H52, "") -> -0.57302498
A53: Q192 | B53: NY | C53: =Sites[[#This Row],[SOL'#]] -> SOL-10406 | D53: 8347.5 | E53: 13350 | F53: =IF(AND(ISNUMBER(D53),ISNUMBER(E53)), D53-E53, "") -> -5002.5 | G53: =IFERROR(F53/E53, "") -> -0.3747191 | H53: 16384.01 | I53: =IF(AND(ISNUMBER(D53),ISNUMBER(H53)), D53-H53, "") -> -8036.51 | J53: =IFERROR(I53/H53, "") -> -0.49050934 | K53: 1. Inverter 3 primary unit is offline on 12/11/2024 & back online on 01/02/2024. | L53: 1. SR079120
A54: Q210 | B54: NY | C54: =Sites[[#This Row],[SOL'#]] -> SOL-10407 | D54: 6315.875 | E54: 9204.338 | F54: =IF(AND(ISNUMBER(D54),ISNUMBER(E54)), D54-E54, "") -> -2888.463 | G54: =IFERROR(F54/E54, "") -> -0.3138154 | H54: 15624 | I54: =IF(AND(ISNUMBER(D54),ISNUMBER(H54)), D54-H54, "") -> -9308.125 | J54: =IFERROR(I54/H54, "") -> -0.59575813 | K54: 1. Inverter 3 left unit tripped offline on 01/10/2024. | L54: 1.SR080789
A55: Q229 | B55: NY | C55: =Sites[[#This Row],[SOL'#]] -> SOL-10408 | D55: 2660.5313 | E55: 3950.594 | F55: =IF(AND(ISNUMBER(D55),ISNUMBER(E55)), D55-E55, "") -> -1290.0627 | G55: =IFERROR(F55/E55, "") -> -0.32654906 | H55: 7281.06 | I55: =IF(AND(ISNUMBER(D55),ISNUMBER(H55)), D55-H55, "") -> -4620.5287 | J55: =IFERROR(I55/H55, "") -> -0.63459562
A56: Q231 | B56: NY | C56: =Sites[[#This Row],[SOL'#]] -> SOL-10870 | D56: 11460.875 | E56: 21002.59 | F56: =IF(AND(ISNUMBER(D56),ISNUMBER(E56)), D56-E56, "") -> -9541.715 | G56: =IFERROR(F56/E56, "") -> -0.45431135 | H56: 0 | I56: =IF(AND(ISNUMBER(D56),ISNUMBER(H56)), D56-H56, "") -> 11460.875 | J56: =IFERROR(I56/H56, "")
A57: Q405 | B57: NY | C57: =Sites[[#This Row],[SOL'#]] -> SOL-10409 | D57: 12294.25 | E57: 18722.73 | F57: =IF(AND(ISNUMBER(D57),ISNUMBER(E57)), D57-E57, "") -> -6428.48 | G57: =IFERROR(F57/E57, "") -> -0.34335164 | H57: 20486.32 | I57: =IF(AND(ISNUMBER(D57),ISNUMBER(H57)), D57-H57, "") -> -8192.07 | J57: =IFERROR(I57/H57, "") -> -0.39988002 | K57: 1. Inverters 3 & 4 are offline on 01/24/2024 & back online on 01/29/2024. | L57: 1.SR080430
A58: Q435 | B58: NY | C58: =Sites[[#This Row],[SOL'#]] -> SOL-10923 | D58: 0 | E58: 0 | F58: =IF(AND(ISNUMBER(D58),ISNUMBER(E58)), D58-E58, "") -> 0 | G58: =IFERROR(F58/E58, "") | H58: 0 | I58: =IF(AND(ISNUMBER(D58),ISNUMBER(H58)), D58-H58, "") -> 0 | J58: =IFERROR(I58/H58, "") | K58: 1. Site is offline due to transformer issue | L58: 1. SR077239
A59: Q485 | B59: NY | C59: =Sites[[#This Row],[SOL'#]] -> SOL-10869 | D59: 12481.439 | E59: 12754.8 | F59: =IF(AND(ISNUMBER(D59),ISNUMBER(E59)), D59-E59, "") -> -273.36117 | G59: =IFERROR(F59/E59, "") -> -0.021432023 | H59: 27674.85 | I59: =IF(AND(ISNUMBER(D59),ISNUMBER(H59)), D59-H59, "") -> -15193.411 | J59: =IFERROR(I59/H59, "") -> -0.54899706 | K59: 1. Inverter 3 right unit offline from 01/25 to 01/31. 2. Inverter 1 left unit offline from 01/25 to 01/31. | L59: 1. SR080476. 2. SR080477
A60: Q490 | B60: NY | C60: =Sites[[#This Row],[SOL'#]] -> SOL-10411 | D60: 10238.144 | E60: 0 | F60: =IF(AND(ISNUMBER(D60),ISNUMBER(E60)), D60-E60, "") -> 10238.144 | G60: =IFERROR(F60/E60, "") | H60: 21505.42 | I60: =IF(AND(ISNUMBER(D60),ISNUMBER(H60)), D60-H60, "") -> -11267.276 | J60: =IFERROR(I60/H60, "") -> -0.52392727 | K60: 1.Inverter 10 is offline on 01/23/2024 & back onlline on 01/24/2024 at 10:00. | L60: 1.SR080431
A61: Q620 | B61: NY | C61: =Sites[[#This Row],[SOL'#]] -> SOL-10867 | D61: 15903 | E61: 23742.06 | F61: =IF(AND(ISNUMBER(D61),ISNUMBER(E61)), D61-E61, "") -> -7839.06 | G61: =IFERROR(F61/E61, "") -> -0.33017607 | H61: 34544.52 | I61: =IF(AND(ISNUMBER(D61),ISNUMBER(H61)), D61-H61, "") -> -18641.52 | J61: =IFERROR(I61/H61, "") -> -0.53963755
A62: QMOA | B62: NY | C62: =Sites[[#This Row],[SOL'#]] -> SOL-10415 | D62: 1546.1 | E62: 0 | F62: =IF(AND(ISNUMBER(D62),ISNUMBER(E62)), D62-E62, "") -> 1546.1 | G62: =IFERROR(F62/E62, "") | H62: 2946.827 | I62: =IF(AND(ISNUMBER(D62),ISNUMBER(H62)), D62-H62, "") -> -1400.727 | J62: =IFERROR(I62/H62, "") -> -0.47533398
A63: X024 | B63: NY | C63: =Sites[[#This Row],[SOL'#]] -> SOL-10419 | D63: 5421 | E63: 0 | F63: =IF(AND(ISNUMBER(D63),ISNUMBER(E63)), D63-E63, "") -> 5421 | G63: =IFERROR(F63/E63, "") | H63: 0 | I63: =IF(AND(ISNUMBER(D63),ISNUMBER(H63)), D63-H63, "") -> 5421 | J63: =IFERROR(I63/H63, "")
A64: X026 | B64: NY | C64: =Sites[[#This Row],[SOL'#]] -> SOL-10420 | D64: 4766.9 | E64: 7713.94 | F64: =IF(AND(ISNUMBER(D64),ISNUMBER(E64)), D64-E64, "") -> -2947.04 | G64: =IFERROR(F64/E64, "") -> -0.38204082 | H64: 14664.49 | I64: =IF(AND(ISNUMBER(D64),ISNUMBER(H64)), D64-H64, "") -> -9897.59 | J64: =IFERROR(I64/H64, "") -> -0.67493585
A65: X090 | B65: NY | C65: =Sites[[#This Row],[SOL'#]] -> SOL-10925 | D65: 4671.9453 | E65: 4641.697 | F65: =IF(AND(ISNUMBER(D65),ISNUMBER(E65)), D65-E65, "") -> 30.248313 | G65: =IFERROR(F65/E65, "") -> 0.0065166495 | H65: 9177 | I65: =IF(AND(ISNUMBER(D65),ISNUMBER(H65)), D65-H65, "") -> -4505.0547 | J65: =IFERROR(I65/H65, "") -> -0.49090713
A66: X117 | B66: NY | C66: =Sites[[#This Row],[SOL'#]] -> SOL-10422 | D66: 3429.2 | E66: 6689.229 | F66: =IF(AND(ISNUMBER(D66),ISNUMBER(E66)), D66-E66, "") -> -3260.029 | G66: =IFERROR(F66/E66, "") -> -0.48735497 | H66: 16899.22 | I66: =IF(AND(ISNUMBER(D66),ISNUMBER(H66)), D66-H66, "") -> -13470.02 | J66: =IFERROR(I66/H66, "") -> -0.79707939
A67: X125 | B67: NY | C67: =Sites[[#This Row],[SOL'#]] -> SOL-10423 | D67: 7318.9688 | E67: 11623.7 | F67: =IF(AND(ISNUMBER(D67),ISNUMBER(E67)), D67-E67, "") -> -4304.7313 | G67: =IFERROR(F67/E67, "") -> -0.37034088 | H67: 10537.29 | I67: =IF(AND(ISNUMBER(D67),ISNUMBER(H67)), D67-H67, "") -> -3218.3213 | J67: =IFERROR(I67/H67, "") -> -0.3054221
A68: X134 | B68: NY | C68: =Sites[[#This Row],[SOL'#]] -> SOL-10424 | D68: 6696.25 | E68: 0 | F68: =IF(AND(ISNUMBER(D68),ISNUMBER(E68)), D68-E68, "") -> 6696.25 | G68: =IFERROR(F68/E68, "") | H68: 0 | I68: =IF(AND(ISNUMBER(D68),ISNUMBER(H68)), D68-H68, "") -> 6696.25 | J68: =IFERROR(I68/H68, "")
A69: X135 | B69: NY | C69: =Sites[[#This Row],[SOL'#]] -> SOL-10425 | D69: 5327.8438 | E69: 0 | F69: =IF(AND(ISNUMBER(D69),ISNUMBER(E69)), D69-E69, "") -> 5327.8438 | G69: =IFERROR(F69/E69, "") | H69: 0 | I69: =IF(AND(ISNUMBER(D69),ISNUMBER(H69)), D69-H69, "") -> 5327.8438 | J69: =IFERROR(I69/H69, "")
A70: X139 JHS 222 | B70: NY | C70: =Sites[[#This Row],[SOL'#]] -> SOL-10426 | D70: 8332.7037 | E70: 11815.57 | F70: =IF(AND(ISNUMBER(D70),ISNUMBER(E70)), D70-E70, "") -> -3482.8663 | G70: =IFERROR(F70/E70, "") -> -0.29476922 | H70: 22550 | I70: =IF(AND(ISNUMBER(D70),ISNUMBER(H70)), D70-H70, "") -> -14217.296 | J70: =IFERROR(I70/H70, "") -> -0.63047877
A71: X140 | B71: NY | C71: =Sites[[#This Row],[SOL'#]] -> SOL-10926 | D71: 3985 | E71: 5753 | F71: =IF(AND(ISNUMBER(D71),ISNUMBER(E71)), D71-E71, "") -> -1768 | G71: =IFERROR(F71/E71, "") -> -0.30731792 | H71: 9034 | I71: =IF(AND(ISNUMBER(D71),ISNUMBER(H71)), D71-H71, "") -> -5049 | J71: =IFERROR(I71/H71, "") -> -0.55888864
A72: X166 | B72: NY | C72: =Sites[[#This Row],[SOL'#]] -> SOL-10427 | D72: 5046.4 | E72: 7824.426 | F72: =IF(AND(ISNUMBER(D72),ISNUMBER(E72)), D72-E72, "") -> -2778.026 | G72: =IFERROR(F72/E72, "") -> -0.35504534 | H72: 0 | I72: =IF(AND(ISNUMBER(D72),ISNUMBER(H72)), D72-H72, "") -> 5046.4 | J72: =IFERROR(I72/H72, "")
A73: Murphy | B73: MN | C73: =Sites[[#This Row],[SOL'#]] -> SOL-10094 | D73: 286090 | E73: 414785.1 | F73: =IF(AND(ISNUMBER(D73),ISNUMBER(E73)), D73-E73, "") -> -128695.1 | G73: =IFERROR(F73/E73, "") -> -0.31026934 | H73: 533246.5 | I73: =IF(AND(ISNUMBER(D73),ISNUMBER(H73)), D73-H73, "") -> -247156.5 | J73: =IFERROR(I73/H73, "") -> -0.4634939 | K73: 1.Inverter 3 was offline on 01/04 and back online on 01/05 2. Inverter 3 was offline on 01/09 and back online on 01/11. 3. Inverter 3 is offline on 01/14 and started on 01/15 at 10:30 | L73: 1.SR079935 2.SR080108 3.SR080204
A74: Terning | B74: MN | C74: =Sites[[#This Row],[SOL'#]] -> SOL-10093 | D74: 283485 | E74: 410301.4 | F74: =IF(AND(ISNUMBER(D74),ISNUMBER(E74)), D74-E74, "") -> -126816.4 | G74: =IFERROR(F74/E74, "") -> -0.30908108 | H74: 483171.2 | I74: =IF(AND(ISNUMBER(D74),ISNUMBER(H74)), D74-H74, "") -> -199686.2 | J74: =IFERROR(I74/H74, "") -> -0.4132825
A75: Boas Road 04 | B75: NY | C75: =Sites[[#This Row],[SOL'#]] -> SOL-10908 | D75: 33560 | E75: 0 | F75: =IF(AND(ISNUMBER(D75),ISNUMBER(E75)), D75-E75, "") -> 33560 | G75: =IFERROR(F75/E75, "") | H75: 220064.68 | I75: =IF(AND(ISNUMBER(D75),ISNUMBER(H75)), D75-H75, "") -> -186504.68 | J75: =IFERROR(I75/H75, "") -> -0.84749938
A76: Kelly Bridge Farm | B76: NY | C76: =Sites[[#This Row],[SOL'#]] -> SOL-10911 | D76: 39040 | E76: 0 | F76: =IF(AND(ISNUMBER(D76),ISNUMBER(E76)), D76-E76, "") -> 39040 | G76: =IFERROR(F76/E76, "") | H76: 209445.59 | I76: =IF(AND(ISNUMBER(D76),ISNUMBER(H76)), D76-H76, "") -> -170405.59 | J76: =IFERROR(I76/H76, "") -> -0.81360314 | K76: 1.Site is offline from 2:20pm and back online at 4:00pm on 01/14 2.Inverter 15 tripped offline on 01/15 at 13:15 and back online 01/17 | L76: 1. SR080213 2. SR080245
A77: Pool Brook Road | B77: NY | C77: =Sites[[#This Row],[SOL'#]] -> SOL-10909 | D77: 35247 | E77: 0 | F77: =IF(AND(ISNUMBER(D77),ISNUMBER(E77)), D77-E77, "") -> 35247 | G77: =IFERROR(F77/E77, "") | H77: 194874.12 | I77: =IF(AND(ISNUMBER(D77),ISNUMBER(H77)), D77-H77, "") -> -159627.12 | J77: =IFERROR(I77/H77, "") -> -0.81912939
A78: Sackett Lake | B78: NY | C78: =Sites[[#This Row],[SOL'#]] -> SOL-10910 | D78: 43312 | E78: 0 | F78: =IF(AND(ISNUMBER(D78),ISNUMBER(E78)), D78-E78, "") -> 43312 | G78: =IFERROR(F78/E78, "") | H78: 223309.11 | I78: =IF(AND(ISNUMBER(D78),ISNUMBER(H78)), D78-H78, "") -> -179997.11 | J78: =IFERROR(I78/H78, "") -> -0.80604463 | K78: 1. Inverter 1 is offline on 01/18 at 9:45 AM and had multiple tripping on 01/19 2. inverter 1 is tripped offline on 01/30 and back online from afternoon. | L78: 1. SR080313 2. SR080606
A79: Burritt Road | B79: NY | C79: =Sites[[#This Row],[SOL'#]] -> SOL-10913 | D79: 72810 | E79: 97923.36 | F79: =IF(AND(ISNUMBER(D79),ISNUMBER(E79)), D79-E79, "") -> -25113.36 | G79: =IFERROR(F79/E79, "") -> -0.25645934 | H79: 111632.62 | I79: =IF(AND(ISNUMBER(D79),ISNUMBER(H79)), D79-H79, "") -> -38822.62 | J79: =IFERROR(I79/H79, "") -> -0.34777129
A80: Villa Roma 1 | B80: NY | C80: =Sites[[#This Row],[SOL'#]] -> SOL-10914 | D80: 8879 | E80: 74159.11 | F80: =IF(AND(ISNUMBER(D80),ISNUMBER(E80)), D80-E80, "") -> -65280.11 | G80: =IFERROR(F80/E80, "") -> -0.88027095 | H80: 118883.5 | I80: =IF(AND(ISNUMBER(D80),ISNUMBER(H80)), D80-H80, "") -> -110004.5 | J80: =IFERROR(I80/H80, "") -> -0.92531344 | K80: 1. Site was de-energized for meter work on 01/03 at 09:50 till 12:15 and again on 01/23 at 10:15 to 12:45. | L80: 1. SR079733
A81: Villa Roma 2 | B81: NY | C81: =Sites[[#This Row],[SOL'#]] -> SOL-10915 | D81: 67057 | E81: 110773.82 | F81: =IF(AND(ISNUMBER(D81),ISNUMBER(E81)), D81-E81, "") -> -43716.82 | G81: =IFERROR(F81/E81, "") -> -0.39464939 | H81: 115878.35 | I81: =IF(AND(ISNUMBER(D81),ISNUMBER(H81)), D81-H81, "") -> -48821.35 | J81: =IFERROR(I81/H81, "") -> -0.42131554 | K81: 1. Meter removed for repair work, here the presented energy was inverter cummulative energy. 2. Inverter 1 tripped offline on 01/19 and self resolved next day | L81: 1.SR079721 2. SR080323
A82: Washington 1 | B82: NY | C82: =Sites[[#This Row],[SOL'#]] -> SOL-10912 | D82: 55740 | E82: 109395.46 | F82: =IF(AND(ISNUMBER(D82),ISNUMBER(E82)), D82-E82, "") -> -53655.46 | G82: =IFERROR(F82/E82, "") -> -0.49047246 | H82: 107420.17 | I82: =IF(AND(ISNUMBER(D82),ISNUMBER(H82)), D82-H82, "") -> -51680.17 | J82: =IFERROR(I82/H82, "") -> -0.48110304 | K82: 1. Inverter 2 is offline from 12/28/2023 to 01/09 till 10:20 AM. | L82: 1.SR079785
A83: Washington 3 | B83: NY | C83: =Sites[[#This Row],[SOL'#]] -> SOL-10828 | D83: 48791 | E83: 117227.81 | F83: =IF(AND(ISNUMBER(D83),ISNUMBER(E83)), D83-E83, "") -> -68436.81 | G83: =IFERROR(F83/E83, "") -> -0.5837933 | H83: 130931.08 | I83: =IF(AND(ISNUMBER(D83),ISNUMBER(H83)), D83-H83, "") -> -82140.08 | J83: =IFERROR(I83/H83, "") -> -0.62735357 | K83: 1.Inverter 2 is started late on 01/01 at 13:45 2.Inverter 1 started late at 12:50, but inverter 2 is offline on 01/15 and back online on 01/18. 3.Inverter 1 tripped offline on 01/17 and back online at 14:05 and on 01/18 4. Inverter 1 tripped offline on 11:55 on 01/21 and back online on 01/22 at 11:45. | L83: 1.SR079852 2.SR080228 3.SR080288 4.SR080372
A84: Washington 4 | B84: NY | C84: =Sites[[#This Row],[SOL'#]] -> SOL-10829 | D84: 81604 | E84: 0 | F84: =IF(AND(ISNUMBER(D84),ISNUMBER(E84)), D84-E84, "") -> 81604 | G84: =IFERROR(F84/E84, "") | H84: 131400.47 | I84: =IF(AND(ISNUMBER(D84),ISNUMBER(H84)), D84-H84, "") -> -49796.47 | J84: =IFERROR(I84/H84, "") -> -0.37896721 | K84: 1.Inverter 2 tripped offline at 12:10 on 01/22 and back online 01/23 | L84: 1.SR080393
A85: Big Tree | B85: NY | C85: =Sites[[#This Row],[SOL'#]] -> SOL-10966 | D85: 32655 | E85: 0 | F85: =IF(AND(ISNUMBER(D85),ISNUMBER(E85)), D85-E85, "") -> 32655 | G85: =IFERROR(F85/E85, "") | H85: 107924 | I85: =IF(AND(ISNUMBER(D85),ISNUMBER(H85)), D85-H85, "") -> -75269 | J85: =IFERROR(I85/H85, "") -> -0.69742597
A86: Canoga | B86: NY | C86: =Sites[[#This Row],[SOL'#]] -> SOL-10965 | D86: 219933 | E86: 0 | F86: =IF(AND(ISNUMBER(D86),ISNUMBER(E86)), D86-E86, "") -> 219933 | G86: =IFERROR(F86/E86, "") | H86: 305951 | I86: =IF(AND(ISNUMBER(D86),ISNUMBER(H86)), D86-H86, "") -> -86018 | J86: =IFERROR(I86/H86, "") -> -0.2811496 | K86: 1. Inverter 3 is tripped offline at 13:30 and 15:10 on 01/17 2.Inverter 4 has tripped offline at 14:00 to 15:40 on 01/18 3.Inverter 3 tripped offline at 13:15 on 01/21 and back online the next day. | L86: 1.SR080300 2.SR080324 3.SR080374
A87: County Route 84 | B87: NY | C87: =Sites[[#This Row],[SOL'#]] -> SOL-10967 | D87: 240973 | E87: 0 | F87: =IF(AND(ISNUMBER(D87),ISNUMBER(E87)), D87-E87, "") -> 240973 | G87: =IFERROR(F87/E87, "") | H87: 377147 | I87: =IF(AND(ISNUMBER(D87),ISNUMBER(H87)), D87-H87, "") -> -136174 | J87: =IFERROR(I87/H87, "") -> -0.36106346 | K87: 1.Inverter 1 tripped offline at 10:25 and back online at 15:35 on 01/13 and started late production at 12:45 on 01/17 and at 12:30 on 01/18 and back online on 01/19 at 15:40. 2. Inverter 2 tripped offline at 11:50 on 01/18 and back online on 01/19 at 15:40. 3. Inverter 1 is started late 12:40 on 01/24 and tripped offline at 09:35 to 14:40 on 01/30 and started late production on 01/31. | L87: 1.SR080192 2.SR080319 3.SR080447
A88: Donati | B88: NY | C88: =Sites[[#This Row],[SOL'#]] -> SOL-10968 | D88: 82618 | E88: 0 | F88: =IF(AND(ISNUMBER(D88),ISNUMBER(E88)), D88-E88, "") -> 82618 | G88: =IFERROR(F88/E88, "") | H88: 120408 | I88: =IF(AND(ISNUMBER(D88),ISNUMBER(H88)), D88-H88, "") -> -37790 | J88: =IFERROR(I88/H88, "") -> -0.31384958 | K88: 1.Site tripped offline at 8:35am and back online at 16:55 on 01/17. | L88: 1. SR080280
A89: Henrietta | B89: NY | C89: =Sites[[#This Row],[SOL'#]] -> SOL-10972 | D89: 149508 | E89: 0 | F89: =IF(AND(ISNUMBER(D89),ISNUMBER(E89)), D89-E89, "") -> 149508 | G89: =IFERROR(F89/E89, "") | H89: 231860 | I89: =IF(AND(ISNUMBER(D89),ISNUMBER(H89)), D89-H89, "") -> -82352 | J89: =IFERROR(I89/H89, "") -> -0.35517985 | K89: 1.Inverter 4 started late production on 01/01 at 14:05. | L89: 1.SR079788
A90: NY 70 | B90: NY | C90: =Sites[[#This Row],[SOL'#]] -> SOL-10970 | D90: 202299 | E90: 0 | F90: =IF(AND(ISNUMBER(D90),ISNUMBER(E90)), D90-E90, "") -> 202299 | G90: =IFERROR(F90/E90, "") | H90: 360230 | I90: =IF(AND(ISNUMBER(D90),ISNUMBER(H90)), D90-H90, "") -> -157931 | J90: =IFERROR(I90/H90, "") -> -0.43841712 | K90: 1. Site tripped offline on 01/03/2024 at 7:35 & back online on 01/04/2024 at 16:25. 2. Site tripped offline at 01/09/2024 at 18:20 & back online on 01/10/2024 at 23:40. | L90: 1. SR079887 2. SR080113
A91: Reid | B91: NY | C91: =Sites[[#This Row],[SOL'#]] -> SOL-10991 | D91: 161556.07 | E91: 184058 | F91: =IF(AND(ISNUMBER(D91),ISNUMBER(E91)), D91-E91, "") -> -22501.929 | G91: =IFERROR(F91/E91, "") -> -0.12225456 | H91: 380016 | I91: =IF(AND(ISNUMBER(D91),ISNUMBER(H91)), D91-H91, "") -> -218459.93 | J91: =IFERROR(I91/H91, "") -> -0.57487034
A92: Sangolqui | B92: NY | C92: =Sites[[#This Row],[SOL'#]] -> SOL-10975 | D92: 76404 | E92: 0 | F92: =IF(AND(ISNUMBER(D92),ISNUMBER(E92)), D92-E92, "") -> 76404 | G92: =IFERROR(F92/E92, "") | H92: 117423 | I92: =IF(AND(ISNUMBER(D92),ISNUMBER(H92)), D92-H92, "") -> -41019 | J92: =IFERROR(I92/H92, "") -> -0.34932679 | K92: 1. Site tripped at 08:35 am on 01/17/2024 & back online 01/18/2024 at 8:00. | L92: 1. SR080284
A93: State Highway 17B | B93: NY | C93: =Sites[[#This Row],[SOL'#]] -> SOL-10988 | D93: 175181 | E93: 0 | F93: =IF(AND(ISNUMBER(D93),ISNUMBER(E93)), D93-E93, "") -> 175181 | G93: =IFERROR(F93/E93, "") | H93: 323774 | I93: =IF(AND(ISNUMBER(D93),ISNUMBER(H93)), D93-H93, "") -> -148593 | J93: =IFERROR(I93/H93, "") -> -0.4589405 | K93: 1. Site tripped offline on 01/13 at 11:00 & back online at 14:20. 2. Inverter 2 tripped offine on 01/14/2023 at 11:50 & back online at 02/04/2024. | L93: 1. SR080181 2. SR080203
A94: State Route 14A | B94: NY | C94: =Sites[[#This Row],[SOL'#]] -> SOL-10997 | D94: 251217 | E94: 0 | F94: =IF(AND(ISNUMBER(D94),ISNUMBER(E94)), D94-E94, "") -> 251217 | G94: =IFERROR(F94/E94, "") | H94: 347615 | I94: =IF(AND(ISNUMBER(D94),ISNUMBER(H94)), D94-H94, "") -> -96398 | J94: =IFERROR(I94/H94, "") -> -0.27731254 | K94: 1. Site tripped offline on 01/9 at 20:50 and back onlineon 01/10 10:25 | L94: 1. SR080114
A95: West Creek | B95: NY | C95: =Sites[[#This Row],[SOL'#]] -> SOL-10995 | D95: 204956 | E95: 0 | F95: =IF(AND(ISNUMBER(D95),ISNUMBER(E95)), D95-E95, "") -> 204956 | G95: =IFERROR(F95/E95, "") | H95: 298444 | I95: =IF(AND(ISNUMBER(D95),ISNUMBER(H95)), D95-H95, "") -> -93488 | J95: =IFERROR(I95/H95, "") -> -0.3132514 | K95: 1. Site tripped offline on 01/20/2024 & back online at 01/23/2024 at 12:40 | L95: 1. SR080356
A96: Wildflower | B96: NY | C96: =Sites[[#This Row],[SOL'#]] -> SOL-10982 | D96: 222902 | E96: 0 | F96: =IF(AND(ISNUMBER(D96),ISNUMBER(E96)), D96-E96, "") -> 222902 | G96: =IFERROR(F96/E96, "") | H96: 406945 | I96: =IF(AND(ISNUMBER(D96),ISNUMBER(H96)), D96-H96, "") -> -184043 | J96: =IFERROR(I96/H96, "") -> -0.45225522 | K96: 1. Inverter 3 tripped offline on 01/09/2023 at 11:00 & back online at 01/11/2024 at 11:00 & again offline on 01/12/2023 & back online 13:00. | L96: 1. SR080091.
A97: Glen Mary 1 | B97: NY | C97: =Sites[[#This Row],[SOL'#]] -> SOL-10993 | D97: 90965 | E97: 0 | F97: =IF(AND(ISNUMBER(D97),ISNUMBER(E97)), D97-E97, "") -> 90965 | G97: =IFERROR(F97/E97, "") | H97: 0 | I97: =IF(AND(ISNUMBER(D97),ISNUMBER(H97)), D97-H97, "") -> 90965 | J97: =IFERROR(I97/H97, "")
A98: Glen Mary 2 | B98: NY | C98: =Sites[[#This Row],[SOL'#]] -> SOL-10994 | D98: 39864 | E98: 0 | F98: =IF(AND(ISNUMBER(D98),ISNUMBER(E98)), D98-E98, "") -> 39864 | G98: =IFERROR(F98/E98, "") | H98: 159217 | I98: =IF(AND(ISNUMBER(D98),ISNUMBER(H98)), D98-H98, "") -> -119353 | J98: =IFERROR(I98/H98, "") -> -0.74962473
A99: Telegraph 1 | B99: NY | C99: =Sites[[#This Row],[SOL'#]] -> SOL-11003 | D99: 54564 | E99: 0 | F99: =IF(AND(ISNUMBER(D99),ISNUMBER(E99)), D99-E99, "") -> 54564 | G99: =IFERROR(F99/E99, "") | H99: 264699 | I99: =IF(AND(ISNUMBER(D99),ISNUMBER(H99)), D99-H99, "") -> -210135 | J99: =IFERROR(I99/H99, "") -> -0.79386397 | K99: 1. Site tripped offline on 01/04/2023 at 14:45 & back online at EOD 2. Site tripped offline on 01/03 and back online at 10:40 AM | L99: 1. SR079959 2. SR079882
A100: Telegraph 2 | B100: NY | C100: =Sites[[#This Row],[SOL'#]] -> SOL-11004 | D100: 29393 | E100: 0 | F100: =IF(AND(ISNUMBER(D100),ISNUMBER(E100)), D100-E100, "") -> 29393 | G100: =IFERROR(F100/E100, "") | H100: 137325 | I100: =IF(AND(ISNUMBER(D100),ISNUMBER(H100)), D100-H100, "") -> -107932 | J100: =IFERROR(I100/H100, "") -> -0.78596031 | K100: 1. Site tripped offline on 01/04/2023 at 14:45 & back online at EOD 2. Site tripped offline on 01/03 and back online at 10:40 AM | L100: 1. SR079960 2. SR079883
A101: Cafferty Hill | B101: NY | C101: =Sites[[#This Row],[SOL'#]] -> SOL-10996 | D101: 100252 | E101: 0 | F101: =IF(AND(ISNUMBER(D101),ISNUMBER(E101)), D101-E101, "") -> 100252 | G101: =IFERROR(F101/E101, "") | H101: 312360 | I101: =IF(AND(ISNUMBER(D101),ISNUMBER(H101)), D101-H101, "") -> -212108 | J101: =IFERROR(I101/H101, "") -> -0.67904981
A102: Dunkleman | B102: NY | C102: =Sites[[#This Row],[SOL'#]] -> SOL-11008 | D102: 83950 | E102: 0 | F102: =IF(AND(ISNUMBER(D102),ISNUMBER(E102)), D102-E102, "") -> 83950 | G102: =IFERROR(F102/E102, "") | H102: 0 | I102: =IF(AND(ISNUMBER(D102),ISNUMBER(H102)), D102-H102, "") -> 83950 | J102: =IFERROR(I102/H102, "") | K102: 1. Site offline due to transformer tripping issue from 01/29 2. Site tripped offline on 01/09 at 15:00 and back online 01/12 at 16:00. 3. Inverter 1 tripped offline due to ground fault multiples in this month. | L102: 1. SR080591 2. SR080107 3. SR080268
...

Sheet Feb
A1: {=portfolio} -> Generate Capital | E1: February Actual v. Expected | H1: February Actual v. Forecasted
A2: Total | D2: =SUM(D4:D137) -> 16791596 | E2: =SUM(E4:E137) -> 6681817 | F2: =D2-E2 -> 10109779 | G2: =IFERROR(F2/E2, 0) -> 1.5130285 | H2: =SUM(H4:H137) -> 11065785 | I2: =D2-H2 -> 5725810.9 | J2: =IFERROR(I2/H2, 0) -> 0.51743375 | K2: =IF(AND(TODAY()>DATE(2024, 2, 1), COUNTA(Sites[Site])<>(COUNT(D:D)-1)), "Some sites are missing actual data; if new sites were added, make sure they are aligned correctly (including prior months!)", "") -> Some sites are missing actual data; if new sites were added, make sure they are aligned correctly (including prior months!)
A3: Site | B3: State | C3: SOL# | D3: Actual | E3: Expected | F3: Delta | G3: % | H3: Forecasted | I3: Delta | J3: % | K3: Notes | L3: Service Requests
A4: {=Sites[Site]} -> Farmer | B4: {=Sites[State]} -> AZ | C4: =Sites[[#This Row],[SOL'#]] -> SOL-10748 | D4: 10378.094 | E4: 7847.527 | F4: =IF(AND(ISNUMBER(D4),ISNUMBER(E4)), D4-E4, "") -> 2530.5672 | G4: =IFERROR(F4/E4, "") -> 0.32246684 | H4: 10339.17 | I4: =IF(AND(ISNUMBER(D4),ISNUMBER(H4)), D4-H4, "") -> 38.924243 | J4: =IFERROR(I4/H4, "") -> 0.0037647358
A5: Fulton | B5: AZ | C5: =Sites[[#This Row],[SOL'#]] -> SOL-10749 | D5: 30613.5 | E5: 35548.24 | F5: =IF(AND(ISNUMBER(D5),ISNUMBER(E5)), D5-E5, "") -> -4934.74 | G5: =IFERROR(F5/E5, "") -> -0.13881812 | H5: 40290 | I5: =IF(AND(ISNUMBER(D5),ISNUMBER(H5)), D5-H5, "") -> -9676.5 | J5: =IFERROR(I5/H5, "") -> -0.24017126 | K5: 1. Inverter was offline on 02/12 and back online on 02/13 2. The inverter was offline on 02/23 and came back online on 02/26. | L5: 1. SR080937 2. SR081271
A6: JFK Elementary | B6: AZ | C6: =Sites[[#This Row],[SOL'#]] -> SOL-10758 | D6: 16543.18 | E6: 0 | F6: =IF(AND(ISNUMBER(D6),ISNUMBER(E6)), D6-E6, "") -> 16543.18 | G6: =IFERROR(F6/E6, "") | H6: 1876 | I6: =IF(AND(ISNUMBER(D6),ISNUMBER(H6)), D6-H6, "") -> 14667.18 | J6: =IFERROR(I6/H6, "") -> 7.8183262
A7: Noble | B7: AZ | C7: =Sites[[#This Row],[SOL'#]] -> SOL-10750 | D7: 9896.6512 | E7: 13290.27 | F7: =IF(AND(ISNUMBER(D7),ISNUMBER(E7)), D7-E7, "") -> -3393.6188 | G7: =IFERROR(F7/E7, "") -> -0.25534612 | H7: 10566.75 | I7: =IF(AND(ISNUMBER(D7),ISNUMBER(H7)), D7-H7, "") -> -670.09884 | J7: =IFERROR(I7/H7, "") -> -0.063415794
A8: Parking 3 | B8: AZ | C8: =Sites[[#This Row],[SOL'#]] -> SOL-10751 | D8: 24635.19 | E8: 26794.79 | F8: =IF(AND(ISNUMBER(D8),ISNUMBER(E8)), D8-E8, "") -> -2159.6 | G8: =IFERROR(F8/E8, "") -> -0.080597758 | H8: 25826.39 | I8: =IF(AND(ISNUMBER(D8),ISNUMBER(H8)), D8-H8, "") -> -1191.2 | J8: =IFERROR(I8/H8, "") -> -0.046123365 | K8: 1. The inverter 1.1 is offline on 02/08 and back online on 02/09. | L8: 1. SR080873
A9: PE East | B9: AZ | C9: =Sites[[#This Row],[SOL'#]] -> SOL-10752 | D9: 23621.417 | E9: 18394.21 | F9: =IF(AND(ISNUMBER(D9),ISNUMBER(E9)), D9-E9, "") -> 5227.2073 | G9: =IFERROR(F9/E9, "") -> 0.28417678 | H9: 24794.87 | I9: =IF(AND(ISNUMBER(D9),ISNUMBER(H9)), D9-H9, "") -> -1173.4527 | J9: =IFERROR(I9/H9, "") -> -0.04732643
A10: Schwada | B10: AZ | C10: =Sites[[#This Row],[SOL'#]] -> SOL-10753 | D10: 10153.304 | E10: 7717.983 | F10: =IF(AND(ISNUMBER(D10),ISNUMBER(E10)), D10-E10, "") -> 2435.3213 | G10: =IFERROR(F10/E10, "") -> 0.31553856 | H10: 10882 | I10: =IF(AND(ISNUMBER(D10),ISNUMBER(H10)), D10-H10, "") -> -728.69572 | J10: =IFERROR(I10/H10, "") -> -0.0669634
A11: Starshine | B11: AZ | C11: =Sites[[#This Row],[SOL'#]] -> SOL-10757 | D11: 3146.594 | E11: 0 | F11: =IF(AND(ISNUMBER(D11),ISNUMBER(E11)), D11-E11, "") -> 3146.594 | G11: =IFERROR(F11/E11, "") | H11: 0 | I11: =IF(AND(ISNUMBER(D11),ISNUMBER(H11)), D11-H11, "") -> 3146.594 | J11: =IFERROR(I11/H11, "") | K11: 1. Site is offline on 02/07, 02/10, 02/14, 02/17, 02/21, 02/23 to 02/25 | L11: 1. SR081005
A12: Yuma Airport | B12: AZ | C12: =Sites[[#This Row],[SOL'#]] -> SOL-10754 | D12: 64193 | E12: 78368.52 | F12: =IF(AND(ISNUMBER(D12),ISNUMBER(E12)), D12-E12, "") -> -14175.52 | G12: =IFERROR(F12/E12, "") -> -0.18088283 | H12: 63360 | I12: =IF(AND(ISNUMBER(D12),ISNUMBER(H12)), D12-H12, "") -> 833 | J12: =IFERROR(I12/H12, "") -> 0.013147096
A13: Kinsman | B13: OH | C13: =Sites[[#This Row],[SOL'#]] -> SOL-10762 | D13: 84185.891 | E13: 115574.5 | F13: =IF(AND(ISNUMBER(D13),ISNUMBER(E13)), D13-E13, "") -> -31388.609 | G13: =IFERROR(F13/E13, "") -> -0.27158767 | H13: 65827 | I13: =IF(AND(ISNUMBER(D13),ISNUMBER(H13)), D13-H13, "") -> 18358.891 | J13: =IFERROR(I13/H13, "") -> 0.27889606
A14: Wooster | B14: OH | C14: =Sites[[#This Row],[SOL'#]] -> SOL-10763 | D14: 16957.75 | E14: 0 | F14: =IF(AND(ISNUMBER(D14),ISNUMBER(E14)), D14-E14, "") -> 16957.75 | G14: =IFERROR(F14/E14, "") | H14: 14218 | I14: =IF(AND(ISNUMBER(D14),ISNUMBER(H14)), D14-H14, "") -> 2739.75 | J14: =IFERROR(I14/H14, "") -> 0.19269588
A15: Globe Gila CC | B15: AZ | C15: =Sites[[#This Row],[SOL'#]] -> SOL-10755 | D15: 11714.442 | E15: 0 | F15: =IF(AND(ISNUMBER(D15),ISNUMBER(E15)), D15-E15, "") -> 11714.442 | G15: =IFERROR(F15/E15, "") | H15: 10665 | I15: =IF(AND(ISNUMBER(D15),ISNUMBER(H15)), D15-H15, "") -> 1049.442 | J15: =IFERROR(I15/H15, "") -> 0.098400566
A16: Payson Gila CC | B16: AZ | C16: =Sites[[#This Row],[SOL'#]] -> SOL-10756 | D16: 7699.9745 | E16: 0 | F16: =IF(AND(ISNUMBER(D16),ISNUMBER(E16)), D16-E16, "") -> 7699.9745 | G16: =IFERROR(F16/E16, "") | H16: 9141 | I16: =IF(AND(ISNUMBER(D16),ISNUMBER(H16)), D16-H16, "") -> -1441.0255 | J16: =IFERROR(I16/H16, "") -> -0.15764418
A17: SCNM | B17: AZ | C17: =Sites[[#This Row],[SOL'#]] -> SOL-10760 | D17: 56041.06 | E17: 0 | F17: =IF(AND(ISNUMBER(D17),ISNUMBER(E17)), D17-E17, "") -> 56041.06 | G17: =IFERROR(F17/E17, "") | H17: 27038 | I17: =IF(AND(ISNUMBER(D17),ISNUMBER(H17)), D17-H17, "") -> 29003.06 | J17: =IFERROR(I17/H17, "") -> 1.0726777 | K17: 1. Inverter 2 has been underperforming by 40kW compared to inverter 1 since 02/09. | L17: 1. SR081066
A18: Sequoia Charter School | B18: AZ | C18: =Sites[[#This Row],[SOL'#]] -> SOL-10759 | D18: 25607.37 | E18: 0 | F18: =IF(AND(ISNUMBER(D18),ISNUMBER(E18)), D18-E18, "") -> 25607.37 | G18: =IFERROR(F18/E18, "") | H18: 8900 | I18: =IF(AND(ISNUMBER(D18),ISNUMBER(H18)), D18-H18, "") -> 16707.37 | J18: =IFERROR(I18/H18, "") -> 1.8772326
A19: RCAB | B19: MA | C19: =Sites[[#This Row],[SOL'#]] -> SOL-10838 | D19: 63236 | E19: 78953.95 | F19: =IF(AND(ISNUMBER(D19),ISNUMBER(E19)), D19-E19, "") -> -15717.95 | G19: =IFERROR(F19/E19, "") -> -0.19907744 | H19: 64151.06 | I19: =IF(AND(ISNUMBER(D19),ISNUMBER(H19)), D19-H19, "") -> -915.06 | J19: =IFERROR(I19/H19, "") -> -0.014264145
A20: Spectro Coatings | B20: MA | C20: =Sites[[#This Row],[SOL'#]] -> SOL-10074 | D20: 11878.5 | E20: 25057.18 | F20: =IF(AND(ISNUMBER(D20),ISNUMBER(E20)), D20-E20, "") -> -13178.68 | G20: =IFERROR(F20/E20, "") -> -0.52594426 | H20: 16839.5 | I20: =IF(AND(ISNUMBER(D20),ISNUMBER(H20)), D20-H20, "") -> -4961 | J20: =IFERROR(I20/H20, "") -> -0.29460495 | K20: 1. The site was offline on 02/13, and the technician reset the inverters' AC disconnects, bringing it back online on 02/22 at 13:00. 2. All the inverters tripped offline on 02/25, and the technician reset them, bringing them back online on 02/26 at 9:00. | L20: 1. SR080401 2. SR081307
A21: K026 | B21: NY | C21: =Sites[[#This Row],[SOL'#]] -> SOL-10356 | D21: 14883.333 | E21: 23285.08 | F21: =IF(AND(ISNUMBER(D21),ISNUMBER(E21)), D21-E21, "") -> -8401.7466 | G21: =IFERROR(F21/E21, "") -> -0.36082103 | H21: 23184.85 | I21: =IF(AND(ISNUMBER(D21),ISNUMBER(H21)), D21-H21, "") -> -8301.5166 | J21: =IFERROR(I21/H21, "") -> -0.35805781
A22: K041 | B22: NY | C22: =Sites[[#This Row],[SOL'#]] -> SOL-10357 | D22: 12699.726 | E22: 0 | F22: =IF(AND(ISNUMBER(D22),ISNUMBER(E22)), D22-E22, "") -> 12699.726 | G22: =IFERROR(F22/E22, "") | H22: 0 | I22: =IF(AND(ISNUMBER(D22),ISNUMBER(H22)), D22-H22, "") -> 12699.726 | J22: =IFERROR(I22/H22, "")
A23: K043 | B23: NY | C23: =Sites[[#This Row],[SOL'#]] -> SOL-10358 | D23: 13738.875 | E23: 19314.28 | F23: =IF(AND(ISNUMBER(D23),ISNUMBER(E23)), D23-E23, "") -> -5575.405 | G23: =IFERROR(F23/E23, "") -> -0.2886675 | H23: 24182 | I23: =IF(AND(ISNUMBER(D23),ISNUMBER(H23)), D23-H23, "") -> -10443.125 | J23: =IFERROR(I23/H23, "") -> -0.43185531
A24: K058 | B24: NY | C24: =Sites[[#This Row],[SOL'#]] -> SOL-10360 | D24: 11751.812 | E24: 16058.48 | F24: =IF(AND(ISNUMBER(D24),ISNUMBER(E24)), D24-E24, "") -> -4306.6675 | G24: =IFERROR(F24/E24, "") -> -0.2681865 | H24: 15926.33 | I24: =IF(AND(ISNUMBER(D24),ISNUMBER(H24)), D24-H24, "") -> -4174.5175 | J24: =IFERROR(I24/H24, "") -> -0.26211422
A25: K115 | B25: NY | C25: =Sites[[#This Row],[SOL'#]] -> SOL-10361 | D25: 2969.1287 | E25: 8398.146 | F25: =IF(AND(ISNUMBER(D25),ISNUMBER(E25)), D25-E25, "") -> -5429.0173 | G25: =IFERROR(F25/E25, "") -> -0.64645427 | H25: 5544.343 | I25: =IF(AND(ISNUMBER(D25),ISNUMBER(H25)), D25-H25, "") -> -2575.2143 | J25: =IFERROR(I25/H25, "") -> -0.46447602 | K25: 1. Ongoing construction to the array on the roof. 70 percent of the array is offline for construction | L25: 1. SR077214
A26: K152 | B26: NY | C26: =Sites[[#This Row],[SOL'#]] -> SOL-10362 | D26: 4632.0781 | E26: 5853.167 | F26: =IF(AND(ISNUMBER(D26),ISNUMBER(E26)), D26-E26, "") -> -1221.0889 | G26: =IFERROR(F26/E26, "") -> -0.2086202 | H26: 1081 | I26: =IF(AND(ISNUMBER(D26),ISNUMBER(H26)), D26-H26, "") -> 3551.0781 | J26: =IFERROR(I26/H26, "") -> 3.2849936
A27: K166 | B27: NY | C27: =Sites[[#This Row],[SOL'#]] -> SOL-10363 | D27: 16586.375 | E27: 22508.54 | F27: =IF(AND(ISNUMBER(D27),ISNUMBER(E27)), D27-E27, "") -> -5922.165 | G27: =IFERROR(F27/E27, "") -> -0.26310747 | H27: 23922.34 | I27: =IF(AND(ISNUMBER(D27),ISNUMBER(H27)), D27-H27, "") -> -7335.965 | J27: =IFERROR(I27/H27, "") -> -0.3066575
A28: K206 | B28: NY | C28: =Sites[[#This Row],[SOL'#]] -> SOL-10927 | D28: 9460.924 | E28: 0 | F28: =IF(AND(ISNUMBER(D28),ISNUMBER(E28)), D28-E28, "") -> 9460.924 | G28: =IFERROR(F28/E28, "") | H28: 0 | I28: =IF(AND(ISNUMBER(D28),ISNUMBER(H28)), D28-H28, "") -> 9460.924 | J28: =IFERROR(I28/H28, "")
A29: K251 | B29: NY | C29: =Sites[[#This Row],[SOL'#]] -> SOL-10365 | D29: 10884.625 | E29: 14018.29 | F29: =IF(AND(ISNUMBER(D29),ISNUMBER(E29)), D29-E29, "") -> -3133.665 | G29: =IFERROR(F29/E29, "") -> -0.22354117 | H29: 12921.92 | I29: =IF(AND(ISNUMBER(D29),ISNUMBER(H29)), D29-H29, "") -> -2037.295 | J29: =IFERROR(I29/H29, "") -> -0.15766194
A30: K269 | B30: NY | C30: =Sites[[#This Row],[SOL'#]] -> SOL-10366 | D30: 9933.2188 | E30: 0 | F30: =IF(AND(ISNUMBER(D30),ISNUMBER(E30)), D30-E30, "") -> 9933.2188 | G30: =IFERROR(F30/E30, "") | H30: 14500.27 | I30: =IF(AND(ISNUMBER(D30),ISNUMBER(H30)), D30-H30, "") -> -4567.0513 | J30: =IFERROR(I30/H30, "") -> -0.31496319
A31: K273 | B31: NY | C31: =Sites[[#This Row],[SOL'#]] -> SOL-10367 | D31: 10966.562 | E31: 0 | F31: =IF(AND(ISNUMBER(D31),ISNUMBER(E31)), D31-E31, "") -> 10966.562 | G31: =IFERROR(F31/E31, "") | H31: 14879 | I31: =IF(AND(ISNUMBER(D31),ISNUMBER(H31)), D31-H31, "") -> -3912.4375 | J31: =IFERROR(I31/H31, "") -> -0.2629503
A32: K287 | B32: NY | C32: =Sites[[#This Row],[SOL'#]] -> SOL-10919 | D32: 8921.247 | E32: 10128.11 | F32: =IF(AND(ISNUMBER(D32),ISNUMBER(E32)), D32-E32, "") -> -1206.863 | G32: =IFERROR(F32/E32, "") -> -0.11915975 | H32: 0 | I32: =IF(AND(ISNUMBER(D32),ISNUMBER(H32)), D32-H32, "") -> 8921.247 | J32: =IFERROR(I32/H32, "")
A33: K298 | B33: NY | C33: =Sites[[#This Row],[SOL'#]] -> SOL-10368 | D33: 8100.8125 | E33: 13207.68 | F33: =IF(AND(ISNUMBER(D33),ISNUMBER(E33)), D33-E33, "") -> -5106.8675 | G33: =IFERROR(F33/E33, "") -> -0.38665894 | H33: 0 | I33: =IF(AND(ISNUMBER(D33),ISNUMBER(H33)), D33-H33, "") -> 8100.8125 | J33: =IFERROR(I33/H33, "") | K33: 1. The primary unit of Inverter 1 started late on 02/10, 02/23, 02/27, and 02/28. | L33: 1. SR080914
A34: K335 | B34: NY | C34: =Sites[[#This Row],[SOL'#]] -> SOL-10370 | D34: 9156.9688 | E34: 13942.97 | F34: =IF(AND(ISNUMBER(D34),ISNUMBER(E34)), D34-E34, "") -> -4786.0012 | G34: =IFERROR(F34/E34, "") -> -0.34325551 | H34: 14555 | I34: =IF(AND(ISNUMBER(D34),ISNUMBER(H34)), D34-H34, "") -> -5398.0312 | J34: =IFERROR(I34/H34, "") -> -0.37087126
A35: K345 | B35: NY | C35: =Sites[[#This Row],[SOL'#]] -> SOL-10920 | D35: 9252.7981 | E35: 9601.574 | F35: =IF(AND(ISNUMBER(D35),ISNUMBER(E35)), D35-E35, "") -> -348.77593 | G35: =IFERROR(F35/E35, "") -> -0.036324871 | H35: 7610 | I35: =IF(AND(ISNUMBER(D35),ISNUMBER(H35)), D35-H35, "") -> 1642.7981 | J35: =IFERROR(I35/H35, "") -> 0.2158736 | K35: 1. The inverter 3 is offline on 02/06 and back online on 02/12 at 12:00pm. 2. Site tripped offline on 02/12 at 08:00am and came back online at 12:00pm on the same day. | L35: 1. SR080762 2. SR080934
A36: K445 | B36: NY | C36: =Sites[[#This Row],[SOL'#]] -> SOL-10373 | D36: 9518.383 | E36: 0 | F36: =IF(AND(ISNUMBER(D36),ISNUMBER(E36)), D36-E36, "") -> 9518.383 | G36: =IFERROR(F36/E36, "") | H36: 0 | I36: =IF(AND(ISNUMBER(D36),ISNUMBER(H36)), D36-H36, "") -> 9518.383 | J36: =IFERROR(I36/H36, "")
A37: K495 | B37: NY | C37: =Sites[[#This Row],[SOL'#]] -> SOL-10374 | D37: 41137.312 | E37: 0 | F37: =IF(AND(ISNUMBER(D37),ISNUMBER(E37)), D37-E37, "") -> 41137.312 | G37: =IFERROR(F37/E37, "") | H37: 0 | I37: =IF(AND(ISNUMBER(D37),ISNUMBER(H37)), D37-H37, "") -> 41137.312 | J37: =IFERROR(I37/H37, "") | K37: 1. The inverter 10 center unit has been offline since 02/26. | L37: 1. SR081412
A38: M020 | B38: NY | C38: =Sites[[#This Row],[SOL'#]] -> SOL-10380 | D38: 9899.2188 | E38: 8106.888 | F38: =IF(AND(ISNUMBER(D38),ISNUMBER(E38)), D38-E38, "") -> 1792.3308 | G38: =IFERROR(F38/E38, "") -> 0.2210874 | H38: 0 | I38: =IF(AND(ISNUMBER(D38),ISNUMBER(H38)), D38-H38, "") -> 9899.2188 | J38: =IFERROR(I38/H38, "")
A39: M092 | B39: NY | C39: =Sites[[#This Row],[SOL'#]] -> SOL-10383 | D39: 9074.4375 | E39: 13564.97 | F39: =IF(AND(ISNUMBER(D39),ISNUMBER(E39)), D39-E39, "") -> -4490.5325 | G39: =IFERROR(F39/E39, "") -> -0.33103888 | H39: 14231.42 | I39: =IF(AND(ISNUMBER(D39),ISNUMBER(H39)), D39-H39, "") -> -5156.9825 | J39: =IFERROR(I39/H39, "") -> -0.36236598
A40: M143 | B40: NY | C40: =Sites[[#This Row],[SOL'#]] -> SOL-10384 | D40: 9946.8125 | E40: 15822.48 | F40: =IF(AND(ISNUMBER(D40),ISNUMBER(E40)), D40-E40, "") -> -5875.6675 | G40: =IFERROR(F40/E40, "") -> -0.37134934 | H40: 18573.72 | I40: =IF(AND(ISNUMBER(D40),ISNUMBER(H40)), D40-H40, "") -> -8626.9075 | J40: =IFERROR(I40/H40, "") -> -0.46446848
A41: M144 | B41: NY | C41: =Sites[[#This Row],[SOL'#]] -> SOL-10385 | D41: 15594.5 | E41: 0 | F41: =IF(AND(ISNUMBER(D41),ISNUMBER(E41)), D41-E41, "") -> 15594.5 | G41: =IFERROR(F41/E41, "") | H41: 0 | I41: =IF(AND(ISNUMBER(D41),ISNUMBER(H41)), D41-H41, "") -> 15594.5 | J41: =IFERROR(I41/H41, "")
A42: M167 | B42: NY | C42: =Sites[[#This Row],[SOL'#]] -> SOL-10386 | D42: 10945.18 | E42: 12895.85 | F42: =IF(AND(ISNUMBER(D42),ISNUMBER(E42)), D42-E42, "") -> -1950.6696 | G42: =IFERROR(F42/E42, "") -> -0.15126336 | H42: 13415.56 | I42: =IF(AND(ISNUMBER(D42),ISNUMBER(H42)), D42-H42, "") -> -2470.3796 | J42: =IFERROR(I42/H42, "") -> -0.18414286 | K42: 1. The left unit of Inverter 2 has been offline since 02/12 and came back online on 02/20. | L42: 1. SR080942
A43: M188 | B43: NY | C43: =Sites[[#This Row],[SOL'#]] -> SOL-10387 | D43: 8728.4587 | E43: 0 | F43: =IF(AND(ISNUMBER(D43),ISNUMBER(E43)), D43-E43, "") -> 8728.4587 | G43: =IFERROR(F43/E43, "") | H43: 0 | I43: =IF(AND(ISNUMBER(D43),ISNUMBER(H43)), D43-H43, "") -> 8728.4587 | J43: =IFERROR(I43/H43, "")
A44: EMHC | B44: NY | C44: =Sites[[#This Row],[SOL'#]] -> SOL-10351 | D44: 2373.4024 | E44: 0 | F44: =IF(AND(ISNUMBER(D44),ISNUMBER(E44)), D44-E44, "") -> 2373.4024 | G44: =IFERROR(F44/E44, "") | H44: 0 | I44: =IF(AND(ISNUMBER(D44),ISNUMBER(H44)), D44-H44, "") -> 2373.4024 | J44: =IFERROR(I44/H44, "")
A45: Q008 | B45: NY | C45: =Sites[[#This Row],[SOL'#]] -> SOL-10397 | D45: 14341.117 | E45: 17495.71 | F45: =IF(AND(ISNUMBER(D45),ISNUMBER(E45)), D45-E45, "") -> -3154.5928 | G45: =IFERROR(F45/E45, "") -> -0.18030665 | H45: 18089 | I45: =IF(AND(ISNUMBER(D45),ISNUMBER(H45)), D45-H45, "") -> -3747.8828 | J45: =IFERROR(I45/H45, "") -> -0.20719127
A46: Q018 | B46: NY | C46: =Sites[[#This Row],[SOL'#]] -> SOL-10398 | D46: 8095.6875 | E46: 12613.08 | F46: =IF(AND(ISNUMBER(D46),ISNUMBER(E46)), D46-E46, "") -> -4517.3925 | G46: =IFERROR(F46/E46, "") -> -0.35815142 | H46: 12784.81 | I46: =IF(AND(ISNUMBER(D46),ISNUMBER(H46)), D46-H46, "") -> -4689.1225 | J46: =IFERROR(I46/H46, "") -> -0.36677295
A47: Q021 | B47: NY | C47: =Sites[[#This Row],[SOL'#]] -> SOL-10399 | D47: 6658.7188 | E47: 10734.29 | F47: =IF(AND(ISNUMBER(D47),ISNUMBER(E47)), D47-E47, "") -> -4075.5713 | G47: =IFERROR(F47/E47, "") -> -0.37967777 | H47: 5480.994 | I47: =IF(AND(ISNUMBER(D47),ISNUMBER(H47)), D47-H47, "") -> 1177.7248 | J47: =IFERROR(I47/H47, "") -> 0.2148743
A48: Q025 | B48: NY | C48: =Sites[[#This Row],[SOL'#]] -> SOL-10400 | D48: 10992.375 | E48: 16909.42 | F48: =IF(AND(ISNUMBER(D48),ISNUMBER(E48)), D48-E48, "") -> -5917.045 | G48: =IFERROR(F48/E48, "") -> -0.34992596 | H48: 9540 | I48: =IF(AND(ISNUMBER(D48),ISNUMBER(H48)), D48-H48, "") -> 1452.375 | J48: =IFERROR(I48/H48, "") -> 0.15224057
A49: Q074 | B49: NY | C49: =Sites[[#This Row],[SOL'#]] -> SOL-10402 | D49: 6577.5938 | E49: 10436.13 | F49: =IF(AND(ISNUMBER(D49),ISNUMBER(E49)), D49-E49, "") -> -3858.5362 | G49: =IFERROR(F49/E49, "") -> -0.36972865 | H49: 10440.21 | I49: =IF(AND(ISNUMBER(D49),ISNUMBER(H49)), D49-H49, "") -> -3862.6162 | J49: =IFERROR(I49/H49, "") -> -0.36997496 | K49: 1. Inverter 2 (which is inverter 1 in PowerTrack) left unit is offline on 02/18 and back online on 02/26 at 10:30AM | L49: 1.SR081106, SR081210
A50: Q115 | B50: NY | C50: =Sites[[#This Row],[SOL'#]] -> SOL-10872 | D50: 9157.2188 | E50: 15076.37 | F50: =IF(AND(ISNUMBER(D50),ISNUMBER(E50)), D50-E50, "") -> -5919.1513 | G50: =IFERROR(F50/E50, "") -> -0.39261117 | H50: 14141.7 | I50: =IF(AND(ISNUMBER(D50),ISNUMBER(H50)), D50-H50, "") -> -4984.4813 | J50: =IFERROR(I50/H50, "") -> -0.35246691
A51: Q139 | B51: NY | C51: =Sites[[#This Row],[SOL'#]] -> SOL-10403 | D51: 5878.2188 | E51: 8344.696 | F51: =IF(AND(ISNUMBER(D51),ISNUMBER(E51)), D51-E51, "") -> -2466.4772 | G51: =IFERROR(F51/E51, "") -> -0.29557425 | H51: 8025 | I51: =IF(AND(ISNUMBER(D51),ISNUMBER(H51)), D51-H51, "") -> -2146.7812 | J51: =IFERROR(I51/H51, "") -> -0.26751168
A52: Q157 | B52: NY | C52: =Sites[[#This Row],[SOL'#]] -> SOL-10404 | D52: 9228.1875 | E52: 16163.48 | F52: =IF(AND(ISNUMBER(D52),ISNUMBER(E52)), D52-E52, "") -> -6935.2925 | G52: =IFERROR(F52/E52, "") -> -0.42907174 | H52: 15359.34 | I52: =IF(AND(ISNUMBER(D52),ISNUMBER(H52)), D52-H52, "") -> -6131.1525 | J52: =IFERROR(I52/H52, "") -> -0.39918073 | K52: 1.Inverter 4 is offline due to an isolation fault on 02/23 | L52: 1.SR081267
A53: Q192 | B53: NY | C53: =Sites[[#This Row],[SOL'#]] -> SOL-10406 | D53: 15802.688 | E53: 24783.49 | F53: =IF(AND(ISNUMBER(D53),ISNUMBER(E53)), D53-E53, "") -> -8980.8025 | G53: =IFERROR(F53/E53, "") -> -0.36237037 | H53: 21116.05 | I53: =IF(AND(ISNUMBER(D53),ISNUMBER(H53)), D53-H53, "") -> -5313.3625 | J53: =IFERROR(I53/H53, "") -> -0.25162672
A54: Q210 | B54: NY | C54: =Sites[[#This Row],[SOL'#]] -> SOL-10407 | D54: 12134.875 | E54: 17223.77 | F54: =IF(AND(ISNUMBER(D54),ISNUMBER(E54)), D54-E54, "") -> -5088.895 | G54: =IFERROR(F54/E54, "") -> -0.29545767 | H54: 18108 | I54: =IF(AND(ISNUMBER(D54),ISNUMBER(H54)), D54-H54, "") -> -5973.125 | J54: =IFERROR(I54/H54, "") -> -0.32986111 | K54: 1.Inverter 3 left unit is offline from 02/01 and back online on 02/22 at 11:00 | L54: 1.SR080789
A55: Q229 | B55: NY | C55: =Sites[[#This Row],[SOL'#]] -> SOL-10408 | D55: 5675.1875 | E55: 8021.049 | F55: =IF(AND(ISNUMBER(D55),ISNUMBER(E55)), D55-E55, "") -> -2345.8615 | G55: =IFERROR(F55/E55, "") -> -0.29246318 | H55: 8779.733 | I55: =IF(AND(ISNUMBER(D55),ISNUMBER(H55)), D55-H55, "") -> -3104.5455 | J55: =IFERROR(I55/H55, "") -> -0.35360363
A56: Q231 | B56: NY | C56: =Sites[[#This Row],[SOL'#]] -> SOL-10870 | D56: 22856.188 | E56: 35658.61 | F56: =IF(AND(ISNUMBER(D56),ISNUMBER(E56)), D56-E56, "") -> -12802.423 | G56: =IFERROR(F56/E56, "") -> -0.35902753 | H56: 0 | I56: =IF(AND(ISNUMBER(D56),ISNUMBER(H56)), D56-H56, "") -> 22856.188 | J56: =IFERROR(I56/H56, "")
A57: Q405 | B57: NY | C57: =Sites[[#This Row],[SOL'#]] -> SOL-10409 | D57: 23173.875 | E57: 34907.18 | F57: =IF(AND(ISNUMBER(D57),ISNUMBER(E57)), D57-E57, "") -> -11733.305 | G57: =IFERROR(F57/E57, "") -> -0.3361287 | H57: 26531.72 | I57: =IF(AND(ISNUMBER(D57),ISNUMBER(H57)), D57-H57, "") -> -3357.845 | J57: =IFERROR(I57/H57, "") -> -0.12655964
A58: Q435 | B58: NY | C58: =Sites[[#This Row],[SOL'#]] -> SOL-10923 | E58: 0 | F58: =IF(AND(ISNUMBER(D58),ISNUMBER(E58)), D58-E58, "") | G58: =IFERROR(F58/E58, "") | H58: 0 | I58: =IF(AND(ISNUMBER(D58),ISNUMBER(H58)), D58-H58, "") | J58: =IFERROR(I58/H58, "") | K58: 1. Site was offline due to transformer issue. | L58: 1. SR077239
A59: Q485 | B59: NY | C59: =Sites[[#This Row],[SOL'#]] -> SOL-10869 | D59: 23492.947 | E59: 26113.12 | F59: =IF(AND(ISNUMBER(D59),ISNUMBER(E59)), D59-E59, "") -> -2620.1725 | G59: =IFERROR(F59/E59, "") -> -0.10033931 | H59: 31669.23 | I59: =IF(AND(ISNUMBER(D59),ISNUMBER(H59)), D59-H59, "") -> -8176.2825 | J59: =IFERROR(I59/H59, "") -> -0.2581775 | K59: 1.Inverter 1 central unit tripped offline on 02/06 at 15:00 and back online 02/16 at 07:00 2.Inverter 2 primary unit offline from 02/06 and back online on 02/16 at 07:00 3.Inverter 3 right unit tripped offline at 15:00 on 02/07 and back online on 02/16 at 11:00 4.Inverter 4 left unit is offline from 02/07 and back online on 02/16 at 11:00AM | L59: 1.SR080835 2.SR080836 3.SR080476 4.SR080837
A60: Q490 | B60: NY | C60: =Sites[[#This Row],[SOL'#]] -> SOL-10411 | D60: 19705.706 | E60: 0 | F60: =IF(AND(ISNUMBER(D60),ISNUMBER(E60)), D60-E60, "") -> 19705.706 | G60: =IFERROR(F60/E60, "") | H60: 28902.87 | I60: =IF(AND(ISNUMBER(D60),ISNUMBER(H60)), D60-H60, "") -> -9197.1643 | J60: =IFERROR(I60/H60, "") -> -0.31820938 | K60: 1.Inverter 4 tripped offline on 02/09 at 15:15 and back online on 02/14 at 09:15 AM and gain tripped offline on 02/23 at 09:00AM and back online at 11:30AM while technician at site | L60: 1.SR080913
A61: Q620 | B61: NY | C61: =Sites[[#This Row],[SOL'#]] -> SOL-10867 | D61: 29063.125 | E61: 43869.76 | F61: =IF(AND(ISNUMBER(D61),ISNUMBER(E61)), D61-E61, "") -> -14806.635 | G61: =IFERROR(F61/E61, "") -> -0.33751347 | H61: 45011.46 | I61: =IF(AND(ISNUMBER(D61),ISNUMBER(H61)), D61-H61, "") -> -15948.335 | J61: =IFERROR(I61/H61, "") -> -0.35431721
A62: QMOA | B62: NY | C62: =Sites[[#This Row],[SOL'#]] -> SOL-10415 | D62: 3142 | E62: 0 | F62: =IF(AND(ISNUMBER(D62),ISNUMBER(E62)), D62-E62, "") -> 3142 | G62: =IFERROR(F62/E62, "") | H62: 3731.724 | I62: =IF(AND(ISNUMBER(D62),ISNUMBER(H62)), D62-H62, "") -> -589.724 | J62: =IFERROR(I62/H62, "") -> -0.15802991
A63: X024 | B63: NY | C63: =Sites[[#This Row],[SOL'#]] -> SOL-10419 | D63: 10749.876 | E63: 0 | F63: =IF(AND(ISNUMBER(D63),ISNUMBER(E63)), D63-E63, "") -> 10749.876 | G63: =IFERROR(F63/E63, "") | H63: 0 | I63: =IF(AND(ISNUMBER(D63),ISNUMBER(H63)), D63-H63, "") -> 10749.876 | J63: =IFERROR(I63/H63, "")
A64: X026 | B64: NY | C64: =Sites[[#This Row],[SOL'#]] -> SOL-10420 | D64: 8054.2 | E64: 14614.25 | F64: =IF(AND(ISNUMBER(D64),ISNUMBER(E64)), D64-E64, "") -> -6560.05 | G64: =IFERROR(F64/E64, "") -> -0.44888037 | H64: 16730.15 | I64: =IF(AND(ISNUMBER(D64),ISNUMBER(H64)), D64-H64, "") -> -8675.95 | J64: =IFERROR(I64/H64, "") -> -0.51858172 | K64: 1. Inverter 2 left unit is offline since 02/15 | L64: 1. SR081335
A65: X090 | B65: NY | C65: =Sites[[#This Row],[SOL'#]] -> SOL-10925 | D65: 9045.1328 | E65: 9690.927 | F65: =IF(AND(ISNUMBER(D65),ISNUMBER(E65)), D65-E65, "") -> -645.79419 | G65: =IFERROR(F65/E65, "") -> -0.066639052 | H65: 11057 | I65: =IF(AND(ISNUMBER(D65),ISNUMBER(H65)), D65-H65, "") -> -2011.8672 | J65: =IFERROR(I65/H65, "") -> -0.18195416
A66: X117 | B66: NY | C66: =Sites[[#This Row],[SOL'#]] -> SOL-10422 | D66: 6764.6 | E66: 12607.26 | F66: =IF(AND(ISNUMBER(D66),ISNUMBER(E66)), D66-E66, "") -> -5842.66 | G66: =IFERROR(F66/E66, "") -> -0.46343615 | H66: 18680.64 | I66: =IF(AND(ISNUMBER(D66),ISNUMBER(H66)), D66-H66, "") -> -11916.04 | J66: =IFERROR(I66/H66, "") -> -0.63788179
A67: X125 | B67: NY | C67: =Sites[[#This Row],[SOL'#]] -> SOL-10423 | D67: 14000.812 | E67: 21066.57 | F67: =IF(AND(ISNUMBER(D67),ISNUMBER(E67)), D67-E67, "") -> -7065.7575 | G67: =IFERROR(F67/E67, "") -> -0.33540142 | H67: 13446.52 | I67: =IF(AND(ISNUMBER(D67),ISNUMBER(H67)), D67-H67, "") -> 554.2925 | J67: =IFERROR(I67/H67, "") -> 0.041222004
A68: X134 | B68: NY | C68: =Sites[[#This Row],[SOL'#]] -> SOL-10424 | D68: 12948.281 | E68: 0 | F68: =IF(AND(ISNUMBER(D68),ISNUMBER(E68)), D68-E68, "") -> 12948.281 | G68: =IFERROR(F68/E68, "") | H68: 0 | I68: =IF(AND(ISNUMBER(D68),ISNUMBER(H68)), D68-H68, "") -> 12948.281 | J68: =IFERROR(I68/H68, "")
A69: X135 | B69: NY | C69: =Sites[[#This Row],[SOL'#]] -> SOL-10425 | D69: 9774.8906 | E69: 0 | F69: =IF(AND(ISNUMBER(D69),ISNUMBER(E69)), D69-E69, "") -> 9774.8906 | G69: =IFERROR(F69/E69, "") | H69: 0 | I69: =IF(AND(ISNUMBER(D69),ISNUMBER(H69)), D69-H69, "") -> 9774.8906 | J69: =IFERROR(I69/H69, "")
A70: X139 JHS 222 | B70: NY | C70: =Sites[[#This Row],[SOL'#]] -> SOL-10426 | D70: 17038.22 | E70: 22535.35 | F70: =IF(AND(ISNUMBER(D70),ISNUMBER(E70)), D70-E70, "") -> -5497.1301 | G70: =IFERROR(F70/E70, "") -> -0.24393365 | H70: 28008 | I70: =IF(AND(ISNUMBER(D70),ISNUMBER(H70)), D70-H70, "") -> -10969.78 | J70: =IFERROR(I70/H70, "") -> -0.39166596
A71: X140 | B71: NY | C71: =Sites[[#This Row],[SOL'#]] -> SOL-10926 | D71: 9393.278 | E71: 11697.658 | F71: =IF(AND(ISNUMBER(D71),ISNUMBER(E71)), D71-E71, "") -> -2304.38 | G71: =IFERROR(F71/E71, "") -> -0.19699499 | H71: 11811.069 | I71: =IF(AND(ISNUMBER(D71),ISNUMBER(H71)), D71-H71, "") -> -2417.791 | J71: =IFERROR(I71/H71, "") -> -0.20470552 | K71: 1. Inverter 2 left unit is tripped offline on 02/01 at 12:00pm and back online on 02/16 | L71: 1. SR080859
A72: X166 | B72: NY | C72: =Sites[[#This Row],[SOL'#]] -> SOL-10427 | D72: 10298.8 | E72: 14615.42 | F72: =IF(AND(ISNUMBER(D72),ISNUMBER(E72)), D72-E72, "") -> -4316.62 | G72: =IFERROR(F72/E72, "") -> -0.29534697 | H72: 0 | I72: =IF(AND(ISNUMBER(D72),ISNUMBER(H72)), D72-H72, "") -> 10298.8 | J72: =IFERROR(I72/H72, "")
A73: Murphy | B73: MN | C73: =Sites[[#This Row],[SOL'#]] -> SOL-10094 | D73: 575720 | E73: 738454.1 | F73: =IF(AND(ISNUMBER(D73),ISNUMBER(E73)), D73-E73, "") -> -162734.1 | G73: =IFERROR(F73/E73, "") -> -0.22037131 | H73: 691411.1 | I73: =IF(AND(ISNUMBER(D73),ISNUMBER(H73)), D73-H73, "") -> -115691.1 | J73: =IFERROR(I73/H73, "") -> -0.16732607 | K73: 1.Inverter 1 tripped offline on 02/04 at 08:15 AM and back online on 02/05 at 11:30AM Inverter 1 started late on 02/07 at 12:00PM while PE is at site Inverter 1 again tripped offline on 02/09 at 09:00AM and back online on 02/10 at 11:30AM Inverter 1 again tripped offline on 02/11 at 09:00AM and back online on 02/12 at 13:00 Inverter 1 again tripped offline on 02/20 at 08:45AM and back online on 02/21 at 11:30AM Inverter 1 is offline on 02/22 at 08:15AM and back online at 13:15 on 02/22 due to PE at site On 02/23 Inverter 1 started late at 09:15AM while PE is at site | L73: 1.SR080711
A74: Terning | B74: MN | C74: =Sites[[#This Row],[SOL'#]] -> SOL-10093 | D74: 579703 | E74: 721827.7 | F74: =IF(AND(ISNUMBER(D74),ISNUMBER(E74)), D74-E74, "") -> -142124.7 | G74: =IFERROR(F74/E74, "") -> -0.1968956 | H74: 652717.9 | I74: =IF(AND(ISNUMBER(D74),ISNUMBER(H74)), D74-H74, "") -> -73014.9 | J74: =IFERROR(I74/H74, "") -> -0.11186287
A75: Boas Road 04 | B75: NY | C75: =Sites[[#This Row],[SOL'#]] -> SOL-10908 | D75: 192892 | E75: 264045.63 | F75: =IF(AND(ISNUMBER(D75),ISNUMBER(E75)), D75-E75, "") -> -71153.63 | G75: =IFERROR(F75/E75, "") -> -0.26947475 | H75: 220064.68 | I75: =IF(AND(ISNUMBER(D75),ISNUMBER(H75)), D75-H75, "") -> -27172.68 | J75: =IFERROR(I75/H75, "") -> -0.12347588 | K75: 1. Inverter 2 tripped offline at 11:00 on 02/14 and back online at 13:30 on 02/15 but combiner box 5 is disconnected due to thermal damage | L75: 1. SR080998
A76: Kelly Bridge Farm | B76: NY | C76: =Sites[[#This Row],[SOL'#]] -> SOL-10911 | D76: 242237 | E76: 291693.36 | F76: =IF(AND(ISNUMBER(D76),ISNUMBER(E76)), D76-E76, "") -> -49456.36 | G76: =IFERROR(F76/E76, "") -> -0.16954915 | H76: 209445.59 | I76: =IF(AND(ISNUMBER(D76),ISNUMBER(H76)), D76-H76, "") -> 32791.41 | J76: =IFERROR(I76/H76, "") -> 0.1565629 | K76: 1. Inverters 23,24,25,26,27 tripped offline at 10:10 on 02/05 and back online at 13:10 on 02/06. Inverters 23,24,25,26,27 tripped offline at 10:00 on 02/19 and back online at 12:30 on 02/20. Inverters again tripped offline at 14:00 on 02/22 and back online at 14:00 on 02/29. 2. Site had a brief outage from 10:15 to 10:55 am on 02/22. Inverter 15 was offline after site outage and back online at 07:00 am on 02/23 | L76: 1. SR080730, SR081102, SR081202 2. SR081184
A77: Pool Brook Road | B77: NY | C77: =Sites[[#This Row],[SOL'#]] -> SOL-10909 | D77: 227358 | E77: 253637.61 | F77: =IF(AND(ISNUMBER(D77),ISNUMBER(E77)), D77-E77, "") -> -26279.61 | G77: =IFERROR(F77/E77, "") -> -0.10361086 | H77: 194874.12 | I77: =IF(AND(ISNUMBER(D77),ISNUMBER(H77)), D77-H77, "") -> 32483.88 | J77: =IFERROR(I77/H77, "") -> 0.16669161 | K77: 1. Inverter 11 tripped offline at 10:30 on 02/27 and back online at 08:30 on 02/28 | L77: 1. SR081363
A78: Sackett Lake | B78: NY | C78: =Sites[[#This Row],[SOL'#]] -> SOL-10910 | D78: 272809 | E78: 302531.58 | F78: =IF(AND(ISNUMBER(D78),ISNUMBER(E78)), D78-E78, "") -> -29722.58 | G78: =IFERROR(F78/E78, "") -> -0.098246206 | H78: 223309.11 | I78: =IF(AND(ISNUMBER(D78),ISNUMBER(H78)), D78-H78, "") -> 49499.89 | J78: =IFERROR(I78/H78, "") -> 0.22166534 | K78: 1. Inverter 1 is offline from 1/30 and back online at 12:30 on 02/02 | L78: 1. SR080606
A79: Burritt Road | B79: NY | C79: =Sites[[#This Row],[SOL'#]] -> SOL-10913 | D79: 191650 | E79: 156033.66 | F79: =IF(AND(ISNUMBER(D79),ISNUMBER(E79)), D79-E79, "") -> 35616.34 | G79: =IFERROR(F79/E79, "") -> 0.22826062 | H79: 175660.86 | I79: =IF(AND(ISNUMBER(D79),ISNUMBER(H79)), D79-H79, "") -> 15989.14 | J79: =IFERROR(I79/H79, "") -> 0.091022781 | K79: 1. Site was offline from 13:00 to 14:00 on 02/16 2. Inverter 3 tripped offline at 12:10 PM on 02/25 and back online at 12:15 PM on 02/27 | L79: 1. SR081058 2. SR081316
A80: Villa Roma 1 | B80: NY | C80: =Sites[[#This Row],[SOL'#]] -> SOL-10914 | D80: 231364 | E80: 200.4 | F80: =IF(AND(ISNUMBER(D80),ISNUMBER(E80)), D80-E80, "") -> 231163.6 | G80: =IFERROR(F80/E80, "") -> 1153.511 | H80: 154208.4 | I80: =IF(AND(ISNUMBER(D80),ISNUMBER(H80)), D80-H80, "") -> 77155.6 | J80: =IFERROR(I80/H80, "") -> 0.50033332 | K80: 1. Expected energy is not populating from 01/19/2024 - awaiting GPM support
A81: Villa Roma 2 | B81: NY | C81: =Sites[[#This Row],[SOL'#]] -> SOL-10915 | D81: 204180 | E81: 244833.94 | F81: =IF(AND(ISNUMBER(D81),ISNUMBER(E81)), D81-E81, "") -> -40653.94 | G81: =IFERROR(F81/E81, "") -> -0.16604699 | H81: 149312.26 | I81: =IF(AND(ISNUMBER(D81),ISNUMBER(H81)), D81-H81, "") -> 54867.74 | J81: =IFERROR(I81/H81, "") -> 0.36746976 | K81: 1. Meter not reporting power from 02/01 to 02/22 till 15:30, added inverter generation since meter didn't capture enitre generation of this month | L81: 1. SR080648
A82: Washington 1 | B82: NY | C82: =Sites[[#This Row],[SOL'#]] -> SOL-10912 | D82: 209440 | E82: 242548.32 | F82: =IF(AND(ISNUMBER(D82),ISNUMBER(E82)), D82-E82, "") -> -33108.32 | G82: =IFERROR(F82/E82, "") -> -0.13650196 | H82: 173775.12 | I82: =IF(AND(ISNUMBER(D82),ISNUMBER(H82)), D82-H82, "") -> 35664.88 | J82: =IFERROR(I82/H82, "") -> 0.20523582
A83: Washington 3 | B83: NY | C83: =Sites[[#This Row],[SOL'#]] -> SOL-10828 | D83: 188205 | E83: 225708.02 | F83: =IF(AND(ISNUMBER(D83),ISNUMBER(E83)), D83-E83, "") -> -37503.02 | G83: =IFERROR(F83/E83, "") -> -0.16615723 | H83: 211399.74 | I83: =IF(AND(ISNUMBER(D83),ISNUMBER(H83)), D83-H83, "") -> -23194.74 | J83: =IFERROR(I83/H83, "") -> -0.10971981 | K83: 1. Site tripped offline from 01/30 and back online at 15:30 on 02/06 2. Inverter 1 tripped offline at 13:00 on 02/18 and back online EOD on 02/19 3. Inverter 2 tripped offline on 02/17, back online on 02/18 morning and again tripped offline at 12:35pm on 02/18 due AC contactor fault and back online EOD on 02/19 4. Both inverters have tripped offline and reporting instantaneous over current fault on 02/20 and back online at 13:05pm | L83: 1. SR080622 2. SR081089 3. SR081080 4. SR081125
A84: Washington 4 | B84: NY | C84: =Sites[[#This Row],[SOL'#]] -> SOL-10829 | D84: 255677 | E84: 0 | F84: =IF(AND(ISNUMBER(D84),ISNUMBER(E84)), D84-E84, "") -> 255677 | G84: =IFERROR(F84/E84, "") | H84: 212129.44 | I84: =IF(AND(ISNUMBER(D84),ISNUMBER(H84)), D84-H84, "") -> 43547.56 | J84: =IFERROR(I84/H84, "") -> 0.20528768
A85: Big Tree | B85: NY | C85: =Sites[[#This Row],[SOL'#]] -> SOL-10966 | D85: 205830 | E85: 0 | F85: =IF(AND(ISNUMBER(D85),ISNUMBER(E85)), D85-E85, "") -> 205830 | G85: =IFERROR(F85/E85, "") | H85: 100951 | I85: =IF(AND(ISNUMBER(D85),ISNUMBER(H85)), D85-H85, "") -> 104879 | J85: =IFERROR(I85/H85, "") -> 1.03891
A86: Canoga | B86: NY | C86: =Sites[[#This Row],[SOL'#]] -> SOL-10965 | D86: 588710 | E86: 0 | F86: =IF(AND(ISNUMBER(D86),ISNUMBER(E86)), D86-E86, "") -> 588710 | G86: =IFERROR(F86/E86, "") | H86: 286181 | I86: =IF(AND(ISNUMBER(D86),ISNUMBER(H86)), D86-H86, "") -> 302529 | J86: =IFERROR(I86/H86, "") -> 1.0571247 | K86: 1. Inverter 3 tripped multiple times in the month 2. Inverters 4 are offline multiple times in the month and back online by midday 3. Inverter 2 has tripped offline on 02/17 | L86: 1. SR081289 2. SR081073 3. SR081072
A87: County Route 84 | B87: NY | C87: =Sites[[#This Row],[SOL'#]] -> SOL-10967 | D87: 643919 | E87: 0 | F87: =IF(AND(ISNUMBER(D87),ISNUMBER(E87)), D87-E87, "") -> 643919 | G87: =IFERROR(F87/E87, "") | H87: 352818 | I87: =IF(AND(ISNUMBER(D87),ISNUMBER(H87)), D87-H87, "") -> 291101 | J87: =IFERROR(I87/H87, "") -> 0.82507412 | K87: 1. Inverter 1 was offline on 02/01 from 07:00 and back online at 13:00 on 02/01 2. Site tripped offline at 17:00 on 02/28 and back online at 16:00 on 03/01 | L87: 1. SR080447 2. SR081429
A88: Donati | B88: NY | C88: =Sites[[#This Row],[SOL'#]] -> SOL-10968 | D88: 235734 | E88: 0 | F88: =IF(AND(ISNUMBER(D88),ISNUMBER(E88)), D88-E88, "") -> 235734 | G88: =IFERROR(F88/E88, "") | H88: 112628 | I88: =IF(AND(ISNUMBER(D88),ISNUMBER(H88)), D88-H88, "") -> 123106 | J88: =IFERROR(I88/H88, "") -> 1.0930319
A89: Henrietta | B89: NY | C89: =Sites[[#This Row],[SOL'#]] -> SOL-10972 | D89: 413041 | E89: 0 | F89: =IF(AND(ISNUMBER(D89),ISNUMBER(E89)), D89-E89, "") -> 413041 | G89: =IFERROR(F89/E89, "") | H89: 216878 | I89: =IF(AND(ISNUMBER(D89),ISNUMBER(H89)), D89-H89, "") -> 196163 | J89: =IFERROR(I89/H89, "") -> 0.90448547 | K89: 1. Meter 1 is not reporting production from 02/14, meter 2 looks good. Added cumulative energy values of inverters 1 & 2 since meter 1 is not reporting from 02/14 | L89: 1. SR081032
A90: NY 70 | B90: NY | C90: =Sites[[#This Row],[SOL'#]] -> SOL-10970 | D90: 513047 | E90: 0 | F90: =IF(AND(ISNUMBER(D90),ISNUMBER(E90)), D90-E90, "") -> 513047 | G90: =IFERROR(F90/E90, "") | H90: 336952 | I90: =IF(AND(ISNUMBER(D90),ISNUMBER(H90)), D90-H90, "") -> 176095 | J90: =IFERROR(I90/H90, "") -> 0.52261153 | K90: 1. Inverter 3 tripped offline on 02/29/2024 at 04:40PM and back online on 03/01/2024 at 07:00AM. 2. Inverter 4 tripped offline on 02/29/2024 at 05:00PM and back online on 03/01/2024 at 07:00PM. | L90: 1. SR081477 2. SR081478
A91: Reid | B91: NY | C91: =Sites[[#This Row],[SOL'#]] -> SOL-10991 | D91: 532878.95 | E91: 547634.5 | F91: =IF(AND(ISNUMBER(D91),ISNUMBER(E91)), D91-E91, "") -> -14755.551 | G91: =IFERROR(F91/E91, "") -> -0.02694416 | H91: 486135 | I91: =IF(AND(ISNUMBER(D91),ISNUMBER(H91)), D91-H91, "") -> 46743.949 | J91: =IFERROR(I91/H91, "") -> 0.096154255 | K91: 1. Inverter 5 tripped offline on 02/03/2024 at 12:00PM and back online on 02/06/2024 at 10:15AM. 2. Inverter 30 tripped offline on 02/06/2024 at 11:45PM and back online on 02/06/2024 at 13:15. | L91: 1. SR080693 2. SR080773
A92: Sangolqui | B92: NY | C92: =Sites[[#This Row],[SOL'#]] -> SOL-10975 | D92: 232615 | E92: 0 | F92: =IF(AND(ISNUMBER(D92),ISNUMBER(E92)), D92-E92, "") -> 232615 | G92: =IFERROR(F92/E92, "") | H92: 109835 | I92: =IF(AND(ISNUMBER(D92),ISNUMBER(H92)), D92-H92, "") -> 122780 | J92: =IFERROR(I92/H92, "") -> 1.1178586
A93: State Highway 17B | B93: NY | C93: =Sites[[#This Row],[SOL'#]] -> SOL-10988 | D93: 573455 | E93: 0 | F93: =IF(AND(ISNUMBER(D93),ISNUMBER(E93)), D93-E93, "") -> 573455 | G93: =IFERROR(F93/E93, "") | H93: 302852 | I93: =IF(AND(ISNUMBER(D93),ISNUMBER(H93)), D93-H93, "") -> 270603 | J93: =IFERROR(I93/H93, "") -> 0.89351564 | K93: 1. Site tripped offline on 02/01/2024 at 04:50PM and later back online on 02/02/2024 at 05:10PM. 2. Inverter 2 was offline from 02/03/2024 and later back online on 02/05/2024 at 02:10PM. | L93: 1. SR080659 2. SR080203, SR080690
A94: State Route 14A | B94: NY | C94: =Sites[[#This Row],[SOL'#]] -> SOL-10997 | D94: 556372 | E94: 0 | F94: =IF(AND(ISNUMBER(D94),ISNUMBER(E94)), D94-E94, "") -> 556372 | G94: =IFERROR(F94/E94, "") | H94: 325152 | I94: =IF(AND(ISNUMBER(D94),ISNUMBER(H94)), D94-H94, "") -> 231220 | J94: =IFERROR(I94/H94, "") -> 0.71111357 | K94: 1. Site tripped offline 02/08/2023 at 02:05PM and back online on 02/09/2024 at 03:20PM. | L94: 1. SR080885
A95: West Creek | B95: NY | C95: =Sites[[#This Row],[SOL'#]] -> SOL-10995 | D95: 644863 | E95: 0 | F95: =IF(AND(ISNUMBER(D95),ISNUMBER(E95)), D95-E95, "") -> 644863 | G95: =IFERROR(F95/E95, "") | H95: 279159 | I95: =IF(AND(ISNUMBER(D95),ISNUMBER(H95)), D95-H95, "") -> 365704 | J95: =IFERROR(I95/H95, "") -> 1.3100205
A96: Wildflower | B96: NY | C96: =Sites[[#This Row],[SOL'#]] -> SOL-10982 | D96: 591798 | E96: 0 | F96: =IF(AND(ISNUMBER(D96),ISNUMBER(E96)), D96-E96, "") -> 591798 | G96: =IFERROR(F96/E96, "") | H96: 380649 | I96: =IF(AND(ISNUMBER(D96),ISNUMBER(H96)), D96-H96, "") -> 211149 | J96: =IFERROR(I96/H96, "") -> 0.55470788
A97: Glen Mary 1 | B97: NY | C97: =Sites[[#This Row],[SOL'#]] -> SOL-10993 | D97: 614649 | E97: 0 | F97: =IF(AND(ISNUMBER(D97),ISNUMBER(E97)), D97-E97, "") -> 614649 | G97: =IFERROR(F97/E97, "") | H97: 364876 | I97: =IF(AND(ISNUMBER(D97),ISNUMBER(H97)), D97-H97, "") -> 249773 | J97: =IFERROR(I97/H97, "") -> 0.68454215 | K97: 1. Site tripped offline from 02/28 at 21:15PM and back online on 03/01 at 11 am | L97: 1. SR081431
A98: Glen Mary 2 | B98: NY | C98: =Sites[[#This Row],[SOL'#]] -> SOL-10994 | D98: 279832 | E98: 0 | F98: =IF(AND(ISNUMBER(D98),ISNUMBER(E98)), D98-E98, "") -> 279832 | G98: =IFERROR(F98/E98, "") | H98: 148929 | I98: =IF(AND(ISNUMBER(D98),ISNUMBER(H98)), D98-H98, "") -> 130903 | J98: =IFERROR(I98/H98, "") -> 0.87896246 | K98: 1. Site tripped offline from 02/28 at 21:15 and back online at 08:50AM on 2/29 | L98: 1. SR081432
A99: Telegraph 1 | B99: NY | C99: =Sites[[#This Row],[SOL'#]] -> SOL-11003 | D99: 399000 | E99: 0 | F99: =IF(AND(ISNUMBER(D99),ISNUMBER(E99)), D99-E99, "") -> 399000 | G99: =IFERROR(F99/E99, "") | H99: 209445.59 | I99: =IF(AND(ISNUMBER(D99),ISNUMBER(H99)), D99-H99, "") -> 189554.41 | J99: =IFERROR(I99/H99, "") -> 0.90502937 | K99: 1. Site tripped offline at 08:55AM on 02/06 and back online at 12:55 | L99: 1. SR080763
A100: Telegraph 2 | B100: NY | C100: =Sites[[#This Row],[SOL'#]] -> SOL-11004 | D100: 213368 | E100: 0 | F100: =IF(AND(ISNUMBER(D100),ISNUMBER(E100)), D100-E100, "") -> 213368 | G100: =IFERROR(F100/E100, "") | H100: 194874.12 | I100: =IF(AND(ISNUMBER(D100),ISNUMBER(H100)), D100-H100, "") -> 18493.88 | J100: =IFERROR(I100/H100, "") -> 0.094901673 | K100: 1. Site tripped offline at 08:55AM on 02/06 and back online at 12:55 | L100: 1. SR080764
...

Sheet Mar
A1: {=portfolio} -> Generate Capital | E1: March Actual v. Expected | H1: March Actual v. Forecasted
A2: Total | D2: =SUM(D4:D138) -> 21564422 | E2: =SUM(E4:E138) -> 8493702.6 | F2: =D2-E2 -> 13070720 | G2: =IFERROR(F2/E2, 0) -> 1.5388718 | H2: =SUM(H4:H138) -> 13919917 | I2: =D2-H2 -> 7644505.5 | J2: =IFERROR(I2/H2, 0) -> 0.54917753 | K2: =IF(AND(TODAY()>DATE(2024, 3, 1), COUNTA(Sites[Site])<>(COUNT(D:D)-1)), "Some sites are missing actual data; if new sites were added, make sure they are aligned correctly (including prior months!)", "") -> Some sites are missing actual data; if new sites were added, make sure they are aligned correctly (including prior months!)
A3: Site | B3: State | C3: SOL# | D3: Actual | E3: Expected | F3: Delta | G3: % | H3: Forecasted | I3: Delta | J3: % | K3: Notes | L3: Service Requests
A4: {=Sites[Site]} -> Farmer | B4: {=Sites[State]} -> AZ | C4: =Sites[[#This Row],[SOL'#]] -> SOL-10748 | D4: 13308.394 | E4: 9674.862 | F4: =IF(AND(ISNUMBER(D4),ISNUMBER(E4)), D4-E4, "") -> 3633.5318 | G4: =IFERROR(F4/E4, "") -> 0.3755642 | H4: 13365.37 | I4: =IF(AND(ISNUMBER(D4),ISNUMBER(H4)), D4-H4, "") -> -56.976227 | J4: =IFERROR(I4/H4, "") -> -0.0042629741
A5: Fulton | B5: AZ | C5: =Sites[[#This Row],[SOL'#]] -> SOL-10749 | D5: 47793.75 | E5: 47630.08 | F5: =IF(AND(ISNUMBER(D5),ISNUMBER(E5)), D5-E5, "") -> 163.67 | G5: =IFERROR(F5/E5, "") -> 0.0034362739 | H5: 59035.29 | I5: =IF(AND(ISNUMBER(D5),ISNUMBER(H5)), D5-H5, "") -> -11241.54 | J5: =IFERROR(I5/H5, "") -> -0.19042068 | K5: 1. Inverter tripped offline on 03/28 at 17:00 and back online on 03/29 at 17:45 2. Inverter tripped offline on 03/30 at 14:30 and back online on 04/01 at 11:00 | L5: 1. SR082894 2. SR082942
A6: JFK Elementary | B6: AZ | C6: =Sites[[#This Row],[SOL'#]] -> SOL-10758 | D6: 19927 | E6: 0 | F6: =IF(AND(ISNUMBER(D6),ISNUMBER(E6)), D6-E6, "") -> 19927 | G6: =IFERROR(F6/E6, "") | H6: 2277 | I6: =IF(AND(ISNUMBER(D6),ISNUMBER(H6)), D6-H6, "") -> 17650 | J6: =IFERROR(I6/H6, "") -> 7.7514273
A7: Noble | B7: AZ | C7: =Sites[[#This Row],[SOL'#]] -> SOL-10750 | D7: 12445.343 | E7: 16497.39 | F7: =IF(AND(ISNUMBER(D7),ISNUMBER(E7)), D7-E7, "") -> -4052.047 | G7: =IFERROR(F7/E7, "") -> -0.24561746 | H7: 14907.2 | I7: =IF(AND(ISNUMBER(D7),ISNUMBER(H7)), D7-H7, "") -> -2461.857 | J7: =IFERROR(I7/H7, "") -> -0.1651455
A8: Parking 3 | B8: AZ | C8: =Sites[[#This Row],[SOL'#]] -> SOL-10751 | D8: 31608.79 | E8: 33379.62 | F8: =IF(AND(ISNUMBER(D8),ISNUMBER(E8)), D8-E8, "") -> -1770.83 | G8: =IFERROR(F8/E8, "") -> -0.053051233 | H8: 34093.98 | I8: =IF(AND(ISNUMBER(D8),ISNUMBER(H8)), D8-H8, "") -> -2485.19 | J8: =IFERROR(I8/H8, "") -> -0.072892341
A9: PE East | B9: AZ | C9: =Sites[[#This Row],[SOL'#]] -> SOL-10752 | D9: 29990.232 | E9: 22677.51 | F9: =IF(AND(ISNUMBER(D9),ISNUMBER(E9)), D9-E9, "") -> 7312.7215 | G9: =IFERROR(F9/E9, "") -> 0.3224658 | H9: 31562.71 | I9: =IF(AND(ISNUMBER(D9),ISNUMBER(H9)), D9-H9, "") -> -1572.4785 | J9: =IFERROR(I9/H9, "") -> -0.049820769
A10: Schwada | B10: AZ | C10: =Sites[[#This Row],[SOL'#]] -> SOL-10753 | D10: 13032.258 | E10: 9418.369 | F10: =IF(AND(ISNUMBER(D10),ISNUMBER(E10)), D10-E10, "") -> 3613.8889 | G10: =IFERROR(F10/E10, "") -> 0.38370645 | H10: 12913 | I10: =IF(AND(ISNUMBER(D10),ISNUMBER(H10)), D10-H10, "") -> 119.25794 | J10: =IFERROR(I10/H10, "") -> 0.0092354941
A11: Starshine | B11: AZ | C11: =Sites[[#This Row],[SOL'#]] -> SOL-10757 | D11: 7256.8 | E11: 0 | F11: =IF(AND(ISNUMBER(D11),ISNUMBER(E11)), D11-E11, "") -> 7256.8 | G11: =IFERROR(F11/E11, "") | H11: 0 | I11: =IF(AND(ISNUMBER(D11),ISNUMBER(H11)), D11-H11, "") -> 7256.8 | J11: =IFERROR(I11/H11, "") | K11: 1. Site started late at 12:00pm on 03/25 and on 03/26 site was offline between 08:00am to 13:00 | L11: 1. SR082722
A12: Yuma Airport | B12: AZ | C12: =Sites[[#This Row],[SOL'#]] -> SOL-10754 | D12: 80804 | E12: 98396.27 | F12: =IF(AND(ISNUMBER(D12),ISNUMBER(E12)), D12-E12, "") -> -17592.27 | G12: =IFERROR(F12/E12, "") -> -0.17879001 | H12: 90210 | I12: =IF(AND(ISNUMBER(D12),ISNUMBER(H12)), D12-H12, "") -> -9406 | J12: =IFERROR(I12/H12, "") -> -0.10426782 | K12: 1. Inverter 3 tripped offline on 03/14 at 13:00 and back online on 03/20 at 11:00 | L12: 1. SR081918
A13: Kinsman | B13: OH | C13: =Sites[[#This Row],[SOL'#]] -> SOL-10762 | D13: 88565.43 | E13: 122677.1 | F13: =IF(AND(ISNUMBER(D13),ISNUMBER(E13)), D13-E13, "") -> -34111.67 | G13: =IFERROR(F13/E13, "") -> -0.27806062 | H13: 96046 | I13: =IF(AND(ISNUMBER(D13),ISNUMBER(H13)), D13-H13, "") -> -7480.5703 | J13: =IFERROR(I13/H13, "") -> -0.077885287 | K13: 1. Inverter B is offline on 03/20 and back online on 03/21 and inverter is again offline on 03/25 and backonline on 03/26 | L13: 1. SR082252
A14: Wooster | B14: OH | C14: =Sites[[#This Row],[SOL'#]] -> SOL-10763 | D14: 18579.5 | E14: 0 | F14: =IF(AND(ISNUMBER(D14),ISNUMBER(E14)), D14-E14, "") -> 18579.5 | G14: =IFERROR(F14/E14, "") | H14: 22628 | I14: =IF(AND(ISNUMBER(D14),ISNUMBER(H14)), D14-H14, "") -> -4048.5 | J14: =IFERROR(I14/H14, "") -> -0.1789155
A15: Globe Gila CC | B15: AZ | C15: =Sites[[#This Row],[SOL'#]] -> SOL-10755 | D15: 15507.259 | E15: 0 | F15: =IF(AND(ISNUMBER(D15),ISNUMBER(E15)), D15-E15, "") -> 15507.259 | G15: =IFERROR(F15/E15, "") | H15: 16233 | I15: =IF(AND(ISNUMBER(D15),ISNUMBER(H15)), D15-H15, "") -> -725.74119 | J15: =IFERROR(I15/H15, "") -> -0.044707767
A16: Payson Gila CC | B16: AZ | C16: =Sites[[#This Row],[SOL'#]] -> SOL-10756 | D16: 10729.978 | E16: 0 | F16: =IF(AND(ISNUMBER(D16),ISNUMBER(E16)), D16-E16, "") -> 10729.978 | G16: =IFERROR(F16/E16, "") | H16: 12721 | I16: =IF(AND(ISNUMBER(D16),ISNUMBER(H16)), D16-H16, "") -> -1991.0215 | J16: =IFERROR(I16/H16, "") -> -0.15651455
A17: SCNM | B17: AZ | C17: =Sites[[#This Row],[SOL'#]] -> SOL-10760 | D17: 73238.5 | E17: 0 | F17: =IF(AND(ISNUMBER(D17),ISNUMBER(E17)), D17-E17, "") -> 73238.5 | G17: =IFERROR(F17/E17, "") | H17: 41460 | I17: =IF(AND(ISNUMBER(D17),ISNUMBER(H17)), D17-H17, "") -> 31778.5 | J17: =IFERROR(I17/H17, "") -> 0.76648577 | K17: 1. Inverter 2 has been underperforming by 40kW compared to inverter 1 since 02/09. | L17: 1. SR081066
A18: Sequoia Charter School | B18: AZ | C18: =Sites[[#This Row],[SOL'#]] -> SOL-10759 | D18: 35577.63 | E18: 0 | F18: =IF(AND(ISNUMBER(D18),ISNUMBER(E18)), D18-E18, "") -> 35577.63 | G18: =IFERROR(F18/E18, "") | H18: 11830 | I18: =IF(AND(ISNUMBER(D18),ISNUMBER(H18)), D18-H18, "") -> 23747.63 | J18: =IFERROR(I18/H18, "") -> 2.0074074
A19: RCAB | B19: MA | C19: =Sites[[#This Row],[SOL'#]] -> SOL-10838 | D19: 91724 | E19: 104793.2 | F19: =IF(AND(ISNUMBER(D19),ISNUMBER(E19)), D19-E19, "") -> -13069.2 | G19: =IFERROR(F19/E19, "") -> -0.1247142 | H19: 97751.63 | I19: =IF(AND(ISNUMBER(D19),ISNUMBER(H19)), D19-H19, "") -> -6027.63 | J19: =IFERROR(I19/H19, "") -> -0.061662706 | K19: 1. Weather station 2 showing erroneous value for whole month. | L19: 1. SR082250
A20: Spectro Coatings | B20: MA | C20: =Sites[[#This Row],[SOL'#]] -> SOL-10074 | D20: 23580 | E20: 28965.39 | F20: =IF(AND(ISNUMBER(D20),ISNUMBER(E20)), D20-E20, "") -> -5385.39 | G20: =IFERROR(F20/E20, "") -> -0.185925 | H20: 27277.07 | I20: =IF(AND(ISNUMBER(D20),ISNUMBER(H20)), D20-H20, "") -> -3697.07 | J20: =IFERROR(I20/H20, "") -> -0.13553765 | K20: 1. Inverter 2 tripped offline on 03/17 at 13:15 and back online on 03/18 and again tripped offline on 03/18 at 14:30. | L20: 1.SR081975
A21: K026 | B21: NY | C21: =Sites[[#This Row],[SOL'#]] -> SOL-10356 | D21: 28425.479 | E21: 30650.36 | F21: =IF(AND(ISNUMBER(D21),ISNUMBER(E21)), D21-E21, "") -> -2224.8809 | G21: =IFERROR(F21/E21, "") -> -0.072589064 | H21: 33455.97 | I21: =IF(AND(ISNUMBER(D21),ISNUMBER(H21)), D21-H21, "") -> -5030.4909 | J21: =IFERROR(I21/H21, "") -> -0.15036153
A22: K041 | B22: NY | C22: =Sites[[#This Row],[SOL'#]] -> SOL-10357 | D22: 21206.448 | E22: 0 | F22: =IF(AND(ISNUMBER(D22),ISNUMBER(E22)), D22-E22, "") -> 21206.448 | G22: =IFERROR(F22/E22, "") | H22: 0 | I22: =IF(AND(ISNUMBER(D22),ISNUMBER(H22)), D22-H22, "") -> 21206.448 | J22: =IFERROR(I22/H22, "") | K22: 1. Inverter 2 central unit is offline on 03/08 and back online on 03/12 | L22: 1. SR081701
A23: K043 | B23: NY | C23: =Sites[[#This Row],[SOL'#]] -> SOL-10358 | D23: 24755.875 | E23: 26350.82 | F23: =IF(AND(ISNUMBER(D23),ISNUMBER(E23)), D23-E23, "") -> -1594.945 | G23: =IFERROR(F23/E23, "") -> -0.060527338 | H23: 31320 | I23: =IF(AND(ISNUMBER(D23),ISNUMBER(H23)), D23-H23, "") -> -6564.125 | J23: =IFERROR(I23/H23, "") -> -0.20958254
A24: K058 | B24: NY | C24: =Sites[[#This Row],[SOL'#]] -> SOL-10360 | D24: 20851.625 | E24: 21154.39 | F24: =IF(AND(ISNUMBER(D24),ISNUMBER(E24)), D24-E24, "") -> -302.765 | G24: =IFERROR(F24/E24, "") -> -0.014312159 | H24: 20987.87 | I24: =IF(AND(ISNUMBER(D24),ISNUMBER(H24)), D24-H24, "") -> -136.245 | J24: =IFERROR(I24/H24, "") -> -0.0064916068
A25: K115 | B25: NY | C25: =Sites[[#This Row],[SOL'#]] -> SOL-10361 | D25: 5488.1328 | E25: 9789.203 | F25: =IF(AND(ISNUMBER(D25),ISNUMBER(E25)), D25-E25, "") -> -4301.0702 | G25: =IFERROR(F25/E25, "") -> -0.43936878 | H25: 6974.866 | I25: =IF(AND(ISNUMBER(D25),ISNUMBER(H25)), D25-H25, "") -> -1486.7332 | J25: =IFERROR(I25/H25, "") -> -0.21315581
A26: K152 | B26: NY | C26: =Sites[[#This Row],[SOL'#]] -> SOL-10362 | D26: 8147.3594 | E26: 8137.591 | F26: =IF(AND(ISNUMBER(D26),ISNUMBER(E26)), D26-E26, "") -> 9.768375 | G26: =IFERROR(F26/E26, "") -> 0.0012004013 | H26: 1533 | I26: =IF(AND(ISNUMBER(D26),ISNUMBER(H26)), D26-H26, "") -> 6614.3594 | J26: =IFERROR(I26/H26, "") -> 4.3146506
A27: K166 | B27: NY | C27: =Sites[[#This Row],[SOL'#]] -> SOL-10363 | D27: 28664.125 | E27: 30585.97 | F27: =IF(AND(ISNUMBER(D27),ISNUMBER(E27)), D27-E27, "") -> -1921.845 | G27: =IFERROR(F27/E27, "") -> -0.062834201 | H27: 32101.71 | I27: =IF(AND(ISNUMBER(D27),ISNUMBER(H27)), D27-H27, "") -> -3437.585 | J27: =IFERROR(I27/H27, "") -> -0.10708417
A28: K206 | B28: NY | C28: =Sites[[#This Row],[SOL'#]] -> SOL-10927 | D28: 12626.635 | E28: 0 | F28: =IF(AND(ISNUMBER(D28),ISNUMBER(E28)), D28-E28, "") -> 12626.635 | G28: =IFERROR(F28/E28, "") | H28: 0 | I28: =IF(AND(ISNUMBER(D28),ISNUMBER(H28)), D28-H28, "") -> 12626.635 | J28: =IFERROR(I28/H28, "") | K28: 1. Inverter tripped offline on 03/19 at 11:00 am and back online on 03/20. Right unit is RMA'd on 03/22. | L28: 1.SR082110
A29: K251 | B29: NY | C29: =Sites[[#This Row],[SOL'#]] -> SOL-10365 | D29: 14358.094 | E29: 18723.29 | F29: =IF(AND(ISNUMBER(D29),ISNUMBER(E29)), D29-E29, "") -> -4365.1963 | G29: =IFERROR(F29/E29, "") -> -0.23314259 | H29: 18132.59 | I29: =IF(AND(ISNUMBER(D29),ISNUMBER(H29)), D29-H29, "") -> -3774.4963 | J29: =IFERROR(I29/H29, "") -> -0.2081609 | K29: 1. Inverter 2 is offline from 03/05 and being RMA'd | L29: 1. SR075645
A30: K269 | B30: NY | C30: =Sites[[#This Row],[SOL'#]] -> SOL-10366 | D30: 17329.844 | E30: 0 | F30: =IF(AND(ISNUMBER(D30),ISNUMBER(E30)), D30-E30, "") -> 17329.844 | G30: =IFERROR(F30/E30, "") | H30: 20269.12 | I30: =IF(AND(ISNUMBER(D30),ISNUMBER(H30)), D30-H30, "") -> -2939.2762 | J30: =IFERROR(I30/H30, "") -> -0.14501252
A31: K273 | B31: NY | C31: =Sites[[#This Row],[SOL'#]] -> SOL-10367 | D31: 19692.938 | E31: 0 | F31: =IF(AND(ISNUMBER(D31),ISNUMBER(E31)), D31-E31, "") -> 19692.938 | G31: =IFERROR(F31/E31, "") | H31: 20381 | I31: =IF(AND(ISNUMBER(D31),ISNUMBER(H31)), D31-H31, "") -> -688.0625 | J31: =IFERROR(I31/H31, "") -> -0.033759997
A32: K287 | B32: NY | C32: =Sites[[#This Row],[SOL'#]] -> SOL-10919 | D32: 15267.031 | E32: 12956.46 | F32: =IF(AND(ISNUMBER(D32),ISNUMBER(E32)), D32-E32, "") -> 2310.5713 | G32: =IFERROR(F32/E32, "") -> 0.17833353 | H32: 0 | I32: =IF(AND(ISNUMBER(D32),ISNUMBER(H32)), D32-H32, "") -> 15267.031 | J32: =IFERROR(I32/H32, "")
A33: K298 | B33: NY | C33: =Sites[[#This Row],[SOL'#]] -> SOL-10368 | D33: 16562.984 | E33: 17371.77 | F33: =IF(AND(ISNUMBER(D33),ISNUMBER(E33)), D33-E33, "") -> -808.78563 | G33: =IFERROR(F33/E33, "") -> -0.046557468 | H33: 0 | I33: =IF(AND(ISNUMBER(D33),ISNUMBER(H33)), D33-H33, "") -> 16562.984 | J33: =IFERROR(I33/H33, "")
A34: K335 | B34: NY | C34: =Sites[[#This Row],[SOL'#]] -> SOL-10370 | D34: 15979.406 | E34: 18687.03 | F34: =IF(AND(ISNUMBER(D34),ISNUMBER(E34)), D34-E34, "") -> -2707.6237 | G34: =IFERROR(F34/E34, "") -> -0.14489321 | H34: 21169 | I34: =IF(AND(ISNUMBER(D34),ISNUMBER(H34)), D34-H34, "") -> -5189.5938 | J34: =IFERROR(I34/H34, "") -> -0.24515063 | K34: 1. Inverter 1 is underproducing due to multiple tripping on left and right unit from 03/21. | L34: 1. SR082762
A35: K345 | B35: NY | C35: =Sites[[#This Row],[SOL'#]] -> SOL-10920 | D35: 18286.362 | E35: 12310.74 | F35: =IF(AND(ISNUMBER(D35),ISNUMBER(E35)), D35-E35, "") -> 5975.6222 | G35: =IFERROR(F35/E35, "") -> 0.48539911 | H35: 10903 | I35: =IF(AND(ISNUMBER(D35),ISNUMBER(H35)), D35-H35, "") -> 7383.3622 | J35: =IFERROR(I35/H35, "") -> 0.6771863 | K35: 1. Inverter 3 right unit is underproducing approximately 12kW for whole month | L35: 1. SR081580
A36: K445 | B36: NY | C36: =Sites[[#This Row],[SOL'#]] -> SOL-10373 | D36: 16171.766 | E36: 17957.29 | F36: =IF(AND(ISNUMBER(D36),ISNUMBER(E36)), D36-E36, "") -> -1785.5244 | G36: =IFERROR(F36/E36, "") -> -0.099431728 | H36: 20544.73 | I36: =IF(AND(ISNUMBER(D36),ISNUMBER(H36)), D36-H36, "") -> -4372.9644 | J36: =IFERROR(I36/H36, "") -> -0.21285091
A37: K495 | B37: NY | C37: =Sites[[#This Row],[SOL'#]] -> SOL-10374 | D37: 60571.188 | E37: 0 | F37: =IF(AND(ISNUMBER(D37),ISNUMBER(E37)), D37-E37, "") -> 60571.188 | G37: =IFERROR(F37/E37, "") | H37: 0 | I37: =IF(AND(ISNUMBER(D37),ISNUMBER(H37)), D37-H37, "") -> 60571.188 | J37: =IFERROR(I37/H37, "") | K37: 1. Site tripped offline on 03/01 and back online on 03/04 at 11am 2. Site is offline on 03/27 and back online on 03/28 at 14:30 and again the site is offline on 03/29 and back online at 13:00 on 03/29 | L37: 1. SR081486 2. SR082799
A38: M020 | B38: NY | C38: =Sites[[#This Row],[SOL'#]] -> SOL-10380 | D38: 16848.062 | E38: 15388.65 | F38: =IF(AND(ISNUMBER(D38),ISNUMBER(E38)), D38-E38, "") -> 1459.4125 | G38: =IFERROR(F38/E38, "") -> 0.094836942 | H38: 0 | I38: =IF(AND(ISNUMBER(D38),ISNUMBER(H38)), D38-H38, "") -> 16848.062 | J38: =IFERROR(I38/H38, "")
A39: M092 | B39: NY | C39: =Sites[[#This Row],[SOL'#]] -> SOL-10383 | D39: 16658.062 | E39: 18158.13 | F39: =IF(AND(ISNUMBER(D39),ISNUMBER(E39)), D39-E39, "") -> -1500.0675 | G39: =IFERROR(F39/E39, "") -> -0.082611343 | H39: 19908.93 | I39: =IF(AND(ISNUMBER(D39),ISNUMBER(H39)), D39-H39, "") -> -3250.8675 | J39: =IFERROR(I39/H39, "") -> -0.1632869
A40: M143 | B40: NY | C40: =Sites[[#This Row],[SOL'#]] -> SOL-10384 | D40: 20092.344 | E40: 22283.18 | F40: =IF(AND(ISNUMBER(D40),ISNUMBER(E40)), D40-E40, "") -> -2190.8363 | G40: =IFERROR(F40/E40, "") -> -0.098317935 | H40: 24549.07 | I40: =IF(AND(ISNUMBER(D40),ISNUMBER(H40)), D40-H40, "") -> -4456.7262 | J40: =IFERROR(I40/H40, "") -> -0.18154359
A41: M144 | B41: NY | C41: =Sites[[#This Row],[SOL'#]] -> SOL-10385 | D41: 27745.047 | E41: 0 | F41: =IF(AND(ISNUMBER(D41),ISNUMBER(E41)), D41-E41, "") -> 27745.047 | G41: =IFERROR(F41/E41, "") | H41: 0 | I41: =IF(AND(ISNUMBER(D41),ISNUMBER(H41)), D41-H41, "") -> 27745.047 | J41: =IFERROR(I41/H41, "")
A42: M167 | B42: NY | C42: =Sites[[#This Row],[SOL'#]] -> SOL-10386 | D42: 21029.287 | E42: 15675.65 | F42: =IF(AND(ISNUMBER(D42),ISNUMBER(E42)), D42-E42, "") -> 5353.6371 | G42: =IFERROR(F42/E42, "") -> 0.34152569 | H42: 19330.91 | I42: =IF(AND(ISNUMBER(D42),ISNUMBER(H42)), D42-H42, "") -> 1698.3771 | J42: =IFERROR(I42/H42, "") -> 0.087858104
A43: M188 | B43: NY | C43: =Sites[[#This Row],[SOL'#]] -> SOL-10387 | D43: 15230.659 | E43: 0 | F43: =IF(AND(ISNUMBER(D43),ISNUMBER(E43)), D43-E43, "") -> 15230.659 | G43: =IFERROR(F43/E43, "") | H43: 0 | I43: =IF(AND(ISNUMBER(D43),ISNUMBER(H43)), D43-H43, "") -> 15230.659 | J43: =IFERROR(I43/H43, "")
A44: EMHC | B44: NY | C44: =Sites[[#This Row],[SOL'#]] -> SOL-10351 | D44: 4392.8269 | E44: 0 | F44: =IF(AND(ISNUMBER(D44),ISNUMBER(E44)), D44-E44, "") -> 4392.8269 | G44: =IFERROR(F44/E44, "") | H44: 0 | I44: =IF(AND(ISNUMBER(D44),ISNUMBER(H44)), D44-H44, "") -> 4392.8269 | J44: =IFERROR(I44/H44, "")
A45: Q008 | B45: NY | C45: =Sites[[#This Row],[SOL'#]] -> SOL-10397 | D45: 24188.484 | E45: 23582.52 | F45: =IF(AND(ISNUMBER(D45),ISNUMBER(E45)), D45-E45, "") -> 605.96437 | G45: =IFERROR(F45/E45, "") -> 0.025695489 | H45: 25030 | I45: =IF(AND(ISNUMBER(D45),ISNUMBER(H45)), D45-H45, "") -> -841.51562 | J45: =IFERROR(I45/H45, "") -> -0.033620281
A46: Q018 | B46: NY | C46: =Sites[[#This Row],[SOL'#]] -> SOL-10398 | D46: 16216.938 | E46: 14933.98 | F46: =IF(AND(ISNUMBER(D46),ISNUMBER(E46)), D46-E46, "") -> 1282.9575 | G46: =IFERROR(F46/E46, "") -> 0.085908612 | H46: 18170.75 | I46: =IF(AND(ISNUMBER(D46),ISNUMBER(H46)), D46-H46, "") -> -1953.8125 | J46: =IFERROR(I46/H46, "") -> -0.10752514
A47: Q021 | B47: NY | C47: =Sites[[#This Row],[SOL'#]] -> SOL-10399 | D47: 12773.5 | E47: 13011.63 | F47: =IF(AND(ISNUMBER(D47),ISNUMBER(E47)), D47-E47, "") -> -238.13 | G47: =IFERROR(F47/E47, "") -> -0.01830132 | H47: 7333.409 | I47: =IF(AND(ISNUMBER(D47),ISNUMBER(H47)), D47-H47, "") -> 5440.091 | J47: =IFERROR(I47/H47, "") -> 0.74182294
A48: Q025 | B48: NY | C48: =Sites[[#This Row],[SOL'#]] -> SOL-10400 | D48: 21273.688 | E48: 21733.1 | F48: =IF(AND(ISNUMBER(D48),ISNUMBER(E48)), D48-E48, "") -> -459.4125 | G48: =IFERROR(F48/E48, "") -> -0.021138839 | H48: 12738 | I48: =IF(AND(ISNUMBER(D48),ISNUMBER(H48)), D48-H48, "") -> 8535.6875 | J48: =IFERROR(I48/H48, "") -> 0.67009637
A49: Q074 | B49: NY | C49: =Sites[[#This Row],[SOL'#]] -> SOL-10402 | D49: 14048.156 | E49: 13983.17 | F49: =IF(AND(ISNUMBER(D49),ISNUMBER(E49)), D49-E49, "") -> 64.98625 | G49: =IFERROR(F49/E49, "") -> 0.0046474619 | H49: 14504.74 | I49: =IF(AND(ISNUMBER(D49),ISNUMBER(H49)), D49-H49, "") -> -456.58375 | J49: =IFERROR(I49/H49, "") -> -0.031478244
... A55: Q229 | B55: NY | C55: =Sites[[#This Row],[SOL'#]] -> SOL-10408 | D55: 10932.938 | E55: 11221.02 | F55: =IF(AND(ISNUMBER(D55),ISNUMBER(E55)), D55-E55, "") -> -288.0825 | G55: =IFERROR(F55/E55, "") -> -0.025673468 | H55: 12926.66 | I55: =IF(AND(ISNUMBER(D55),ISNUMBER(H55)), D55-H55, "") -> -1993.7225 | J55: =IFERROR(I55/H55, "") -> -0.15423338
A56: Q231 | B56: NY | C56: =Sites[[#This Row],[SOL'#]] -> SOL-10870 | D56: 38473.062 | E56: 40491.79 | F56: =IF(AND(ISNUMBER(D56),ISNUMBER(E56)), D56-E56, "") -> -2018.7275 | G56: =IFERROR(F56/E56, "") -> -0.04985523 | H56: 0 | I56: =IF(AND(ISNUMBER(D56),ISNUMBER(H56)), D56-H56, "") -> 38473.062 | J56: =IFERROR(I56/H56, "") | K56: 1. Site was taken offline by the technician on 03/21 at 13:00 & back online on 03/22 at 13:00. | L56: 1.SR082347
A57: Q405 | B57: NY | C57: =Sites[[#This Row],[SOL'#]] -> SOL-10409 | D57: 44961.625 | E57: 44943.98 | F57: =IF(AND(ISNUMBER(D57),ISNUMBER(E57)), D57-E57, "") -> 17.645 | G57: =IFERROR(F57/E57, "") -> 0.00039259985 | H57: 38116.35 | I57: =IF(AND(ISNUMBER(D57),ISNUMBER(H57)), D57-H57, "") -> 6845.275 | J57: =IFERROR(I57/H57, "") -> 0.17958894
A58: Q435 | B58: NY | C58: =Sites[[#This Row],[SOL'#]] -> SOL-10923 | D58: 0 | E58: 0 | F58: =IF(AND(ISNUMBER(D58),ISNUMBER(E58)), D58-E58, "") -> 0 | G58: =IFERROR(F58/E58, "") | H58: 0 | I58: =IF(AND(ISNUMBER(D58),ISNUMBER(H58)), D58-H58, "") -> 0 | J58: =IFERROR(I58/H58, "") | K58: 1. Site is offline throughout the month due to transformer issue. | L58: 1.SR077239
A59: Q485 | B59: NY | C59: =Sites[[#This Row],[SOL'#]] -> SOL-10869 | D59: 53745.268 | E59: 40763.14 | F59: =IF(AND(ISNUMBER(D59),ISNUMBER(E59)), D59-E59, "") -> 12982.128 | G59: =IFERROR(F59/E59, "") -> 0.31847713 | H59: 43927.16 | I59: =IF(AND(ISNUMBER(D59),ISNUMBER(H59)), D59-H59, "") -> 9818.108 | J59: =IFERROR(I59/H59, "") -> 0.22350883
A60: Q490 | B60: NY | C60: =Sites[[#This Row],[SOL'#]] -> SOL-10411 | D60: 38784.811 | F60: =IF(AND(ISNUMBER(D60),ISNUMBER(E60)), D60-E60, "") | G60: =IFERROR(F60/E60, "") | H60: 40666.44 | I60: =IF(AND(ISNUMBER(D60),ISNUMBER(H60)), D60-H60, "") -> -1881.6294 | J60: =IFERROR(I60/H60, "") -> -0.046269832
A61: Q620 | B61: NY | C61: =Sites[[#This Row],[SOL'#]] -> SOL-10867 | D61: 58156.5 | E61: 58634.66 | F61: =IF(AND(ISNUMBER(D61),ISNUMBER(E61)), D61-E61, "") -> -478.16 | G61: =IFERROR(F61/E61, "") -> -0.0081549036 | H61: 62590.83 | I61: =IF(AND(ISNUMBER(D61),ISNUMBER(H61)), D61-H61, "") -> -4434.33 | J61: =IFERROR(I61/H61, "") -> -0.07084632
A62: QMOA | B62: NY | C62: =Sites[[#This Row],[SOL'#]] -> SOL-10415 | D62: 4986.5 | F62: =IF(AND(ISNUMBER(D62),ISNUMBER(E62)), D62-E62, "") | G62: =IFERROR(F62/E62, "") | H62: 5158.671 | I62: =IF(AND(ISNUMBER(D62),ISNUMBER(H62)), D62-H62, "") -> -172.171 | J62: =IFERROR(I62/H62, "") -> -0.033375069
A63: X024 | B63: NY | C63: =Sites[[#This Row],[SOL'#]] -> SOL-10419 | D63: 22464 | E63: 0 | F63: =IF(AND(ISNUMBER(D63),ISNUMBER(E63)), D63-E63, "") -> 22464 | G63: =IFERROR(F63/E63, "") | H63: 0 | I63: =IF(AND(ISNUMBER(D63),ISNUMBER(H63)), D63-H63, "") -> 22464 | J63: =IFERROR(I63/H63, "")
A64: X026 | B64: NY | C64: =Sites[[#This Row],[SOL'#]] -> SOL-10420 | D64: 17410.1 | E64: 18695.32 | F64: =IF(AND(ISNUMBER(D64),ISNUMBER(E64)), D64-E64, "") -> -1285.22 | G64: =IFERROR(F64/E64, "") -> -0.068745547 | H64: 22181.89 | I64: =IF(AND(ISNUMBER(D64),ISNUMBER(H64)), D64-H64, "") -> -4771.79 | J64: =IFERROR(I64/H64, "") -> -0.21512098 | K64: 1. Inverter 2 left unit is offline from 02/15 & continued till 03/15. | L64: 1.SR081335
A65: X090 | B65: NY | C65: =Sites[[#This Row],[SOL'#]] -> SOL-10925 | D65: 16916.57 | E65: 13225.85 | F65: =IF(AND(ISNUMBER(D65),ISNUMBER(E65)), D65-E65, "") -> 3690.7203 | G65: =IFERROR(F65/E65, "") -> 0.27905354 | H65: 15094 | I65: =IF(AND(ISNUMBER(D65),ISNUMBER(H65)), D65-H65, "") -> 1822.5703 | J65: =IFERROR(I65/H65, "") -> 0.120748
A66: X117 | B66: NY | C66: =Sites[[#This Row],[SOL'#]] -> SOL-10422 | D66: 13455 | E66: 15855.09 | F66: =IF(AND(ISNUMBER(D66),ISNUMBER(E66)), D66-E66, "") -> -2400.09 | G66: =IFERROR(F66/E66, "") -> -0.15137662 | H66: 23583 | I66: =IF(AND(ISNUMBER(D66),ISNUMBER(H66)), D66-H66, "") -> -10128 | J66: =IFERROR(I66/H66, "") -> -0.4294619
A67: X125 | B67: NY | C67: =Sites[[#This Row],[SOL'#]] -> SOL-10423 | D67: 26170.438 | E67: 27691.59 | F67: =IF(AND(ISNUMBER(D67),ISNUMBER(E67)), D67-E67, "") -> -1521.1525 | G67: =IFERROR(F67/E67, "") -> -0.054931931 | H67: 19153.71 | I67: =IF(AND(ISNUMBER(D67),ISNUMBER(H67)), D67-H67, "") -> 7016.7275 | J67: =IFERROR(I67/H67, "") -> 0.36633777
A68: X134 | B68: NY | C68: =Sites[[#This Row],[SOL'#]] -> SOL-10424 | D68: 24982.812 | E68: 0 | F68: =IF(AND(ISNUMBER(D68),ISNUMBER(E68)), D68-E68, "") -> 24982.812 | G68: =IFERROR(F68/E68, "") | H68: 0 | I68: =IF(AND(ISNUMBER(D68),ISNUMBER(H68)), D68-H68, "") -> 24982.812 | J68: =IFERROR(I68/H68, "")
A69: X135 | B69: NY | C69: =Sites[[#This Row],[SOL'#]] -> SOL-10425 | D69: 19923.844 | E69: 0 | F69: =IF(AND(ISNUMBER(D69),ISNUMBER(E69)), D69-E69, "") -> 19923.844 | G69: =IFERROR(F69/E69, "") | H69: 0 | I69: =IF(AND(ISNUMBER(D69),ISNUMBER(H69)), D69-H69, "") -> 19923.844 | J69: =IFERROR(I69/H69, "")
A70: X139 JHS 222 | B70: NY | C70: =Sites[[#This Row],[SOL'#]] -> SOL-10426 | D70: 32288.417 | E70: 33629.4 | F70: =IF(AND(ISNUMBER(D70),ISNUMBER(E70)), D70-E70, "") -> -1340.9831 | G70: =IFERROR(F70/E70, "") -> -0.039875319 | H70: 34382 | I70: =IF(AND(ISNUMBER(D70),ISNUMBER(H70)), D70-H70, "") -> -2093.5831 | J70: =IFERROR(I70/H70, "") -> -0.060891835
A71: X140 | B71: NY | C71: =Sites[[#This Row],[SOL'#]] -> SOL-10926 | D71: 17641 | E71: 15530 | F71: =IF(AND(ISNUMBER(D71),ISNUMBER(E71)), D71-E71, "") -> 2111 | G71: =IFERROR(F71/E71, "") -> 0.13593046 | H71: 15996 | I71: =IF(AND(ISNUMBER(D71),ISNUMBER(H71)), D71-H71, "") -> 1645 | J71: =IFERROR(I71/H71, "") -> 0.10283821
A72: X166 | B72: NY | C72: =Sites[[#This Row],[SOL'#]] -> SOL-10427 | D72: 18860.8 | E72: 18371.54 | F72: =IF(AND(ISNUMBER(D72),ISNUMBER(E72)), D72-E72, "") -> 489.26 | G72: =IFERROR(F72/E72, "") -> 0.026631409 | H72: 0 | I72: =IF(AND(ISNUMBER(D72),ISNUMBER(H72)), D72-H72, "") -> 18860.8 | J72: =IFERROR(I72/H72, "")
A73: Murphy | B73: MN | C73: =Sites[[#This Row],[SOL'#]] -> SOL-10094 | D73: 770630 | E73: 819414.3 | F73: =IF(AND(ISNUMBER(D73),ISNUMBER(E73)), D73-E73, "") -> -48784.3 | G73: =IFERROR(F73/E73, "") -> -0.059535573 | H73: 837992.8 | I73: =IF(AND(ISNUMBER(D73),ISNUMBER(H73)), D73-H73, "") -> -67362.8 | J73: =IFERROR(I73/H73, "") -> -0.080385894 | K73: 1. Site was on battery mod on 03/07 at 12:45 & back online at 14:15. 2. Site is offline on 03/27 & continued throughout the month. 3. Inverter 5 derated from 08:00 to 10:35 on 03/01/23024 | L73: 1.SR082874 2.SR082874 3. SR081494
A74: Terning | B74: MN | C74: =Sites[[#This Row],[SOL'#]] -> SOL-10093 | D74: 872406 | E74: 948035.2 | F74: =IF(AND(ISNUMBER(D74),ISNUMBER(E74)), D74-E74, "") -> -75629.2 | G74: =IFERROR(F74/E74, "") -> -0.079774675 | H74: 821225.2 | I74: =IF(AND(ISNUMBER(D74),ISNUMBER(H74)), D74-H74, "") -> 51180.8 | J74: =IFERROR(I74/H74, "") -> 0.062322491
A75: Boas Road 04 | B75: NY | C75: =Sites[[#This Row],[SOL'#]] -> SOL-10908 | D75: 268362 | E75: 320248.16 | F75: =IF(AND(ISNUMBER(D75),ISNUMBER(E75)), D75-E75, "") -> -51886.16 | G75: =IFERROR(F75/E75, "") -> -0.1620186 | H75: 299474.2 | I75: =IF(AND(ISNUMBER(D75),ISNUMBER(H75)), D75-H75, "") -> -31112.2 | J75: =IFERROR(I75/H75, "") -> -0.10388942 | K75: 1. Inverter 2 CB 5 is offline for whole month. | L75: 1. SR080998
A76: Kelly Bridge Farm | B76: NY | C76: =Sites[[#This Row],[SOL'#]] -> SOL-10911 | D76: 277190 | E76: 283454.9 | F76: =IF(AND(ISNUMBER(D76),ISNUMBER(E76)), D76-E76, "") -> -6264.9 | G76: =IFERROR(F76/E76, "") -> -0.022101929 | H76: 330485.78 | I76: =IF(AND(ISNUMBER(D76),ISNUMBER(H76)), D76-H76, "") -> -53295.78 | J76: =IFERROR(I76/H76, "") -> -0.16126497 | K76: 1. Inverter 12 tripped offline on 03/08 and back online on 03/11 2. Inverter 12 again tripped offline on 03/12 at 10:35 and back online on 03/13 at 10:35 3. Inverter 7 tripped offline on 03/29 at 10:40 and back online on 04/01 4. Inverter 13 tripped offline on 03/29 17:25 and back online on 04/01 | L76: 1. SR081708 2. SR081833 3. SR082896 4. SR082917
A77: Pool Brook Road | B77: NY | C77: =Sites[[#This Row],[SOL'#]] -> SOL-10909 | D77: 224156 | E77: 246274.06 | F77: =IF(AND(ISNUMBER(D77),ISNUMBER(E77)), D77-E77, "") -> -22118.06 | G77: =IFERROR(F77/E77, "") -> -0.089810758 | H77: 256031.69 | I77: =IF(AND(ISNUMBER(D77),ISNUMBER(H77)), D77-H77, "") -> -31875.69 | J77: =IFERROR(I77/H77, "") -> -0.124499
A78: Sackett Lake | B78: NY | C78: =Sites[[#This Row],[SOL'#]] -> SOL-10910 | D78: 281497 | E78: 294503.09 | F78: =IF(AND(ISNUMBER(D78),ISNUMBER(E78)), D78-E78, "") -> -13006.09 | G78: =IFERROR(F78/E78, "") -> -0.04416283 | H78: 308290.15 | I78: =IF(AND(ISNUMBER(D78),ISNUMBER(H78)), D78-H78, "") -> -26793.15 | J78: =IFERROR(I78/H78, "") -> -0.086908875 | K78: 1. Inverter 1 tripped offline at 16:40 on 03/24 & back online on 03/25 at 14:15 | L78: 1.SR082613
A79: Burritt Road | B79: NY | C79: =Sites[[#This Row],[SOL'#]] -> SOL-10913 | D79: 287110 | E79: 309262.42 | F79: =IF(AND(ISNUMBER(D79),ISNUMBER(E79)), D79-E79, "") -> -22152.42 | G79: =IFERROR(F79/E79, "") -> -0.071629848 | H79: 261564.22 | I79: =IF(AND(ISNUMBER(D79),ISNUMBER(H79)), D79-H79, "") -> 25545.78 | J79: =IFERROR(I79/H79, "") -> 0.097665422
A80: Villa Roma 1 | B80: NY | C80: =Sites[[#This Row],[SOL'#]] -> SOL-10914 | D80: 247197 | E80: 187438.62 | F80: =IF(AND(ISNUMBER(D80),ISNUMBER(E80)), D80-E80, "") -> 59758.38 | G80: =IFERROR(F80/E80, "") -> 0.31881573 | H80: 229667.15 | I80: =IF(AND(ISNUMBER(D80),ISNUMBER(H80)), D80-H80, "") -> 17529.85 | J80: =IFERROR(I80/H80, "") -> 0.076327198
A81: Villa Roma 2 | B81: NY | C81: =Sites[[#This Row],[SOL'#]] -> SOL-10915 | D81: 239163 | E81: 255555.88 | F81: =IF(AND(ISNUMBER(D81),ISNUMBER(E81)), D81-E81, "") -> -16392.88 | G81: =IFERROR(F81/E81, "") -> -0.064145971 | H81: 222310.5 | I81: =IF(AND(ISNUMBER(D81),ISNUMBER(H81)), D81-H81, "") -> 16852.5 | J81: =IFERROR(I81/H81, "") -> 0.075806136
A82: Washington 1 | B82: NY | C82: =Sites[[#This Row],[SOL'#]] -> SOL-10912 | D82: 274890 | E82: 310472.97 | F82: =IF(AND(ISNUMBER(D82),ISNUMBER(E82)), D82-E82, "") -> -35582.97 | G82: =IFERROR(F82/E82, "") -> -0.11460891 | H82: 257720.66 | I82: =IF(AND(ISNUMBER(D82),ISNUMBER(H82)), D82-H82, "") -> 17169.34 | J82: =IFERROR(I82/H82, "") -> 0.06661996
A83: Washington 3 | B83: NY | C83: =Sites[[#This Row],[SOL'#]] -> SOL-10828 | D83: 278384 | E83: 329460.01 | F83: =IF(AND(ISNUMBER(D83),ISNUMBER(E83)), D83-E83, "") -> -51076.01 | G83: =IFERROR(F83/E83, "") -> -0.15502947 | H83: 314397.57 | I83: =IF(AND(ISNUMBER(D83),ISNUMBER(H83)), D83-H83, "") -> -36013.57 | J83: =IFERROR(I83/H83, "") -> -0.11454786 | K83: 1. Site tripped offline at 14:00 on 03/04 & back online at 12:55 on 03/08. 2. Site is offline from 07:30 to 12:15 on 03/25. 3. Site was taken offline by the technician 12:00 to 12:45 on 02/13. | L83: 1. SR081561 2.SR082703 3. SR081848
A84: Washington 4 | B84: NY | C84: =Sites[[#This Row],[SOL'#]] -> SOL-10829 | D84: 325139 | E84: 0 | F84: =IF(AND(ISNUMBER(D84),ISNUMBER(E84)), D84-E84, "") -> 325139 | G84: =IFERROR(F84/E84, "") | H84: 315271.55 | I84: =IF(AND(ISNUMBER(D84),ISNUMBER(H84)), D84-H84, "") -> 9867.45 | J84: =IFERROR(I84/H84, "") -> 0.031298257 | K84: 1. Inverter 1 tripped offline on 03/11 from 10:00 to 15:05. 2. Site tripped offline on 03/12 from 11:00 to 14:00 | L84: 1.SR081756 2.SR081804
A85: Big Tree | B85: NY | C85: =Sites[[#This Row],[SOL'#]] -> SOL-10966 | D85: 235506 | E85: 0 | F85: =IF(AND(ISNUMBER(D85),ISNUMBER(E85)), D85-E85, "") -> 235506 | G85: =IFERROR(F85/E85, "") | H85: 107912 | I85: =IF(AND(ISNUMBER(D85),ISNUMBER(H85)), D85-H85, "") -> 127594 | J85: =IFERROR(I85/H85, "") -> 1.1823894
A86: Canoga | B86: NY | C86: =Sites[[#This Row],[SOL'#]] -> SOL-10965 | D86: 708100 | E86: 0 | F86: =IF(AND(ISNUMBER(D86),ISNUMBER(E86)), D86-E86, "") -> 708100 | G86: =IFERROR(F86/E86, "") | H86: 305917 | I86: =IF(AND(ISNUMBER(D86),ISNUMBER(H86)), D86-H86, "") -> 402183 | J86: =IFERROR(I86/H86, "") -> 1.3146801 | K86: 1. Inverter 3 is offline on 03/19, 03/21, 03/22, 03/25, 03/29 and 03/30 due to temperatur fault | L86: 1. SR081289
A87: County Route 84 | B87: NY | C87: =Sites[[#This Row],[SOL'#]] -> SOL-10967 | D87: 661187 | E87: 0 | F87: =IF(AND(ISNUMBER(D87),ISNUMBER(E87)), D87-E87, "") -> 661187 | G87: =IFERROR(F87/E87, "") | H87: 377105 | I87: =IF(AND(ISNUMBER(D87),ISNUMBER(H87)), D87-H87, "") -> 284082 | J87: =IFERROR(I87/H87, "") -> 0.75332334 | K87: 1. Site tripped offline on 02/28 at 18:15and back online on 03/01 at 16:05 | L87: 1. SR081429
A88: Donati | B88: NY | C88: =Sites[[#This Row],[SOL'#]] -> SOL-10968 | D88: 310641 | E88: 0 | F88: =IF(AND(ISNUMBER(D88),ISNUMBER(E88)), D88-E88, "") -> 310641 | G88: =IFERROR(F88/E88, "") | H88: 120395 | I88: =IF(AND(ISNUMBER(D88),ISNUMBER(H88)), D88-H88, "") -> 190246 | J88: =IFERROR(I88/H88, "") -> 1.5801819 | K88: 1. Inverter 1 CB 12.3 tripped offline on 03/04 and back online on 03/06 2. CB 02 is offline on 03/19 and back online on 03/20 | L88: 1. SR081550 2. SR082126
A89: Henrietta | B89: NY | C89: =Sites[[#This Row],[SOL'#]] -> SOL-10972 | D89: 792895 | E89: 0 | F89: =IF(AND(ISNUMBER(D89),ISNUMBER(E89)), D89-E89, "") -> 792895 | G89: =IFERROR(F89/E89, "") | H89: 231835 | I89: =IF(AND(ISNUMBER(D89),ISNUMBER(H89)), D89-H89, "") -> 561060 | J89: =IFERROR(I89/H89, "") -> 2.4200832
A90: NY 70 | B90: NY | C90: =Sites[[#This Row],[SOL'#]] -> SOL-10970 | D90: 769779 | E90: 0 | F90: =IF(AND(ISNUMBER(D90),ISNUMBER(E90)), D90-E90, "") -> 769779 | G90: =IFERROR(F90/E90, "") | H90: 390190 | I90: =IF(AND(ISNUMBER(D90),ISNUMBER(H90)), D90-H90, "") -> 379589 | J90: =IFERROR(I90/H90, "") -> 0.97283118 | K90: 1. CB 4 tripped offline on 3/18/24. Also there is a mislabeling issue between CBs 3 and 4 and back online at 11:35 on 03/22. | L90: 1. SR082281
A91: Reid | B91: NY | C91: =Sites[[#This Row],[SOL'#]] -> SOL-10991 | D91: 553245.83 | E91: 594456.8 | F91: =IF(AND(ISNUMBER(D91),ISNUMBER(E91)), D91-E91, "") -> -41210.97 | G91: =IFERROR(F91/E91, "") -> -0.069325424 | H91: 703521 | I91: =IF(AND(ISNUMBER(D91),ISNUMBER(H91)), D91-H91, "") -> -150275.17 | J91: =IFERROR(I91/H91, "") -> -0.21360438 | K91: 1. Inverter 30 tripped offline on 14/03 and back online on 13/15 2. Inverters 1-20 are not started for production on 03/11 and started for production on 03/12 at 14:30 and data was backfilled. 3. Inverter 23 tripped offline 03/24 and being RMA'd | L91: 1. SR081904 2. SR081770 3. SR082624
A92: Sangolqui | B92: NY | C92: =Sites[[#This Row],[SOL'#]] -> SOL-10975 | D92: 293074 | E92: 0 | F92: =IF(AND(ISNUMBER(D92),ISNUMBER(E92)), D92-E92, "") -> 293074 | G92: =IFERROR(F92/E92, "") | H92: 117410 | I92: =IF(AND(ISNUMBER(D92),ISNUMBER(H92)), D92-H92, "") -> 175664 | J92: =IFERROR(I92/H92, "") -> 1.4961588 | K92: 1. Inverter 1 didn't started for production and reporting "Isolation fault" on 03/03 and later it started production at 10:45am on 03/03. 2. Site tripped offline at 3:35pm on 03/20 and back online on 03/23. | L92: 1. SR081524 2. SR082282
A93: State Highway 17B | B93: NY | C93: =Sites[[#This Row],[SOL'#]] -> SOL-10988 | D93: 629166 | E93: 0 | F93: =IF(AND(ISNUMBER(D93),ISNUMBER(E93)), D93-E93, "") -> 629166 | G93: =IFERROR(F93/E93, "") | H93: 323738.17 | I93: =IF(AND(ISNUMBER(D93),ISNUMBER(H93)), D93-H93, "") -> 305427.83 | J93: =IFERROR(I93/H93, "") -> 0.9434409 | K93: 1. Inverter 4 tripped offline at 12:20pm due to isolation fault on 03/09 and back online at 2:00pm on 03/09. and again tripped offline at 8:45am on 03/13 and back online at 09:10am on 03/13 and again tripped offline at 8:40am on 03/14 and back online at 9:05am on 03/14. | L93: 1. SR081717
A94: State Route 14A | B94: NY | C94: =Sites[[#This Row],[SOL'#]] -> SOL-10997 | D94: 726739 | E94: 0 | F94: =IF(AND(ISNUMBER(D94),ISNUMBER(E94)), D94-E94, "") -> 726739 | G94: =IFERROR(F94/E94, "") | H94: 347576 | I94: =IF(AND(ISNUMBER(D94),ISNUMBER(H94)), D94-H94, "") -> 379163 | J94: =IFERROR(I94/H94, "") -> 1.090878
A95: West Creek | B95: NY | C95: =Sites[[#This Row],[SOL'#]] -> SOL-10995 | D95: 651414 | E95: 0 | F95: =IF(AND(ISNUMBER(D95),ISNUMBER(E95)), D95-E95, "") -> 651414 | G95: =IFERROR(F95/E95, "") | H95: 298411.45 | I95: =IF(AND(ISNUMBER(D95),ISNUMBER(H95)), D95-H95, "") -> 353002.55 | J95: =IFERROR(I95/H95, "") -> 1.182939
A96: Wildflower | B96: NY | C96: =Sites[[#This Row],[SOL'#]] -> SOL-10982 | D96: 527026 | E96: 0 | F96: =IF(AND(ISNUMBER(D96),ISNUMBER(E96)), D96-E96, "") -> 527026 | G96: =IFERROR(F96/E96, "") | H96: 406900.27 | I96: =IF(AND(ISNUMBER(D96),ISNUMBER(H96)), D96-H96, "") -> 120125.73 | J96: =IFERROR(I96/H96, "") -> 0.29522155 | K96: 1. Inverters 1,2 are tripped offline and reporting "Instantaneous over current fault" from 03/18. | L96: 1. SR082000
A97: Glen Mary 1 | B97: NY | C97: =Sites[[#This Row],[SOL'#]] -> SOL-10993 | D97: 607520 | E97: 0 | F97: =IF(AND(ISNUMBER(D97),ISNUMBER(E97)), D97-E97, "") -> 607520 | G97: =IFERROR(F97/E97, "") | H97: 390040 | I97: =IF(AND(ISNUMBER(D97),ISNUMBER(H97)), D97-H97, "") -> 217480 | J97: =IFERROR(I97/H97, "") -> 0.55758384 | K97: 1. Site tripped offline at 06:35 AM, meter voltages dropped to zero on 03/22 and back online on 03/23 at 4:50pm. 2. Site tripped offline at 08:20am, meter voltages dropped to zero on 03/29 and came back online at 3:25pm on 03/29 | L97: 1. SR082362 2. SR082887
A98: Glen Mary 2 | B98: NY | C98: =Sites[[#This Row],[SOL'#]] -> SOL-10994 | D98: 272790 | E98: 0 | F98: =IF(AND(ISNUMBER(D98),ISNUMBER(E98)), D98-E98, "") -> 272790 | G98: =IFERROR(F98/E98, "") | H98: 159200 | I98: =IF(AND(ISNUMBER(D98),ISNUMBER(H98)), D98-H98, "") -> 113590 | J98: =IFERROR(I98/H98, "") -> 0.71350503 | K98: 1. Site is offline, meter voltages dropped to zero at 06:35am on 03/22 and back online on 03/23 at 4:45pm. 2. Site tripped offline at 08:20am, meter voltages dropped to zero on 03/29 and back online at 1:05pm on 03/29. | L98: 1. SR082359 2. SR082888
A99: Telegraph 1 | B99: NY | C99: =Sites[[#This Row],[SOL'#]] -> SOL-11003 | D99: 529535 | E99: 0 | F99: =IF(AND(ISNUMBER(D99),ISNUMBER(E99)), D99-E99, "") -> 529535 | G99: =IFERROR(F99/E99, "") | H99: 264670 | I99: =IF(AND(ISNUMBER(D99),ISNUMBER(H99)), D99-H99, "") -> 264865 | J99: =IFERROR(I99/H99, "") -> 1.0007368
A100: Telegraph 2 | B100: NY | C100: =Sites[[#This Row],[SOL'#]] -> SOL-11004 | D100: 282629 | E100: 0 | F100: =IF(AND(ISNUMBER(D100),ISNUMBER(E100)), D100-E100, "") -> 282629 | G100: =IFERROR(F100/E100, "") | H100: 137310 | I100: =IF(AND(ISNUMBER(D100),ISNUMBER(H100)), D100-H100, "") -> 145319 | J100: =IFERROR(I100/H100, "") -> 1.0583279
A101: Cafferty Hill | B101: NY | C101: =Sites[[#This Row],[SOL'#]] -> SOL-10996 | D101: 665555 | E101: 0 | F101: =IF(AND(ISNUMBER(D101),ISNUMBER(E101)), D101-E101, "") -> 665555 | G101: =IFERROR(F101/E101, "") | H101: 312325 | I101: =IF(AND(ISNUMBER(D101),ISNUMBER(H101)), D101-H101, "") -> 353230 | J101: =IFERROR(I101/H101, "") -> 1.1309693
A102: Dunkleman | B102: NY | C102: =Sites[[#This Row],[SOL'#]] -> SOL-11008 | D102: 434847 | E102: 0 | F102: =IF(AND(ISNUMBER(D102),ISNUMBER(E102)), D102-E102, "") -> 434847 | G102: =IFERROR(F102/E102, "") | H102: 327000 | I102: =IF(AND(ISNUMBER(D102),ISNUMBER(H102)), D102-H102, "") -> 107847 | J102: =IFERROR(I102/H102, "") -> 0.32980734
A103: Route 19 1 | B103: NY | C103: =Sites[[#This Row],[SOL'#]] -> SOL-11001 | D103: 333346 | E103: 0 | F103: =IF(AND(ISNUMBER(D103),ISNUMBER(E103)), D103-E103, "") -> 333346 | G103: =IFERROR(F103/E103, "") | H103: 133330 | I103: =IF(AND(ISNUMBER(D103),ISNUMBER(H103)), D103-H103, "") -> 200016 | J103: =IFERROR(I103/H103, "") -> 1.5001575
A104: Route 19 2 | B104: NY | C104: =Sites[[#This Row],[SOL'#]] -> SOL-11002 | D104: 803848 | E104: 0 | F104: =IF(AND(ISNUMBER(D104),ISNUMBER(E104)), D104-E104, "") -> 803848 | G104: =IFERROR(F104/E104, "") | H104: 361185 | I104: =IF(AND(ISNUMBER(D104),ISNUMBER(H104)), D104-H104, "") -> 442663 | J104: =IFERROR(I104/H104, "") -> 1.2255852
A105: Yellow Mills 1 | B105: NY | C105: =Sites[[#This Row],[SOL'#]] -> SOL-11006 | D105: 227839 | E105: 0 | F105: =IF(AND(ISNUMBER(D105),ISNUMBER(E105)), D105-E105, "") -> 227839 | G105: =IFERROR(F105/E105, "") | H105: 0 | I105: =IF(AND(ISNUMBER(D105),ISNUMBER(H105)), D105-H105, "") -> 227839 | J105: =IFERROR(I105/H105, "") | K105: 1. Site was offline from 03/12 to 03/18 due to utility planned outage. | L105: 1. SR079967
...

Sheet Apr
A1: {=portfolio} -> Generate Capital | E1: April Actual v. Expected | H1: April Actual v. Forecasted
A2: Total | D2: =SUM(D4:D160) -> 23499964 | E2: =SUM(E4:E160) -> 8684902.2 | F2: =D2-E2 -> 14815062 | G2: =IFERROR(F2/E2, 0) -> 1.705841 | H2: =SUM(H4:H160) -> 15257214 | I2: =D2-H2 -> 8242750.2 | J2: =IFERROR(I2/H2, 0) -> 0.54025264 | K2: =IF(AND(TODAY()>DATE(2024, 4, 1), COUNTA(Sites[Site])<>(COUNT(D:D)-1)), "Some sites are missing actual data; if new sites were added, make sure they are aligned correctly (including prior months!)", "") -> Some sites are missing actual data; if new sites were added, make sure they are aligned correctly (including prior months!)
A3: Site | B3: State | C3: SOL# | D3: Actual | E3: Expected | F3: Delta | G3: % | H3: Forecasted | I3: Delta | J3: % | K3: Notes | L3: Service Requests
A4: {=Sites[Site]} -> Farmer | B4: {=Sites[State]} -> AZ | C4: =Sites[[#This Row],[SOL'#]] -> SOL-10748 | D4: 15124.775 | E4: 10511.74 | F4: =IF(AND(ISNUMBER(D4),ISNUMBER(E4)), D4-E4, "") -> 4613.0347 | G4: =IFERROR(F4/E4, "") -> 0.43884597 | H4: 13597.36 | I4: =IF(AND(ISNUMBER(D4),ISNUMBER(H4)), D4-H4, "") -> 1527.4147 | J4: =IFERROR(I4/H4, "") -> 0.11233171
A5: Fulton | B5: AZ | C5: =Sites[[#This Row],[SOL'#]] -> SOL-10749 | D5: 63763.5 | E5: 56728.68 | F5: =IF(AND(ISNUMBER(D5),ISNUMBER(E5)), D5-E5, "") -> 7034.82 | G5: =IFERROR(F5/E5, "") -> 0.12400817 | H5: 73887.64 | I5: =IF(AND(ISNUMBER(D5),ISNUMBER(H5)), D5-H5, "") -> -10124.14 | J5: =IFERROR(I5/H5, "") -> -0.13702075 | K5: 1. Inverter started for production on 04/01 at 10:00am | L5: 1. SR082942
A6: JFK Elementary | B6: AZ | C6: =Sites[[#This Row],[SOL'#]] -> SOL-10758 | D6: 23044.27 | E6: 0 | F6: =IF(AND(ISNUMBER(D6),ISNUMBER(E6)), D6-E6, "") -> 23044.27 | G6: =IFERROR(F6/E6, "") | H6: 2470 | I6: =IF(AND(ISNUMBER(D6),ISNUMBER(H6)), D6-H6, "") -> 20574.27 | J6: =IFERROR(I6/H6, "") -> 8.329664
A7: Noble | B7: AZ | C7: =Sites[[#This Row],[SOL'#]] -> SOL-10750 | D7: 10664.461 | E7: 17985.1 | F7: =IF(AND(ISNUMBER(D7),ISNUMBER(E7)), D7-E7, "") -> -7320.6392 | G7: =IFERROR(F7/E7, "") -> -0.40703911 | H7: 15364.06 | I7: =IF(AND(ISNUMBER(D7),ISNUMBER(H7)), D7-H7, "") -> -4699.5992 | J7: =IFERROR(I7/H7, "") -> -0.30588263
A8: Parking 3 | B8: AZ | C8: =Sites[[#This Row],[SOL'#]] -> SOL-10751 | D8: 35808.68 | E8: 37712.31 | F8: =IF(AND(ISNUMBER(D8),ISNUMBER(E8)), D8-E8, "") -> -1903.63 | G8: =IFERROR(F8/E8, "") -> -0.050477682 | H8: 38246.62 | I8: =IF(AND(ISNUMBER(D8),ISNUMBER(H8)), D8-H8, "") -> -2437.94 | J8: =IFERROR(I8/H8, "") -> -0.063742626
A9: PE East | B9: AZ | C9: =Sites[[#This Row],[SOL'#]] -> SOL-10752 | D9: 33595.784 | E9: 24639.17 | F9: =IF(AND(ISNUMBER(D9),ISNUMBER(E9)), D9-E9, "") -> 8956.6135 | G9: =IFERROR(F9/E9, "") -> 0.36351117 | H9: 34562.2 | I9: =IF(AND(ISNUMBER(D9),ISNUMBER(H9)), D9-H9, "") -> -966.4165 | J9: =IFERROR(I9/H9, "") -> -0.02796166
A10: Schwada | B10: AZ | C10: =Sites[[#This Row],[SOL'#]] -> SOL-10753 | D10: 14821.108 | E10: 10130.12 | F10: =IF(AND(ISNUMBER(D10),ISNUMBER(E10)), D10-E10, "") -> 4690.9883 | G10: =IFERROR(F10/E10, "") -> 0.46307332 | H10: 15051 | I10: =IF(AND(ISNUMBER(D10),ISNUMBER(H10)), D10-H10, "") -> -229.89167 | J10: =IFERROR(I10/H10, "") -> -0.015274179
A11: Starshine | B11: AZ | C11: =Sites[[#This Row],[SOL'#]] -> SOL-10757 | D11: 10117.5 | E11: 0 | F11: =IF(AND(ISNUMBER(D11),ISNUMBER(E11)), D11-E11, "") -> 10117.5 | G11: =IFERROR(F11/E11, "") | H11: 0 | I11: =IF(AND(ISNUMBER(D11),ISNUMBER(H11)), D11-H11, "") -> 10117.5 | J11: =IFERROR(I11/H11, "")
A12: Yuma Airport | B12: AZ | C12: =Sites[[#This Row],[SOL'#]] -> SOL-10754 | D12: 87359 | E12: 101063.7 | F12: =IF(AND(ISNUMBER(D12),ISNUMBER(E12)), D12-E12, "") -> -13704.7 | G12: =IFERROR(F12/E12, "") -> -0.13560457 | H12: 93817 | I12: =IF(AND(ISNUMBER(D12),ISNUMBER(H12)), D12-H12, "") -> -6458 | J12: =IFERROR(I12/H12, "") -> -0.068836138
A13: Kinsman | B13: OH | C13: =Sites[[#This Row],[SOL'#]] -> SOL-10762 | D13: 110222.78 | E13: 109623.5 | F13: =IF(AND(ISNUMBER(D13),ISNUMBER(E13)), D13-E13, "") -> 599.28125 | G13: =IFERROR(F13/E13, "") -> 0.0054667225 | H13: 116744 | I13: =IF(AND(ISNUMBER(D13),ISNUMBER(H13)), D13-H13, "") -> -6521.2188 | J13: =IFERROR(I13/H13, "") -> -0.055859134 | K13: 1. Inverter B was offline on 04/01 and back online on 04/02 | L13: 1. SR082252
A14: Wooster | B14: OH | C14: =Sites[[#This Row],[SOL'#]] -> SOL-10763 | D14: 21835 | E14: 0 | F14: =IF(AND(ISNUMBER(D14),ISNUMBER(E14)), D14-E14, "") -> 21835 | G14: =IFERROR(F14/E14, "") | H14: 27488 | I14: =IF(AND(ISNUMBER(D14),ISNUMBER(H14)), D14-H14, "") -> -5653 | J14: =IFERROR(I14/H14, "") -> -0.20565338
A15: Globe Gila CC | B15: AZ | C15: =Sites[[#This Row],[SOL'#]] -> SOL-10755 | D15: 18491.07 | E15: 11328 | F15: =IF(AND(ISNUMBER(D15),ISNUMBER(E15)), D15-E15, "") -> 7163.07 | G15: =IFERROR(F15/E15, "") -> 0.63233316 | H15: 19010 | I15: =IF(AND(ISNUMBER(D15),ISNUMBER(H15)), D15-H15, "") -> -518.93 | J15: =IFERROR(I15/H15, "") -> -0.027297738
A16: Payson Gila CC | B16: AZ | C16: =Sites[[#This Row],[SOL'#]] -> SOL-10756 | D16: 15285.368 | E16: 0 | F16: =IF(AND(ISNUMBER(D16),ISNUMBER(E16)), D16-E16, "") -> 15285.368 | G16: =IFERROR(F16/E16, "") | H16: 14996 | I16: =IF(AND(ISNUMBER(D16),ISNUMBER(H16)), D16-H16, "") -> 289.36756 | J16: =IFERROR(I16/H16, "") -> 0.019296316
A17: SCNM | B17: AZ | C17: =Sites[[#This Row],[SOL'#]] -> SOL-10760 | D17: 90171.06 | E17: 0 | F17: =IF(AND(ISNUMBER(D17),ISNUMBER(E17)), D17-E17, "") -> 90171.06 | G17: =IFERROR(F17/E17, "") | H17: 47321 | I17: =IF(AND(ISNUMBER(D17),ISNUMBER(H17)), D17-H17, "") -> 42850.06 | J17: =IFERROR(I17/H17, "") -> 0.9055189
A18: Sequoia Charter School | B18: AZ | C18: =Sites[[#This Row],[SOL'#]] -> SOL-10759 | D18: 41126.44 | E18: 0 | F18: =IF(AND(ISNUMBER(D18),ISNUMBER(E18)), D18-E18, "") -> 41126.44 | G18: =IFERROR(F18/E18, "") | H18: 14750 | I18: =IF(AND(ISNUMBER(D18),ISNUMBER(H18)), D18-H18, "") -> 26376.44 | J18: =IFERROR(I18/H18, "") -> 1.7882332
A19: RCAB | B19: MA | C19: =Sites[[#This Row],[SOL'#]] -> SOL-10838 | D19: 117019 | E19: 132815.6 | F19: =IF(AND(ISNUMBER(D19),ISNUMBER(E19)), D19-E19, "") -> -15796.6 | G19: =IFERROR(F19/E19, "") -> -0.11893633 | H19: 128367.8 | I19: =IF(AND(ISNUMBER(D19),ISNUMBER(H19)), D19-H19, "") -> -11348.8 | J19: =IFERROR(I19/H19, "") -> -0.088408464 | K19: 1. Inverter 5 tripped offline on 04/05 at 12:15pm and back online on 04/09 at 08:405am 2. Weather station 2 showing erroneous value for whole month | L19: 1. SR083132 2. SR082250
A20: Spectro Coatings | B20: MA | C20: =Sites[[#This Row],[SOL'#]] -> SOL-10074 | D20: 30947.625 | E20: 32366.72 | F20: =IF(AND(ISNUMBER(D20),ISNUMBER(E20)), D20-E20, "") -> -1419.095 | G20: =IFERROR(F20/E20, "") -> -0.043844263 | H20: 34638.18 | I20: =IF(AND(ISNUMBER(D20),ISNUMBER(H20)), D20-H20, "") -> -3690.555 | J20: =IFERROR(I20/H20, "") -> -0.10654587 | K20: 1. Inverter 2 was offline on 04/02 and back online on 04/03 at 10:45am | L20: 1. SR081975
A21: K026 | B21: NY | C21: =Sites[[#This Row],[SOL'#]] -> SOL-10356 | D21: 32171.25 | E21: 34586.76 | F21: =IF(AND(ISNUMBER(D21),ISNUMBER(E21)), D21-E21, "") -> -2415.51 | G21: =IFERROR(F21/E21, "") -> -0.069839152 | H21: 37399.88 | I21: =IF(AND(ISNUMBER(D21),ISNUMBER(H21)), D21-H21, "") -> -5228.63 | J21: =IFERROR(I21/H21, "") -> -0.13980339
A22: K041 | B22: NY | C22: =Sites[[#This Row],[SOL'#]] -> SOL-10357 | D22: 20243.93 | E22: 0 | F22: =IF(AND(ISNUMBER(D22),ISNUMBER(E22)), D22-E22, "") -> 20243.93 | G22: =IFERROR(F22/E22, "") | H22: 0 | I22: =IF(AND(ISNUMBER(D22),ISNUMBER(H22)), D22-H22, "") -> 20243.93 | J22: =IFERROR(I22/H22, "") | K22: 1. Inverter 2 left unit is derating since 04/07 and fan replaced on left unit on 04/29 2. Inverter 1 central unit tripped offline on 04/24 and back online on 04/29 | L22: 1. SR083233 2. SR083775
A23: K043 | B23: NY | C23: =Sites[[#This Row],[SOL'#]] -> SOL-10358 | D23: 28735.938 | E23: 30006.39 | F23: =IF(AND(ISNUMBER(D23),ISNUMBER(E23)), D23-E23, "") -> -1270.4525 | G23: =IFERROR(F23/E23, "") -> -0.042339398 | H23: 36644 | I23: =IF(AND(ISNUMBER(D23),ISNUMBER(H23)), D23-H23, "") -> -7908.0625 | J23: =IFERROR(I23/H23, "") -> -0.21580784
A24: K058 | B24: NY | C24: =Sites[[#This Row],[SOL'#]] -> SOL-10360 | D24: 23873.125 | E24: 24535.03 | F24: =IF(AND(ISNUMBER(D24),ISNUMBER(E24)), D24-E24, "") -> -661.905 | G24: =IFERROR(F24/E24, "") -> -0.026977958 | H24: 22239.45 | I24: =IF(AND(ISNUMBER(D24),ISNUMBER(H24)), D24-H24, "") -> 1633.675 | J24: =IFERROR(I24/H24, "") -> 0.073458426
A25: K115 | B25: NY | C25: =Sites[[#This Row],[SOL'#]] -> SOL-10361 | D25: 6370.2584 | E25: 10410.89 | F25: =IF(AND(ISNUMBER(D25),ISNUMBER(E25)), D25-E25, "") -> -4040.6316 | G25: =IFERROR(F25/E25, "") -> -0.38811586 | H25: 7923.335 | I25: =IF(AND(ISNUMBER(D25),ISNUMBER(H25)), D25-H25, "") -> -1553.0766 | J25: =IFERROR(I25/H25, "") -> -0.19601299 | K25: 1. Ongoing construction of array on the roof. 70 percent of the array is offline for construction | L25: 1. SR077214
A26: K152 | B26: NY | C26: =Sites[[#This Row],[SOL'#]] -> SOL-10362 | D26: 9140.75 | E26: 9247.51 | F26: =IF(AND(ISNUMBER(D26),ISNUMBER(E26)), D26-E26, "") -> -106.76 | G26: =IFERROR(F26/E26, "") -> -0.011544729 | H26: 1747 | I26: =IF(AND(ISNUMBER(D26),ISNUMBER(H26)), D26-H26, "") -> 7393.75 | J26: =IFERROR(I26/H26, "") -> 4.2322553
A27: K166 | B27: NY | C27: =Sites[[#This Row],[SOL'#]] -> SOL-10363 | D27: 33466.375 | E27: 35415.77 | F27: =IF(AND(ISNUMBER(D27),ISNUMBER(E27)), D27-E27, "") -> -1949.395 | G27: =IFERROR(F27/E27, "") -> -0.055043135 | H27: 38408.52 | I27: =IF(AND(ISNUMBER(D27),ISNUMBER(H27)), D27-H27, "") -> -4942.145 | J27: =IFERROR(I27/H27, "") -> -0.12867314
A28: K206 | B28: NY | C28: =Sites[[#This Row],[SOL'#]] -> SOL-10927 | D28: 18668.421 | E28: 0 | F28: =IF(AND(ISNUMBER(D28),ISNUMBER(E28)), D28-E28, "") -> 18668.421 | G28: =IFERROR(F28/E28, "") | H28: 0 | I28: =IF(AND(ISNUMBER(D28),ISNUMBER(H28)), D28-H28, "") -> 18668.421 | J28: =IFERROR(I28/H28, "")
A29: K251 | B29: NY | C29: =Sites[[#This Row],[SOL'#]] -> SOL-10365 | D29: 20644.031 | E29: 21406.02 | F29: =IF(AND(ISNUMBER(D29),ISNUMBER(E29)), D29-E29, "") -> -761.98875 | G29: =IFERROR(F29/E29, "") -> -0.035596937 | H29: 20494.69 | I29: =IF(AND(ISNUMBER(D29),ISNUMBER(H29)), D29-H29, "") -> 149.34125 | J29: =IFERROR(I29/H29, "") -> 0.0072868265 | K29: 1. Inverter 2 was offline from 03/05 and back online on 04/05 at 09:00am | L29: 1. SR075645
A30: K269 | B30: NY | C30: =Sites[[#This Row],[SOL'#]] -> SOL-10366 | D30: 19510.062 | E30: 0 | F30: =IF(AND(ISNUMBER(D30),ISNUMBER(E30)), D30-E30, "") -> 19510.062 | G30: =IFERROR(F30/E30, "") | H30: 22665.81 | I30: =IF(AND(ISNUMBER(D30),ISNUMBER(H30)), D30-H30, "") -> -3155.7475 | J30: =IFERROR(I30/H30, "") -> -0.13922942
A31: K273 | B31: NY | C31: =Sites[[#This Row],[SOL'#]] -> SOL-10367 | D31: 22697.5 | E31: 0 | F31: =IF(AND(ISNUMBER(D31),ISNUMBER(E31)), D31-E31, "") -> 22697.5 | G31: =IFERROR(F31/E31, "") | H31: 25882 | I31: =IF(AND(ISNUMBER(D31),ISNUMBER(H31)), D31-H31, "") -> -3184.5 | J31: =IFERROR(I31/H31, "") -> -0.12303918 | K31: 1. Inverter 2 is underproducing by 12kW possibly due to ongoing construction work | L31: 1. SR078471
A32: K287 | B32: NY | C32: =Sites[[#This Row],[SOL'#]] -> SOL-10919 | D32: 17370.375 | E32: 15168.98 | F32: =IF(AND(ISNUMBER(D32),ISNUMBER(E32)), D32-E32, "") -> 2201.395 | G32: =IFERROR(F32/E32, "") -> 0.14512479 | H32: 18262 | I32: =IF(AND(ISNUMBER(D32),ISNUMBER(H32)), D32-H32, "") -> -891.625 | J32: =IFERROR(I32/H32, "") -> -0.048824061
A33: K298 | B33: NY | C33: =Sites[[#This Row],[SOL'#]] -> SOL-10368 | D33: 19067.938 | E33: 19600.17 | F33: =IF(AND(ISNUMBER(D33),ISNUMBER(E33)), D33-E33, "") -> -532.2325 | G33: =IFERROR(F33/E33, "") -> -0.027154484 | H33: 0 | I33: =IF(AND(ISNUMBER(D33),ISNUMBER(H33)), D33-H33, "") -> 19067.938 | J33: =IFERROR(I33/H33, "")
A34: K335 | B34: NY | C34: =Sites[[#This Row],[SOL'#]] -> SOL-10370 | D34: 18871.375 | E34: 21253.01 | F34: =IF(AND(ISNUMBER(D34),ISNUMBER(E34)), D34-E34, "") -> -2381.635 | G34: =IFERROR(F34/E34, "") -> -0.11206107 | H34: 23703 | I34: =IF(AND(ISNUMBER(D34),ISNUMBER(H34)), D34-H34, "") -> -4831.625 | J34: =IFERROR(I34/H34, "") -> -0.20384023 | K34: 1. Inverter 1 derating during peak hours due to multiple trippings on left and right units throughout the month. DC relay board being RMA'd. | L34: 1. SR082762
A35: K345 | B35: NY | C35: =Sites[[#This Row],[SOL'#]] -> SOL-10920 | D35: 20820.336 | E35: 13629.56 | F35: =IF(AND(ISNUMBER(D35),ISNUMBER(E35)), D35-E35, "") -> 7190.7759 | G35: =IFERROR(F35/E35, "") -> 0.5275868 | H35: 12110 | I35: =IF(AND(ISNUMBER(D35),ISNUMBER(H35)), D35-H35, "") -> 8710.3359 | J35: =IFERROR(I35/H35, "") -> 0.71926804 | K35: 1. Inverter 3 right unit is underproducinng. Fan Being RMA'd | L35: 1. SR081580
A36: K445 | B36: NY | C36: =Sites[[#This Row],[SOL'#]] -> SOL-10373 | D36: 18595.016 | E36: 20119.12 | F36: =IF(AND(ISNUMBER(D36),ISNUMBER(E36)), D36-E36, "") -> -1524.1044 | G36: =IFERROR(F36/E36, "") -> -0.075754028 | H36: 23218.89 | I36: =IF(AND(ISNUMBER(D36),ISNUMBER(H36)), D36-H36, "") -> -4623.8744 | J36: =IFERROR(I36/H36, "") -> -0.19914278
A37: K495 | B37: NY | C37: =Sites[[#This Row],[SOL'#]] -> SOL-10374 | D37: 68781.755 | E37: 0 | F37: =IF(AND(ISNUMBER(D37),ISNUMBER(E37)), D37-E37, "") -> 68781.755 | G37: =IFERROR(F37/E37, "") | H37: 0 | I37: =IF(AND(ISNUMBER(D37),ISNUMBER(H37)), D37-H37, "") -> 68781.755 | J37: =IFERROR(I37/H37, "") | K37: 1. Site tripped offline on 04/17 at 11:00am and back online on 04/22 at 11:00am 2. Inverter 2 right unit offline on 04/16 back onlin eon 04/22 at 13:00 | L37: 1. SR083544 2. SR083537
A38: M020 | B38: NY | C38: =Sites[[#This Row],[SOL'#]] -> SOL-10380 | D38: 18813.484 | E38: 21531.99 | F38: =IF(AND(ISNUMBER(D38),ISNUMBER(E38)), D38-E38, "") -> -2718.5056 | G38: =IFERROR(F38/E38, "") -> -0.12625427 | H38: 0 | I38: =IF(AND(ISNUMBER(D38),ISNUMBER(H38)), D38-H38, "") -> 18813.484 | J38: =IFERROR(I38/H38, "")
A39: M092 | B39: NY | C39: =Sites[[#This Row],[SOL'#]] -> SOL-10383 | D39: 19299.125 | E39: 20876.51 | F39: =IF(AND(ISNUMBER(D39),ISNUMBER(E39)), D39-E39, "") -> -1577.385 | G39: =IFERROR(F39/E39, "") -> -0.075557888 | H39: 24023.46 | I39: =IF(AND(ISNUMBER(D39),ISNUMBER(H39)), D39-H39, "") -> -4724.335 | J39: =IFERROR(I39/H39, "") -> -0.19665506
A40: M143 | B40: NY | C40: =Sites[[#This Row],[SOL'#]] -> SOL-10384 | D40: 22629.531 | E40: 26223.48 | F40: =IF(AND(ISNUMBER(D40),ISNUMBER(E40)), D40-E40, "") -> -3593.9487 | G40: =IFERROR(F40/E40, "") -> -0.13705079 | H40: 27372.3 | I40: =IF(AND(ISNUMBER(D40),ISNUMBER(H40)), D40-H40, "") -> -4742.7687 | J40: =IFERROR(I40/H40, "") -> -0.17326892
A41: M144 | B41: NY | C41: =Sites[[#This Row],[SOL'#]] -> SOL-10385 | D41: 31957.328 | E41: 0 | F41: =IF(AND(ISNUMBER(D41),ISNUMBER(E41)), D41-E41, "") -> 31957.328 | G41: =IFERROR(F41/E41, "") | H41: 0 | I41: =IF(AND(ISNUMBER(D41),ISNUMBER(H41)), D41-H41, "") -> 31957.328 | J41: =IFERROR(I41/H41, "")
A42: M167 | B42: NY | C42: =Sites[[#This Row],[SOL'#]] -> SOL-10386 | D42: 21756.688 | E42: 18528.39 | F42: =IF(AND(ISNUMBER(D42),ISNUMBER(E42)), D42-E42, "") -> 3228.2975 | G42: =IFERROR(F42/E42, "") -> 0.17423519 | H42: 20833.27 | I42: =IF(AND(ISNUMBER(D42),ISNUMBER(H42)), D42-H42, "") -> 923.4175 | J42: =IFERROR(I42/H42, "") -> 0.044324175 | K42: 1. Inverter 2 was offline from 04/15 and back online on 4/22 | L42: 1. SR083438
A43: M188 | B43: NY | C43: =Sites[[#This Row],[SOL'#]] -> SOL-10387 | D43: 17732.078 | E43: 0 | F43: =IF(AND(ISNUMBER(D43),ISNUMBER(E43)), D43-E43, "") -> 17732.078 | G43: =IFERROR(F43/E43, "") | H43: 0 | I43: =IF(AND(ISNUMBER(D43),ISNUMBER(H43)), D43-H43, "") -> 17732.078 | J43: =IFERROR(I43/H43, "")
A44: EMHC | B44: NY | C44: =Sites[[#This Row],[SOL'#]] -> SOL-10351 | D44: 4030.6417 | E44: 6144.599 | F44: =IF(AND(ISNUMBER(D44),ISNUMBER(E44)), D44-E44, "") -> -2113.9573 | G44: =IFERROR(F44/E44, "") -> -0.34403504 | H44: 8799.606 | I44: =IF(AND(ISNUMBER(D44),ISNUMBER(H44)), D44-H44, "") -> -4768.9643 | J44: =IFERROR(I44/H44, "") -> -0.54195203
A45: Q008 | B45: NY | C45: =Sites[[#This Row],[SOL'#]] -> SOL-10397 | D45: 28350.062 | E45: 27821.04 | F45: =IF(AND(ISNUMBER(D45),ISNUMBER(E45)), D45-E45, "") -> 529.0225 | G45: =IFERROR(F45/E45, "") -> 0.019015195 | H45: 27040 | I45: =IF(AND(ISNUMBER(D45),ISNUMBER(H45)), D45-H45, "") -> 1310.0625 | J45: =IFERROR(I45/H45, "") -> 0.048449057
A46: Q018 | B46: NY | C46: =Sites[[#This Row],[SOL'#]] -> SOL-10398 | D46: 18827.062 | E46: 17172.93 | F46: =IF(AND(ISNUMBER(D46),ISNUMBER(E46)), D46-E46, "") -> 1654.1325 | G46: =IFERROR(F46/E46, "") -> 0.096322089 | H46: 20669.81 | I46: =IF(AND(ISNUMBER(D46),ISNUMBER(H46)), D46-H46, "") -> -1842.7475 | J46: =IFERROR(I46/H46, "") -> -0.089151642
A47: Q021 | B47: NY | C47: =Sites[[#This Row],[SOL'#]] -> SOL-10399 | D47: 14707.688 | E47: 14156.51 | F47: =IF(AND(ISNUMBER(D47),ISNUMBER(E47)), D47-E47, "") -> 551.1775 | G47: =IFERROR(F47/E47, "") -> 0.038934561 | H47: 7589.052 | I47: =IF(AND(ISNUMBER(D47),ISNUMBER(H47)), D47-H47, "") -> 7118.6355 | J47: =IFERROR(I47/H47, "") -> 0.9380138
A48: Q025 | B48: NY | C48: =Sites[[#This Row],[SOL'#]] -> SOL-10400 | D48: 22860.625 | E48: 24951.81 | F48: =IF(AND(ISNUMBER(D48),ISNUMBER(E48)), D48-E48, "") -> -2091.185 | G48: =IFERROR(F48/E48, "") -> -0.08380895 | H48: 13314 | I48: =IF(AND(ISNUMBER(D48),ISNUMBER(H48)), D48-H48, "") -> 9546.625 | J48: =IFERROR(I48/H48, "") -> 0.71703658 | K48: 1. Inverter 1 is underproducing due to units fluctuations form 04/23 | L48: 1. SR083774
A49: Q074 | B49: NY | C49: =Sites[[#This Row],[SOL'#]] -> SOL-10402 | D49: 16561.719 | E49: 16457.67 | F49: =IF(AND(ISNUMBER(D49),ISNUMBER(E49)), D49-E49, "") -> 104.04875 | G49: =IFERROR(F49/E49, "") -> 0.0063222042 | H49: 17263.27 | I49: =IF(AND(ISNUMBER(D49),ISNUMBER(H49)), D49-H49, "") -> -701.55125 | J49: =IFERROR(I49/H49, "") -> -0.040638376
A50: Q115 | B50: NY | C50: =Sites[[#This Row],[SOL'#]] -> SOL-10872 | D50: 21347.125 | E50: 22358.55 | F50: =IF(AND(ISNUMBER(D50),ISNUMBER(E50)), D50-E50, "") -> -1011.425 | G50: =IFERROR(F50/E50, "") -> -0.04523661 | H50: 24087.95 | I50: =IF(AND(ISNUMBER(D50),ISNUMBER(H50)), D50-H50, "") -> -2740.825 | J50: =IFERROR(I50/H50, "") -> -0.11378407
A51: Q139 | B51: NY | C51: =Sites[[#This Row],[SOL'#]] -> SOL-10403 | D51: 12824.562 | E51: 13770.59 | F51: =IF(AND(ISNUMBER(D51),ISNUMBER(E51)), D51-E51, "") -> -946.0275 | G51: =IFERROR(F51/E51, "") -> -0.068699126 | H51: 13772 | I51: =IF(AND(ISNUMBER(D51),ISNUMBER(H51)), D51-H51, "") -> -947.4375 | J51: =IFERROR(I51/H51, "") -> -0.068794474
A52: Q157 | B52: NY | C52: =Sites[[#This Row],[SOL'#]] -> SOL-10404 | D52: 19896.438 | E52: 24392.17 | F52: =IF(AND(ISNUMBER(D52),ISNUMBER(E52)), D52-E52, "") -> -4495.7325 | G52: =IFERROR(F52/E52, "") -> -0.18431048 | H52: 26050.57 | I52: =IF(AND(ISNUMBER(D52),ISNUMBER(H52)), D52-H52, "") -> -6154.1325 | J52: =IFERROR(I52/H52, "") -> -0.23623792 | K52: 1. Inverter 3 offline from 04/10 and back online on 04/17 2. Site was taken offline by techician nd worked on inverters on 04/25 3. Inverter 3 is offline since 04/25 and being RMA'd | L52: 1. SR083301 2. SR083846 3. PM1680
A53: Q192 | B53: NY | C53: =Sites[[#This Row],[SOL'#]] -> SOL-10406 | D53: 35318 | E53: 38028.45 | F53: =IF(AND(ISNUMBER(D53),ISNUMBER(E53)), D53-E53, "") -> -2710.45 | G53: =IFERROR(F53/E53, "") -> -0.07127427 | H53: 35584.73 | I53: =IF(AND(ISNUMBER(D53),ISNUMBER(H53)), D53-H53, "") -> -266.73 | J53: =IFERROR(I53/H53, "") -> -0.0074956309
A54: Q210 | B54: NY | C54: =Sites[[#This Row],[SOL'#]] -> SOL-10407 | D54: 28573.125 | E54: 28335.04 | F54: =IF(AND(ISNUMBER(D54),ISNUMBER(E54)), D54-E54, "") -> 238.085 | G54: =IFERROR(F54/E54, "") -> 0.0084024939 | H54: 26314 | I54: =IF(AND(ISNUMBER(D54),ISNUMBER(H54)), D54-H54, "") -> 2259.125 | J54: =IFERROR(I54/H54, "") -> 0.085852588 | K54: 1. Inverter 3 tripped offline on 04/10 and back online on 04/12 | L54: 1. SR083295
A55: Q229 | B55: NY | C55: =Sites[[#This Row],[SOL'#]] -> SOL-10408 | D55: 12812.906 | E55: 13781.93 | F55: =IF(AND(ISNUMBER(D55),ISNUMBER(E55)), D55-E55, "") -> -969.02375 | G55: =IFERROR(F55/E55, "") -> -0.070311179 | H55: 14716.48 | I55: =IF(AND(ISNUMBER(D55),ISNUMBER(H55)), D55-H55, "") -> -1903.5737 | J55: =IFERROR(I55/H55, "") -> -0.1293498
A56: Q231 | B56: NY | C56: =Sites[[#This Row],[SOL'#]] -> SOL-10870 | D56: 46914.438 | E56: 48254.57 | F56: =IF(AND(ISNUMBER(D56),ISNUMBER(E56)), D56-E56, "") -> -1340.1325 | G56: =IFERROR(F56/E56, "") -> -0.027772136 | H56: 0 | I56: =IF(AND(ISNUMBER(D56),ISNUMBER(H56)), D56-H56, "") -> 46914.438 | J56: =IFERROR(I56/H56, "")
A57: Q405 | B57: NY | C57: =Sites[[#This Row],[SOL'#]] -> SOL-10409 | D57: 50714.625 | E57: 53806.32 | F57: =IF(AND(ISNUMBER(D57),ISNUMBER(E57)), D57-E57, "") -> -3091.695 | G57: =IFERROR(F57/E57, "") -> -0.0574597 | H57: 41785.1 | I57: =IF(AND(ISNUMBER(D57),ISNUMBER(H57)), D57-H57, "") -> 8929.525 | J57: =IFERROR(I57/H57, "") -> 0.21370118 | K57: 1. Inverter 3 primary unit tripped offline on 04/14 and back online on 04/19 | L57: 1. SR083418
A58: Q435 | B58: NY | C58: =Sites[[#This Row],[SOL'#]] -> SOL-10923 | D58: 11142.812 | E58: 10856.08 | F58: =IF(AND(ISNUMBER(D58),ISNUMBER(E58)), D58-E58, "") -> 286.7325 | G58: =IFERROR(F58/E58, "") -> 0.026412158 | H58: 0 | I58: =IF(AND(ISNUMBER(D58),ISNUMBER(H58)), D58-H58, "") -> 11142.812 | J58: =IFERROR(I58/H58, "") | K58: 1. Site offline from 10/05/23 and back online 04/26 2. Inverter 1 to 4 tripped offline on 04/28 and 4 back online on 04/28 at 16:00. Inverters 1 to 3 back online on 04/29 3. Inverter 1 right unit tripped offline on 04/29, back online on 04/30 but still underproducing and inverter 4 (in SE 2) left unit tripped offline 04/29 at 11:00am | L58: 1. SR077404 2. SR083900 3. SR083981
A59: Q485 | B59: NY | C59: =Sites[[#This Row],[SOL'#]] -> SOL-10869 | D59: 63297.055 | E59: 48417.72 | F59: =IF(AND(ISNUMBER(D59),ISNUMBER(E59)), D59-E59, "") -> 14879.335 | G59: =IFERROR(F59/E59, "") -> 0.30731176 | H59: 47482.09 | I59: =IF(AND(ISNUMBER(D59),ISNUMBER(H59)), D59-H59, "") -> 15814.965 | J59: =IFERROR(I59/H59, "") -> 0.33307221 | K59: 1. Inverter 3 center unit tripped offline on 03/30 and back online on 04/04 2. Inverter 2 right unit tripped offline on 03/31 and back online on 04/04 | L59: 1. SR082934 2. SR082961
A60: Q490 | B60: NY | C60: =Sites[[#This Row],[SOL'#]] -> SOL-10411 | D60: 45662.188 | F60: =IF(AND(ISNUMBER(D60),ISNUMBER(E60)), D60-E60, "") | G60: =IFERROR(F60/E60, "") | H60: 49901.71 | I60: =IF(AND(ISNUMBER(D60),ISNUMBER(H60)), D60-H60, "") -> -4239.5225 | J60: =IFERROR(I60/H60, "") -> -0.084957459
A61: Q620 | B61: NY | C61: =Sites[[#This Row],[SOL'#]] -> SOL-10867 | D61: 68204.5 | E61: 68635.75 | F61: =IF(AND(ISNUMBER(D61),ISNUMBER(E61)), D61-E61, "") -> -431.25 | G61: =IFERROR(F61/E61, "") -> -0.0062831688 | H61: 74239.32 | I61: =IF(AND(ISNUMBER(D61),ISNUMBER(H61)), D61-H61, "") -> -6034.82 | J61: =IFERROR(I61/H61, "") -> -0.081288729
A62: QMOA | B62: NY | C62: =Sites[[#This Row],[SOL'#]] -> SOL-10415 | D62: 5745 | F62: =IF(AND(ISNUMBER(D62),ISNUMBER(E62)), D62-E62, "") | G62: =IFERROR(F62/E62, "") | H62: 6339.703 | I62: =IF(AND(ISNUMBER(D62),ISNUMBER(H62)), D62-H62, "") -> -594.703 | J62: =IFERROR(I62/H62, "") -> -0.093806129
A63: X024 | B63: NY | C63: =Sites[[#This Row],[SOL'#]] -> SOL-10419 | D63: 25442.555 | E63: 0 | F63: =IF(AND(ISNUMBER(D63),ISNUMBER(E63)), D63-E63, "") -> 25442.555 | G63: =IFERROR(F63/E63, "") | H63: 0 | I63: =IF(AND(ISNUMBER(D63),ISNUMBER(H63)), D63-H63, "") -> 25442.555 | J63: =IFERROR(I63/H63, "")
A64: X026 | B64: NY | C64: =Sites[[#This Row],[SOL'#]] -> SOL-10420 | D64: 22186 | E64: 20783 | F64: =IF(AND(ISNUMBER(D64),ISNUMBER(E64)), D64-E64, "") -> 1403 | G64: =IFERROR(F64/E64, "") -> 0.067507097 | H64: 23221 | I64: =IF(AND(ISNUMBER(D64),ISNUMBER(H64)), D64-H64, "") -> -1035 | J64: =IFERROR(I64/H64, "") -> -0.044571724
A65: X090 | B65: NY | C65: =Sites[[#This Row],[SOL'#]] -> SOL-10925 | D65: 19040 | E65: 16832 | F65: =IF(AND(ISNUMBER(D65),ISNUMBER(E65)), D65-E65, "") -> 2208 | G65: =IFERROR(F65/E65, "") -> 0.13117871 | H65: 16450 | I65: =IF(AND(ISNUMBER(D65),ISNUMBER(H65)), D65-H65, "") -> 2590 | J65: =IFERROR(I65/H65, "") -> 0.15744681
A66: X117 | B66: NY | C66: =Sites[[#This Row],[SOL'#]] -> SOL-10422 | D66: 15809 | E66: 17762 | F66: =IF(AND(ISNUMBER(D66),ISNUMBER(E66)), D66-E66, "") -> -1953 | G66: =IFERROR(F66/E66, "") -> -0.10995383 | H66: 23816 | I66: =IF(AND(ISNUMBER(D66),ISNUMBER(H66)), D66-H66, "") -> -8007 | J66: =IFERROR(I66/H66, "") -> -0.33620255
A67: X125 | B67: NY | C67: =Sites[[#This Row],[SOL'#]] -> SOL-10423 | D67: 26460 | E67: 27391 | F67: =IF(AND(ISNUMBER(D67),ISNUMBER(E67)), D67-E67, "") -> -931 | G67: =IFERROR(F67/E67, "") -> -0.033989267 | H67: 21727 | I67: =IF(AND(ISNUMBER(D67),ISNUMBER(H67)), D67-H67, "") -> 4733 | J67: =IFERROR(I67/H67, "") -> 0.21783955 | K67: 1. Site tripped offline on 04/26 and back online on 04/29 | L67: 1. SR083865
A68: X134 | B68: NY | C68: =Sites[[#This Row],[SOL'#]] -> SOL-10424 | D68: 28802 | E68: 0 | F68: =IF(AND(ISNUMBER(D68),ISNUMBER(E68)), D68-E68, "") -> 28802 | G68: =IFERROR(F68/E68, "") | H68: 0 | I68: =IF(AND(ISNUMBER(D68),ISNUMBER(H68)), D68-H68, "") -> 28802 | J68: =IFERROR(I68/H68, "") | K68: 1. Technician worked on inverter 1 on 04/09 | L68: 1. SR083275
A69: X135 | B69: NY | C69: =Sites[[#This Row],[SOL'#]] -> SOL-10425 | D69: 20295 | E69: 0 | F69: =IF(AND(ISNUMBER(D69),ISNUMBER(E69)), D69-E69, "") -> 20295 | G69: =IFERROR(F69/E69, "") | H69: 0 | I69: =IF(AND(ISNUMBER(D69),ISNUMBER(H69)), D69-H69, "") -> 20295 | J69: =IFERROR(I69/H69, "")
A70: X139 JHS 222 | B70: NY | C70: =Sites[[#This Row],[SOL'#]] -> SOL-10426 | D70: 37109.824 | E70: 39019.2 | F70: =IF(AND(ISNUMBER(D70),ISNUMBER(E70)), D70-E70, "") -> -1909.3762 | G70: =IFERROR(F70/E70, "") -> -0.048934274 | H70: 39643 | I70: =IF(AND(ISNUMBER(D70),ISNUMBER(H70)), D70-H70, "") -> -2533.1762 | J70: =IFERROR(I70/H70, "") -> -0.063899711
A71: X140 | B71: NY | C71: =Sites[[#This Row],[SOL'#]] -> SOL-10926 | D71: 20116.104 | E71: 16915.45 | F71: =IF(AND(ISNUMBER(D71),ISNUMBER(E71)), D71-E71, "") -> 3200.6535 | G71: =IFERROR(F71/E71, "") -> 0.1892148 | H71: 19212 | I71: =IF(AND(ISNUMBER(D71),ISNUMBER(H71)), D71-H71, "") -> 904.10352 | J71: =IFERROR(I71/H71, "") -> 0.047059313
A72: X166 | B72: NY | C72: =Sites[[#This Row],[SOL'#]] -> SOL-10427 | D72: 21260 | E72: 21616 | F72: =IF(AND(ISNUMBER(D72),ISNUMBER(E72)), D72-E72, "") -> -356 | G72: =IFERROR(F72/E72, "") -> -0.016469282 | H72: 0 | I72: =IF(AND(ISNUMBER(D72),ISNUMBER(H72)), D72-H72, "") -> 21260 | J72: =IFERROR(I72/H72, "")
A73: Murphy | B73: MN | C73: =Sites[[#This Row],[SOL'#]] -> SOL-10094 | D73: 444960 | E73: 500145.7 | F73: =IF(AND(ISNUMBER(D73),ISNUMBER(E73)), D73-E73, "") -> -55185.7 | G73: =IFERROR(F73/E73, "") -> -0.11033925 | H73: 913614.8 | I73: =IF(AND(ISNUMBER(D73),ISNUMBER(H73)), D73-H73, "") -> -468654.8 | J73: =IFERROR(I73/H73, "") -> -0.51296761 | K73: 1. Site offline since 03/27 due to utility pllanned outage and back online on 04/12 2. Inverter 1 derated at 874 kW from 04/12 and offline since 04/17 and back online on 04/25 | L73: 1. SR082874 2. SR083425
A74: Terning | B74: MN | C74: =Sites[[#This Row],[SOL'#]] -> SOL-10093 | D74: 821786.1 | E74: 846962.6 | F74: =IF(AND(ISNUMBER(D74),ISNUMBER(E74)), D74-E74, "") -> -25176.5 | G74: =IFERROR(F74/E74, "") -> -0.029725634 | H74: 997489.8 | I74: =IF(AND(ISNUMBER(D74),ISNUMBER(H74)), D74-H74, "") -> -175703.7 | J74: =IFERROR(I74/H74, "") -> -0.17614586
A75: Boas Road 04 | B75: NY | C75: =Sites[[#This Row],[SOL'#]] -> SOL-10908 | D75: 292497 | E75: 273061.75 | F75: =IF(AND(ISNUMBER(D75),ISNUMBER(E75)), D75-E75, "") -> 19435.252 | G75: =IFERROR(F75/E75, "") -> 0.071175301 | H75: 329945.36 | I75: =IF(AND(ISNUMBER(D75),ISNUMBER(H75)), D75-H75, "") -> -37448.36 | J75: =IFERROR(I75/H75, "") -> -0.11349867 | K75: 1. Site taken by ingeteam on 04/26 between 10:30 to 11:20 2. Inverter 2 CB 5 offline on 04/01 and back online on 04/02 at 12:55 | L75: 1. SR083853 2. SR080998
A76: Kelly Bridge Farm | B76: NY | C76: =Sites[[#This Row],[SOL'#]] -> SOL-10911 | D76: 289774 | E76: 300576.22 | F76: =IF(AND(ISNUMBER(D76),ISNUMBER(E76)), D76-E76, "") -> -10802.225 | G76: =IFERROR(F76/E76, "") -> -0.035938388 | H76: 342418.23 | I76: =IF(AND(ISNUMBER(D76),ISNUMBER(H76)), D76-H76, "") -> -52644.23 | J76: =IFERROR(I76/H76, "") -> -0.15374249
A77: Pool Brook Road | B77: NY | C77: =Sites[[#This Row],[SOL'#]] -> SOL-10909 | D77: 273008 | E77: 282340.15 | F77: =IF(AND(ISNUMBER(D77),ISNUMBER(E77)), D77-E77, "") -> -9332.151 | G77: =IFERROR(F77/E77, "") -> -0.033052865 | H77: 313821.77 | I77: =IF(AND(ISNUMBER(D77),ISNUMBER(H77)), D77-H77, "") -> -40813.77 | J77: =IFERROR(I77/H77, "") -> -0.13005398
A78: Sackett Lake | B78: NY | C78: =Sites[[#This Row],[SOL'#]] -> SOL-10910 | D78: 270987 | E78: 295022.05 | F78: =IF(AND(ISNUMBER(D78),ISNUMBER(E78)), D78-E78, "") -> -24035.05 | G78: =IFERROR(F78/E78, "") -> -0.081468656 | H78: 335262.1 | I78: =IF(AND(ISNUMBER(D78),ISNUMBER(H78)), D78-H78, "") -> -64275.1 | J78: =IFERROR(I78/H78, "") -> -0.19171597 | K78: 1. Site was taken offline by technician on 04/17 between 08:20 to 09:25 to work on inverter 2 and inverter 2 was offline from 04/28 and back online on 04/30 | L78: 1. SR083296
A79: Burritt Road | B79: NY | C79: =Sites[[#This Row],[SOL'#]] -> SOL-10913 | D79: 274470 | E79: 283953.72 | F79: =IF(AND(ISNUMBER(D79),ISNUMBER(E79)), D79-E79, "") -> -9483.722 | G79: =IFERROR(F79/E79, "") -> -0.03339883 | H79: 328579.65 | I79: =IF(AND(ISNUMBER(D79),ISNUMBER(H79)), D79-H79, "") -> -54109.65 | J79: =IFERROR(I79/H79, "") -> -0.16467742
A80: Villa Roma 1 | B80: NY | C80: =Sites[[#This Row],[SOL'#]] -> SOL-10914 | D80: 219228 | E80: 271396.1 | F80: =IF(AND(ISNUMBER(D80),ISNUMBER(E80)), D80-E80, "") -> -52168.103 | G80: =IFERROR(F80/E80, "") -> -0.19222127 | H80: 297572.26 | I80: =IF(AND(ISNUMBER(D80),ISNUMBER(H80)), D80-H80, "") -> -78344.26 | J80: =IFERROR(I80/H80, "") -> -0.2632781 | K80: 1. Meter stopped communicating on 04/18 and communication restored on 04/23 2. Inverter 1 was offline from 04/24, inverter 2 also offline on 04/29 and both inverters back online on 04/30 | L80: 1. SR083598 2. SR083783
A81: Villa Roma 2 | B81: NY | C81: =Sites[[#This Row],[SOL'#]] -> SOL-10915 | D81: 249002 | E81: 266834.21 | F81: =IF(AND(ISNUMBER(D81),ISNUMBER(E81)), D81-E81, "") -> -17832.21 | G81: =IFERROR(F81/E81, "") -> -0.0668288 | H81: 288971.61 | I81: =IF(AND(ISNUMBER(D81),ISNUMBER(H81)), D81-H81, "") -> -39969.61 | J81: =IFERROR(I81/H81, "") -> -0.13831674
A82: Washington 1 | B82: NY | C82: =Sites[[#This Row],[SOL'#]] -> SOL-10912 | D82: 266090 | E82: 291602.04 | F82: =IF(AND(ISNUMBER(D82),ISNUMBER(E82)), D82-E82, "") -> -25512.038 | G82: =IFERROR(F82/E82, "") -> -0.087489231 | H82: 324993.59 | I82: =IF(AND(ISNUMBER(D82),ISNUMBER(H82)), D82-H82, "") -> -58903.59 | J82: =IFERROR(I82/H82, "") -> -0.18124539 | K82: 1. Site was taken offline by technician on 04/15 between 09:50 to 10:45 2. Site was taken offline by technician on 04/10 between 11:15 to 14:55 | L82: 1. PM5604 2. SR082364
A83: Washington 3 | B83: NY | C83: =Sites[[#This Row],[SOL'#]] -> SOL-10828 | D83: 295797 | E83: 303787.72 | F83: =IF(AND(ISNUMBER(D83),ISNUMBER(E83)), D83-E83, "") -> -7990.723 | G83: =IFERROR(F83/E83, "") -> -0.02630364 | H83: 396869.73 | I83: =IF(AND(ISNUMBER(D83),ISNUMBER(H83)), D83-H83, "") -> -101072.73 | J83: =IFERROR(I83/H83, "") -> -0.25467483 | K83: 1. Site was taken offfline by USNE from 04/22 and back online on 04/25 at 13:50 2. Site was taken offline by technician on 04/10 between 09:55 to 12:05 | L83: 1. SR083249 2. SR082364
A84: Washington 4 | B84: NY | C84: =Sites[[#This Row],[SOL'#]] -> SOL-10829 | D84: 295694 | E84: 0 | F84: =IF(AND(ISNUMBER(D84),ISNUMBER(E84)), D84-E84, "") -> 295694 | G84: =IFERROR(F84/E84, "") | H84: 397692.63 | I84: =IF(AND(ISNUMBER(D84),ISNUMBER(H84)), D84-H84, "") -> -101998.63 | J84: =IFERROR(I84/H84, "") -> -0.25647604 | K84: 1. Site tripped offline on 04/14 at 10:15am and back online on 04/15 at 19:25 2. Site was taken offline by technician on 04/10 between 11:35 to 14:50 3. Site was taken offline by USNE on 04/23 between 08:15 to 15:05 4. Site was taken offline by technician on 04/25 between 10:30 to 11:20 | L84: 1. SR083415 2. SR082364 3. SR083249 4. SR082365
A85: Big Tree | B85: NY | C85: =Sites[[#This Row],[SOL'#]] -> SOL-10966 | D85: 271297 | E85: 0 | F85: =IF(AND(ISNUMBER(D85),ISNUMBER(E85)), D85-E85, "") -> 271297 | G85: =IFERROR(F85/E85, "") | H85: 104431.67 | I85: =IF(AND(ISNUMBER(D85),ISNUMBER(H85)), D85-H85, "") -> 166865.33 | J85: =IFERROR(I85/H85, "") -> 1.5978422 | K85: 1. Site was taken offline by Ingeteam on 04/23 between 13:40 to 15:15 | L85: 1. SR080818
A86: Canoga | B86: NY | C86: =Sites[[#This Row],[SOL'#]] -> SOL-10965 | D86: 678060 | E86: 0 | F86: =IF(AND(ISNUMBER(D86),ISNUMBER(E86)), D86-E86, "") -> 678060 | G86: =IFERROR(F86/E86, "") | H86: 296049.41 | I86: =IF(AND(ISNUMBER(D86),ISNUMBER(H86)), D86-H86, "") -> 382010.59 | J86: =IFERROR(I86/H86, "") -> 1.2903609 | K86: 1. Site was taken offline by technician on 04/09 between 08:00 to 15:00 2. Inverter 3 tripped offline on 04/22 at 12:10pm and back online on 04/23 3. Inverter 3 tripped offline on 04/28 at 08:35am and back online on 04/29 | L86: 1. SR082956 2. SR083693 3. SR083897
A87: County Route 84 | B87: NY | C87: =Sites[[#This Row],[SOL'#]] -> SOL-10967 | D87: 718680 | E87: 0 | F87: =IF(AND(ISNUMBER(D87),ISNUMBER(E87)), D87-E87, "") -> 718680 | G87: =IFERROR(F87/E87, "") | H87: 364940 | I87: =IF(AND(ISNUMBER(D87),ISNUMBER(H87)), D87-H87, "") -> 353740 | J87: =IFERROR(I87/H87, "") -> 0.96931002 | K87: 1. Inverter 3 CB 20 is offline throughout the month | L87: 1. SR080319
A88: Donati | B88: NY | C88: =Sites[[#This Row],[SOL'#]] -> SOL-10968 | E88: 0 | F88: =IF(AND(ISNUMBER(D88),ISNUMBER(E88)), D88-E88, "") | G88: =IFERROR(F88/E88, "") | H88: 116511.29 | I88: =IF(AND(ISNUMBER(D88),ISNUMBER(H88)), D88-H88, "") | J88: =IFERROR(I88/H88, "") | K88: 1. Site was taken offline by Ingeteam on 04/25 between 12:45 to 13:45 | L88: 1. SR083814
A89: Henrietta | B89: NY | C89: =Sites[[#This Row],[SOL'#]] -> SOL-10972 | D89: 652231 | E89: 0 | F89: =IF(AND(ISNUMBER(D89),ISNUMBER(E89)), D89-E89, "") -> 652231 | G89: =IFERROR(F89/E89, "") | H89: 224356.45 | I89: =IF(AND(ISNUMBER(D89),ISNUMBER(H89)), D89-H89, "") -> 427874.55 | J89: =IFERROR(I89/H89, "") -> 1.9071195 | K89: 1. Inverter 2 started late at 12:05 on 04/04 2. Site was taken offline by technician on 04/15 between 15:40 to 17:05 | L89: 1. SR083084 2. PM5576
A90: NY 70 | B90: NY | C90: =Sites[[#This Row],[SOL'#]] -> SOL-10970 | D90: 729676 | E90: 0 | F90: =IF(AND(ISNUMBER(D90),ISNUMBER(E90)), D90-E90, "") -> 729676 | G90: =IFERROR(F90/E90, "") | H90: 348570.97 | I90: =IF(AND(ISNUMBER(D90),ISNUMBER(H90)), D90-H90, "") -> 381105.03 | J90: =IFERROR(I90/H90, "") -> 1.0933355 | K90: 1. Inverters 3,4 are tripped offline at 9am on 04/14 and reporting Instantaneous over current fault ON and back online on 11:45am 2. Inverters are offline from 12:15pm to 2:45pm due to capacitor retrofit by ingeteam 3. Site tripped offline at 09:30 AM on 04/26 and back online on same day on 1:20pm 4. Inverter 1 is tripped offline at 1:10pm on 04/30. | L90: 1. SR083394 2. SR083496 3. SR083854 4. SR084119
A91: Reid | B91: NY | C91: =Sites[[#This Row],[SOL'#]] -> SOL-10991 | D91: 615948.98 | E91: 584005.4 | F91: =IF(AND(ISNUMBER(D91),ISNUMBER(E91)), D91-E91, "") -> 31943.578 | G91: =IFERROR(F91/E91, "") -> 0.054697402 | H91: 732849 | I91: =IF(AND(ISNUMBER(D91),ISNUMBER(H91)), D91-H91, "") -> -116900.02 | J91: =IFERROR(I91/H91, "") -> -0.15951447 | K91: 1. Inverter 23 offline form 03/24 and replaced on 04/04 2. Inverters 1 to 20 tripped offline on 04/03 at 12:30 and back online on 04/04 at 13:10 3. Inverter 5 tripped offline on 04/07 at 13:00 and back online on 04/08 at 10:15am 4. Site tripped offline on 04/10 at 01:06am and back online on 04/11 at 15:45 5. Inverter 8 offline from 04/20 and being RMA'd 6. Inverter 28 tripped offline on 04/22 and back online on 04/24 | L91: 1. SR082624 2. SR083036 3. SR083161 4. SR083280 5. SR083650 6. SR083697
A92: Sangolqui | B92: NY | C92: =Sites[[#This Row],[SOL'#]] -> SOL-10975 | D92: 311949 | E92: 0 | F92: =IF(AND(ISNUMBER(D92),ISNUMBER(E92)), D92-E92, "") -> 311949 | G92: =IFERROR(F92/E92, "") | H92: 113622.58 | I92: =IF(AND(ISNUMBER(D92),ISNUMBER(H92)), D92-H92, "") -> 198326.42 | J92: =IFERROR(I92/H92, "") -> 1.7454842 | K92: 1. Inverter 1 tripped offline for multiple days and resolving for next day. 2. due to technician prforming capacity retrofit the inverters 1 is offline from 6:50am to 12:15pm and inverter 2 is offline from 11:50am to 12:20pm. | L92: 1. SR083116, SR083715 2. SR083812
