Workbook
Name JanActual: #REF!
Name JanActual2: #REF!
Name JanExpected: #REF!
Name JanExpectedDelta: #REF!
Name JanExpectedPercent: #REF!
Name JanExpPercent: #REF!
Name JanForecasted: #REF!
Name JanForecastedDelta: #REF!
Name JanForecastedPercent: #REF!
Name portfolio: Sites!$B$1:$B$1
Name Year: Sites!#REF!

Sheet Year to Date
A1: {=portfolio} -> Northbridge Companies | D1: Year to Date Actual v. Expected | G1: Year to Date Actual v. Forecasted
A2: Total | C2: =SUM(C4:C90) -> 190649.12 | D2: =SUM(D4:D90) -> 101776.67 | E2: =C2-D2 -> 88872.455 | F2: =IFERROR(E2/D2, 0) -> 0.87321048 | G2: =SUM(G4:G90) -> 142012.79 | H2: =C2-G2 -> 48636.334 | I2: =IFERROR(H2/G2, 0) -> 0.34247854
A3: Site | B3: State | C3: Actual | D3: Expected | E3: Delta | F3: % | G3: Forecasted | H3: Delta | I3: %
A4: {=Sites[Site]} -> MA: North Dartmouth - 293 Cross St (Array 1) | B4: {=Sites[State]} -> MA | C4: =SUM('1st Qtr'!C4, '2nd Qtr'!C4, '3rd Qtr'!C4, '4th Qtr'!C4) -> 139690 | D4: =SUM('1st Qtr'!D4, '2nd Qtr'!D4, '3rd Qtr'!D4, '4th Qtr'!D4) -> 0 | E4: =IF(AND(ISNUMBER(C4),ISNUMBER(D4)), C4-D4, "") -> 139690 | F4: =IFERROR(E4/D4, "") | G4: =SUM('1st Qtr'!G4,'2nd Qtr'!G4,'3rd Qtr'!G4,'4th Qtr'!G4) -> 0 | H4: =SUM('1st Qtr'!H4, '2nd Qtr'!H4, '3rd Qtr'!H4, '4th Qtr'!H4) -> 139690 | I4: =IFERROR(H4/G4, 0) -> 0
A5: MA: North Dartmouth - 293 Cross St (Array 2) | B5: MA | C5: =SUM(Jan!C5, Feb!C5, Mar!C5) -> 50959.125 | D5: =SUM(Jan!D5, Feb!D5, Mar!D5) -> 101776.67 | E5: =IF(AND(ISNUMBER(C5),ISNUMBER(D5)), C5-D5, "") -> -50817.545 | F5: =IFERROR(E5/D5, "") -> -0.49930446 | G5: =SUM('1st Qtr'!G5,'2nd Qtr'!G5,'3rd Qtr'!G5,'4th Qtr'!G5) -> 142012.79 | H5: =SUM(Jan!H5, Feb!H5, Mar!H5) -> -800.245 | I5: =IFERROR(H5/G5, "") -> -0.0056350206

Sheet 1st Qtr
A1: {=portfolio} -> Northbridge Companies | D1: 1st Quarter Actual v. Expected | G1: 1st Quarter Actual v. Forecasted
A2: Total | C2: =SUM(C4:C90) -> 103813.12 | D2: =SUM(D4:D90) -> 101776.67 | E2: =C2-D2 -> 2036.455 | F2: =IFERROR(E2/D2, 0) -> 0.020009055 | G2: =SUM(G4:G90) -> 51759.37 | H2: =C2-G2 -> 52053.755 | I2: =IFERROR(H2/G2, 0) -> 1.0056876
A3: Site | B3: State | C3: Actual | D3: Expected | E3: Delta | F3: % | G3: Forecasted | H3: Delta | I3: %
A4: {=Sites[Site]} -> MA: North Dartmouth - 293 Cross St (Array 1) | B4: {=Sites[State]} -> MA | C4: =SUM(Jan!C4, Feb!C4, Mar!C4) -> 52854 | D4: =SUM(Jan!D4, Feb!D4, Mar!D4) -> 0 | E4: =IF(AND(ISNUMBER(C4),ISNUMBER(D4)), C4-D4, "") -> 52854 | F4: =IFERROR(E4/D4, "") | G4: =SUM(Jan!G4, Feb!G4, Mar!G4) -> 0 | H4: =SUM(Jan!H4, Feb!H4, Mar!H4) -> 52854 | I4: =IFERROR(H4/G4, 0) -> 0
A5: MA: North Dartmouth - 293 Cross St (Array 2) | B5: MA | C5: =SUM(Jan!C5, Feb!C5, Mar!C5) -> 50959.125 | D5: =SUM(Jan!D5, Feb!D5, Mar!D5) -> 101776.67 | E5: =IF(AND(ISNUMBER(C5),ISNUMBER(D5)), C5-D5, "") -> -50817.545 | F5: =IFERROR(E5/D5, "") -> -0.49930446 | G5: =SUM(Jan!G5, Feb!G5, Mar!G5) -> 51759.37 | H5: =SUM(Jan!H5, Feb!H5, Mar!H5) -> -800.245 | I5: =IFERROR(H5/G5, "") -> -0.015460872

Sheet 2nd Qtr
A1: {=portfolio} -> Northbridge Companies | D1: 2nd Quarter Actual v. Expected | G1: 2nd Quarter Actual v. Forecasted
A2: Total | C2: =SUM(C4:C90) -> 179147.88 | D2: =SUM(D4:D90) -> 39400.597 | E2: =C2-D2 -> 139747.28 | F2: =IFERROR(E2/D2, 0) -> 3.5468315 | G2: =SUM(G4:G90) -> 90253.421 | H2: =C2-G2 -> 88894.454 | I2: =IFERROR(H2/G2, 0) -> 0.98494276
A3: Site | B3: State | C3: Actual | D3: Expected | E3: Delta | F3: % | G3: Forecasted | H3: Delta | I3: %
A4: {=Sites[Site]} -> MA: North Dartmouth - 293 Cross St (Array 1) | B4: {=Sites[State]} -> MA | C4: =SUM(Apr!C4, May!C4, Jun!C4) -> 86836 | D4: =SUM(Apr!D4, May!D4, Jun!D4) -> 0 | E4: =IF(AND(ISNUMBER(C4),ISNUMBER(D4)), C4-D4, "") -> 86836 | F4: =IFERROR(E4/D4, "") | G4: =SUM(Apr!G4, May!G4, Jun!G4) -> 0 | H4: =SUM(Apr!H4, May!H4, Jun!H4) -> 86836 | I4: =IFERROR(H4/G4, "")
A5: MA: North Dartmouth - 293 Cross St (Array 2) | B5: MA | C5: =SUM(Apr!C5, May!C5, Jun!C5) -> 92311.875 | D5: =SUM(Apr!D5, May!D5, Jun!D5) -> 39400.597 | E5: =IF(AND(ISNUMBER(C5),ISNUMBER(D5)), C5-D5, "") -> 52911.278 | F5: =IFERROR(E5/D5, "") -> 1.3429055 | G5: =SUM(Apr!G5, May!G5, Jun!G5) -> 90253.421 | H5: =SUM(Apr!H5, May!H5, Jun!H5) -> 2058.454 | I5: =IFERROR(H5/G5, "") -> 0.02280749

Sheet 3rd Qtr
A1: {=portfolio} -> Northbridge Companies | D1: 3rd Quarter Actual v. Expected | G1: 3rd Quarter Actual v. Forecasted
A2: Total | C2: =SUM(C4:C90) -> 0 | D2: =SUM(D4:D90) -> 0 | E2: =C2-D2 -> 0 | F2: =IFERROR(E2/D2, 0) -> 0 | G2: =SUM(G4:G90) -> 0 | H2: =C2-G2 -> 0 | I2: =IFERROR(H2/G2, 0) -> 0
A3: Site | B3: State | C3: Actual | D3: Expected | E3: Delta | F3: % | G3: Forecasted | H3: Delta | I3: %
A4: {=Sites[Site]} -> MA: North Dartmouth - 293 Cross St (Array 1) | B4: {=Sites[State]} -> MA | C4: =SUM(Jul!C4, Aug!C4, Sep!C4) -> 0 | D4: =SUM(Jul!D4, Aug!D4, Sep!D4) -> 0 | E4: =IF(AND(ISNUMBER(C4),ISNUMBER(D4)), C4-D4, "") -> 0 | F4: =IFERROR(E4/D4, "") | H4: =SUM(Jul!H4, Aug!H4, Sep!H4) -> 0 | I4: =IFERROR(H4/G4, "")
A5: MA: North Dartmouth - 293 Cross St (Array 2) | B5: MA | C5: =SUM(Jul!C5, Aug!C5, Sep!C5) -> 0 | D5: =SUM(Jul!D5, Aug!D5, Sep!D5) -> 0 | E5: =IF(AND(ISNUMBER(C5),ISNUMBER(D5)), C5-D5, "") -> 0 | F5: =IFERROR(E5/D5, "") | H5: =SUM(Jul!H5, Aug!H5, Sep!H5) -> 0 | I5: =IFERROR(H5/G5, "")

Sheet 4th Qtr
A1: {=portfolio} -> Northbridge Companies | D1: 4th Quarter Actual v. Expected | G1: 4th Quarter Actual v. Forecasted
A2: Total | C2: =SUM(C4:C90) -> 0 | D2: =SUM(D4:D90) -> 0 | E2: =C2-D2 -> 0 | F2: =IFERROR(E2/D2, 0) -> 0 | G2: =SUM(G4:G90) -> 0 | H2: =C2-G2 -> 0 | I2: =IFERROR(H2/G2, 0) -> 0
A3: Site | B3: State | C3: Actual | D3: Expected | E3: Delta | F3: % | G3: Forecasted | H3: Delta | I3: %
A4: {=Sites[Site]} -> MA: North Dartmouth - 293 Cross St (Array 1) | B4: {=Sites[State]} -> MA | C4: =SUM(Oct!C4, Nov!C4, Dec!C4) -> 0 | D4: =SUM(Oct!D4, Nov!D4, Dec!D4) -> 0 | E4: =IF(AND(ISNUMBER(C4),ISNUMBER(D4)), C4-D4, "") -> 0 | F4: =IFERROR(E4/D4, "") | H4: =SUM(Oct!H4, Nov!H4, Dec!H4) -> 0 | I4: =IFERROR(H4/G4, "")
A5: MA: North Dartmouth - 293 Cross St (Array 2) | B5: MA | C5: =SUM(Oct!C5, Nov!C5, Dec!C5) -> 0 | D5: =SUM(Oct!D5, Nov!D5, Dec!D5) -> 0 | E5: =IF(AND(ISNUMBER(C5),ISNUMBER(D5)), C5-D5, "") -> 0 | F5: =IFERROR(E5/D5, "") | H5: =SUM(Oct!H5, Nov!H5, Dec!H5) -> 0 | I5: =IFERROR(H5/G5, "")

Sheet Jan
A1: {=portfolio} -> Northbridge Companies | D1: January Actual v. Expected | G1: January Actual v. Forecasted
A2: Total | C2: =SUM(C4:C89) -> 21075.625 | D2: =SUM(D4:D89) -> 38443.42 | E2: =C2-D2 -> -17367.795 | F2: =IFERROR(E2/D2, 0) -> -0.45177549 | G2: =SUM(G4:G89) -> 13191.29 | H2: =C2-G2 -> 7884.335 | I2: =IFERROR(H2/G2, 0) -> 0.59769249 | J2: =IF(AND(TODAY()>DATE(2024, 1, 1), COUNTA(Sites[Site])<>(COUNT(C:C)-1)), "Some sites are missing actual data; if new sites were added, make sure they are aligned correctly (including prior months!)", "")
A3: Site | B3: State | C3: Actual | D3: Expected | E3: Delta | F3: % | G3: Forecasted | H3: Delta | I3: % | J3: Notes | K3: Service Requests
A4: {=Sites[Site]} -> MA: North Dartmouth - 293 Cross St (Array 1) | B4: {=Sites[State]} -> MA | C4: 11182 | D4: 0 | E4: =IF(AND(ISNUMBER(C4),ISNUMBER(D4)), C4-D4, "") -> 11182 | F4: =IFERROR(E4/D4, "") | G4: 0 | H4: =IF(AND(ISNUMBER(C4),ISNUMBER(G4)), C4-G4, "") -> 11182 | I4: =IFERROR(H4/G4, "")
A5: MA: North Dartmouth - 293 Cross St (Array 2) | B5: MA | C5: 9893.625 | D5: 38443.42 | E5: =IF(AND(ISNUMBER(C5),ISNUMBER(D5)), C5-D5, "") -> -28549.795 | F5: =IFERROR(E5/D5, "") -> -0.74264451 | G5: 13191.29 | H5: =IF(AND(ISNUMBER(C5),ISNUMBER(G5)), C5-G5, "") -> -3297.665 | I5: =IFERROR(H5/G5, "") -> -0.24998806 | J5: 1. Known for bad WMS readings due to that expected data values are high. | K5: 1. SR061954
E6: =IF(AND(ISNUMBER(C6),ISNUMBER(D6)), C6-D6, "") | F6: =IFERROR(E6/D6, "") | H6: =IF(AND(ISNUMBER(C6),ISNUMBER(G6)), C6-G6, "") | I6: =IFERROR(H6/G6, "")

Sheet Feb
A1: {=portfolio} -> Northbridge Companies | D1: February Actual v. Expected | G1: February Actual v. Forecasted
A2: Total | C2: =SUM(C4:C90) -> 35551.5 | D2: =SUM(D4:D90) -> 35585.25 | E2: =C2-D2 -> -33.75 | F2: =IFERROR(E2/D2, 0) -> -0.00094842667 | G2: =SUM(G4:G90) -> 16281.08 | H2: =C2-G2 -> 19270.42 | I2: =IFERROR(H2/G2, 0) -> 1.1836082 | J2: =IF(AND(TODAY()>DATE(2024, 2, 1), COUNTA(Sites[Site])<>(COUNT(C:C)-1)), "Some sites are missing actual data; if new sites were added, make sure they are aligned correctly (including prior months!)", "")
A3: Site | B3: State | C3: Actual | D3: Expected | E3: Delta | F3: % | G3: Forecasted | H3: Delta | I3: % | J3: Notes | K3: Service Requests
A4: {=Sites[Site]} -> MA: North Dartmouth - 293 Cross St (Array 1) | B4: {=Sites[State]} -> MA | C4: 18304 | D4: 0 | E4: =IF(AND(ISNUMBER(C4),ISNUMBER(D4)), C4-D4, "") -> 18304 | F4: =IFERROR(E4/D4, "") | G4: 0 | H4: =IF(AND(ISNUMBER(C4),ISNUMBER(G4)), C4-G4, "") -> 18304 | I4: =IFERROR(H4/G4, "")
A5: MA: North Dartmouth - 293 Cross St (Array 2) | B5: MA | C5: 17247.5 | D5: 35585.25 | E5: =IF(AND(ISNUMBER(C5),ISNUMBER(D5)), C5-D5, "") -> -18337.75 | F5: =IFERROR(E5/D5, "") -> -0.51531885 | G5: 16281.08 | H5: =IF(AND(ISNUMBER(C5),ISNUMBER(G5)), C5-G5, "") -> 966.42 | I5: =IFERROR(H5/G5, "") -> 0.05935847 | J5: 1. Inverter 2.3 is offline on 02/23/2024 and back online on 02/24 2. Known for bad WMS readings due to that expected data values are high. | K5: 1. SR081278 2. SR061954

Sheet Mar
A1: {=portfolio} -> Northbridge Companies | D1: March Actual v. Expected | G1: March Actual v. Forecasted
A2: Total | C2: =SUM(C4:C90) -> 47186 | D2: =SUM(D4:D90) -> 27748 | E2: =C2-D2 -> 19438 | F2: =IFERROR(E2/D2, 0) -> 0.70051896 | G2: =SUM(G4:G90) -> 22287 | H2: =C2-G2 -> 24899 | I2: =IFERROR(H2/G2, 0) -> 1.1171984 | J2: =IF(AND(TODAY()>DATE(2024, 3, 1), COUNTA(Sites[Site])<>(COUNT(C:C)-1)), "Some sites are missing actual data; if new sites were added, make sure they are aligned correctly (including prior months!)", "")
A3: Site | B3: State | C3: Actual | D3: Expected | E3: Delta | F3: % | G3: Forecasted | H3: Delta | I3: % | J3: Notes | K3: Service Requests
A4: {=Sites[Site]} -> MA: North Dartmouth - 293 Cross St (Array 1) | B4: {=Sites[State]} -> MA | C4: 23368 | D4: 0 | E4: =IF(AND(ISNUMBER(C4),ISNUMBER(D4)), C4-D4, "") -> 23368 | F4: =IFERROR(E4/D4, "") | G4: 0 | H4: =IF(AND(ISNUMBER(C4),ISNUMBER(G4)), C4-G4, "") -> 23368 | I4: =IFERROR(H4/G4, "")
A5: MA: North Dartmouth - 293 Cross St (Array 2) | B5: MA | C5: 23818 | D5: 27748 | E5: =IF(AND(ISNUMBER(C5),ISNUMBER(D5)), C5-D5, "") -> -3930 | F5: =IFERROR(E5/D5, "") -> -0.14163183 | G5: 22287 | H5: =IF(AND(ISNUMBER(C5),ISNUMBER(G5)), C5-G5, "") -> 1531 | I5: =IFERROR(H5/G5, "") -> 0.068694755 | J5: 1. Known for bad WMS readings due to that expected data values are high. | K5: 1. SR061954

Sheet Apr
A1: {=portfolio} -> Northbridge Companies | D1: April Actual v. Expected | G1: April Actual v. Forecasted
A2: Total | C2: =SUM(C4:C90) -> 52168.075 | D2: =SUM(D4:D90) -> 16380.983 | E2: =C2-D2 -> 35787.092 | F2: =IFERROR(E2/D2, 0) -> 2.184673 | G2: =SUM(G4:G90) -> 26573.546 | H2: =C2-G2 -> 25594.529 | I2: =IFERROR(H2/G2, 0) -> 0.96315821 | J2: =IF(AND(TODAY()>DATE(2024, 4, 1), COUNTA(Sites[Site])<>(COUNT(C:C)-1)), "Some sites are missing actual data; if new sites were added, make sure they are aligned correctly (including prior months!)", "")
A3: Site | B3: State | C3: Actual | D3: Expected | E3: Delta | F3: % | G3: Forecasted | H3: Delta | I3: % | J3: Notes | K3: Service Requests
A4: {=Sites[Site]} -> MA: North Dartmouth - 293 Cross St (Array 1) | B4: {=Sites[State]} -> MA | C4: 25670.2 | D4: 0 | E4: =IF(AND(ISNUMBER(C4),ISNUMBER(D4)), C4-D4, "") -> 25670.2 | F4: =IFERROR(E4/D4, "") | G4: 0 | H4: =IF(AND(ISNUMBER(C4),ISNUMBER(G4)), C4-G4, "") -> 25670.2 | I4: =IFERROR(H4/G4, "")
A5: MA: North Dartmouth - 293 Cross St (Array 2) | B5: MA | C5: 26497.875 | D5: 16380.983 | E5: =IF(AND(ISNUMBER(C5),ISNUMBER(D5)), C5-D5, "") -> 10116.892 | F5: =IFERROR(E5/D5, "") -> 0.61759981 | G5: 26573.546 | H5: =IF(AND(ISNUMBER(C5),ISNUMBER(G5)), C5-G5, "") -> -75.671 | I5: =IFERROR(H5/G5, "") -> -0.0028476064 | J5: 1. Known for bad weather station readings due to that expected data values are low. | K5: 1. SR061954

Sheet May
A1: {=portfolio} -> Northbridge Companies | D1: May Actual v. Expected | G1: May Actual v. Forecasted
A2: Total | C2: =SUM(C4:C90) -> 59284.8 | D2: =SUM(D4:D90) -> 14530.614 | E2: =C2-D2 -> 44754.186 | F2: =IFERROR(E2/D2, 0) -> 3.0799928 | G2: =SUM(G4:G90) -> 31133.875 | H2: =C2-G2 -> 28150.925 | I2: =IFERROR(H2/G2, 0) -> 0.90418957 | J2: =IF(AND(TODAY()>DATE(2024, 5, 1), COUNTA(Sites[Site])<>(COUNT(C:C)-1)), "Some sites are missing actual data; if new sites were added, make sure they are aligned correctly (including prior months!)", "")
A3: Site | B3: State | C3: Actual | D3: Expected | E3: Delta | F3: % | G3: Forecasted | H3: Delta | I3: % | J3: Notes | K3: Service Requests
A4: {=Sites[Site]} -> MA: North Dartmouth - 293 Cross St (Array 1) | B4: {=Sites[State]} -> MA | C4: 28622.8 | D4: 0 | E4: =IF(AND(ISNUMBER(C4),ISNUMBER(D4)), C4-D4, "") -> 28622.8 | F4: =IFERROR(E4/D4, "") | G4: 0 | H4: =IF(AND(ISNUMBER(C4),ISNUMBER(G4)), C4-G4, "") -> 28622.8 | I4: =IFERROR(H4/G4, "")
A5: MA: North Dartmouth - 293 Cross St (Array 2) | B5: MA | C5: 30662 | D5: 14530.614 | E5: =IF(AND(ISNUMBER(C5),ISNUMBER(D5)), C5-D5, "") -> 16131.386 | F5: =IFERROR(E5/D5, "") -> 1.1101655 | G5: 31133.875 | H5: =IF(AND(ISNUMBER(C5),ISNUMBER(G5)), C5-G5, "") -> -471.875 | I5: =IFERROR(H5/G5, "") -> -0.015156321 | J5: 1. Known for bad weather station readings due to that expected data values are low. | K5: 1. SR061954

Sheet Jun
A1: {=portfolio} -> Northbridge Companies | D1: June Actual v. Expected | G1: June Actual v. Forecasted
A2: Total | C2: =SUM(C4:C90) -> 67695 | D2: =SUM(D4:D90) -> 8489 | E2: =C2-D2 -> 59206 | F2: =IFERROR(E2/D2, 0) -> 6.9744375 | G2: =SUM(G4:G90) -> 32546 | H2: =C2-G2 -> 35149 | I2: =IFERROR(H2/G2, 0) -> 1.0799791 | J2: =IF(AND(TODAY()>DATE(2024, 6, 1), COUNTA(Sites[Site])<>(COUNT(C:C)-1)), "Some sites are missing actual data; if new sites were added, make sure they are aligned correctly (including prior months!)", "")
A3: Site | B3: State | C3: Actual | D3: Expected | E3: Delta | F3: % | G3: Forecasted | H3: Delta | I3: % | J3: Notes | K3: Service Requests
A4: {=Sites[Site]} -> MA: North Dartmouth - 293 Cross St (Array 1) | B4: {=Sites[State]} -> MA | C4: 32543 | D4: 0 | E4: =IF(AND(ISNUMBER(C4),ISNUMBER(D4)), C4-D4, "") -> 32543 | F4: =IFERROR(E4/D4, "") | G4: 0 | H4: =IF(AND(ISNUMBER(C4),ISNUMBER(G4)), C4-G4, "") -> 32543 | I4: =IFERROR(H4/G4, "")
A5: MA: North Dartmouth - 293 Cross St (Array 2) | B5: MA | C5: 35152 | D5: 8489 | E5: =IF(AND(ISNUMBER(C5),ISNUMBER(D5)), C5-D5, "") -> 26663 | F5: =IFERROR(E5/D5, "") -> 3.1408882 | G5: 32546 | H5: =IF(AND(ISNUMBER(C5),ISNUMBER(G5)), C5-G5, "") -> 2606 | I5: =IFERROR(H5/G5, "") -> 0.080071284 | J5: 1. Known for bad weather station readings due to that expected data values are low. | K5: 1. SR061954

Sheet Jul
A1: {=portfolio} -> Northbridge Companies | D1: July Actual v. Expected | G1: July Actual v. Forecasted
A2: Total | C2: =SUM(C4:C90) -> 0 | D2: =SUM(D4:D90) -> 0 | E2: =C2-D2 -> 0 | F2: =IFERROR(E2/D2, 0) -> 0 | G2: =SUM(G4:G90) -> 0 | H2: =C2-G2 -> 0 | I2: =IFERROR(H2/G2, 0) -> 0 | J2: =IF(AND(TODAY()>DATE(2024, 7, 1), COUNTA(Sites[Site])<>(COUNT(C:C)-1)), "Some sites are missing actual data; if new sites were added, make sure they are aligned correctly (including prior months!)", "") -> Some sites are missing actual data; if new sites were added, make sure they are aligned correctly (including prior months!)
A3: Site | B3: State | C3: Actual | D3: Expected | E3: Delta | F3: % | G3: Forecasted | H3: Delta | I3: % | J3: Notes | K3: Service Requests
A4: {=Sites[Site]} -> MA: North Dartmouth - 293 Cross St (Array 1) | B4: {=Sites[State]} -> MA | E4: =IF(AND(ISNUMBER(C4),ISNUMBER(D4)), C4-D4, "") | F4: =IFERROR(E4/D4, "") | H4: =IF(AND(ISNUMBER(C4),ISNUMBER(G4)), C4-G4, "") | I4: =IFERROR(H4/G4, "")
A5: MA: North Dartmouth - 293 Cross St (Array 2) | B5: MA | E5: =IF(AND(ISNUMBER(C5),ISNUMBER(D5)), C5-D5, "") | F5: =IFERROR(E5/D5, "") | H5: =IF(AND(ISNUMBER(C5),ISNUMBER(G5)), C5-G5, "") | I5: =IFERROR(H5/G5, "")

Sheet Aug
A1: {=portfolio} -> Northbridge Companies | D1: August Actual v. Expected | G1: August Actual v. Forecasted
A2: Total | C2: =SUM(C4:C90) -> 0 | D2: =SUM(D4:D90) -> 0 | E2: =C2-D2 -> 0 | F2: =IFERROR(E2/D2, 0) -> 0 | G2: =SUM(G4:G90) -> 0 | H2: =C2-G2 -> 0 | I2: =IFERROR(H2/G2, 0) -> 0 | J2: =IF(AND(TODAY()>DATE(2024, 8, 1), COUNTA(Sites[Site])<>(COUNT(C:C)-1)), "Some sites are missing actual data; if new sites were added, make sure they are aligned correctly (including prior months!)", "")
A3: Site | B3: State | C3: Actual | D3: Expected | E3: Delta | F3: % | G3: Forecasted | H3: Delta | I3: % | J3: Notes | K3: Service Requests
A4: {=Sites[Site]} -> MA: North Dartmouth - 293 Cross St (Array 1) | B4: {=Sites[State]} -> MA | E4: =IF(AND(ISNUMBER(C4),ISNUMBER(D4)), C4-D4, "") | F4: =IFERROR(E4/D4, "") | H4: =IF(AND(ISNUMBER(C4),ISNUMBER(G4)), C4-G4, "") | I4: =IFERROR(H4/G4, "")
A5: MA: North Dartmouth - 293 Cross St (Array 2) | B5: MA | E5: =IF(AND(ISNUMBER(C5),ISNUMBER(D5)), C5-D5, "") | F5: =IFERROR(E5/D5, "") | H5: =IF(AND(ISNUMBER(C5),ISNUMBER(G5)), C5-G5, "") | I5: =IFERROR(H5/G5, "")

Sheet Sep
A1: {=portfolio} -> Northbridge Companies | D1: September Actual v. Expected | G1: September Actual v. Forecasted
A2: Total | C2: =SUM(C4:C90) -> 0 | D2: =SUM(D4:D90) -> 0 | E2: =C2-D2 -> 0 | F2: =IFERROR(E2/D2, 0) -> 0 | G2: =SUM(G4:G90) -> 0 | H2: =C2-G2 -> 0 | I2: =IFERROR(H2/G2, 0) -> 0 | J2: =IF(AND(TODAY()>DATE(2024, 9, 1), COUNTA(Sites[Site])<>(COUNT(C:C)-1)), "Some sites are missing actual data; if new sites were added, make sure they are aligned correctly (including prior months!)", "")
A3: Site | B3: State | C3: Actual | D3: Expected | E3: Delta | F3: % | G3: Forecasted | H3: Delta | I3: % | J3: Notes | K3: Service Requests
A4: {=Sites[Site]} -> MA: North Dartmouth - 293 Cross St (Array 1) | B4: {=Sites[State]} -> MA | E4: =IF(AND(ISNUMBER(C4),ISNUMBER(D4)), C4-D4, "") | F4: =IFERROR(E4/D4, "") | H4: =IF(AND(ISNUMBER(C4),ISNUMBER(G4)), C4-G4, "") | I4: =IFERROR(H4/G4, "")
A5: MA: North Dartmouth - 293 Cross St (Array 2) | B5: MA | E5: =IF(AND(ISNUMBER(C5),ISNUMBER(D5)), C5-D5, "") | F5: =IFERROR(E5/D5, "") | H5: =IF(AND(ISNUMBER(C5),ISNUMBER(G5)), C5-G5, "") | I5: =IFERROR(H5/G5, "")

Sheet Oct
A1: {=portfolio} -> Northbridge Companies | D1: October Actual v. Expected | G1: October Actual v. Forecasted
A2: Total | C2: =SUM(C4:C90) -> 0 | D2: =SUM(D4:D90) -> 0 | E2: =C2-D2 -> 0 | F2: =IFERROR(E2/D2, 0) -> 0 | G2: =SUM(G4:G90) -> 0 | H2: =C2-G2 -> 0 | I2: =IFERROR(H2/G2, 0) -> 0 | J2: =IF(AND(TODAY()>DATE(2024, 10, 1), COUNTA(Sites[Site])<>(COUNT(C:C)-1)), "Some sites are missing actual data; if new sites were added, make sure they are aligned correctly (including prior months!)", "")
A3: Site | B3: State | C3: Actual | D3: Expected | E3: Delta | F3: % | G3: Forecasted | H3: Delta | I3: % | J3: Notes | K3: Service Requests
A4: {=Sites[Site]} -> MA: North Dartmouth - 293 Cross St (Array 1) | B4: {=Sites[State]} -> MA | E4: =IF(AND(ISNUMBER(C4),ISNUMBER(D4)), C4-D4, "") | F4: =IFERROR(E4/D4, "") | H4: =IF(AND(ISNUMBER(C4),ISNUMBER(G4)), C4-G4, "") | I4: =IFERROR(H4/G4, "")
A5: MA: North Dartmouth - 293 Cross St (Array 2) | B5: MA | E5: =IF(AND(ISNUMBER(C5),ISNUMBER(D5)), C5-D5, "") | F5: =IFERROR(E5/D5, "") | H5: =IF(AND(ISNUMBER(C5),ISNUMBER(G5)), C5-G5, "") | I5: =IFERROR(H5/G5, "")

Sheet Nov
A1: {=portfolio} -> Northbridge Companies | D1: November Actual v. Expected | G1: November Actual v. Forecasted
A2: Total | C2: =SUM(C4:C90) -> 0 | D2: =SUM(D4:D90) -> 0 | E2: =C2-D2 -> 0 | F2: =IFERROR(E2/D2, 0) -> 0 | G2: =SUM(G4:G90) -> 0 | H2: =C2-G2 -> 0 | I2: =IFERROR(H2/G2, 0) -> 0 | J2: =IF(AND(TODAY()>DATE(2024, 11, 1), COUNTA(Sites[Site])<>(COUNT(C:C)-1)), "Some sites are missing actual data; if new sites were added, make sure they are aligned correctly (including prior months!)", "")
A3: Site | B3: State | C3: Actual | D3: Expected | E3: Delta | F3: % | G3: Forecasted | H3: Delta | I3: % | J3: Notes | K3: Service Requests
A4: {=Sites[Site]} -> MA: North Dartmouth - 293 Cross St (Array 1) | B4: {=Sites[State]} -> MA | E4: =IF(AND(ISNUMBER(C4),ISNUMBER(D4)), C4-D4, "") | F4: =IFERROR(E4/D4, "") | H4: =IF(AND(ISNUMBER(C4),ISNUMBER(G4)), C4-G4, "") | I4: =IFERROR(H4/G4, "")
A5: MA: North Dartmouth - 293 Cross St (Array 2) | B5: MA | E5: =IF(AND(ISNUMBER(C5),ISNUMBER(D5)), C5-D5, "") | F5: =IFERROR(E5/D5, "") | H5: =IF(AND(ISNUMBER(C5),ISNUMBER(G5)), C5-G5, "") | I5: =IFERROR(H5/G5, "")

Sheet Dec
A1: {=portfolio} -> Northbridge Companies | D1: December Actual v. Expected | G1: December Actual v. Forecasted
A2: Total | C2: =SUM(C4:C91) -> 0 | D2: =SUM(D4:D91) -> 0 | E2: =C2-D2 -> 0 | F2: =IFERROR(E2/D2, 0) -> 0 | G2: =SUM(G4:G91) -> 0 | H2: =C2-G2 -> 0 | I2: =IFERROR(H2/G2, 0) -> 0 | J2: =IF(AND(TODAY()>DATE(2024, 12, 1), COUNTA(Sites[Site])<>(COUNT(C:C)-1)), "Some sites are missing actual data; if new sites were added, make sure they are aligned correctly (including prior months!)", "")
A3: Site | B3: State | C3: Actual | D3: Expected | E3: Delta | F3: % | G3: Forecasted | H3: Delta | I3: % | J3: Notes | K3: Service Requests
A4: {=Sites[Site]} -> MA: North Dartmouth - 293 Cross St (Array 1) | B4: {=Sites[State]} -> MA | E4: =IF(AND(ISNUMBER(C4),ISNUMBER(D4)), C4-D4, "") | F4: =IFERROR(E4/D4, "") | H4: =IF(AND(ISNUMBER(C4),ISNUMBER(G4)), C4-G4, "") | I4: =IFERROR(H4/G4, "")
A5: MA: North Dartmouth - 293 Cross St (Array 2) | B5: MA | E5: =IF(AND(ISNUMBER(C5),ISNUMBER(D5)), C5-D5, "") | F5: =IFERROR(E5/D5, "") | H5: =IF(AND(ISNUMBER(C5),ISNUMBER(G5)), C5-G5, "") | I5: =IFERROR(H5/G5, "")
E6: =IF(AND(ISNUMBER(C6),ISNUMBER(D6)), C6-D6, "") | F6: =IFERROR(E6/D6, "") | H6: =IF(AND(ISNUMBER(C6),ISNUMBER(G6)), C6-G6, "") | I6: =IFERROR(H6/G6, "")

Sheet Sites
A1: Portfolio: | B1: Northbridge Companies
A3: Site DAS Name | B3: Site | C3: State | D3: Update | E3: DAS
A4: MA - Northbridge Array 1 | B4: MA: North Dartmouth - 293 Cross St (Array 1) | C4: MA | E4: Inaccess
A5: Northbridge Array 2 | B5: MA: North Dartmouth - 293 Cross St (Array 2) | C5: MA | E5: PowerTrack
