Workbook
Name JanActual: #REF!
Name JanActual2: #REF!
Name JanExpected: #REF!
Name JanExpectedDelta: #REF!
Name JanExpectedPercent: #REF!
Name JanExpPercent: #REF!
Name JanForecasted: #REF!
Name JanForecastedDelta: #REF!
Name JanForecastedPercent: #REF!
Name portfolio: Sites!$B$1:$B$1
Name Year: Sites!#REF!

Sheet Year to Date
A1: {=portfolio} -> CITI | D1: PPA Modeled Output | E1: Production VS Acual | F1: Year to Date Actual v. Expected | I1: Year to Date Actual v. Forecasted
A2: Total | C2: =SUM(C4:C100) -> 8666517.4 | D2: =SUM(D4:D22) -> 9089296.7 | E2: =C2/D2 -> 0.95348603 | F2: =SUM(F4:F100) -> 9048736.4 | G2: =C2-F2 -> -382218.99 | H2: =IFERROR(G2/F2, 0) -> -0.04224004 | I2: =SUM(I4:I100) -> 9166088.8 | J2: =C2-I2 -> -499571.43 | K2: =IFERROR(J2/I2, 0) -> -0.054502137
A3: Site | B3: State | C3: Actual | F3: Expected | G3: Delta | H3: % | I3: Forecasted | J3: Delta | K3: %
A4: {=Sites[Site]} -> CA: Antioch Deer Valley - Citi | B4: {=Sites[State]} -> CA | C4: =SUM('1st Qtr'!C4, '2nd Qtr'!C4, '3rd Qtr'!C4, '4th Qtr'!C4) -> 262772.75 | D4: =SUM('1st Qtr'!D4,'2nd Qtr'!D4,'3rd Qtr'!D4,'4th Qtr'!D4) -> 254868.74 | E4: =C4/D4 -> 1.0310121 | F4: =SUM('1st Qtr'!F4, '2nd Qtr'!F4, '3rd Qtr'!F4, '4th Qtr'!F4) -> 252345 | G4: =IF(AND(ISNUMBER(C4),ISNUMBER(F4)), C4-F4, "") -> 10427.75 | H4: =IFERROR(G4/F4, "") -> 0.041323387 | I4: =SUM('1st Qtr'!I4,'2nd Qtr'!I4,'3rd Qtr'!I4,'4th Qtr'!I4) -> 271155.53 | J4: =SUM('1st Qtr'!J4, '2nd Qtr'!J4, '3rd Qtr'!J4, '4th Qtr'!J4) -> -8382.782 | K4: =IFERROR(J4/I4, "") -> -0.030915032
A5: CA: Antioch MC CUP - Citi | B5: CA | C5: =SUM('1st Qtr'!C5, '2nd Qtr'!C5, '3rd Qtr'!C5, '4th Qtr'!C5) -> 899080 | D5: =SUM('1st Qtr'!D5,'2nd Qtr'!D5,'3rd Qtr'!D5,'4th Qtr'!D5) -> 858006.18 | E5: =C5/D5 -> 1.0478712 | F5: =SUM('1st Qtr'!F5, '2nd Qtr'!F5, '3rd Qtr'!F5, '4th Qtr'!F5) -> 849436 | G5: =IF(AND(ISNUMBER(C5),ISNUMBER(F5)), C5-F5, "") -> 49644 | H5: =IFERROR(G5/F5, "") -> 0.058443485 | I5: =SUM('1st Qtr'!I5,'2nd Qtr'!I5,'3rd Qtr'!I5,'4th Qtr'!I5) -> 938022.99 | J5: =SUM(Jan!J5, Feb!J5, Mar!K5) -> -18801.31 | K5: =IFERROR(J5/I5, "") -> -0.020043549
A6: CA: Clovis - Citi | B6: CA | C6: =SUM('1st Qtr'!C6, '2nd Qtr'!C6, '3rd Qtr'!C6, '4th Qtr'!C6) -> 369447 | D6: =SUM('1st Qtr'!D6,'2nd Qtr'!D6,'3rd Qtr'!D6,'4th Qtr'!D6) -> 357752 | E6: =C6/D6 -> 1.0326902 | F6: =SUM('1st Qtr'!F6, '2nd Qtr'!F6, '3rd Qtr'!F6, '4th Qtr'!F6) -> 345399 | G6: =IF(AND(ISNUMBER(C6),ISNUMBER(F6)), C6-F6, "") -> 24048 | H6: =IFERROR(G6/F6, "") -> 0.069623826 | I6: =SUM('1st Qtr'!I6,'2nd Qtr'!I6,'3rd Qtr'!I6,'4th Qtr'!I6) -> 156099.67 | J6: =SUM(Jan!J6, Feb!J6, Mar!K6) -> 37638.94 | K6: =IFERROR(J6/I6, "") -> 0.2411212
A7: CA: Elk Grove MOB - Citi | B7: CA | C7: =SUM('1st Qtr'!C7, '2nd Qtr'!C7, '3rd Qtr'!C7, '4th Qtr'!C7) -> 570859.5 | D7: =SUM('1st Qtr'!D7,'2nd Qtr'!D7,'3rd Qtr'!D7,'4th Qtr'!D7) -> 572482 | E7: =C7/D7 -> 0.99716585 | F7: =SUM('1st Qtr'!F7, '2nd Qtr'!F7, '3rd Qtr'!F7, '4th Qtr'!F7) -> 566814 | G7: =IF(AND(ISNUMBER(C7),ISNUMBER(F7)), C7-F7, "") -> 4045.5 | H7: =IFERROR(G7/F7, "") -> 0.007137262 | I7: =SUM('1st Qtr'!I7,'2nd Qtr'!I7,'3rd Qtr'!I7,'4th Qtr'!I7) -> 612154 | J7: =SUM(Jan!J7, Feb!J7, Mar!K7) -> -16876.8 | K7: =IFERROR(J7/I7, "") -> -0.027569533
A8: CA: Elk Grove Promenade - Citi | B8: CA | C8: =SUM('1st Qtr'!C8, '2nd Qtr'!C8, '3rd Qtr'!C8, '4th Qtr'!C8) -> 305726.5 | D8: =SUM('1st Qtr'!D8,'2nd Qtr'!D8,'3rd Qtr'!D8,'4th Qtr'!D8) -> 306797.5 | E8: =C8/D8 -> 0.9965091 | F8: =SUM('1st Qtr'!F8, '2nd Qtr'!F8, '3rd Qtr'!F8, '4th Qtr'!F8) -> 303789.99 | G8: =IF(AND(ISNUMBER(C8),ISNUMBER(F8)), C8-F8, "") -> 1936.511 | H8: =IFERROR(G8/F8, "") -> 0.0063745056 | I8: =SUM('1st Qtr'!I8,'2nd Qtr'!I8,'3rd Qtr'!I8,'4th Qtr'!I8) -> 330878.15 | J8: =SUM(Jan!J8, Feb!J8, Mar!K8) -> -13241.198 | K8: =IFERROR(J8/I8, "") -> -0.040018351
A9: CA: Fresno Sequioa - Citi | B9: CA | C9: =SUM('1st Qtr'!C9, '2nd Qtr'!C9, '3rd Qtr'!C9, '4th Qtr'!C9) -> 596072.5 | D9: =SUM('1st Qtr'!D9,'2nd Qtr'!D9,'3rd Qtr'!D9,'4th Qtr'!D9) -> 609190.56 | E9: =C9/D9 -> 0.97846641 | F9: =SUM('1st Qtr'!F9, '2nd Qtr'!F9, '3rd Qtr'!F9, '4th Qtr'!F9) -> 603281 | G9: =IF(AND(ISNUMBER(C9),ISNUMBER(F9)), C9-F9, "") -> -7208.5 | H9: =IFERROR(G9/F9, "") -> -0.011948827 | I9: =SUM('1st Qtr'!I9,'2nd Qtr'!I9,'3rd Qtr'!I9,'4th Qtr'!I9) -> 653449.11 | J9: =SUM(Jan!J9, Feb!J9, Mar!K9) -> -32740.3 | K9: =IFERROR(J9/I9, "") -> -0.050103825
A10: CA: Fresno MOB - Citi | B10: CA | C10: =SUM('1st Qtr'!C10, '2nd Qtr'!C10, '3rd Qtr'!C10, '4th Qtr'!C10) -> 217563.75 | D10: =SUM('1st Qtr'!D10,'2nd Qtr'!D10,'3rd Qtr'!D10,'4th Qtr'!D10) -> 246770.88 | E10: =C10/D10 -> 0.88164272 | F10: =SUM('1st Qtr'!F10, '2nd Qtr'!F10, '3rd Qtr'!F10, '4th Qtr'!F10) -> 245682 | G10: =IF(AND(ISNUMBER(C10),ISNUMBER(F10)), C10-F10, "") -> -28118.25 | H10: =IFERROR(G10/F10, "") -> -0.11444978 | I10: =SUM('1st Qtr'!I10,'2nd Qtr'!I10,'3rd Qtr'!I10,'4th Qtr'!I10) -> 232964.72 | J10: =SUM(Jan!J10, Feb!J10, Mar!K10) -> -6133.546 | K10: =IFERROR(J10/I10, "") -> -0.026328218
A11: CA: Modesto Bangs - Citi | B11: CA | C11: =SUM('1st Qtr'!C11, '2nd Qtr'!C11, '3rd Qtr'!C11, '4th Qtr'!C11) -> 153396.75 | D11: =SUM('1st Qtr'!D11,'2nd Qtr'!D11,'3rd Qtr'!D11,'4th Qtr'!D11) -> 162323.72 | E11: =C11/D11 -> 0.94500514 | F11: =SUM('1st Qtr'!F11, '2nd Qtr'!F11, '3rd Qtr'!F11, '4th Qtr'!F11) -> 161587 | G11: =IF(AND(ISNUMBER(C11),ISNUMBER(F11)), C11-F11, "") -> -8190.25 | H11: =IFERROR(G11/F11, "") -> -0.050686318 | I11: =SUM('1st Qtr'!I11,'2nd Qtr'!I11,'3rd Qtr'!I11,'4th Qtr'!I11) -> 78130.415 | J11: =SUM(Jan!J11, Feb!J11, Mar!K11) -> -1666.312 | K11: =IFERROR(J11/I11, "") -> -0.021327315
A12: CA: Napa Data Center - Citi | B12: CA | C12: =SUM('1st Qtr'!C12, '2nd Qtr'!C12, '3rd Qtr'!C12, '4th Qtr'!C12) -> 156201.13 | D12: =SUM('1st Qtr'!D12,'2nd Qtr'!D12,'3rd Qtr'!D12,'4th Qtr'!D12) -> 177624.29 | E12: =C12/D12 -> 0.87939059 | F12: =SUM('1st Qtr'!F12, '2nd Qtr'!F12, '3rd Qtr'!F12, '4th Qtr'!F12) -> 171156 | G12: =IF(AND(ISNUMBER(C12),ISNUMBER(F12)), C12-F12, "") -> -14954.87 | H12: =IFERROR(G12/F12, "") -> -0.087375669 | I12: =SUM('1st Qtr'!I12,'2nd Qtr'!I12,'3rd Qtr'!I12,'4th Qtr'!I12) -> 184666.18 | J12: =SUM(Jan!J12, Feb!J12, Mar!K12) -> -13452.905 | K12: =IFERROR(J12/I12, "") -> -0.072849858
A13: CA: Petaluma MOB - Citi | B13: CA | C13: =SUM('1st Qtr'!C13, '2nd Qtr'!C13, '3rd Qtr'!C13, '4th Qtr'!C13) -> 269808.5 | D13: =SUM('1st Qtr'!D13,'2nd Qtr'!D13,'3rd Qtr'!D13,'4th Qtr'!D13) -> 359736.5 | E13: =C13/D13 -> 0.75001703 | F13: =SUM('1st Qtr'!F13, '2nd Qtr'!F13, '3rd Qtr'!F13, '4th Qtr'!F13) -> 394293 | G13: =IF(AND(ISNUMBER(C13),ISNUMBER(F13)), C13-F13, "") -> -124484.5 | H13: =IFERROR(G13/F13, "") -> -0.31571572 | I13: =SUM('1st Qtr'!I13,'2nd Qtr'!I13,'3rd Qtr'!I13,'4th Qtr'!I13) -> 229461.42 | J13: =SUM(Jan!J13, Feb!J13, Mar!K13) -> -25903.39 | K13: =IFERROR(J13/I13, "") -> -0.11288778
A14: CA: Pleasanton Tec Ctr - Citi | B14: CA | C14: =SUM('1st Qtr'!C14, '2nd Qtr'!C14, '3rd Qtr'!C14, '4th Qtr'!C14) -> 491256.5 | D14: =SUM('1st Qtr'!D14,'2nd Qtr'!D14,'3rd Qtr'!D14,'4th Qtr'!D14) -> 565350.36 | E14: =C14/D14 -> 0.86894169 | F14: =SUM('1st Qtr'!F14, '2nd Qtr'!F14, '3rd Qtr'!F14, '4th Qtr'!F14) -> 559567 | G14: =IF(AND(ISNUMBER(C14),ISNUMBER(F14)), C14-F14, "") -> -68310.5 | H14: =IFERROR(G14/F14, "") -> -0.12207743 | I14: =SUM('1st Qtr'!I14,'2nd Qtr'!I14,'3rd Qtr'!I14,'4th Qtr'!I14) -> 583727.48 | J14: =SUM(Jan!J14, Feb!J14, Mar!K14) -> -32875.356 | K14: =IFERROR(J14/I14, "") -> -0.056319699
A15: CA: Rancho Cordova - Citi | B15: CA | C15: =SUM('1st Qtr'!C15, '2nd Qtr'!C15, '3rd Qtr'!C15, '4th Qtr'!C15) -> 882780 | D15: =SUM('1st Qtr'!D15,'2nd Qtr'!D15,'3rd Qtr'!D15,'4th Qtr'!D15) -> 819342.78 | E15: =C15/D15 -> 1.0774245 | F15: =SUM('1st Qtr'!F15, '2nd Qtr'!F15, '3rd Qtr'!F15, '4th Qtr'!F15) -> 812545 | G15: =IF(AND(ISNUMBER(C15),ISNUMBER(F15)), C15-F15, "") -> 70235 | H15: =IFERROR(G15/F15, "") -> 0.08643829 | I15: =SUM('1st Qtr'!I15,'2nd Qtr'!I15,'3rd Qtr'!I15,'4th Qtr'!I15) -> 922891.69 | J15: =SUM(Jan!J15, Feb!J15, Mar!K15) -> -17879.21 | K15: =IFERROR(J15/I15, "") -> -0.019373032
A16: CA: S Sacramento Wyndham - Citi | B16: CA | C16: =SUM('1st Qtr'!C16, '2nd Qtr'!C16, '3rd Qtr'!C16, '4th Qtr'!C16) -> 463570.5 | D16: =SUM('1st Qtr'!D16,'2nd Qtr'!D16,'3rd Qtr'!D16,'4th Qtr'!D16) -> 494454.69 | E16: =C16/D16 -> 0.93753889 | F16: =SUM('1st Qtr'!F16, '2nd Qtr'!F16, '3rd Qtr'!F16, '4th Qtr'!F16) -> 487036 | G16: =IF(AND(ISNUMBER(C16),ISNUMBER(F16)), C16-F16, "") -> -23465.5 | H16: =IFERROR(G16/F16, "") -> -0.048180217 | I16: =SUM('1st Qtr'!I16,'2nd Qtr'!I16,'3rd Qtr'!I16,'4th Qtr'!I16) -> 488571.76 | J16: =SUM(Jan!J16, Feb!J16, Mar!K16) -> -1200.123 | K16: =IFERROR(J16/I16, "") -> -0.0024563905
... A22: CA: Manteca - KP Manteca Hospital | B22: CA | C22: =SUM('1st Qtr'!C22, '2nd Qtr'!C22, '3rd Qtr'!C22, '4th Qtr'!C22) -> 360631.13 | D22: =SUM('1st Qtr'!D22,'2nd Qtr'!D22,'3rd Qtr'!D22,'4th Qtr'!D22) -> 400258 | E22: =C22/D22 -> 0.90099668 | F22: =SUM('1st Qtr'!F22, '2nd Qtr'!F22, '3rd Qtr'!F22, '4th Qtr'!F22) -> 401309.38 | G22: =IF(AND(ISNUMBER(C22),ISNUMBER(F22)), C22-F22, "") -> -40678.25 | H22: =IFERROR(G22/F22, "") -> -0.10136382 | I22: =SUM('1st Qtr'!I22,'2nd Qtr'!I22,'3rd Qtr'!I22,'4th Qtr'!I22) -> 370231.52 | J22: =SUM(Jan!J22, Feb!J22, Mar!K22) -> -6367.164 | K22: =IFERROR(J22/I22, "") -> -0.01719779
A23: Sacramento - KP South Sacramento HSP | B23: CA

Sheet 1st Qtr
A1: {=portfolio} -> CITI | D1: PPA Modeled Output | E1: Production VS Acual | F1: 1st Quarter Actual v. Expected | I1: 1st Quarter Actual v. Forecasted
A2: Total | C2: =SUM(C4:C100) -> 3997407.8 | D2: =SUM(D4:D22) -> 3960868.1 | E2: =C2/D2 -> 1.0092252 | F2: =SUM(F4:F100) -> 3987723.8 | G2: =C2-F2 -> 9683.939 | H2: =IFERROR(G2/F2, 0) -> 0.0024284377 | I2: =SUM(I4:I100) -> 4290441.3 | J2: =C2-I2 -> -293033.57 | K2: =IFERROR(J2/I2, 0) -> -0.068299167
A3: Site | B3: State | C3: Actual | F3: Expected | G3: Delta | H3: % | I3: Forecasted | J3: Delta | K3: %
A4: {=Sites[Site]} -> CA: Antioch Deer Valley - Citi | B4: {=Sites[State]} -> CA | C4: =SUM(Jan!C4, Feb!C4, Mar!C4) -> 114367.75 | D4: =SUM(Jan!D4,Feb!D4,Mar!D4) -> 115399.63 | E4: =C4/D4 -> 0.9910582 | F4: =SUM(Jan!F4, Feb!F4, Mar!G4) -> 114257 | G4: =IF(AND(ISNUMBER(C4),ISNUMBER(F4)), C4-F4, "") -> 110.75 | H4: =IFERROR(G4/F4, "") -> 0.00096930604 | I4: =SUM(Jan!I4, Feb!I4, Mar!J4) -> 117533.72 | J4: =SUM(Jan!J4, Feb!J4, Mar!K4) -> -3165.967 | K4: =IFERROR(J4/I4, "") -> -0.02693667
A5: CA: Antioch MC CUP - Citi | B5: CA | C5: =SUM(Jan!C5, Feb!C5, Mar!C5) -> 407599 | D5: =SUM(Jan!D5,Feb!D5,Mar!D5) -> 382684.3 | E5: =C5/D5 -> 1.0651051 | F5: =SUM(Jan!F5, Feb!F5, Mar!G5) -> 378862 | G5: =IF(AND(ISNUMBER(C5),ISNUMBER(F5)), C5-F5, "") -> 28737 | H5: =IFERROR(G5/F5, "") -> 0.075850838 | I5: =SUM(Jan!I5, Feb!I5, Mar!J5) -> 426400.31 | J5: =SUM(Jan!J5, Feb!J5, Mar!K5) -> -18801.31 | K5: =IFERROR(J5/I5, "") -> -0.044093096
A6: CA: Clovis - Citi | B6: CA | C6: =SUM(Jan!C6, Feb!C6, Mar!C6) -> 169263.25 | D6: =SUM(Jan!D6,Feb!D6,Mar!D6) -> 152182.5 | E6: =C6/D6 -> 1.1122386 | F6: =SUM(Jan!F6, Feb!F6, Mar!G6) -> 146927 | G6: =IF(AND(ISNUMBER(C6),ISNUMBER(F6)), C6-F6, "") -> 22336.25 | H6: =IFERROR(G6/F6, "") -> 0.15202277 | I6: =SUM(Jan!I6, Feb!I6, Mar!J6) -> 131624.31 | J6: =SUM(Jan!J6, Feb!J6, Mar!K6) -> 37638.94 | K6: =IFERROR(J6/I6, "") -> 0.28595736
A7: CA: Elk Grove MOB - Citi | B7: CA | C7: =SUM(Jan!C7, Feb!C7, Mar!C7) -> 253724 | D7: =SUM(Jan!D7,Feb!D7,Mar!D7) -> 246151.5 | E7: =C7/D7 -> 1.0307636 | F7: =SUM(Jan!F7, Feb!F7, Mar!G7) -> 243714 | G7: =IF(AND(ISNUMBER(C7),ISNUMBER(F7)), C7-F7, "") -> 10010 | H7: =IFERROR(G7/F7, "") -> 0.041072733 | I7: =SUM(Jan!I7, Feb!I7, Mar!J7) -> 270600.8 | J7: =SUM(Jan!J7, Feb!J7, Mar!K7) -> -16876.8 | K7: =IFERROR(J7/I7, "") -> -0.062367887
A8: CA: Elk Grove Promenade - Citi | B8: CA | C8: =SUM(Jan!C8, Feb!C8, Mar!C8) -> 138337 | D8: =SUM(Jan!D8,Feb!D8,Mar!D8) -> 134028.5 | E8: =C8/D8 -> 1.0321461 | F8: =SUM(Jan!F8, Feb!F8, Mar!G8) -> 132731.36 | G8: =IF(AND(ISNUMBER(C8),ISNUMBER(F8)), C8-F8, "") -> 5605.644 | H8: =IFERROR(G8/F8, "") -> 0.042233005 | I8: =SUM(Jan!I8, Feb!I8, Mar!J8) -> 151578.2 | J8: =SUM(Jan!J8, Feb!J8, Mar!K8) -> -13241.198 | K8: =IFERROR(J8/I8, "") -> -0.087355558
A9: CA: Fresno Sequioa - Citi | B9: CA | C9: =SUM(Jan!C9, Feb!C9, Mar!C9) -> 267893 | D9: =SUM(Jan!D9,Feb!D9,Mar!D9) -> 267133.21 | E9: =C9/D9 -> 1.0028442 | F9: =SUM(Jan!F9, Feb!F9, Mar!G9) -> 264542 | G9: =IF(AND(ISNUMBER(C9),ISNUMBER(F9)), C9-F9, "") -> 3351 | H9: =IFERROR(G9/F9, "") -> 0.012667176 | I9: =SUM(Jan!I9, Feb!I9, Mar!J9) -> 300633.3 | J9: =SUM(Jan!J9, Feb!J9, Mar!K9) -> -32740.3 | K9: =IFERROR(J9/I9, "") -> -0.10890444
A10: CA: Fresno MOB - Citi | B10: CA | C10: =SUM(Jan!C10, Feb!C10, Mar!C10) -> 102206.13 | D10: =SUM(Jan!D10,Feb!D10,Mar!D10) -> 107787.71 | E10: =C10/D10 -> 0.94821692 | F10: =SUM(Jan!F10, Feb!F10, Mar!G10) -> 107041 | G10: =IF(AND(ISNUMBER(C10),ISNUMBER(F10)), C10-F10, "") -> -4834.87 | H10: =IFERROR(G10/F10, "") -> -0.045168393 | I10: =SUM(Jan!I10, Feb!I10, Mar!J10) -> 108339.68 | J10: =SUM(Jan!J10, Feb!J10, Mar!K10) -> -6133.546 | K10: =IFERROR(J10/I10, "") -> -0.056614033
A11: CA: Modesto Bangs - Citi | B11: CA | C11: =SUM(Jan!C11, Feb!C11, Mar!C11) -> 68432.75 | D11: =SUM(Jan!D11,Feb!D11,Mar!D11) -> 63424.51 | E11: =C11/D11 -> 1.0789638 | F11: =SUM(Jan!F11, Feb!F11, Mar!G11) -> 63171 | G11: =IF(AND(ISNUMBER(C11),ISNUMBER(F11)), C11-F11, "") -> 5261.75 | H11: =IFERROR(G11/F11, "") -> 0.083293758 | I11: =SUM(Jan!I11, Feb!I11, Mar!J11) -> 70099.062 | J11: =SUM(Jan!J11, Feb!J11, Mar!K11) -> -1666.312 | K11: =IFERROR(J11/I11, "") -> -0.023770817
A12: CA: Napa Data Center - Citi | B12: CA | C12: =SUM(Jan!C12, Feb!C12, Mar!C12) -> 69031.88 | D12: =SUM(Jan!D12,Feb!D12,Mar!D12) -> 78540.47 | E12: =C12/D12 -> 0.87893388 | F12: =SUM(Jan!F12, Feb!F12, Mar!G12) -> 75905 | G12: =IF(AND(ISNUMBER(C12),ISNUMBER(F12)), C12-F12, "") -> -6873.12 | H12: =IFERROR(G12/F12, "") -> -0.090548976 | I12: =SUM(Jan!I12, Feb!I12, Mar!J12) -> 82484.785 | J12: =SUM(Jan!J12, Feb!J12, Mar!K12) -> -13452.905 | K12: =IFERROR(J12/I12, "") -> -0.16309559
A13: CA: Petaluma MOB - Citi | B13: CA | C13: =SUM(Jan!C13, Feb!C13, Mar!C13) -> 148819.5 | D13: =SUM(Jan!D13,Feb!D13,Mar!D13) -> 130900.23 | E13: =C13/D13 -> 1.1368926 | F13: =SUM(Jan!F13, Feb!F13, Mar!G13) -> 174082 | G13: =IF(AND(ISNUMBER(C13),ISNUMBER(F13)), C13-F13, "") -> -25262.5 | H13: =IFERROR(G13/F13, "") -> -0.14511839 | I13: =SUM(Jan!I13, Feb!I13, Mar!J13) -> 174722.89 | J13: =SUM(Jan!J13, Feb!J13, Mar!K13) -> -25903.39 | K13: =IFERROR(J13/I13, "") -> -0.14825413
A14: CA: Pleasanton Tec Ctr - Citi | B14: CA | C14: =SUM(Jan!C14, Feb!C14, Mar!C14) -> 229990.5 | D14: =SUM(Jan!D14,Feb!D14,Mar!D14) -> 252333.64 | E14: =C14/D14 -> 0.91145398 | F14: =SUM(Jan!F14, Feb!F14, Mar!G14) -> 249546 | G14: =IF(AND(ISNUMBER(C14),ISNUMBER(F14)), C14-F14, "") -> -19555.5 | H14: =IFERROR(G14/F14, "") -> -0.07836431 | I14: =SUM(Jan!I14, Feb!I14, Mar!J14) -> 262865.86 | J14: =SUM(Jan!J14, Feb!J14, Mar!K14) -> -32875.356 | K14: =IFERROR(J14/I14, "") -> -0.12506514
A15: CA: Rancho Cordova - Citi | B15: CA | C15: =SUM(Jan!C15, Feb!C15, Mar!C15) -> 427880 | D15: =SUM(Jan!D15,Feb!D15,Mar!D15) -> 377789.61 | E15: =C15/D15 -> 1.1325881 | F15: =SUM(Jan!F15, Feb!F15, Mar!G15) -> 373634 | G15: =IF(AND(ISNUMBER(C15),ISNUMBER(F15)), C15-F15, "") -> 54246 | H15: =IFERROR(G15/F15, "") -> 0.14518486 | I15: =SUM(Jan!I15, Feb!I15, Mar!J15) -> 445759.21 | J15: =SUM(Jan!J15, Feb!J15, Mar!K15) -> -17879.21 | K15: =IFERROR(J15/I15, "") -> -0.040109569
A16: CA: S Sacramento Wyndham - Citi | B16: CA | C16: =SUM(Jan!C16, Feb!C16, Mar!C16) -> 212055 | D16: =SUM(Jan!D16,Feb!D16,Mar!D16) -> 211985.13 | E16: =C16/D16 -> 1.0003296 | F16: =SUM(Jan!F16, Feb!F16, Mar!G16) -> 209458 | G16: =IF(AND(ISNUMBER(C16),ISNUMBER(F16)), C16-F16, "") -> 2597 | H16: =IFERROR(G16/F16, "") -> 0.012398667 | I16: =SUM(Jan!I16, Feb!I16, Mar!J16) -> 213255.12 | J16: =SUM(Jan!J16, Feb!J16, Mar!K16) -> -1200.123 | K16: =IFERROR(J16/I16, "") -> -0.0056276397
... A21: CA: Vacaville Hospital | B21: CA | C21: =SUM(Jan!C21, Feb!C21, Mar!C21) -> 519252.25 | D21: =SUM(Jan!D21,Feb!D21,Mar!D21) -> 553199.78 | E21: =C21/D21 -> 0.93863423 | F21: =SUM(Jan!F21, Feb!F21, Mar!G21) -> 551443 | G21: =IF(AND(ISNUMBER(C21),ISNUMBER(F21)), C21-F21, "") -> -32190.75 | H21: =IFERROR(G21/F21, "") -> -0.05837548 | I21: =SUM(Jan!I21, Feb!I21, Mar!J21) -> 552775.64 | J21: =SUM(Jan!J21, Feb!J21, Mar!K21) -> -33523.387 | K21: =IFERROR(J21/I21, "") -> -0.060645558
A22: CA: Manteca - KP Manteca Hospital | B22: CA | C22: =SUM(Jan!C22, Feb!C22, Mar!C22) -> 185587.5 | D22: =SUM(Jan!D22,Feb!D22,Mar!D22) -> 168096 | E22: =C22/D22 -> 1.1040566 | F22: =SUM(Jan!F22, Feb!F22, Mar!G22) -> 182590.46 | G22: =IF(AND(ISNUMBER(C22),ISNUMBER(F22)), C22-F22, "") -> 2997.035 | I22: =SUM(Jan!I22, Feb!I22, Mar!J22) -> 191954.66 | J22: =SUM(Jan!J22, Feb!J22, Mar!K22) -> -6367.164 | K22: =IFERROR(J22/I22, "") -> -0.033170145
A23: Sacramento - KP South Sacramento HSP | B23: CA

Sheet 2nd Qtr
A1: {=portfolio} -> CITI | D1: PPA Modeled Output | E1: Production VS Acual | F1: 2nd Quarter Actual v. Expected | I1: 2nd Quarter Actual v. Forecasted
A2: Total | C2: =SUM(C4:C99) -> 5341286.8 | D2: =SUM(D4:D22) -> 5128428.5 | E2: =C2/D2 -> 1.0415055 | F2: =SUM(D4:D99) -> 5128428.5 | G2: =C2-F2 -> 212858.22 | H2: =IFERROR(G2/F2, 0) -> 0.041505545 | I2: =SUM(G4:G99) -> -125585.78 | J2: =C2-I2 -> 5466872.5 | K2: =IFERROR(J2/I2, 0) -> -43.530984
A3: Site | B3: State | C3: Actual | F3: Expected | G3: Delta | H3: % | I3: Forecasted | J3: Delta | K3: %
A4: {=Sites[Site]} -> CA: Antioch Deer Valley - Citi | B4: {=Sites[State]} -> CA | C4: =SUM(Apr!C4, May!C4, Jun!C4) -> 148405 | D4: =SUM(Apr!D4,May!D4,Jun!D4) -> 139469.11 | E4: =C4/D4 -> 1.0640707 | F4: =SUM(Apr!F4, May!F4, Jun!G4) -> 138088 | G4: =IF(AND(ISNUMBER(C4),ISNUMBER(F4)), C4-F4, "") -> 10317 | H4: =IFERROR(G4/F4, "") -> 0.074713226 | I4: =SUM(Apr!I4+May!I4+Jun!J4) -> 153621.82 | J4: =SUM(Apr!J4, May!J4, Jun!K4) -> -5216.815 | K4: =IFERROR(J4/I4, "") -> -0.033958816
A5: CA: Antioch MC CUP - Citi | B5: CA | C5: =SUM(Apr!C5, May!C5, Jun!C5) -> 491481 | D5: =SUM(Apr!D5,May!D5,Jun!D5) -> 475321.88 | E5: =C5/D5 -> 1.0339962 | F5: =SUM(Apr!F5, May!F5, Jun!G5) -> 470574 | G5: =IF(AND(ISNUMBER(C5),ISNUMBER(F5)), C5-F5, "") -> 20907 | H5: =IFERROR(G5/F5, "") -> 0.044428719 | I5: =SUM(Apr!I5+May!I5+Jun!J5) -> 511622.68 | J5: =SUM(Apr!J5, May!J5, Jun!K5) -> -20141.684 | K5: =IFERROR(J5/I5, "") -> -0.039368239
A6: CA: Clovis - Citi | B6: CA | C6: =SUM(Apr!C6, May!C6, Jun!C6) -> 200183.75 | D6: =SUM(Apr!D6,May!D6,Jun!D6) -> 205569.5 | E6: =C6/D6 -> 0.97380083 | F6: =SUM(Apr!F6, May!F6, Jun!G6) -> 198472 | G6: =IF(AND(ISNUMBER(C6),ISNUMBER(F6)), C6-F6, "") -> 1711.75 | H6: =IFERROR(G6/F6, "") -> 0.0086246423 | I6: =SUM(Apr!I6+May!I6+Jun!J6) -> 24475.361 | J6: =SUM(Apr!J6, May!J6, Jun!K6) -> 175708.39 | K6: =IFERROR(J6/I6, "") -> 7.1789907
A7: CA: Elk Grove MOB - Citi | B7: CA | C7: =SUM(Apr!C7, May!C7, Jun!C7) -> 317135.5 | D7: =SUM(Apr!D7,May!D7,Jun!D7) -> 326330.5 | E7: =C7/D7 -> 0.97182304 | F7: =SUM(Apr!F7, May!F7, Jun!G7) -> 323100 | G7: =IF(AND(ISNUMBER(C7),ISNUMBER(F7)), C7-F7, "") -> -5964.5 | H7: =IFERROR(G7/F7, "") -> -0.018460229 | I7: =SUM(Apr!I7+May!I7+Jun!J7) -> 341553.2 | J7: =SUM(Apr!J7, May!J7, Jun!K7) -> -24417.703 | K7: =IFERROR(J7/I7, "") -> -0.071490189
A8: CA: Elk Grove Promenade - Citi | B8: CA | C8: =SUM(Apr!C8, May!C8, Jun!C8) -> 167389.5 | D8: =SUM(Apr!D8,May!D8,Jun!D8) -> 172769 | E8: =C8/D8 -> 0.96886305 | F8: =SUM(Apr!F8, May!F8, Jun!G8) -> 171058.63 | G8: =IF(AND(ISNUMBER(C8),ISNUMBER(F8)), C8-F8, "") -> -3669.133 | H8: =IFERROR(G8/F8, "") -> -0.021449563 | I8: =SUM(Apr!I8+May!I8+Jun!J8) -> 179299.96 | J8: =SUM(Apr!J8, May!J8, Jun!K8) -> -11910.455 | K8: =IFERROR(J8/I8, "") -> -0.06642754
A9: CA: Fresno Sequioa - Citi | B9: CA | C9: =SUM(Apr!C9, May!C9, Jun!C9) -> 328179.5 | D9: =SUM(Apr!D9,May!D9,Jun!D9) -> 342057.35 | E9: =C9/D9 -> 0.95942829 | F9: =SUM(Apr!F9, May!F9, Jun!G9) -> 338739 | G9: =IF(AND(ISNUMBER(C9),ISNUMBER(F9)), C9-F9, "") -> -10559.5 | H9: =IFERROR(G9/F9, "") -> -0.031172968 | I9: =SUM(Apr!I9+May!I9+Jun!J9) -> 352815.81 | J9: =SUM(Apr!J9, May!J9, Jun!K9) -> -24636.309 | K9: =IFERROR(J9/I9, "") -> -0.069827679
A10: CA: Fresno MOB - Citi | B10: CA | C10: =SUM(Apr!C10, May!C10, Jun!C10) -> 115357.62 | D10: =SUM(Apr!D10,May!D10,Jun!D10) -> 138983.17 | E10: =C10/D10 -> 0.83001143 | F10: =SUM(Apr!F10, May!F10, Jun!G10) -> 138641 | G10: =IF(AND(ISNUMBER(C10),ISNUMBER(F10)), C10-F10, "") -> -23283.38 | H10: =IFERROR(G10/F10, "") -> -0.16794008 | I10: =SUM(Apr!I10+May!I10+Jun!J10) -> 124625.05 | J10: =SUM(Apr!J10, May!J10, Jun!K10) -> -9267.428 | K10: =IFERROR(J10/I10, "") -> -0.074362483
A11: CA: Modesto Bangs - Citi | B11: CA | C11: =SUM(Apr!C11, May!C11, Jun!C11) -> 84964 | D11: =SUM(Apr!D11,May!D11,Jun!D11) -> 98899.21 | E11: =C11/D11 -> 0.85909685 | F11: =SUM(Apr!F11, May!F11, Jun!G11) -> 98416 | G11: =IF(AND(ISNUMBER(C11),ISNUMBER(F11)), C11-F11, "") -> -13452 | H11: =IFERROR(G11/F11, "") -> -0.13668509 | I11: =SUM(Apr!I11+May!I11+Jun!J11) -> 8031.353 | J11: =SUM(Apr!J11, May!J11, Jun!K11) -> 76932.647 | K11: =IFERROR(J11/I11, "") -> 9.5790394
A12: CA: Napa Data Center - Citi | B12: CA | C12: =SUM(Apr!C12, May!C12, Jun!C12) -> 87169.25 | D12: =SUM(Apr!D12,May!D12,Jun!D12) -> 99083.82 | E12: =C12/D12 -> 0.87975262 | F12: =SUM(Apr!F12, May!F12, Jun!G12) -> 95251 | G12: =IF(AND(ISNUMBER(C12),ISNUMBER(F12)), C12-F12, "") -> -8081.75 | H12: =IFERROR(G12/F12, "") -> -0.084846878 | I12: =SUM(Apr!I12+May!I12+Jun!J12) -> 102181.4 | J12: =SUM(Apr!J12, May!J12, Jun!K12) -> -15012.146 | K12: =IFERROR(J12/I12, "") -> -0.14691663
A13: CA: Petaluma MOB - Citi | B13: CA | C13: =SUM(Apr!C13, May!C13, Jun!C13) -> 120989 | D13: =SUM(Apr!D13,May!D13,Jun!D13) -> 228836.27 | E13: =C13/D13 -> 0.52871426 | F13: =SUM(Apr!F13, May!F13, Jun!G13) -> 220211 | G13: =IF(AND(ISNUMBER(C13),ISNUMBER(F13)), C13-F13, "") -> -99222 | H13: =IFERROR(G13/F13, "") -> -0.45057695 | I13: =SUM(Apr!I13+May!I13+Jun!J13) -> 54738.526 | J13: =SUM(Apr!J13, May!J13, Jun!K13) -> 66250.474 | K13: =IFERROR(J13/I13, "") -> 1.210308
A14: CA: Pleasanton Tec Ctr - Citi | B14: CA | C14: =SUM(Apr!C14, May!C14, Jun!C14) -> 261266 | D14: =SUM(Apr!D14,May!D14,Jun!D14) -> 313016.72 | E14: =C14/D14 -> 0.83467107 | F14: =SUM(Apr!F14, May!F14, Jun!G14) -> 310021 | G14: =IF(AND(ISNUMBER(C14),ISNUMBER(F14)), C14-F14, "") -> -48755 | H14: =IFERROR(G14/F14, "") -> -0.15726354 | I14: =SUM(Apr!I14+May!I14+Jun!J14) -> 320861.63 | J14: =SUM(Apr!J14, May!J14, Jun!K14) -> -59595.628 | K14: =IFERROR(J14/I14, "") -> -0.18573623
A15: CA: Rancho Cordova - Citi | B15: CA | C15: =SUM(Apr!C15, May!C15, Jun!C15) -> 454900 | D15: =SUM(Apr!D15,May!D15,Jun!D15) -> 441553.17 | E15: =C15/D15 -> 1.030227 | F15: =SUM(Apr!F15, May!F15, Jun!G15) -> 438911 | G15: =IF(AND(ISNUMBER(C15),ISNUMBER(F15)), C15-F15, "") -> 15989 | H15: =IFERROR(G15/F15, "") -> 0.036428798 | I15: =SUM(Apr!I15+May!I15+Jun!J15) -> 477132.48 | J15: =SUM(Apr!J15, May!J15, Jun!K15) -> -22232.477 | K15: =IFERROR(J15/I15, "") -> -0.046596025
A16: CA: S Sacramento Wyndham - Citi | B16: CA | C16: =SUM(Apr!C16, May!C16, Jun!C16) -> 251515.5 | D16: =SUM(Apr!D16,May!D16,Jun!D16) -> 282469.56 | E16: =C16/D16 -> 0.8904163 | F16: =SUM(Apr!F16, May!F16, Jun!G16) -> 277578 | G16: =IF(AND(ISNUMBER(C16),ISNUMBER(F16)), C16-F16, "") -> -26062.5 | H16: =IFERROR(G16/F16, "") -> -0.093892528 | I16: =SUM(Apr!I16+May!I16+Jun!J16) -> 275316.63 | J16: =SUM(Apr!J16, May!J16, Jun!K16) -> -23801.134 | K16: =IFERROR(J16/I16, "") -> -0.08645004
... A22: CA: Manteca - KP Manteca Hospital | B22: CA | C22: =SUM(Apr!C22, May!C22, Jun!C22) -> 175043.63 | D22: =SUM(Apr!D22,May!D22,Jun!D22) -> 232162 | E22: =C22/D22 -> 0.75397192 | F22: =SUM(Apr!F22, May!F22, Jun!G22) -> 218718.91 | G22: =IF(AND(ISNUMBER(C22),ISNUMBER(F22)), C22-F22, "") -> -43675.285 | H22: =IFERROR(G22/F22, "") -> -0.19968682 | I22: =SUM(Apr!I22+May!I22+Jun!J22) -> 178276.85 | J22: =SUM(Apr!J22, May!J22, Jun!K22) -> -3233.223 | K22: =IFERROR(J22/I22, "") -> -0.018135966
A23: Sacramento - KP South Sacramento HSP | B23: CA | C23: =SUM(Apr!C23, May!C23, Jun!C23) -> 672177.15 | D23: =SUM(Apr!D23,May!D23,Jun!D23) -> 0 | E23: 0 | F23: =SUM(Apr!F23, May!F23, Jun!G23) -> 405860 | G23: =IF(AND(ISNUMBER(C23),ISNUMBER(F23)), C23-F23, "") -> 266317.15 | H23: =IFERROR(G23/F23, "") -> 0.65617984 | I23: =SUM(Apr!I23+May!I23+Jun!J23) -> 731642 | J23: =SUM(Apr!J23, May!J23, Jun!K23) -> -59464.85 | K23: =IFERROR(J23/I23, "") -> -0.081275884

Sheet 3rd Qtr
A1: {=portfolio} -> CITI | D1: PPA Modeled Output | E1: Production VS Acual | F1: 3rd Quarter Actual v. Expected | I1: 3rd Quarter Actual v. Forecasted
A2: Total | C2: =SUM(C4:C100) -> 0 | D2: =SUM(D3:D22) -> 0 | E2: =C2/D2 -> #DIV/0! | F2: =SUM(D4:D100) -> 0 | G2: =C2-F2 -> 0 | H2: =IFERROR(G2/F2, 0) -> 0 | I2: =SUM(G4:G100) -> 0 | J2: =C2-I2 -> 0 | K2: =IFERROR(J2/I2, 0) -> 0
A3: Site | B3: State | C3: Actual | F3: Expected | G3: Delta | H3: % | I3: Forecasted | J3: Delta | K3: %
A4: {=Sites[Site]} -> CA: Antioch Deer Valley - Citi | B4: {=Sites[State]} -> CA | C4: =SUM(Jul!C4, Aug!C4, Sep!C4) -> 0 | D4: =SUM(Jul!D4,Aug!D4,Sep!D4) -> 0 | E4: =C4/D4 -> #DIV/0! | F4: =SUM(Jul!F4, Aug!F4, Sep!G4) -> 0 | G4: =IF(AND(ISNUMBER(C4),ISNUMBER(F4)), C4-F4, "") -> 0 | H4: =IFERROR(G4/F4, "") | I4: =SUM(Jul!I4, Aug!K4, Sep!L4) -> 0 | J4: =SUM(Jul!J4, Aug!J4, Sep!K4) -> 0 | K4: =IFERROR(J4/I4, "")
A5: CA: Antioch MC CUP - Citi | B5: CA | C5: =SUM(Jul!C5, Aug!C5, Sep!C5) -> 0 | E5: =C5/D5 -> #DIV/0! | F5: =SUM(Jul!F5, Aug!F5, Sep!G5) -> 0 | G5: =IF(AND(ISNUMBER(C5),ISNUMBER(F5)), C5-F5, "") -> 0 | H5: =IFERROR(G5/F5, "") | I5: =SUM(Jul!I5, Aug!K5, Sep!L5) -> 0 | J5: =SUM(Jul!J5, Aug!J5, Sep!K5) -> 0 | K5: =IFERROR(J5/I5, "")
A6: CA: Clovis - Citi | B6: CA | C6: =SUM(Jul!C6, Aug!C6, Sep!C6) -> 0 | D6: =SUM(Jul!D6,Aug!D6,Sep!D6) -> 0 | E6: =C6/D6 -> #DIV/0! | F6: =SUM(Jul!F6, Aug!F6, Sep!G6) -> 0 | G6: =IF(AND(ISNUMBER(C6),ISNUMBER(F6)), C6-F6, "") -> 0 | H6: =IFERROR(G6/F6, "") | I6: =SUM(Jul!I6, Aug!K6, Sep!L6) -> 0 | J6: =SUM(Jul!J6, Aug!J6, Sep!K6) -> 0 | K6: =IFERROR(J6/I6, "")
A7: CA: Elk Grove MOB - Citi | B7: CA | C7: =SUM(Jul!C7, Aug!C7, Sep!C7) -> 0 | E7: =C7/D7 -> #DIV/0! | F7: =SUM(Jul!F7, Aug!F7, Sep!G7) -> 0 | G7: =IF(AND(ISNUMBER(C7),ISNUMBER(F7)), C7-F7, "") -> 0 | H7: =IFERROR(G7/F7, "") | I7: =SUM(Jul!I7, Aug!K7, Sep!L7) -> 0 | J7: =SUM(Jul!J7, Aug!J7, Sep!K7) -> 0 | K7: =IFERROR(J7/I7, "")
A8: CA: Elk Grove Promenade - Citi | B8: CA | C8: =SUM(Jul!C8, Aug!C8, Sep!C8) -> 0 | D8: =SUM(Jul!D8,Aug!D8,Sep!D8) -> 0 | E8: =C8/D8 -> #DIV/0! | F8: =SUM(Jul!F8, Aug!F8, Sep!G8) -> 0 | G8: =IF(AND(ISNUMBER(C8),ISNUMBER(F8)), C8-F8, "") -> 0 | H8: =IFERROR(G8/F8, "") | I8: =SUM(Jul!I8, Aug!K8, Sep!L8) -> 0 | J8: =SUM(Jul!J8, Aug!J8, Sep!K8) -> 0 | K8: =IFERROR(J8/I8, "")
A9: CA: Fresno Sequioa - Citi | B9: CA | C9: =SUM(Jul!C9, Aug!C9, Sep!C9) -> 0 | E9: =C9/D9 -> #DIV/0! | F9: =SUM(Jul!F9, Aug!F9, Sep!G9) -> 0 | G9: =IF(AND(ISNUMBER(C9),ISNUMBER(F9)), C9-F9, "") -> 0 | H9: =IFERROR(G9/F9, "") | I9: =SUM(Jul!I9, Aug!K9, Sep!L9) -> 0 | J9: =SUM(Jul!J9, Aug!J9, Sep!K9) -> 0 | K9: =IFERROR(J9/I9, "")
A10: CA: Fresno MOB - Citi | B10: CA | C10: =SUM(Jul!C10, Aug!C10, Sep!C10) -> 0 | D10: =SUM(Jul!D10,Aug!D10,Sep!D10) -> 0 | E10: =C10/D10 -> #DIV/0! | F10: =SUM(Jul!F10, Aug!F10, Sep!G10) -> 0 | G10: =IF(AND(ISNUMBER(C10),ISNUMBER(F10)), C10-F10, "") -> 0 | H10: =IFERROR(G10/F10, "") | I10: =SUM(Jul!I10, Aug!K10, Sep!L10) -> 0 | J10: =SUM(Jul!J10, Aug!J10, Sep!K10) -> 0 | K10: =IFERROR(J10/I10, "")
A11: CA: Modesto Bangs - Citi | B11: CA | C11: =SUM(Jul!C11, Aug!C11, Sep!C11) -> 0 | E11: =C11/D11 -> #DIV/0! | F11: =SUM(Jul!F11, Aug!F11, Sep!G11) -> 0 | G11: =IF(AND(ISNUMBER(C11),ISNUMBER(F11)), C11-F11, "") -> 0 | H11: =IFERROR(G11/F11, "") | I11: =SUM(Jul!I11, Aug!K11, Sep!L11) -> 0 | J11: =SUM(Jul!J11, Aug!J11, Sep!K11) -> 0 | K11: =IFERROR(J11/I11, "")
A12: CA: Napa Data Center - Citi | B12: CA | C12: =SUM(Jul!C12, Aug!C12, Sep!C12) -> 0 | D12: =SUM(Jul!D12,Aug!D12,Sep!D12) -> 0 | E12: =C12/D12 -> #DIV/0! | F12: =SUM(Jul!F12, Aug!F12, Sep!G12) -> 0 | G12: =IF(AND(ISNUMBER(C12),ISNUMBER(F12)), C12-F12, "") -> 0 | H12: =IFERROR(G12/F12, "") | I12: =SUM(Jul!I12, Aug!K12, Sep!L12) -> 0 | J12: =SUM(Jul!J12, Aug!J12, Sep!K12) -> 0 | K12: =IFERROR(J12/I12, "")
A13: CA: Petaluma MOB - Citi | B13: CA | C13: =SUM(Jul!C13, Aug!C13, Sep!C13) -> 0 | E13: =C13/D13 -> #DIV/0! | F13: =SUM(Jul!F13, Aug!F13, Sep!G13) -> 0 | G13: =IF(AND(ISNUMBER(C13),ISNUMBER(F13)), C13-F13, "") -> 0 | H13: =IFERROR(G13/F13, "") | I13: =SUM(Jul!I13, Aug!K13, Sep!L13) -> 0 | J13: =SUM(Jul!J13, Aug!J13, Sep!K13) -> 0 | K13: =IFERROR(J13/I13, "")
A14: CA: Pleasanton Tec Ctr - Citi | B14: CA | C14: =SUM(Jul!C14, Aug!C14, Sep!C14) -> 0 | D14: =SUM(Jul!D14,Aug!D14,Sep!D14) -> 0 | E14: =C14/D14 -> #DIV/0! | F14: =SUM(Jul!F14, Aug!F14, Sep!G14) -> 0 | G14: =IF(AND(ISNUMBER(C14),ISNUMBER(F14)), C14-F14, "") -> 0 | H14: =IFERROR(G14/F14, "") | I14: =SUM(Jul!I14, Aug!K14, Sep!L14) -> 0 | J14: =SUM(Jul!J14, Aug!J14, Sep!K14) -> 0 | K14: =IFERROR(J14/I14, "")
A15: CA: Rancho Cordova - Citi | B15: CA | C15: =SUM(Jul!C15, Aug!C15, Sep!C15) -> 0 | E15: =C15/D15 -> #DIV/0! | F15: =SUM(Jul!F15, Aug!F15, Sep!G15) -> 0 | G15: =IF(AND(ISNUMBER(C15),ISNUMBER(F15)), C15-F15, "") -> 0 | H15: =IFERROR(G15/F15, "") | I15: =SUM(Jul!I15, Aug!K15, Sep!L15) -> 0 | J15: =SUM(Jul!J15, Aug!J15, Sep!K15) -> 0 | K15: =IFERROR(J15/I15, "")
A16: CA: S Sacramento Wyndham - Citi | B16: CA | C16: =SUM(Jul!C16, Aug!C16, Sep!C16) -> 0 | D16: =SUM(Jul!D16,Aug!D16,Sep!D16) -> 0 | E16: =C16/D16 -> #DIV/0! | F16: =SUM(Jul!F16, Aug!F16, Sep!G16) -> 0 | G16: =IF(AND(ISNUMBER(C16),ISNUMBER(F16)), C16-F16, "") -> 0 | H16: =IFERROR(G16/F16, "") | I16: =SUM(Jul!I16, Aug!K16, Sep!L16) -> 0 | J16: =SUM(Jul!J16, Aug!J16, Sep!K16) -> 0 | K16: =IFERROR(J16/I16, "")
A17: CA: Sacramento Point West - Citi | B17: CA | C17: =SUM(Jul!C17, Aug!C17, Sep!C17) -> 0 | E17: =C17/D17 -> #DIV/0! | F17: =SUM(Jul!F17, Aug!F17, Sep!G17) -> 0 | G17: =IF(AND(ISNUMBER(C17),ISNUMBER(F17)), C17-F17, "") -> 0 | H17: =IFERROR(G17/F17, "") | I17: =SUM(Jul!I17, Aug!K17, Sep!L17) -> 0 | J17: =SUM(Jul!J17, Aug!J17, Sep!K17) -> 0 | K17: =IFERROR(J17/I17, "")
A18: CA: San Jose FHC - Citi | B18: CA | C18: =SUM(Jul!C18, Aug!C18, Sep!C18) -> 0 | D18: =SUM(Jul!D18,Aug!D18,Sep!D18) -> 0 | E18: =C18/D18 -> #DIV/0! | F18: =SUM(Jul!F18, Aug!F18, Sep!G18) -> 0 | G18: =IF(AND(ISNUMBER(C18),ISNUMBER(F18)), C18-F18, "") -> 0 | H18: =IFERROR(G18/F18, "") | I18: =SUM(Jul!I18, Aug!K18, Sep!L18) -> 0 | J18: =SUM(Jul!J18, Aug!J18, Sep!K18) -> 0 | K18: =IFERROR(J18/I18, "")
A19: CA: San Jose MOB - Citi | B19: CA | C19: =SUM(Jul!C19, Aug!C19, Sep!C19) -> 0 | E19: =C19/D19 -> #DIV/0! | F19: =SUM(Jul!F19, Aug!F19, Sep!G19) -> 0 | G19: =IF(AND(ISNUMBER(C19),ISNUMBER(F19)), C19-F19, "") -> 0 | H19: =IFERROR(G19/F19, "") | I19: =SUM(Jul!I19, Aug!K19, Sep!L19) -> 0 | J19: =SUM(Jul!J19, Aug!J19, Sep!K19) -> 0 | K19: =IFERROR(J19/I19, "")
A20: CA: Selma - Citi | B20: CA | C20: =SUM(Jul!C20, Aug!C20, Sep!C20) -> 0 | D20: =SUM(Jul!D20,Aug!D20,Sep!D20) -> 0 | E20: =C20/D20 -> #DIV/0! | F20: =SUM(Jul!F20, Aug!F20, Sep!G20) -> 0 | G20: =IF(AND(ISNUMBER(C20),ISNUMBER(F20)), C20-F20, "") -> 0 | H20: =IFERROR(G20/F20, "") | I20: =SUM(Jul!I20, Aug!K20, Sep!L20) -> 0 | J20: =SUM(Jul!J20, Aug!J20, Sep!K20) -> 0 | K20: =IFERROR(J20/I20, "")
A21: CA: Vacaville Hospital | B21: CA | C21: =SUM(Jul!C21, Aug!C21, Sep!C21) -> 0 | E21: =C21/D21 -> #DIV/0! | F21: =SUM(Jul!F21, Aug!F21, Sep!G21) -> 0 | G21: =SUM(Jul!G21, Aug!G21, Sep!H21) -> 0 | H21: =IFERROR(G21/F21, "") | I21: =SUM(Jul!I21, Aug!K21, Sep!L21) -> 0 | J21: =SUM(Jul!J21, Aug!J21, Sep!K21) -> 0 | K21: =IFERROR(J21/I21, "")
A22: CA: Manteca - KP Manteca Hospital | B22: CA | C22: =SUM(Jul!C22, Aug!C22, Sep!C22) -> 0 | D22: =SUM(Jul!D22,Aug!D22,Sep!D22) -> 0 | E22: =C22/D22 -> #DIV/0! | F22: =SUM(Jul!F22, Aug!F22, Sep!G22) -> 0 | G22: =SUM(Jul!G22, Aug!G22, Sep!H22) -> 0 | H22: =IFERROR(G22/F22, "") | I22: =SUM(Jul!I22, Aug!K22, Sep!L22) -> 0 | J22: =SUM(Jul!J22, Aug!J22, Sep!K22) -> 0 | K22: =IFERROR(J22/I22, "")
A23: Sacramento - KP South Sacramento HSP | B23: CA

Sheet 4th Qtr
A1: {=portfolio} -> CITI | D1: PPA Modeled Output | E1: Production VS Acual | F1: 4th Quarter Actual v. Expected | I1: 4th Quarter Actual v. Forecasted
A2: Total | C2: =SUM(C4:C100) -> 0 | D2: =SUM(D3:D22) -> 0 | E2: =C2/D2 -> #DIV/0! | F2: =SUM(D4:D100) -> 0 | G2: =C2-F2 -> 0 | H2: =IFERROR(G2/F2, 0) -> 0 | I2: =SUM(G4:G100) -> 0 | J2: =C2-I2 -> 0 | K2: =IFERROR(J2/I2, 0) -> 0
A3: Site | B3: State | C3: Actual | F3: Expected | G3: Delta | H3: % | I3: Forecasted | J3: Delta | K3: %
A4: {=Sites[Site]} -> CA: Antioch Deer Valley - Citi | B4: {=Sites[State]} -> CA | C4: =SUM(Oct!C4, Nov!C4, Dec!C4) -> 0 | D4: =SUM(Oct!D4,Nov!D4,Dec!D4) -> 0 | E4: =C4/D4 -> #DIV/0! | F4: =SUM(Oct!F4, Nov!F4, Dec!F4) -> 0 | G4: =IF(AND(ISNUMBER(C4),ISNUMBER(F4)), C4-F4, "") -> 0 | H4: =IFERROR(G4/F4, "") | I4: =SUM(Oct!I4,Nov!I4,Dec!J4) -> 0 | J4: =SUM(Oct!J4, Nov!J4, Dec!J4) -> 0 | K4: =IFERROR(J4/I4, "")
A5: CA: Antioch MC CUP - Citi | B5: CA | C5: =SUM(Oct!C5, Nov!C5, Dec!C5) -> 0 | E5: =C5/D5 -> #DIV/0! | F5: =SUM(Oct!F5, Nov!F5, Dec!F5) -> 0 | G5: =IF(AND(ISNUMBER(C5),ISNUMBER(F5)), C5-F5, "") -> 0 | H5: =IFERROR(G5/F5, "") | I5: =SUM(Oct!I5,Nov!I5,Dec!J5) -> 0 | J5: =SUM(Oct!J5, Nov!J5, Dec!J5) -> 0 | K5: =IFERROR(J5/I5, "")
A6: CA: Clovis - Citi | B6: CA | C6: =SUM(Oct!C6, Nov!C6, Dec!C6) -> 0 | D6: =SUM(Oct!D6,Nov!D6,Dec!D6) -> 0 | E6: =C6/D6 -> #DIV/0! | F6: =SUM(Oct!F6, Nov!F6, Dec!F6) -> 0 | G6: =IF(AND(ISNUMBER(C6),ISNUMBER(F6)), C6-F6, "") -> 0 | H6: =IFERROR(G6/F6, "") | I6: =SUM(Oct!I6,Nov!I6,Dec!J6) -> 0 | J6: =SUM(Oct!J6, Nov!J6, Dec!J6) -> 0 | K6: =IFERROR(J6/I6, "")
A7: CA: Elk Grove MOB - Citi | B7: CA | C7: =SUM(Oct!C7, Nov!C7, Dec!C7) -> 0 | E7: =C7/D7 -> #DIV/0! | F7: =SUM(Oct!F7, Nov!F7, Dec!F7) -> 0 | G7: =IF(AND(ISNUMBER(C7),ISNUMBER(F7)), C7-F7, "") -> 0 | H7: =IFERROR(G7/F7, "") | I7: =SUM(Oct!I7,Nov!I7,Dec!J7) -> 0 | J7: =SUM(Oct!J7, Nov!J7, Dec!J7) -> 0 | K7: =IFERROR(J7/I7, "")
A8: CA: Elk Grove Promenade - Citi | B8: CA | C8: =SUM(Oct!C8, Nov!C8, Dec!C8) -> 0 | D8: =SUM(Oct!D8,Nov!D8,Dec!D8) -> 0 | E8: =C8/D8 -> #DIV/0! | F8: =SUM(Oct!F8, Nov!F8, Dec!F8) -> 0 | G8: =IF(AND(ISNUMBER(C8),ISNUMBER(F8)), C8-F8, "") -> 0 | H8: =IFERROR(G8/F8, "") | I8: =SUM(Oct!I8,Nov!I8,Dec!J8) -> 0 | J8: =SUM(Oct!J8, Nov!J8, Dec!J8) -> 0 | K8: =IFERROR(J8/I8, "")
A9: CA: Fresno Sequioa - Citi | B9: CA | C9: =SUM(Oct!C9, Nov!C9, Dec!C9) -> 0 | E9: =C9/D9 -> #DIV/0! | F9: =SUM(Oct!F9, Nov!F9, Dec!F9) -> 0 | G9: =IF(AND(ISNUMBER(C9),ISNUMBER(F9)), C9-F9, "") -> 0 | H9: =IFERROR(G9/F9, "") | I9: =SUM(Oct!I9,Nov!I9,Dec!J9) -> 0 | J9: =SUM(Oct!J9, Nov!J9, Dec!J9) -> 0 | K9: =IFERROR(J9/I9, "")
A10: CA: Fresno MOB - Citi | B10: CA | C10: =SUM(Oct!C10, Nov!C10, Dec!C10) -> 0 | D10: =SUM(Oct!D10,Nov!D10,Dec!D10) -> 0 | E10: =C10/D10 -> #DIV/0! | F10: =SUM(Oct!F10, Nov!F10, Dec!F10) -> 0 | G10: =IF(AND(ISNUMBER(C10),ISNUMBER(F10)), C10-F10, "") -> 0 | H10: =IFERROR(G10/F10, "") | I10: =SUM(Oct!I10,Nov!I10,Dec!J10) -> 0 | J10: =SUM(Oct!J10, Nov!J10, Dec!J10) -> 0 | K10: =IFERROR(J10/I10, "")
A11: CA: Modesto Bangs - Citi | B11: CA | C11: =SUM(Oct!C11, Nov!C11, Dec!C11) -> 0 | E11: =C11/D11 -> #DIV/0! | F11: =SUM(Oct!F11, Nov!F11, Dec!F11) -> 0 | G11: =IF(AND(ISNUMBER(C11),ISNUMBER(F11)), C11-F11, "") -> 0 | H11: =IFERROR(G11/F11, "") | I11: =SUM(Oct!I11,Nov!I11,Dec!J11) -> 0 | J11: =SUM(Oct!J11, Nov!J11, Dec!J11) -> 0 | K11: =IFERROR(J11/I11, "")
A12: CA: Napa Data Center - Citi | B12: CA | C12: =SUM(Oct!C12, Nov!C12, Dec!C12) -> 0 | D12: =SUM(Oct!D12,Nov!D12,Dec!D12) -> 0 | E12: =C12/D12 -> #DIV/0! | F12: =SUM(Oct!F12, Nov!F12, Dec!F12) -> 0 | G12: =IF(AND(ISNUMBER(C12),ISNUMBER(F12)), C12-F12, "") -> 0 | H12: =IFERROR(G12/F12, "") | I12: =SUM(Oct!I12,Nov!I12,Dec!J12) -> 0 | J12: =SUM(Oct!J12, Nov!J12, Dec!J12) -> 0 | K12: =IFERROR(J12/I12, "")
A13: CA: Petaluma MOB - Citi | B13: CA | C13: =SUM(Oct!C13, Nov!C13, Dec!C13) -> 0 | E13: =C13/D13 -> #DIV/0! | F13: =SUM(Oct!F13, Nov!F13, Dec!F13) -> 0 | G13: =IF(AND(ISNUMBER(C13),ISNUMBER(F13)), C13-F13, "") -> 0 | H13: =IFERROR(G13/F13, "") | I13: =SUM(Oct!I13,Nov!I13,Dec!J13) -> 0 | J13: =SUM(Oct!J13, Nov!J13, Dec!J13) -> 0 | K13: =IFERROR(J13/I13, "")
A14: CA: Pleasanton Tec Ctr - Citi | B14: CA | C14: =SUM(Oct!C14, Nov!C14, Dec!C14) -> 0 | D14: =SUM(Oct!D14,Nov!D14,Dec!D14) -> 0 | E14: =C14/D14 -> #DIV/0! | F14: =SUM(Oct!F14, Nov!F14, Dec!F14) -> 0 | G14: =IF(AND(ISNUMBER(C14),ISNUMBER(F14)), C14-F14, "") -> 0 | H14: =IFERROR(G14/F14, "") | I14: =SUM(Oct!I14,Nov!I14,Dec!J14) -> 0 | J14: =SUM(Oct!J14, Nov!J14, Dec!J14) -> 0 | K14: =IFERROR(J14/I14, "")
A15: CA: Rancho Cordova - Citi | B15: CA | C15: =SUM(Oct!C15, Nov!C15, Dec!C15) -> 0 | E15: =C15/D15 -> #DIV/0! | F15: =SUM(Oct!F15, Nov!F15, Dec!F15) -> 0 | G15: =IF(AND(ISNUMBER(C15),ISNUMBER(F15)), C15-F15, "") -> 0 | H15: =IFERROR(G15/F15, "") | I15: =SUM(Oct!I15,Nov!I15,Dec!J15) -> 0 | J15: =SUM(Oct!J15, Nov!J15, Dec!J15) -> 0 | K15: =IFERROR(J15/I15, "")
A16: CA: S Sacramento Wyndham - Citi | B16: CA | C16: =SUM(Oct!C16, Nov!C16, Dec!C16) -> 0 | D16: =SUM(Oct!D16,Nov!D16,Dec!D16) -> 0 | E16: =C16/D16 -> #DIV/0! | F16: =SUM(Oct!F16, Nov!F16, Dec!F16) -> 0 | G16: =IF(AND(ISNUMBER(C16),ISNUMBER(F16)), C16-F16, "") -> 0 | H16: =IFERROR(G16/F16, "") | I16: =SUM(Oct!I16,Nov!I16,Dec!J16) -> 0 | J16: =SUM(Oct!J16, Nov!J16, Dec!J16) -> 0 | K16: =IFERROR(J16/I16, "")
A17: CA: Sacramento Point West - Citi | B17: CA | C17: =SUM(Oct!C17, Nov!C17, Dec!C17) -> 0 | E17: =C17/D17 -> #DIV/0! | F17: =SUM(Oct!F17, Nov!F17, Dec!F17) -> 0 | G17: =IF(AND(ISNUMBER(C17),ISNUMBER(F17)), C17-F17, "") -> 0 | H17: =IFERROR(G17/F17, "") | I17: =SUM(Oct!I17,Nov!I17,Dec!J17) -> 0 | J17: =SUM(Oct!J17, Nov!J17, Dec!J17) -> 0 | K17: =IFERROR(J17/I17, "")
A18: CA: San Jose FHC - Citi | B18: CA | C18: =SUM(Oct!C18, Nov!C18, Dec!C18) -> 0 | D18: =SUM(Oct!D18,Nov!D18,Dec!D18) -> 0 | E18: =C18/D18 -> #DIV/0! | F18: =SUM(Oct!F18, Nov!F18, Dec!F18) -> 0 | G18: =IF(AND(ISNUMBER(C18),ISNUMBER(F18)), C18-F18, "") -> 0 | H18: =IFERROR(G18/F18, "") | I18: =SUM(Oct!I18,Nov!I18,Dec!J18) -> 0 | J18: =SUM(Oct!J18, Nov!J18, Dec!J18) -> 0 | K18: =IFERROR(J18/I18, "")
A19: CA: San Jose MOB - Citi | B19: CA | C19: =SUM(Oct!C19, Nov!C19, Dec!C19) -> 0 | E19: =C19/D19 -> #DIV/0! | F19: =SUM(Oct!F19, Nov!F19, Dec!F19) -> 0 | G19: =IF(AND(ISNUMBER(C19),ISNUMBER(F19)), C19-F19, "") -> 0 | H19: =IFERROR(G19/F19, "") | I19: =SUM(Oct!I19,Nov!I19,Dec!J19) -> 0 | J19: =SUM(Oct!J19, Nov!J19, Dec!J19) -> 0 | K19: =IFERROR(J19/I19, "")
A20: CA: Selma - Citi | B20: CA | C20: =SUM(Oct!C20, Nov!C20, Dec!C20) -> 0 | D20: =SUM(Oct!D20,Nov!D20,Dec!D20) -> 0 | E20: =C20/D20 -> #DIV/0! | F20: =SUM(Oct!F20, Nov!F20, Dec!F20) -> 0 | G20: =SUM(Oct!G20, Nov!G20, Dec!G20) -> 0 | H20: =IFERROR(G20/F20, "") | I20: =SUM(Oct!I20,Nov!I20,Dec!J20) -> 0 | J20: =SUM(Oct!J20, Nov!J20, Dec!J20) -> 0 | K20: =IFERROR(J20/I20, "")
A21: CA: Vacaville Hospital | B21: CA | C21: =SUM(Oct!C21, Nov!C21, Dec!C21) -> 0 | E21: =C21/D21 -> #DIV/0! | F21: =SUM(Oct!F21, Nov!F21, Dec!F21) -> 0 | G21: =SUM(Oct!G21, Nov!G21, Dec!G21) -> 0 | H21: =IFERROR(G21/F21, "") | I21: =SUM(Oct!I21,Nov!I21,Dec!J21) -> 0 | J21: =SUM(Oct!J21, Nov!J21, Dec!J21) -> 0 | K21: =IFERROR(J21/I21, "")
A22: CA: Manteca - KP Manteca Hospital | B22: CA | C22: =SUM(Oct!C22, Nov!C22, Dec!C22) -> 0 | D22: =SUM(Oct!D22,Nov!D22,Dec!D22) -> 0 | E22: =C22/D22 -> #DIV/0! | F22: =SUM(Oct!F22, Nov!F22, Dec!F22) -> 0 | G22: =SUM(Oct!G22, Nov!G22, Dec!G22) -> 0 | H22: =IFERROR(G22/F22, "") | I22: =SUM(Oct!I22,Nov!I22,Dec!J22) -> 0 | J22: =SUM(Oct!J22, Nov!J22, Dec!J22) -> 0 | K22: =IFERROR(J22/I22, "")
A23: Sacramento - KP South Sacramento HSP | B23: CA

Sheet Jan
A1: {=portfolio} -> CITI | D1: PPA Modeled Output | E1: Production VS Acual | F1: January Actual v. Expected | I1: January Actual v. Forecasted
A2: Total | C2: =SUM(C4:C99) -> 1141760.9 | D2: =SUM(D4:D22) -> 909254.01 | E2: =C2/D2 -> 1.2557117 | F2: =SUM(F4:F99) -> 911851.35 | G2: =C2-F2 -> 229909.53 | H2: =IFERROR(G2/F2, 0) -> 0.25213488 | I2: =SUM(I4:I99) -> 1228093.9 | J2: =C2-I2 -> -86333.056 | K2: =IFERROR(J2/I2, 0) -> -0.070298414 | L2: =IF(AND(TODAY()>DATE(2024, 1, 1), COUNTA(Sites[Site])<>(COUNT(C:C)-1)), "Some sites are missing actual data; if new sites were added, make sure they are aligned correctly (including prior months!)", "") -> Some sites are missing actual data; if new sites were added, make sure they are aligned correctly (including prior months!)
A3: Site | B3: State | C3: Actual | F3: Expected | G3: Delta | H3: % | I3: Forecasted | J3: Delta | K3: % | L3: Notes | M3: Service Requests
A4: {=Sites[Site]} -> CA: Antioch Deer Valley - Citi | B4: {=Sites[State]} -> CA | C4: 35199.75 | D4: 26934.83 | E4: =C4/D4 -> 1.3068488 | F4: 26668 | G4: =IF(AND(ISNUMBER(C4),ISNUMBER(F4)), C4-F4, "") -> 8531.75 | H4: =IFERROR(G4/F4, "") -> 0.31992463 | I4: 36723.827 | J4: =IF(AND(ISNUMBER(C4),ISNUMBER(I4)), C4-I4, "") -> -1524.077 | K4: =IFERROR(J4/I4, "") -> -0.04150104
A5: CA: Antioch MC CUP - Citi | B5: CA | C5: 107451 | D5: 88103.5 | E5: =C5/D5 -> 1.2195997 | F5: 87223 | G5: =IF(AND(ISNUMBER(C5),ISNUMBER(F5)), C5-F5, "") -> 20228 | H5: =IFERROR(G5/F5, "") -> 0.23191131 | I5: 116935 | J5: =IF(AND(ISNUMBER(C5),ISNUMBER(I5)), C5-I5, "") -> -9483.996 | K5: =IFERROR(J5/I5, "") -> -0.081104856
A6: CA: Clovis - Citi | B6: CA | C6: 47404.25 | D6: 30338 | E6: =C6/D6 -> 1.5625371 | F6: 29290 | G6: =IF(AND(ISNUMBER(C6),ISNUMBER(F6)), C6-F6, "") -> 18114.25 | H6: =IFERROR(G6/F6, "") -> 0.61844486 | I6: 48625.771 | J6: =IF(AND(ISNUMBER(C6),ISNUMBER(I6)), C6-I6, "") -> -1221.521 | K6: =IFERROR(J6/I6, "") -> -0.025120856 | L6: 1.Inverter 1 tripped offline at 19:45 on 01/27 due to an arc protection fault and remained offline for through out the month. | M6: 1.SR096073
A7: CA: Elk Grove MOB - Citi | B7: CA | C7: 70088 | D7: 55258.5 | E7: =C7/D7 -> 1.268366 | F7: 54711 | G7: =IF(AND(ISNUMBER(C7),ISNUMBER(F7)), C7-F7, "") -> 15377 | H7: =IFERROR(G7/F7, "") -> 0.28105865 | I7: 76608 | J7: =IF(AND(ISNUMBER(C7),ISNUMBER(I7)), C7-I7, "") -> -6520 | K7: =IFERROR(J7/I7, "") -> -0.085108605
A8: CA: Elk Grove Promenade - Citi | B8: CA | C8: 39878 | D8: 30505 | E8: =C8/D8 -> 1.3072611 | F8: 30232.711 | G8: =IF(AND(ISNUMBER(C8),ISNUMBER(F8)), C8-F8, "") -> 9645.289 | H8: =IFERROR(G8/F8, "") -> 0.31903487 | I8: 44081.56 | J8: =IF(AND(ISNUMBER(C8),ISNUMBER(I8)), C8-I8, "") -> -4203.56 | K8: =IFERROR(J8/I8, "") -> -0.095358694
A9: CA: Fresno Sequioa - Citi | B9: CA | C9: 72064.5 | D9: 54436.21 | E9: =C9/D9 -> 1.3238339 | F9: 53908 | G9: =IF(AND(ISNUMBER(C9),ISNUMBER(F9)), C9-F9, "") -> 18156.5 | H9: =IFERROR(G9/F9, "") -> 0.3368053 | I9: 83519.138 | J9: =IF(AND(ISNUMBER(C9),ISNUMBER(I9)), C9-I9, "") -> -11454.638 | K9: =IFERROR(J9/I9, "") -> -0.13714986 | L9: 1.Inverter 2 tripped offline at 18:35 on 12/31/24 due to an arc protection fault. The technician cleared the fault and re-energized the inverter, bringing it back online at 12:10 on 01/03/25. Inverter 2 again tripped offline at 18:45 on 01/07/25 and was being RMA'D. | M9: 1.SR095212,SR095408 | N9: SR095408
A10: CA: Fresno MOB - Citi | B10: CA | C10: 30119.5 | D10: 21917.91 | E10: =C10/D10 -> 1.3741958 | F10: 21759 | G10: =IF(AND(ISNUMBER(C10),ISNUMBER(F10)), C10-F10, "") -> 8360.5 | H10: =IFERROR(G10/F10, "") -> 0.38423181 | I10: 33751.72 | J10: =IF(AND(ISNUMBER(C10),ISNUMBER(I10)), C10-I10, "") -> -3632.22 | K10: =IFERROR(J10/I10, "") -> -0.10761585 | L10: 1.Inverter 5's arc board is being RMA'd to prevent recurring trips. On 01/22, the technician installed the arc board, and then Inverter 5 is producing usually. | M10: 1.SR095363
A11: CA: Modesto Bangs - Citi | B11: CA | C11: 18323.25 | D11: 12108.41 | E11: =C11/D11 -> 1.5132664 | F11: 12105 | G11: =IF(AND(ISNUMBER(C11),ISNUMBER(F11)), C11-F11, "") -> 6218.25 | H11: =IFERROR(G11/F11, "") -> 0.51369269 | I11: 18407 | J11: =IF(AND(ISNUMBER(C11),ISNUMBER(I11)), C11-I11, "") -> -83.75 | K11: =IFERROR(J11/I11, "") -> -0.0045498995
A12: CA: Napa Data Center - Citi | B12: CA | C12: 18167.75 | D12: 18607.37 | E12: =C12/D12 -> 0.97637388 | F12: 18005 | G12: =IF(AND(ISNUMBER(C12),ISNUMBER(F12)), C12-F12, "") -> 162.75 | H12: =IFERROR(G12/F12, "") -> 0.0090391558 | I12: 22393.513 | J12: =IF(AND(ISNUMBER(C12),ISNUMBER(I12)), C12-I12, "") -> -4225.763 | K12: =IFERROR(J12/I12, "") -> -0.18870478 | L12: 1.Inverters 1, 2, 3, 5 and 6 experienced multiple tripping events. On 01/29, the technician arrived and found all inverters producing. Six new strings were installed for inverters 2, 3, and 5 to prevent further insulation faults. | M12: 1.SR093544,SR094968 | N12: SR094968
A13: CA: Petaluma MOB - Citi | B13: CA | C13: 42798.5 | D13: 45402.4 | E13: =C13/D13 -> 0.94264841 | F13: 43691 | G13: =IF(AND(ISNUMBER(C13),ISNUMBER(F13)), C13-F13, "") -> -892.5 | H13: =IFERROR(G13/F13, "") -> -0.020427548 | I13: 42214.46 | J13: =IF(AND(ISNUMBER(C13),ISNUMBER(I13)), C13-I13, "") -> 584.04 | K13: =IFERROR(J13/I13, "") -> 0.01383507 | L13: 1.When the technician was on site to troubleshot Inverter 2 for its previous trip event on 12/17/24, he identified that it was underperforming and initiated an RMA. Inverter 2 has been in RMA since 01/03/25. | M13: 1.SR094669,SR095487 | N13: SR095487
A14: CA: Pleasanton Tec Ctr - Citi | B14: CA | C14: 60053.5 | D14: 61177.84 | E14: =C14/D14 -> 0.98162178 | F14: 60279 | G14: =IF(AND(ISNUMBER(C14),ISNUMBER(F14)), C14-F14, "") -> -225.5 | H14: =IFERROR(G14/F14, "") -> -0.003740938 | I14: 72294.92 | J14: =IF(AND(ISNUMBER(C14),ISNUMBER(I14)), C14-I14, "") -> -12241.42 | K14: =IFERROR(J14/I14, "") -> -0.16932614 | L14: 1.Inverter 9 tripped offline at 10:10 AM on 01/16/25 and self-resolved, Invereter 9 was back online at 08:30 PM on the same day. | M14: 1.SR095637
A15: CA: Rancho Cordova - Citi | B15: CA | C15: 138722 | D15: 89789.61 | E15: =C15/D15 -> 1.5449672 | F15: 88802 | G15: =IF(AND(ISNUMBER(C15),ISNUMBER(F15)), C15-F15, "") -> 49920 | H15: =IFERROR(G15/F15, "") -> 0.5621495 | I15: 146135.83 | J15: =IF(AND(ISNUMBER(C15),ISNUMBER(I15)), C15-I15, "") -> -7413.825 | K15: =IFERROR(J15/I15, "") -> -0.050732426
A16: CA: S Sacramento Wyndham - Citi | B16: CA | C16: 61514 | D16: 47416.43 | E16: =C16/D16 -> 1.297314 | F16: 46851 | G16: =IF(AND(ISNUMBER(C16),ISNUMBER(F16)), C16-F16, "") -> 14663 | H16: =IFERROR(G16/F16, "") -> 0.31297091 | I16: 56726.753 | J16: =IF(AND(ISNUMBER(C16),ISNUMBER(I16)), C16-I16, "") -> 4787.247 | K16: =IFERROR(J16/I16, "") -> 0.084391345
A17: CA: Sacramento Point West - Citi | B17: CA | C17: 116857 | D17: 90698.8 | E17: =C17/D17 -> 1.2884073 | F17: 90230 | G17: =IF(AND(ISNUMBER(C17),ISNUMBER(F17)), C17-F17, "") -> 26627 | H17: =IFERROR(G17/F17, "") -> 0.29510141 | I17: 132201.53 | J17: =IF(AND(ISNUMBER(C17),ISNUMBER(I17)), C17-I17, "") -> -15344.526 | K17: =IFERROR(J17/I17, "") -> -0.1160692
A18: CA: San Jose FHC - Citi | B18: CA | C18: 20174.5 | D18: 22811.79 | E18: =C18/D18 -> 0.88438917 | F18: 23381 | G18: =IF(AND(ISNUMBER(C18),ISNUMBER(F18)), C18-F18, "") -> -3206.5 | H18: =IFERROR(G18/F18, "") -> -0.13714127 | I18: 25499.26 | J18: =IF(AND(ISNUMBER(C18),ISNUMBER(I18)), C18-I18, "") -> -5324.76 | K18: =IFERROR(J18/I18, "") -> -0.20882018 | L18: 1.Meter current phase B is 10 amps lower than A and C and further troubleshooting will be needed. | M18: 1.SR092732 , SR094546 | N18: SR094546
A19: CA: San Jose MOB - Citi | B19: CA | C19: 30984.25 | D19: 37719.66 | E19: =C19/D19 -> 0.82143503 | F19: 38042 | G19: =IF(AND(ISNUMBER(C19),ISNUMBER(F19)), C19-F19, "") -> -7057.75 | H19: =IFERROR(G19/F19, "") -> -0.18552521 | I19: 41140.37 | J19: =IF(AND(ISNUMBER(C19),ISNUMBER(I19)), C19-I19, "") -> -10156.12 | K19: =IFERROR(J19/I19, "") -> -0.24686506 | L19: 1.Inverter 1 has a history of multiple tripings and technician set the inverter to isolation mode and reenergized it. Then inverter 1 started producing as expected from 01/02. | M19: 1.SR093725
A20: CA: Selma - Citi | B20: CA | C20: 22758.75 | D20: 15404.17 | E20: =C20/D20 -> 1.4774408 | F20: 15194 | G20: =IF(AND(ISNUMBER(C20),ISNUMBER(F20)), C20-F20, "") -> 7564.75 | H20: =IFERROR(G20/F20, "") -> 0.49787745 | I20: 26945.834 | J20: =IF(AND(ISNUMBER(C20),ISNUMBER(I20)), C20-I20, "") -> -4187.084 | K20: =IFERROR(J20/I20, "") -> -0.15538892
A21: CA: Vacaville Hospital | B21: CA | C21: 158667 | D21: 130650.58 | E21: =C21/D21 -> 1.2144378 | F21: 130413 | G21: =IF(AND(ISNUMBER(C21),ISNUMBER(F21)), C21-F21, "") -> 28254 | H21: =IFERROR(G21/F21, "") -> 0.21665018 | I21: 151623.24 | J21: =IF(AND(ISNUMBER(C21),ISNUMBER(I21)), C21-I21, "") -> 7043.758 | K21: =IFERROR(J21/I21, "") -> 0.046455661
A22: CA: Manteca - KP Manteca Hospital | B22: CA | C22: 50535.38 | D22: 29973 | E22: =C22/D22 -> 1.6860301 | F22: 41066.637 | G22: =IF(AND(ISNUMBER(C22),ISNUMBER(F22)), C22-F22, "") -> 9468.743 | H22: =IFERROR(G22/F22, "") -> 0.23057021 | I22: 52266.221 | J22: =IF(AND(ISNUMBER(C22),ISNUMBER(I22)), C22-I22, "") -> -1730.841 | K22: =IFERROR(J22/I22, "") -> -0.033115863
A23: Sacramento - KP South Sacramento HSP | B23: CA

Sheet Feb
A1: {=portfolio} -> CITI | D1: PPA Modeled Output | E1: Production VS Acual | F1: February Actual v. Expected | I1: February Actual v. Forecasted
A2: Total | C2: =SUM(C4:C100) -> 1161890.9 | D2: =SUM(D4:D22) -> 1192644.3 | E2: =C2/D2 -> 0.97421406 | F2: =SUM(F4:F100) -> 1191822.5 | G2: =C2-F2 -> -29931.62 | H2: =IFERROR(G2/F2, 0) -> -0.025114159 | I2: =SUM(I4:I100) -> 1241928.5 | J2: =C2-I2 -> -80037.649 | K2: =IFERROR(J2/I2, 0) -> -0.06444626 | L2: =IF(AND(TODAY()>DATE(2024, 2, 1), COUNTA(Sites[Site])<>(COUNT(C:C)-1)), "Some sites are missing actual data; if new sites were added, make sure they are aligned correctly (including prior months!)", "") -> Some sites are missing actual data; if new sites were added, make sure they are aligned correctly (including prior months!)
A3: Site | B3: State | C3: Actual | F3: Expected | G3: Delta | H3: % | I3: Forecasted | J3: Delta | K3: % | L3: Notes | M3: Service Requests
A4: {=Sites[Site]} -> CA: Antioch Deer Valley - Citi | B4: {=Sites[State]} -> CA | C4: 32720 | D4: 33837.7 | E4: =C4/D4 -> 0.9669688 | F4: 33503 | G4: =IF(AND(ISNUMBER(C4),ISNUMBER(F4)), C4-F4, "") -> -783 | H4: =IFERROR(G4/F4, "") -> -0.023371041 | I4: 33108.406 | J4: =IF(AND(ISNUMBER(C4),ISNUMBER(I4)), C4-I4, "") -> -388.406 | K4: =IFERROR(J4/I4, "") -> -0.011731341 | L4: 1.The site offline on 02/26 at 12:45. On 02/28, a technician checked in and reported a blown fuse and reenergized the site. | M4: 1.SR097891
A5: CA: Antioch MC CUP - Citi | B5: CA | C5: 117003 | D5: 111655.8 | E5: =C5/D5 -> 1.04789 | F5: 110541 | G5: =IF(AND(ISNUMBER(C5),ISNUMBER(F5)), C5-F5, "") -> 6462 | H5: =IFERROR(G5/F5, "") -> 0.058457948 | I5: 121440.24 | J5: =IF(AND(ISNUMBER(C5),ISNUMBER(I5)), C5-I5, "") -> -4437.242 | K5: =IFERROR(J5/I5, "") -> -0.036538481
A6: CA: Clovis - Citi | B6: CA | C6: 49039.75 | D6: 46787.5 | E6: =C6/D6 -> 1.0481379 | F6: 45172 | G6: =IF(AND(ISNUMBER(C6),ISNUMBER(F6)), C6-F6, "") -> 3867.75 | H6: =IFERROR(G6/F6, "") -> 0.085622731 | I6: 45847.381 | J6: =IF(AND(ISNUMBER(C6),ISNUMBER(I6)), C6-I6, "") -> 3192.369 | K6: =IFERROR(J6/I6, "") -> 0.069630346 | L6: 1. Inverter 1 tripped offline at 16:45 from 01/27 due to arc protection fault and back online at 09:30 on 02/05. | M6: 1.SR096073
A7: CA: Elk Grove MOB - Citi | B7: CA | C7: 73432 | D7: 74269 | E7: =C7/D7 -> 0.98873016 | F7: 73534 | G7: =IF(AND(ISNUMBER(C7),ISNUMBER(F7)), C7-F7, "") -> -102 | H7: =IFERROR(G7/F7, "") -> -0.0013871134 | I7: 77096.73 | J7: =IF(AND(ISNUMBER(C7),ISNUMBER(I7)), C7-I7, "") -> -3664.73 | K7: =IFERROR(J7/I7, "") -> -0.047534182
A8: CA: Elk Grove Promenade - Citi | B8: CA | C8: 39950 | D8: 40582 | E8: =C8/D8 -> 0.98442659 | F8: 40180.25 | G8: =IF(AND(ISNUMBER(C8),ISNUMBER(F8)), C8-F8, "") -> -230.25 | H8: =IFERROR(G8/F8, "") -> -0.0057304273 | I8: 43579.704 | J8: =IF(AND(ISNUMBER(C8),ISNUMBER(I8)), C8-I8, "") -> -3629.704 | K8: =IFERROR(J8/I8, "") -> -0.083288863
A9: CA: Fresno Sequioa - Citi | B9: CA | C9: 78020.5 | D9: 83831.7 | E9: =C9/D9 -> 0.93068016 | F9: 83019 | G9: =IF(AND(ISNUMBER(C9),ISNUMBER(F9)), C9-F9, "") -> -4998.5 | H9: =IFERROR(G9/F9, "") -> -0.060209109 | I9: 87819.042 | J9: =IF(AND(ISNUMBER(C9),ISNUMBER(I9)), C9-I9, "") -> -9798.542 | K9: =IFERROR(J9/I9, "") -> -0.11157651 | L9: 1. Inverter 2 tripped offline at 18:45 on 01/07 due to an arc protection fault and was RMA'd on 02/17. | M9: 1.SR095408
A10: CA: Fresno MOB - Citi | B10: CA | C10: 29859.88 | D10: 33738.1 | E10: =C10/D10 -> 0.88504925 | F10: 33456 | G10: =IF(AND(ISNUMBER(C10),ISNUMBER(F10)), C10-F10, "") -> -3596.12 | H10: =IFERROR(G10/F10, "") -> -0.10748804 | I10: 29656.131 | J10: =IF(AND(ISNUMBER(C10),ISNUMBER(I10)), C10-I10, "") -> 203.749 | K10: =IFERROR(J10/I10, "") -> 0.0068703837 | L10: 1. Inverter 7 tripped offline at 19:35 on 02/14 due to an isolation fault and is now under RMA'd. | M10: 1. SR097152
A11: CA: Modesto Bangs - Citi | B11: CA | C11: 19801.5 | D11: 20447.6 | E11: =C11/D11 -> 0.96840216 | F11: 20348 | G11: =IF(AND(ISNUMBER(C11),ISNUMBER(F11)), C11-F11, "") -> -546.5 | H11: =IFERROR(G11/F11, "") -> -0.026857676 | I11: 20554.278 | J11: =IF(AND(ISNUMBER(C11),ISNUMBER(I11)), C11-I11, "") -> -752.778 | K11: =IFERROR(J11/I11, "") -> -0.036623909
A12: CA: Napa Data Center - Citi | B12: CA | C12: 20347.88 | D12: 22694.3 | E12: =C12/D12 -> 0.89660752 | F12: 21965 | G12: =IF(AND(ISNUMBER(C12),ISNUMBER(F12)), C12-F12, "") -> -1617.12 | H12: =IFERROR(G12/F12, "") -> -0.073622581 | I12: 23987.7 | J12: =IF(AND(ISNUMBER(C12),ISNUMBER(I12)), C12-I12, "") -> -3639.82 | K12: =IFERROR(J12/I12, "") -> -0.15173693 | L12: 1. Inverter 1 tripped offline at 07:00 AM on 02/01 and back online at 16:55 on 02/02. It tripped offline again at 07:00 AM on 02/13 and back online at 12:40 on 02/14 due to an isolation fault. 2. Inverter 5 tripped offline at 07:00AM on 02/25 and back online at 16:55 on 02/25. | M12: 1. SR096910 2. SR097715 | N12: SR097715
A13: CA: Petaluma MOB - Citi | B13: CA | C13: 45669.5 | D13: 52699.23 | E13: =C13/D13 -> 0.86660659 | F13: 50713 | G13: =IF(AND(ISNUMBER(C13),ISNUMBER(F13)), C13-F13, "") -> -5043.5 | H13: =IFERROR(G13/F13, "") -> -0.099451817 | I13: 52104.259 | J13: =IF(AND(ISNUMBER(C13),ISNUMBER(I13)), C13-I13, "") -> -6434.759 | K13: =IFERROR(J13/I13, "") -> -0.12349775 | L13: 1. When the technician was on site to troubleshot Inverter 2 for its previous trip event on 12/17/24, he identified that it was underperforming and initiated an RMA. Inverter 2 has been in RMA since 01/03/25. Inverter produced normally on 2/26 technician swapped with new inverter. 2.Inverter 14 has experienced multiple tripping events since 02/09 and is reporting 'PV abnormal input.' On 02/19, the technician removed the jumper bus bar and switched the input mode to 'independent' as per Chint's request, and it resumed normal operation. 3.Inverter 13 has reoccurring late starts, reporting insulation resistance low. This inverter has a history. On 02/26 technician swapped with new inverter and produced normallly. | M13: 1. SR094669,SR095487 2. SR096553 3. SR92736 , SR095488 | N13: SR095487 | O13: SR096553 | P13: SR92736 | Q13: SR095488
A14: CA: Pleasanton Tec Ctr - Citi | B14: CA | C14: 64678 | D14: 71770 | E14: =C14/D14 -> 0.90118434 | F14: 70963 | G14: =IF(AND(ISNUMBER(C14),ISNUMBER(F14)), C14-F14, "") -> -6285 | H14: =IFERROR(G14/F14, "") -> -0.088567282 | I14: 73511.443 | J14: =IF(AND(ISNUMBER(C14),ISNUMBER(I14)), C14-I14, "") -> -8833.443 | K14: =IFERROR(J14/I14, "") -> -0.12016419
A15: CA: Rancho Cordova - Citi | B15: CA | C15: 123056 | D15: 116944 | E15: =C15/D15 -> 1.0522643 | F15: 115658 | G15: =IF(AND(ISNUMBER(C15),ISNUMBER(F15)), C15-F15, "") -> 7398 | H15: =IFERROR(G15/F15, "") -> 0.063964447 | I15: 126414.86 | J15: =IF(AND(ISNUMBER(C15),ISNUMBER(I15)), C15-I15, "") -> -3358.863 | K15: =IFERROR(J15/I15, "") -> -0.026570159
A16: CA: S Sacramento Wyndham - Citi | B16: CA | C16: 62431 | D16: 63883.2 | E16: =C16/D16 -> 0.97726789 | F16: 63122 | G16: =IF(AND(ISNUMBER(C16),ISNUMBER(F16)), C16-F16, "") -> -691 | H16: =IFERROR(G16/F16, "") -> -0.010947055 | I16: 61291.02 | J16: =IF(AND(ISNUMBER(C16),ISNUMBER(I16)), C16-I16, "") -> 1139.98 | K16: =IFERROR(J16/I16, "") -> 0.018599462
A17: CA: Sacramento Point West - Citi | B17: CA | C17: 117073 | D17: 122199 | E17: =C17/D17 -> 0.95805203 | F17: 121584 | G17: =IF(AND(ISNUMBER(C17),ISNUMBER(F17)), C17-F17, "") -> -4511 | H17: =IFERROR(G17/F17, "") -> -0.037101921 | I17: 131537.93 | J17: =IF(AND(ISNUMBER(C17),ISNUMBER(I17)), C17-I17, "") -> -14464.929 | K17: =IFERROR(J17/I17, "") -> -0.10996774 | L17: 1. Inverter 5.4 tripped offline at 10:30 AM on 02/22 due to ARC protection and water in the wire box, so a new wire box is needed for replacement to get back the inverter. | M17: 1. SR097653
A18: CA: San Jose FHC - Citi | B18: CA | C18: 21935.75 | D18: 25812.8 | E18: =C18/D18 -> 0.84980126 | F18: 26457 | G18: =IF(AND(ISNUMBER(C18),ISNUMBER(F18)), C18-F18, "") -> -4521.25 | H18: =IFERROR(G18/F18, "") -> -0.1708905 | I18: 26911.372 | J18: =IF(AND(ISNUMBER(C18),ISNUMBER(I18)), C18-I18, "") -> -4975.622 | K18: =IFERROR(J18/I18, "") -> -0.1848892 | L18: 1.Meter current phase B is 10 amps lower than A and C and further troubleshooting will be needed. 2. The site was offline from 12:05 to 13:35 on 02/28 due to the technician being on site to work on the solar system. | M18: 1. SR092732 , SR094546 2. SR094546 | N18: SR094546 | O18: SR094546
A19: CA: San Jose MOB - Citi | B19: CA | C19: 34046.5 | D19: 41783.9 | E19: =C19/D19 -> 0.81482341 | F19: 42140 | G19: =IF(AND(ISNUMBER(C19),ISNUMBER(F19)), C19-F19, "") -> -8093.5 | H19: =IFERROR(G19/F19, "") -> -0.19206217 | I19: 43555.535 | J19: =IF(AND(ISNUMBER(C19),ISNUMBER(I19)), C19-I19, "") -> -9509.035 | K19: =IFERROR(J19/I19, "") -> -0.21831978 | L19: 1. Inverter 10 has a multiple tripings from 02/27 and technician set the inverter to isolation mode and reenergized it. 2. Inverter 2 is derating by 6 kW, likely due to overheating, and is now under RMA'd. 3. Inverter 12 may have a string down (~3 kW), and inverter 8 may have several strings down (~13 kW). | M19: 1. SR097893 2. SR097777 3. SR097778 | N19: SR097777 | O19: SR097778
A20: CA: Selma - Citi | B20: CA | C20: 23596.12 | D20: 23766.7 | E20: =C20/D20 -> 0.99282273 | F20: 23523 | G20: =IF(AND(ISNUMBER(C20),ISNUMBER(F20)), C20-F20, "") -> 73.12 | H20: =IFERROR(G20/F20, "") -> 0.0031084471 | I20: 27065.457 | J20: =IF(AND(ISNUMBER(C20),ISNUMBER(I20)), C20-I20, "") -> -3469.337 | K20: =IFERROR(J20/I20, "") -> -0.1281832
A21: CA: Vacaville Hospital | B21: CA | C21: 157387 | D21: 157634.8 | E21: =C21/D21 -> 0.99842801 | F21: 157886 | G21: =IF(AND(ISNUMBER(C21),ISNUMBER(F21)), C21-F21, "") -> -499 | H21: =IFERROR(G21/F21, "") -> -0.0031605082 | I21: 160526.9 | J21: =IF(AND(ISNUMBER(C21),ISNUMBER(I21)), C21-I21, "") -> -3139.898 | K21: =IFERROR(J21/I21, "") -> -0.019559949
A22: CA: Manteca - KP Manteca Hospital | B22: CA | C22: 51843.5 | D22: 48307 | E22: =C22/D22 -> 1.0732089 | F22: 58058.25 | G22: =IF(AND(ISNUMBER(C22),ISNUMBER(F22)), C22-F22, "") -> -6214.75 | H22: =IFERROR(G22/F22, "") -> -0.10704336 | I22: 55920.139 | J22: =IF(AND(ISNUMBER(C22),ISNUMBER(I22)), C22-I22, "") -> -4076.639 | K22: =IFERROR(J22/I22, "") -> -0.072901088
A23: Sacramento - KP South Sacramento HSP | B23: CA | J23: =IF(AND(ISNUMBER(C23),ISNUMBER(I23)), C23-I23, "")

Sheet Mar
A1: {=portfolio} -> CITI | D1: PPA Modeled Output | E1: Production VS Acual | F1: Q1 Production Vs PPA | G1: March Actual v. Expected | J1: March Actual v. Forecasted
A2: Total | C2: =SUM(C4:C100) -> 1693756 | D2: =SUM(D4:D22) -> 1858969.8 | E2: =C2/D2 -> 0.91112615 | F2: =AVERAGE(F4:F22) -> 1.004967 | G2: =SUM(G4:G100) -> 1884050 | H2: =C2-G2 -> -190293.97 | I2: =IFERROR(H2/G2, 0) -> -0.10100261 | J2: =SUM(J4:J100) -> 1820418.9 | K2: =C2-J2 -> -126662.86 | L2: =IFERROR(K2/J2, 0) -> -0.069578966 | M2: =IF(AND(TODAY()>DATE(2024, 3, 1), COUNTA(Sites[Site])<>(COUNT(C:C)-1)), "Some sites are missing actual data; if new sites were added, make sure they are aligned correctly (including prior months!)", "") -> Some sites are missing actual data; if new sites were added, make sure they are aligned correctly (including prior months!)
A3: Site | B3: State | C3: Actual | G3: Expected | H3: Delta | I3: % | J3: Forecasted | K3: Delta | L3: % | M3: Notes | N3: Service Requests
A4: {=Sites[Site]} -> CA: Antioch Deer Valley - Citi | B4: {=Sites[State]} -> CA | C4: 46448 | D4: 54627.1 | E4: =C4/D4 -> 0.85027395 | F4: =(SUM(C4,Feb!C4,Jan!C4))/(SUM(Jan!D4,Feb!D4,Mar!D4)) -> 0.9910582 | G4: 54086 | H4: =IF(AND(ISNUMBER(C4),ISNUMBER(G4)), C4-G4, "") -> -7638 | I4: =IFERROR(H4/G4, "") -> -0.14121954 | J4: 47701.484 | K4: =IF(AND(ISNUMBER(C4),ISNUMBER(J4)), C4-J4, "") -> -1253.484 | L4: =K4/J4 -> -0.026277673 | M4: 1.Site was ofline from 03:45 pm on 02/26 to 11:50 am on 03/07. On 03/07 a technician has checked in site and they replaced the blown fuse and reenergized the site. | N4: 1.SR097891
A5: CA: Antioch MC CUP - Citi | B5: CA | C5: 183145 | D5: 182925 | E5: =C5/D5 -> 1.0012027 | F5: =(SUM(C5,Feb!C5,Jan!C5))/(SUM(Jan!D5,Feb!D5,Mar!D5)) -> 1.0651051 | G5: 181098 | H5: =IF(AND(ISNUMBER(C5),ISNUMBER(G5)), C5-G5, "") -> 2047 | I5: =IFERROR(H5/G5, "") -> 0.011303272 | J5: 188025.07 | K5: =IF(AND(ISNUMBER(C5),ISNUMBER(J5)), C5-J5, "") -> -4880.072 | L5: =K5/J5 -> -0.025954368
A6: CA: Clovis - Citi | B6: CA | C6: 72819.25 | D6: 75057 | E6: =C6/D6 -> 0.97018599 | F6: =(SUM(C6,Feb!C6,Jan!C6))/(SUM(Jan!D6,Feb!D6,Mar!D6)) -> 1.1122386 | G6: 72465 | H6: =IF(AND(ISNUMBER(C6),ISNUMBER(G6)), C6-G6, "") -> 354.25 | I6: =IFERROR(H6/G6, "") -> 0.0048885669 | J6: 37151.158 | K6: =IF(AND(ISNUMBER(C6),ISNUMBER(J6)), C6-J6, "") -> 35668.092 | L6: =K6/J6 -> 0.96008022 | M6: 1.Inverter 1 is being RMA'D from 02/25 due to its communication and tripping issues.On 03/19,technician swapped the powerhead on inverter 1 .Inverter 1 is back online after technician troubleshoot the inverter. Additionally, technician completed Preventative Maintenance Inspection for the day (PM8554). 2. The weather station has been reporting erroneous values. Its graph shows continuous fluctuations throughout the day, indicating inconsistent readings. 3. The forecasted energy values are too low for the site. | N6: 1.SR096008 2. SR099622 | O6: SR099622
A7: CA: Elk Grove MOB - Citi | B7: CA | C7: 110204 | D7: 116624 | E7: =C7/D7 -> 0.9449513 | F7: =(SUM(C7,Feb!C7,Jan!C7))/(SUM(Jan!D7,Feb!D7,Mar!D7)) -> 1.0307636 | G7: 115469 | H7: =IF(AND(ISNUMBER(C7),ISNUMBER(G7)), C7-G7, "") -> -5265 | I7: =IFERROR(H7/G7, "") -> -0.045596654 | J7: 116896.07 | K7: =IF(AND(ISNUMBER(C7),ISNUMBER(J7)), C7-J7, "") -> -6692.07 | L7: =K7/J7 -> -0.057248032
A8: CA: Elk Grove Promenade - Citi | B8: CA | C8: 58509 | D8: 62941.5 | E8: =C8/D8 -> 0.92957746 | F8: =(SUM(C8,Feb!C8,Jan!C8))/(SUM(Jan!D8,Feb!D8,Mar!D8)) -> 1.0321461 | G8: 62318.395 | H8: =IF(AND(ISNUMBER(C8),ISNUMBER(G8)), C8-G8, "") -> -3809.395 | I8: =IFERROR(H8/G8, "") -> -0.061127938 | J8: 63916.934 | K8: =IF(AND(ISNUMBER(C8),ISNUMBER(J8)), C8-J8, "") -> -5407.934 | L8: =K8/J8 -> -0.084608783 | M8: 1. Inverter 1.4 is underperforming by 3 kW and is in independent mode | N8: 1.SR099434
A9: CA: Fresno Sequioa - Citi | B9: CA | C9: 117808 | D9: 128865.3 | E9: =C9/D9 -> 0.9141949 | F9: =(SUM(C9,Feb!C9,Jan!C9))/(SUM(Jan!D9,Feb!D9,Mar!D9)) -> 1.0028442 | G9: 127615 | H9: =IF(AND(ISNUMBER(C9),ISNUMBER(G9)), C9-G9, "") -> -9807 | I9: =IFERROR(H9/G9, "") -> -0.076848333 | J9: 129295.12 | K9: =IF(AND(ISNUMBER(C9),ISNUMBER(J9)), C9-J9, "") -> -11487.12 | L9: =K9/J9 -> -0.088844188 | M9: 1.Inverter 2 was being RMA'D from 02/17 due to repeated Arc Protection Faults causing it to drop offline.On 03/28, a technician has replaced Inverter 2 and it is online and producing from 01:00 pm on 03/28. | N9: 1.SR095408
A10: CA: Fresno MOB - Citi | B10: CA | C10: 42226.75 | D10: 52131.7 | E10: =C10/D10 -> 0.8100014 | F10: =(SUM(C10,Feb!C10,Jan!C10))/(SUM(Jan!D10,Feb!D10,Mar!D10)) -> 0.94821692 | G10: 51826 | H10: =IF(AND(ISNUMBER(C10),ISNUMBER(G10)), C10-G10, "") -> -9599.25 | I10: =IFERROR(H10/G10, "") -> -0.18522074 | J10: 44931.825 | K10: =IF(AND(ISNUMBER(C10),ISNUMBER(J10)), C10-J10, "") -> -2705.075 | L10: =K10/J10 -> -0.060203987 | M10: 1.Inverter 7 is being RMA'D from 02/17.On 03/25 technicians checked into the site and mentioned that Inverter 7 required further troubleshooting, as it was only producing about 3 kW. An technician later returned to replace Inverter 7, which is back online at 12:25pm on 03/25 and inverter 7 is underperforming by 30 kW from 03/25. | N10: 1.SR097152, SR099432 | O10: SR099432
A11: CA: Modesto Bangs - Citi | B11: CA | C11: 30308 | D11: 30868.5 | E11: =C11/D11 -> 0.98184233 | F11: =(SUM(C11,Feb!C11,Jan!C11))/(SUM(Jan!D11,Feb!D11,Mar!D11)) -> 1.0789638 | G11: 30718 | H11: =IF(AND(ISNUMBER(C11),ISNUMBER(G11)), C11-G11, "") -> -410 | I11: =IFERROR(H11/G11, "") -> -0.013347223 | J11: 31137.784 | K11: =IF(AND(ISNUMBER(C11),ISNUMBER(J11)), C11-J11, "") -> -829.784 | L11: =K11/J11 -> -0.026648781
A12: CA: Napa Data Center - Citi | B12: CA | C12: 30516.25 | D12: 37238.8 | E12: =C12/D12 -> 0.81947458 | F12: =(SUM(C12,Feb!C12,Jan!C12))/(SUM(Jan!D12,Feb!D12,Mar!D12)) -> 0.87893388 | G12: 35935 | H12: =IF(AND(ISNUMBER(C12),ISNUMBER(G12)), C12-G12, "") -> -5418.75 | I12: =IFERROR(H12/G12, "") -> -0.1507931 | J12: 36103.572 | K12: =IF(AND(ISNUMBER(C12),ISNUMBER(J12)), C12-J12, "") -> -5587.322 | L12: =K12/J12 -> -0.15475815 | M12: 1.Inverter 5 has experienced multiple tripping events throughout the month due to an insulation fault. 2. Inverters 1 and 2 tripped offline at 07:00 AM on 03/17 due to 'Insulation Resistance Low' and later self-resolved at 14:55 on 03/17. | N12: 1. SR097715 2. SR098674 | O12: SR098674
A13: CA: Petaluma MOB - Citi | B13: CA | C13: 60351.5 | D13: 32798.6 | E13: =C13/D13 -> 1.8400633 | F13: =(SUM(C13,Feb!C13,Jan!C13))/(SUM(Jan!D13,Feb!D13,Mar!D13)) -> 1.1368926 | G13: 79678 | H13: =IF(AND(ISNUMBER(C13),ISNUMBER(G13)), C13-G13, "") -> -19326.5 | I13: =IFERROR(H13/G13, "") -> -0.24255754 | J13: 80404.171 | K13: =IF(AND(ISNUMBER(C13),ISNUMBER(J13)), C13-J13, "") -> -20052.671 | L13: =K13/J13 -> -0.24939839 | M13: 1. The phase B and C CTs of the meter have each been 40 amps lower than the phase A CT Since 03/21. There is a 5% variance between the meter and total inverter power. After the technician swapped the phase A and B CTs, it was confirmed to be a CT issue and need to be replace. Additionally, the meter has been reporting negative values since 03/27. | N13: 1.SR098872, SR099542 | O13: SR099542
A14: CA: Pleasanton Tec Ctr - Citi | B14: CA | C14: 105259 | D14: 119385.8 | E14: =C14/D14 -> 0.88167102 | F14: =(SUM(C14,Feb!C14,Jan!C14))/(SUM(Jan!D14,Feb!D14,Mar!D14)) -> 0.91145398 | G14: 118304 | H14: =IF(AND(ISNUMBER(C14),ISNUMBER(G14)), C14-G14, "") -> -13045 | I14: =IFERROR(H14/G14, "") -> -0.11026677 | J14: 117059.49 | K14: =IF(AND(ISNUMBER(C14),ISNUMBER(J14)), C14-J14, "") -> -11800.493 | L14: =K14/J14 -> -0.10080766 | M14: 1. Inverter 3 tripped offline at 18:20 on 03/31 and reporting Insulation Resistance Low. | N14: 1. SR099235
A15: CA: Rancho Cordova - Citi | B15: CA | C15: 166102 | D15: 171056 | E15: =C15/D15 -> 0.97103872 | F15: =(SUM(C15,Feb!C15,Jan!C15))/(SUM(Jan!D15,Feb!D15,Mar!D15)) -> 1.1325881 | G15: 169174 | H15: =IF(AND(ISNUMBER(C15),ISNUMBER(G15)), C15-G15, "") -> -3072 | I15: =IFERROR(H15/G15, "") -> -0.018158819 | J15: 173208.52 | K15: =IF(AND(ISNUMBER(C15),ISNUMBER(J15)), C15-J15, "") -> -7106.522 | L15: =K15/J15 -> -0.041028709 | M15: 1. Inverter 5-3 was derated to a maximum of 13.8 kW on 03/17 and later self-resolved on 03/19. | N15: 1. SR098684
A16: CA: S Sacramento Wyndham - Citi | B16: CA | C16: 88110 | D16: 100685.5 | E16: =C16/D16 -> 0.87510118 | F16: =(SUM(C16,Feb!C16,Jan!C16))/(SUM(Jan!D16,Feb!D16,Mar!D16)) -> 1.0003296 | G16: 99485 | H16: =IF(AND(ISNUMBER(C16),ISNUMBER(G16)), C16-G16, "") -> -11375 | I16: =IFERROR(H16/G16, "") -> -0.11433885 | J16: 95237.35 | K16: =IF(AND(ISNUMBER(C16),ISNUMBER(J16)), C16-J16, "") -> -7127.35 | L16: =K16/J16 -> -0.074837761
A17: CA: Sacramento Point West - Citi | B17: CA | C17: 171910 | D17: 191838.6 | E17: =C17/D17 -> 0.89611788 | F17: =(SUM(C17,Feb!C17,Jan!C17))/(SUM(Jan!D17,Feb!D17,Mar!D17)) -> 1.0027267 | G17: 190837 | H17: =IF(AND(ISNUMBER(C17),ISNUMBER(G17)), C17-G17, "") -> -18927 | I17: =IFERROR(H17/G17, "") -> -0.09917888 | J17: 190101.8 | K17: =IF(AND(ISNUMBER(C17),ISNUMBER(J17)), C17-J17, "") -> -18191.805 | L17: =K17/J17 -> -0.095695067 | M17: 1. Inverter 5.4 tripped offline at 10:30 AM on 02/22 due to ARC protection and water in the wire box, so a new wire box is needed for replacement to get back the inverter. 2. Inverter 1.3 is underperforming by about 10 kW compared to its peers due to a string being offline for an isolated module check. | N17: 1. SR097653 2. SR098986 | O17: SR098986
A18: CA: San Jose FHC - Citi | B18: CA | C18: 36845.25 | D18: 41967.8 | E18: =C18/D18 -> 0.87794095 | F18: =(SUM(C18,Feb!C18,Jan!C18))/(SUM(Jan!D18,Feb!D18,Mar!D18)) -> 0.87154672 | G18: 43014 | H18: =IF(AND(ISNUMBER(C18),ISNUMBER(G18)), C18-G18, "") -> -6168.75 | I18: =IFERROR(H18/G18, "") -> -0.14341261 | J18: 40463.992 | K18: =IF(AND(ISNUMBER(C18),ISNUMBER(J18)), C18-J18, "") -> -3618.742 | L18: =K18/J18 -> -0.089431166 | M18: 1 The meter's phase B CT is 25 amps lower than the phase A and C CTs. There is a 3% variance between the meter and total inverter power. After the technician arrived, it was confirmed that the meter's CTs need to be replaced. | N18: 1. SR098874, SR092732 | O18: SR092732
A19: CA: San Jose MOB - Citi | B19: CA | C19: 50848.5 | D19: 67199.5 | E19: =C19/D19 -> 0.75667974 | F19: =(SUM(C19,Feb!C19,Jan!C19))/(SUM(Jan!D19,Feb!D19,Mar!D19)) -> 0.7898898 | G19: 67773 | H19: =IF(AND(ISNUMBER(C19),ISNUMBER(G19)), C19-G19, "") -> -16924.5 | I19: =IFERROR(H19/G19, "") -> -0.24972334 | J19: 64993.209 | K19: =IF(AND(ISNUMBER(C19),ISNUMBER(J19)), C19-J19, "") -> -14144.709 | L19: =K19/J19 -> -0.21763365 | M19: 1. Inverter 10 experienced multiple trippings from 02/27. The technician set the inverter to isolation mode and re-energized it on 03/03. After the technician confirmed that the inverter settings were modified to temporarily improve conditions, it is now under RMA. 2. Inverter 2 is derating by 6 kW, likely due to overheating, and is now under RMA. Additionally, after the technician's arrival, the inverter has been offline at 12:25 PM on 03/18 and remains offline throughout the month. | N19: 1. SR097893 2. SR097777, SR099041 | O19: SR097777 | P19: SR099041
A20: CA: Selma - Citi | B20: CA | C20: 35938.63 | D20: 38028.7 | E20: =C20/D20 -> 0.94503967 | F20: =(SUM(C20,Feb!C20,Jan!C20))/(SUM(Jan!D20,Feb!D20,Mar!D20)) -> 1.0659839 | G20: 37645 | H20: =IF(AND(ISNUMBER(C20),ISNUMBER(G20)), C20-G20, "") -> -1706.37 | I20: =IFERROR(H20/G20, "") -> -0.045327932 | J20: 39397.5 | K20: =IF(AND(ISNUMBER(C20),ISNUMBER(J20)), C20-J20, "") -> -3458.87 | L20: =K20/J20 -> -0.087794149
A21: CA: Vacaville Hospital | B21: CA | C21: 203198.25 | D21: 264914.4 | E21: =C21/D21 -> 0.76703362 | F21: =(SUM(C21,Feb!C21,Jan!C21))/(SUM(Jan!D21,Feb!D21,Mar!D21)) -> 0.93863423 | G21: 263144 | H21: =IF(AND(ISNUMBER(C21),ISNUMBER(G21)), C21-G21, "") -> -59945.75 | I21: =IFERROR(H21/G21, "") -> -0.22780588 | J21: 240625.5 | K21: =IF(AND(ISNUMBER(C21),ISNUMBER(J21)), C21-J21, "") -> -37427.247 | L21: =K21/J21 -> -0.15554148 | M21: 1. Inverters 2 to 4, 7, 8 , 10, 12, 13, 15, 20, 25 and 33 had shading issue during 7:00AM to 11:00AM. | N21: 1. SR099626
A22: CA: Manteca - KP Manteca Hospital | B22: CA | C22: 83208.62 | D22: 89816 | E22: =C22/D22 -> 0.92643427 | F22: =(SUM(C22,Feb!C22,Jan!C22))/(SUM(Jan!D22,Feb!D22,Mar!D22)) -> 1.1040566 | G22: 83465.578 | H22: =IF(AND(ISNUMBER(C22),ISNUMBER(G22)), C22-G22, "") -> -256.958 | I22: =IFERROR(H22/G22, "") -> -0.0030786104 | J22: 83768.304 | K22: =IF(AND(ISNUMBER(C22),ISNUMBER(J22)), C22-J22, "") -> -559.684 | L22: =K22/J22 -> -0.0066813338
A23: Sacramento - KP South Sacramento HSP | B23: CA

Sheet Apr
A1: {=portfolio} -> CITI | D1: PPA Modeled Output | E1: Production VS Acual | F1: April Actual v. Expected | I1: April Actual v. Forecasted
A2: Total | C2: =SUM(C4:C100) -> 2367366.7 | D2: =SUM(D4:D22) -> 2349739.6 | E2: =C2/D2 -> 1.0075017 | F2: =SUM(F4:F100) -> 2318877.1 | G2: =C2-F2 -> 48489.618 | H2: =IFERROR(G2/F2, 0) -> 0.020910818 | I2: =SUM(I4:I100) -> 2530994.9 | J2: =C2-I2 -> -163628.16 | K2: =IFERROR(J2/I2, 0) -> -0.064649738 | L2: =IF(AND(TODAY()>DATE(2024, 4, 1), COUNTA(Sites[Site])<>(COUNT(C:C)-1)), "Some sites are missing actual data; if new sites were added, make sure they are aligned correctly (including prior months!)", "")
A3: Site | B3: State | C3: Actual | F3: Expected | G3: Delta | H3: % | I3: Forecasted | J3: Delta | K3: % | L3: Notes | M3: Service Requests
A4: {=Sites[Site]} -> CA: Antioch Deer Valley - Citi | B4: {=Sites[State]} -> CA | C4: 66912.5 | D4: 65019.85 | E4: =C4/D4 -> 1.0291088 | F4: 64376 | G4: =IF(AND(ISNUMBER(C4),ISNUMBER(F4)), C4-F4, "") -> 2536.5 | H4: =IFERROR(G4/F4, "") -> 0.03940133 | I4: 68707.091 | J4: =IF(AND(ISNUMBER(C4),ISNUMBER(I4)), C4-I4, "") -> -1794.591 | K4: =IFERROR(J4/I4, "") -> -0.026119444
A5: CA: Antioch MC CUP - Citi | B5: CA | C5: 221831 | D5: 220973.05 | E5: =C5/D5 -> 1.0038826 | F5: 218766 | G5: =IF(AND(ISNUMBER(C5),ISNUMBER(F5)), C5-F5, "") -> 3065 | H5: =IFERROR(G5/F5, "") -> 0.014010404 | I5: 225921.98 | J5: =IF(AND(ISNUMBER(C5),ISNUMBER(I5)), C5-I5, "") -> -4090.981 | K5: =IFERROR(J5/I5, "") -> -0.018107937
A6: CA: Clovis - Citi | B6: CA | C6: 89193.75 | D6: 97022.5 | E6: =C6/D6 -> 0.91930995 | F6: 93673 | G6: =IF(AND(ISNUMBER(C6),ISNUMBER(F6)), C6-F6, "") -> -4479.25 | H6: =IFERROR(G6/F6, "") -> -0.047817941 | I6: 16682.648 | J6: =IF(AND(ISNUMBER(C6),ISNUMBER(I6)), C6-I6, "") -> 72511.102 | K6: =IFERROR(J6/I6, "") -> 4.3464983 | L6: 1. Weather station showing erratic data with continuous fluctuations. On 04/29/25, tech checked DAS cabinet—24VDC present, connections good. Contacted AlsoEnergy; they confirmed data issues. Checked sensor terminal voltages and reported back. Sent emails with photos and readings. AlsoEnergy unable to ping sensors—recommended replacement. Tech contacting AlsoEnergy sales for irradiance and temp sensor quotes 2. Inverter 7 underperforming by ~4kW vs peers. On 04/29/25, tech found voltages and fuses OK. Called CPS—no site access. AlsoEnergy confirmed Inverter 7 producing ~2kW vs 8 & 9. Tech will follow up with CPS to check settings. 3. Forcasted values are too low compared to actual values it indicates there is an issue with forcasted values. | M6: 1. SR099622, SR099968 2. SR100881, SR099968
A7: CA: Elk Grove MOB - Citi | B7: CA | C7: 142227 | D7: 144992 | E7: =C7/D7 -> 0.98092998 | F7: 143557 | G7: =IF(AND(ISNUMBER(C7),ISNUMBER(F7)), C7-F7, "") -> -1330 | H7: =IFERROR(G7/F7, "") -> -0.0092646127 | I7: 151438.33 | J7: =IF(AND(ISNUMBER(C7),ISNUMBER(I7)), C7-I7, "") -> -9211.333 | K7: =IFERROR(J7/I7, "") -> -0.060825637
A8: CA: Elk Grove Promenade - Citi | B8: CA | C8: 74427.75 | D8: 77224 | E8: =C8/D8 -> 0.9637904 | F8: 76459.5 | G8: =IF(AND(ISNUMBER(C8),ISNUMBER(F8)), C8-F8, "") -> -2031.75 | H8: =IFERROR(G8/F8, "") -> -0.026572892 | I8: 79947.745 | J8: =IF(AND(ISNUMBER(C8),ISNUMBER(I8)), C8-I8, "") -> -5519.995 | K8: =IFERROR(J8/I8, "") -> -0.069045037 | L8: 1. Inverter 1.4 is underperforming by 3 kW and is in independent mode, possibly relates to MPPTs being unbalanced. | M8: 1. SR099434
A9: CA: Fresno Sequioa - Citi | B9: CA | C9: 150829 | D9: 162120.93 | E9: =C9/D9 -> 0.93034872 | F9: 160548 | G9: =IF(AND(ISNUMBER(C9),ISNUMBER(F9)), C9-F9, "") -> -9719 | H9: =IFERROR(G9/F9, "") -> -0.060536413 | I9: 159435.69 | J9: =IF(AND(ISNUMBER(C9),ISNUMBER(I9)), C9-I9, "") -> -8606.694 | K9: =IFERROR(J9/I9, "") -> -0.053982228
A10: CA: Fresno MOB - Citi | B10: CA | C10: 50968.75 | D10: 66110.13 | E10: =C10/D10 -> 0.77096732 | F10: 65850 | G10: =IF(AND(ISNUMBER(C10),ISNUMBER(F10)), C10-F10, "") -> -14881.25 | H10: =IFERROR(G10/F10, "") -> -0.22598709 | I10: 54041.677 | J10: =IF(AND(ISNUMBER(C10),ISNUMBER(I10)), C10-I10, "") -> -3072.927 | K10: =IFERROR(J10/I10, "") -> -0.05686217 | L10: 1.Inverter 7 is underperforming by 30 kW from 03/25. On 04/03/25, tech onsite to investigate canopy damage. One module visibly damaged; Inverter 7 underperforming by 30 kW but still online with no errors. Tech isolated string with bad module. Likely due to ongoing isolations—Ameresco to verify on return visit. | M10: 1. SR099369, SR097152 & SR099432
A11: CA: Modesto Bangs - Citi | B11: CA | C11: 37883.75 | D11: 45977.64 | E11: =C11/D11 -> 0.8239603 | F11: 45753 | G11: =IF(AND(ISNUMBER(C11),ISNUMBER(F11)), C11-F11, "") -> -7869.25 | H11: =IFERROR(G11/F11, "") -> -0.17199419 | I11: 7847.79 | J11: =IF(AND(ISNUMBER(C11),ISNUMBER(I11)), C11-I11, "") -> 30035.96 | K11: =IFERROR(J11/I11, "") -> 3.8273144 | L11: 1. Weather station has been reporting erroneous values since 04/07 at 13:45, with continuous fluctuations on the graph indicating inconsistent readings throughout the day. 2. Forcasted values are too low compared to actual values it indicates there is an issue with forcasted values. | M11: 1. SR099861
A12: CA: Napa Data Center - Citi | B12: CA | C12: 38486 | D12: 45541.33 | E12: =C12/D12 -> 0.84507853 | F12: 43705 | G12: =IF(AND(ISNUMBER(C12),ISNUMBER(F12)), C12-F12, "") -> -5219 | H12: =IFERROR(G12/F12, "") -> -0.11941425 | I12: 45408.781 | J12: =IF(AND(ISNUMBER(C12),ISNUMBER(I12)), C12-I12, "") -> -6922.781 | K12: =IFERROR(J12/I12, "") -> -0.15245468 | L12: 1.Inverter 4 was offline from 04/01 to 16:45 on 04/02 and started delayed for production at 15:15 on 04/27.This inverter has previously exhibited a pattern of delayed startups. | M12: 1.SR098674,SR097715
A13: CA: Petaluma MOB - Citi | B13: CA | C13: 15495.5 | D13: 105601.15 | E13: =C13/D13 -> 0.14673609 | F13: 101621 | G13: =IF(AND(ISNUMBER(C13),ISNUMBER(F13)), C13-F13, "") -> -86125.5 | H13: =IFERROR(G13/F13, "") -> -0.84751675 | I13: 42822.349 | J13: =IF(AND(ISNUMBER(C13),ISNUMBER(I13)), C13-I13, "") -> -27326.849 | K13: =IFERROR(J13/I13, "") -> -0.63814456 | L13: 1.Since 03/21, Phase B and C CTs have read 40A lower than Phase A, causing a 5% variance. The CT issue was confirmed after swapping, with replacement needed. The meter has reported negative values since 03/27. On 04/24, technicians found incorrect power factor values, affecting production readings. After swapping phases, the meter showed the correct value. 2.Inverters 5 and 14 are underperforming by 3 kW from 03/28 and are in independent mode 3.Weather station is currently reading inaccurately | M13: 1.SR098872,SR099542 2.SR099433 3.SR100933
A14: CA: Pleasanton Tec Ctr - Citi | B14: CA | C14: 114378 | D14: 145619.1 | E14: =C14/D14 -> 0.78546015 | F14: 144180 | G14: =IF(AND(ISNUMBER(C14),ISNUMBER(F14)), C14-F14, "") -> -29802 | H14: =IFERROR(G14/F14, "") -> -0.20669996 | I14: 141226.66 | J14: =IF(AND(ISNUMBER(C14),ISNUMBER(I14)), C14-I14, "") -> -26848.66 | K14: =IFERROR(J14/I14, "") -> -0.19011042 | L14: 1.Meter phase B CT is 170 amps lower than A and C phase CTs. There is a 7% variance, meter vs inv total power.Meter is being RMAD from 03/27 2.Inverters 1, 3, and 5 remained offline throughout the month. On 04/01, the technician indicated that further troubleshooting is required and the inverters will remain offline until necessary repairs are completed.Issue did not resolve | M14: 1.SR098873 2.SR099231,SR099235,SR099339
A15: CA: Rancho Cordova - Citi | B15: CA | C15: 206681 | D15: 200365.35 | E15: =C15/D15 -> 1.0315207 | F15: 199166 | G15: =IF(AND(ISNUMBER(C15),ISNUMBER(F15)), C15-F15, "") -> 7515 | H15: =IFERROR(G15/F15, "") -> 0.037732344 | I15: 215158.23 | J15: =IF(AND(ISNUMBER(C15),ISNUMBER(I15)), C15-I15, "") -> -8477.23 | K15: =IFERROR(J15/I15, "") -> -0.03939998 | L15: 1.Inverter 5-3 was derated to a maximum of 13.8 kW starting from 03/17. On 04/22, a technician inspected the site and found no abnormalities. The technician has contacted the inverter manufacturer for further assistance, as the issue persisted despite inverter troubleshooting. | M15: 1.SR098684,SR100658
A16: CA: S Sacramento Wyndham - Citi | B16: CA | C16: 113159 | D16: 125048.54 | E16: =C16/D16 -> 0.9049206 | F16: 121244 | G16: =IF(AND(ISNUMBER(C16),ISNUMBER(F16)), C16-F16, "") -> -8085 | H16: =IFERROR(G16/F16, "") -> -0.066683712 | I16: 122861.99 | J16: =IF(AND(ISNUMBER(C16),ISNUMBER(I16)), C16-I16, "") -> -9702.986 | K16: =IFERROR(J16/I16, "") -> -0.07897468
A17: CA: Sacramento Point West - Citi | B17: CA | C17: 226270 | D17: 239197.4 | E17: =C17/D17 -> 0.9459551 | F17: 237736 | G17: =IF(AND(ISNUMBER(C17),ISNUMBER(F17)), C17-F17, "") -> -11466 | H17: =IFERROR(G17/F17, "") -> -0.048229969 | I17: 250953.63 | J17: =IF(AND(ISNUMBER(C17),ISNUMBER(I17)), C17-I17, "") -> -24683.627 | K17: =IFERROR(J17/I17, "") -> -0.098359316 | L17: 1.Inverter 5.4 remained offline throughout the month due to arc protection faults and water ingress in the wire box. A new wire box is needed, and further troubleshooting is required 2.. Inverter 1.3 is underperforming by about 10 kW compared to its peers due to a string being offline | M17: 1.SR097653 2.SR098986
A18: CA: San Jose FHC - Citi | B18: CA | C18: 43419.25 | D18: 49237.46 | E18: =C18/D18 -> 0.88183367 | F18: 50465 | G18: =IF(AND(ISNUMBER(C18),ISNUMBER(F18)), C18-F18, "") -> -7045.75 | H18: =IFERROR(G18/F18, "") -> -0.13961657 | I18: 47240.384 | J18: =IF(AND(ISNUMBER(C18),ISNUMBER(I18)), C18-I18, "") -> -3821.134 | K18: =IFERROR(J18/I18, "") -> -0.080887022 | L18: 1.The meter's phase B CT is 25 amps lower than the phase A and C CTs. There is a 3% variance between the meter and total inverter power. On 04/03, After the technician arrived, it was confirmed that the meter's CTs need to be replaced. | M18: 1.SR098874
A19: CA: San Jose MOB - Citi | B19: CA | C19: 60746.75 | D19: 78443.78 | E19: =C19/D19 -> 0.77439856 | F19: 79113 | G19: =IF(AND(ISNUMBER(C19),ISNUMBER(F19)), C19-F19, "") -> -18366.25 | H19: =IFERROR(G19/F19, "") -> -0.23215211 | I19: 77333.965 | J19: =IF(AND(ISNUMBER(C19),ISNUMBER(I19)), C19-I19, "") -> -16587.215 | K19: =IFERROR(J19/I19, "") -> -0.2144881 | L19: 1.Inverter 2 and under RMA for its derating issue caused by overheating and remains offline throughout the month. 2. Inverter 1 is underperforming by 3 kW and is independent mode from 03/07 | M19: 1.SR099041 2.SR099435
A20: CA: Selma - Citi | B20: CA | C20: 43135.12 | D20: 49331.1 | E20: =C20/D20 -> 0.87440012 | F20: 48801 | G20: =IF(AND(ISNUMBER(C20),ISNUMBER(F20)), C20-F20, "") -> -5665.88 | H20: =IFERROR(G20/F20, "") -> -0.11610172 | I20: 48076.644 | J20: =IF(AND(ISNUMBER(C20),ISNUMBER(I20)), C20-I20, "") -> -4941.524 | K20: =IFERROR(J20/I20, "") -> -0.1027843 | L20: 1. Inverters 3 and 4 are experiencing shading from morning to midday, while Inverter 1 is experiencing shading from midday to evening. | M20: 1. SR101090
A21: CA: Vacaville Hospital | B21: CA | C21: 275899.5 | D21: 326133.33 | E21: =C21/D21 -> 0.84597149 | F21: 322891 | G21: =IF(AND(ISNUMBER(C21),ISNUMBER(F21)), C21-F21, "") -> -46991.5 | H21: =IFERROR(G21/F21, "") -> -0.14553363 | I21: 354931.49 | J21: =IF(AND(ISNUMBER(C21),ISNUMBER(I21)), C21-I21, "") -> -79031.993 | K21: =IFERROR(J21/I21, "") -> -0.2226683 | L21: 1.Meter 2 phase A current is about 65 amps lower than phase B and C currents. 18 % variance in total inv power and meter power 2. Inverters 2 to 4, 7, 8 , 10, 12, 13, 15, 20, 25 and 33 had shading issue during 7:00AM to 11:00AM. 3.Multiple inverters are reporting lower-than-expected production, possibly due to incorrect system drawings or the need for a firmware update | M21: 1.SR100428 2.SR099626 3.SR100428
A22: CA: Manteca - KP Manteca Hospital | B22: CA | C22: 99787.38 | D22: 105781 | E22: =C22/D22 -> 0.94333935 | F22: 100972.6 | G22: =IF(AND(ISNUMBER(C22),ISNUMBER(F22)), C22-F22, "") -> -1185.222 | H22: =IFERROR(G22/F22, "") -> -0.011738055 | I22: 95175.797 | J22: =IF(AND(ISNUMBER(C22),ISNUMBER(I22)), C22-I22, "") -> 4611.583 | K22: =IFERROR(J22/I22, "") -> 0.048453316 | L22: 1. Weather station is heavily shaded until around 10:00 each morning.Dispatch is scheduled on 05/08. | M22: 1.SR099704
A23: Sacramento - KP South Sacramento HSP | B23: CA | C23: 295635.72 | D23: N/A | E23: =IFERROR(C23/D23, "") | F23: 0 | G23: =IF(AND(ISNUMBER(C23),ISNUMBER(F23)), C23-F23, "") -> 295635.72 | H23: =IFERROR(G23/F23, "") | I23: 325782 | J23: =IF(AND(ISNUMBER(C23),ISNUMBER(I23)), C23-I23, "") -> -30146.28 | K23: =IFERROR(J23/I23, "") -> -0.092535131 | L23: 1.Inverter 10.1 was offline from 04/01 ,technician Opened up inverter and found wire box to be water damaged and corroded, requires further trubleshooting.on 04/16,technician replacd the wirebox for inverter.Inverter 10.1 was back online on 04/16 but production cannot be seen through DAS. 2.Inverter 1.3 was offline from 04/01 .Technician Opened combiner box and noticed visual signs of corrosion, causing the inverter to run on standby mode.Inverter 1.3 was being RMAD from 01/02.Inverter 1.3 was back online at 19:05 on 04/17 3.Inverter 5.3 was reporting production data in Locus portal.As mentioned by the technician the comms card is not plugged in.On 04/14,technician troubleshoot the inverter 5.3 and bringed it back online onsite on same day.it requires additional troubleshooting.Production cannot be seen through DAS 4.Inverter 6.4 was intermittently derating. The issue was resolved on 04/17 after a technician conducted troubleshooting and indicated that the derating was likely caused by nearby trees 5. 11.1, 11.2, and 11.3 were offline throughout the month.Production cannot be seen through DAS | M23: 1.SR095613 2.SR090290,SR095613,SR098811 3.SR095613,SR098811 4.SR099818,SR100096 5.SR099875,SR095613

Sheet May
A1: {=portfolio} -> CITI | D1: PPA Modeled Output | E1: Production VS Acual | F1: May Actual v. Expected | I1: May Actual v. Forecasted
A2: Total | C2: =SUM(C4:C100) -> 2973920.1 | D2: =SUM(D4:D22) -> 2778688.9 | E2: =C2/D2 -> 1.0702602 | F2: =SUM(F4:F100) -> 3147995.4 | G2: =C2-F2 -> -174075.4 | H2: =IFERROR(G2/F2, 0) -> -0.05529722 | I2: =SUM(I4:I100) -> 3076294.6 | J2: =C2-I2 -> -102374.55 | K2: =IFERROR(J2/I2, 0) -> -0.033278528 | L2: =IF(AND(TODAY()>DATE(2024, 5, 1), COUNTA(Sites[Site])<>(COUNT(C:C)-1)), "Some sites are missing actual data; if new sites were added, make sure they are aligned correctly (including prior months!)", "")
A3: Site | B3: State | C3: Actual | F3: Expected | G3: Delta | H3: % | I3: Forecasted | J3: Delta | K3: % | L3: Notes | M3: Service Requests
A4: {=Sites[Site]} -> CA: Antioch Deer Valley - Citi | B4: {=Sites[State]} -> CA | C4: 81492.5 | D4: 74449.26 | E4: =C4/D4 -> 1.0946046 | F4: 73712 | G4: =IF(AND(ISNUMBER(C4),ISNUMBER(F4)), C4-F4, "") -> 7780.5 | H4: =IFERROR(G4/F4, "") -> 0.10555269 | I4: 84914.724 | J4: =IF(AND(ISNUMBER(C4),ISNUMBER(I4)), C4-I4, "") -> -3422.224 | K4: =IFERROR(J4/I4, "") -> -0.040301892
A5: CA: Antioch MC CUP - Citi | B5: CA | C5: 269650 | D5: 254348.83 | E5: =C5/D5 -> 1.0601582 | F5: 251808 | G5: =IF(AND(ISNUMBER(C5),ISNUMBER(F5)), C5-F5, "") -> 17842 | H5: =IFERROR(G5/F5, "") -> 0.070855572 | I5: 285700.7 | J5: =IF(AND(ISNUMBER(C5),ISNUMBER(I5)), C5-I5, "") -> -16050.703 | K5: =IFERROR(J5/I5, "") -> -0.056180131
A6: CA: Clovis - Citi | B6: CA | C6: 110990 | D6: 108547 | E6: =C6/D6 -> 1.0225064 | F6: 104799 | G6: =IF(AND(ISNUMBER(C6),ISNUMBER(F6)), C6-F6, "") -> 6191 | H6: =IFERROR(G6/F6, "") -> 0.059074991 | I6: 7792.713 | J6: =IF(AND(ISNUMBER(C6),ISNUMBER(I6)), C6-I6, "") -> 103197.29 | K6: =IFERROR(J6/I6, "") -> 13.242793 | L6: 1. The weather station has been reporting erroneous values, with its graph showing continuous fluctuations throughout the day,indicating inconsistent readings. We are contacting AlsoEnergy sales for a quote for a replacement irradiance sensor and temperature sensor for this site. | M6: 1.SR099622
A7: CA: Elk Grove MOB - Citi | B7: CA | C7: 174908.5 | D7: 181338.5 | E7: =C7/D7 -> 0.96454145 | F7: 179543 | G7: =IF(AND(ISNUMBER(C7),ISNUMBER(F7)), C7-F7, "") -> -4634.5 | H7: =IFERROR(G7/F7, "") -> -0.025812758 | I7: 190114.87 | J7: =IF(AND(ISNUMBER(C7),ISNUMBER(I7)), C7-I7, "") -> -15206.37 | K7: =IFERROR(J7/I7, "") -> -0.079985169
A8: CA: Elk Grove Promenade - Citi | B8: CA | C8: 92961.75 | D8: 95545 | E8: =C8/D8 -> 0.972963 | F8: 94599.133 | G8: =IF(AND(ISNUMBER(C8),ISNUMBER(F8)), C8-F8, "") -> -1637.383 | H8: =IFERROR(G8/F8, "") -> -0.017308647 | I8: 99352.21 | J8: =IF(AND(ISNUMBER(C8),ISNUMBER(I8)), C8-I8, "") -> -6390.46 | K8: =IFERROR(J8/I8, "") -> -0.064321267
A9: CA: Fresno Sequioa - Citi | B9: CA | C9: 177350.5 | D9: 179936.42 | E9: =C9/D9 -> 0.9856287 | F9: 178191 | G9: =IF(AND(ISNUMBER(C9),ISNUMBER(F9)), C9-F9, "") -> -840.5 | H9: =IFERROR(G9/F9, "") -> -0.0047168488 | I9: 193380.11 | J9: =IF(AND(ISNUMBER(C9),ISNUMBER(I9)), C9-I9, "") -> -16029.615 | K9: =IFERROR(J9/I9, "") -> -0.082891744
A10: CA: Fresno MOB - Citi | B10: CA | C10: 64388.87 | D10: 72873.04 | E10: =C10/D10 -> 0.88357601 | F10: 72791 | G10: =IF(AND(ISNUMBER(C10),ISNUMBER(F10)), C10-F10, "") -> -8402.13 | H10: =IFERROR(G10/F10, "") -> -0.11542814 | I10: 70583.371 | J10: =IF(AND(ISNUMBER(C10),ISNUMBER(I10)), C10-I10, "") -> -6194.501 | K10: =IFERROR(J10/I10, "") -> -0.087761479 | L10: 1.Inverter 7 is down 5 strings.On 05/19, technician closed in all fuses and restarted inverter.Issue was resolved since then. | M10: 1.SR101507
A11: CA: Modesto Bangs - Citi | B11: CA | C11: 47080.25 | D11: 52921.57 | E11: =C11/D11 -> 0.88962308 | F11: 52663 | G11: =IF(AND(ISNUMBER(C11),ISNUMBER(F11)), C11-F11, "") -> -5582.75 | H11: =IFERROR(G11/F11, "") -> -0.10600896 | I11: 183.563 | J11: =IF(AND(ISNUMBER(C11),ISNUMBER(I11)), C11-I11, "") -> 46896.687 | K11: =IFERROR(J11/I11, "") -> 255.48006 | L11: 1.The weather station has been reporting erroneous values since 04/07 at 13:45. The data graph shows continuous fluctuations throughout the day, indicating inconsistent readings. The issue is currently under investigation, and we are reaching out to AlsoEnergy for a quote on a replacement reference cell | M11: 1.SR099861
A12: CA: Napa Data Center - Citi | B12: CA | C12: 48683.25 | D12: 53542.49 | E12: =C12/D12 -> 0.90924516 | F12: 51546 | G12: =IF(AND(ISNUMBER(C12),ISNUMBER(F12)), C12-F12, "") -> -2862.75 | H12: =IFERROR(G12/F12, "") -> -0.055537772 | I12: 56772.615 | J12: =IF(AND(ISNUMBER(C12),ISNUMBER(I12)), C12-I12, "") -> -8089.365 | K12: =IFERROR(J12/I12, "") -> -0.1424871 | L12: 1.Inverter 4 has a history of multiple trip events. On 05/07, a technician visited the site, performed troubleshooting on Inverter 4, and initiated an RMA request for replacement. | M12: 1.SR098674
A13: CA: Petaluma MOB - Citi | B13: CA | C13: 105493.5 | D13: 123235.12 | E13: =C13/D13 -> 0.85603438 | F13: 118590 | G13: =IF(AND(ISNUMBER(C13),ISNUMBER(F13)), C13-F13, "") -> -13096.5 | H13: =IFERROR(G13/F13, "") -> -0.11043511 | I13: 11916.177 | J13: =IF(AND(ISNUMBER(C13),ISNUMBER(I13)), C13-I13, "") -> 93577.323 | K13: =IFERROR(J13/I13, "") -> 7.8529652 | L13: 1.Inverters 5 and 14 are underperforming by approximately 3 kW and are operating in independent mode. On 05/20, Chint support informed the technician that the 3 kW production loss was not significant enough to initiate the RMA process, as both inverters are online and producing. The matter is currently being followed up with CPS management for further review 2.weather station was reading inaccurately.on 05/20 ,technician checked into site site and confirmed that the weather station sensor was determined to be faulty and new one is needed.confirmed with ROC the need for replacement device | M13: 1.SR099433 2.SR100933 | N13: SR100933
A14: CA: Pleasanton Tec Ctr - Citi | B14: CA | C14: 146888 | D14: 167397.62 | E14: =C14/D14 -> 0.87747962 | F14: 165841 | G14: =IF(AND(ISNUMBER(C14),ISNUMBER(F14)), C14-F14, "") -> -18953 | H14: =IFERROR(G14/F14, "") -> -0.11428416 | I14: 179634.97 | J14: =IF(AND(ISNUMBER(C14),ISNUMBER(I14)), C14-I14, "") -> -32746.968 | K14: =IFERROR(J14/I14, "") -> -0.18229729 | L14: 1. Meter phase B CT is 170 amps lower than A and C phase CTs. There is a 7% variance, meter vs inv total power.On 05/20,technician applied LOTO to the main disconnect, removed damaged CTs, and installed new ones.from then Phase B CT is functioning properly with no further issues. 2.Inverters 1, 3, and 5 remained offline throughout the month. On 04/09, the technician indicated that further troubleshooting is required and the inverters will remain offline until necessary repairs are done.Technicain metioned that about 65 modules will need to be removed for repairs. | M14: 1.SR098873 2.SR099231,SR099339 | N14: SR099231 | O14: SR099339
A15: CA: Rancho Cordova - Citi | B15: CA | C15: 248219 | D15: 241187.82 | E15: =C15/D15 -> 1.0291523 | F15: 239745 | G15: =IF(AND(ISNUMBER(C15),ISNUMBER(F15)), C15-F15, "") -> 8474 | H15: =IFERROR(G15/F15, "") -> 0.035345888 | I15: 261974.25 | J15: =IF(AND(ISNUMBER(C15),ISNUMBER(I15)), C15-I15, "") -> -13755.247 | K15: =IFERROR(J15/I15, "") -> -0.052506104
A16: CA: S Sacramento Wyndham - Citi | B16: CA | C16: 138356.5 | D16: 157421.02 | E16: =C16/D16 -> 0.8788947 | F16: 156334 | G16: =IF(AND(ISNUMBER(C16),ISNUMBER(F16)), C16-F16, "") -> -17977.5 | H16: =IFERROR(G16/F16, "") -> -0.11499418 | I16: 152454.65 | J16: =IF(AND(ISNUMBER(C16),ISNUMBER(I16)), C16-I16, "") -> -14098.148 | K16: =IFERROR(J16/I16, "") -> -0.092474373 | L16: 1.Site has intermittent communication throughout the month
A17: CA: Sacramento Point West - Citi | B17: CA | C17: 285798 | D17: 300484.1 | E17: =C17/D17 -> 0.9511252 | F17: 298182 | G17: =IF(AND(ISNUMBER(C17),ISNUMBER(F17)), C17-F17, "") -> -12384 | H17: =IFERROR(G17/F17, "") -> -0.041531682 | I17: 317297.67 | J17: =IF(AND(ISNUMBER(C17),ISNUMBER(I17)), C17-I17, "") -> -31499.674 | K17: =IFERROR(J17/I17, "") -> -0.099274834
A18: CA: San Jose FHC - Citi | B18: CA | C18: 53378.5 | D18: 57715.5 | E18: =C18/D18 -> 0.92485554 | F18: 59155 | G18: =IF(AND(ISNUMBER(C18),ISNUMBER(F18)), C18-F18, "") -> -5776.5 | H18: =IFERROR(G18/F18, "") -> -0.097650241 | I18: 60806.864 | J18: =IF(AND(ISNUMBER(C18),ISNUMBER(I18)), C18-I18, "") -> -7428.364 | K18: =IFERROR(J18/I18, "") -> -0.12216325 | L18: 1.The meter's phase B CT is 25 amps lower than the phase A and C CTs. There is a 3% variance between the meter and total inverter power. On 04/03, After the technician arrived, it was confirmed that the meter's CTs need to be replaced. | M18: 1.SR098874,SR101694 | N18: SR101694
A19: CA: San Jose MOB - Citi | B19: CA | C19: 81782.75 | D19: 91386 | E19: =C19/D19 -> 0.89491552 | F19: 92166 | G19: =IF(AND(ISNUMBER(C19),ISNUMBER(F19)), C19-F19, "") -> -10383.25 | H19: =IFERROR(G19/F19, "") -> -0.11265814 | I19: 101706.77 | J19: =IF(AND(ISNUMBER(C19),ISNUMBER(I19)), C19-I19, "") -> -19924.025 | K19: =IFERROR(J19/I19, "") -> -0.19589673 | L19: 1.Inverter 2 was being RMAD for its derating issue caused by overheating .Issue got resolved on 05/15 after technician swaped the inverter 2. Inverter 1 was underperforming by approximately 3 kW and operating in independent mode. The issue was resolved on 05/15 after technician has troubleshoot | M19: 1.SR099041 2.SR099435 | N19: SR099435
A20: CA: Selma - Citi | B20: CA | C20: 49911.5 | D20: 55270.29 | E20: =C20/D20 -> 0.90304393 | F20: 54770 | G20: =IF(AND(ISNUMBER(C20),ISNUMBER(F20)), C20-F20, "") -> -4858.5 | H20: =IFERROR(G20/F20, "") -> -0.088707322 | I20: 58466.924 | J20: =IF(AND(ISNUMBER(C20),ISNUMBER(I20)), C20-I20, "") -> -8555.424 | K20: =IFERROR(J20/I20, "") -> -0.1463293 | L20: 1.Inverters 3 and 4 are experiencing shading from morning to midday, while Inverter 1 is experiencing shading from midday to evenin | M20: 1.SR101090
A21: CA: Vacaville Hospital | B21: CA | C21: 344789 | D21: 384708.33 | E21: =C21/D21 -> 0.89623482 | F21: 379954 | G21: =IF(AND(ISNUMBER(C21),ISNUMBER(F21)), C21-F21, "") -> -35165 | H21: =IFERROR(G21/F21, "") -> -0.092550677 | I21: 454280.39 | J21: =IF(AND(ISNUMBER(C21),ISNUMBER(I21)), C21-I21, "") -> -109491.39 | K21: =IFERROR(J21/I21, "") -> -0.2410216 | L21: 1.Inverters 2 to 4, 7, 8 , 10, 12, 13, 15, 20, 25 and 33 had shading issue during 7:00 to 11:00. 2.Meter 2 phase A current is about 65 amps lower than phase B and C currents. 18 % variance in total inv power and meter power.This requires additional troubleshooting. 3.Multiple inverters are reporting lower-than-expected production, possibly due to incorrect system drawings or the need for a firmware update.This requires additional troubleshooting. | M21: 1.SR099626 2.SR100428 3.SR100428 | N21: SR100428 | O21: SR100428
A22: CA: Manteca - KP Manteca Hospital | B22: CA | C22: 75256.25 | D22: 126381 | E22: =C22/D22 -> 0.59547123 | F22: 117746.31 | G22: =IF(AND(ISNUMBER(C22),ISNUMBER(F22)), C22-F22, "") -> -42490.063 | H22: =IFERROR(G22/F22, "") -> -0.36086109 | I22: 83101.056 | J22: =IF(AND(ISNUMBER(C22),ISNUMBER(I22)), C22-I22, "") -> -7844.806 | K22: =IFERROR(J22/I22, "") -> -0.094400798 | L22: 1. Weather station is heavily shaded until around 10am each morning.On 05/22 technician checked into site and mentioned it Requires further troubleshooting 2.Site was offline from 15:05 to 16:50 on 05/06.Issue self resolved 3.Site was offline from 10:15 on 05/09 to 10:35 on 05/12.Site was again offline from 15:40 on 05/19 to 15:50 on 05/22.site was back online after technician replaced blown fuse.Site remained offline offline from 13:45 on 05/26 for the rest of the month.Additional troubleshooting is required. | M22: 1.SR099704 2.SR101255 3.SR101695 | N22: SR101255 | O22: SR101695
A23: Sacramento - KP South Sacramento HSP | B23: CA | C23: 376541.43 | D23: N/A | F23: 405860 | G23: =IF(AND(ISNUMBER(C23),ISNUMBER(F23)), C23-F23, "") -> -29318.57 | H23: =IFERROR(G23/F23, "") -> -0.072238136 | I23: 405860 | J23: =IF(AND(ISNUMBER(C23),ISNUMBER(I23)), C23-I23, "") -> -29318.57 | K23: =IFERROR(J23/I23, "") -> -0.072238136 | L23: 1. Inverter 6.4 is intermittently derating in the morning.Issue resolved on 05/08 after technician adjusted few parameters 2.Inverters 4.1,4.2,.4.3, 5.1,5.2, 8.3, 10.2, 10.3 tripped offline at 10:45 on 05/12 reporting Steady State GFCI faults.Issue got resolved on 05/29 3.Reference cell 4 stopped communicating on 5/27/25.Dispatch is scheduled in the month of june | M23: 1.SR100096 2.SR101335 3.SR102064 | N23: SR101335 | O23: SR102064

Sheet Jun
A1: {=portfolio} -> CITI | D1: PPA Modeled Output | E1: Production VS Acual | F1: Q2 Production Vs PPA | G1: June Actual v. Expected | J1: June Actual v. Forecasted
A2: Total | C2: =SUM(C4:C100) -> 0 | D2: =SUM(D4:D22) -> 0 | E2: =C2/D2 -> #DIV/0! | F2: 0.89 | G2: =SUM(G4:G100) -> 0 | H2: =C2-G2 -> 0 | I2: =IFERROR(H2/G2, 0) -> 0 | J2: =SUM(J4:J100) -> 0 | K2: =C2-J2 -> 0 | L2: =IFERROR(K2/J2, 0) -> 0 | M2: =IF(AND(TODAY()>DATE(2024, 6, 1), COUNTA(Sites[Site])<>(COUNT(C:C)-1)), "Some sites are missing actual data; if new sites were added, make sure they are aligned correctly (including prior months!)", "") -> Some sites are missing actual data; if new sites were added, make sure they are aligned correctly (including prior months!)
A3: Site | B3: State | C3: Actual | G3: Expected | H3: Delta | I3: % | J3: Forecasted | K3: Delta | L3: % | M3: Notes | N3: Service Requests
A4: {=Sites[Site]} -> CA: Antioch Deer Valley - Citi | B4: {=Sites[State]} -> CA | E4: =C4/D4 -> #DIV/0! | H4: =IF(AND(ISNUMBER(C4),ISNUMBER(G4)), C4-G4, "") | K4: =IF(AND(ISNUMBER(C4),ISNUMBER(J4)), C4-J4, "")
A5: CA: Antioch MC CUP - Citi | B5: CA | E5: =C5/D5 -> #DIV/0! | H5: =IF(AND(ISNUMBER(C5),ISNUMBER(G5)), C5-G5, "") | K5: =IF(AND(ISNUMBER(C5),ISNUMBER(J5)), C5-J5, "")
A6: CA: Clovis - Citi | B6: CA | E6: =C6/D6 -> #DIV/0! | H6: =IF(AND(ISNUMBER(C6),ISNUMBER(G6)), C6-G6, "") | K6: =IF(AND(ISNUMBER(C6),ISNUMBER(J6)), C6-J6, "")
A7: CA: Elk Grove MOB - Citi | B7: CA | E7: =C7/D7 -> #DIV/0! | H7: =IF(AND(ISNUMBER(C7),ISNUMBER(G7)), C7-G7, "") | K7: =IF(AND(ISNUMBER(C7),ISNUMBER(J7)), C7-J7, "")
A8: CA: Elk Grove Promenade - Citi | B8: CA | E8: =C8/D8 -> #DIV/0! | H8: =IF(AND(ISNUMBER(C8),ISNUMBER(G8)), C8-G8, "") | K8: =IF(AND(ISNUMBER(C8),ISNUMBER(J8)), C8-J8, "")
A9: CA: Fresno Sequioa - Citi | B9: CA | E9: =C9/D9 -> #DIV/0! | H9: =IF(AND(ISNUMBER(C9),ISNUMBER(G9)), C9-G9, "") | K9: =IF(AND(ISNUMBER(C9),ISNUMBER(J9)), C9-J9, "")
A10: CA: Fresno MOB - Citi | B10: CA | E10: =C10/D10 -> #DIV/0! | H10: =IF(AND(ISNUMBER(C10),ISNUMBER(G10)), C10-G10, "") | K10: =IF(AND(ISNUMBER(C10),ISNUMBER(J10)), C10-J10, "")
A11: CA: Modesto Bangs - Citi | B11: CA | E11: =C11/D11 -> #DIV/0! | H11: =IF(AND(ISNUMBER(C11),ISNUMBER(G11)), C11-G11, "") | K11: =IF(AND(ISNUMBER(C11),ISNUMBER(J11)), C11-J11, "")
A12: CA: Napa Data Center - Citi | B12: CA | E12: =C12/D12 -> #DIV/0! | H12: =IF(AND(ISNUMBER(C12),ISNUMBER(G12)), C12-G12, "") | K12: =IF(AND(ISNUMBER(C12),ISNUMBER(J12)), C12-J12, "")
A13: CA: Petaluma MOB - Citi | B13: CA | E13: =C13/D13 -> #DIV/0! | H13: =IF(AND(ISNUMBER(C13),ISNUMBER(G13)), C13-G13, "") | K13: =IF(AND(ISNUMBER(C13),ISNUMBER(J13)), C13-J13, "")
A14: CA: Pleasanton Tec Ctr - Citi | B14: CA | E14: =C14/D14 -> #DIV/0! | H14: =IF(AND(ISNUMBER(C14),ISNUMBER(G14)), C14-G14, "") | K14: =IF(AND(ISNUMBER(C14),ISNUMBER(J14)), C14-J14, "")
A15: CA: Rancho Cordova - Citi | B15: CA | E15: =C15/D15 -> #DIV/0! | H15: =IF(AND(ISNUMBER(C15),ISNUMBER(G15)), C15-G15, "") | K15: =IF(AND(ISNUMBER(C15),ISNUMBER(J15)), C15-J15, "")
A16: CA: S Sacramento Wyndham - Citi | B16: CA | E16: =C16/D16 -> #DIV/0! | H16: =IF(AND(ISNUMBER(C16),ISNUMBER(G16)), C16-G16, "") | K16: =IF(AND(ISNUMBER(C16),ISNUMBER(J16)), C16-J16, "")
... A22: CA: Manteca - KP Manteca Hospital | B22: CA | E22: =C22/D22 -> #DIV/0! | H22: =IF(AND(ISNUMBER(C22),ISNUMBER(G22)), C22-G22, "") | K22: =IF(AND(ISNUMBER(C22),ISNUMBER(J22)), C22-J22, "")
A23: Sacramento - KP South Sacramento HSP | B23: CA

Sheet Jul
A1: {=portfolio} -> CITI | D1: PPA Modeled Output | E1: Production VS Acual | F1: July Actual v. Expected | I1: July Actual v. Forecasted
A2: Total | C2: =SUM(C4:C100) -> 0 | D2: =SUM(D3:D22) -> 0 | E2: =C2/D2 -> #DIV/0! | F2: =SUM(F4:F100) -> 0 | G2: =C2-F2 -> 0 | H2: =IFERROR(G2/F2, 0) -> 0 | I2: =SUM(I4:I100) -> 0 | J2: =C2-I2 -> 0 | K2: =IFERROR(J2/I2, 0) -> 0 | L2: =IF(AND(TODAY()>DATE(2024, 7, 1), COUNTA(Sites[Site])<>(COUNT(C:C)-1)), "Some sites are missing actual data; if new sites were added, make sure they are aligned correctly (including prior months!)", "") -> Some sites are missing actual data; if new sites were added, make sure they are aligned correctly (including prior months!)
A3: Site | B3: State | C3: Actual | F3: Expected | G3: Delta | H3: % | I3: Forecasted | J3: Delta | K3: % | L3: Notes | M3: Service Requests
A4: {=Sites[Site]} -> CA: Antioch Deer Valley - Citi | B4: {=Sites[State]} -> CA | E4: =C4/D4 -> #DIV/0! | H4: =IFERROR(G4/F4, "") | K4: =IFERROR(J4/I4, "")
A5: CA: Antioch MC CUP - Citi | B5: CA | E5: =C5/D5 -> #DIV/0! | H5: =IFERROR(G5/F5, "") | K5: =IFERROR(J5/I5, "")
A6: CA: Clovis - Citi | B6: CA | E6: =C6/D6 -> #DIV/0! | H6: =IFERROR(G6/F6, "") | K6: =IFERROR(J6/I6, "")
A7: CA: Elk Grove MOB - Citi | B7: CA | E7: =C7/D7 -> #DIV/0! | H7: =IFERROR(G7/F7, "") | K7: =IFERROR(J7/I7, "")
A8: CA: Elk Grove Promenade - Citi | B8: CA | E8: =C8/D8 -> #DIV/0! | H8: =IFERROR(G8/F8, "") | K8: =IFERROR(J8/I8, "")
A9: CA: Fresno Sequioa - Citi | B9: CA | E9: =C9/D9 -> #DIV/0! | H9: =IFERROR(G9/F9, "") | K9: =IFERROR(J9/I9, "")
A10: CA: Fresno MOB - Citi | B10: CA | E10: =C10/D10 -> #DIV/0! | H10: =IFERROR(G10/F10, "") | K10: =IFERROR(J10/I10, "")
A11: CA: Modesto Bangs - Citi | B11: CA | E11: =C11/D11 -> #DIV/0! | H11: =IFERROR(G11/F11, "") | K11: =IFERROR(J11/I11, "")
A12: CA: Napa Data Center - Citi | B12: CA | E12: =C12/D12 -> #DIV/0! | H12: =IFERROR(G12/F12, "") | K12: =IFERROR(J12/I12, "")
A13: CA: Petaluma MOB - Citi | B13: CA | E13: =C13/D13 -> #DIV/0! | H13: =IFERROR(G13/F13, "") | K13: =IFERROR(J13/I13, "")
A14: CA: Pleasanton Tec Ctr - Citi | B14: CA | E14: =C14/D14 -> #DIV/0! | H14: =IFERROR(G14/F14, "") | K14: =IFERROR(J14/I14, "")
A15: CA: Rancho Cordova - Citi | B15: CA | E15: =C15/D15 -> #DIV/0! | H15: =IFERROR(G15/F15, "") | K15: =IFERROR(J15/I15, "")
A16: CA: S Sacramento Wyndham - Citi | B16: CA | E16: =C16/D16 -> #DIV/0! | H16: =IFERROR(G16/F16, "") | K16: =IFERROR(J16/I16, "")
... A22: CA: Manteca - KP Manteca Hospital | B22: CA | E22: =C22/D22 -> #DIV/0! | H22: =IFERROR(G22/F22, "") | K22: =IFERROR(J22/I22, "")
A23: Sacramento - KP South Sacramento HSP | B23: CA

Sheet Aug
A1: {=portfolio} -> CITI | D1: PPA Modeled Output | E1: Production VS Acual | F1: August Actual v. Expected | I1: August Actual v. Forecasted
A2: Total | C2: =SUM(C4:C81) -> 0 | D2: =SUM(D3:D22) -> 0 | E2: =C2/D2 -> #DIV/0! | F2: =SUM(F4:F81) -> 0 | G2: =C2-F2 -> 0 | H2: =IFERROR(G2/F2, 0) -> 0 | I2: =SUM(I4:I81) -> 0 | J2: =C2-I2 -> 0 | K2: =IFERROR(J2/I2, 0) -> 0 | L2: =IF(AND(TODAY()>DATE(2024, 8, 1), COUNTA(Sites[Site])<>(COUNT(C:C)-1)), "Some sites are missing actual data; if new sites were added, make sure they are aligned correctly (including prior months!)", "") -> Some sites are missing actual data; if new sites were added, make sure they are aligned correctly (including prior months!)
A3: Site | B3: State | C3: Actual | F3: Expected | G3: Delta | H3: % | I3: Forecasted | J3: Delta | K3: % | L3: Notes | M3: Service Requests
A4: {=Sites[Site]} -> CA: Antioch Deer Valley - Citi | B4: {=Sites[State]} -> CA | E4: =C4/D4 -> #DIV/0! | H4: =IFERROR(G4/F4, "") | K4: =IFERROR(J4/I4, "")
A5: CA: Antioch MC CUP - Citi | B5: CA | E5: =C5/D5 -> #DIV/0! | H5: =IFERROR(G5/F5, "") | K5: =IFERROR(J5/I5, "")
A6: CA: Clovis - Citi | B6: CA | E6: =C6/D6 -> #DIV/0! | H6: =IFERROR(G6/F6, "") | K6: =IFERROR(J6/I6, "")
A7: CA: Elk Grove MOB - Citi | B7: CA | E7: =C7/D7 -> #DIV/0! | H7: =IFERROR(G7/F7, "") | K7: =IFERROR(J7/I7, "")
A8: CA: Elk Grove Promenade - Citi | B8: CA | E8: =C8/D8 -> #DIV/0! | H8: =IFERROR(G8/F8, "") | K8: =IFERROR(J8/I8, "")
A9: CA: Fresno Sequioa - Citi | B9: CA | E9: =C9/D9 -> #DIV/0! | H9: =IFERROR(G9/F9, "") | K9: =IFERROR(J9/I9, "")
A10: CA: Fresno MOB - Citi | B10: CA | E10: =C10/D10 -> #DIV/0! | H10: =IFERROR(G10/F10, "") | K10: =IFERROR(J10/I10, "")
A11: CA: Modesto Bangs - Citi | B11: CA | E11: =C11/D11 -> #DIV/0! | H11: =IFERROR(G11/F11, "") | K11: =IFERROR(J11/I11, "")
A12: CA: Napa Data Center - Citi | B12: CA | E12: =C12/D12 -> #DIV/0! | H12: =IFERROR(G12/F12, "") | K12: =IFERROR(J12/I12, "")
A13: CA: Petaluma MOB - Citi | B13: CA | E13: =C13/D13 -> #DIV/0! | H13: =IFERROR(G13/F13, "") | K13: =IFERROR(J13/I13, "")
A14: CA: Pleasanton Tec Ctr - Citi | B14: CA | E14: =C14/D14 -> #DIV/0! | H14: =IFERROR(G14/F14, "") | K14: =IFERROR(J14/I14, "")
A15: CA: Rancho Cordova - Citi | B15: CA | E15: =C15/D15 -> #DIV/0! | H15: =IFERROR(G15/F15, "") | K15: =IFERROR(J15/I15, "")
A16: CA: S Sacramento Wyndham - Citi | B16: CA | E16: =C16/D16 -> #DIV/0! | H16: =IFERROR(G16/F16, "") | K16: =IFERROR(J16/I16, "")
... A22: CA: Manteca - KP Manteca Hospital | B22: CA | E22: =C22/D22 -> #DIV/0! | H22: =IFERROR(G22/F22, "") | K22: =IFERROR(J22/I22, "")
A23: Sacramento - KP South Sacramento HSP | B23: CA

Sheet Sep
A1: {=portfolio} -> CITI | D1: PPA Modeled Output | E1: Production VS Acual | F1: Q3 Production Vs PPA | G1: September Actual v. Expected | J1: September Actual v. Forecasted
A2: Total | C2: =SUM(C4:C100) -> 0 | D2: =SUM(D3:D22) -> 0 | E2: =C2/D2 -> #DIV/0! | F2: 0.89 | G2: =SUM(G4:G100) -> 0 | H2: =C2-G2 -> 0 | I2: =IFERROR(H2/G2, 0) -> 0 | J2: =SUM(J4:J100) -> 0 | K2: =C2-J2 -> 0 | L2: =IFERROR(K2/J2, 0) -> 0 | M2: =IF(AND(TODAY()>DATE(2024, 9, 1), COUNTA(Sites[Site])<>(COUNT(C:C)-1)), "Some sites are missing actual data; if new sites were added, make sure they are aligned correctly (including prior months!)", "") -> Some sites are missing actual data; if new sites were added, make sure they are aligned correctly (including prior months!)
A3: Site | B3: State | C3: Actual | G3: Expected | H3: Delta | I3: % | J3: Forecasted | K3: Delta | L3: % | M3: Notes | N3: Service Requests
A4: {=Sites[Site]} -> CA: Antioch Deer Valley - Citi | B4: {=Sites[State]} -> CA | E4: =C4/D4 -> #DIV/0! | H4: =IF(AND(ISNUMBER(C4),ISNUMBER(G4)), C4-G4, "") | K4: =IF(AND(ISNUMBER(C4),ISNUMBER(J4)), C4-J4, "")
A5: CA: Antioch MC CUP - Citi | B5: CA | E5: =C5/D5 -> #DIV/0! | H5: =IF(AND(ISNUMBER(C5),ISNUMBER(G5)), C5-G5, "") | K5: =IF(AND(ISNUMBER(C5),ISNUMBER(J5)), C5-J5, "")
A6: CA: Clovis - Citi | B6: CA | E6: =C6/D6 -> #DIV/0! | H6: =IF(AND(ISNUMBER(C6),ISNUMBER(G6)), C6-G6, "") | K6: =IF(AND(ISNUMBER(C6),ISNUMBER(J6)), C6-J6, "")
A7: CA: Elk Grove MOB - Citi | B7: CA | E7: =C7/D7 -> #DIV/0! | H7: =IF(AND(ISNUMBER(C7),ISNUMBER(G7)), C7-G7, "") | K7: =IF(AND(ISNUMBER(C7),ISNUMBER(J7)), C7-J7, "")
A8: CA: Elk Grove Promenade - Citi | B8: CA | E8: =C8/D8 -> #DIV/0! | H8: =IF(AND(ISNUMBER(C8),ISNUMBER(G8)), C8-G8, "") | K8: =IF(AND(ISNUMBER(C8),ISNUMBER(J8)), C8-J8, "")
A9: CA: Fresno Sequioa - Citi | B9: CA | E9: =C9/D9 -> #DIV/0! | H9: =IF(AND(ISNUMBER(C9),ISNUMBER(G9)), C9-G9, "") | K9: =IF(AND(ISNUMBER(C9),ISNUMBER(J9)), C9-J9, "")
A10: CA: Fresno MOB - Citi | B10: CA | E10: =C10/D10 -> #DIV/0! | H10: =IF(AND(ISNUMBER(C10),ISNUMBER(G10)), C10-G10, "") | K10: =IF(AND(ISNUMBER(C10),ISNUMBER(J10)), C10-J10, "")
A11: CA: Modesto Bangs - Citi | B11: CA | E11: =C11/D11 -> #DIV/0! | H11: =IF(AND(ISNUMBER(C11),ISNUMBER(G11)), C11-G11, "") | K11: =IF(AND(ISNUMBER(C11),ISNUMBER(J11)), C11-J11, "")
A12: CA: Napa Data Center - Citi | B12: CA | E12: =C12/D12 -> #DIV/0! | H12: =IF(AND(ISNUMBER(C12),ISNUMBER(G12)), C12-G12, "") | K12: =IF(AND(ISNUMBER(C12),ISNUMBER(J12)), C12-J12, "")
A13: CA: Petaluma MOB - Citi | B13: CA | E13: =C13/D13 -> #DIV/0! | H13: =IF(AND(ISNUMBER(C13),ISNUMBER(G13)), C13-G13, "") | K13: =IF(AND(ISNUMBER(C13),ISNUMBER(J13)), C13-J13, "")
A14: CA: Pleasanton Tec Ctr - Citi | B14: CA | E14: =C14/D14 -> #DIV/0! | H14: =IF(AND(ISNUMBER(C14),ISNUMBER(G14)), C14-G14, "") | K14: =IF(AND(ISNUMBER(C14),ISNUMBER(J14)), C14-J14, "")
A15: CA: Rancho Cordova - Citi | B15: CA | E15: =C15/D15 -> #DIV/0! | H15: =IF(AND(ISNUMBER(C15),ISNUMBER(G15)), C15-G15, "") | K15: =IF(AND(ISNUMBER(C15),ISNUMBER(J15)), C15-J15, "")
A16: CA: S Sacramento Wyndham - Citi | B16: CA | E16: =C16/D16 -> #DIV/0! | H16: =IF(AND(ISNUMBER(C16),ISNUMBER(G16)), C16-G16, "") | K16: =IF(AND(ISNUMBER(C16),ISNUMBER(J16)), C16-J16, "")
... A22: CA: Manteca - KP Manteca Hospital | B22: CA | E22: =C22/D22 -> #DIV/0! | H22: =IF(AND(ISNUMBER(C22),ISNUMBER(G22)), C22-G22, "") | K22: =IF(AND(ISNUMBER(C22),ISNUMBER(J22)), C22-J22, "")
A23: Sacramento - KP South Sacramento HSP | B23: CA

Sheet Oct
A1: {=portfolio} -> CITI | D1: PPA Modeled Output | E1: Production VS Acual | F1: October Actual v. Expected | I1: October Actual v. Forecasted
A2: Total | C2: =SUM(C4:C100) -> 0 | D2: =SUM(D3:D22) -> 0 | E2: =C2/D2 -> #DIV/0! | F2: =SUM(F4:F100) -> 0 | G2: =C2-F2 -> 0 | H2: =IFERROR(G2/F2, 0) -> 0 | I2: =SUM(I4:I100) -> 0 | J2: =C2-I2 -> 0 | K2: =IFERROR(J2/I2, 0) -> 0 | L2: =IF(AND(TODAY()>DATE(2024, 10, 1), COUNTA(Sites[Site])<>(COUNT(C:C)-1)), "Some sites are missing actual data; if new sites were added, make sure they are aligned correctly (including prior months!)", "") -> Some sites are missing actual data; if new sites were added, make sure they are aligned correctly (including prior months!)
A3: Site | B3: State | C3: Actual | F3: Expected | G3: Delta | H3: % | I3: Forecasted | J3: Delta | K3: % | L3: Notes | M3: Service Requests
A4: {=Sites[Site]} -> CA: Antioch Deer Valley - Citi | B4: {=Sites[State]} -> CA | E4: =C4/D4 -> #DIV/0! | H4: =IFERROR(G4/F4, "") | K4: =IFERROR(J4/I4, "")
A5: CA: Antioch MC CUP - Citi | B5: CA | E5: =C5/D5 -> #DIV/0! | H5: =IFERROR(G5/F5, "") | K5: =IFERROR(J5/I5, "")
A6: CA: Clovis - Citi | B6: CA | E6: =C6/D6 -> #DIV/0! | H6: =IFERROR(G6/F6, "") | K6: =IFERROR(J6/I6, "")
A7: CA: Elk Grove MOB - Citi | B7: CA | E7: =C7/D7 -> #DIV/0! | H7: =IFERROR(G7/F7, "") | K7: =IFERROR(J7/I7, "")
A8: CA: Elk Grove Promenade - Citi | B8: CA | E8: =C8/D8 -> #DIV/0! | H8: =IFERROR(G8/F8, "") | K8: =IFERROR(J8/I8, "")
A9: CA: Fresno Sequioa - Citi | B9: CA | E9: =C9/D9 -> #DIV/0! | H9: =IFERROR(G9/F9, "") | K9: =IFERROR(J9/I9, "")
A10: CA: Fresno MOB - Citi | B10: CA | E10: =C10/D10 -> #DIV/0! | H10: =IFERROR(G10/F10, "") | K10: =IFERROR(J10/I10, "")
A11: CA: Modesto Bangs - Citi | B11: CA | E11: =C11/D11 -> #DIV/0! | H11: =IFERROR(G11/F11, "") | K11: =IFERROR(J11/I11, "")
A12: CA: Napa Data Center - Citi | B12: CA | E12: =C12/D12 -> #DIV/0! | H12: =IFERROR(G12/F12, "") | K12: =IFERROR(J12/I12, "")
A13: CA: Petaluma MOB - Citi | B13: CA | E13: =C13/D13 -> #DIV/0! | H13: =IFERROR(G13/F13, "") | K13: =IFERROR(J13/I13, "")
A14: CA: Pleasanton Tec Ctr - Citi | B14: CA | E14: =C14/D14 -> #DIV/0! | H14: =IFERROR(G14/F14, "") | K14: =IFERROR(J14/I14, "")
A15: CA: Rancho Cordova - Citi | B15: CA | E15: =C15/D15 -> #DIV/0! | H15: =IFERROR(G15/F15, "") | K15: =IFERROR(J15/I15, "")
A16: CA: S Sacramento Wyndham - Citi | B16: CA | E16: =C16/D16 -> #DIV/0! | H16: =IFERROR(G16/F16, "") | K16: =IFERROR(J16/I16, "")
... A22: CA: Manteca - KP Manteca Hospital | B22: CA | E22: =C22/D22 -> #DIV/0! | H22: =IFERROR(G22/F22, "") | K22: =IFERROR(J22/I22, "")
A23: Sacramento - KP South Sacramento HSP | B23: CA

Sheet Nov
A1: {=portfolio} -> CITI | D1: PPA Modeled Output | E1: Production VS Acual | F1: November Actual v. Expected | I1: November Actual v. Forecasted
A2: Total | C2: =SUM(C4:C100) -> 0 | D2: =SUM(D3:D22) -> 0 | E2: =C2/D2 -> #DIV/0! | F2: =SUM(F4:F100) -> 0 | G2: =C2-F2 -> 0 | H2: =IFERROR(G2/F2, 0) -> 0 | I2: =SUM(I4:I100) -> 0 | J2: =C2-I2 -> 0 | K2: =IFERROR(J2/I2, 0) -> 0 | L2: =IF(AND(TODAY()>DATE(2024, 11, 1), COUNTA(Sites[Site])<>(COUNT(C:C)-1)), "Some sites are missing actual data; if new sites were added, make sure they are aligned correctly (including prior months!)", "") -> Some sites are missing actual data; if new sites were added, make sure they are aligned correctly (including prior months!)
A3: Site | B3: State | C3: Actual | F3: Expected | G3: Delta | H3: % | I3: Forecasted | J3: Delta | K3: % | L3: Notes | M3: Service Requests
A4: {=Sites[Site]} -> CA: Antioch Deer Valley - Citi | B4: {=Sites[State]} -> CA | E4: =C4/D4 -> #DIV/0! | H4: =IFERROR(G4/F4, "") | K4: =IFERROR(J4/I4, "")
A5: CA: Antioch MC CUP - Citi | B5: CA | E5: =C5/D5 -> #DIV/0! | H5: =IFERROR(G5/F5, "") | K5: =IFERROR(J5/I5, "")
A6: CA: Clovis - Citi | B6: CA | E6: =C6/D6 -> #DIV/0! | H6: =IFERROR(G6/F6, "") | K6: =IFERROR(J6/I6, "")
A7: CA: Elk Grove MOB - Citi | B7: CA | E7: =C7/D7 -> #DIV/0! | H7: =IFERROR(G7/F7, "") | K7: =IFERROR(J7/I7, "")
A8: CA: Elk Grove Promenade - Citi | B8: CA | E8: =C8/D8 -> #DIV/0! | H8: =IFERROR(G8/F8, "") | K8: =IFERROR(J8/I8, "")
A9: CA: Fresno Sequioa - Citi | B9: CA | E9: =C9/D9 -> #DIV/0! | H9: =IFERROR(G9/F9, "") | K9: =IFERROR(J9/I9, "")
A10: CA: Fresno MOB - Citi | B10: CA | E10: =C10/D10 -> #DIV/0! | H10: =IFERROR(G10/F10, "") | K10: =IFERROR(J10/I10, "")
A11: CA: Modesto Bangs - Citi | B11: CA | E11: =C11/D11 -> #DIV/0! | H11: =IFERROR(G11/F11, "") | K11: =IFERROR(J11/I11, "")
A12: CA: Napa Data Center - Citi | B12: CA | E12: =C12/D12 -> #DIV/0! | H12: =IFERROR(G12/F12, "") | K12: =IFERROR(J12/I12, "")
A13: CA: Petaluma MOB - Citi | B13: CA | E13: =C13/D13 -> #DIV/0! | H13: =IFERROR(G13/F13, "") | K13: =IFERROR(J13/I13, "")
A14: CA: Pleasanton Tec Ctr - Citi | B14: CA | E14: =C14/D14 -> #DIV/0! | H14: =IFERROR(G14/F14, "") | K14: =IFERROR(J14/I14, "")
A15: CA: Rancho Cordova - Citi | B15: CA | E15: =C15/D15 -> #DIV/0! | H15: =IFERROR(G15/F15, "") | K15: =IFERROR(J15/I15, "")
A16: CA: S Sacramento Wyndham - Citi | B16: CA | E16: =C16/D16 -> #DIV/0! | H16: =IFERROR(G16/F16, "") | K16: =IFERROR(J16/I16, "")
... A22: CA: Manteca - KP Manteca Hospital | B22: CA | E22: =C22/D22 -> #DIV/0! | H22: =IFERROR(G22/F22, "") | K22: =IFERROR(J22/I22, "")
A23: Sacramento - KP South Sacramento HSP | B23: CA

Sheet Dec
A1: {=portfolio} -> CITI | D1: PPA Modeled Output | E1: Production VS Acual | F1: December Actual v. Expected | I1: December Actual v. Forecasted
A2: Total | C2: =SUM(C4:C100) -> 0 | D2: =SUM(D3:D22) -> 0 | E2: =C2/D2 -> #DIV/0! | F2: =SUM(F4:F100) -> 0 | G2: =C2-F2 -> 0 | H2: =IFERROR(G2/F2, 0) -> 0 | I2: =SUM(I4:I100) -> 0 | J2: =C2-I2 -> 0 | K2: =IFERROR(J2/I2, 0) -> 0 | L2: =IF(AND(TODAY()>DATE(2024, 12, 1), COUNTA(Sites[Site])<>(COUNT(C:C)-1)), "Some sites are missing actual data; if new sites were added, make sure they are aligned correctly (including prior months!)", "") -> Some sites are missing actual data; if new sites were added, make sure they are aligned correctly (including prior months!)
A3: Site | B3: State | C3: Actual | F3: Expected | G3: Delta | H3: % | I3: Forecasted | J3: Delta | K3: % | L3: Notes | M3: Service Requests
A4: {=Sites[Site]} -> CA: Antioch Deer Valley - Citi | B4: {=Sites[State]} -> CA | E4: =C4/D4 -> #DIV/0! | H4: =IFERROR(G4/F4, "") | K4: =IFERROR(J4/I4, "")
A5: CA: Antioch MC CUP - Citi | B5: CA | E5: =C5/D5 -> #DIV/0! | H5: =IFERROR(G5/F5, "") | K5: =IFERROR(J5/I5, "")
A6: CA: Clovis - Citi | B6: CA | E6: =C6/D6 -> #DIV/0! | H6: =IFERROR(G6/F6, "") | K6: =IFERROR(J6/I6, "")
A7: CA: Elk Grove MOB - Citi | B7: CA | E7: =C7/D7 -> #DIV/0! | H7: =IFERROR(G7/F7, "") | K7: =IFERROR(J7/I7, "")
A8: CA: Elk Grove Promenade - Citi | B8: CA | E8: =C8/D8 -> #DIV/0! | H8: =IFERROR(G8/F8, "") | K8: =IFERROR(J8/I8, "")
A9: CA: Fresno Sequioa - Citi | B9: CA | E9: =C9/D9 -> #DIV/0! | H9: =IFERROR(G9/F9, "") | K9: =IFERROR(J9/I9, "")
A10: CA: Fresno MOB - Citi | B10: CA | E10: =C10/D10 -> #DIV/0! | H10: =IFERROR(G10/F10, "") | K10: =IFERROR(J10/I10, "")
A11: CA: Modesto Bangs - Citi | B11: CA | E11: =C11/D11 -> #DIV/0! | H11: =IFERROR(G11/F11, "") | K11: =IFERROR(J11/I11, "")
A12: CA: Napa Data Center - Citi | B12: CA | E12: =C12/D12 -> #DIV/0! | H12: =IFERROR(G12/F12, "") | K12: =IFERROR(J12/I12, "")
A13: CA: Petaluma MOB - Citi | B13: CA | E13: =C13/D13 -> #DIV/0! | H13: =IFERROR(G13/F13, "") | K13: =IFERROR(J13/I13, "")
A14: CA: Pleasanton Tec Ctr - Citi | B14: CA | E14: =C14/D14 -> #DIV/0! | H14: =IFERROR(G14/F14, "") | K14: =IFERROR(J14/I14, "")
A15: CA: Rancho Cordova - Citi | B15: CA | E15: =C15/D15 -> #DIV/0! | H15: =IFERROR(G15/F15, "") | K15: =IFERROR(J15/I15, "")
A16: CA: S Sacramento Wyndham - Citi | B16: CA | E16: =C16/D16 -> #DIV/0! | H16: =IFERROR(G16/F16, "") | K16: =IFERROR(J16/I16, "")
... A22: CA: Manteca - KP Manteca Hospital | B22: CA | E22: =C22/D22 -> #DIV/0! | H22: =IFERROR(G22/F22, "") | K22: =IFERROR(J22/I22, "")
A23: Sacramento - KP South Sacramento HSP | B23: CA

Sheet Sites
A1: Portfolio: | B1: CITI
A3: Site DAS Name | B3: Site | C3: State | D3: Update | E3: DAS
A4: KP6 - Antioch Deer Valley - CN5701 | B4: CA: Antioch Deer Valley - Citi | C4: CA
A5: KP6 - Antioch MC CUP - CN5701 | B5: CA: Antioch MC CUP - Citi | C5: CA
A6: Clovis MOB | B6: CA: Clovis - Citi | C6: CA
A7: Elk Grove MOB - CN73727 | B7: CA: Elk Grove MOB - Citi | C7: CA
A8: Elk Grove Promenade - CN 6950 | B8: CA: Elk Grove Promenade - Citi | C8: CA
A9: Fresno Sequioa Hospital | B9: CA: Fresno Sequioa - Citi | C9: CA
A10: Fresno Medical Offices - CN7201 | B10: CA: Fresno MOB - Citi | C10: CA
A11: Modesto Bangs MOB | B11: CA: Modesto Bangs - Citi | C11: CA
A12: KP - Napa Data Center - CN2250 | B12: CA: Napa Data Center - Citi | C12: CA
A13: Kaiser - Petaluma Medical Office - CN2001 | B13: CA: Petaluma MOB - Citi | C13: CA
A14: Pleasanton PTC - Bldg B - CN470B | B14: CA: Pleasanton Tec Ctr - Citi | C14: CA
A15: Rancho Cordova - Groundmount | B15: CA: Rancho Cordova - Citi | C15: CA
... A23: KP6-South Sacramento Hospital | B23: Sacramento - KP South Sacramento HSP | C23: CA
