Workbook
Name JanActual: #REF!
Name JanActual2: #REF!
Name JanExpected: #REF!
Name JanExpectedDelta: #REF!
Name JanExpectedPercent: #REF!
Name JanExpPercent: #REF!
Name JanForecasted: #REF!
Name JanForecastedDelta: #REF!
Name JanForecastedPercent: #REF!
Name portfolio: Sites!$B$1:$B$1
Name Year: Sites!#REF!

Sheet Year to Date
A1: {=portfolio} -> 111 Hayes Memorial Drive | D1: Year to Date Actual v. Expected | G1: Year to Date Actual v. Forecasted
A2: Total | C2: =SUM(C4:C79) -> 275960.75 | D2: =SUM(D4:D79) -> 0 | E2: =C2-D2 -> 275960.75 | F2: =IFERROR(E2/D2, 0) -> 0 | G2: =SUM(G4:G79) -> 242873.21 | H2: =C2-G2 -> 33087.548 | I2: =IFERROR(H2/G2, 0) -> 0.13623383
A3: Site | B3: State | C3: Actual | D3: Expected | E3: Delta | F3: % | G3: Forecasted | H3: Delta | I3: %
A4: {=Sites[Site]} -> MA: Marlborough - 111 Hayes Memorial Dr | B4: {=Sites[State]} -> MA | C4: =SUM('1st Qtr'!C4, '2nd Qtr'!C4, '3rd Qtr'!C4, '4th Qtr'!C4) -> 275960.75 | D4: =SUM('1st Qtr'!D4, '2nd Qtr'!D4, '3rd Qtr'!D4, '4th Qtr'!D4) -> 0 | E4: =IF(AND(ISNUMBER(C4),ISNUMBER(D4)), C4-D4, "") -> 275960.75 | F4: =IFERROR(E4/D4, "") | G4: =SUM('1st Qtr'!G4, '2nd Qtr'!G4, '3rd Qtr'!G4, '4th Qtr'!G4) -> 242873.21 | H4: =SUM('1st Qtr'!H4, '2nd Qtr'!H4, '3rd Qtr'!H4, '4th Qtr'!H4) -> 35079.548 | I4: =IFERROR(H4/G4, "") -> 0.14443564

Sheet 1st Qtr
A1: {=portfolio} -> 111 Hayes Memorial Drive | D1: 1st Quarter Actual v. Expected | G1: 1st Quarter Actual v. Forecasted
A2: Total | C2: =SUM(C4:C79) -> 50893.254 | D2: =SUM(D4:D79) -> 0 | E2: =C2-D2 -> 50893.254 | F2: =IFERROR(E2/D2, 0) -> 0 | G2: =SUM(G4:G79) -> 68669.206 | H2: =C2-G2 -> -17775.952 | I2: =IFERROR(H2/G2, 0) -> -0.25886352
A3: Site | B3: State | C3: Actual | D3: Expected | E3: Delta | F3: % | G3: Forecasted | H3: Delta | I3: %
A4: {=Sites[Site]} -> MA: Marlborough - 111 Hayes Memorial Dr | B4: {=Sites[State]} -> MA | C4: =SUM(Jan!C4, Feb!C4, Mar!C4) -> 50893.254 | D4: =SUM(Jan!D4, Feb!D4, Mar!D4) -> 0 | E4: =IF(AND(ISNUMBER(C4),ISNUMBER(D4)), C4-D4, "") -> 50893.254 | F4: =IFERROR(E4/D4, "") | G4: =SUM(Jan!G4, Feb!G4, Mar!G4) -> 68669.206 | H4: =SUM(Jan!H4, Feb!H4, Mar!H4) -> -17775.952 | I4: =IFERROR(H4/G4, "") -> -0.25886352

Sheet 2nd Qtr
A1: {=portfolio} -> 111 Hayes Memorial Drive | D1: 2nd Quarter Actual v. Expected | G1: 2nd Quarter Actual v. Forecasted
A2: Total | C2: =SUM(C4:C79) -> 114560 | D2: =SUM(D4:D79) -> 0 | E2: =C2-D2 -> 114560 | F2: =IFERROR(E2/D2, 0) -> 0 | G2: =SUM(G4:G79) -> 86489 | H2: =C2-G2 -> 28071 | I2: =IFERROR(H2/G2, 0) -> 0.3245615
A3: Site | B3: State | C3: Actual | D3: Expected | E3: Delta | F3: % | G3: Forecasted | H3: Delta | I3: %
A4: {=Sites[Site]} -> MA: Marlborough - 111 Hayes Memorial Dr | B4: {=Sites[State]} -> MA | C4: =SUM(Apr!C4, May!C4, Jun!C4) -> 114560 | D4: =SUM(Apr!D4, May!D4, Jun!D4) -> 0 | E4: =IF(AND(ISNUMBER(C4),ISNUMBER(D4)), C4-D4, "") -> 114560 | F4: =IFERROR(E4/D4, "") | G4: =SUM(Apr!G4,May!G4,Jun!G4) -> 86489 | H4: =SUM(Apr!H4, May!H4, Jun!H4) -> 28071 | I4: =IFERROR(H4/G4, "") -> 0.3245615

Sheet 3rd Qtr
A1: {=portfolio} -> 111 Hayes Memorial Drive | D1: 3rd Quarter Actual v. Expected | G1: 3rd Quarter Actual v. Forecasted
A2: Total | C2: =SUM(C4:C79) -> 110507.5 | D2: =SUM(D4:D79) -> 0 | E2: =C2-D2 -> 110507.5 | F2: =IFERROR(E2/D2, 0) -> 0 | G2: =SUM(G4:G79) -> 87715 | H2: =C2-G2 -> 22792.5 | I2: =IFERROR(H2/G2, 0) -> 0.25984723
A3: Site | B3: State | C3: Actual | D3: Expected | E3: Delta | F3: % | G3: Forecasted | H3: Delta | I3: %
A4: {=Sites[Site]} -> MA: Marlborough - 111 Hayes Memorial Dr | B4: {=Sites[State]} -> MA | C4: =SUM(Jul!C4, Aug!C4, Sep!C4) -> 110507.5 | D4: =SUM(Jul!D4, Aug!D4, Sep!D4) -> 0 | E4: =IF(AND(ISNUMBER(C4),ISNUMBER(D4)), C4-D4, "") -> 110507.5 | F4: =IFERROR(E4/D4, "") | G4: =SUM(Jun!G4,Jul!G4,Aug!G4) -> 87715 | H4: =SUM(Jul!H4, Aug!H4, Sep!H4) -> 24784.5 | I4: =IFERROR(H4/G4, "") -> 0.28255715

Sheet 4th Qtr
A1: {=portfolio} -> 111 Hayes Memorial Drive | D1: 4th Quarter Actual v. Expected | G1: 4th Quarter Actual v. Forecasted
A2: Total | C2: =SUM(C4:C79) -> 0 | D2: =SUM(D4:D79) -> 0 | E2: =C2-D2 -> 0 | F2: =IFERROR(E2/D2, 0) -> 0 | G2: =SUM(G4:G79) -> 0 | H2: =C2-G2 -> 0 | I2: =IFERROR(H2/G2, 0) -> 0
A3: Site | B3: State | C3: Actual | D3: Expected | E3: Delta | F3: % | G3: Forecasted | H3: Delta | I3: %
A4: {=Sites[Site]} -> MA: Marlborough - 111 Hayes Memorial Dr | B4: {=Sites[State]} -> MA | C4: =SUM(Oct!C4, Nov!C4, Dec!C4) -> 0 | D4: =SUM(Oct!D4, Nov!D4, Dec!D4) -> 0 | E4: =IF(AND(ISNUMBER(C4),ISNUMBER(D4)), C4-D4, "") -> 0 | F4: =IFERROR(E4/D4, "") | H4: =SUM(Oct!H4, Nov!H4, Dec!H4) -> 0 | I4: =IFERROR(H4/G4, "")

Sheet Jan
A1: {=portfolio} -> 111 Hayes Memorial Drive | D1: January Actual v. Expected | G1: January Actual v. Forecasted
A2: Total | C2: =SUM(C4:C78) -> 5630.2969 | D2: =SUM(D4:D78) -> 0 | E2: =C2-D2 -> 5630.2969 | F2: =IFERROR(E2/D2, 0) -> 0 | G2: =SUM(G4:G78) -> 18868 | H2: =C2-G2 -> -13237.703 | I2: =IFERROR(H2/G2, 0) -> -0.70159546 | J2: =IF(AND(TODAY()>DATE(2024, 1, 1), COUNTA(Sites[Site])<>(COUNT(C:C)-1)), "Some sites are missing actual data; if new sites were added, make sure they are aligned correctly (including prior months!)", "")
A3: Site | B3: State | C3: Actual | D3: Expected | E3: Delta | F3: % | G3: Forecasted | H3: Delta | I3: % | J3: Notes | K3: Service Requests
A4: {=Sites[Site]} -> MA: Marlborough - 111 Hayes Memorial Dr | B4: {=Sites[State]} -> MA | C4: 5630.2969 | D4: 0 | E4: =IF(AND(ISNUMBER(C4),ISNUMBER(D4)), C4-D4, "") -> 5630.2969 | F4: =IFERROR(E4/D4, "") | G4: 18868 | H4: =IF(AND(ISNUMBER(C4),ISNUMBER(G4)), C4-G4, "") -> -13237.703 | I4: =IFERROR(H4/G4, "") -> -0.70159546 | J4: 1. Inverter 1 right unit was still offline. | K4: 1. SR078701

Sheet Feb
A1: {=portfolio} -> 111 Hayes Memorial Drive | D1: February Actual v. Expected | G1: February Actual v. Forecasted
A2: Total | C2: =SUM(C4:C79) -> 18485.6 | D2: =SUM(D4:D79) -> 0 | E2: =C2-D2 -> 18485.6 | F2: =IFERROR(E2/D2, 0) -> 0 | G2: =SUM(G4:G79) -> 21680.4 | H2: =C2-G2 -> -3194.8 | I2: =IFERROR(H2/G2, 0) -> -0.1473589 | J2: =IF(AND(TODAY()>DATE(2024, 2, 1), COUNTA(Sites[Site])<>(COUNT(C:C)-1)), "Some sites are missing actual data; if new sites were added, make sure they are aligned correctly (including prior months!)", "")
A3: Site | B3: State | C3: Actual | D3: Expected | E3: Delta | F3: % | G3: Forecasted | H3: Delta | I3: % | J3: Notes | K3: Service Requests
A4: {=Sites[Site]} -> MA: Marlborough - 111 Hayes Memorial Dr | B4: {=Sites[State]} -> MA | C4: 18485.6 | D4: 0 | E4: =IF(AND(ISNUMBER(C4),ISNUMBER(D4)), C4-D4, "") -> 18485.6 | F4: =IFERROR(E4/D4, "") | G4: 21680.4 | H4: =IF(AND(ISNUMBER(C4),ISNUMBER(G4)), C4-G4, "") -> -3194.8 | I4: =IFERROR(H4/G4, "") -> -0.1473589

Sheet Mar
A1: {=portfolio} -> 111 Hayes Memorial Drive | D1: March Actual v. Expected | G1: March Actual v. Forecasted
A2: Total | C2: =SUM(C4:C79) -> 26777.357 | D2: =SUM(D4:D79) -> 0 | E2: =C2-D2 -> 26777.357 | F2: =IFERROR(E2/D2, 0) -> 0 | G2: =SUM(G4:G79) -> 28120.806 | H2: =C2-G2 -> -1343.449 | I2: =IFERROR(H2/G2, 0) -> -0.0477742 | J2: =IF(AND(TODAY()>DATE(2024, 3, 1), COUNTA(Sites[Site])<>(COUNT(C:C)-1)), "Some sites are missing actual data; if new sites were added, make sure they are aligned correctly (including prior months!)", "")
A3: Site | B3: State | C3: Actual | D3: Expected | E3: Delta | F3: % | G3: Forecasted | H3: Delta | I3: % | J3: Notes | K3: Service Requests
A4: {=Sites[Site]} -> MA: Marlborough - 111 Hayes Memorial Dr | B4: {=Sites[State]} -> MA | C4: 26777.357 | D4: 0 | E4: =IF(AND(ISNUMBER(C4),ISNUMBER(D4)), C4-D4, "") -> 26777.357 | F4: =IFERROR(E4/D4, "") | G4: 28120.806 | H4: =IF(AND(ISNUMBER(C4),ISNUMBER(G4)), C4-G4, "") -> -1343.449 | I4: =IFERROR(H4/G4, "") -> -0.0477742

Sheet Apr
A1: {=portfolio} -> 111 Hayes Memorial Drive | D1: April Actual v. Expected | G1: April Actual v. Forecasted
A2: Total | C2: =SUM(C4:C79) -> 32728 | D2: =SUM(D4:D79) -> 0 | E2: =C2-D2 -> 32728 | F2: =IFERROR(E2/D2, 0) -> 0 | G2: =SUM(G4:G79) -> 28354 | H2: =C2-G2 -> 4374 | I2: =IFERROR(H2/G2, 0) -> 0.15426395 | J2: =IF(AND(TODAY()>DATE(2024, 4, 1), COUNTA(Sites[Site])<>(COUNT(C:C)-1)), "Some sites are missing actual data; if new sites were added, make sure they are aligned correctly (including prior months!)", "")
A3: Site | B3: State | C3: Actual | D3: Expected | E3: Delta | F3: % | G3: Forecasted | H3: Delta | I3: % | J3: Notes | K3: Service Requests
A4: {=Sites[Site]} -> MA: Marlborough - 111 Hayes Memorial Dr | B4: {=Sites[State]} -> MA | C4: 32728 | D4: 0 | E4: =IF(AND(ISNUMBER(C4),ISNUMBER(D4)), C4-D4, "") -> 32728 | F4: =IFERROR(E4/D4, "") | G4: 28354 | H4: =IF(AND(ISNUMBER(C4),ISNUMBER(G4)), C4-G4, "") -> 4374 | I4: =IFERROR(H4/G4, "") -> 0.15426395 | J4: 1. Inverter 1 primary unit is having tripping events from 04/08, later tripping events resolved and primary unit is producing as expected from 04/11. 2. Inverter 1 primary unit again having tripping events from 04/22 | K4: 1. SR083263 2. SR083744

Sheet May
A1: {=portfolio} -> 111 Hayes Memorial Drive | D1: May Actual v. Expected | G1: May Actual v. Forecasted
A2: Total | C2: =SUM(C4:C79) -> 38010 | D2: =SUM(D4:D79) -> 0 | E2: =C2-D2 -> 38010 | F2: =IFERROR(E2/D2, 0) -> 0 | G2: =SUM(G4:G79) -> 29884 | H2: =C2-G2 -> 8126 | I2: =IFERROR(H2/G2, 0) -> 0.27191808 | J2: =IF(AND(TODAY()>DATE(2024, 5, 1), COUNTA(Sites[Site])<>(COUNT(C:C)-1)), "Some sites are missing actual data; if new sites were added, make sure they are aligned correctly (including prior months!)", "")
A3: Site | B3: State | C3: Actual | D3: Expected | E3: Delta | F3: % | G3: Forecasted | H3: Delta | I3: % | J3: Notes | K3: Service Requests
A4: {=Sites[Site]} -> MA: Marlborough - 111 Hayes Memorial Dr | B4: {=Sites[State]} -> MA | C4: 38010 | D4: 0 | E4: =IF(AND(ISNUMBER(C4),ISNUMBER(D4)), C4-D4, "") -> 38010 | F4: =IFERROR(E4/D4, "") | G4: 29884 | H4: =IF(AND(ISNUMBER(C4),ISNUMBER(G4)), C4-G4, "") -> 8126 | I4: =IFERROR(H4/G4, "") -> 0.27191808 | J4: 1. Inverter 1 primary unit again having tripping events from 04/22, primary unit tripped offline at 16:55 on 05/06 and back online at 10:10AM on 05/09. The tripping events resolved and inverter 1 primary unit was producing as expected from 05/24 | K4: 1. SR083744

Sheet Jun
A1: {=portfolio} -> 111 Hayes Memorial Drive | D1: June Actual v. Expected | G1: June Actual v. Forecasted
A2: Total | C2: =SUM(C4:C79) -> 43822 | D2: =SUM(D4:D79) -> 0 | E2: =C2-D2 -> 43822 | F2: =IFERROR(E2/D2, 0) -> 0 | G2: =SUM(G4:G79) -> 28251 | H2: =C2-G2 -> 15571 | I2: =IFERROR(H2/G2, 0) -> 0.55116633 | J2: =IF(AND(TODAY()>DATE(2024, 6, 1), COUNTA(Sites[Site])<>(COUNT(C:C)-1)), "Some sites are missing actual data; if new sites were added, make sure they are aligned correctly (including prior months!)", "")
A3: Site | B3: State | C3: Actual | D3: Expected | E3: Delta | F3: % | G3: Forecasted | H3: Delta | I3: % | J3: Notes | K3: Service Requests
A4: {=Sites[Site]} -> MA: Marlborough - 111 Hayes Memorial Dr | B4: {=Sites[State]} -> MA | C4: 43822 | D4: 0 | E4: =IF(AND(ISNUMBER(C4),ISNUMBER(D4)), C4-D4, "") -> 43822 | F4: =IFERROR(E4/D4, "") | G4: 28251 | H4: =IF(AND(ISNUMBER(C4),ISNUMBER(G4)), C4-G4, "") -> 15571 | I4: =IFERROR(H4/G4, "") -> 0.55116633

Sheet Jul
A1: {=portfolio} -> 111 Hayes Memorial Drive | D1: July Actual v. Expected | G1: July Actual v. Forecasted
A2: Total | C2: =SUM(C4:C79) -> 41356.777 | D2: =SUM(D4:D79) -> 0 | E2: =C2-D2 -> 41356.777 | F2: =IFERROR(E2/D2, 0) -> 0 | G2: =SUM(G4:G79) -> 30055 | H2: =C2-G2 -> 11301.777 | I2: =IFERROR(H2/G2, 0) -> 0.3760365 | J2: =IF(AND(TODAY()>DATE(2024, 7, 1), COUNTA(Sites[Site])<>(COUNT(C:C)-1)), "Some sites are missing actual data; if new sites were added, make sure they are aligned correctly (including prior months!)", "")
A3: Site | B3: State | C3: Actual | D3: Expected | E3: Delta | F3: % | G3: Forecasted | H3: Delta | I3: % | J3: Notes | K3: Service Requests
A4: {=Sites[Site]} -> MA: Marlborough - 111 Hayes Memorial Dr | B4: {=Sites[State]} -> MA | C4: 41356.777 | D4: 0 | E4: =IF(AND(ISNUMBER(C4),ISNUMBER(D4)), C4-D4, "") -> 41356.777 | F4: =IFERROR(E4/D4, "") | G4: 30055 | H4: =IF(AND(ISNUMBER(C4),ISNUMBER(G4)), C4-G4, "") -> 11301.777 | I4: =IFERROR(H4/G4, "") -> 0.3760365

Sheet Aug
A1: {=portfolio} -> 111 Hayes Memorial Drive | D1: August Actual v. Expected | G1: August Actual v. Forecasted
A2: Total | C2: =SUM(C4:C79) -> 37197.223 | D2: =SUM(D4:D79) -> 0 | E2: =C2-D2 -> 37197.223 | F2: =IFERROR(E2/D2, 0) -> 0 | G2: =SUM(G4:G79) -> 29409 | H2: =C2-G2 -> 7788.2231 | I2: =IFERROR(H2/G2, 0) -> 0.26482448 | J2: =IF(AND(TODAY()>DATE(2024, 8, 1), COUNTA(Sites[Site])<>(COUNT(C:C)-1)), "Some sites are missing actual data; if new sites were added, make sure they are aligned correctly (including prior months!)", "")
A3: Site | B3: State | C3: Actual | D3: Expected | E3: Delta | F3: % | G3: Forecasted | H3: Delta | I3: % | J3: Notes | K3: Service Requests
A4: {=Sites[Site]} -> MA: Marlborough - 111 Hayes Memorial Dr | B4: {=Sites[State]} -> MA | C4: 37197.223 | D4: 0 | E4: =IF(AND(ISNUMBER(C4),ISNUMBER(D4)), C4-D4, "") -> 37197.223 | F4: =IFERROR(E4/D4, "") | G4: 29409 | H4: =IF(AND(ISNUMBER(C4),ISNUMBER(G4)), C4-G4, "") -> 7788.2231 | I4: =IFERROR(H4/G4, "") -> 0.26482448

Sheet Sep
A1: {=portfolio} -> 111 Hayes Memorial Drive | D1: September Actual v. Expected | G1: September Actual v. Forecasted
A2: Total | C2: =SUM(C4:C79) -> 31953.5 | D2: =SUM(D4:D79) -> 0 | E2: =C2-D2 -> 31953.5 | F2: =IFERROR(E2/D2, 0) -> 0 | G2: =SUM(G4:G79) -> 26259 | H2: =C2-G2 -> 5694.5 | I2: =IFERROR(H2/G2, 0) -> 0.21685898 | J2: =IF(AND(TODAY()>DATE(2024, 9, 1), COUNTA(Sites[Site])<>(COUNT(C:C)-1)), "Some sites are missing actual data; if new sites were added, make sure they are aligned correctly (including prior months!)", "")
A3: Site | B3: State | C3: Actual | D3: Expected | E3: Delta | F3: % | G3: Forecasted | H3: Delta | I3: % | J3: Notes | K3: Service Requests
A4: {=Sites[Site]} -> MA: Marlborough - 111 Hayes Memorial Dr | B4: {=Sites[State]} -> MA | C4: 31953.5 | D4: 0 | E4: =IF(AND(ISNUMBER(C4),ISNUMBER(D4)), C4-D4, "") -> 31953.5 | F4: =IFERROR(E4/D4, "") | G4: 26259 | H4: =IF(AND(ISNUMBER(C4),ISNUMBER(G4)), C4-G4, "") -> 5694.5 | I4: =IFERROR(H4/G4, "") -> 0.21685898

Sheet Oct
A1: {=portfolio} -> 111 Hayes Memorial Drive | D1: October Actual v. Expected | G1: October Actual v. Forecasted
A2: Total | C2: =SUM(C4:C79) -> 0 | D2: =SUM(D4:D79) -> 0 | E2: =C2-D2 -> 0 | F2: =IFERROR(E2/D2, 0) -> 0 | G2: =SUM(G4:G79) -> 0 | H2: =C2-G2 -> 0 | I2: =IFERROR(H2/G2, 0) -> 0 | J2: =IF(AND(TODAY()>DATE(2024, 10, 1), COUNTA(Sites[Site])<>(COUNT(C:C)-1)), "Some sites are missing actual data; if new sites were added, make sure they are aligned correctly (including prior months!)", "") -> Some sites are missing actual data; if new sites were added, make sure they are aligned correctly (including prior months!)
A3: Site | B3: State | C3: Actual | D3: Expected | E3: Delta | F3: % | G3: Forecasted | H3: Delta | I3: % | J3: Notes | K3: Service Requests
A4: {=Sites[Site]} -> MA: Marlborough - 111 Hayes Memorial Dr | B4: {=Sites[State]} -> MA | E4: =IF(AND(ISNUMBER(C4),ISNUMBER(D4)), C4-D4, "") | F4: =IFERROR(E4/D4, "") | H4: =IF(AND(ISNUMBER(C4),ISNUMBER(G4)), C4-G4, "") | I4: =IFERROR(H4/G4, "")

Sheet Nov
A1: {=portfolio} -> 111 Hayes Memorial Drive | D1: November Actual v. Expected | G1: November Actual v. Forecasted
A2: Total | C2: =SUM(C4:C79) -> 0 | D2: =SUM(D4:D79) -> 0 | E2: =C2-D2 -> 0 | F2: =IFERROR(E2/D2, 0) -> 0 | G2: =SUM(G4:G79) -> 0 | H2: =C2-G2 -> 0 | I2: =IFERROR(H2/G2, 0) -> 0 | J2: =IF(AND(TODAY()>DATE(2024, 11, 1), COUNTA(Sites[Site])<>(COUNT(C:C)-1)), "Some sites are missing actual data; if new sites were added, make sure they are aligned correctly (including prior months!)", "")
A3: Site | B3: State | C3: Actual | D3: Expected | E3: Delta | F3: % | G3: Forecasted | H3: Delta | I3: % | J3: Notes | K3: Service Requests
A4: {=Sites[Site]} -> MA: Marlborough - 111 Hayes Memorial Dr | B4: {=Sites[State]} -> MA | E4: =IF(AND(ISNUMBER(C4),ISNUMBER(D4)), C4-D4, "") | F4: =IFERROR(E4/D4, "") | H4: =IF(AND(ISNUMBER(C4),ISNUMBER(G4)), C4-G4, "") | I4: =IFERROR(H4/G4, "")

Sheet Dec
A1: {=portfolio} -> 111 Hayes Memorial Drive | D1: December Actual v. Expected | G1: December Actual v. Forecasted
A2: Total | C2: =SUM(C4:C79) -> 0 | D2: =SUM(D4:D79) -> 0 | E2: =C2-D2 -> 0 | F2: =IFERROR(E2/D2, 0) -> 0 | G2: =SUM(G4:G79) -> 0 | H2: =C2-G2 -> 0 | I2: =IFERROR(H2/G2, 0) -> 0 | J2: =IF(AND(TODAY()>DATE(2024, 12, 1), COUNTA(Sites[Site])<>(COUNT(C:C)-1)), "Some sites are missing actual data; if new sites were added, make sure they are aligned correctly (including prior months!)", "")
A3: Site | B3: State | C3: Actual | D3: Expected | E3: Delta | F3: % | G3: Forecasted | H3: Delta | I3: % | J3: Notes | K3: Service Requests
A4: {=Sites[Site]} -> MA: Marlborough - 111 Hayes Memorial Dr | B4: {=Sites[State]} -> MA | E4: =IF(AND(ISNUMBER(C4),ISNUMBER(D4)), C4-D4, "") | F4: =IFERROR(E4/D4, "") | H4: =IF(AND(ISNUMBER(C4),ISNUMBER(G4)), C4-G4, "") | I4: =IFERROR(H4/G4, "")

Sheet Sites
A1: Portfolio: | B1: 111 Hayes Memorial Drive
A3: Site DAS Name | B3: Site | C3: State | D3: Update | E3: DAS
A4: 111 Hayes Memorial Drive | B4: MA: Marlborough - 111 Hayes Memorial Dr | C4: MA | D4: AF | E4: PowerTrack
