Workbook
Name JanActual: #REF!
Name JanActual2: #REF!
Name JanExpected: #REF!
Name JanExpectedDelta: #REF!
Name JanExpectedPercent: #REF!
Name JanExpPercent: #REF!
Name JanForecasted: #REF!
Name JanForecastedDelta: #REF!
Name JanForecastedPercent: #REF!
Name portfolio: Sites!$B$1:$B$1
Name Year: Sites!#REF!

Sheet Year to Date
A1: {=portfolio} -> Amergy Solar | D1: Year to Date Actual v. Expected | G1: Year to Date Actual v. Forecasted
A2: Total | C2: =SUM(C4:C88) -> 1374977.6 | D2: =SUM(D4:D88) -> 1501609.3 | E2: =C2-D2 -> -126631.7 | F2: =IFERROR(E2/D2, 0) -> -0.084330658 | G2: =SUM(G4:G88) -> 961763.87 | H2: =C2-G2 -> 413213.73 | I2: =IFERROR(H2/G2, 0) -> 0.42964156
A3: Site | B3: State | C3: Actual | D3: Expected | E3: Delta | F3: % | G3: Forecasted | H3: Delta | I3: %
A4: {=Sites[Site]} -> Farmingdale - Howell Ice Arena | B4: {=Sites[State]} -> NJ | C4: =SUM('1st Qtr'!C4, '2nd Qtr'!C4, '3rd Qtr'!C4, '4th Qtr'!C4) -> 577154.3 | D4: =SUM('1st Qtr'!D4, '2nd Qtr'!D4, '3rd Qtr'!D4, '4th Qtr'!D4) -> 606403.84 | E4: =IF(AND(ISNUMBER(C4),ISNUMBER(D4)), C4-D4, "") -> -29249.54 | F4: =IFERROR(E4/D4, "") -> -0.048234424 | G4: =SUM('1st Qtr'!G4+'2nd Qtr'!G4+'3rd Qtr'!G4+'4th Qtr'!G4) -> 462363.57 | H4: =SUM('1st Qtr'!H4, '2nd Qtr'!H4, '3rd Qtr'!H4, '4th Qtr'!H4) -> -151940.04 | I4: =IFERROR(H4/G4, "") -> -0.32861594
A5: Mount Laurel - Igloo Ice Rink | B5: NJ | C5: =SUM('1st Qtr'!C5, '2nd Qtr'!C5, '3rd Qtr'!C5, '4th Qtr'!C5) -> 797823.3 | D5: =SUM('1st Qtr'!D5, '2nd Qtr'!D5, '3rd Qtr'!D5, '4th Qtr'!D5) -> 895205.46 | E5: =IF(AND(ISNUMBER(C5),ISNUMBER(D5)), C5-D5, "") -> -97382.16 | F5: =IFERROR(E5/D5, "") -> -0.10878191 | G5: =SUM('1st Qtr'!G5+'2nd Qtr'!G5+'3rd Qtr'!G5+'4th Qtr'!G5) -> 499400.3 | H5: =SUM(Jan!H5, Feb!H5, Mar!H5) -> 9880 | I5: =IFERROR(H5/G5, "") -> 0.019783729

Sheet 1st Qtr
A1: {=portfolio} -> Amergy Solar | D1: 1st Quarter Actual v. Expected | G1: 1st Quarter Actual v. Forecasted
A2: Total | C2: =SUM(C4:C88) -> 295596 | D2: =SUM(D4:D88) -> 333524 | E2: =C2-D2 -> -37928 | F2: =IFERROR(E2/D2, 0) -> -0.11371895 | G2: =SUM(G4:G88) -> 349521 | H2: =C2-G2 -> -53925 | I2: =IFERROR(H2/G2, 0) -> -0.15428258
A3: Site | B3: State | C3: Actual | D3: Expected | E3: Delta | F3: % | G3: Forecasted | H3: Delta | I3: %
A4: {=Sites[Site]} -> Farmingdale - Howell Ice Arena | B4: {=Sites[State]} -> NJ | C4: =SUM(Jan!C4, Feb!C4, Mar!C4) -> 121256 | D4: =SUM(Jan!D4, Feb!D4, Mar!D4) -> 129357 | E4: =IF(AND(ISNUMBER(C4),ISNUMBER(D4)), C4-D4, "") -> -8101 | F4: =IFERROR(E4/D4, "") -> -0.062625138 | G4: =SUM(Jan!G4, Feb!G4, Mar!G4) -> 185061 | H4: =SUM(Jan!H4, Feb!H4, Mar!H4) -> -63805 | I4: =IFERROR(H4/G4, "") -> -0.34477821
A5: Mount Laurel - Igloo Ice Rink | B5: NJ | C5: =SUM(Jan!C5, Feb!C5, Mar!C5) -> 174340 | D5: =SUM(Jan!D5, Feb!D5, Mar!D5) -> 204167 | E5: =IF(AND(ISNUMBER(C5),ISNUMBER(D5)), C5-D5, "") -> -29827 | F5: =IFERROR(E5/D5, "") -> -0.14609119 | G5: =SUM(Jan!G5, Feb!G5, Mar!G5) -> 164460 | H5: =SUM(Jan!H5, Feb!H5, Mar!H5) -> 9880 | I5: =IFERROR(H5/G5, "") -> 0.060075398

Sheet 2nd Qtr
A1: {=portfolio} -> Amergy Solar | D1: 2nd Quarter Actual v. Expected | G1: 2nd Quarter Actual v. Forecasted
A2: Total | C2: =SUM(C4:C88) -> 554097.5 | D2: =SUM(D4:D88) -> 606186.18 | E2: =C2-D2 -> -52088.68 | F2: =IFERROR(E2/D2, 0) -> -0.085928518 | G2: =SUM(G4:G88) -> 612242.87 | H2: =C2-G2 -> -58145.37 | I2: =IFERROR(H2/G2, 0) -> -0.094971086
A3: Site | B3: State | C3: Actual | D3: Expected | E3: Delta | F3: % | G3: Forecasted | H3: Delta | I3: %
A4: {=Sites[Site]} -> Farmingdale - Howell Ice Arena | B4: {=Sites[State]} -> NJ | C4: =SUM(Apr!C4, May!C4, Jun!C4) -> 239045.5 | D4: =SUM(Apr!D4, May!D4, Jun!D4) -> 248316.18 | E4: =IF(AND(ISNUMBER(C4),ISNUMBER(D4)), C4-D4, "") -> -9270.68 | F4: =IFERROR(E4/D4, "") -> -0.037334176 | G4: =SUM(Apr!G4,May!G4,Jun!G4) -> 277302.57 | H4: =SUM(Apr!H4, May!H4, Jun!H4) -> -38257.07 | I4: =IFERROR(H4/G4, "") -> -0.13796147
A5: Mount Laurel - Igloo Ice Rink | B5: NJ | C5: =SUM(Apr!C5, May!C5, Jun!C5) -> 315052 | D5: =SUM(Apr!D5, May!D5, Jun!D5) -> 357870 | E5: =IF(AND(ISNUMBER(C5),ISNUMBER(D5)), C5-D5, "") -> -42818 | F5: =IFERROR(E5/D5, "") -> -0.1196468 | G5: =SUM(Apr!G5,May!G5,Jun!G5) -> 334940.3 | H5: =SUM(Apr!H5, May!H5, Jun!H5) -> -19888.3 | I5: =IFERROR(H5/G5, "") -> -0.059378642

Sheet 3rd Qtr
A1: {=portfolio} -> Amergy Solar | D1: 3rd Quarter Actual v. Expected | G1: 3rd Quarter Actual v. Forecasted
A2: Total | C2: =SUM(C4:C87) -> 525284.1 | D2: =SUM(D4:D87) -> 561899.12 | E2: =C2-D2 -> -36615.02 | F2: =IFERROR(E2/D2, 0) -> -0.065162978 | G2: =SUM(G4:G87) -> 0 | H2: =C2-G2 -> 525284.1 | I2: =IFERROR(H2/G2, 0) -> 0
A3: Site | B3: State | C3: Actual | D3: Expected | E3: Delta | F3: % | G3: Forecasted | H3: Delta | I3: %
A4: {=Sites[Site]} -> Farmingdale - Howell Ice Arena | B4: {=Sites[State]} -> NJ | C4: =SUM(Jul!C4, Aug!C4, Sep!C4) -> 216852.8 | D4: =SUM(Jul!D4, Aug!D4, Sep!D4) -> 228730.66 | E4: =IF(AND(ISNUMBER(C4),ISNUMBER(D4)), C4-D4, "") -> -11877.86 | F4: =IFERROR(E4/D4, "") -> -0.051929461 | H4: =SUM(Jul!H4, Aug!H4, Sep!H4) -> -49877.97 | I4: =IFERROR(H4/G4, "")
A5: Mount Laurel - Igloo Ice Rink | B5: NJ | C5: =SUM(Jul!C5, Aug!C5, Sep!C5) -> 308431.3 | D5: =SUM(Jul!D5, Aug!D5, Sep!D5) -> 333168.46 | E5: =IF(AND(ISNUMBER(C5),ISNUMBER(D5)), C5-D5, "") -> -24737.16 | F5: =IFERROR(E5/D5, "") -> -0.074248205 | H5: =SUM(Jul!H5, Aug!H5, Sep!H5) -> -12072.86 | I5: =IFERROR(H5/G5, "")

Sheet 4th Qtr
A1: {=portfolio} -> Amergy Solar | D1: 4th Quarter Actual v. Expected | G1: 4th Quarter Actual v. Forecasted
A2: Total | C2: =SUM(C4:C86) -> 0 | D2: =SUM(D4:D86) -> 0 | E2: =C2-D2 -> 0 | F2: =IFERROR(E2/D2, 0) -> 0 | G2: =SUM(G4:G86) -> 0 | H2: =C2-G2 -> 0 | I2: =IFERROR(H2/G2, 0) -> 0
A3: Site | B3: State | C3: Actual | D3: Expected | E3: Delta | F3: % | G3: Forecasted | H3: Delta | I3: %
A4: {=Sites[Site]} -> Farmingdale - Howell Ice Arena | B4: {=Sites[State]} -> NJ | C4: =SUM(Oct!C4, Nov!C4, Dec!C4) -> 0 | D4: =SUM(Oct!D4, Nov!D4, Dec!D4) -> 0 | E4: =IF(AND(ISNUMBER(C4),ISNUMBER(D4)), C4-D4, "") -> 0 | F4: =IFERROR(E4/D4, "") | H4: =SUM(Oct!H4, Nov!H4, Dec!H4) -> 0 | I4: =IFERROR(H4/G4, "")
A5: Mount Laurel - Igloo Ice Rink | B5: NJ | C5: =SUM(Oct!C5, Nov!C5, Dec!C5) -> 0 | D5: =SUM(Oct!D5, Nov!D5, Dec!D5) -> 0 | E5: =IF(AND(ISNUMBER(C5),ISNUMBER(D5)), C5-D5, "") -> 0 | F5: =IFERROR(E5/D5, "") | H5: =SUM(Oct!H5, Nov!H5, Dec!H5) -> 0 | I5: =IFERROR(H5/G5, "")

Sheet Jan
A1: {=portfolio} -> Amergy Solar | D1: January Actual v. Expected | G1: January Actual v. Forecasted
A2: Total | C2: =SUM(C4:C88) -> 42875 | D2: =SUM(D4:D88) -> 60849 | E2: =C2-D2 -> -17974 | F2: =IFERROR(E2/D2, 0) -> -0.29538694 | G2: =SUM(G4:G88) -> 83738 | H2: =C2-G2 -> -40863 | I2: =IFERROR(H2/G2, 0) -> -0.48798634 | J2: =IF(AND(TODAY()>DATE(2024, 1, 1), COUNTA(Sites[Site])<>(COUNT(C:C)-1)), "Some sites are missing actual data; if new sites were added, make sure they are aligned correctly (including prior months!)", "")
A3: Site | B3: State | C3: Actual | D3: Expected | E3: Delta | F3: % | G3: Forecasted | H3: Delta | I3: % | J3: Notes | K3: Service Requests
A4: {=Sites[Site]} -> Farmingdale - Howell Ice Arena | B4: {=Sites[State]} -> NJ | C4: 17773 | D4: 22778 | E4: =IF(AND(ISNUMBER(C4),ISNUMBER(D4)), C4-D4, "") -> -5005 | F4: =IFERROR(E4/D4, "") -> -0.21972956 | G4: 48244 | H4: =IF(AND(ISNUMBER(C4),ISNUMBER(G4)), C4-G4, "") -> -30471 | I4: =IFERROR(H4/G4, "") -> -0.63160186
A5: Mount Laurel - Igloo Ice Rink | B5: NJ | C5: 25102 | D5: 38071 | E5: =IF(AND(ISNUMBER(C5),ISNUMBER(D5)), C5-D5, "") -> -12969 | F5: =IFERROR(E5/D5, "") -> -0.34065299 | G5: 35494 | H5: =IF(AND(ISNUMBER(C5),ISNUMBER(G5)), C5-G5, "") -> -10392 | I5: =IFERROR(H5/G5, "") -> -0.29278188
E6: =IF(AND(ISNUMBER(C6),ISNUMBER(D6)), C6-D6, "") | F6: =IFERROR(E6/D6, "") | H6: =IF(AND(ISNUMBER(C6),ISNUMBER(G6)), C6-G6, "") | I6: =IFERROR(H6/G6, "")

Sheet Feb
A1: {=portfolio} -> Amergy Solar | D1: February Actual v. Expected | G1: February Actual v. Forecasted
A2: Total | C2: =SUM(C4:C89) -> 105722 | D2: =SUM(D4:D89) -> 117230 | E2: =C2-D2 -> -11508 | F2: =IFERROR(E2/D2, 0) -> -0.098165998 | G2: =SUM(G4:G89) -> 108237 | H2: =C2-G2 -> -2515 | I2: =IFERROR(H2/G2, 0) -> -0.023236047 | J2: =IF(AND(TODAY()>DATE(2024, 2, 1), COUNTA(Sites[Site])<>(COUNT(C:C)-1)), "Some sites are missing actual data; if new sites were added, make sure they are aligned correctly (including prior months!)", "")
A3: Site | B3: State | C3: Actual | D3: Expected | E3: Delta | F3: % | G3: Forecasted | H3: Delta | I3: % | J3: Notes | K3: Service Requests
A4: {=Sites[Site]} -> Farmingdale - Howell Ice Arena | B4: {=Sites[State]} -> NJ | C4: 42119 | D4: 44694 | E4: =IF(AND(ISNUMBER(C4),ISNUMBER(D4)), C4-D4, "") -> -2575 | F4: =IFERROR(E4/D4, "") -> -0.057613997 | G4: 59297 | H4: =IF(AND(ISNUMBER(C4),ISNUMBER(G4)), C4-G4, "") -> -17178 | I4: =IFERROR(H4/G4, "") -> -0.28969425
A5: Mount Laurel - Igloo Ice Rink | B5: NJ | C5: 63603 | D5: 72536 | E5: =IF(AND(ISNUMBER(C5),ISNUMBER(D5)), C5-D5, "") -> -8933 | F5: =IFERROR(E5/D5, "") -> -0.12315264 | G5: 48940 | H5: =IF(AND(ISNUMBER(C5),ISNUMBER(G5)), C5-G5, "") -> 14663 | I5: =IFERROR(H5/G5, "") -> 0.29961177 | J5: 1. Inverter 14 tripped offline on 02/21 at 12:50 and back online on 02/22 at 14:45 | K5: 1. SR081176
E6: =IF(AND(ISNUMBER(C6),ISNUMBER(D6)), C6-D6, "") | F6: =IFERROR(E6/D6, "") | H6: =IF(AND(ISNUMBER(C6),ISNUMBER(G6)), C6-G6, "") | I6: =IFERROR(H6/G6, "")

Sheet Mar
A1: {=portfolio} -> Amergy Solar | D1: March Actual v. Expected | G1: March Actual v. Forecasted
A2: Total | C2: =SUM(C4:C89) -> 146999 | D2: =SUM(D4:D89) -> 155445 | E2: =C2-D2 -> -8446 | F2: =IFERROR(E2/D2, 0) -> -0.05433433 | G2: =SUM(G4:G89) -> 157546 | H2: =C2-G2 -> -10547 | I2: =IFERROR(H2/G2, 0) -> -0.066945527 | J2: =IF(AND(TODAY()>DATE(2024, 3, 1), COUNTA(Sites[Site])<>(COUNT(C:C)-1)), "Some sites are missing actual data; if new sites were added, make sure they are aligned correctly (including prior months!)", "")
A3: Site | B3: State | C3: Actual | D3: Expected | E3: Delta | F3: % | G3: Forecasted | H3: Delta | I3: % | J3: Notes | K3: Service Requests
A4: {=Sites[Site]} -> Farmingdale - Howell Ice Arena | B4: {=Sites[State]} -> NJ | C4: 61364 | D4: 61885 | E4: =IF(AND(ISNUMBER(C4),ISNUMBER(D4)), C4-D4, "") -> -521 | F4: =IFERROR(E4/D4, "") -> -0.0084188414 | G4: 77520 | H4: =IF(AND(ISNUMBER(C4),ISNUMBER(G4)), C4-G4, "") -> -16156 | I4: =IFERROR(H4/G4, "") -> -0.20841073
A5: Mount Laurel - Igloo Ice Rink | B5: NJ | C5: 85635 | D5: 93560 | E5: =IF(AND(ISNUMBER(C5),ISNUMBER(D5)), C5-D5, "") -> -7925 | F5: =IFERROR(E5/D5, "") -> -0.084705002 | G5: 80026 | H5: =IF(AND(ISNUMBER(C5),ISNUMBER(G5)), C5-G5, "") -> 5609 | I5: =IFERROR(H5/G5, "") -> 0.070089721 | J5: 1. Inverter 15 was offline on 03/01 between 09:15 to 11:45. Inverter again tripped offline on 03/3 at 09:47 and back online on 03/04 2. Inverter 6 was offline on 03/10 between 11:00 to 13:30 3. Inverter 15 tripped offline on 03/19 at 14:15 and back online on 03/22 4. Inverter 12 tripped offline on 03/21 at 14:35 and back online on 03/22 5. Inverter 3 was offline on 03/31 between 08:15 and back online at 14:20 | K5: 1. SR081489 2. SR081728 3. SR082200 4. SR082289 5. SR082944
E6: =IF(AND(ISNUMBER(C6),ISNUMBER(D6)), C6-D6, "") | F6: =IFERROR(E6/D6, "") | H6: =IF(AND(ISNUMBER(C6),ISNUMBER(G6)), C6-G6, "") | I6: =IFERROR(H6/G6, "")

Sheet Apr
A1: {=portfolio} -> Amergy Solar | D1: April Actual v. Expected | G1: April Actual v. Forecasted
A2: Total | C2: =SUM(C4:C89) -> 164489 | D2: =SUM(D4:D89) -> 174614.74 | E2: =C2-D2 -> -10125.74 | F2: =IFERROR(E2/D2, 0) -> -0.057989033 | G2: =SUM(G4:G89) -> 192341.02 | H2: =C2-G2 -> -27852.02 | I2: =IFERROR(H2/G2, 0) -> -0.14480541 | J2: =IF(AND(TODAY()>DATE(2024, 4, 1), COUNTA(Sites[Site])<>(COUNT(C:C)-1)), "Some sites are missing actual data; if new sites were added, make sure they are aligned correctly (including prior months!)", "")
A3: Site | B3: State | C3: Actual | D3: Expected | E3: Delta | F3: % | G3: Forecasted | H3: Delta | I3: % | J3: Notes | K3: Service Requests
A4: {=Sites[Site]} -> Farmingdale - Howell Ice Arena | B4: {=Sites[State]} -> NJ | C4: 70881.4 | D4: 71383.04 | E4: =IF(AND(ISNUMBER(C4),ISNUMBER(D4)), C4-D4, "") -> -501.64 | F4: =IFERROR(E4/D4, "") -> -0.0070274396 | G4: 89755.42 | H4: =IF(AND(ISNUMBER(C4),ISNUMBER(G4)), C4-G4, "") -> -18874.02 | I4: =IFERROR(H4/G4, "") -> -0.21028279
A5: Mount Laurel - Igloo Ice Rink | B5: NJ | C5: 93607.6 | D5: 103231.7 | E5: =IF(AND(ISNUMBER(C5),ISNUMBER(D5)), C5-D5, "") -> -9624.1 | F5: =IFERROR(E5/D5, "") -> -0.093228146 | G5: 102585.6 | H5: =IF(AND(ISNUMBER(C5),ISNUMBER(G5)), C5-G5, "") -> -8978 | I5: =IFERROR(H5/G5, "") -> -0.087517156 | J5: 1. Inverter 2, 4,6 are tripped offline at 10:45 on 04/04 and back online at 13:30 on 04/04. 2. Inverter 2 tripped offline at 12:45 on 04/04 and back online at 13:30 on 04/04 and again Inverter 2 tripped offline at 14:00 on 04/05 and back online at 04/06. 3. Site tripped offline on 04/25 at 10:15 and back online at 11:15 with 2 inverters back online and rest back online at 3:30 PM | K5: 1. SR083085 2. SR083130 3. SR083808
E6: =IF(AND(ISNUMBER(C6),ISNUMBER(D6)), C6-D6, "") | F6: =IFERROR(E6/D6, "") | H6: =IF(AND(ISNUMBER(C6),ISNUMBER(G6)), C6-G6, "") | I6: =IFERROR(H6/G6, "")

Sheet May
A1: {=portfolio} -> Amergy Solar | D1: May Actual v. Expected | G1: May Actual v. Forecasted
A2: Total | C2: =SUM(C4:C87) -> 174238.9 | D2: =SUM(D4:D87) -> 190323.62 | E2: =C2-D2 -> -16084.72 | F2: =IFERROR(E2/D2, 0) -> -0.084512474 | G2: =SUM(G4:G87) -> 205896.61 | H2: =C2-G2 -> -31657.71 | I2: =IFERROR(H2/G2, 0) -> -0.15375537 | J2: =IF(AND(TODAY()>DATE(2024, 5, 1), COUNTA(Sites[Site])<>(COUNT(C:C)-1)), "Some sites are missing actual data; if new sites were added, make sure they are aligned correctly (including prior months!)", "")
A3: Site | B3: State | C3: Actual | D3: Expected | E3: Delta | F3: % | G3: Forecasted | H3: Delta | I3: % | J3: Notes | K3: Service Requests
A4: {=Sites[Site]} -> Farmingdale - Howell Ice Arena | B4: {=Sites[State]} -> NJ | C4: 74972.6 | D4: 78493.62 | E4: =IF(AND(ISNUMBER(C4),ISNUMBER(D4)), C4-D4, "") -> -3521.02 | F4: =IFERROR(E4/D4, "") -> -0.044857404 | G4: 92366.41 | H4: =IF(AND(ISNUMBER(C4),ISNUMBER(G4)), C4-G4, "") -> -17393.81 | I4: =IFERROR(H4/G4, "") -> -0.18831315
A5: Mount Laurel - Igloo Ice Rink | B5: NJ | C5: 99266.3 | D5: 111830 | E5: =IF(AND(ISNUMBER(C5),ISNUMBER(D5)), C5-D5, "") -> -12563.7 | F5: =IFERROR(E5/D5, "") -> -0.11234642 | G5: 113530.2 | H5: =IF(AND(ISNUMBER(C5),ISNUMBER(G5)), C5-G5, "") -> -14263.9 | I5: =IFERROR(H5/G5, "") -> -0.1256397 | J5: 1. Inverter 13 tripped offline at 15:45 on 05/07 and back online on 05/08 2. Inverter 7 tripped offline at 13:30 on 05/10 and back online at 14:00 on 05/10 | K5: 1. SR084382 2. SR084550

Sheet Jun
A1: {=portfolio} -> Amergy Solar | D1: June Actual v. Expected | G1: June Actual v. Forecasted
A2: Total | C2: =SUM(C4:C88) -> 215369.6 | D2: =SUM(D4:D88) -> 241247.82 | E2: =C2-D2 -> -25878.22 | F2: =IFERROR(E2/D2, 0) -> -0.1072682 | G2: =SUM(G4:G88) -> 214005.24 | H2: =C2-G2 -> 1364.36 | I2: =IFERROR(H2/G2, 0) -> 0.0063753579 | J2: =IF(AND(TODAY()>DATE(2024, 6, 1), COUNTA(Sites[Site])<>(COUNT(C:C)-1)), "Some sites are missing actual data; if new sites were added, make sure they are aligned correctly (including prior months!)", "")
A3: Site | B3: State | C3: Actual | D3: Expected | E3: Delta | F3: % | G3: Forecasted | H3: Delta | I3: % | J3: Notes | K3: Service Requests
A4: {=Sites[Site]} -> Farmingdale - Howell Ice Arena | B4: {=Sites[State]} -> NJ | C4: 93191.5 | D4: 98439.52 | E4: =IF(AND(ISNUMBER(C4),ISNUMBER(D4)), C4-D4, "") -> -5248.02 | F4: =IFERROR(E4/D4, "") -> -0.053312125 | G4: 95180.74 | H4: =IF(AND(ISNUMBER(C4),ISNUMBER(G4)), C4-G4, "") -> -1989.24 | I4: =IFERROR(H4/G4, "") -> -0.020899606
A5: Mount Laurel - Igloo Ice Rink | B5: NJ | C5: 122178.1 | D5: 142808.3 | E5: =IF(AND(ISNUMBER(C5),ISNUMBER(D5)), C5-D5, "") -> -20630.2 | F5: =IFERROR(E5/D5, "") -> -0.14446079 | G5: 118824.5 | H5: =IF(AND(ISNUMBER(C5),ISNUMBER(G5)), C5-G5, "") -> 3353.6 | I5: =IFERROR(H5/G5, "") -> 0.028223136 | J5: 1. Inverter 6 was tripped offline on 06/07 at 13:45 and it was still offline 2. Inverter 7 was tripped offline on 06/17 and back online at 18:00 on the same day and again tripped offline on 06/19 and back online on 6/21 at 11:00 3. Inverter 8 tripped offline on 06/19 at 11:00 and back online on 06/21 at 11:00 | K5: 1. SR085747 2. SR086315 3. SR086427

Sheet Jul
A1: {=portfolio} -> Amergy Solar | D1: July Actual v. Expected | G1: July Actual v. Forecasted
A2: Total | C2: =SUM(C4:C89) -> 192703.6 | D2: =SUM(D4:D89) -> 218080.23 | E2: =C2-D2 -> -25376.63 | F2: =IFERROR(E2/D2, 0) -> -0.11636373 | G2: =SUM(G4:G89) -> 221781.66 | H2: =C2-G2 -> -29078.06 | I2: =IFERROR(H2/G2, 0) -> -0.1311112 | J2: =IF(AND(TODAY()>DATE(2024, 7, 1), COUNTA(Sites[Site])<>(COUNT(C:C)-1)), "Some sites are missing actual data; if new sites were added, make sure they are aligned correctly (including prior months!)", "")
A3: Site | B3: State | C3: Actual | D3: Expected | E3: Delta | F3: % | G3: Forecasted | H3: Delta | I3: % | J3: Notes | K3: Service Requests
A4: {=Sites[Site]} -> Farmingdale - Howell Ice Arena | B4: {=Sites[State]} -> NJ | C4: 79835.4 | D4: 90163.23 | E4: =IF(AND(ISNUMBER(C4),ISNUMBER(D4)), C4-D4, "") -> -10327.83 | F4: =IFERROR(E4/D4, "") -> -0.11454592 | G4: 97368.86 | H4: =IF(AND(ISNUMBER(C4),ISNUMBER(G4)), C4-G4, "") -> -17533.46 | I4: =IFERROR(H4/G4, "") -> -0.18007256 | J4: 1. Inverter 3 is offline from 07/02 to 07/15. | K4: 1. SR087279
A5: Mount Laurel - Igloo Ice Rink | B5: NJ | C5: 112868.2 | D5: 127917 | E5: =IF(AND(ISNUMBER(C5),ISNUMBER(D5)), C5-D5, "") -> -15048.8 | F5: =IFERROR(E5/D5, "") -> -0.11764504 | G5: 124412.8 | H5: =IF(AND(ISNUMBER(C5),ISNUMBER(G5)), C5-G5, "") -> -11544.6 | I5: =IFERROR(H5/G5, "") -> -0.092792703 | J5: 1. Inverer 7 is offline from 07/03 to 07/13. 2. Inverter 8 is underperforming aprroximately 8kW from 07/04 to 07/12. | K5: 1. SR087358 2. SR087371
E6: =IF(AND(ISNUMBER(C6),ISNUMBER(D6)), C6-D6, "") | F6: =IFERROR(E6/D6, "") | H6: =IF(AND(ISNUMBER(C6),ISNUMBER(G6)), C6-G6, "") | I6: =IFERROR(H6/G6, "")

Sheet Aug
A1: {=portfolio} -> Amergy Solar | D1: August Actual v. Expected | G1: August Actual v. Forecasted
A2: Total | C2: =SUM(C4:C89) -> 187148.4 | D2: =SUM(D4:D89) -> 194084.48 | E2: =C2-D2 -> -6936.08 | F2: =IFERROR(E2/D2, 0) -> -0.035737427 | G2: =SUM(G4:G89) -> 199735.27 | H2: =C2-G2 -> -12586.87 | I2: =IFERROR(H2/G2, 0) -> -0.063017763 | J2: =IF(AND(TODAY()>DATE(2024, 8, 1), COUNTA(Sites[Site])<>(COUNT(C:C)-1)), "Some sites are missing actual data; if new sites were added, make sure they are aligned correctly (including prior months!)", "")
A3: Site | B3: State | C3: Actual | D3: Expected | E3: Delta | F3: % | G3: Forecasted | H3: Delta | I3: % | J3: Notes | K3: Service Requests
A4: {=Sites[Site]} -> Farmingdale - Howell Ice Arena | B4: {=Sites[State]} -> NJ | C4: 77336.6 | D4: 78476.68 | E4: =IF(AND(ISNUMBER(C4),ISNUMBER(D4)), C4-D4, "") -> -1140.08 | F4: =IFERROR(E4/D4, "") -> -0.014527628 | G4: 91291.17 | H4: =IF(AND(ISNUMBER(C4),ISNUMBER(G4)), C4-G4, "") -> -13954.57 | I4: =IFERROR(H4/G4, "") -> -0.15285783
A5: Mount Laurel - Igloo Ice Rink | B5: NJ | C5: 109811.8 | D5: 115607.8 | E5: =IF(AND(ISNUMBER(C5),ISNUMBER(D5)), C5-D5, "") -> -5796 | F5: =IFERROR(E5/D5, "") -> -0.050135025 | G5: 108444.1 | H5: =IF(AND(ISNUMBER(C5),ISNUMBER(G5)), C5-G5, "") -> 1367.7 | I5: =IFERROR(H5/G5, "") -> 0.012612028 | J5: 1. Inverter 4 tripped offline at 14:00 on 08/03 and back online at 07:00AM on 08/04. 1. On thermel flyover 5 strings are offline. | K5: 1. SR088574 2. SR088488
E6: =IF(AND(ISNUMBER(C6),ISNUMBER(D6)), C6-D6, "") | F6: =IFERROR(E6/D6, "") | H6: =IF(AND(ISNUMBER(C6),ISNUMBER(G6)), C6-G6, "") | I6: =IFERROR(H6/G6, "")

Sheet Sep
A1: {=portfolio} -> Amergy Solar | D1: September Actual v. Expected | G1: September Actual v. Forecasted
A2: Total | C2: =SUM(C4:C89) -> 145432.1 | D2: =SUM(D4:D89) -> 149734.41 | E2: =C2-D2 -> -4302.31 | F2: =IFERROR(E2/D2, 0) -> -0.028732941 | G2: =SUM(G4:G89) -> 165718 | H2: =C2-G2 -> -20285.9 | I2: =IFERROR(H2/G2, 0) -> -0.12241217 | J2: =IF(AND(TODAY()>DATE(2024, 9, 1), COUNTA(Sites[Site])<>(COUNT(C:C)-1)), "Some sites are missing actual data; if new sites were added, make sure they are aligned correctly (including prior months!)", "")
A3: Site | B3: State | C3: Actual | D3: Expected | E3: Delta | F3: % | G3: Forecasted | H3: Delta | I3: % | J3: Notes | K3: Service Requests
A4: {=Sites[Site]} -> Farmingdale - Howell Ice Arena | B4: {=Sites[State]} -> NJ | C4: 59680.8 | D4: 60090.75 | E4: =IF(AND(ISNUMBER(C4),ISNUMBER(D4)), C4-D4, "") -> -409.95 | F4: =IFERROR(E4/D4, "") -> -0.0068221815 | G4: 78070.74 | H4: =IF(AND(ISNUMBER(C4),ISNUMBER(G4)), C4-G4, "") -> -18389.94 | I4: =IFERROR(H4/G4, "") -> -0.23555483
A5: Mount Laurel - Igloo Ice Rink | B5: NJ | C5: 85751.3 | D5: 89643.66 | E5: =IF(AND(ISNUMBER(C5),ISNUMBER(D5)), C5-D5, "") -> -3892.36 | F5: =IFERROR(E5/D5, "") -> -0.04342036 | G5: 87647.26 | H5: =IF(AND(ISNUMBER(C5),ISNUMBER(G5)), C5-G5, "") -> -1895.96 | I5: =IFERROR(H5/G5, "") -> -0.021631709
E6: =IF(AND(ISNUMBER(C6),ISNUMBER(D6)), C6-D6, "") | F6: =IFERROR(E6/D6, "") | H6: =IF(AND(ISNUMBER(C6),ISNUMBER(G6)), C6-G6, "") | I6: =IFERROR(H6/G6, "")

Sheet Oct
A1: {=portfolio} -> Amergy Solar | D1: October Actual v. Expected | G1: October Actual v. Forecasted
A2: Total | C2: =SUM(C4:C100) -> 0 | D2: =SUM(D4:D100) -> 0 | E2: =C2-D2 -> 0 | F2: =IFERROR(E2/D2, 0) -> 0 | G2: =SUM(G4:G100) -> 0 | H2: =C2-G2 -> 0 | I2: =IFERROR(H2/G2, 0) -> 0 | J2: =IF(AND(TODAY()>DATE(2024, 10, 1), COUNTA(Sites[Site])<>(COUNT(C:C)-1)), "Some sites are missing actual data; if new sites were added, make sure they are aligned correctly (including prior months!)", "") -> Some sites are missing actual data; if new sites were added, make sure they are aligned correctly (including prior months!)
A3: Site | B3: State | C3: Actual | D3: Expected | E3: Delta | F3: % | G3: Forecasted | H3: Delta | I3: % | J3: Notes | K3: Service Requests
A4: {=Sites[Site]} -> Farmingdale - Howell Ice Arena | B4: {=Sites[State]} -> NJ | E4: =IF(AND(ISNUMBER(C4),ISNUMBER(D4)), C4-D4, "") | F4: =IFERROR(E4/D4, "") | H4: =IF(AND(ISNUMBER(C4),ISNUMBER(G4)), C4-G4, "") | I4: =IFERROR(H4/G4, "")
A5: Mount Laurel - Igloo Ice Rink | B5: NJ | E5: =IF(AND(ISNUMBER(C5),ISNUMBER(D5)), C5-D5, "") | F5: =IFERROR(E5/D5, "") | H5: =IF(AND(ISNUMBER(C5),ISNUMBER(G5)), C5-G5, "") | I5: =IFERROR(H5/G5, "")
E6: =IF(AND(ISNUMBER(C6),ISNUMBER(D6)), C6-D6, "") | F6: =IFERROR(E6/D6, "") | H6: =IF(AND(ISNUMBER(C6),ISNUMBER(G6)), C6-G6, "") | I6: =IFERROR(H6/G6, "")
E7: =IF(AND(ISNUMBER(C7),ISNUMBER(D7)), C7-D7, "") | F7: =IFERROR(E7/D7, "") | H7: =IF(AND(ISNUMBER(C7),ISNUMBER(G7)), C7-G7, "") | I7: =IFERROR(H7/G7, "")
E8: =IF(AND(ISNUMBER(C8),ISNUMBER(D8)), C8-D8, "") | F8: =IFERROR(E8/D8, "") | H8: =IF(AND(ISNUMBER(C8),ISNUMBER(G8)), C8-G8, "") | I8: =IFERROR(H8/G8, "")
E9: =IF(AND(ISNUMBER(C9),ISNUMBER(D9)), C9-D9, "") | F9: =IFERROR(E9/D9, "") | H9: =IF(AND(ISNUMBER(C9),ISNUMBER(G9)), C9-G9, "") | I9: =IFERROR(H9/G9, "")
E10: =IF(AND(ISNUMBER(C10),ISNUMBER(D10)), C10-D10, "") | F10: =IFERROR(E10/D10, "") | H10: =IF(AND(ISNUMBER(C10),ISNUMBER(G10)), C10-G10, "") | I10: =IFERROR(H10/G10, "")
E11: =IF(AND(ISNUMBER(C11),ISNUMBER(D11)), C11-D11, "") | F11: =IFERROR(E11/D11, "") | H11: =IF(AND(ISNUMBER(C11),ISNUMBER(G11)), C11-G11, "") | I11: =IFERROR(H11/G11, "")
E12: =IF(AND(ISNUMBER(C12),ISNUMBER(D12)), C12-D12, "") | F12: =IFERROR(E12/D12, "") | H12: =IF(AND(ISNUMBER(C12),ISNUMBER(G12)), C12-G12, "") | I12: =IFERROR(H12/G12, "")
E13: =IF(AND(ISNUMBER(C13),ISNUMBER(D13)), C13-D13, "") | F13: =IFERROR(E13/D13, "") | H13: =IF(AND(ISNUMBER(C13),ISNUMBER(G13)), C13-G13, "") | I13: =IFERROR(H13/G13, "")
E14: =IF(AND(ISNUMBER(C14),ISNUMBER(D14)), C14-D14, "") | F14: =IFERROR(E14/D14, "") | H14: =IF(AND(ISNUMBER(C14),ISNUMBER(G14)), C14-G14, "") | I14: =IFERROR(H14/G14, "")
E15: =IF(AND(ISNUMBER(C15),ISNUMBER(D15)), C15-D15, "") | F15: =IFERROR(E15/D15, "") | H15: =IF(AND(ISNUMBER(C15),ISNUMBER(G15)), C15-G15, "") | I15: =IFERROR(H15/G15, "")
E16: =IF(AND(ISNUMBER(C16),ISNUMBER(D16)), C16-D16, "") | F16: =IFERROR(E16/D16, "") | H16: =IF(AND(ISNUMBER(C16),ISNUMBER(G16)), C16-G16, "") | I16: =IFERROR(H16/G16, "")
E17: =IF(AND(ISNUMBER(C17),ISNUMBER(D17)), C17-D17, "") | F17: =IFERROR(E17/D17, "") | H17: =IF(AND(ISNUMBER(C17),ISNUMBER(G17)), C17-G17, "") | I17: =IFERROR(H17/G17, "")

Sheet Nov
A1: {=portfolio} -> Amergy Solar | D1: November Actual v. Expected | G1: November Actual v. Forecasted
A2: Total | C2: =SUM(C4:C100) -> 0 | D2: =SUM(D4:D100) -> 0 | E2: =C2-D2 -> 0 | F2: =IFERROR(E2/D2, 0) -> 0 | G2: =SUM(G4:G100) -> 0 | H2: =C2-G2 -> 0 | I2: =IFERROR(H2/G2, 0) -> 0 | J2: =IF(AND(TODAY()>DATE(2024, 11, 1), COUNTA(Sites[Site])<>(COUNT(C:C)-1)), "Some sites are missing actual data; if new sites were added, make sure they are aligned correctly (including prior months!)", "")
A3: Site | B3: State | C3: Actual | D3: Expected | E3: Delta | F3: % | G3: Forecasted | H3: Delta | I3: % | J3: Notes | K3: Service Requests
A4: {=Sites[Site]} -> Farmingdale - Howell Ice Arena | B4: {=Sites[State]} -> NJ | E4: =IF(AND(ISNUMBER(C4),ISNUMBER(D4)), C4-D4, "") | F4: =IFERROR(E4/D4, "") | H4: =IF(AND(ISNUMBER(C4),ISNUMBER(G4)), C4-G4, "") | I4: =IFERROR(H4/G4, "")
A5: Mount Laurel - Igloo Ice Rink | B5: NJ | E5: =IF(AND(ISNUMBER(C5),ISNUMBER(D5)), C5-D5, "") | F5: =IFERROR(E5/D5, "") | H5: =IF(AND(ISNUMBER(C5),ISNUMBER(G5)), C5-G5, "") | I5: =IFERROR(H5/G5, "")
E6: =IF(AND(ISNUMBER(C6),ISNUMBER(D6)), C6-D6, "") | F6: =IFERROR(E6/D6, "") | H6: =IF(AND(ISNUMBER(C6),ISNUMBER(G6)), C6-G6, "") | I6: =IFERROR(H6/G6, "")
E7: =IF(AND(ISNUMBER(C7),ISNUMBER(D7)), C7-D7, "") | F7: =IFERROR(E7/D7, "") | H7: =IF(AND(ISNUMBER(C7),ISNUMBER(G7)), C7-G7, "") | I7: =IFERROR(H7/G7, "")
E8: =IF(AND(ISNUMBER(C8),ISNUMBER(D8)), C8-D8, "") | F8: =IFERROR(E8/D8, "") | H8: =IF(AND(ISNUMBER(C8),ISNUMBER(G8)), C8-G8, "") | I8: =IFERROR(H8/G8, "")
E9: =IF(AND(ISNUMBER(C9),ISNUMBER(D9)), C9-D9, "") | F9: =IFERROR(E9/D9, "") | H9: =IF(AND(ISNUMBER(C9),ISNUMBER(G9)), C9-G9, "") | I9: =IFERROR(H9/G9, "")
E10: =IF(AND(ISNUMBER(C10),ISNUMBER(D10)), C10-D10, "") | F10: =IFERROR(E10/D10, "") | H10: =IF(AND(ISNUMBER(C10),ISNUMBER(G10)), C10-G10, "") | I10: =IFERROR(H10/G10, "")
E11: =IF(AND(ISNUMBER(C11),ISNUMBER(D11)), C11-D11, "") | F11: =IFERROR(E11/D11, "") | H11: =IF(AND(ISNUMBER(C11),ISNUMBER(G11)), C11-G11, "") | I11: =IFERROR(H11/G11, "")
E12: =IF(AND(ISNUMBER(C12),ISNUMBER(D12)), C12-D12, "") | F12: =IFERROR(E12/D12, "") | H12: =IF(AND(ISNUMBER(C12),ISNUMBER(G12)), C12-G12, "") | I12: =IFERROR(H12/G12, "")
E13: =IF(AND(ISNUMBER(C13),ISNUMBER(D13)), C13-D13, "") | F13: =IFERROR(E13/D13, "") | H13: =IF(AND(ISNUMBER(C13),ISNUMBER(G13)), C13-G13, "") | I13: =IFERROR(H13/G13, "")
E14: =IF(AND(ISNUMBER(C14),ISNUMBER(D14)), C14-D14, "") | F14: =IFERROR(E14/D14, "") | H14: =IF(AND(ISNUMBER(C14),ISNUMBER(G14)), C14-G14, "") | I14: =IFERROR(H14/G14, "")
E15: =IF(AND(ISNUMBER(C15),ISNUMBER(D15)), C15-D15, "") | F15: =IFERROR(E15/D15, "") | H15: =IF(AND(ISNUMBER(C15),ISNUMBER(G15)), C15-G15, "") | I15: =IFERROR(H15/G15, "")
E16: =IF(AND(ISNUMBER(C16),ISNUMBER(D16)), C16-D16, "") | F16: =IFERROR(E16/D16, "") | H16: =IF(AND(ISNUMBER(C16),ISNUMBER(G16)), C16-G16, "") | I16: =IFERROR(H16/G16, "")
E17: =IF(AND(ISNUMBER(C17),ISNUMBER(D17)), C17-D17, "") | F17: =IFERROR(E17/D17, "") | H17: =IF(AND(ISNUMBER(C17),ISNUMBER(G17)), C17-G17, "") | I17: =IFERROR(H17/G17, "")

Sheet Dec
A1: {=portfolio} -> Amergy Solar | D1: December Actual v. Expected | G1: December Actual v. Forecasted
A2: Total | C2: =SUM(C4:C100) -> 0 | D2: =SUM(D4:D100) -> 0 | E2: =C2-D2 -> 0 | F2: =IFERROR(E2/D2, 0) -> 0 | G2: =SUM(G4:G100) -> 0 | H2: =C2-G2 -> 0 | I2: =IFERROR(H2/G2, 0) -> 0 | J2: =IF(AND(TODAY()>DATE(2024, 12, 1), COUNTA(Sites[Site])<>(COUNT(C:C)-1)), "Some sites are missing actual data; if new sites were added, make sure they are aligned correctly (including prior months!)", "")
A3: Site | B3: State | C3: Actual | D3: Expected | E3: Delta | F3: % | G3: Forecasted | H3: Delta | I3: % | J3: Notes | K3: Service Requests
A4: {=Sites[Site]} -> Farmingdale - Howell Ice Arena | B4: {=Sites[State]} -> NJ | E4: =IF(AND(ISNUMBER(C4),ISNUMBER(D4)), C4-D4, "") | F4: =IFERROR(E4/D4, "") | H4: =IF(AND(ISNUMBER(C4),ISNUMBER(G4)), C4-G4, "") | I4: =IFERROR(H4/G4, "")
A5: Mount Laurel - Igloo Ice Rink | B5: NJ | E5: =IF(AND(ISNUMBER(C5),ISNUMBER(D5)), C5-D5, "") | F5: =IFERROR(E5/D5, "") | H5: =IF(AND(ISNUMBER(C5),ISNUMBER(G5)), C5-G5, "") | I5: =IFERROR(H5/G5, "")
E6: =IF(AND(ISNUMBER(C6),ISNUMBER(D6)), C6-D6, "") | F6: =IFERROR(E6/D6, "") | H6: =IF(AND(ISNUMBER(C6),ISNUMBER(G6)), C6-G6, "") | I6: =IFERROR(H6/G6, "")
E7: =IF(AND(ISNUMBER(C7),ISNUMBER(D7)), C7-D7, "") | F7: =IFERROR(E7/D7, "") | H7: =IF(AND(ISNUMBER(C7),ISNUMBER(G7)), C7-G7, "") | I7: =IFERROR(H7/G7, "")
E8: =IF(AND(ISNUMBER(C8),ISNUMBER(D8)), C8-D8, "") | F8: =IFERROR(E8/D8, "") | H8: =IF(AND(ISNUMBER(C8),ISNUMBER(G8)), C8-G8, "") | I8: =IFERROR(H8/G8, "")
E9: =IF(AND(ISNUMBER(C9),ISNUMBER(D9)), C9-D9, "") | F9: =IFERROR(E9/D9, "") | H9: =IF(AND(ISNUMBER(C9),ISNUMBER(G9)), C9-G9, "") | I9: =IFERROR(H9/G9, "")
E10: =IF(AND(ISNUMBER(C10),ISNUMBER(D10)), C10-D10, "") | F10: =IFERROR(E10/D10, "") | H10: =IF(AND(ISNUMBER(C10),ISNUMBER(G10)), C10-G10, "") | I10: =IFERROR(H10/G10, "")
E11: =IF(AND(ISNUMBER(C11),ISNUMBER(D11)), C11-D11, "") | F11: =IFERROR(E11/D11, "") | H11: =IF(AND(ISNUMBER(C11),ISNUMBER(G11)), C11-G11, "") | I11: =IFERROR(H11/G11, "")
E12: =IF(AND(ISNUMBER(C12),ISNUMBER(D12)), C12-D12, "") | F12: =IFERROR(E12/D12, "") | H12: =IF(AND(ISNUMBER(C12),ISNUMBER(G12)), C12-G12, "") | I12: =IFERROR(H12/G12, "")
E13: =IF(AND(ISNUMBER(C13),ISNUMBER(D13)), C13-D13, "") | F13: =IFERROR(E13/D13, "") | H13: =IF(AND(ISNUMBER(C13),ISNUMBER(G13)), C13-G13, "") | I13: =IFERROR(H13/G13, "")
E14: =IF(AND(ISNUMBER(C14),ISNUMBER(D14)), C14-D14, "") | F14: =IFERROR(E14/D14, "") | H14: =IF(AND(ISNUMBER(C14),ISNUMBER(G14)), C14-G14, "") | I14: =IFERROR(H14/G14, "")
E15: =IF(AND(ISNUMBER(C15),ISNUMBER(D15)), C15-D15, "") | F15: =IFERROR(E15/D15, "") | H15: =IF(AND(ISNUMBER(C15),ISNUMBER(G15)), C15-G15, "") | I15: =IFERROR(H15/G15, "")
E16: =IF(AND(ISNUMBER(C16),ISNUMBER(D16)), C16-D16, "") | F16: =IFERROR(E16/D16, "") | H16: =IF(AND(ISNUMBER(C16),ISNUMBER(G16)), C16-G16, "") | I16: =IFERROR(H16/G16, "")
E17: =IF(AND(ISNUMBER(C17),ISNUMBER(D17)), C17-D17, "") | F17: =IFERROR(E17/D17, "") | H17: =IF(AND(ISNUMBER(C17),ISNUMBER(G17)), C17-G17, "") | I17: =IFERROR(H17/G17, "")

Sheet Sites
A1: Portfolio: | B1: Amergy Solar
A3: Site DAS Name | B3: Site | C3: State | D3: Update | E3: DAS
A4: Howell Ice Arena | B4: Farmingdale - Howell Ice Arena | C4: NJ | D4: AEF | E4: PowerTrack
A5: Igloo | B5: Mount Laurel - Igloo Ice Rink | C5: NJ | D5: AEF | E5: PowerTrack
