Workbook
Name JanActual: #REF!
Name JanActual2: #REF!
Name JanExpected: #REF!
Name JanExpectedDelta: #REF!
Name JanExpectedPercent: #REF!
Name JanExpPercent: #REF!
Name JanForecasted: #REF!
Name JanForecastedDelta: #REF!
Name JanForecastedPercent: #REF!
Name portfolio: Sites!$B$1:$B$1
Name Year: Sites!#REF!

Sheet Year to Date
A1: {=portfolio} -> Creed Monarch - Roof | D1: Year to Date Actual v. Expected | G1: Year to Date Actual v. Forecasted
A2: Total | C2: =SUM(C4:C75) -> 749491.31 | D2: =SUM(D4:D75) -> 0 | E2: =C2-D2 -> 749491.31 | F2: =IFERROR(E2/D2, 0) -> 0 | G2: =SUM(G4:G75) -> 1066634.7 | H2: =C2-G2 -> -317143.4 | I2: =IFERROR(H2/G2, 0) -> -0.29733085
A3: Site | B3: State | C3: Actual | D3: Expected | E3: Delta | F3: % | G3: Forecasted | H3: Delta | I3: %
A4: {=Sites[Site]} -> CT: New Britain - Creed Monarch | B4: {=Sites[State]} -> CT | C4: =SUM('1st Qtr'!C4, '2nd Qtr'!C4, '3rd Qtr'!C4, '4th Qtr'!C4) -> 749491.31 | D4: =SUM('1st Qtr'!D4, '2nd Qtr'!D4, '3rd Qtr'!D4, '4th Qtr'!D4) -> 0 | E4: =IF(AND(ISNUMBER(C4),ISNUMBER(D4)), C4-D4, "") -> 749491.31 | F4: =IFERROR(E4/D4, "") | G4: =SUM('1st Qtr'!G4, '2nd Qtr'!G4, '3rd Qtr'!G4, '4th Qtr'!G4) -> 1066634.7 | H4: =SUM('1st Qtr'!H4, '2nd Qtr'!H4, '3rd Qtr'!H4, '4th Qtr'!H4) -> -317143.4 | I4: =IFERROR(H4/G4, "") -> -0.29733085

Sheet 1st Qtr
A1: {=portfolio} -> Creed Monarch - Roof | D1: 1st Quarter Actual v. Expected | G1: 1st Quarter Actual v. Forecasted
A2: Total | C2: =SUM(C4:C75) -> 159443.52 | D2: =SUM(D4:D75) -> 0 | E2: =C2-D2 -> 159443.52 | F2: =IFERROR(E2/D2, 0) -> 0 | G2: =SUM(G4:G75) -> 236807.81 | H2: =C2-G2 -> -77364.293 | I2: =IFERROR(H2/G2, 0) -> -0.32669654
A3: Site | B3: State | C3: Actual | D3: Expected | E3: Delta | F3: % | G3: Forecasted | H3: Delta | I3: %
A4: {=Sites[Site]} -> CT: New Britain - Creed Monarch | B4: {=Sites[State]} -> CT | C4: =SUM(Jan!C4, Feb!C4, Mar!C4) -> 159443.52 | D4: =SUM(Jan!D4, Feb!D4, Mar!D4) -> 0 | E4: =IF(AND(ISNUMBER(C4),ISNUMBER(D4)), C4-D4, "") -> 159443.52 | F4: =IFERROR(E4/D4, "") | G4: =SUM(Jan!G4, Feb!G4, Mar!G4) -> 236807.81 | H4: =SUM(Jan!H4, Feb!H4, Mar!H4) -> -77364.293 | I4: =IFERROR(H4/G4, "") -> -0.32669654

Sheet 2nd Qtr
A1: {=portfolio} -> Creed Monarch - Roof | D1: 2nd Quarter Actual v. Expected | G1: 2nd Quarter Actual v. Forecasted
A2: Total | C2: =SUM(C4:C75) -> 268687.54 | D2: =SUM(D4:D75) -> 0 | E2: =C2-D2 -> 268687.54 | F2: =IFERROR(E2/D2, 0) -> 0 | G2: =SUM(G4:G75) -> 432176.3 | H2: =C2-G2 -> -163488.76 | I2: =IFERROR(H2/G2, 0) -> -0.37829182
A3: Site | B3: State | C3: Actual | D3: Expected | E3: Delta | F3: % | G3: Forecasted | H3: Delta | I3: %
A4: {=Sites[Site]} -> CT: New Britain - Creed Monarch | B4: {=Sites[State]} -> CT | C4: =SUM(Apr!C4, May!C4, Jun!C4) -> 268687.54 | D4: =SUM(Apr!D4, May!D4, Jun!D4) -> 0 | E4: =IF(AND(ISNUMBER(C4),ISNUMBER(D4)), C4-D4, "") -> 268687.54 | F4: =IFERROR(E4/D4, "") | G4: =SUM(Apr!G4,May!G4,Jun!G4) -> 432176.3 | H4: =SUM(Apr!H4, May!H4, Jun!H4) -> -163488.76 | I4: =IFERROR(H4/G4, "") -> -0.37829182

Sheet 3rd Qtr
A1: {=portfolio} -> Creed Monarch - Roof | D1: 3rd Quarter Actual v. Expected | G1: 3rd Quarter Actual v. Forecasted
A2: Total | C2: =SUM(C4:C75) -> 321360.25 | D2: =SUM(D4:D75) -> 0 | E2: =C2-D2 -> 321360.25 | F2: =IFERROR(E2/D2, 0) -> 0 | G2: =SUM(G4:G75) -> 397650.6 | H2: =C2-G2 -> -76290.35 | I2: =IFERROR(H2/G2, 0) -> -0.19185272
A3: Site | B3: State | C3: Actual | D3: Expected | E3: Delta | F3: % | G3: Forecasted | H3: Delta | I3: %
A4: {=Sites[Site]} -> CT: New Britain - Creed Monarch | B4: {=Sites[State]} -> CT | C4: =SUM(Jul!C4, Aug!C4, Sep!C4) -> 321360.25 | D4: =SUM(Jul!D4, Aug!D4, Sep!D4) -> 0 | E4: =IF(AND(ISNUMBER(C4),ISNUMBER(D4)), C4-D4, "") -> 321360.25 | F4: =IFERROR(E4/D4, "") | G4: =SUM(Jul!G4,Aug!G4,Sep!G4) -> 397650.6 | H4: =SUM(Jul!H4, Aug!H4, Sep!H4) -> -76290.35 | I4: =IFERROR(H4/G4, "") -> -0.19185272

Sheet 4th Qtr
A1: {=portfolio} -> Creed Monarch - Roof | D1: 4th Quarter Actual v. Expected | G1: 4th Quarter Actual v. Forecasted
A2: Total | C2: =SUM(C4:C75) -> 0 | D2: =SUM(D4:D75) -> 0 | E2: =C2-D2 -> 0 | F2: =IFERROR(E2/D2, 0) -> 0 | G2: =SUM(G4:G75) -> 0 | H2: =C2-G2 -> 0 | I2: =IFERROR(H2/G2, 0) -> 0
A3: Site | B3: State | C3: Actual | D3: Expected | E3: Delta | F3: % | G3: Forecasted | H3: Delta | I3: %
A4: {=Sites[Site]} -> CT: New Britain - Creed Monarch | B4: {=Sites[State]} -> CT | C4: =SUM(Oct!C4, Nov!C4, Dec!C4) -> 0 | D4: =SUM(Oct!D4, Nov!D4, Dec!D4) -> 0 | E4: =IF(AND(ISNUMBER(C4),ISNUMBER(D4)), C4-D4, "") -> 0 | F4: =IFERROR(E4/D4, "") | H4: =SUM(Oct!H4, Nov!H4, Dec!H4) -> 0 | I4: =IFERROR(H4/G4, "")

Sheet Jan
A1: {=portfolio} -> Creed Monarch - Roof | D1: January Actual v. Expected | G1: January Actual v. Forecasted
A2: Total | C2: =SUM(C4:C74) -> 22388.47 | D2: =SUM(D4:D74) -> 0 | E2: =C2-D2 -> 22388.47 | F2: =IFERROR(E2/D2, 0) -> 0 | G2: =SUM(G4:G74) -> 57340 | H2: =C2-G2 -> -34951.53 | I2: =IFERROR(H2/G2, 0) -> -0.60954883 | J2: =IF(AND(TODAY()>DATE(2024, 1, 1), COUNTA(Sites[Site])<>(COUNT(C:C)-1)), "Some sites are missing actual data; if new sites were added, make sure they are aligned correctly (including prior months!)", "")
A3: Site | B3: State | C3: Actual | D3: Expected | E3: Delta | F3: % | G3: Forecasted | H3: Delta | I3: % | J3: Notes | K3: Service Requests
A4: {=Sites[Site]} -> CT: New Britain - Creed Monarch | B4: {=Sites[State]} -> CT | C4: 22388.47 | D4: 0 | E4: =IF(AND(ISNUMBER(C4),ISNUMBER(D4)), C4-D4, "") -> 22388.47 | F4: =IFERROR(E4/D4, "") | G4: 57340 | H4: =IF(AND(ISNUMBER(C4),ISNUMBER(G4)), C4-G4, "") -> -34951.53 | I4: =IFERROR(H4/G4, "") -> -0.60954883

Sheet Feb
A1: {=portfolio} -> Creed Monarch - Roof | D1: February Actual v. Expected | G1: February Actual v. Forecasted
A2: Total | C2: =SUM(C4:C75) -> 43907.63 | D2: =SUM(D4:D75) -> 0 | E2: =C2-D2 -> 43907.63 | F2: =IFERROR(E2/D2, 0) -> 0 | G2: =SUM(G4:G75) -> 73689.025 | H2: =C2-G2 -> -29781.395 | I2: =IFERROR(H2/G2, 0) -> -0.40414967 | J2: =IF(AND(TODAY()>DATE(2024, 2, 1), COUNTA(Sites[Site])<>(COUNT(C:C)-1)), "Some sites are missing actual data; if new sites were added, make sure they are aligned correctly (including prior months!)", "")
A3: Site | B3: State | C3: Actual | D3: Expected | E3: Delta | F3: % | G3: Forecasted | H3: Delta | I3: % | J3: Notes | K3: Service Requests
A4: {=Sites[Site]} -> CT: New Britain - Creed Monarch | B4: {=Sites[State]} -> CT | C4: 43907.63 | D4: 0 | E4: =IF(AND(ISNUMBER(C4),ISNUMBER(D4)), C4-D4, "") -> 43907.63 | F4: =IFERROR(E4/D4, "") | G4: 73689.025 | H4: =IF(AND(ISNUMBER(C4),ISNUMBER(G4)), C4-G4, "") -> -29781.395 | I4: =IFERROR(H4/G4, "") -> -0.40414967

Sheet Mar
A1: {=portfolio} -> Creed Monarch - Roof | D1: March Actual v. Expected | G1: March Actual v. Forecasted
A2: Total | C2: =SUM(C4:C75) -> 93147.42 | D2: =SUM(D4:D75) -> 0 | E2: =C2-D2 -> 93147.42 | F2: =IFERROR(E2/D2, 0) -> 0 | G2: =SUM(G4:G75) -> 105778.79 | H2: =C2-G2 -> -12631.368 | I2: =IFERROR(H2/G2, 0) -> -0.11941305 | J2: =IF(AND(TODAY()>DATE(2024, 3, 1), COUNTA(Sites[Site])<>(COUNT(C:C)-1)), "Some sites are missing actual data; if new sites were added, make sure they are aligned correctly (including prior months!)", "")
A3: Site | B3: State | C3: Actual | D3: Expected | E3: Delta | F3: % | G3: Forecasted | H3: Delta | I3: % | J3: Notes | K3: Service Requests
A4: {=Sites[Site]} -> CT: New Britain - Creed Monarch | B4: {=Sites[State]} -> CT | C4: 93147.42 | D4: 0 | E4: =IF(AND(ISNUMBER(C4),ISNUMBER(D4)), C4-D4, "") -> 93147.42 | F4: =IFERROR(E4/D4, "") | G4: 105778.79 | H4: =IF(AND(ISNUMBER(C4),ISNUMBER(G4)), C4-G4, "") -> -12631.368 | I4: =IFERROR(H4/G4, "") -> -0.11941305

Sheet Apr
A1: {=portfolio} -> Creed Monarch - Roof | D1: April Actual v. Expected | G1: April Actual v. Forecasted
A2: Total | C2: =SUM(C4:C75) -> 3262.181 | D2: =SUM(D4:D75) -> 0 | E2: =C2-D2 -> 3262.181 | F2: =IFERROR(E2/D2, 0) -> 0 | G2: =SUM(G4:G75) -> 129887.5 | H2: =C2-G2 -> -126625.32 | I2: =IFERROR(H2/G2, 0) -> -0.97488457 | J2: =IF(AND(TODAY()>DATE(2024, 4, 1), COUNTA(Sites[Site])<>(COUNT(C:C)-1)), "Some sites are missing actual data; if new sites were added, make sure they are aligned correctly (including prior months!)", "")
A3: Site | B3: State | C3: Actual | D3: Expected | E3: Delta | F3: % | G3: Forecasted | H3: Delta | I3: % | J3: Notes | K3: Service Requests
A4: {=Sites[Site]} -> CT: New Britain - Creed Monarch | B4: {=Sites[State]} -> CT | C4: 3262.181 | D4: 0 | E4: =IF(AND(ISNUMBER(C4),ISNUMBER(D4)), C4-D4, "") -> 3262.181 | F4: =IFERROR(E4/D4, "") | G4: 129887.5 | H4: =IF(AND(ISNUMBER(C4),ISNUMBER(G4)), C4-G4, "") -> -126625.32 | I4: =IFERROR(H4/G4, "") -> -0.97488457 | J4: 1. Site was taken offline due to removal of feeders on 04/03 at 13:15 throughout the month. | K4: 1. SR083003

Sheet May
A1: {=portfolio} -> Creed Monarch - Roof | D1: May Actual v. Expected | G1: May Actual v. Forecasted
A2: Total | C2: =SUM(C4:C75) -> 126239.34 | D2: =SUM(D4:D75) -> 0 | E2: =C2-D2 -> 126239.34 | F2: =IFERROR(E2/D2, 0) -> 0 | G2: =SUM(G4:G75) -> 146109.4 | H2: =C2-G2 -> -19870.06 | I2: =IFERROR(H2/G2, 0) -> -0.1359944 | J2: =IF(AND(TODAY()>DATE(2024, 5, 1), COUNTA(Sites[Site])<>(COUNT(C:C)-1)), "Some sites are missing actual data; if new sites were added, make sure they are aligned correctly (including prior months!)", "")
A3: Site | B3: State | C3: Actual | D3: Expected | E3: Delta | F3: % | G3: Forecasted | H3: Delta | I3: % | J3: Notes | K3: Service Requests
A4: {=Sites[Site]} -> CT: New Britain - Creed Monarch | B4: {=Sites[State]} -> CT | C4: 126239.34 | D4: 0 | E4: =IF(AND(ISNUMBER(C4),ISNUMBER(D4)), C4-D4, "") -> 126239.34 | F4: =IFERROR(E4/D4, "") | G4: 146109.4 | H4: =IF(AND(ISNUMBER(C4),ISNUMBER(G4)), C4-G4, "") -> -19870.06 | I4: =IFERROR(H4/G4, "") -> -0.1359944 | J4: 1. Site back online on 05/01 at 11:30 | K4: 1. SR083003

Sheet Jun
A1: {=portfolio} -> Creed Monarch - Roof | D1: June Actual v. Expected | G1: June Actual v. Forecasted
A2: Total | C2: =SUM(C4:C75) -> 139186.02 | D2: =SUM(D4:D75) -> 0 | E2: =C2-D2 -> 139186.02 | F2: =IFERROR(E2/D2, 0) -> 0 | G2: =SUM(G4:G75) -> 156179.4 | H2: =C2-G2 -> -16993.38 | I2: =IFERROR(H2/G2, 0) -> -0.1088068 | J2: =IF(AND(TODAY()>DATE(2024, 6, 1), COUNTA(Sites[Site])<>(COUNT(C:C)-1)), "Some sites are missing actual data; if new sites were added, make sure they are aligned correctly (including prior months!)", "")
A3: Site | B3: State | C3: Actual | D3: Expected | E3: Delta | F3: % | G3: Forecasted | H3: Delta | I3: % | J3: Notes | K3: Service Requests
A4: {=Sites[Site]} -> CT: New Britain - Creed Monarch | B4: {=Sites[State]} -> CT | C4: 139186.02 | D4: 0 | E4: =IF(AND(ISNUMBER(C4),ISNUMBER(D4)), C4-D4, "") -> 139186.02 | F4: =IFERROR(E4/D4, "") | G4: 156179.4 | H4: =IF(AND(ISNUMBER(C4),ISNUMBER(G4)), C4-G4, "") -> -16993.38 | I4: =IFERROR(H4/G4, "") -> -0.1088068 | J4: 1. Inverter 4 left unit tripped offline on 06/25 at 11:30 throughout the month | K4: 1. SR086956

Sheet Jul
A1: {=portfolio} -> Creed Monarch - Roof | D1: July Actual v. Expected | G1: July Actual v. Forecasted
A2: Total | C2: =SUM(C4:C75) -> 124851.12 | D2: =SUM(D4:D75) -> 0 | E2: =C2-D2 -> 124851.12 | F2: =IFERROR(E2/D2, 0) -> 0 | G2: =SUM(G4:G75) -> 153133.6 | H2: =C2-G2 -> -28282.48 | I2: =IFERROR(H2/G2, 0) -> -0.18469154 | J2: =IF(AND(TODAY()>DATE(2024, 7, 1), COUNTA(Sites[Site])<>(COUNT(C:C)-1)), "Some sites are missing actual data; if new sites were added, make sure they are aligned correctly (including prior months!)", "")
A3: Site | B3: State | C3: Actual | D3: Expected | E3: Delta | F3: % | G3: Forecasted | H3: Delta | I3: % | J3: Notes | K3: Service Requests
A4: {=Sites[Site]} -> CT: New Britain - Creed Monarch | B4: {=Sites[State]} -> CT | C4: 124851.12 | D4: 0 | E4: =IF(AND(ISNUMBER(C4),ISNUMBER(D4)), C4-D4, "") -> 124851.12 | F4: =IFERROR(E4/D4, "") | G4: 153133.6 | H4: =IF(AND(ISNUMBER(C4),ISNUMBER(G4)), C4-G4, "") -> -28282.48 | I4: =IFERROR(H4/G4, "") -> -0.18469154 | J4: 1. Inverter 4 left unit tripped offline at 11:52 on 06/25 and back online at 11 on 07/03/2024. 2. Inverter 6 left unit tripped offline at 17:00 on 07/02 and back online at 9:52 on 07/16/2024. 3. Inverter 7 right unit tripped offline at 11:47 on 07/11 and back online at 11:52 on 07/18. 4. Inverter 5 left unit tripped offline at 14:52 on 07/11 and offline throughout the month. | K4: 1. SR086956. 2. SR087368. 3. SR087605. 4. SR087606.

Sheet Aug
A1: {=portfolio} -> Creed Monarch - Roof | D1: August Actual v. Expected | G1: August Actual v. Forecasted
A2: Total | C2: =SUM(C4:C75) -> 105762.24 | D2: =SUM(D4:D75) -> 0 | E2: =C2-D2 -> 105762.24 | F2: =IFERROR(E2/D2, 0) -> 0 | G2: =SUM(G4:G75) -> 137358.2 | H2: =C2-G2 -> -31595.96 | I2: =IFERROR(H2/G2, 0) -> -0.23002602 | J2: =IF(AND(TODAY()>DATE(2024, 8, 1), COUNTA(Sites[Site])<>(COUNT(C:C)-1)), "Some sites are missing actual data; if new sites were added, make sure they are aligned correctly (including prior months!)", "")
A3: Site | B3: State | C3: Actual | D3: Expected | E3: Delta | F3: % | G3: Forecasted | H3: Delta | I3: % | J3: Notes | K3: Service Requests
A4: {=Sites[Site]} -> CT: New Britain - Creed Monarch | B4: {=Sites[State]} -> CT | C4: 105762.24 | D4: 0 | E4: =IF(AND(ISNUMBER(C4),ISNUMBER(D4)), C4-D4, "") -> 105762.24 | F4: =IFERROR(E4/D4, "") | G4: 137358.2 | H4: =IF(AND(ISNUMBER(C4),ISNUMBER(G4)), C4-G4, "") -> -31595.96 | I4: =IFERROR(H4/G4, "") -> -0.23002602 | J4: 1. Inverter 5 left unit tripped offline since 07/11. | K4: 1. SR089217.

Sheet Sep
A1: {=portfolio} -> Creed Monarch - Roof | D1: September Actual v. Expected | G1: September Actual v. Forecasted
A2: Total | C2: =SUM(C4:C75) -> 90746.89 | D2: =SUM(D4:D75) -> 0 | E2: =C2-D2 -> 90746.89 | F2: =IFERROR(E2/D2, 0) -> 0 | G2: =SUM(G4:G75) -> 107158.8 | H2: =C2-G2 -> -16411.91 | I2: =IFERROR(H2/G2, 0) -> -0.15315504 | J2: =IF(AND(TODAY()>DATE(2024, 9, 1), COUNTA(Sites[Site])<>(COUNT(C:C)-1)), "Some sites are missing actual data; if new sites were added, make sure they are aligned correctly (including prior months!)", "")
A3: Site | B3: State | C3: Actual | D3: Expected | E3: Delta | F3: % | G3: Forecasted | H3: Delta | I3: % | J3: Notes | K3: Service Requests
A4: {=Sites[Site]} -> CT: New Britain - Creed Monarch | B4: {=Sites[State]} -> CT | C4: 90746.89 | D4: 0 | E4: =IF(AND(ISNUMBER(C4),ISNUMBER(D4)), C4-D4, "") -> 90746.89 | F4: =IFERROR(E4/D4, "") | G4: 107158.8 | H4: =IF(AND(ISNUMBER(C4),ISNUMBER(G4)), C4-G4, "") -> -16411.91 | I4: =IFERROR(H4/G4, "") -> -0.15315504 | J4: 1. Inverter 5 left unit tripped offline since 07/11. | K4: 1. SR089217.

Sheet Oct
A1: {=portfolio} -> Creed Monarch - Roof | D1: October Actual v. Expected | G1: October Actual v. Forecasted
A2: Total | C2: =SUM(C4:C75) -> 0 | D2: =SUM(D4:D75) -> 0 | E2: =C2-D2 -> 0 | F2: =IFERROR(E2/D2, 0) -> 0 | G2: =SUM(G4:G75) -> 0 | H2: =C2-G2 -> 0 | I2: =IFERROR(H2/G2, 0) -> 0 | J2: =IF(AND(TODAY()>DATE(2024, 10, 1), COUNTA(Sites[Site])<>(COUNT(C:C)-1)), "Some sites are missing actual data; if new sites were added, make sure they are aligned correctly (including prior months!)", "") -> Some sites are missing actual data; if new sites were added, make sure they are aligned correctly (including prior months!)
A3: Site | B3: State | C3: Actual | D3: Expected | E3: Delta | F3: % | G3: Forecasted | H3: Delta | I3: % | J3: Notes | K3: Service Requests
A4: {=Sites[Site]} -> CT: New Britain - Creed Monarch | B4: {=Sites[State]} -> CT | E4: =IF(AND(ISNUMBER(C4),ISNUMBER(D4)), C4-D4, "") | F4: =IFERROR(E4/D4, "") | H4: =IF(AND(ISNUMBER(C4),ISNUMBER(G4)), C4-G4, "") | I4: =IFERROR(H4/G4, "")

Sheet Nov
A1: {=portfolio} -> Creed Monarch - Roof | D1: November Actual v. Expected | G1: November Actual v. Forecasted
A2: Total | C2: =SUM(C4:C75) -> 0 | D2: =SUM(D4:D75) -> 0 | E2: =C2-D2 -> 0 | F2: =IFERROR(E2/D2, 0) -> 0 | G2: =SUM(G4:G75) -> 0 | H2: =C2-G2 -> 0 | I2: =IFERROR(H2/G2, 0) -> 0 | J2: =IF(AND(TODAY()>DATE(2024, 11, 1), COUNTA(Sites[Site])<>(COUNT(C:C)-1)), "Some sites are missing actual data; if new sites were added, make sure they are aligned correctly (including prior months!)", "")
A3: Site | B3: State | C3: Actual | D3: Expected | E3: Delta | F3: % | G3: Forecasted | H3: Delta | I3: % | J3: Notes | K3: Service Requests
A4: {=Sites[Site]} -> CT: New Britain - Creed Monarch | B4: {=Sites[State]} -> CT | E4: =IF(AND(ISNUMBER(C4),ISNUMBER(D4)), C4-D4, "") | F4: =IFERROR(E4/D4, "") | H4: =IF(AND(ISNUMBER(C4),ISNUMBER(G4)), C4-G4, "") | I4: =IFERROR(H4/G4, "")

Sheet Dec
A1: {=portfolio} -> Creed Monarch - Roof | D1: December Actual v. Expected | G1: December Actual v. Forecasted
A2: Total | C2: =SUM(C4:C75) -> 0 | D2: =SUM(D4:D75) -> 0 | E2: =C2-D2 -> 0 | F2: =IFERROR(E2/D2, 0) -> 0 | G2: =SUM(G4:G75) -> 0 | H2: =C2-G2 -> 0 | I2: =IFERROR(H2/G2, 0) -> 0 | J2: =IF(AND(TODAY()>DATE(2024, 12, 1), COUNTA(Sites[Site])<>(COUNT(C:C)-1)), "Some sites are missing actual data; if new sites were added, make sure they are aligned correctly (including prior months!)", "")
A3: Site | B3: State | C3: Actual | D3: Expected | E3: Delta | F3: % | G3: Forecasted | H3: Delta | I3: % | J3: Notes | K3: Service Requests
A4: {=Sites[Site]} -> CT: New Britain - Creed Monarch | B4: {=Sites[State]} -> CT | E4: =IF(AND(ISNUMBER(C4),ISNUMBER(D4)), C4-D4, "") | F4: =IFERROR(E4/D4, "") | H4: =IF(AND(ISNUMBER(C4),ISNUMBER(G4)), C4-G4, "") | I4: =IFERROR(H4/G4, "")

Sheet Sites
A1: Portfolio: | B1: Creed Monarch - Roof
A3: Site DAS Name | B3: Site | C3: State | D3: Update | E3: DAS
A4: Creed Monarch - Roof | B4: CT: New Britain - Creed Monarch | C4: CT | D4: AF | E4: PowerTrack
