Workbook
Name JanActual: #REF!
Name JanActual2: #REF!
Name JanExpected: #REF!
Name JanExpectedDelta: #REF!
Name JanExpectedPercent: #REF!
Name JanExpPercent: #REF!
Name JanForecasted: #REF!
Name JanForecastedDelta: #REF!
Name JanForecastedPercent: #REF!
Name portfolio: Sites!$B$1:$B$1
Name Year: Sites!#REF!

Sheet Year to Date
A1: {=portfolio} -> Lake Havasu USD | D1: Year to Date Actual v. Expected | G1: Year to Date Actual v. Forecasted
A2: Total | C2: =SUM(C4:C91) -> 344765 | D2: =SUM(D4:D91) -> 333071.93 | E2: =C2-D2 -> 11693.07 | F2: =IFERROR(E2/D2, 0) -> 0.035106741 | G2: =SUM(G4:G91) -> 0 | H2: =C2-G2 -> 344765 | I2: =IFERROR(H2/G2, 0) -> 0
A3: Site | B3: State | C3: Actual | D3: Expected | E3: Delta | F3: % | G3: Forecasted | H3: Delta | I3: %
A4: {=Sites[Site]} -> AZ: Lake Havasu - District Office | B4: {=Sites[State]} -> AZ | C4: =SUM('1st Qtr'!C4, '2nd Qtr'!C4, '3rd Qtr'!C4, '4th Qtr'!C4) -> 270854 | D4: =SUM('1st Qtr'!D4, '2nd Qtr'!D4, '3rd Qtr'!D4, '4th Qtr'!D4) -> 253328.57 | E4: =IF(AND(ISNUMBER(C4),ISNUMBER(D4)), C4-D4, "") -> 17525.43 | F4: =IFERROR(E4/D4, "") -> 0.06918063 | G4: =SUM('1st Qtr'!G4,'2nd Qtr'!G4,'3rd Qtr'!G4,'4th Qtr'!G4) -> 0 | H4: =SUM('1st Qtr'!H4, '2nd Qtr'!H4, '3rd Qtr'!H4, '4th Qtr'!H4) -> 270854 | I4: =IFERROR(H4/G4, 0) -> 0
A5: AZ: Lake Havasu - HS Library | B5: AZ | C5: =SUM(Jan!C5, Feb!C5, Mar!C5) -> 31104 | D5: =SUM(Jan!D5, Feb!D5, Mar!D5) -> 35099.29 | E5: =IF(AND(ISNUMBER(C5),ISNUMBER(D5)), C5-D5, "") -> -3995.29 | F5: =IFERROR(E5/D5, "") -> -0.11382823 | G5: =SUM('1st Qtr'!G5,'2nd Qtr'!G5,'3rd Qtr'!G5,'4th Qtr'!G5) -> 0 | H5: =SUM(Jan!H5, Feb!H5, Mar!H5) -> 31104 | I5: =IFERROR(H5/G5, 0) -> 0
A6: AZ: Lake Havasu- Performing Arts | B6: AZ | C6: =SUM(Jan!C6, Feb!C6, Mar!C6) -> 42807 | D6: =SUM(Jan!D6, Feb!D6, Mar!D6) -> 44644.07 | E6: =IF(AND(ISNUMBER(C6),ISNUMBER(D6)), C6-D6, "") -> -1837.07 | F6: =IFERROR(E6/D6, "") -> -0.04114925 | G6: =SUM('1st Qtr'!G6,'2nd Qtr'!G6,'3rd Qtr'!G6,'4th Qtr'!G6) -> 0 | H6: =SUM(Jan!H6, Feb!H6, Mar!H6) -> 42807 | I6: =IFERROR(H6/G6, 0) -> 0

Sheet 1st Qtr
A1: {=portfolio} -> Lake Havasu USD | D1: 1st Quarter Actual v. Expected | G1: 1st Quarter Actual v. Forecasted
A2: Total | C2: =SUM(C4:C91) -> 140423 | D2: =SUM(D4:D91) -> 132268.19 | E2: =C2-D2 -> 8154.81 | F2: =IFERROR(E2/D2, 0) -> 0.061653599 | G2: =SUM(G4:G91) -> 0 | H2: =C2-G2 -> 140423 | I2: =IFERROR(H2/G2, 0) -> 0
A3: Site | B3: State | C3: Actual | D3: Expected | E3: Delta | F3: % | G3: Forecasted | H3: Delta | I3: %
A4: {=Sites[Site]} -> AZ: Lake Havasu - District Office | B4: {=Sites[State]} -> AZ | C4: =SUM(Jan!C4, Feb!C4, Mar!C4) -> 66512 | D4: =SUM(Jan!D4, Feb!D4, Mar!D4) -> 52524.83 | E4: =IF(AND(ISNUMBER(C4),ISNUMBER(D4)), C4-D4, "") -> 13987.17 | F4: =IFERROR(E4/D4, "") -> 0.26629634 | G4: =SUM(Jan!G4, Feb!G4, Mar!G4) -> 0 | H4: =SUM(Jan!H4, Feb!H4, Mar!H4) -> 66512 | I4: =IFERROR(H4/G4, 0) -> 0
A5: AZ: Lake Havasu - HS Library | B5: AZ | C5: =SUM(Jan!C5, Feb!C5, Mar!C5) -> 31104 | D5: =SUM(Jan!D5, Feb!D5, Mar!D5) -> 35099.29 | E5: =IF(AND(ISNUMBER(C5),ISNUMBER(D5)), C5-D5, "") -> -3995.29 | F5: =IFERROR(E5/D5, "") -> -0.11382823 | G5: =SUM(Jan!G5, Feb!G5, Mar!G5) -> 0 | H5: =SUM(Jan!H5, Feb!H5, Mar!H5) -> 31104 | I5: =IFERROR(H5/G5, 0) -> 0
A6: AZ: Lake Havasu- Performing Arts | B6: AZ | C6: =SUM(Jan!C6, Feb!C6, Mar!C6) -> 42807 | D6: =SUM(Jan!D6, Feb!D6, Mar!D6) -> 44644.07 | E6: =IF(AND(ISNUMBER(C6),ISNUMBER(D6)), C6-D6, "") -> -1837.07 | F6: =IFERROR(E6/D6, "") -> -0.04114925 | G6: =SUM(Jan!G6, Feb!G6, Mar!G6) -> 0 | H6: =SUM(Jan!H6, Feb!H6, Mar!H6) -> 42807 | I6: =IFERROR(H6/G6, 0) -> 0

Sheet 2nd Qtr
A1: {=portfolio} -> Lake Havasu USD | D1: 2nd Quarter Actual v. Expected | G1: 2nd Quarter Actual v. Forecasted
A2: Total | C2: =SUM(C4:C91) -> 216026 | D2: =SUM(D4:D91) -> 226225.04 | E2: =C2-D2 -> -10199.04 | F2: =IFERROR(E2/D2, 0) -> -0.045083603 | G2: =SUM(G4:G91) -> 0 | H2: =C2-G2 -> 216026 | I2: =IFERROR(H2/G2, 0) -> 0
A3: Site | B3: State | C3: Actual | D3: Expected | E3: Delta | F3: % | G3: Forecasted | H3: Delta | I3: %
A4: {=Sites[Site]} -> AZ: Lake Havasu - District Office | B4: {=Sites[State]} -> AZ | C4: =SUM(Apr!C4, May!C4, Jun!C4) -> 106156 | D4: =SUM(Apr!D4, May!D4, Jun!D4) -> 106173.38 | E4: =IF(AND(ISNUMBER(C4),ISNUMBER(D4)), C4-D4, "") -> -17.38 | F4: =IFERROR(E4/D4, "") -> -0.00016369452 | G4: =SUM(Apr!G4,May!G4,Jun!G4) -> 0 | H4: =SUM(Apr!H4, May!H4, Jun!H4) -> 106156 | I4: =IFERROR(H4/G4, "")
A5: AZ: Lake Havasu - HS Library | B5: AZ | C5: =SUM(Apr!C5, May!C5, Jun!C5) -> 48611 | D5: =SUM(Apr!D5, May!D5, Jun!D5) -> 47676.27 | E5: =IF(AND(ISNUMBER(C5),ISNUMBER(D5)), C5-D5, "") -> 934.73 | F5: =IFERROR(E5/D5, "") -> 0.01960577 | G5: =SUM(Apr!G5,May!G5,Jun!G5) -> 0 | H5: =SUM(Apr!H5, May!H5, Jun!H5) -> 48611 | I5: =IFERROR(H5/G5, "")
A6: AZ: Lake Havasu- Performing Arts | B6: AZ | C6: =SUM(Apr!C6, May!C6, Jun!C6) -> 61259 | D6: =SUM(Apr!D6, May!D6, Jun!D6) -> 72375.39 | E6: =IF(AND(ISNUMBER(C6),ISNUMBER(D6)), C6-D6, "") -> -11116.39 | F6: =IFERROR(E6/D6, "") -> -0.15359351 | G6: =SUM(Apr!G6,May!G6,Jun!G6) -> 0 | H6: =SUM(Apr!H6, May!H6, Jun!H6) -> 61259 | I6: =IFERROR(H6/G6, "")

Sheet 3rd Qtr
A1: {=portfolio} -> Lake Havasu USD | D1: 3rd Quarter Actual v. Expected | G1: 3rd Quarter Actual v. Forecasted
A2: Total | C2: =SUM(C4:C91) -> 179853 | D2: =SUM(D4:D91) -> 200677.49 | E2: =C2-D2 -> -20824.49 | F2: =IFERROR(E2/D2, 0) -> -0.10377093 | G2: =SUM(G4:G91) -> 0 | H2: =C2-G2 -> 179853 | I2: =IFERROR(H2/G2, 0) -> 0
A3: Site | B3: State | C3: Actual | D3: Expected | E3: Delta | F3: % | G3: Forecasted | H3: Delta | I3: %
A4: {=Sites[Site]} -> AZ: Lake Havasu - District Office | B4: {=Sites[State]} -> AZ | C4: =SUM(Jul!C4, Aug!C4, Sep!C4) -> 98186 | D4: =SUM(Jul!D4, Aug!D4, Sep!D4) -> 94630.36 | E4: =IF(AND(ISNUMBER(C4),ISNUMBER(D4)), C4-D4, "") -> 3555.64 | F4: =IFERROR(E4/D4, "") -> 0.037573988 | H4: =SUM(Jul!H4, Aug!H4, Sep!H4) -> 98186 | I4: =IFERROR(H4/G4, "")
A5: AZ: Lake Havasu - HS Library | B5: AZ | C5: =SUM(Jul!C5, Aug!C5, Sep!C5) -> 43586 | D5: =SUM(Jul!D5, Aug!D5, Sep!D5) -> 42115.03 | E5: =IF(AND(ISNUMBER(C5),ISNUMBER(D5)), C5-D5, "") -> 1470.97 | F5: =IFERROR(E5/D5, "") -> 0.034927436 | H5: =SUM(Jul!H5, Aug!H5, Sep!H5) -> 43586 | I5: =IFERROR(H5/G5, "")
A6: AZ: Lake Havasu- Performing Arts | B6: AZ | C6: =SUM(Jul!C6, Aug!C6, Sep!C6) -> 38081 | D6: =SUM(Jul!D6, Aug!D6, Sep!D6) -> 63932.1 | E6: =IF(AND(ISNUMBER(C6),ISNUMBER(D6)), C6-D6, "") -> -25851.1 | F6: =IFERROR(E6/D6, "") -> -0.40435243 | H6: =SUM(Jul!H6, Aug!H6, Sep!H6) -> 38081 | I6: =IFERROR(H6/G6, "")

Sheet 4th Qtr
A1: {=portfolio} -> Lake Havasu USD | D1: 4th Quarter Actual v. Expected | G1: 4th Quarter Actual v. Forecasted
A2: Total | C2: =SUM(C4:C91) -> 0 | D2: =SUM(D4:D91) -> 0 | E2: =C2-D2 -> 0 | F2: =IFERROR(E2/D2, 0) -> 0 | G2: =SUM(G4:G91) -> 0 | H2: =C2-G2 -> 0 | I2: =IFERROR(H2/G2, 0) -> 0
A3: Site | B3: State | C3: Actual | D3: Expected | E3: Delta | F3: % | G3: Forecasted | H3: Delta | I3: %
A4: {=Sites[Site]} -> AZ: Lake Havasu - District Office | B4: {=Sites[State]} -> AZ | C4: =SUM(Oct!C4, Nov!C4, Dec!C4) -> 0 | D4: =SUM(Oct!D4, Nov!D4, Dec!D4) -> 0 | E4: =IF(AND(ISNUMBER(C4),ISNUMBER(D4)), C4-D4, "") -> 0 | F4: =IFERROR(E4/D4, "") | H4: =SUM(Oct!H4, Nov!H4, Dec!H4) -> 0 | I4: =IFERROR(H4/G4, "")
A5: AZ: Lake Havasu - HS Library | B5: AZ | C5: =SUM(Oct!C5, Nov!C5, Dec!C5) -> 0 | D5: =SUM(Oct!D5, Nov!D5, Dec!D5) -> 0 | E5: =IF(AND(ISNUMBER(C5),ISNUMBER(D5)), C5-D5, "") -> 0 | F5: =IFERROR(E5/D5, "") | H5: =SUM(Oct!H5, Nov!H5, Dec!H5) -> 0 | I5: =IFERROR(H5/G5, "")
A6: AZ: Lake Havasu- Performing Arts | B6: AZ | C6: =SUM(Oct!C6, Nov!C6, Dec!C6) -> 0 | D6: =SUM(Oct!D6, Nov!D6, Dec!D6) -> 0 | E6: =IF(AND(ISNUMBER(C6),ISNUMBER(D6)), C6-D6, "") -> 0 | F6: =IFERROR(E6/D6, "") | H6: =SUM(Oct!H6, Nov!H6, Dec!H6) -> 0 | I6: =IFERROR(H6/G6, "")

Sheet Jan
A1: {=portfolio} -> Lake Havasu USD | D1: January Actual v. Expected | G1: January Actual v. Forecasted
A2: Total | C2: =SUM(C4:C90) -> 38644 | D2: =SUM(D4:D90) -> 38384.19 | E2: =C2-D2 -> 259.81 | F2: =IFERROR(E2/D2, 0) -> 0.0067686722 | G2: =SUM(G4:G90) -> 0 | H2: =C2-G2 -> 38644 | I2: =IFERROR(H2/G2, 0) -> 0 | J2: =IF(AND(TODAY()>DATE(2024, 1, 1), COUNTA(Sites[Site])<>(COUNT(C:C)-1)), "Some sites are missing actual data; if new sites were added, make sure they are aligned correctly (including prior months!)", "")
A3: Site | B3: State | C3: Actual | D3: Expected | E3: Delta | F3: % | G3: Forecasted | H3: Delta | I3: % | J3: Notes | K3: Service Requests
A4: {=Sites[Site]} -> AZ: Lake Havasu - District Office | B4: {=Sites[State]} -> AZ | C4: 18583 | D4: 18392.83 | E4: =IF(AND(ISNUMBER(C4),ISNUMBER(D4)), C4-D4, "") -> 190.17 | F4: =IFERROR(E4/D4, "") -> 0.010339355 | G4: 0 | H4: =IF(AND(ISNUMBER(C4),ISNUMBER(G4)), C4-G4, "") -> 18583 | I4: =IFERROR(H4/G4, 0) -> 0
A5: AZ: Lake Havasu - HS Library | B5: AZ | C5: 8688 | D5: 7939.29 | E5: =IF(AND(ISNUMBER(C5),ISNUMBER(D5)), C5-D5, "") -> 748.71 | F5: =IFERROR(E5/D5, "") -> 0.094304403 | G5: 0 | H5: =IF(AND(ISNUMBER(C5),ISNUMBER(G5)), C5-G5, "") -> 8688 | I5: =IFERROR(H5/G5, 0) -> 0
A6: AZ: Lake Havasu- Performing Arts | B6: AZ | C6: 11373 | D6: 12052.07 | E6: =IF(AND(ISNUMBER(C6),ISNUMBER(D6)), C6-D6, "") -> -679.07 | F6: =IFERROR(E6/D6, "") -> -0.056344678 | G6: 0 | H6: =IF(AND(ISNUMBER(C6),ISNUMBER(G6)), C6-G6, "") -> 11373 | I6: =IFERROR(H6/G6, 0) -> 0
E7: =IF(AND(ISNUMBER(C7),ISNUMBER(D7)), C7-D7, "") | F7: =IFERROR(E7/D7, "") | H7: =IF(AND(ISNUMBER(C7),ISNUMBER(G7)), C7-G7, "") | I7: =IFERROR(H7/G7, "")

Sheet Feb
A1: {=portfolio} -> Lake Havasu USD | D1: February Actual v. Expected | G1: February Actual v. Forecasted
A2: Total | C2: =SUM(C4:C91) -> 40625 | D2: =SUM(D4:D91) -> 42480 | E2: =C2-D2 -> -1855 | F2: =IFERROR(E2/D2, 0) -> -0.043667608 | G2: =SUM(G4:G91) -> 0 | H2: =C2-G2 -> 40625 | I2: =IFERROR(H2/G2, 0) -> 0 | J2: =IF(AND(TODAY()>DATE(2024, 2, 1), COUNTA(Sites[Site])<>(COUNT(C:C)-1)), "Some sites are missing actual data; if new sites were added, make sure they are aligned correctly (including prior months!)", "")
A3: Site | B3: State | C3: Actual | D3: Expected | E3: Delta | F3: % | G3: Forecasted | H3: Delta | I3: % | J3: Notes | K3: Service Requests
A4: {=Sites[Site]} -> AZ: Lake Havasu - District Office | B4: {=Sites[State]} -> AZ | C4: 17960 | D4: 20518 | E4: =IF(AND(ISNUMBER(C4),ISNUMBER(D4)), C4-D4, "") -> -2558 | F4: =IFERROR(E4/D4, "") -> -0.12467102 | G4: 0 | H4: =IF(AND(ISNUMBER(C4),ISNUMBER(G4)), C4-G4, "") -> 17960 | I4: =IFERROR(H4/G4, "")
A5: AZ: Lake Havasu - HS Library | B5: AZ | C5: 9669 | D5: 8722 | E5: =IF(AND(ISNUMBER(C5),ISNUMBER(D5)), C5-D5, "") -> 947 | F5: =IFERROR(E5/D5, "") -> 0.10857601 | G5: 0 | H5: =IF(AND(ISNUMBER(C5),ISNUMBER(G5)), C5-G5, "") -> 9669 | I5: =IFERROR(H5/G5, "")
A6: AZ: Lake Havasu- Performing Arts | B6: AZ | C6: 12996 | D6: 13240 | E6: =IF(AND(ISNUMBER(C6),ISNUMBER(D6)), C6-D6, "") -> -244 | F6: =IFERROR(E6/D6, "") -> -0.018429003 | G6: 0 | H6: =IF(AND(ISNUMBER(C6),ISNUMBER(G6)), C6-G6, "") -> 12996 | I6: =IFERROR(H6/G6, "")

Sheet Mar
A1: {=portfolio} -> Lake Havasu USD | D1: March Actual v. Expected | G1: March Actual v. Forecasted
A2: Total | C2: =SUM(C4:C91) -> 61154 | D2: =SUM(D4:D91) -> 51404 | E2: =C2-D2 -> 9750 | F2: =IFERROR(E2/D2, 0) -> 0.18967396 | G2: =SUM(G4:G91) -> 0 | H2: =C2-G2 -> 61154 | I2: =IFERROR(H2/G2, 0) -> 0 | J2: =IF(AND(TODAY()>DATE(2024, 3, 1), COUNTA(Sites[Site])<>(COUNT(C:C)-1)), "Some sites are missing actual data; if new sites were added, make sure they are aligned correctly (including prior months!)", "")
A3: Site | B3: State | C3: Actual | D3: Expected | E3: Delta | F3: % | G3: Forecasted | H3: Delta | I3: % | J3: Notes | K3: Service Requests
A4: {=Sites[Site]} -> AZ: Lake Havasu - District Office | B4: {=Sites[State]} -> AZ | C4: 29969 | D4: 13614 | E4: =IF(AND(ISNUMBER(C4),ISNUMBER(D4)), C4-D4, "") -> 16355 | F4: =IFERROR(E4/D4, "") -> 1.2013369 | G4: 0 | H4: =IF(AND(ISNUMBER(C4),ISNUMBER(G4)), C4-G4, "") -> 29969 | I4: =IFERROR(H4/G4, "")
A5: AZ: Lake Havasu - HS Library | B5: AZ | C5: 12747 | D5: 18438 | E5: =IF(AND(ISNUMBER(C5),ISNUMBER(D5)), C5-D5, "") -> -5691 | F5: =IFERROR(E5/D5, "") -> -0.30865604 | G5: 0 | H5: =IF(AND(ISNUMBER(C5),ISNUMBER(G5)), C5-G5, "") -> 12747 | I5: =IFERROR(H5/G5, "")
A6: AZ: Lake Havasu- Performing Arts | B6: AZ | C6: 18438 | D6: 19352 | E6: =IF(AND(ISNUMBER(C6),ISNUMBER(D6)), C6-D6, "") -> -914 | F6: =IFERROR(E6/D6, "") -> -0.04723026 | G6: 0 | H6: =IF(AND(ISNUMBER(C6),ISNUMBER(G6)), C6-G6, "") -> 18438 | I6: =IFERROR(H6/G6, "")

Sheet Apr
A1: {=portfolio} -> Lake Havasu USD | D1: April Actual v. Expected | G1: April Actual v. Forecasted
A2: Total | C2: =SUM(C4:C91) -> 68122 | D2: =SUM(D4:D91) -> 72788.5 | E2: =C2-D2 -> -4666.5 | F2: =IFERROR(E2/D2, 0) -> -0.064110402 | G2: =SUM(G4:G91) -> 0 | H2: =C2-G2 -> 68122 | I2: =IFERROR(H2/G2, 0) -> 0 | J2: =IF(AND(TODAY()>DATE(2024, 4, 1), COUNTA(Sites[Site])<>(COUNT(C:C)-1)), "Some sites are missing actual data; if new sites were added, make sure they are aligned correctly (including prior months!)", "")
A3: Site | B3: State | C3: Actual | D3: Expected | E3: Delta | F3: % | G3: Forecasted | H3: Delta | I3: % | J3: Notes | K3: Service Requests
A4: {=Sites[Site]} -> AZ: Lake Havasu - District Office | B4: {=Sites[State]} -> AZ | C4: 32166 | D4: 34364.78 | E4: =IF(AND(ISNUMBER(C4),ISNUMBER(D4)), C4-D4, "") -> -2198.78 | F4: =IFERROR(E4/D4, "") -> -0.063983532 | G4: 0 | H4: =IF(AND(ISNUMBER(C4),ISNUMBER(G4)), C4-G4, "") -> 32166 | I4: =IFERROR(H4/G4, "")
A5: AZ: Lake Havasu - HS Library | B5: AZ | C5: 15724 | D5: 15259.27 | E5: =IF(AND(ISNUMBER(C5),ISNUMBER(D5)), C5-D5, "") -> 464.73 | F5: =IFERROR(E5/D5, "") -> 0.030455585 | G5: 0 | H5: =IF(AND(ISNUMBER(C5),ISNUMBER(G5)), C5-G5, "") -> 15724 | I5: =IFERROR(H5/G5, "")
A6: AZ: Lake Havasu- Performing Arts | B6: AZ | C6: 20232 | D6: 23164.45 | E6: =IF(AND(ISNUMBER(C6),ISNUMBER(D6)), C6-D6, "") -> -2932.45 | F6: =IFERROR(E6/D6, "") -> -0.12659269 | G6: 0 | H6: =IF(AND(ISNUMBER(C6),ISNUMBER(G6)), C6-G6, "") -> 20232 | I6: =IFERROR(H6/G6, "") | J6: 1. Meter is reporting negative values 04/10 | K6: 1. SR087003

Sheet May
A1: {=portfolio} -> Lake Havasu USD | D1: May Actual v. Expected | G1: May Actual v. Forecasted
A2: Total | C2: =SUM(C4:C91) -> 78445 | D2: =SUM(D4:D91) -> 78950.12 | E2: =C2-D2 -> -505.12 | F2: =IFERROR(E2/D2, 0) -> -0.0063979637 | G2: =SUM(G4:G91) -> 0 | H2: =C2-G2 -> 78445 | I2: =IFERROR(H2/G2, 0) -> 0 | J2: =IF(AND(TODAY()>DATE(2024, 5, 1), COUNTA(Sites[Site])<>(COUNT(C:C)-1)), "Some sites are missing actual data; if new sites were added, make sure they are aligned correctly (including prior months!)", "")
A3: Site | B3: State | C3: Actual | D3: Expected | E3: Delta | F3: % | G3: Forecasted | H3: Delta | I3: % | J3: Notes | K3: Service Requests
A4: {=Sites[Site]} -> AZ: Lake Havasu - District Office | B4: {=Sites[State]} -> AZ | C4: 37903 | D4: 37016.06 | E4: =IF(AND(ISNUMBER(C4),ISNUMBER(D4)), C4-D4, "") -> 886.94 | F4: =IFERROR(E4/D4, "") -> 0.023960951 | G4: 0 | H4: =IF(AND(ISNUMBER(C4),ISNUMBER(G4)), C4-G4, "") -> 37903 | I4: =IFERROR(H4/G4, "")
A5: AZ: Lake Havasu - HS Library | B5: AZ | C5: 16928 | D5: 16653.19 | E5: =IF(AND(ISNUMBER(C5),ISNUMBER(D5)), C5-D5, "") -> 274.81 | F5: =IFERROR(E5/D5, "") -> 0.016501943 | G5: 0 | H5: =IF(AND(ISNUMBER(C5),ISNUMBER(G5)), C5-G5, "") -> 16928 | I5: =IFERROR(H5/G5, "")
A6: AZ: Lake Havasu- Performing Arts | B6: AZ | C6: 23614 | D6: 25280.87 | E6: =IF(AND(ISNUMBER(C6),ISNUMBER(D6)), C6-D6, "") -> -1666.87 | F6: =IFERROR(E6/D6, "") -> -0.065934044 | G6: 0 | H6: =IF(AND(ISNUMBER(C6),ISNUMBER(G6)), C6-G6, "") -> 23614 | I6: =IFERROR(H6/G6, "") | J6: 1. Meter is reporting negative values 04/10 | K6: 1. SR087003

Sheet Jun
A1: {=portfolio} -> Lake Havasu USD | D1: June Actual v. Expected | G1: June Actual v. Forecasted
A2: Total | C2: =SUM(C4:C91) -> 69459 | D2: =SUM(D4:D91) -> 74486.42 | E2: =C2-D2 -> -5027.42 | F2: =IFERROR(E2/D2, 0) -> -0.067494451 | G2: =SUM(G4:G91) -> 0 | H2: =C2-G2 -> 69459 | I2: =IFERROR(H2/G2, 0) -> 0 | J2: =IF(AND(TODAY()>DATE(2024, 6, 1), COUNTA(Sites[Site])<>(COUNT(C:C)-1)), "Some sites are missing actual data; if new sites were added, make sure they are aligned correctly (including prior months!)", "")
A3: Site | B3: State | C3: Actual | D3: Expected | E3: Delta | F3: % | G3: Forecasted | H3: Delta | I3: % | J3: Notes | K3: Service Requests
A4: {=Sites[Site]} -> AZ: Lake Havasu - District Office | B4: {=Sites[State]} -> AZ | C4: 36087 | D4: 34792.54 | E4: =IF(AND(ISNUMBER(C4),ISNUMBER(D4)), C4-D4, "") -> 1294.46 | F4: =IFERROR(E4/D4, "") -> 0.037205102 | G4: 0 | H4: =IF(AND(ISNUMBER(C4),ISNUMBER(G4)), C4-G4, "") -> 36087 | I4: =IFERROR(H4/G4, "")
A5: AZ: Lake Havasu - HS Library | B5: AZ | C5: 15959 | D5: 15763.81 | E5: =IF(AND(ISNUMBER(C5),ISNUMBER(D5)), C5-D5, "") -> 195.19 | F5: =IFERROR(E5/D5, "") -> 0.012382159 | G5: 0 | H5: =IF(AND(ISNUMBER(C5),ISNUMBER(G5)), C5-G5, "") -> 15959 | I5: =IFERROR(H5/G5, "")
A6: AZ: Lake Havasu- Performing Arts | B6: AZ | C6: 17413 | D6: 23930.07 | E6: =IF(AND(ISNUMBER(C6),ISNUMBER(D6)), C6-D6, "") -> -6517.07 | F6: =IFERROR(E6/D6, "") -> -0.27233811 | G6: 0 | H6: =IF(AND(ISNUMBER(C6),ISNUMBER(G6)), C6-G6, "") -> 17413 | I6: =IFERROR(H6/G6, "") | J6: 1. Meter is reporting negative values 04/10 | K6: 1. SR087003

Sheet Jul
A1: {=portfolio} -> Lake Havasu USD | D1: July Actual v. Expected | G1: July Actual v. Forecasted
A2: Total | C2: =SUM(C4:C91) -> 49228 | D2: =SUM(D4:D91) -> 72341.81 | E2: =C2-D2 -> -23113.81 | F2: =IFERROR(E2/D2, 0) -> -0.31950832 | G2: =SUM(G4:G91) -> 0 | H2: =C2-G2 -> 49228 | I2: =IFERROR(H2/G2, 0) -> 0 | J2: =IF(AND(TODAY()>DATE(2024, 7, 1), COUNTA(Sites[Site])<>(COUNT(C:C)-1)), "Some sites are missing actual data; if new sites were added, make sure they are aligned correctly (including prior months!)", "")
A3: Site | B3: State | C3: Actual | D3: Expected | E3: Delta | F3: % | G3: Forecasted | H3: Delta | I3: % | J3: Notes | K3: Service Requests
A4: {=Sites[Site]} -> AZ: Lake Havasu - District Office | B4: {=Sites[State]} -> AZ | C4: 34796 | D4: 33888.19 | E4: =IF(AND(ISNUMBER(C4),ISNUMBER(D4)), C4-D4, "") -> 907.81 | F4: =IFERROR(E4/D4, "") -> 0.026788389 | G4: 0 | H4: =IF(AND(ISNUMBER(C4),ISNUMBER(G4)), C4-G4, "") -> 34796 | I4: =IFERROR(H4/G4, "") | J4: 1. Weather station is shaded every morning from 07/15. | K4: 1. SR087715, SR088955
A5: AZ: Lake Havasu - HS Library | B5: AZ | C5: 15423 | D5: 15271.26 | E5: =IF(AND(ISNUMBER(C5),ISNUMBER(D5)), C5-D5, "") -> 151.74 | F5: =IFERROR(E5/D5, "") -> 0.0099363117 | G5: 0 | H5: =IF(AND(ISNUMBER(C5),ISNUMBER(G5)), C5-G5, "") -> 15423 | I5: =IFERROR(H5/G5, "")
A6: AZ: Lake Havasu- Performing Arts | B6: AZ | C6: -991 | D6: 23182.36 | E6: =IF(AND(ISNUMBER(C6),ISNUMBER(D6)), C6-D6, "") -> -24173.36 | F6: =IFERROR(E6/D6, "") -> -1.042748 | G6: 0 | H6: =IF(AND(ISNUMBER(C6),ISNUMBER(G6)), C6-G6, "") -> -991 | I6: =IFERROR(H6/G6, "") | J6: 1. Meter is reporting negative value from 07/25 | K6: 1. SR087003

Sheet Aug
A1: {=portfolio} -> Lake Havasu USD | D1: August Actual v. Expected | G1: August Actual v. Forecasted
A2: Total | C2: =SUM(C4:C91) -> 67775 | D2: =SUM(D4:D91) -> 66969.89 | E2: =C2-D2 -> 805.11 | F2: =IFERROR(E2/D2, 0) -> 0.01202197 | G2: =SUM(G4:G91) -> 0 | H2: =C2-G2 -> 67775 | I2: =IFERROR(H2/G2, 0) -> 0 | J2: =IF(AND(TODAY()>DATE(2024, 8, 1), COUNTA(Sites[Site])<>(COUNT(C:C)-1)), "Some sites are missing actual data; if new sites were added, make sure they are aligned correctly (including prior months!)", "")
A3: Site | B3: State | C3: Actual | D3: Expected | E3: Delta | F3: % | G3: Forecasted | H3: Delta | I3: % | J3: Notes | K3: Service Requests
A4: {=Sites[Site]} -> AZ: Lake Havasu - District Office | B4: {=Sites[State]} -> AZ | C4: 32797 | D4: 31599.17 | E4: =IF(AND(ISNUMBER(C4),ISNUMBER(D4)), C4-D4, "") -> 1197.83 | F4: =IFERROR(E4/D4, "") -> 0.037907008 | G4: 0 | H4: =IF(AND(ISNUMBER(C4),ISNUMBER(G4)), C4-G4, "") -> 32797 | I4: =IFERROR(H4/G4, "") | J4: 1. Meter A has an intermittent communications issue from 08/12. | K4: 1. SR088955
A5: AZ: Lake Havasu - HS Library | B5: AZ | C5: 14631 | D5: 14046.96 | E5: =IF(AND(ISNUMBER(C5),ISNUMBER(D5)), C5-D5, "") -> 584.04 | F5: =IFERROR(E5/D5, "") -> 0.041577679 | G5: 0 | H5: =IF(AND(ISNUMBER(C5),ISNUMBER(G5)), C5-G5, "") -> 14631 | I5: =IFERROR(H5/G5, "")
A6: AZ: Lake Havasu- Performing Arts | B6: AZ | C6: 20347 | D6: 21323.76 | E6: =IF(AND(ISNUMBER(C6),ISNUMBER(D6)), C6-D6, "") -> -976.76 | F6: =IFERROR(E6/D6, "") -> -0.045806181 | G6: 0 | H6: =IF(AND(ISNUMBER(C6),ISNUMBER(G6)), C6-G6, "") -> 20347 | I6: =IFERROR(H6/G6, "") | J6: 1. Meter is reporting negative value from 07/25 | K6: 1. SR087003

Sheet Sep
A1: {=portfolio} -> Lake Havasu USD | D1: September Actual v. Expected | G1: September Actual v. Forecasted
A2: Total | C2: =SUM(C4:C91) -> 62850 | D2: =SUM(D4:D91) -> 61365.79 | E2: =C2-D2 -> 1484.21 | F2: =IFERROR(E2/D2, 0) -> 0.024186277 | G2: =SUM(G4:G91) -> 0 | H2: =C2-G2 -> 62850 | I2: =IFERROR(H2/G2, 0) -> 0 | J2: =IF(AND(TODAY()>DATE(2024, 9, 1), COUNTA(Sites[Site])<>(COUNT(C:C)-1)), "Some sites are missing actual data; if new sites were added, make sure they are aligned correctly (including prior months!)", "")
A3: Site | B3: State | C3: Actual | D3: Expected | E3: Delta | F3: % | G3: Forecasted | H3: Delta | I3: % | J3: Notes | K3: Service Requests
A4: {=Sites[Site]} -> AZ: Lake Havasu - District Office | B4: {=Sites[State]} -> AZ | C4: 30593 | D4: 29143 | E4: =IF(AND(ISNUMBER(C4),ISNUMBER(D4)), C4-D4, "") -> 1450 | F4: =IFERROR(E4/D4, "") -> 0.049754658 | G4: 0 | H4: =IF(AND(ISNUMBER(C4),ISNUMBER(G4)), C4-G4, "") -> 30593 | I4: =IFERROR(H4/G4, "") | J4: 1. Meter A has an intermittent communications issue from 08/12 and resolved on 09/04. | K4: 1. SR088955
A5: AZ: Lake Havasu - HS Library | B5: AZ | C5: 13532 | D5: 12796.81 | E5: =IF(AND(ISNUMBER(C5),ISNUMBER(D5)), C5-D5, "") -> 735.19 | F5: =IFERROR(E5/D5, "") -> 0.057451037 | G5: 0 | H5: =IF(AND(ISNUMBER(C5),ISNUMBER(G5)), C5-G5, "") -> 13532 | I5: =IFERROR(H5/G5, "")
A6: AZ: Lake Havasu- Performing Arts | B6: AZ | C6: 18725 | D6: 19425.98 | E6: =IF(AND(ISNUMBER(C6),ISNUMBER(D6)), C6-D6, "") -> -700.98 | F6: =IFERROR(E6/D6, "") -> -0.036084666 | G6: 0 | H6: =IF(AND(ISNUMBER(C6),ISNUMBER(G6)), C6-G6, "") -> 18725 | I6: =IFERROR(H6/G6, "") | J6: 1. Meter is reporting negative value from 07/25 | K6: 1. SR087003

Sheet Oct
A1: {=portfolio} -> Lake Havasu USD | D1: October Actual v. Expected | G1: October Actual v. Forecasted
A2: Total | C2: =SUM(C4:C91) -> 0 | D2: =SUM(D4:D91) -> 0 | E2: =C2-D2 -> 0 | F2: =IFERROR(E2/D2, 0) -> 0 | G2: =SUM(G4:G91) -> 0 | H2: =C2-G2 -> 0 | I2: =IFERROR(H2/G2, 0) -> 0 | J2: =IF(AND(TODAY()>DATE(2024, 10, 1), COUNTA(Sites[Site])<>(COUNT(C:C)-1)), "Some sites are missing actual data; if new sites were added, make sure they are aligned correctly (including prior months!)", "") -> Some sites are missing actual data; if new sites were added, make sure they are aligned correctly (including prior months!)
A3: Site | B3: State | C3: Actual | D3: Expected | E3: Delta | F3: % | G3: Forecasted | H3: Delta | I3: % | J3: Notes | K3: Service Requests
A4: {=Sites[Site]} -> AZ: Lake Havasu - District Office | B4: {=Sites[State]} -> AZ | E4: =IF(AND(ISNUMBER(C4),ISNUMBER(D4)), C4-D4, "") | F4: =IFERROR(E4/D4, "") | H4: =IF(AND(ISNUMBER(C4),ISNUMBER(G4)), C4-G4, "") | I4: =IFERROR(H4/G4, "")
A5: AZ: Lake Havasu - HS Library | B5: AZ | E5: =IF(AND(ISNUMBER(C5),ISNUMBER(D5)), C5-D5, "") | F5: =IFERROR(E5/D5, "") | H5: =IF(AND(ISNUMBER(C5),ISNUMBER(G5)), C5-G5, "") | I5: =IFERROR(H5/G5, "")
A6: AZ: Lake Havasu- Performing Arts | B6: AZ | E6: =IF(AND(ISNUMBER(C6),ISNUMBER(D6)), C6-D6, "") | F6: =IFERROR(E6/D6, "") | H6: =IF(AND(ISNUMBER(C6),ISNUMBER(G6)), C6-G6, "") | I6: =IFERROR(H6/G6, "")

Sheet Nov
A1: {=portfolio} -> Lake Havasu USD | D1: November Actual v. Expected | G1: November Actual v. Forecasted
A2: Total | C2: =SUM(C4:C91) -> 0 | D2: =SUM(D4:D91) -> 0 | E2: =C2-D2 -> 0 | F2: =IFERROR(E2/D2, 0) -> 0 | G2: =SUM(G4:G91) -> 0 | H2: =C2-G2 -> 0 | I2: =IFERROR(H2/G2, 0) -> 0 | J2: =IF(AND(TODAY()>DATE(2024, 11, 1), COUNTA(Sites[Site])<>(COUNT(C:C)-1)), "Some sites are missing actual data; if new sites were added, make sure they are aligned correctly (including prior months!)", "")
A3: Site | B3: State | C3: Actual | D3: Expected | E3: Delta | F3: % | G3: Forecasted | H3: Delta | I3: % | J3: Notes | K3: Service Requests
A4: {=Sites[Site]} -> AZ: Lake Havasu - District Office | B4: {=Sites[State]} -> AZ | E4: =IF(AND(ISNUMBER(C4),ISNUMBER(D4)), C4-D4, "") | F4: =IFERROR(E4/D4, "") | H4: =IF(AND(ISNUMBER(C4),ISNUMBER(G4)), C4-G4, "") | I4: =IFERROR(H4/G4, "")
A5: AZ: Lake Havasu - HS Library | B5: AZ | E5: =IF(AND(ISNUMBER(C5),ISNUMBER(D5)), C5-D5, "") | F5: =IFERROR(E5/D5, "") | H5: =IF(AND(ISNUMBER(C5),ISNUMBER(G5)), C5-G5, "") | I5: =IFERROR(H5/G5, "")
A6: AZ: Lake Havasu- Performing Arts | B6: AZ | E6: =IF(AND(ISNUMBER(C6),ISNUMBER(D6)), C6-D6, "") | F6: =IFERROR(E6/D6, "") | H6: =IF(AND(ISNUMBER(C6),ISNUMBER(G6)), C6-G6, "") | I6: =IFERROR(H6/G6, "")

Sheet Dec
A1: {=portfolio} -> Lake Havasu USD | D1: December Actual v. Expected | G1: December Actual v. Forecasted
A2: Total | C2: =SUM(C4:C91) -> 0 | D2: =SUM(D4:D91) -> 0 | E2: =C2-D2 -> 0 | F2: =IFERROR(E2/D2, 0) -> 0 | G2: =SUM(G4:G91) -> 0 | H2: =C2-G2 -> 0 | I2: =IFERROR(H2/G2, 0) -> 0 | J2: =IF(AND(TODAY()>DATE(2024, 12, 1), COUNTA(Sites[Site])<>(COUNT(C:C)-1)), "Some sites are missing actual data; if new sites were added, make sure they are aligned correctly (including prior months!)", "")
A3: Site | B3: State | C3: Actual | D3: Expected | E3: Delta | F3: % | G3: Forecasted | H3: Delta | I3: % | J3: Notes | K3: Service Requests
A4: {=Sites[Site]} -> AZ: Lake Havasu - District Office | B4: {=Sites[State]} -> AZ | E4: =IF(AND(ISNUMBER(C4),ISNUMBER(D4)), C4-D4, "") | F4: =IFERROR(E4/D4, "") | H4: =IF(AND(ISNUMBER(C4),ISNUMBER(G4)), C4-G4, "") | I4: =IFERROR(H4/G4, "")
A5: AZ: Lake Havasu - HS Library | B5: AZ | E5: =IF(AND(ISNUMBER(C5),ISNUMBER(D5)), C5-D5, "") | F5: =IFERROR(E5/D5, "") | H5: =IF(AND(ISNUMBER(C5),ISNUMBER(G5)), C5-G5, "") | I5: =IFERROR(H5/G5, "")
A6: AZ: Lake Havasu- Performing Arts | B6: AZ | E6: =IF(AND(ISNUMBER(C6),ISNUMBER(D6)), C6-D6, "") | F6: =IFERROR(E6/D6, "") | H6: =IF(AND(ISNUMBER(C6),ISNUMBER(G6)), C6-G6, "") | I6: =IFERROR(H6/G6, "")

Sheet Sites
A1: Portfolio: | B1: Lake Havasu USD
A3: Site DAS Name | B3: Site | C3: State | D3: Update | E3: DAS
A4: AZ: Lake Havasu - District Office | B4: AZ: Lake Havasu - District Office | C4: AZ
A5: AZ: Lake Havasu - HS Library | B5: AZ: Lake Havasu - HS Library | C5: AZ
A6: AZ: Lake Havasu- Performing Arts | B6: AZ: Lake Havasu- Performing Arts | C6: AZ
