Workbook
Name JanActual: #REF!
Name JanActual2: #REF!
Name JanExpected: #REF!
Name JanExpectedDelta: #REF!
Name JanExpectedPercent: #REF!
Name JanExpPercent: #REF!
Name JanForecasted: #REF!
Name JanForecastedDelta: #REF!
Name JanForecastedPercent: #REF!
Name portfolio: Sites!$B$1:$B$1
Name Year: Sites!#REF!

Sheet Year to Date
A1: {=portfolio} -> Marana USD | D1: Year to Date Actual v. Expected | G1: Year to Date Actual v. Forecasted
A2: Total | C2: =SUM(C4:C96) -> 1013800 | D2: =SUM(D4:D96) -> 0 | E2: =C2-D2 -> 1013800 | F2: =IFERROR(E2/D2, 0) -> 0 | G2: =SUM(G4:G96) -> 0 | H2: =C2-G2 -> 1013800 | I2: =IFERROR(H2/G2, 0) -> 0
A3: Site | B3: State | C3: Actual | D3: Expected | E3: Delta | F3: % | G3: Forecasted | H3: Delta | I3: %
A4: AZ: Marana - Degrazia ES | B4: {=Sites[State]} -> AZ | C4: =SUM('1st Qtr'!C4, '2nd Qtr'!C4, '3rd Qtr'!C4, '4th Qtr'!C4) -> 210784 | D4: =SUM('1st Qtr'!D4, '2nd Qtr'!D4, '3rd Qtr'!D4, '4th Qtr'!D4) -> 0 | E4: =IF(AND(ISNUMBER(C4),ISNUMBER(D4)), C4-D4, "") -> 210784 | F4: =IFERROR(E4/D4, 0) -> 0 | G4: =SUM('1st Qtr'!G4,'2nd Qtr'!G4,'3rd Qtr'!G4,'4th Qtr'!G4) -> 0 | H4: =SUM('1st Qtr'!H4, '2nd Qtr'!H4, '3rd Qtr'!H4, '4th Qtr'!H4) -> 210784 | I4: =IFERROR(H4/G4, 0) -> 0
A5: AZ: Marana - Gladden Farms Ph 2 | B5: AZ | C5: =SUM(Jan!C5, Feb!C5, Mar!C5) -> 49713 | D5: =SUM(Jan!D5, Feb!D5, Mar!D5) -> 0 | E5: =IF(AND(ISNUMBER(C5),ISNUMBER(D5)), C5-D5, "") -> 49713 | F5: =IFERROR(E5/D5, 0) -> 0 | G5: =SUM('1st Qtr'!G5,'2nd Qtr'!G5,'3rd Qtr'!G5,'4th Qtr'!G5) -> 0 | H5: =SUM(Jan!H5, Feb!H5, Mar!H5) -> 49713 | I5: =IFERROR(H5/G5, 0) -> 0
A6: AZ: Marana - Marana High School | B6: AZ | C6: =SUM(Jan!C6, Feb!C6, Mar!C6) -> 92114 | D6: =SUM(Jan!D6, Feb!D6, Mar!D6) -> 0 | E6: =IF(AND(ISNUMBER(C6),ISNUMBER(D6)), C6-D6, "") -> 92114 | F6: =IFERROR(E6/D6, 0) -> 0 | G6: =SUM('1st Qtr'!G6,'2nd Qtr'!G6,'3rd Qtr'!G6,'4th Qtr'!G6) -> 0 | H6: =SUM(Jan!H6, Feb!H6, Mar!H6) -> 92114 | I6: =IFERROR(H6/G6, 0) -> 0
A7: AZ: Marana - Mountain View HS Exp. | B7: AZ | C7: =SUM(Jan!C7, Feb!C7, Mar!C7) -> 340237 | D7: =SUM(Jan!D7, Feb!D7, Mar!D7) -> 0 | E7: =IF(AND(ISNUMBER(C7),ISNUMBER(D7)), C7-D7, "") -> 340237 | F7: =IFERROR(E7/D7, 0) -> 0 | G7: =SUM('1st Qtr'!G7,'2nd Qtr'!G7,'3rd Qtr'!G7,'4th Qtr'!G7) -> 0 | H7: =SUM(Jan!H7, Feb!H7, Mar!H7) -> 340237 | I7: =IFERROR(H7/G7, 0) -> 0
A8: AZ: Marana - Rattlesnake Ridge ES | B8: AZ | C8: =SUM(Jan!C8, Feb!C8, Mar!C8) -> 42567 | D8: =SUM(Jan!D8, Feb!D8, Mar!D8) -> 0 | E8: =IF(AND(ISNUMBER(C8),ISNUMBER(D8)), C8-D8, "") -> 42567 | F8: =IFERROR(E8/D8, 0) -> 0 | G8: =SUM('1st Qtr'!G8,'2nd Qtr'!G8,'3rd Qtr'!G8,'4th Qtr'!G8) -> 0 | H8: =SUM(Jan!H8, Feb!H8, Mar!H8) -> 42567 | I8: =IFERROR(H8/G8, 0) -> 0
A9: AZ: Marana - Roadrunner ES | B9: AZ | C9: =SUM(Jan!C9, Feb!C9, Mar!C9) -> 50827 | D9: =SUM(Jan!D9, Feb!D9, Mar!D9) -> 0 | E9: =IF(AND(ISNUMBER(C9),ISNUMBER(D9)), C9-D9, "") -> 50827 | F9: =IFERROR(E9/D9, 0) -> 0 | G9: =SUM('1st Qtr'!G9,'2nd Qtr'!G9,'3rd Qtr'!G9,'4th Qtr'!G9) -> 0 | H9: =SUM(Jan!H9, Feb!H9, Mar!H9) -> 50827 | I9: =IFERROR(H9/G9, 0) -> 0
A10: AZ: Marana - Thornydale Elementary | B10: AZ | C10: =SUM(Jan!C10, Feb!C10, Mar!C10) -> 36998 | D10: =SUM(Jan!D10, Feb!D10, Mar!D10) -> 0 | E10: =IF(AND(ISNUMBER(C10),ISNUMBER(D10)), C10-D10, "") -> 36998 | F10: =IFERROR(E10/D10, 0) -> 0 | G10: =SUM('1st Qtr'!G10,'2nd Qtr'!G10,'3rd Qtr'!G10,'4th Qtr'!G10) -> 0 | H10: =SUM(Jan!H10, Feb!H10, Mar!H10) -> 36998 | I10: =IFERROR(H10/G10, 0) -> 0
A11: AZ: Marana - Tortolita MS | B11: AZ | C11: =SUM(Jan!C11, Feb!C11, Mar!C11) -> 104614 | D11: =SUM(Jan!D11, Feb!D11, Mar!D11) -> 0 | E11: =IF(AND(ISNUMBER(C11),ISNUMBER(D11)), C11-D11, "") -> 104614 | F11: =IFERROR(E11/D11, 0) -> 0 | G11: =SUM('1st Qtr'!G11,'2nd Qtr'!G11,'3rd Qtr'!G11,'4th Qtr'!G11) -> 0 | H11: =SUM(Jan!H11, Feb!H11, Mar!H11) -> 104614 | I11: =IFERROR(H11/G11, 0) -> 0
A12: AZ: Marana - Picture Rocks Intermediat | B12: AZ | C12: =SUM(Jan!C12, Feb!C12, Mar!C12) -> 85946 | D12: =SUM(Jan!D12, Feb!D12, Mar!D12) -> 0 | E12: =IF(AND(ISNUMBER(C12),ISNUMBER(D12)), C12-D12, "") -> 85946 | F12: =IFERROR(E12/D12, 0) -> 0 | G12: =SUM('1st Qtr'!G12,'2nd Qtr'!G12,'3rd Qtr'!G12,'4th Qtr'!G12) -> 0 | H12: =SUM(Jan!H12, Feb!H12, Mar!H12) -> 85946 | I12: =IFERROR(H12/G12, 0) -> 0

Sheet 1st Qtr
A1: {=portfolio} -> Marana USD | D1: 1st Quarter Actual v. Expected | G1: 1st Quarter Actual v. Forecasted
A2: Total | C2: =SUM(C4:C96) -> 857250 | D2: =SUM(D4:D96) -> 0 | E2: =C2-D2 -> 857250 | F2: =IFERROR(E2/D2, 0) -> 0 | G2: =SUM(G4:G96) -> 0 | H2: =C2-G2 -> 857250 | I2: =IFERROR(H2/G2, 0) -> 0
A3: Site | B3: State | C3: Actual | D3: Expected | E3: Delta | F3: % | G3: Forecasted | H3: Delta | I3: %
A4: AZ: Marana - Degrazia ES | B4: {=Sites[State]} -> AZ | C4: =SUM(Jan!C4, Feb!C4, Mar!C4) -> 54234 | D4: =SUM(Jan!D4, Feb!D4, Mar!D4) -> 0 | E4: =IF(AND(ISNUMBER(C4),ISNUMBER(D4)), C4-D4, "") -> 54234 | F4: =IFERROR(E4/D4, 0) -> 0 | G4: =SUM(Jan!G4, Feb!G4, Mar!G4) -> 0 | H4: =SUM(Jan!H4, Feb!H4, Mar!H4) -> 54234 | I4: =IFERROR(H4/G4, 0) -> 0
A5: AZ: Marana - Gladden Farms Ph 2 | B5: AZ | C5: =SUM(Jan!C5, Feb!C5, Mar!C5) -> 49713 | D5: =SUM(Jan!D5, Feb!D5, Mar!D5) -> 0 | E5: =IF(AND(ISNUMBER(C5),ISNUMBER(D5)), C5-D5, "") -> 49713 | F5: =IFERROR(E5/D5, 0) -> 0 | G5: =SUM(Jan!G5, Feb!G5, Mar!G5) -> 0 | H5: =SUM(Jan!H5, Feb!H5, Mar!H5) -> 49713 | I5: =IFERROR(H5/G5, 0) -> 0
A6: AZ: Marana - Marana High School | B6: AZ | C6: =SUM(Jan!C6, Feb!C6, Mar!C6) -> 92114 | D6: =SUM(Jan!D6, Feb!D6, Mar!D6) -> 0 | E6: =IF(AND(ISNUMBER(C6),ISNUMBER(D6)), C6-D6, "") -> 92114 | F6: =IFERROR(E6/D6, 0) -> 0 | G6: =SUM(Jan!G6, Feb!G6, Mar!G6) -> 0 | H6: =SUM(Jan!H6, Feb!H6, Mar!H6) -> 92114 | I6: =IFERROR(H6/G6, 0) -> 0
A7: AZ: Marana - Mountain View HS Exp. | B7: AZ | C7: =SUM(Jan!C7, Feb!C7, Mar!C7) -> 340237 | D7: =SUM(Jan!D7, Feb!D7, Mar!D7) -> 0 | E7: =IF(AND(ISNUMBER(C7),ISNUMBER(D7)), C7-D7, "") -> 340237 | F7: =IFERROR(E7/D7, 0) -> 0 | G7: =SUM(Jan!G7, Feb!G7, Mar!G7) -> 0 | H7: =SUM(Jan!H7, Feb!H7, Mar!H7) -> 340237 | I7: =IFERROR(H7/G7, 0) -> 0
A8: AZ: Marana - Rattlesnake Ridge ES | B8: AZ | C8: =SUM(Jan!C8, Feb!C8, Mar!C8) -> 42567 | D8: =SUM(Jan!D8, Feb!D8, Mar!D8) -> 0 | E8: =IF(AND(ISNUMBER(C8),ISNUMBER(D8)), C8-D8, "") -> 42567 | F8: =IFERROR(E8/D8, 0) -> 0 | G8: =SUM(Jan!G8, Feb!G8, Mar!G8) -> 0 | H8: =SUM(Jan!H8, Feb!H8, Mar!H8) -> 42567 | I8: =IFERROR(H8/G8, 0) -> 0
A9: AZ: Marana - Roadrunner ES | B9: AZ | C9: =SUM(Jan!C9, Feb!C9, Mar!C9) -> 50827 | D9: =SUM(Jan!D9, Feb!D9, Mar!D9) -> 0 | E9: =IF(AND(ISNUMBER(C9),ISNUMBER(D9)), C9-D9, "") -> 50827 | F9: =IFERROR(E9/D9, 0) -> 0 | G9: =SUM(Jan!G9, Feb!G9, Mar!G9) -> 0 | H9: =SUM(Jan!H9, Feb!H9, Mar!H9) -> 50827 | I9: =IFERROR(H9/G9, 0) -> 0
A10: AZ: Marana - Thornydale Elementary | B10: AZ | C10: =SUM(Jan!C10, Feb!C10, Mar!C10) -> 36998 | D10: =SUM(Jan!D10, Feb!D10, Mar!D10) -> 0 | E10: =IF(AND(ISNUMBER(C10),ISNUMBER(D10)), C10-D10, "") -> 36998 | F10: =IFERROR(E10/D10, 0) -> 0 | G10: =SUM(Jan!G10, Feb!G10, Mar!G10) -> 0 | H10: =SUM(Jan!H10, Feb!H10, Mar!H10) -> 36998 | I10: =IFERROR(H10/G10, 0) -> 0
A11: AZ: Marana - Tortolita MS | B11: AZ | C11: =SUM(Jan!C11, Feb!C11, Mar!C11) -> 104614 | D11: =SUM(Jan!D11, Feb!D11, Mar!D11) -> 0 | E11: =IF(AND(ISNUMBER(C11),ISNUMBER(D11)), C11-D11, "") -> 104614 | F11: =IFERROR(E11/D11, 0) -> 0 | G11: =SUM(Jan!G11, Feb!G11, Mar!G11) -> 0 | H11: =SUM(Jan!H11, Feb!H11, Mar!H11) -> 104614 | I11: =IFERROR(H11/G11, 0) -> 0
A12: AZ: Marana - Picture Rocks Intermediat | B12: AZ | C12: =SUM(Jan!C12, Feb!C12, Mar!C12) -> 85946 | D12: =SUM(Jan!D12, Feb!D12, Mar!D12) -> 0 | E12: =IF(AND(ISNUMBER(C12),ISNUMBER(D12)), C12-D12, "") -> 85946 | F12: =IFERROR(E12/D12, 0) -> 0 | G12: =SUM(Jan!G12, Feb!G12, Mar!G12) -> 0 | H12: =SUM(Jan!H12, Feb!H12, Mar!H12) -> 85946 | I12: =IFERROR(H12/G12, 0) -> 0

Sheet 2nd Qtr
A1: {=portfolio} -> Marana USD | D1: 2nd Quarter Actual v. Expected | G1: 2nd Quarter Actual v. Forecasted
A2: Total | C2: =SUM(C4:C96) -> 1068298 | D2: =SUM(D4:D96) -> 0 | E2: =C2-D2 -> 1068298 | F2: =IFERROR(E2/D2, 0) -> 0 | G2: =SUM(G4:G96) -> 0 | H2: =C2-G2 -> 1068298 | I2: =IFERROR(H2/G2, 0) -> 0
A3: Site | B3: State | C3: Actual | D3: Expected | E3: Delta | F3: % | G3: Forecasted | H3: Delta | I3: %
A4: AZ: Marana - Degrazia ES | B4: {=Sites[State]} -> AZ | C4: =SUM(Apr!C4, May!C4, Jun!C4) -> 92600 | D4: =SUM(Apr!D4, May!D4, Jun!D4) -> 0 | E4: =IF(AND(ISNUMBER(C4),ISNUMBER(D4)), C4-D4, "") -> 92600 | F4: =IFERROR(E4/D4, "") | H4: =SUM(Apr!H4, May!H4, Jun!H4) -> 92600 | I4: =IFERROR(H4/G4, "")
A5: AZ: Marana - Gladden Farms Ph 2 | B5: AZ | C5: =SUM(Apr!C5, May!C5, Jun!C5) -> 99569 | D5: =SUM(Apr!D5, May!D5, Jun!D5) -> 0 | E5: =IF(AND(ISNUMBER(C5),ISNUMBER(D5)), C5-D5, "") -> 99569 | F5: =IFERROR(E5/D5, "") | H5: =SUM(Apr!H5, May!H5, Jun!H5) -> 99569 | I5: =IFERROR(H5/G5, "")
A6: AZ: Marana - Marana High School | B6: AZ | C6: =SUM(Apr!C6, May!C6, Jun!C6) -> 8609 | D6: =SUM(Apr!D6, May!D6, Jun!D6) -> 0 | E6: =IF(AND(ISNUMBER(C6),ISNUMBER(D6)), C6-D6, "") -> 8609 | F6: =IFERROR(E6/D6, "") | H6: =SUM(Apr!H6, May!H6, Jun!H6) -> 8609 | I6: =IFERROR(H6/G6, "")
A7: AZ: Marana - Mountain View HS Exp. | B7: AZ | C7: =SUM(Apr!C7, May!C7, Jun!C7) -> 485458 | D7: =SUM(Apr!D7, May!D7, Jun!D7) -> 0 | E7: =IF(AND(ISNUMBER(C7),ISNUMBER(D7)), C7-D7, "") -> 485458 | F7: =IFERROR(E7/D7, "") | H7: =SUM(Apr!H7, May!H7, Jun!H7) -> 485458 | I7: =IFERROR(H7/G7, "")
A8: AZ: Marana - Rattlesnake Ridge ES | B8: AZ | C8: =SUM(Apr!C8, May!C8, Jun!C8) -> 56115 | D8: =SUM(Apr!D8, May!D8, Jun!D8) -> 0 | E8: =IF(AND(ISNUMBER(C8),ISNUMBER(D8)), C8-D8, "") -> 56115 | F8: =IFERROR(E8/D8, "") | H8: =SUM(Apr!H8, May!H8, Jun!H8) -> 56115 | I8: =IFERROR(H8/G8, "")
A9: AZ: Marana - Roadrunner ES | B9: AZ | C9: =SUM(Apr!C9, May!C9, Jun!C9) -> 0 | D9: =SUM(Apr!D9, May!D9, Jun!D9) -> 0 | E9: =IF(AND(ISNUMBER(C9),ISNUMBER(D9)), C9-D9, "") -> 0 | F9: =IFERROR(E9/D9, "") | H9: =SUM(Apr!H9, May!H9, Jun!H9) -> 0 | I9: =IFERROR(H9/G9, "")
A10: AZ: Marana - Thornydale Elementary | B10: AZ | C10: =SUM(Apr!C10, May!C10, Jun!C10) -> 64914 | D10: =SUM(Apr!D10, May!D10, Jun!D10) -> 0 | E10: =IF(AND(ISNUMBER(C10),ISNUMBER(D10)), C10-D10, "") -> 64914 | F10: =IFERROR(E10/D10, "") | H10: =SUM(Apr!H10, May!H10, Jun!H10) -> 64914 | I10: =IFERROR(H10/G10, "")
A11: AZ: Marana - Tortolita MS | B11: AZ | C11: =SUM(Apr!C11, May!C11, Jun!C11) -> 140325 | D11: =SUM(Apr!D11, May!D11, Jun!D11) -> 0 | E11: =IF(AND(ISNUMBER(C11),ISNUMBER(D11)), C11-D11, "") -> 140325 | F11: =IFERROR(E11/D11, "") | H11: =SUM(Apr!H11, May!H11, Jun!H11) -> 140325 | I11: =IFERROR(H11/G11, "")
A12: AZ: Marana - Picture Rocks Intermediat | B12: AZ | C12: =SUM(Apr!C12, May!C12, Jun!C12) -> 120708 | D12: =SUM(Apr!D12, May!D12, Jun!D12) -> 0 | E12: =IF(AND(ISNUMBER(C12),ISNUMBER(D12)), C12-D12, "") -> 120708 | F12: =IFERROR(E12/D12, "") | H12: =SUM(Apr!H12, May!H12, Jun!H12) -> 120708 | I12: =IFERROR(H12/G12, "")

Sheet 3rd Qtr
A1: {=portfolio} -> Marana USD | D1: 3rd Quarter Actual v. Expected | G1: 3rd Quarter Actual v. Forecasted
A2: Total | C2: =SUM(C4:C96) -> 870375 | D2: =SUM(D4:D96) -> 0 | E2: =C2-D2 -> 870375 | F2: =IFERROR(E2/D2, 0) -> 0 | G2: =SUM(G4:G96) -> 0 | H2: =C2-G2 -> 870375 | I2: =IFERROR(H2/G2, 0) -> 0
A3: Site | B3: State | C3: Actual | D3: Expected | E3: Delta | F3: % | G3: Forecasted | H3: Delta | I3: %
A4: AZ: Marana - Degrazia ES | B4: {=Sites[State]} -> AZ | C4: =SUM(Jul!C4, Aug!C4, Sep!C4) -> 63950 | D4: =SUM(Jul!D4, Aug!D4, Sep!D4) -> 0 | E4: =IF(AND(ISNUMBER(C4),ISNUMBER(D4)), C4-D4, "") -> 63950 | F4: =IFERROR(E4/D4, "") | G4: =SUM(Jul!G4,Aug!G4,Sep!G4) -> 0 | H4: =SUM(Jul!H4, Aug!H4, Sep!H4) -> 63950 | I4: =IFERROR(H4/G4, "")
A5: AZ: Marana - Gladden Farms Ph 2 | B5: AZ | C5: =SUM(Jul!C5, Aug!C5, Sep!C5) -> 87265 | D5: =SUM(Jul!D5, Aug!D5, Sep!D5) -> 0 | E5: =IF(AND(ISNUMBER(C5),ISNUMBER(D5)), C5-D5, "") -> 87265 | F5: =IFERROR(E5/D5, "") | G5: =SUM(Jul!G5,Aug!G5,Sep!G5) -> 0 | H5: =SUM(Jul!H5, Aug!H5, Sep!H5) -> 87265 | I5: =IFERROR(H5/G5, "")
A6: AZ: Marana - Marana High School | B6: AZ | C6: =SUM(Jul!C6, Aug!C6, Sep!C6) -> 0 | D6: =SUM(Jul!D6, Aug!D6, Sep!D6) -> 0 | E6: =IF(AND(ISNUMBER(C6),ISNUMBER(D6)), C6-D6, "") -> 0 | F6: =IFERROR(E6/D6, "") | G6: =SUM(Jul!G6,Aug!G6,Sep!G6) -> 0 | H6: =SUM(Jul!H6, Aug!H6, Sep!H6) -> 0 | I6: =IFERROR(H6/G6, "")
A7: AZ: Marana - Mountain View HS Exp. | B7: AZ | C7: =SUM(Jul!C7, Aug!C7, Sep!C7) -> 438518 | D7: =SUM(Jul!D7, Aug!D7, Sep!D7) -> 0 | E7: =IF(AND(ISNUMBER(C7),ISNUMBER(D7)), C7-D7, "") -> 438518 | F7: =IFERROR(E7/D7, "") | G7: =SUM(Jul!G7,Aug!G7,Sep!G7) -> 0 | H7: =SUM(Jul!H7, Aug!H7, Sep!H7) -> 438518 | I7: =IFERROR(H7/G7, "")
A8: AZ: Marana - Rattlesnake Ridge ES | B8: AZ | C8: =SUM(Jul!C8, Aug!C8, Sep!C8) -> 3659 | D8: =SUM(Jul!D8, Aug!D8, Sep!D8) -> 0 | E8: =IF(AND(ISNUMBER(C8),ISNUMBER(D8)), C8-D8, "") -> 3659 | F8: =IFERROR(E8/D8, "") | G8: =SUM(Jul!G8,Aug!G8,Sep!G8) -> 0 | H8: =SUM(Jul!H8, Aug!H8, Sep!H8) -> 3659 | I8: =IFERROR(H8/G8, "")
A9: AZ: Marana - Roadrunner ES | B9: AZ | C9: =SUM(Jul!C9, Aug!C9, Sep!C9) -> 10845 | D9: =SUM(Jul!D9, Aug!D9, Sep!D9) -> 0 | E9: =IF(AND(ISNUMBER(C9),ISNUMBER(D9)), C9-D9, "") -> 10845 | F9: =IFERROR(E9/D9, "") | G9: =SUM(Jul!G9,Aug!G9,Sep!G9) -> 0 | H9: =SUM(Jul!H9, Aug!H9, Sep!H9) -> 10845 | I9: =IFERROR(H9/G9, "")
A10: AZ: Marana - Thornydale Elementary | B10: AZ | C10: =SUM(Jul!C10, Aug!C10, Sep!C10) -> 39653 | D10: =SUM(Jul!D10, Aug!D10, Sep!D10) -> 0 | E10: =IF(AND(ISNUMBER(C10),ISNUMBER(D10)), C10-D10, "") -> 39653 | F10: =IFERROR(E10/D10, "") | G10: =SUM(Jul!G10,Aug!G10,Sep!G10) -> 0 | H10: =SUM(Jul!H10, Aug!H10, Sep!H10) -> 39653 | I10: =IFERROR(H10/G10, "")
A11: AZ: Marana - Tortolita MS | B11: AZ | C11: =SUM(Jul!C11, Aug!C11, Sep!C11) -> 132968 | D11: =SUM(Jul!D11, Aug!D11, Sep!D11) -> 0 | E11: =IF(AND(ISNUMBER(C11),ISNUMBER(D11)), C11-D11, "") -> 132968 | F11: =IFERROR(E11/D11, "") | G11: =SUM(Jul!G11,Aug!G11,Sep!G11) -> 0 | H11: =SUM(Jul!H11, Aug!H11, Sep!H11) -> 132968 | I11: =IFERROR(H11/G11, "")
A12: AZ: Marana - Picture Rocks Intermediat | B12: AZ | C12: =SUM(Jul!C12, Aug!C12, Sep!C12) -> 93517 | D12: =SUM(Jul!D12, Aug!D12, Sep!D12) -> 0 | E12: =IF(AND(ISNUMBER(C12),ISNUMBER(D12)), C12-D12, "") -> 93517 | F12: =IFERROR(E12/D12, "") | G12: =SUM(Jul!G12,Aug!G12,Sep!G12) -> 0 | H12: =SUM(Jul!H12, Aug!H12, Sep!H12) -> 93517 | I12: =IFERROR(H12/G12, "")

Sheet 4th Qtr
A1: {=portfolio} -> Marana USD | D1: 4th Quarter Actual v. Expected | G1: 4th Quarter Actual v. Forecasted
A2: Total | C2: =SUM(C4:C96) -> 0 | D2: =SUM(D4:D96) -> 0 | E2: =C2-D2 -> 0 | F2: =IFERROR(E2/D2, 0) -> 0 | G2: =SUM(G4:G96) -> 0 | H2: =C2-G2 -> 0 | I2: =IFERROR(H2/G2, 0) -> 0
A3: Site | B3: State | C3: Actual | D3: Expected | E3: Delta | F3: % | G3: Forecasted | H3: Delta | I3: %
A4: AZ: Marana - Degrazia ES | B4: {=Sites[State]} -> AZ | C4: =SUM(Oct!C4, Nov!C4, Dec!C4) -> 0 | D4: =SUM(Oct!D4, Nov!D4, Dec!D4) -> 0 | E4: =IF(AND(ISNUMBER(C4),ISNUMBER(D4)), C4-D4, "") -> 0 | F4: =IFERROR(E4/D4, "") | H4: =SUM(Oct!H4, Nov!H4, Dec!H4) -> 0 | I4: =IFERROR(H4/G4, "")
A5: AZ: Marana - Gladden Farms Ph 2 | B5: AZ | C5: =SUM(Oct!C5, Nov!C5, Dec!C5) -> 0 | D5: =SUM(Oct!D5, Nov!D5, Dec!D5) -> 0 | E5: =IF(AND(ISNUMBER(C5),ISNUMBER(D5)), C5-D5, "") -> 0 | F5: =IFERROR(E5/D5, "") | H5: =SUM(Oct!H5, Nov!H5, Dec!H5) -> 0 | I5: =IFERROR(H5/G5, "")
A6: AZ: Marana - Marana High School | B6: AZ | C6: =SUM(Oct!C6, Nov!C6, Dec!C6) -> 0 | D6: =SUM(Oct!D6, Nov!D6, Dec!D6) -> 0 | E6: =IF(AND(ISNUMBER(C6),ISNUMBER(D6)), C6-D6, "") -> 0 | F6: =IFERROR(E6/D6, "") | H6: =SUM(Oct!H6, Nov!H6, Dec!H6) -> 0 | I6: =IFERROR(H6/G6, "")
A7: AZ: Marana - Mountain View HS Exp. | B7: AZ | C7: =SUM(Oct!C7, Nov!C7, Dec!C7) -> 0 | D7: =SUM(Oct!D7, Nov!D7, Dec!D7) -> 0 | E7: =IF(AND(ISNUMBER(C7),ISNUMBER(D7)), C7-D7, "") -> 0 | F7: =IFERROR(E7/D7, "") | H7: =SUM(Oct!H7, Nov!H7, Dec!H7) -> 0 | I7: =IFERROR(H7/G7, "")
A8: AZ: Marana - Rattlesnake Ridge ES | B8: AZ | C8: =SUM(Oct!C8, Nov!C8, Dec!C8) -> 0 | D8: =SUM(Oct!D8, Nov!D8, Dec!D8) -> 0 | E8: =IF(AND(ISNUMBER(C8),ISNUMBER(D8)), C8-D8, "") -> 0 | F8: =IFERROR(E8/D8, "") | H8: =SUM(Oct!H8, Nov!H8, Dec!H8) -> 0 | I8: =IFERROR(H8/G8, "")
A9: AZ: Marana - Roadrunner ES | B9: AZ | C9: =SUM(Oct!C9, Nov!C9, Dec!C9) -> 0 | D9: =SUM(Oct!D9, Nov!D9, Dec!D9) -> 0 | E9: =IF(AND(ISNUMBER(C9),ISNUMBER(D9)), C9-D9, "") -> 0 | F9: =IFERROR(E9/D9, "") | H9: =SUM(Oct!H9, Nov!H9, Dec!H9) -> 0 | I9: =IFERROR(H9/G9, "")
A10: AZ: Marana - Thornydale Elementary | B10: AZ | C10: =SUM(Oct!C10, Nov!C10, Dec!C10) -> 0 | D10: =SUM(Oct!D10, Nov!D10, Dec!D10) -> 0 | E10: =IF(AND(ISNUMBER(C10),ISNUMBER(D10)), C10-D10, "") -> 0 | F10: =IFERROR(E10/D10, "") | H10: =SUM(Oct!H10, Nov!H10, Dec!H10) -> 0 | I10: =IFERROR(H10/G10, "")
A11: AZ: Marana - Tortolita MS | B11: AZ | C11: =SUM(Oct!C11, Nov!C11, Dec!C11) -> 0 | D11: =SUM(Oct!D11, Nov!D11, Dec!D11) -> 0 | E11: =IF(AND(ISNUMBER(C11),ISNUMBER(D11)), C11-D11, "") -> 0 | F11: =IFERROR(E11/D11, "") | H11: =SUM(Oct!H11, Nov!H11, Dec!H11) -> 0 | I11: =IFERROR(H11/G11, "")
A12: AZ: Marana - Picture Rocks Intermediat | B12: AZ | C12: =SUM(Oct!C12, Nov!C12, Dec!C12) -> 0 | D12: =SUM(Oct!D12, Nov!D12, Dec!D12) -> 0 | E12: =IF(AND(ISNUMBER(C12),ISNUMBER(D12)), C12-D12, "") -> 0 | F12: =IFERROR(E12/D12, "") | H12: =SUM(Oct!H12, Nov!H12, Dec!H12) -> 0 | I12: =IFERROR(H12/G12, "")

Sheet Jan
A1: {=portfolio} -> Marana USD | D1: January Actual v. Expected | G1: January Actual v. Forecasted
A2: Total | C2: =SUM(C4:C94) -> 240925 | D2: =SUM(D4:D94) -> 0 | E2: =C2-D2 -> 240925 | F2: =IFERROR(E2/D2, 0) -> 0 | G2: =SUM(G4:G94) -> 0 | H2: =C2-G2 -> 240925 | I2: =IFERROR(H2/G2, 0) -> 0 | J2: =IF(AND(TODAY()>DATE(2024, 1, 1), COUNTA(#REF!)<>(COUNT(C:C)-1)), "Some sites are missing actual data; if new sites were added, make sure they are aligned correctly (including prior months!)", "") -> Some sites are missing actual data; if new sites were added, make sure they are aligned correctly (including prior months!)
A3: Site | B3: State | C3: Actual | D3: Expected | E3: Delta | F3: % | G3: Forecasted | H3: Delta | I3: % | J3: Notes | K3: Service Requests
A4: AZ: Marana - Degrazia ES | B4: {=Sites[State]} -> AZ | C4: 15252 | D4: 0 | E4: =IF(AND(ISNUMBER(C4),ISNUMBER(D4)), C4-D4, "") -> 15252 | F4: =IFERROR(E4/D4, 0) -> 0 | G4: 0 | H4: =IF(AND(ISNUMBER(C4),ISNUMBER(G4)), C4-G4, "") -> 15252 | I4: =IFERROR(H4/G4, 0) -> 0
A5: AZ: Marana - Gladden Farms Ph 2 | B5: AZ | C5: 12109 | D5: 0 | E5: =IF(AND(ISNUMBER(C5),ISNUMBER(D5)), C5-D5, "") -> 12109 | F5: =IFERROR(E5/D5, 0) -> 0 | G5: 0 | H5: =IF(AND(ISNUMBER(C5),ISNUMBER(G5)), C5-G5, "") -> 12109 | I5: =IFERROR(H5/G5, 0) -> 0 | J5: 1. Inverter C2 was offline for whole month and the inverter RMA'd 2. Inverter A1 was offline for whole month | K5: 1. SR077925 2. SR079708
A6: AZ: Marana - Marana High School | B6: AZ | C6: 23382 | D6: 0 | E6: =IF(AND(ISNUMBER(C6),ISNUMBER(D6)), C6-D6, "") -> 23382 | F6: =IFERROR(E6/D6, 0) -> 0 | G6: 0 | H6: =IF(AND(ISNUMBER(C6),ISNUMBER(G6)), C6-G6, "") -> 23382 | I6: =IFERROR(H6/G6, 0) -> 0 | J6: 1. Array A and C are running but not communicating, and Array B and G are offline due to Structure damage | K6: 1. SR075233, SR075779
A7: AZ: Marana - Mountain View HS Exp. | B7: AZ | C7: 100460 | D7: 0 | E7: =IF(AND(ISNUMBER(C7),ISNUMBER(D7)), C7-D7, "") -> 100460 | F7: =IFERROR(E7/D7, 0) -> 0 | G7: 0 | H7: =IF(AND(ISNUMBER(C7),ISNUMBER(G7)), C7-G7, "") -> 100460 | I7: =IFERROR(H7/G7, 0) -> 0
A8: AZ: Marana - Rattlesnake Ridge ES | B8: AZ | C8: 4897 | D8: 0 | E8: =IF(AND(ISNUMBER(C8),ISNUMBER(D8)), C8-D8, "") -> 4897 | F8: =IFERROR(E8/D8, 0) -> 0 | G8: 0 | H8: =IF(AND(ISNUMBER(C8),ISNUMBER(G8)), C8-G8, "") -> 4897 | I8: =IFERROR(H8/G8, 0) -> 0 | J8: 1. Site was offline due to fire accident from May 2023 and back online on 01/18/2024 | K8: 1. SR071245
A9: AZ: Marana - Roadrunner ES | B9: AZ | C9: 21507 | D9: 0 | E9: =IF(AND(ISNUMBER(C9),ISNUMBER(D9)), C9-D9, "") -> 21507 | F9: =IFERROR(E9/D9, 0) -> 0 | G9: 0 | H9: =IF(AND(ISNUMBER(C9),ISNUMBER(G9)), C9-G9, "") -> 21507 | I9: =IFERROR(H9/G9, 0) -> 0 | J9: 1. Inverter A2 was offline on 01/22 and 1/23 due to ground faults | K9: 1. SR078885
A10: AZ: Marana - Thornydale Elementary | B10: AZ | C10: 10517 | D10: 0 | E10: =IF(AND(ISNUMBER(C10),ISNUMBER(D10)), C10-D10, "") -> 10517 | F10: =IFERROR(E10/D10, 0) -> 0 | G10: 0 | H10: =IF(AND(ISNUMBER(C10),ISNUMBER(G10)), C10-G10, "") -> 10517 | I10: =IFERROR(H10/G10, 0) -> 0
A11: AZ: Marana - Tortolita MS | B11: AZ | C11: 28275 | D11: 0 | E11: =IF(AND(ISNUMBER(C11),ISNUMBER(D11)), C11-D11, "") -> 28275 | F11: =IFERROR(E11/D11, 0) -> 0 | G11: 0 | H11: =IF(AND(ISNUMBER(C11),ISNUMBER(G11)), C11-G11, "") -> 28275 | I11: =IFERROR(H11/G11, 0) -> 0 | J11: 1. Inverter C2 was back online from 01/23 | K11: 1. SRO75975
A12: AZ: Marana - Picture Rocks Intermediat | B12: AZ | C12: 24526 | D12: 0 | E12: =IF(AND(ISNUMBER(C12),ISNUMBER(D12)), C12-D12, "") -> 24526 | F12: =IFERROR(E12/D12, 0) -> 0 | G12: 0 | H12: =IF(AND(ISNUMBER(C12),ISNUMBER(G12)), C12-G12, "") -> 24526 | I12: =IFERROR(H12/G12, 0) -> 0

Sheet Feb
A1: {=portfolio} -> Marana USD | D1: February Actual v. Expected | G1: February Actual v. Forecasted
A2: Total | C2: =SUM(C4:C96) -> 264671 | D2: =SUM(D4:D96) -> 0 | E2: =C2-D2 -> 264671 | F2: =IFERROR(E2/D2, 0) -> 0 | G2: =SUM(G4:G96) -> 0 | H2: =C2-G2 -> 264671 | I2: =IFERROR(H2/G2, 0) -> 0 | J2: =IF(AND(TODAY()>DATE(2024, 2, 1), COUNTA(#REF!)<>(COUNT(C:C)-1)), "Some sites are missing actual data; if new sites were added, make sure they are aligned correctly (including prior months!)", "") -> Some sites are missing actual data; if new sites were added, make sure they are aligned correctly (including prior months!)
A3: Site | B3: State | C3: Actual | D3: Expected | E3: Delta | F3: % | G3: Forecasted | H3: Delta | I3: % | J3: Notes | K3: Service Requests
A4: AZ: Marana - Degrazia ES | B4: {=Sites[State]} -> AZ | C4: 16822 | D4: 0 | E4: =IF(AND(ISNUMBER(C4),ISNUMBER(D4)), C4-D4, "") -> 16822 | F4: =IFERROR(E4/D4, "") | G4: 0 | H4: =IF(AND(ISNUMBER(C4),ISNUMBER(G4)), C4-G4, "") -> 16822 | I4: =IFERROR(H4/G4, "")
A5: AZ: Marana - Gladden Farms Ph 2 | B5: AZ | C5: 13631 | D5: 0 | E5: =IF(AND(ISNUMBER(C5),ISNUMBER(D5)), C5-D5, "") -> 13631 | F5: =IFERROR(E5/D5, "") | G5: 0 | H5: =IF(AND(ISNUMBER(C5),ISNUMBER(G5)), C5-G5, "") -> 13631 | I5: =IFERROR(H5/G5, "") | J5: 1. Inverter C2 was offline for whole month 2. Inverter A1 was offline from 01/09 replaced on 02/28 | K5: 1. SR077925 2. SR079708
A6: AZ: Marana - Marana High School | B6: AZ | C6: 25498 | D6: 0 | E6: =IF(AND(ISNUMBER(C6),ISNUMBER(D6)), C6-D6, "") -> 25498 | F6: =IFERROR(E6/D6, "") | G6: 0 | H6: =IF(AND(ISNUMBER(C6),ISNUMBER(G6)), C6-G6, "") -> 25498 | I6: =IFERROR(H6/G6, "")
A7: AZ: Marana - Mountain View HS Exp. | B7: AZ | C7: 108379 | D7: 0 | E7: =IF(AND(ISNUMBER(C7),ISNUMBER(D7)), C7-D7, "") -> 108379 | F7: =IFERROR(E7/D7, "") | G7: 0 | H7: =IF(AND(ISNUMBER(C7),ISNUMBER(G7)), C7-G7, "") -> 108379 | I7: =IFERROR(H7/G7, "")
A8: AZ: Marana - Rattlesnake Ridge ES | B8: AZ | C8: 16195 | D8: 0 | E8: =IF(AND(ISNUMBER(C8),ISNUMBER(D8)), C8-D8, "") -> 16195 | F8: =IFERROR(E8/D8, "") | G8: 0 | H8: =IF(AND(ISNUMBER(C8),ISNUMBER(G8)), C8-G8, "") -> 16195 | I8: =IFERROR(H8/G8, "")
A9: AZ: Marana - Roadrunner ES | B9: AZ | C9: 13863 | D9: 0 | E9: =IF(AND(ISNUMBER(C9),ISNUMBER(D9)), C9-D9, "") -> 13863 | F9: =IFERROR(E9/D9, "") | G9: 0 | H9: =IF(AND(ISNUMBER(C9),ISNUMBER(G9)), C9-G9, "") -> 13863 | I9: =IFERROR(H9/G9, "")
A10: AZ: Marana - Thornydale Elementary | B10: AZ | C10: 9239 | D10: 0 | E10: =IF(AND(ISNUMBER(C10),ISNUMBER(D10)), C10-D10, "") -> 9239 | F10: =IFERROR(E10/D10, "") | G10: 0 | H10: =IF(AND(ISNUMBER(C10),ISNUMBER(G10)), C10-G10, "") -> 9239 | I10: =IFERROR(H10/G10, "") | J10: 1.Inverter A3 tripped offline at 10:15 on 02/15 & back online at 02/20 at 15:00 | K10: 1.SR081030
A11: AZ: Marana - Tortolita MS | B11: AZ | C11: 34032 | D11: 0 | E11: =IF(AND(ISNUMBER(C11),ISNUMBER(D11)), C11-D11, "") -> 34032 | F11: =IFERROR(E11/D11, "") | G11: 0 | H11: =IF(AND(ISNUMBER(C11),ISNUMBER(G11)), C11-G11, "") -> 34032 | I11: =IFERROR(H11/G11, "")
A12: AZ: Marana - Picture Rocks Intermediat | B12: AZ | C12: 27012 | D12: 0 | E12: =IF(AND(ISNUMBER(C12),ISNUMBER(D12)), C12-D12, "") -> 27012 | F12: =IFERROR(E12/D12, "") | G12: 0 | H12: =IF(AND(ISNUMBER(C12),ISNUMBER(G12)), C12-G12, "") -> 27012 | I12: =IFERROR(H12/G12, "")

Sheet Mar
A1: {=portfolio} -> Marana USD | D1: March Actual v. Expected | G1: March Actual v. Forecasted
A2: Total | C2: =SUM(C4:C96) -> 351654 | D2: =SUM(D4:D96) -> 0 | E2: =C2-D2 -> 351654 | F2: =IFERROR(E2/D2, 0) -> 0 | G2: =SUM(G4:G96) -> 0 | H2: =C2-G2 -> 351654 | I2: =IFERROR(H2/G2, 0) -> 0 | J2: =IF(AND(TODAY()>DATE(2024, 3, 1), COUNTA(#REF!)<>(COUNT(C:C)-1)), "Some sites are missing actual data; if new sites were added, make sure they are aligned correctly (including prior months!)", "") -> Some sites are missing actual data; if new sites were added, make sure they are aligned correctly (including prior months!)
A3: Site | B3: State | C3: Actual | D3: Expected | E3: Delta | F3: % | G3: Forecasted | H3: Delta | I3: % | J3: Notes | K3: Service Requests
A4: AZ: Marana - Degrazia ES | B4: {=Sites[State]} -> AZ | C4: 22160 | D4: 0 | E4: =IF(AND(ISNUMBER(C4),ISNUMBER(D4)), C4-D4, "") -> 22160 | F4: =IFERROR(E4/D4, "") | G4: 0 | H4: =IF(AND(ISNUMBER(C4),ISNUMBER(G4)), C4-G4, "") -> 22160 | I4: =IFERROR(H4/G4, "")
A5: AZ: Marana - Gladden Farms Ph 2 | B5: AZ | C5: 23973 | D5: 0 | E5: =IF(AND(ISNUMBER(C5),ISNUMBER(D5)), C5-D5, "") -> 23973 | F5: =IFERROR(E5/D5, "") | G5: 0 | H5: =IF(AND(ISNUMBER(C5),ISNUMBER(G5)), C5-G5, "") -> 23973 | I5: =IFERROR(H5/G5, "") | J5: 1. Inverter C2 was replaced on 03/19 | K5: 1. SR077925
A6: AZ: Marana - Marana High School | B6: AZ | C6: 43234 | D6: 0 | E6: =IF(AND(ISNUMBER(C6),ISNUMBER(D6)), C6-D6, "") -> 43234 | F6: =IFERROR(E6/D6, "") | G6: 0 | H6: =IF(AND(ISNUMBER(C6),ISNUMBER(G6)), C6-G6, "") -> 43234 | I6: =IFERROR(H6/G6, "") | J6: 1. Inverter A5 replaced on 03/18 but not communicating in AP 2. Inverter C1 replaced on 03/12 but not communicating in AP 3. Inverter A2 replaced on 03/19 but not communicating in AP | K6: 1. SR081612 2. SR081791 3. SR081996
A7: AZ: Marana - Mountain View HS Exp. | B7: AZ | C7: 131398 | D7: 0 | E7: =IF(AND(ISNUMBER(C7),ISNUMBER(D7)), C7-D7, "") -> 131398 | F7: =IFERROR(E7/D7, "") | G7: 0 | H7: =IF(AND(ISNUMBER(C7),ISNUMBER(G7)), C7-G7, "") -> 131398 | I7: =IFERROR(H7/G7, "") | J7: 1. Inverter A4 is tripped offline mid of the day from 03/04 almost through out the month | K7: 1. SR082498
A8: AZ: Marana - Rattlesnake Ridge ES | B8: AZ | C8: 21475 | D8: 0 | E8: =IF(AND(ISNUMBER(C8),ISNUMBER(D8)), C8-D8, "") -> 21475 | F8: =IFERROR(E8/D8, "") | G8: 0 | H8: =IF(AND(ISNUMBER(C8),ISNUMBER(G8)), C8-G8, "") -> 21475 | I8: =IFERROR(H8/G8, "")
A9: AZ: Marana - Roadrunner ES | B9: AZ | C9: 15457 | D9: 0 | E9: =IF(AND(ISNUMBER(C9),ISNUMBER(D9)), C9-D9, "") -> 15457 | F9: =IFERROR(E9/D9, "") | G9: 0 | H9: =IF(AND(ISNUMBER(C9),ISNUMBER(G9)), C9-G9, "") -> 15457 | I9: =IFERROR(H9/G9, "")
A10: AZ: Marana - Thornydale Elementary | B10: AZ | C10: 17242 | D10: 0 | E10: =IF(AND(ISNUMBER(C10),ISNUMBER(D10)), C10-D10, "") -> 17242 | F10: =IFERROR(E10/D10, "") | G10: 0 | H10: =IF(AND(ISNUMBER(C10),ISNUMBER(G10)), C10-G10, "") -> 17242 | I10: =IFERROR(H10/G10, "")
A11: AZ: Marana - Tortolita MS | B11: AZ | C11: 42307 | D11: 0 | E11: =IF(AND(ISNUMBER(C11),ISNUMBER(D11)), C11-D11, "") -> 42307 | F11: =IFERROR(E11/D11, "") | G11: 0 | H11: =IF(AND(ISNUMBER(C11),ISNUMBER(G11)), C11-G11, "") -> 42307 | I11: =IFERROR(H11/G11, "") | J11: 1. Meter is capturing around 80% production of inverters | K11: 1. SR082837
A12: AZ: Marana - Picture Rocks Intermediat | B12: AZ | C12: 34408 | D12: 0 | E12: =IF(AND(ISNUMBER(C12),ISNUMBER(D12)), C12-D12, "") -> 34408 | F12: =IFERROR(E12/D12, "") | G12: 0 | H12: =IF(AND(ISNUMBER(C12),ISNUMBER(G12)), C12-G12, "") -> 34408 | I12: =IFERROR(H12/G12, "")

Sheet Apr
A1: {=portfolio} -> Marana USD | D1: April Actual v. Expected | G1: April Actual v. Forecasted
A2: Total | C2: =SUM(C4:C96) -> 370051 | D2: =SUM(D4:D96) -> 0 | E2: =C2-D2 -> 370051 | F2: =IFERROR(E2/D2, 0) -> 0 | G2: =SUM(G4:G96) -> 0 | H2: =C2-G2 -> 370051 | I2: =IFERROR(H2/G2, 0) -> 0 | J2: =IF(AND(TODAY()>DATE(2024, 4, 1), COUNTA(#REF!)<>(COUNT(C:C)-1)), "Some sites are missing actual data; if new sites were added, make sure they are aligned correctly (including prior months!)", "") -> Some sites are missing actual data; if new sites were added, make sure they are aligned correctly (including prior months!)
A3: Site | B3: State | C3: Actual | D3: Expected | E3: Delta | F3: % | G3: Forecasted | H3: Delta | I3: % | J3: Notes | K3: Service Requests
A4: AZ: Marana - Degrazia ES | B4: {=Sites[State]} -> AZ | C4: 28307 | D4: 0 | E4: =IF(AND(ISNUMBER(C4),ISNUMBER(D4)), C4-D4, "") -> 28307 | F4: =IFERROR(E4/D4, "") | G4: 0 | H4: =IF(AND(ISNUMBER(C4),ISNUMBER(G4)), C4-G4, "") -> 28307 | I4: =IFERROR(H4/G4, "")
A5: AZ: Marana - Gladden Farms Ph 2 | B5: AZ | C5: 33231 | D5: 0 | E5: =IF(AND(ISNUMBER(C5),ISNUMBER(D5)), C5-D5, "") -> 33231 | F5: =IFERROR(E5/D5, "") | G5: 0 | H5: =IF(AND(ISNUMBER(C5),ISNUMBER(G5)), C5-G5, "") -> 33231 | I5: =IFERROR(H5/G5, "")
A6: AZ: Marana - Marana High School | B6: AZ | C6: 8609 | D6: 0 | E6: =IF(AND(ISNUMBER(C6),ISNUMBER(D6)), C6-D6, "") -> 8609 | F6: =IFERROR(E6/D6, "") | G6: 0 | H6: =IF(AND(ISNUMBER(C6),ISNUMBER(G6)), C6-G6, "") -> 8609 | I6: =IFERROR(H6/G6, "") | J6: 1. Site stopped communicating at 20:30 on 04/05 and is still not communicating. Data logger need to be replaced | K6: 1. SR080878
A7: AZ: Marana - Mountain View HS Exp. | B7: AZ | C7: 158739 | D7: 0 | E7: =IF(AND(ISNUMBER(C7),ISNUMBER(D7)), C7-D7, "") -> 158739 | F7: =IFERROR(E7/D7, "") | G7: 0 | H7: =IF(AND(ISNUMBER(C7),ISNUMBER(G7)), C7-G7, "") -> 158739 | I7: =IFERROR(H7/G7, "")
A8: AZ: Marana - Rattlesnake Ridge ES | B8: AZ | C8: 28996 | D8: 0 | E8: =IF(AND(ISNUMBER(C8),ISNUMBER(D8)), C8-D8, "") -> 28996 | F8: =IFERROR(E8/D8, "") | G8: 0 | H8: =IF(AND(ISNUMBER(C8),ISNUMBER(G8)), C8-G8, "") -> 28996 | I8: =IFERROR(H8/G8, "")
A9: AZ: Marana - Roadrunner ES | B9: AZ | C9: 0 | D9: 0 | E9: =IF(AND(ISNUMBER(C9),ISNUMBER(D9)), C9-D9, "") -> 0 | F9: =IFERROR(E9/D9, "") | G9: 0 | H9: =IF(AND(ISNUMBER(C9),ISNUMBER(G9)), C9-G9, "") -> 0 | I9: =IFERROR(H9/G9, "") | J9: 1. Meter stopped communicating from 03/25 and is being RMA'd | K9: 1. SR081189
A10: AZ: Marana - Thornydale Elementary | B10: AZ | C10: 21773 | D10: 0 | E10: =IF(AND(ISNUMBER(C10),ISNUMBER(D10)), C10-D10, "") -> 21773 | F10: =IFERROR(E10/D10, "") | G10: 0 | H10: =IF(AND(ISNUMBER(C10),ISNUMBER(G10)), C10-G10, "") -> 21773 | I10: =IFERROR(H10/G10, "")
A11: AZ: Marana - Tortolita MS | B11: AZ | C11: 49894 | D11: 0 | E11: =IF(AND(ISNUMBER(C11),ISNUMBER(D11)), C11-D11, "") -> 49894 | F11: =IFERROR(E11/D11, "") | G11: 0 | H11: =IF(AND(ISNUMBER(C11),ISNUMBER(G11)), C11-G11, "") -> 49894 | I11: =IFERROR(H11/G11, "")
A12: AZ: Marana - Picture Rocks Intermediat | B12: AZ | C12: 40502 | D12: 0 | E12: =IF(AND(ISNUMBER(C12),ISNUMBER(D12)), C12-D12, "") -> 40502 | F12: =IFERROR(E12/D12, "") | G12: 0 | H12: =IF(AND(ISNUMBER(C12),ISNUMBER(G12)), C12-G12, "") -> 40502 | I12: =IFERROR(H12/G12, "")

Sheet May
A1: {=portfolio} -> Marana USD | D1: May Actual v. Expected | G1: May Actual v. Forecasted
A2: Total | C2: =SUM(C4:C96) -> 385438 | D2: =SUM(D4:D96) -> 0 | E2: =C2-D2 -> 385438 | F2: =IFERROR(E2/D2, 0) -> 0 | G2: =SUM(G4:G96) -> 0 | H2: =C2-G2 -> 385438 | I2: =IFERROR(H2/G2, 0) -> 0 | J2: =IF(AND(TODAY()>DATE(2024, 5, 1), COUNTA(#REF!)<>(COUNT(C:C)-1)), "Some sites are missing actual data; if new sites were added, make sure they are aligned correctly (including prior months!)", "") -> Some sites are missing actual data; if new sites were added, make sure they are aligned correctly (including prior months!)
A3: Site | B3: State | C3: Actual | D3: Expected | E3: Delta | F3: % | G3: Forecasted | H3: Delta | I3: % | J3: Notes | K3: Service Requests
A4: AZ: Marana - Degrazia ES | B4: {=Sites[State]} -> AZ | C4: 34811 | D4: 0 | E4: =IF(AND(ISNUMBER(C4),ISNUMBER(D4)), C4-D4, "") -> 34811 | F4: =IFERROR(E4/D4, "") | G4: 0 | H4: =IF(AND(ISNUMBER(C4),ISNUMBER(G4)), C4-G4, "") -> 34811 | I4: =IFERROR(H4/G4, "")
A5: AZ: Marana - Gladden Farms Ph 2 | B5: AZ | C5: 35553 | D5: 0 | E5: =IF(AND(ISNUMBER(C5),ISNUMBER(D5)), C5-D5, "") -> 35553 | F5: =IFERROR(E5/D5, "") | G5: 0 | H5: =IF(AND(ISNUMBER(C5),ISNUMBER(G5)), C5-G5, "") -> 35553 | I5: =IFERROR(H5/G5, "")
A6: AZ: Marana - Marana High School | B6: AZ | C6: 0 | D6: 0 | E6: =IF(AND(ISNUMBER(C6),ISNUMBER(D6)), C6-D6, "") -> 0 | F6: =IFERROR(E6/D6, "") | G6: 0 | H6: =IF(AND(ISNUMBER(C6),ISNUMBER(G6)), C6-G6, "") -> 0 | I6: =IFERROR(H6/G6, "") | J6: 1. Site stopped communicating at 20:30 on 04/05 throughout the month. Data logger need to be replaced | K6: 1. SR080878
A7: AZ: Marana - Mountain View HS Exp. | B7: AZ | C7: 175229 | D7: 0 | E7: =IF(AND(ISNUMBER(C7),ISNUMBER(D7)), C7-D7, "") -> 175229 | F7: =IFERROR(E7/D7, "") | G7: 0 | H7: =IF(AND(ISNUMBER(C7),ISNUMBER(G7)), C7-G7, "") -> 175229 | I7: =IFERROR(H7/G7, "")
A8: AZ: Marana - Rattlesnake Ridge ES | B8: AZ | C8: 27119 | D8: 0 | E8: =IF(AND(ISNUMBER(C8),ISNUMBER(D8)), C8-D8, "") -> 27119 | F8: =IFERROR(E8/D8, "") | G8: 0 | H8: =IF(AND(ISNUMBER(C8),ISNUMBER(G8)), C8-G8, "") -> 27119 | I8: =IFERROR(H8/G8, "") | J8: 1. Site tripped offline at 07:00 on 05/26 due to arc event on B phase on PV utility meter and is still offline | K8: 1. SR085173
A9: AZ: Marana - Roadrunner ES | B9: AZ | C9: 0 | D9: 0 | E9: =IF(AND(ISNUMBER(C9),ISNUMBER(D9)), C9-D9, "") -> 0 | F9: =IFERROR(E9/D9, "") | G9: 0 | H9: =IF(AND(ISNUMBER(C9),ISNUMBER(G9)), C9-G9, "") -> 0 | I9: =IFERROR(H9/G9, "") | J9: 1. Meter stopped communicating from 03/25 and is being RMA'd | K9: 1. SR081189
A10: AZ: Marana - Thornydale Elementary | B10: AZ | C10: 23247 | D10: 0 | E10: =IF(AND(ISNUMBER(C10),ISNUMBER(D10)), C10-D10, "") -> 23247 | F10: =IFERROR(E10/D10, "") | G10: 0 | H10: =IF(AND(ISNUMBER(C10),ISNUMBER(G10)), C10-G10, "") -> 23247 | I10: =IFERROR(H10/G10, "")
A11: AZ: Marana - Tortolita MS | B11: AZ | C11: 46390 | D11: 0 | E11: =IF(AND(ISNUMBER(C11),ISNUMBER(D11)), C11-D11, "") -> 46390 | F11: =IFERROR(E11/D11, "") | G11: 0 | H11: =IF(AND(ISNUMBER(C11),ISNUMBER(G11)), C11-G11, "") -> 46390 | I11: =IFERROR(H11/G11, "")
A12: AZ: Marana - Picture Rocks Intermediat | B12: AZ | C12: 43089 | D12: 0 | E12: =IF(AND(ISNUMBER(C12),ISNUMBER(D12)), C12-D12, "") -> 43089 | F12: =IFERROR(E12/D12, "") | G12: 0 | H12: =IF(AND(ISNUMBER(C12),ISNUMBER(G12)), C12-G12, "") -> 43089 | I12: =IFERROR(H12/G12, "")

Sheet Jun
A1: {=portfolio} -> Marana USD | D1: June Actual v. Expected | G1: June Actual v. Forecasted
A2: Total | C2: =SUM(C4:C96) -> 312809 | D2: =SUM(D4:D96) -> 0 | E2: =C2-D2 -> 312809 | F2: =IFERROR(E2/D2, 0) -> 0 | G2: =SUM(G4:G96) -> 0 | H2: =C2-G2 -> 312809 | I2: =IFERROR(H2/G2, 0) -> 0 | J2: =IF(AND(TODAY()>DATE(2024, 6, 1), COUNTA(#REF!)<>(COUNT(C:C)-1)), "Some sites are missing actual data; if new sites were added, make sure they are aligned correctly (including prior months!)", "") -> Some sites are missing actual data; if new sites were added, make sure they are aligned correctly (including prior months!)
A3: Site | B3: State | C3: Actual | D3: Expected | E3: Delta | F3: % | G3: Forecasted | H3: Delta | I3: % | J3: Notes | K3: Service Requests
A4: AZ: Marana - Degrazia ES | B4: {=Sites[State]} -> AZ | C4: 29482 | D4: 0 | E4: =IF(AND(ISNUMBER(C4),ISNUMBER(D4)), C4-D4, "") -> 29482 | F4: =IFERROR(E4/D4, "") | G4: 0 | H4: =IF(AND(ISNUMBER(C4),ISNUMBER(G4)), C4-G4, "") -> 29482 | I4: =IFERROR(H4/G4, "")
A5: AZ: Marana - Gladden Farms Ph 2 | B5: AZ | C5: 30785 | D5: 0 | E5: =IF(AND(ISNUMBER(C5),ISNUMBER(D5)), C5-D5, "") -> 30785 | F5: =IFERROR(E5/D5, "") | G5: 0 | H5: =IF(AND(ISNUMBER(C5),ISNUMBER(G5)), C5-G5, "") -> 30785 | I5: =IFERROR(H5/G5, "")
A6: AZ: Marana - Marana High School | B6: AZ | C6: 0 | D6: 0 | E6: =IF(AND(ISNUMBER(C6),ISNUMBER(D6)), C6-D6, "") -> 0 | F6: =IFERROR(E6/D6, "") | G6: 0 | H6: =IF(AND(ISNUMBER(C6),ISNUMBER(G6)), C6-G6, "") -> 0 | I6: =IFERROR(H6/G6, "") | J6: 1. Site stopped communicating at 20:30 on 04/05 and throughout the month. Data logger need to be replaced | K6: 1. SR080878
A7: AZ: Marana - Mountain View HS Exp. | B7: AZ | C7: 151490 | D7: 0 | E7: =IF(AND(ISNUMBER(C7),ISNUMBER(D7)), C7-D7, "") -> 151490 | F7: =IFERROR(E7/D7, "") | G7: 0 | H7: =IF(AND(ISNUMBER(C7),ISNUMBER(G7)), C7-G7, "") -> 151490 | I7: =IFERROR(H7/G7, "") | J7: 1. Inverter A4 tripped offline on 06/11,06/13,06/14,06/15 and back online from 06/16 | K7: 1. SR085956
A8: AZ: Marana - Rattlesnake Ridge ES | B8: AZ | C8: 0 | D8: 0 | E8: =IF(AND(ISNUMBER(C8),ISNUMBER(D8)), C8-D8, "") -> 0 | F8: =IFERROR(E8/D8, "") | G8: 0 | H8: =IF(AND(ISNUMBER(C8),ISNUMBER(G8)), C8-G8, "") -> 0 | I8: =IFERROR(H8/G8, "") | J8: 1. Site is offline from 05/26 throughout the month due to arc event on B phase on PV utility meter. | K8: 1. SR085173
A9: AZ: Marana - Roadrunner ES | B9: AZ | C9: 0 | D9: 0 | E9: =IF(AND(ISNUMBER(C9),ISNUMBER(D9)), C9-D9, "") -> 0 | F9: =IFERROR(E9/D9, "") | G9: 0 | H9: =IF(AND(ISNUMBER(C9),ISNUMBER(G9)), C9-G9, "") -> 0 | I9: =IFERROR(H9/G9, "") | J9: 1. Meter stopped communicating from 03/25 and is being RMA'd | K9: 1. SR081189
A10: AZ: Marana - Thornydale Elementary | B10: AZ | C10: 19894 | D10: 0 | E10: =IF(AND(ISNUMBER(C10),ISNUMBER(D10)), C10-D10, "") -> 19894 | F10: =IFERROR(E10/D10, "") | G10: 0 | H10: =IF(AND(ISNUMBER(C10),ISNUMBER(G10)), C10-G10, "") -> 19894 | I10: =IFERROR(H10/G10, "")
A11: AZ: Marana - Tortolita MS | B11: AZ | C11: 44041 | D11: 0 | E11: =IF(AND(ISNUMBER(C11),ISNUMBER(D11)), C11-D11, "") -> 44041 | F11: =IFERROR(E11/D11, "") | G11: 0 | H11: =IF(AND(ISNUMBER(C11),ISNUMBER(G11)), C11-G11, "") -> 44041 | I11: =IFERROR(H11/G11, "")
A12: AZ: Marana - Picture Rocks Intermediat | B12: AZ | C12: 37117 | D12: 0 | E12: =IF(AND(ISNUMBER(C12),ISNUMBER(D12)), C12-D12, "") -> 37117 | F12: =IFERROR(E12/D12, "") | G12: 0 | H12: =IF(AND(ISNUMBER(C12),ISNUMBER(G12)), C12-G12, "") -> 37117 | I12: =IFERROR(H12/G12, "")

Sheet Jul
A1: {=portfolio} -> Marana USD | D1: July Actual v. Expected | G1: July Actual v. Forecasted
A2: Total | C2: =SUM(C4:C96) -> 315907 | D2: =SUM(D4:D96) -> 0 | E2: =C2-D2 -> 315907 | F2: =IFERROR(E2/D2, 0) -> 0 | G2: =SUM(G4:G96) -> 0 | H2: =C2-G2 -> 315907 | I2: =IFERROR(H2/G2, 0) -> 0 | J2: =IF(AND(TODAY()>DATE(2024, 7, 1), COUNTA(#REF!)<>(COUNT(C:C)-1)), "Some sites are missing actual data; if new sites were added, make sure they are aligned correctly (including prior months!)", "") -> Some sites are missing actual data; if new sites were added, make sure they are aligned correctly (including prior months!)
A3: Site | B3: State | C3: Actual | D3: Expected | E3: Delta | F3: % | G3: Forecasted | H3: Delta | I3: % | J3: Notes | K3: Service Requests
A4: AZ: Marana - Degrazia ES | B4: {=Sites[State]} -> AZ | C4: 29307 | D4: 0 | E4: =IF(AND(ISNUMBER(C4),ISNUMBER(D4)), C4-D4, "") -> 29307 | F4: =IFERROR(E4/D4, "") | G4: 0 | H4: =IF(AND(ISNUMBER(C4),ISNUMBER(G4)), C4-G4, "") -> 29307 | I4: =IFERROR(H4/G4, "")
A5: AZ: Marana - Gladden Farms Ph 2 | B5: AZ | C5: 31498 | D5: 0 | E5: =IF(AND(ISNUMBER(C5),ISNUMBER(D5)), C5-D5, "") -> 31498 | F5: =IFERROR(E5/D5, "") | G5: 0 | H5: =IF(AND(ISNUMBER(C5),ISNUMBER(G5)), C5-G5, "") -> 31498 | I5: =IFERROR(H5/G5, "") | J5: 1. Inverter C2 is offline from 07/04. | K5: 1. SR087379
A6: AZ: Marana - Marana High School | B6: AZ | C6: 0 | D6: 0 | E6: =IF(AND(ISNUMBER(C6),ISNUMBER(D6)), C6-D6, "") -> 0 | F6: =IFERROR(E6/D6, "") | G6: 0 | H6: =IF(AND(ISNUMBER(C6),ISNUMBER(G6)), C6-G6, "") -> 0 | I6: =IFERROR(H6/G6, "")
A7: AZ: Marana - Mountain View HS Exp. | B7: AZ | C7: 148548 | D7: 0 | E7: =IF(AND(ISNUMBER(C7),ISNUMBER(D7)), C7-D7, "") -> 148548 | F7: =IFERROR(E7/D7, "") | G7: 0 | H7: =IF(AND(ISNUMBER(C7),ISNUMBER(G7)), C7-G7, "") -> 148548 | I7: =IFERROR(H7/G7, "") | J7: 1. Inverter D1 tripped offline at 10:15AM on 07/05 being RMA'd. | K7: 1. SR087401
A8: AZ: Marana - Rattlesnake Ridge ES | B8: AZ | C8: 0 | D8: 0 | E8: =IF(AND(ISNUMBER(C8),ISNUMBER(D8)), C8-D8, "") -> 0 | F8: =IFERROR(E8/D8, "") | G8: 0 | H8: =IF(AND(ISNUMBER(C8),ISNUMBER(G8)), C8-G8, "") -> 0 | I8: =IFERROR(H8/G8, "")
A9: AZ: Marana - Roadrunner ES | B9: AZ | C9: 218 | D9: 0 | E9: =IF(AND(ISNUMBER(C9),ISNUMBER(D9)), C9-D9, "") -> 218 | F9: =IFERROR(E9/D9, "") | G9: 0 | H9: =IF(AND(ISNUMBER(C9),ISNUMBER(G9)), C9-G9, "") -> 218 | I9: =IFERROR(H9/G9, "") | J9: 1. Meter stopped communicating from 03/25 and is being RMA'd | K9: 1. SR081189
A10: AZ: Marana - Thornydale Elementary | B10: AZ | C10: 20929 | D10: 0 | E10: =IF(AND(ISNUMBER(C10),ISNUMBER(D10)), C10-D10, "") -> 20929 | F10: =IFERROR(E10/D10, "") | G10: 0 | H10: =IF(AND(ISNUMBER(C10),ISNUMBER(G10)), C10-G10, "") -> 20929 | I10: =IFERROR(H10/G10, "")
A11: AZ: Marana - Tortolita MS | B11: AZ | C11: 46916 | D11: 0 | E11: =IF(AND(ISNUMBER(C11),ISNUMBER(D11)), C11-D11, "") -> 46916 | F11: =IFERROR(E11/D11, "") | G11: 0 | H11: =IF(AND(ISNUMBER(C11),ISNUMBER(G11)), C11-G11, "") -> 46916 | I11: =IFERROR(H11/G11, "")
A12: AZ: Marana - Picture Rocks Intermediat | B12: AZ | C12: 38491 | D12: 0 | E12: =IF(AND(ISNUMBER(C12),ISNUMBER(D12)), C12-D12, "") -> 38491 | F12: =IFERROR(E12/D12, "") | G12: 0 | H12: =IF(AND(ISNUMBER(C12),ISNUMBER(G12)), C12-G12, "") -> 38491 | I12: =IFERROR(H12/G12, "")

Sheet Aug
A1: {=portfolio} -> Marana USD | D1: August Actual v. Expected | G1: August Actual v. Forecasted
A2: Total | C2: =SUM(C4:C96) -> 260147 | D2: =SUM(D4:D96) -> 0 | E2: =C2-D2 -> 260147 | F2: =IFERROR(E2/D2, 0) -> 0 | G2: =SUM(G4:G96) -> 0 | H2: =C2-G2 -> 260147 | I2: =IFERROR(H2/G2, 0) -> 0 | J2: =IF(AND(TODAY()>DATE(2024, 8, 1), COUNTA(#REF!)<>(COUNT(C:C)-1)), "Some sites are missing actual data; if new sites were added, make sure they are aligned correctly (including prior months!)", "") -> Some sites are missing actual data; if new sites were added, make sure they are aligned correctly (including prior months!)
A3: Site | B3: State | C3: Actual | D3: Expected | E3: Delta | F3: % | G3: Forecasted | H3: Delta | I3: % | J3: Notes | K3: Service Requests
A4: AZ: Marana - Degrazia ES | B4: {=Sites[State]} -> AZ | C4: 21754 | D4: 0 | E4: =IF(AND(ISNUMBER(C4),ISNUMBER(D4)), C4-D4, "") -> 21754 | F4: =IFERROR(E4/D4, "") | G4: 0 | H4: =IF(AND(ISNUMBER(C4),ISNUMBER(G4)), C4-G4, "") -> 21754 | I4: =IFERROR(H4/G4, "")
A5: AZ: Marana - Gladden Farms Ph 2 | B5: AZ | C5: 27759 | D5: 0 | E5: =IF(AND(ISNUMBER(C5),ISNUMBER(D5)), C5-D5, "") -> 27759 | F5: =IFERROR(E5/D5, "") | G5: 0 | H5: =IF(AND(ISNUMBER(C5),ISNUMBER(G5)), C5-G5, "") -> 27759 | I5: =IFERROR(H5/G5, "") | J5: 1. Inverter C2 is offline from 07/04 being RMA'd. | K5: 1. SR087379
A6: AZ: Marana - Marana High School | B6: AZ | C6: 0 | D6: 0 | E6: =IF(AND(ISNUMBER(C6),ISNUMBER(D6)), C6-D6, "") -> 0 | F6: =IFERROR(E6/D6, "") | G6: 0 | H6: =IF(AND(ISNUMBER(C6),ISNUMBER(G6)), C6-G6, "") -> 0 | I6: =IFERROR(H6/G6, "") | J6: 1. Inverters G1 & G2 RMAd from 08/13. | K6: 1. SR088993
A7: AZ: Marana - Mountain View HS Exp. | B7: AZ | C7: 142121 | D7: 0 | E7: =IF(AND(ISNUMBER(C7),ISNUMBER(D7)), C7-D7, "") -> 142121 | F7: =IFERROR(E7/D7, "") | G7: 0 | H7: =IF(AND(ISNUMBER(C7),ISNUMBER(G7)), C7-G7, "") -> 142121 | I7: =IFERROR(H7/G7, "") | J7: 1. Inverter D1 tripped offline on 07/05 and back online on 08/09. 2. Some modules are damaged and needs to be replaced. 3. Inverter A4 tripped offline at 01:15PM on 08/24 and back online on 08/28. | K7: 1. SR087401 2. SR088847 3. SR089499
A8: AZ: Marana - Rattlesnake Ridge ES | B8: AZ | C8: 0 | D8: 0 | E8: =IF(AND(ISNUMBER(C8),ISNUMBER(D8)), C8-D8, "") -> 0 | F8: =IFERROR(E8/D8, "") | G8: 0 | H8: =IF(AND(ISNUMBER(C8),ISNUMBER(G8)), C8-G8, "") -> 0 | I8: =IFERROR(H8/G8, "")
A9: AZ: Marana - Roadrunner ES | B9: AZ | C9: 330 | D9: 0 | E9: =IF(AND(ISNUMBER(C9),ISNUMBER(D9)), C9-D9, "") -> 330 | F9: =IFERROR(E9/D9, "") | G9: 0 | H9: =IF(AND(ISNUMBER(C9),ISNUMBER(G9)), C9-G9, "") -> 330 | I9: =IFERROR(H9/G9, "") | J9: 1. Inverter 3 tripped offline at 5:30-5:45am on 08/01/2024 2.Meter stopped communicating from 03/25 and later replaced on 08/13 | K9: 1.SR088498 2.SR081189
A10: AZ: Marana - Thornydale Elementary | B10: AZ | C10: 0 | D10: 0 | E10: =IF(AND(ISNUMBER(C10),ISNUMBER(D10)), C10-D10, "") -> 0 | F10: =IFERROR(E10/D10, "") | G10: 0 | H10: =IF(AND(ISNUMBER(C10),ISNUMBER(G10)), C10-G10, "") -> 0 | I10: =IFERROR(H10/G10, "")
A11: AZ: Marana - Tortolita MS | B11: AZ | C11: 42590 | D11: 0 | E11: =IF(AND(ISNUMBER(C11),ISNUMBER(D11)), C11-D11, "") -> 42590 | F11: =IFERROR(E11/D11, "") | G11: 0 | H11: =IF(AND(ISNUMBER(C11),ISNUMBER(G11)), C11-G11, "") -> 42590 | I11: =IFERROR(H11/G11, "")
A12: AZ: Marana - Picture Rocks Intermediat | B12: AZ | C12: 25593 | D12: 0 | E12: =IF(AND(ISNUMBER(C12),ISNUMBER(D12)), C12-D12, "") -> 25593 | F12: =IFERROR(E12/D12, "") | G12: 0 | H12: =IF(AND(ISNUMBER(C12),ISNUMBER(G12)), C12-G12, "") -> 25593 | I12: =IFERROR(H12/G12, "") | J12: 1. Meter 2 is not communicating from 08/01 | K12: 1. SR088507

Sheet Sep
A1: {=portfolio} -> Marana USD | D1: September Actual v. Expected | G1: September Actual v. Forecasted
A2: Total | C2: =SUM(C4:C96) -> 294321 | D2: =SUM(D4:D96) -> 0 | E2: =C2-D2 -> 294321 | F2: =IFERROR(E2/D2, 0) -> 0 | G2: =SUM(G4:G96) -> 0 | H2: =C2-G2 -> 294321 | I2: =IFERROR(H2/G2, 0) -> 0 | J2: =IF(AND(TODAY()>DATE(2024, 9, 1), COUNTA(#REF!)<>(COUNT(C:C)-1)), "Some sites are missing actual data; if new sites were added, make sure they are aligned correctly (including prior months!)", "") -> Some sites are missing actual data; if new sites were added, make sure they are aligned correctly (including prior months!)
A3: Site | B3: State | C3: Actual | D3: Expected | E3: Delta | F3: % | G3: Forecasted | H3: Delta | I3: % | J3: Notes | K3: Service Requests
A4: AZ: Marana - Degrazia ES | B4: {=Sites[State]} -> AZ | C4: 12889 | D4: 0 | E4: =IF(AND(ISNUMBER(C4),ISNUMBER(D4)), C4-D4, "") -> 12889 | F4: =IFERROR(E4/D4, "") | G4: 0 | H4: =IF(AND(ISNUMBER(C4),ISNUMBER(G4)), C4-G4, "") -> 12889 | I4: =IFERROR(H4/G4, "")
A5: AZ: Marana - Gladden Farms Ph 2 | B5: AZ | C5: 28008 | D5: 0 | E5: =IF(AND(ISNUMBER(C5),ISNUMBER(D5)), C5-D5, "") -> 28008 | F5: =IFERROR(E5/D5, "") | G5: 0 | H5: =IF(AND(ISNUMBER(C5),ISNUMBER(G5)), C5-G5, "") -> 28008 | I5: =IFERROR(H5/G5, "") | J5: 1. Inverter C2 is offline from 07/04 and back online from 09/10. 2. Inverters B1 and C1 is underperforming approximately 5kW compared to its peers from 09/06 and resolved on 09/10. | K5: 1. SR087379 2. SR090068
A6: AZ: Marana - Marana High School | B6: AZ | C6: 0 | D6: 0 | E6: =IF(AND(ISNUMBER(C6),ISNUMBER(D6)), C6-D6, "") -> 0 | F6: =IFERROR(E6/D6, "") | G6: 0 | H6: =IF(AND(ISNUMBER(C6),ISNUMBER(G6)), C6-G6, "") -> 0 | I6: =IFERROR(H6/G6, "") | J6: 1. Inverter G3 is offline from 09/17 and back online on 09/18. | K6: 1. SR090657
A7: AZ: Marana - Mountain View HS Exp. | B7: AZ | C7: 147849 | D7: 0 | E7: =IF(AND(ISNUMBER(C7),ISNUMBER(D7)), C7-D7, "") -> 147849 | F7: =IFERROR(E7/D7, "") | G7: 0 | H7: =IF(AND(ISNUMBER(C7),ISNUMBER(G7)), C7-G7, "") -> 147849 | I7: =IFERROR(H7/G7, "")
A8: AZ: Marana - Rattlesnake Ridge ES | B8: AZ | C8: 3659 | D8: 0 | E8: =IF(AND(ISNUMBER(C8),ISNUMBER(D8)), C8-D8, "") -> 3659 | F8: =IFERROR(E8/D8, "") | G8: 0 | H8: =IF(AND(ISNUMBER(C8),ISNUMBER(G8)), C8-G8, "") -> 3659 | I8: =IFERROR(H8/G8, "")
A9: AZ: Marana - Roadrunner ES | B9: AZ | C9: 10297 | D9: 0 | E9: =IF(AND(ISNUMBER(C9),ISNUMBER(D9)), C9-D9, "") -> 10297 | F9: =IFERROR(E9/D9, "") | G9: 0 | H9: =IF(AND(ISNUMBER(C9),ISNUMBER(G9)), C9-G9, "") -> 10297 | I9: =IFERROR(H9/G9, "") | J9: 1. Meter is showing negative readings from 09/12 and meter is back to normal reading from 09/18. | K9: 1. SR090317
A10: AZ: Marana - Thornydale Elementary | B10: AZ | C10: 18724 | D10: 0 | E10: =IF(AND(ISNUMBER(C10),ISNUMBER(D10)), C10-D10, "") -> 18724 | F10: =IFERROR(E10/D10, "") | G10: 0 | H10: =IF(AND(ISNUMBER(C10),ISNUMBER(G10)), C10-G10, "") -> 18724 | I10: =IFERROR(H10/G10, "")
A11: AZ: Marana - Tortolita MS | B11: AZ | C11: 43462 | D11: 0 | E11: =IF(AND(ISNUMBER(C11),ISNUMBER(D11)), C11-D11, "") -> 43462 | F11: =IFERROR(E11/D11, "") | G11: 0 | H11: =IF(AND(ISNUMBER(C11),ISNUMBER(G11)), C11-G11, "") -> 43462 | I11: =IFERROR(H11/G11, "")
A12: AZ: Marana - Picture Rocks Intermediat | B12: AZ | C12: 29433 | D12: 0 | E12: =IF(AND(ISNUMBER(C12),ISNUMBER(D12)), C12-D12, "") -> 29433 | F12: =IFERROR(E12/D12, "") | G12: 0 | H12: =IF(AND(ISNUMBER(C12),ISNUMBER(G12)), C12-G12, "") -> 29433 | I12: =IFERROR(H12/G12, "") | J12: 1. Meter 2 is not communicating from 08/01 and communication resolved from 09/18. | K12: 1. SR088507

Sheet Oct
A1: {=portfolio} -> Marana USD | D1: October Actual v. Expected | G1: October Actual v. Forecasted
A2: Total | C2: =SUM(C4:C96) -> 0 | D2: =SUM(D4:D96) -> 0 | E2: =C2-D2 -> 0 | F2: =IFERROR(E2/D2, 0) -> 0 | G2: =SUM(G4:G96) -> 0 | H2: =C2-G2 -> 0 | I2: =IFERROR(H2/G2, 0) -> 0 | J2: =IF(AND(TODAY()>DATE(2024, 10, 1), COUNTA(#REF!)<>(COUNT(C:C)-1)), "Some sites are missing actual data; if new sites were added, make sure they are aligned correctly (including prior months!)", "") -> Some sites are missing actual data; if new sites were added, make sure they are aligned correctly (including prior months!)
A3: Site | B3: State | C3: Actual | D3: Expected | E3: Delta | F3: % | G3: Forecasted | H3: Delta | I3: % | J3: Notes | K3: Service Requests
A4: AZ: Marana - Degrazia ES | B4: {=Sites[State]} -> AZ | E4: =IF(AND(ISNUMBER(C4),ISNUMBER(D4)), C4-D4, "") | F4: =IFERROR(E4/D4, "") | H4: =IF(AND(ISNUMBER(C4),ISNUMBER(G4)), C4-G4, "") | I4: =IFERROR(H4/G4, "")
A5: AZ: Marana - Gladden Farms Ph 2 | B5: AZ | E5: =IF(AND(ISNUMBER(C5),ISNUMBER(D5)), C5-D5, "") | F5: =IFERROR(E5/D5, "") | H5: =IF(AND(ISNUMBER(C5),ISNUMBER(G5)), C5-G5, "") | I5: =IFERROR(H5/G5, "")
A6: AZ: Marana - Marana High School | B6: AZ | E6: =IF(AND(ISNUMBER(C6),ISNUMBER(D6)), C6-D6, "") | F6: =IFERROR(E6/D6, "") | H6: =IF(AND(ISNUMBER(C6),ISNUMBER(G6)), C6-G6, "") | I6: =IFERROR(H6/G6, "")
A7: AZ: Marana - Mountain View HS Exp. | B7: AZ | E7: =IF(AND(ISNUMBER(C7),ISNUMBER(D7)), C7-D7, "") | F7: =IFERROR(E7/D7, "") | H7: =IF(AND(ISNUMBER(C7),ISNUMBER(G7)), C7-G7, "") | I7: =IFERROR(H7/G7, "")
A8: AZ: Marana - Rattlesnake Ridge ES | B8: AZ | E8: =IF(AND(ISNUMBER(C8),ISNUMBER(D8)), C8-D8, "") | F8: =IFERROR(E8/D8, "") | H8: =IF(AND(ISNUMBER(C8),ISNUMBER(G8)), C8-G8, "") | I8: =IFERROR(H8/G8, "")
A9: AZ: Marana - Roadrunner ES | B9: AZ | E9: =IF(AND(ISNUMBER(C9),ISNUMBER(D9)), C9-D9, "") | F9: =IFERROR(E9/D9, "") | H9: =IF(AND(ISNUMBER(C9),ISNUMBER(G9)), C9-G9, "") | I9: =IFERROR(H9/G9, "")
A10: AZ: Marana - Thornydale Elementary | B10: AZ | E10: =IF(AND(ISNUMBER(C10),ISNUMBER(D10)), C10-D10, "") | F10: =IFERROR(E10/D10, "") | H10: =IF(AND(ISNUMBER(C10),ISNUMBER(G10)), C10-G10, "") | I10: =IFERROR(H10/G10, "")
A11: AZ: Marana - Tortolita MS | B11: AZ | E11: =IF(AND(ISNUMBER(C11),ISNUMBER(D11)), C11-D11, "") | F11: =IFERROR(E11/D11, "") | H11: =IF(AND(ISNUMBER(C11),ISNUMBER(G11)), C11-G11, "") | I11: =IFERROR(H11/G11, "")
A12: AZ: Marana - Picture Rocks Intermediat | B12: AZ | E12: =IF(AND(ISNUMBER(C12),ISNUMBER(D12)), C12-D12, "") | F12: =IFERROR(E12/D12, "") | H12: =IF(AND(ISNUMBER(C12),ISNUMBER(G12)), C12-G12, "") | I12: =IFERROR(H12/G12, "")

Sheet Nov
A1: {=portfolio} -> Marana USD | D1: November Actual v. Expected | G1: November Actual v. Forecasted
A2: Total | C2: =SUM(C4:C96) -> 0 | D2: =SUM(D4:D96) -> 0 | E2: =C2-D2 -> 0 | F2: =IFERROR(E2/D2, 0) -> 0 | G2: =SUM(G4:G96) -> 0 | H2: =C2-G2 -> 0 | I2: =IFERROR(H2/G2, 0) -> 0 | J2: =IF(AND(TODAY()>DATE(2024, 11, 1), COUNTA(#REF!)<>(COUNT(C:C)-1)), "Some sites are missing actual data; if new sites were added, make sure they are aligned correctly (including prior months!)", "")
A3: Site | B3: State | C3: Actual | D3: Expected | E3: Delta | F3: % | G3: Forecasted | H3: Delta | I3: % | J3: Notes | K3: Service Requests
A4: AZ: Marana - Degrazia ES | B4: {=Sites[State]} -> AZ | E4: =IF(AND(ISNUMBER(C4),ISNUMBER(D4)), C4-D4, "") | F4: =IFERROR(E4/D4, "") | H4: =IF(AND(ISNUMBER(C4),ISNUMBER(G4)), C4-G4, "") | I4: =IFERROR(H4/G4, "")
A5: AZ: Marana - Gladden Farms Ph 2 | B5: AZ | E5: =IF(AND(ISNUMBER(C5),ISNUMBER(D5)), C5-D5, "") | F5: =IFERROR(E5/D5, "") | H5: =IF(AND(ISNUMBER(C5),ISNUMBER(G5)), C5-G5, "") | I5: =IFERROR(H5/G5, "")
A6: AZ: Marana - Marana High School | B6: AZ | E6: =IF(AND(ISNUMBER(C6),ISNUMBER(D6)), C6-D6, "") | F6: =IFERROR(E6/D6, "") | H6: =IF(AND(ISNUMBER(C6),ISNUMBER(G6)), C6-G6, "") | I6: =IFERROR(H6/G6, "")
A7: AZ: Marana - Mountain View HS Exp. | B7: AZ | E7: =IF(AND(ISNUMBER(C7),ISNUMBER(D7)), C7-D7, "") | F7: =IFERROR(E7/D7, "") | H7: =IF(AND(ISNUMBER(C7),ISNUMBER(G7)), C7-G7, "") | I7: =IFERROR(H7/G7, "")
A8: AZ: Marana - Rattlesnake Ridge ES | B8: AZ | E8: =IF(AND(ISNUMBER(C8),ISNUMBER(D8)), C8-D8, "") | F8: =IFERROR(E8/D8, "") | H8: =IF(AND(ISNUMBER(C8),ISNUMBER(G8)), C8-G8, "") | I8: =IFERROR(H8/G8, "")
A9: AZ: Marana - Roadrunner ES | B9: AZ | E9: =IF(AND(ISNUMBER(C9),ISNUMBER(D9)), C9-D9, "") | F9: =IFERROR(E9/D9, "") | H9: =IF(AND(ISNUMBER(C9),ISNUMBER(G9)), C9-G9, "") | I9: =IFERROR(H9/G9, "")
A10: AZ: Marana - Thornydale Elementary | B10: AZ | E10: =IF(AND(ISNUMBER(C10),ISNUMBER(D10)), C10-D10, "") | F10: =IFERROR(E10/D10, "") | H10: =IF(AND(ISNUMBER(C10),ISNUMBER(G10)), C10-G10, "") | I10: =IFERROR(H10/G10, "")
A11: AZ: Marana - Tortolita MS | B11: AZ | E11: =IF(AND(ISNUMBER(C11),ISNUMBER(D11)), C11-D11, "") | F11: =IFERROR(E11/D11, "") | H11: =IF(AND(ISNUMBER(C11),ISNUMBER(G11)), C11-G11, "") | I11: =IFERROR(H11/G11, "")
A12: AZ: Marana - Picture Rocks Intermediat | B12: AZ | E12: =IF(AND(ISNUMBER(C12),ISNUMBER(D12)), C12-D12, "") | F12: =IFERROR(E12/D12, "") | H12: =IF(AND(ISNUMBER(C12),ISNUMBER(G12)), C12-G12, "") | I12: =IFERROR(H12/G12, "")

Sheet Dec
A1: {=portfolio} -> Marana USD | D1: December Actual v. Expected | G1: December Actual v. Forecasted
A2: Total | C2: =SUM(C4:C100) -> 0 | D2: =SUM(D4:D100) -> 0 | E2: =C2-D2 -> 0 | F2: =IFERROR(E2/D2, 0) -> 0 | G2: =SUM(G4:G100) -> 0 | H2: =C2-G2 -> 0 | I2: =IFERROR(H2/G2, 0) -> 0 | J2: =IF(AND(TODAY()>DATE(2024, 12, 1), COUNTA(#REF!)<>(COUNT(C:C)-1)), "Some sites are missing actual data; if new sites were added, make sure they are aligned correctly (including prior months!)", "")
A3: Site | B3: State | C3: Actual | D3: Expected | E3: Delta | F3: % | G3: Forecasted | H3: Delta | I3: % | J3: Notes | K3: Service Requests
A4: AZ: Marana - Degrazia ES | B4: {=Sites[State]} -> AZ | E4: =IF(AND(ISNUMBER(C4),ISNUMBER(D4)), C4-D4, "") | F4: =IFERROR(E4/D4, "") | H4: =IF(AND(ISNUMBER(C4),ISNUMBER(G4)), C4-G4, "") | I4: =IFERROR(H4/G4, "")
A5: AZ: Marana - Gladden Farms Ph 2 | B5: AZ | E5: =IF(AND(ISNUMBER(C5),ISNUMBER(D5)), C5-D5, "") | F5: =IFERROR(E5/D5, "") | H5: =IF(AND(ISNUMBER(C5),ISNUMBER(G5)), C5-G5, "") | I5: =IFERROR(H5/G5, "")
A6: AZ: Marana - Marana High School | B6: AZ | E6: =IF(AND(ISNUMBER(C6),ISNUMBER(D6)), C6-D6, "") | F6: =IFERROR(E6/D6, "") | H6: =IF(AND(ISNUMBER(C6),ISNUMBER(G6)), C6-G6, "") | I6: =IFERROR(H6/G6, "")
A7: AZ: Marana - Mountain View HS Exp. | B7: AZ | E7: =IF(AND(ISNUMBER(C7),ISNUMBER(D7)), C7-D7, "") | F7: =IFERROR(E7/D7, "") | H7: =IF(AND(ISNUMBER(C7),ISNUMBER(G7)), C7-G7, "") | I7: =IFERROR(H7/G7, "")
A8: AZ: Marana - Rattlesnake Ridge ES | B8: AZ | E8: =IF(AND(ISNUMBER(C8),ISNUMBER(D8)), C8-D8, "") | F8: =IFERROR(E8/D8, "") | H8: =IF(AND(ISNUMBER(C8),ISNUMBER(G8)), C8-G8, "") | I8: =IFERROR(H8/G8, "")
A9: AZ: Marana - Roadrunner ES | B9: AZ | E9: =IF(AND(ISNUMBER(C9),ISNUMBER(D9)), C9-D9, "") | F9: =IFERROR(E9/D9, "") | H9: =IF(AND(ISNUMBER(C9),ISNUMBER(G9)), C9-G9, "") | I9: =IFERROR(H9/G9, "")
A10: AZ: Marana - Thornydale Elementary | B10: AZ | E10: =IF(AND(ISNUMBER(C10),ISNUMBER(D10)), C10-D10, "") | F10: =IFERROR(E10/D10, "") | H10: =IF(AND(ISNUMBER(C10),ISNUMBER(G10)), C10-G10, "") | I10: =IFERROR(H10/G10, "")
A11: AZ: Marana - Tortolita MS | B11: AZ | E11: =IF(AND(ISNUMBER(C11),ISNUMBER(D11)), C11-D11, "") | F11: =IFERROR(E11/D11, "") | H11: =IF(AND(ISNUMBER(C11),ISNUMBER(G11)), C11-G11, "") | I11: =IFERROR(H11/G11, "")
A12: AZ: Marana - Picture Rocks Intermediat | B12: AZ | E12: =IF(AND(ISNUMBER(C12),ISNUMBER(D12)), C12-D12, "") | F12: =IFERROR(E12/D12, "") | H12: =IF(AND(ISNUMBER(C12),ISNUMBER(G12)), C12-G12, "") | I12: =IFERROR(H12/G12, "")
E13: =IF(AND(ISNUMBER(C13),ISNUMBER(D13)), C13-D13, "") | F13: =IFERROR(E13/D13, "") | H13: =IF(AND(ISNUMBER(C13),ISNUMBER(G13)), C13-G13, "") | I13: =IFERROR(H13/G13, "")
E14: =IF(AND(ISNUMBER(C14),ISNUMBER(D14)), C14-D14, "") | F14: =IFERROR(E14/D14, "") | H14: =IF(AND(ISNUMBER(C14),ISNUMBER(G14)), C14-G14, "") | I14: =IFERROR(H14/G14, "")
E15: =IF(AND(ISNUMBER(C15),ISNUMBER(D15)), C15-D15, "") | F15: =IFERROR(E15/D15, "") | H15: =IF(AND(ISNUMBER(C15),ISNUMBER(G15)), C15-G15, "") | I15: =IFERROR(H15/G15, "")

Sheet Sites
A1: Portfolio: | B1: Marana USD
A3: Site DAS Name | B3: State | C3: Update | D3: DAS
A4: AZ: Marana - Degrazia ES | B4: AZ
A5: AZ: Marana - Gladden Farms Ph 2 | B5: AZ
A6: AZ: Marana - Marana High School | B6: AZ
A7: AZ: Marana - Mountain View HS Exp. | B7: AZ
A8: AZ: Marana - Rattlesnake Ridge ES | B8: AZ
A9: AZ: Marana - Roadrunner ES | B9: AZ
A10: AZ: Marana - Thornydale Elementary | B10: AZ
A11: AZ: Marana - Tortolita MS | B11: AZ
A12: AZ: Marana - Picture Rocks Intermediat | B12: AZ
