Workbook
Name JanActual: #REF!
Name JanActual2: #REF!
Name JanExpected: #REF!
Name JanExpectedDelta: #REF!
Name JanExpectedPercent: #REF!
Name JanExpPercent: #REF!
Name JanForecasted: #REF!
Name JanForecastedDelta: #REF!
Name JanForecastedPercent: #REF!
Name portfolio: Sites!$B$1:$B$1
Name Year: Sites!#REF!

Sheet Year to Date
A1: {=portfolio} -> One United (Cheer Pack) | D1: Year to Date Actual v. Expected | G1: Year to Date Actual v. Forecasted
A2: Total | C2: =SUM(C4:C64) -> 1978564 | D2: =SUM(D4:D64) -> 2074374.9 | E2: =C2-D2 -> -95810.9 | F2: =IFERROR(E2/D2, 0) -> -0.046187842 | G2: =SUM(G4:G64) -> 1283087.7 | H2: =C2-G2 -> 695476.3 | I2: =IFERROR(H2/G2, 0) -> 0.54203333
A3: Site | B3: State | C3: Actual | D3: Expected | E3: Delta | F3: % | G3: Forecasted | H3: Delta | I3: %
A4: {=Sites[Site]} -> MA: West Bridgewater - One United | B4: {=Sites[State]} -> MA | C4: =SUM('1st Qtr'!C4, '2nd Qtr'!C4, '3rd Qtr'!C4, '4th Qtr'!C4) -> 1978564 | D4: =SUM('1st Qtr'!D4, '2nd Qtr'!D4, '3rd Qtr'!D4, '4th Qtr'!D4) -> 2074374.9 | E4: =IF(AND(ISNUMBER(C4),ISNUMBER(D4)), C4-D4, "") -> -95810.9 | F4: =IFERROR(E4/D4, "") -> -0.046187842 | G4: =SUM('1st Qtr'!G4, '2nd Qtr'!G4, '3rd Qtr'!G4, '4th Qtr'!G4) -> 1283087.7 | H4: =SUM('1st Qtr'!H4, '2nd Qtr'!H4, '3rd Qtr'!H4, '4th Qtr'!H4) -> -134810.3 | I4: =IFERROR(H4/G4, "") -> -0.1050671

Sheet 1st Qtr
A1: {=portfolio} -> One United (Cheer Pack) | D1: 1st Quarter Actual v. Expected | G1: 1st Quarter Actual v. Forecasted
A2: Total | C2: =SUM(C4:C64) -> 394602 | D2: =SUM(D4:D64) -> 463986 | E2: =C2-D2 -> -69384 | F2: =IFERROR(E2/D2, 0) -> -0.14953899 | G2: =SUM(G4:G64) -> 500815.3 | H2: =C2-G2 -> -106213.3 | I2: =IFERROR(H2/G2, 0) -> -0.21208078
A3: Site | B3: State | C3: Actual | D3: Expected | E3: Delta | F3: % | G3: Forecasted | H3: Delta | I3: %
A4: {=Sites[Site]} -> MA: West Bridgewater - One United | B4: {=Sites[State]} -> MA | C4: =SUM(Jan!C4, Feb!C4, Mar!C4) -> 394602 | D4: =SUM(Jan!D4, Feb!D4, Mar!D4) -> 463986 | E4: =IF(AND(ISNUMBER(C4),ISNUMBER(D4)), C4-D4, "") -> -69384 | F4: =IFERROR(E4/D4, "") -> -0.14953899 | G4: =SUM(Jan!G4, Feb!G4, Mar!G4) -> 500815.3 | H4: =SUM(Jan!H4, Feb!H4, Mar!H4) -> -106213.3 | I4: =IFERROR(H4/G4, "") -> -0.21208078

Sheet 2nd Qtr
A1: {=portfolio} -> One United (Cheer Pack) | D1: 2nd Quarter Actual v. Expected | G1: 2nd Quarter Actual v. Forecasted
A2: Total | C2: =SUM(C4:C64) -> 823694 | D2: =SUM(D4:D64) -> 842899.4 | E2: =C2-D2 -> -19205.4 | F2: =IFERROR(E2/D2, 0) -> -0.022784925 | G2: =SUM(G4:G64) -> 0 | H2: =C2-G2 -> 823694 | I2: =IFERROR(H2/G2, 0) -> 0
A3: Site | B3: State | C3: Actual | D3: Expected | E3: Delta | F3: % | G3: Forecasted | H3: Delta | I3: %
A4: {=Sites[Site]} -> MA: West Bridgewater - One United | B4: {=Sites[State]} -> MA | C4: =SUM(Apr!C4, May!C4, Jun!C4) -> 823694 | D4: =SUM(Apr!D4, May!D4, Jun!D4) -> 842899.4 | E4: =IF(AND(ISNUMBER(C4),ISNUMBER(D4)), C4-D4, "") -> -19205.4 | F4: =IFERROR(E4/D4, "") -> -0.022784925 | H4: =SUM(Apr!H4, May!H4, Jun!H4) -> -6592.6 | I4: =IFERROR(H4/G4, "")

Sheet 3rd Qtr
A1: {=portfolio} -> One United (Cheer Pack) | D1: 3rd Quarter Actual v. Expected | G1: 3rd Quarter Actual v. Forecasted
A2: Total | C2: =SUM(C4:C64) -> 760268 | D2: =SUM(D4:D64) -> 767489.5 | E2: =C2-D2 -> -7221.5 | F2: =IFERROR(E2/D2, 0) -> -0.0094092492 | G2: =SUM(G4:G64) -> 782272.4 | H2: =C2-G2 -> -22004.4 | I2: =IFERROR(H2/G2, 0) -> -0.028128821
A3: Site | B3: State | C3: Actual | D3: Expected | E3: Delta | F3: % | G3: Forecasted | H3: Delta | I3: %
A4: {=Sites[Site]} -> MA: West Bridgewater - One United | B4: {=Sites[State]} -> MA | C4: =SUM(Jul!C4, Aug!C4, Sep!C4) -> 760268 | D4: =SUM(Jul!D4, Aug!D4, Sep!D4) -> 767489.5 | E4: =IF(AND(ISNUMBER(C4),ISNUMBER(D4)), C4-D4, "") -> -7221.5 | F4: =IFERROR(E4/D4, "") -> -0.0094092492 | G4: =SUM(Jul!G4,Aug!G4,Sep!G4) -> 782272.4 | H4: =SUM(Jul!H4, Aug!H4, Sep!H4) -> -22004.4 | I4: =IFERROR(H4/G4, "") -> -0.028128821

Sheet 4th Qtr
A1: {=portfolio} -> One United (Cheer Pack) | D1: 4th Quarter Actual v. Expected | G1: 4th Quarter Actual v. Forecasted
A2: Total | C2: =SUM(C4:C64) -> 0 | D2: =SUM(D4:D64) -> 0 | E2: =C2-D2 -> 0 | F2: =IFERROR(E2/D2, 0) -> 0 | G2: =SUM(G4:G64) -> 0 | H2: =C2-G2 -> 0 | I2: =IFERROR(H2/G2, 0) -> 0
A3: Site | B3: State | C3: Actual | D3: Expected | E3: Delta | F3: % | G3: Forecasted | H3: Delta | I3: %
A4: {=Sites[Site]} -> MA: West Bridgewater - One United | B4: {=Sites[State]} -> MA | C4: =SUM(Oct!C4, Nov!C4, Dec!C4) -> 0 | D4: =SUM(Oct!D4, Nov!D4, Dec!D4) -> 0 | E4: =IF(AND(ISNUMBER(C4),ISNUMBER(D4)), C4-D4, "") -> 0 | F4: =IFERROR(E4/D4, "") | H4: =SUM(Oct!H4, Nov!H4, Dec!H4) -> 0 | I4: =IFERROR(H4/G4, "")

Sheet Jan
A1: {=portfolio} -> One United (Cheer Pack) | D1: January Actual v. Expected | G1: January Actual v. Forecasted
A2: Total | C2: =SUM(C4:C63) -> 59106 | D2: =SUM(D4:D63) -> 98220.7 | E2: =C2-D2 -> -39114.7 | F2: =IFERROR(E2/D2, 0) -> -0.39823276 | G2: =SUM(G4:G63) -> 120187.9 | H2: =C2-G2 -> -61081.9 | I2: =IFERROR(H2/G2, 0) -> -0.50822005 | J2: =IF(AND(TODAY()>DATE(2024, 1, 1), COUNTA(Sites[Site])<>(COUNT(C:C)-1)), "Some sites are missing actual data; if new sites were added, make sure they are aligned correctly (including prior months!)", "")
A3: Site | B3: State | C3: Actual | D3: Expected | E3: Delta | F3: % | G3: Forecasted | H3: Delta | I3: % | J3: Notes | K3: Service Requests
A4: {=Sites[Site]} -> MA: West Bridgewater - One United | B4: {=Sites[State]} -> MA | C4: 59106 | D4: 98220.7 | E4: =IF(AND(ISNUMBER(C4),ISNUMBER(D4)), C4-D4, "") -> -39114.7 | F4: =IFERROR(E4/D4, "") -> -0.39823276 | G4: 120187.9 | H4: =IF(AND(ISNUMBER(C4),ISNUMBER(G4)), C4-G4, "") -> -61081.9 | I4: =IFERROR(H4/G4, "") -> -0.50822005

Sheet Feb
A1: {=portfolio} -> One United (Cheer Pack) | D1: February Actual v. Expected | G1: February Actual v. Forecasted
A2: Total | C2: =SUM(C4:C64) -> 139092 | D2: =SUM(D4:D64) -> 162361.3 | E2: =C2-D2 -> -23269.3 | F2: =IFERROR(E2/D2, 0) -> -0.14331802 | G2: =SUM(G4:G64) -> 153747.4 | H2: =C2-G2 -> -14655.4 | I2: =IFERROR(H2/G2, 0) -> -0.095321287 | J2: =IF(AND(TODAY()>DATE(2024, 2, 1), COUNTA(Sites[Site])<>(COUNT(C:C)-1)), "Some sites are missing actual data; if new sites were added, make sure they are aligned correctly (including prior months!)", "")
A3: Site | B3: State | C3: Actual | D3: Expected | E3: Delta | F3: % | G3: Forecasted | H3: Delta | I3: % | J3: Notes | K3: Service Requests
A4: {=Sites[Site]} -> MA: West Bridgewater - One United | B4: {=Sites[State]} -> MA | C4: 139092 | D4: 162361.3 | E4: =IF(AND(ISNUMBER(C4),ISNUMBER(D4)), C4-D4, "") -> -23269.3 | F4: =IFERROR(E4/D4, "") -> -0.14331802 | G4: 153747.4 | H4: =IF(AND(ISNUMBER(C4),ISNUMBER(G4)), C4-G4, "") -> -14655.4 | I4: =IFERROR(H4/G4, "") -> -0.095321287

Sheet Mar
A1: {=portfolio} -> One United (Cheer Pack) | D1: March Actual v. Expected | G1: March Actual v. Forecasted
A2: Total | C2: =SUM(C4:C64) -> 196404 | D2: =SUM(D4:D64) -> 203404 | E2: =C2-D2 -> -7000 | F2: =IFERROR(E2/D2, 0) -> -0.034414269 | G2: =SUM(G4:G64) -> 226880 | H2: =C2-G2 -> -30476 | I2: =IFERROR(H2/G2, 0) -> -0.13432652 | J2: =IF(AND(TODAY()>DATE(2024, 3, 1), COUNTA(Sites[Site])<>(COUNT(C:C)-1)), "Some sites are missing actual data; if new sites were added, make sure they are aligned correctly (including prior months!)", "")
A3: Site | B3: State | C3: Actual | D3: Expected | E3: Delta | F3: % | G3: Forecasted | H3: Delta | I3: % | J3: Notes | K3: Service Requests
A4: {=Sites[Site]} -> MA: West Bridgewater - One United | B4: {=Sites[State]} -> MA | C4: 196404 | D4: 203404 | E4: =IF(AND(ISNUMBER(C4),ISNUMBER(D4)), C4-D4, "") -> -7000 | F4: =IFERROR(E4/D4, "") -> -0.034414269 | G4: 226880 | H4: =IF(AND(ISNUMBER(C4),ISNUMBER(G4)), C4-G4, "") -> -30476 | I4: =IFERROR(H4/G4, "") -> -0.13432652 | J4: 1. Inverter 2 is offline due to Isolated fault on 03/22 and the inverter was re energized by technician and is back online on 03/23. | K4: 1. SR082397

Sheet Apr
A1: {=portfolio} -> One United (Cheer Pack) | D1: April Actual v. Expected | G1: April Actual v. Forecasted
A2: Total | C2: =SUM(C4:C64) -> 244760 | D2: =SUM(D4:D64) -> 241399.8 | E2: =C2-D2 -> 3360.2 | F2: =IFERROR(E2/D2, 0) -> 0.013919647 | G2: =SUM(G4:G64) -> 248718 | H2: =C2-G2 -> -3958 | I2: =IFERROR(H2/G2, 0) -> -0.015913605 | J2: =IF(AND(TODAY()>DATE(2024, 4, 1), COUNTA(Sites[Site])<>(COUNT(C:C)-1)), "Some sites are missing actual data; if new sites were added, make sure they are aligned correctly (including prior months!)", "")
A3: Site | B3: State | C3: Actual | D3: Expected | E3: Delta | F3: % | G3: Forecasted | H3: Delta | I3: % | J3: Notes | K3: Service Requests
A4: {=Sites[Site]} -> MA: West Bridgewater - One United | B4: {=Sites[State]} -> MA | C4: 244760 | D4: 241399.8 | E4: =IF(AND(ISNUMBER(C4),ISNUMBER(D4)), C4-D4, "") -> 3360.2 | F4: =IFERROR(E4/D4, "") -> 0.013919647 | G4: 248718 | H4: =IF(AND(ISNUMBER(C4),ISNUMBER(G4)), C4-G4, "") -> -3958 | I4: =IFERROR(H4/G4, "") -> -0.015913605

Sheet May
A1: {=portfolio} -> One United (Cheer Pack) | D1: May Actual v. Expected | G1: May Actual v. Forecasted
A2: Total | C2: =SUM(C4:C64) -> 276998 | D2: =SUM(D4:D64) -> 279548.9 | E2: =C2-D2 -> -2550.9 | F2: =IFERROR(E2/D2, 0) -> -0.0091250583 | G2: =SUM(G4:G64) -> 292988.8 | H2: =C2-G2 -> -15990.8 | I2: =IFERROR(H2/G2, 0) -> -0.054578195 | J2: =IF(AND(TODAY()>DATE(2024, 5, 1), COUNTA(Sites[Site])<>(COUNT(C:C)-1)), "Some sites are missing actual data; if new sites were added, make sure they are aligned correctly (including prior months!)", "")
A3: Site | B3: State | C3: Actual | D3: Expected | E3: Delta | F3: % | G3: Forecasted | H3: Delta | I3: % | J3: Notes | K3: Service Requests
A4: {=Sites[Site]} -> MA: West Bridgewater - One United | B4: {=Sites[State]} -> MA | C4: 276998 | D4: 279548.9 | E4: =IF(AND(ISNUMBER(C4),ISNUMBER(D4)), C4-D4, "") -> -2550.9 | F4: =IFERROR(E4/D4, "") -> -0.0091250583 | G4: 292988.8 | H4: =IF(AND(ISNUMBER(C4),ISNUMBER(G4)), C4-G4, "") -> -15990.8 | I4: =IFERROR(H4/G4, "") -> -0.054578195

Sheet Jun
A1: {=portfolio} -> One United (Cheer Pack) | D1: June Actual v. Expected | G1: June Actual v. Forecasted
A2: Total | C2: =SUM(C4:C64) -> 301936 | D2: =SUM(D4:D64) -> 321950.7 | E2: =C2-D2 -> -20014.7 | F2: =IFERROR(E2/D2, 0) -> -0.062166972 | G2: =SUM(G4:G64) -> 288579.8 | H2: =C2-G2 -> 13356.2 | I2: =IFERROR(H2/G2, 0) -> 0.046282519 | J2: =IF(AND(TODAY()>DATE(2024, 6, 1), COUNTA(Sites[Site])<>(COUNT(C:C)-1)), "Some sites are missing actual data; if new sites were added, make sure they are aligned correctly (including prior months!)", "")
A3: Site | B3: State | C3: Actual | D3: Expected | E3: Delta | F3: % | G3: Forecasted | H3: Delta | I3: % | J3: Notes | K3: Service Requests
A4: {=Sites[Site]} -> MA: West Bridgewater - One United | B4: {=Sites[State]} -> MA | C4: 301936 | D4: 321950.7 | E4: =IF(AND(ISNUMBER(C4),ISNUMBER(D4)), C4-D4, "") -> -20014.7 | F4: =IFERROR(E4/D4, "") -> -0.062166972 | G4: 288579.8 | H4: =IF(AND(ISNUMBER(C4),ISNUMBER(G4)), C4-G4, "") -> 13356.2 | I4: =IFERROR(H4/G4, "") -> 0.046282519 | J4: 1. Inverter 2 is derating from 06/23 at 11:30 approximately 150kW compared to its peer inverters and also Inverter 2 is offline from 06/28 | K4: 1.SR086763

Sheet Jul
A1: {=portfolio} -> One United (Cheer Pack) | D1: July Actual v. Expected | G1: July Actual v. Forecasted
A2: Total | C2: =SUM(C4:C64) -> 274886 | D2: =SUM(D4:D64) -> 287411.8 | E2: =C2-D2 -> -12525.8 | F2: =IFERROR(E2/D2, 0) -> -0.04358137 | G2: =SUM(G4:G64) -> 287997.4 | H2: =C2-G2 -> -13111.4 | I2: =IFERROR(H2/G2, 0) -> -0.045526105 | J2: =IF(AND(TODAY()>DATE(2024, 7, 1), COUNTA(Sites[Site])<>(COUNT(C:C)-1)), "Some sites are missing actual data; if new sites were added, make sure they are aligned correctly (including prior months!)", "")
A3: Site | B3: State | C3: Actual | D3: Expected | E3: Delta | F3: % | G3: Forecasted | H3: Delta | I3: % | J3: Notes | K3: Service Requests
A4: {=Sites[Site]} -> MA: West Bridgewater - One United | B4: {=Sites[State]} -> MA | C4: 274886 | D4: 287411.8 | E4: =IF(AND(ISNUMBER(C4),ISNUMBER(D4)), C4-D4, "") -> -12525.8 | F4: =IFERROR(E4/D4, "") -> -0.04358137 | G4: 287997.4 | H4: =IF(AND(ISNUMBER(C4),ISNUMBER(G4)), C4-G4, "") -> -13111.4 | I4: =IFERROR(H4/G4, "") -> -0.045526105 | J4: 1. Inverter 2 is derating approximately 200kw compared to its peers inverters from 06/23 to 07/05 | K4: 1. SR086763

Sheet Aug
A1: {=portfolio} -> One United (Cheer Pack) | D1: August Actual v. Expected | G1: August Actual v. Forecasted
A2: Total | C2: =SUM(C4:C64) -> 264164 | D2: =SUM(D4:D64) -> 263313.4 | E2: =C2-D2 -> 850.6 | F2: =IFERROR(E2/D2, 0) -> 0.0032303711 | G2: =SUM(G4:G64) -> 270658.2 | H2: =C2-G2 -> -6494.2 | I2: =IFERROR(H2/G2, 0) -> -0.0239941 | J2: =IF(AND(TODAY()>DATE(2024, 8, 1), COUNTA(Sites[Site])<>(COUNT(C:C)-1)), "Some sites are missing actual data; if new sites were added, make sure they are aligned correctly (including prior months!)", "")
A3: Site | B3: State | C3: Actual | D3: Expected | E3: Delta | F3: % | G3: Forecasted | H3: Delta | I3: % | J3: Notes | K3: Service Requests
A4: {=Sites[Site]} -> MA: West Bridgewater - One United | B4: {=Sites[State]} -> MA | C4: 264164 | D4: 263313.4 | E4: =IF(AND(ISNUMBER(C4),ISNUMBER(D4)), C4-D4, "") -> 850.6 | F4: =IFERROR(E4/D4, "") -> 0.0032303711 | G4: 270658.2 | H4: =IF(AND(ISNUMBER(C4),ISNUMBER(G4)), C4-G4, "") -> -6494.2 | I4: =IFERROR(H4/G4, "") -> -0.0239941 | J4: 1. Inverter 2 is derating approximately 200kw compared to its peers inverters from 07/29. | K4: 1. SR088494

Sheet Sep
A1: {=portfolio} -> One United (Cheer Pack) | D1: September Actual v. Expected | G1: September Actual v. Forecasted
A2: Total | C2: =SUM(C4:C64) -> 221218 | D2: =SUM(D4:D64) -> 216764.3 | E2: =C2-D2 -> 4453.7 | F2: =IFERROR(E2/D2, 0) -> 0.02054628 | G2: =SUM(G4:G64) -> 223616.8 | H2: =C2-G2 -> -2398.8 | I2: =IFERROR(H2/G2, 0) -> -0.01072728 | J2: =IF(AND(TODAY()>DATE(2024, 9, 1), COUNTA(Sites[Site])<>(COUNT(C:C)-1)), "Some sites are missing actual data; if new sites were added, make sure they are aligned correctly (including prior months!)", "")
A3: Site | B3: State | C3: Actual | D3: Expected | E3: Delta | F3: % | G3: Forecasted | H3: Delta | I3: % | J3: Notes | K3: Service Requests
A4: {=Sites[Site]} -> MA: West Bridgewater - One United | B4: {=Sites[State]} -> MA | C4: 221218 | D4: 216764.3 | E4: =IF(AND(ISNUMBER(C4),ISNUMBER(D4)), C4-D4, "") -> 4453.7 | F4: =IFERROR(E4/D4, "") -> 0.02054628 | G4: 223616.8 | H4: =IF(AND(ISNUMBER(C4),ISNUMBER(G4)), C4-G4, "") -> -2398.8 | I4: =IFERROR(H4/G4, "") -> -0.01072728 | J4: 1. Site tripped offline at 14:30 on 09/19 and back online at 14:15 on 09/20. | K4: 1. SR090872

Sheet Oct
A1: {=portfolio} -> One United (Cheer Pack) | D1: October Actual v. Expected | G1: October Actual v. Forecasted
A2: Total | C2: =SUM(C4:C64) -> 0 | D2: =SUM(D4:D64) -> 0 | E2: =C2-D2 -> 0 | F2: =IFERROR(E2/D2, 0) -> 0 | G2: =SUM(G4:G64) -> 0 | H2: =C2-G2 -> 0 | I2: =IFERROR(H2/G2, 0) -> 0 | J2: =IF(AND(TODAY()>DATE(2024, 10, 1), COUNTA(Sites[Site])<>(COUNT(C:C)-1)), "Some sites are missing actual data; if new sites were added, make sure they are aligned correctly (including prior months!)", "") -> Some sites are missing actual data; if new sites were added, make sure they are aligned correctly (including prior months!)
A3: Site | B3: State | C3: Actual | D3: Expected | E3: Delta | F3: % | G3: Forecasted | H3: Delta | I3: % | J3: Notes | K3: Service Requests
A4: {=Sites[Site]} -> MA: West Bridgewater - One United | B4: {=Sites[State]} -> MA | E4: =IF(AND(ISNUMBER(C4),ISNUMBER(D4)), C4-D4, "") | F4: =IFERROR(E4/D4, "") | H4: =IF(AND(ISNUMBER(C4),ISNUMBER(G4)), C4-G4, "") | I4: =IFERROR(H4/G4, "")

Sheet Nov
A1: {=portfolio} -> One United (Cheer Pack) | D1: November Actual v. Expected | G1: November Actual v. Forecasted
A2: Total | C2: =SUM(C4:C64) -> 0 | D2: =SUM(D4:D64) -> 0 | E2: =C2-D2 -> 0 | F2: =IFERROR(E2/D2, 0) -> 0 | G2: =SUM(G4:G64) -> 0 | H2: =C2-G2 -> 0 | I2: =IFERROR(H2/G2, 0) -> 0 | J2: =IF(AND(TODAY()>DATE(2024, 11, 1), COUNTA(Sites[Site])<>(COUNT(C:C)-1)), "Some sites are missing actual data; if new sites were added, make sure they are aligned correctly (including prior months!)", "")
A3: Site | B3: State | C3: Actual | D3: Expected | E3: Delta | F3: % | G3: Forecasted | H3: Delta | I3: % | J3: Notes | K3: Service Requests
A4: {=Sites[Site]} -> MA: West Bridgewater - One United | B4: {=Sites[State]} -> MA | E4: =IF(AND(ISNUMBER(C4),ISNUMBER(D4)), C4-D4, "") | F4: =IFERROR(E4/D4, "") | H4: =IF(AND(ISNUMBER(C4),ISNUMBER(G4)), C4-G4, "") | I4: =IFERROR(H4/G4, "")

Sheet Dec
A1: {=portfolio} -> One United (Cheer Pack) | D1: December Actual v. Expected | G1: December Actual v. Forecasted
A2: Total | C2: =SUM(C4:C64) -> 0 | D2: =SUM(D4:D64) -> 0 | E2: =C2-D2 -> 0 | F2: =IFERROR(E2/D2, 0) -> 0 | G2: =SUM(G4:G64) -> 0 | H2: =C2-G2 -> 0 | I2: =IFERROR(H2/G2, 0) -> 0 | J2: =IF(AND(TODAY()>DATE(2024, 12, 1), COUNTA(Sites[Site])<>(COUNT(C:C)-1)), "Some sites are missing actual data; if new sites were added, make sure they are aligned correctly (including prior months!)", "")
A3: Site | B3: State | C3: Actual | D3: Expected | E3: Delta | F3: % | G3: Forecasted | H3: Delta | I3: % | J3: Notes | K3: Service Requests
A4: {=Sites[Site]} -> MA: West Bridgewater - One United | B4: {=Sites[State]} -> MA | E4: =IF(AND(ISNUMBER(C4),ISNUMBER(D4)), C4-D4, "") | F4: =IFERROR(E4/D4, "") | H4: =IF(AND(ISNUMBER(C4),ISNUMBER(G4)), C4-G4, "") | I4: =IFERROR(H4/G4, "")

Sheet Sites
A1: Portfolio: | B1: One United (Cheer Pack)
A3: Site DAS Name | B3: Site | C3: State | D3: Update | E3: DAS
A4: Cheer Pack | B4: MA: West Bridgewater - One United | C4: MA | D4: AEF | E4: PowerTrack
