Workbook
Name JanActual: #REF!
Name JanActual2: #REF!
Name JanExpected: #REF!
Name JanExpectedDelta: #REF!
Name JanExpectedPercent: #REF!
Name JanExpPercent: #REF!
Name JanForecasted: #REF!
Name JanForecastedDelta: #REF!
Name JanForecastedPercent: #REF!
Name portfolio: Sites!$B$1:$B$1
Name Year: Sites!#REF!

Sheet Year to Date
A1: {=portfolio} -> Silicon Ranch | D1: Year to Date Actual v. Expected | G1: Year to Date Actual v. Forecasted
A2: Total | C2: =SUM(C4:C100) -> #REF! | D2: =SUM(D4:D100) -> #REF! | E2: =C2-D2 -> #REF! | F2: =IFERROR(E2/D2, 0) -> 0 | G2: =SUM(G4:G100) -> #REF! | H2: =C2-G2 -> #REF! | I2: =IFERROR(H2/G2, 0) -> 0
A3: Site | B3: State | C3: Actual | D3: Expected | E3: Delta | F3: % | G3: Forecasted | H3: Delta | I3: %
A4: {=Sites[Site]} -> Iron Mountain - Windsor | B4: {=Sites[State]} -> CT | C4: =SUM('1st Qtr'!C4, '2nd Qtr'!C4, '3rd Qtr'!C4, '4th Qtr'!C4) -> 246748.75 | D4: =SUM('1st Qtr'!D4, '2nd Qtr'!D4, '3rd Qtr'!D4, '4th Qtr'!D4) -> 0 | E4: =IF(AND(ISNUMBER(C4),ISNUMBER(D4)), C4-D4, "") -> 246748.75 | F4: =IFERROR(E4/D4, "") | G4: =SUM('1st Qtr'!G4, '2nd Qtr'!G4, '3rd Qtr'!G4, '4th Qtr'!G4) -> 254619.99 | H4: =SUM('1st Qtr'!H4, '2nd Qtr'!H4, '3rd Qtr'!H4, '4th Qtr'!H4) -> -7871.24 | I4: =IFERROR(H4/G4, "") -> -0.030913676
A5: Kohls - Auburn | B5: NY | C5: =SUM('1st Qtr'!C5, '2nd Qtr'!C5, '3rd Qtr'!C5, '4th Qtr'!C5) -> 264766 | D5: =SUM('1st Qtr'!D5, '2nd Qtr'!D5, '3rd Qtr'!D5, '4th Qtr'!D5) -> 0 | E5: =IF(AND(ISNUMBER(C5),ISNUMBER(D5)), C5-D5, "") -> 264766 | F5: =IFERROR(E5/D5, "") | G5: =SUM('1st Qtr'!G5, '2nd Qtr'!G5, '3rd Qtr'!G5, '4th Qtr'!G5) -> 279275.98 | H5: =SUM(Jan!H5, Feb!H5, Mar!H5) -> 5388.09 | I5: =IFERROR(H5/G5, "") -> 0.019293066
A6: Kohls - Bensalem | B6: PA | C6: =SUM('1st Qtr'!C6, '2nd Qtr'!C6, '3rd Qtr'!C6, '4th Qtr'!C6) -> 302638 | D6: =SUM('1st Qtr'!D6, '2nd Qtr'!D6, '3rd Qtr'!D6, '4th Qtr'!D6) -> 0 | E6: =IF(AND(ISNUMBER(C6),ISNUMBER(D6)), C6-D6, "") -> 302638 | F6: =IFERROR(E6/D6, "") | G6: =SUM('1st Qtr'!G6, '2nd Qtr'!G6, '3rd Qtr'!G6, '4th Qtr'!G6) -> 284908.56 | H6: =SUM(Jan!H6, Feb!H6, Mar!H6) -> 1265.98 | I6: =IFERROR(H6/G6, "") -> 0.0044434607
A7: Kohls - Brick | B7: NJ | C7: =SUM('1st Qtr'!C7, '2nd Qtr'!C7, '3rd Qtr'!C7, '4th Qtr'!C7) -> 346431 | D7: =SUM('1st Qtr'!D7, '2nd Qtr'!D7, '3rd Qtr'!D7, '4th Qtr'!D7) -> 0 | E7: =IF(AND(ISNUMBER(C7),ISNUMBER(D7)), C7-D7, "") -> 346431 | F7: =IFERROR(E7/D7, "") | G7: =SUM('1st Qtr'!G7, '2nd Qtr'!G7, '3rd Qtr'!G7, '4th Qtr'!G7) -> 338592.79 | H7: =SUM(Jan!H7, Feb!H7, Mar!H7) -> -1190.86 | I7: =IFERROR(H7/G7, "") -> -0.0035170861
A8: Kohls - Buffalo | B8: NY | C8: =SUM('1st Qtr'!C8, '2nd Qtr'!C8, '3rd Qtr'!C8, '4th Qtr'!C8) -> 316704 | D8: =SUM('1st Qtr'!D8, '2nd Qtr'!D8, '3rd Qtr'!D8, '4th Qtr'!D8) -> 0 | E8: =IF(AND(ISNUMBER(C8),ISNUMBER(D8)), C8-D8, "") -> 316704 | F8: =IFERROR(E8/D8, "") | G8: =SUM('1st Qtr'!G8, '2nd Qtr'!G8, '3rd Qtr'!G8, '4th Qtr'!G8) -> 341693.49 | H8: =SUM(Jan!H8, Feb!H8, Mar!H8) -> -818.37 | I8: =IFERROR(H8/G8, "") -> -0.0023950412
A9: Kohls - Canton | B9: CT | C9: =SUM('1st Qtr'!C9, '2nd Qtr'!C9, '3rd Qtr'!C9, '4th Qtr'!C9) -> 121747 | D9: =SUM('1st Qtr'!D9, '2nd Qtr'!D9, '3rd Qtr'!D9, '4th Qtr'!D9) -> 0 | E9: =IF(AND(ISNUMBER(C9),ISNUMBER(D9)), C9-D9, "") -> 121747 | F9: =IFERROR(E9/D9, "") | G9: =SUM('1st Qtr'!G9, '2nd Qtr'!G9, '3rd Qtr'!G9, '4th Qtr'!G9) -> 113631.39 | H9: =SUM(Jan!H9, Feb!H9, Mar!H9) -> 509.95 | I9: =IFERROR(H9/G9, "") -> 0.0044877564
A10: Kohls - East Amherst | B10: NY | C10: =SUM('1st Qtr'!C10, '2nd Qtr'!C10, '3rd Qtr'!C10, '4th Qtr'!C10) -> 291502 | D10: =SUM('1st Qtr'!D10, '2nd Qtr'!D10, '3rd Qtr'!D10, '4th Qtr'!D10) -> 0 | E10: =IF(AND(ISNUMBER(C10),ISNUMBER(D10)), C10-D10, "") -> 291502 | F10: =IFERROR(E10/D10, "") | G10: =SUM('1st Qtr'!G10, '2nd Qtr'!G10, '3rd Qtr'!G10, '4th Qtr'!G10) -> 307520.26 | H10: =SUM(Jan!H10, Feb!H10, Mar!H10) -> -2308.69 | I10: =IFERROR(H10/G10, "") -> -0.0075074403
A11: Kohls - East Brunswick | B11: NJ | C11: =SUM('1st Qtr'!C11, '2nd Qtr'!C11, '3rd Qtr'!C11, '4th Qtr'!C11) -> 361795 | D11: =SUM('1st Qtr'!D11, '2nd Qtr'!D11, '3rd Qtr'!D11, '4th Qtr'!D11) -> 0 | E11: =IF(AND(ISNUMBER(C11),ISNUMBER(D11)), C11-D11, "") -> 361795 | F11: =IFERROR(E11/D11, "") | G11: =SUM('1st Qtr'!G11, '2nd Qtr'!G11, '3rd Qtr'!G11, '4th Qtr'!G11) -> 438984.05 | H11: =SUM(Jan!H11, Feb!H11, Mar!H11) -> -20451.72 | I11: =IFERROR(H11/G11, "") -> -0.046588754
A12: Kohls - Edgewood | B12: MD | C12: =SUM('1st Qtr'!C12, '2nd Qtr'!C12, '3rd Qtr'!C12, '4th Qtr'!C12) -> 2011895 | D12: =SUM('1st Qtr'!D12, '2nd Qtr'!D12, '3rd Qtr'!D12, '4th Qtr'!D12) -> 0 | E12: =IF(AND(ISNUMBER(C12),ISNUMBER(D12)), C12-D12, "") -> 2011895 | F12: =IFERROR(E12/D12, "") | G12: =SUM('1st Qtr'!G12, '2nd Qtr'!G12, '3rd Qtr'!G12, '4th Qtr'!G12) -> 2323044 | H12: =SUM(Jan!H12, Feb!H12, Mar!H12) -> -55603.87 | I12: =IFERROR(H12/G12, "") -> -0.02393578
A13: Kohls - Granite Run | B13: PA | C13: =SUM('1st Qtr'!C13, '2nd Qtr'!C13, '3rd Qtr'!C13, '4th Qtr'!C13) -> 283675 | D13: =SUM('1st Qtr'!D13, '2nd Qtr'!D13, '3rd Qtr'!D13, '4th Qtr'!D13) -> 0 | E13: =IF(AND(ISNUMBER(C13),ISNUMBER(D13)), C13-D13, "") -> 283675 | F13: =IFERROR(E13/D13, "") | G13: =SUM('1st Qtr'!G13, '2nd Qtr'!G13, '3rd Qtr'!G13, '4th Qtr'!G13) -> 283482.9 | H13: =SUM(Jan!H13, Feb!H13, Mar!H13) -> -2068.16 | I13: =IFERROR(H13/G13, "") -> -0.0072955371
A14: Kohls - Greece | B14: NY | C14: =SUM('1st Qtr'!C14, '2nd Qtr'!C14, '3rd Qtr'!C14, '4th Qtr'!C14) -> 231501 | D14: =SUM('1st Qtr'!D14, '2nd Qtr'!D14, '3rd Qtr'!D14, '4th Qtr'!D14) -> 0 | E14: =IF(AND(ISNUMBER(C14),ISNUMBER(D14)), C14-D14, "") -> 231501 | F14: =IFERROR(E14/D14, "") | G14: =SUM('1st Qtr'!G14, '2nd Qtr'!G14, '3rd Qtr'!G14, '4th Qtr'!G14) -> 327495.14 | H14: =SUM(Jan!H14, Feb!H14, Mar!H14) -> -11100.83 | I14: =IFERROR(H14/G14, "") -> -0.033896167
A15: Kohls - Hanover | B15: PA | C15: =SUM('1st Qtr'!C15, '2nd Qtr'!C15, '3rd Qtr'!C15, '4th Qtr'!C15) -> 206716 | D15: =SUM('1st Qtr'!D15, '2nd Qtr'!D15, '3rd Qtr'!D15, '4th Qtr'!D15) -> 0 | E15: =IF(AND(ISNUMBER(C15),ISNUMBER(D15)), C15-D15, "") -> 206716 | F15: =IFERROR(E15/D15, "") | G15: =SUM('1st Qtr'!G15, '2nd Qtr'!G15, '3rd Qtr'!G15, '4th Qtr'!G15) -> 315730.61 | H15: =SUM(Jan!H15, Feb!H15, Mar!H15) -> -9545.67 | I15: =IFERROR(H15/G15, "") -> -0.030233591
A16: Kohls - Horsehead | B16: NY | C16: =SUM('1st Qtr'!C16, '2nd Qtr'!C16, '3rd Qtr'!C16, '4th Qtr'!C16) -> 230871 | D16: =SUM('1st Qtr'!D16, '2nd Qtr'!D16, '3rd Qtr'!D16, '4th Qtr'!D16) -> 0 | E16: =IF(AND(ISNUMBER(C16),ISNUMBER(D16)), C16-D16, "") -> 230871 | F16: =IFERROR(E16/D16, "") | G16: =SUM('1st Qtr'!G16, '2nd Qtr'!G16, '3rd Qtr'!G16, '4th Qtr'!G16) -> 252891.16 | H16: =SUM(Jan!H16, Feb!H16, Mar!H16) -> -9727.88 | I16: =IFERROR(H16/G16, "") -> -0.038466667
... A68: Snowline SD - Vista Verde ES | B68: CA | C68: =SUM('1st Qtr'!C68, '2nd Qtr'!C68, '3rd Qtr'!C68, '4th Qtr'!C68) -> #REF! | D68: =SUM('1st Qtr'!D68, '2nd Qtr'!D68, '3rd Qtr'!D68, '4th Qtr'!D68) -> #REF! | E68: =IF(AND(ISNUMBER(C68),ISNUMBER(D68)), C68-D68, "") | F68: =IFERROR(E68/D68, "") | G68: =SUM('1st Qtr'!G68, '2nd Qtr'!G68, '3rd Qtr'!G68, '4th Qtr'!G68) -> #REF! | H68: =SUM(Jan!H68, Feb!H68, Mar!H68) -> 0 | I68: =IFERROR(H68/G68, "")

Sheet 1st Qtr
A1: {=portfolio} -> Silicon Ranch | D1: 1st Quarter Actual v. Expected | G1: 1st Quarter Actual v. Forecasted
A2: Total | C2: =SUM(C4:C100) -> 1611034.4 | D2: =SUM(D4:D100) -> 0 | E2: =C2-D2 -> 1611034.4 | F2: =IFERROR(E2/D2, 0) -> 0 | G2: =SUM(G4:G100) -> 1923155.8 | H2: =C2-G2 -> -312121.44 | I2: =IFERROR(H2/G2, 0) -> -0.16229649
A3: Site | B3: State | C3: Actual | D3: Expected | E3: Delta | F3: % | G3: Forecasted | H3: Delta | I3: %
A4: {=Sites[Site]} -> Iron Mountain - Windsor | B4: {=Sites[State]} -> CT | C4: =SUM(Jan!C4, Feb!C4, Mar!C4) -> 49920.75 | D4: =SUM(Jan!D4, Feb!D4, Mar!D4) -> 0 | E4: =IF(AND(ISNUMBER(C4),ISNUMBER(D4)), C4-D4, "") -> 49920.75 | F4: =IFERROR(E4/D4, "") | G4: =SUM(Jan!G4, Feb!G4, Mar!G4) -> 57306.24 | H4: =SUM(Jan!H4, Feb!H4, Mar!H4) -> -7385.49 | I4: =IFERROR(H4/G4, "") -> -0.12887759
A5: Kohls - Auburn | B5: NY | C5: =SUM(Jan!C5, Feb!C5, Mar!C5) -> 44800 | D5: =SUM(Jan!D5, Feb!D5, Mar!D5) -> 0 | E5: =IF(AND(ISNUMBER(C5),ISNUMBER(D5)), C5-D5, "") -> 44800 | F5: =IFERROR(E5/D5, "") | G5: =SUM(Jan!G5, Feb!G5, Mar!G5) -> 39411.91 | H5: =SUM(Jan!H5, Feb!H5, Mar!H5) -> 5388.09 | I5: =IFERROR(H5/G5, "") -> 0.13671223
A6: Kohls - Bensalem | B6: PA | C6: =SUM(Jan!C6, Feb!C6, Mar!C6) -> 66928 | D6: =SUM(Jan!D6, Feb!D6, Mar!D6) -> 0 | E6: =IF(AND(ISNUMBER(C6),ISNUMBER(D6)), C6-D6, "") -> 66928 | F6: =IFERROR(E6/D6, "") | G6: =SUM(Jan!G6, Feb!G6, Mar!G6) -> 65662.02 | H6: =SUM(Jan!H6, Feb!H6, Mar!H6) -> 1265.98 | I6: =IFERROR(H6/G6, "") -> 0.019280248
A7: Kohls - Brick | B7: NJ | C7: =SUM(Jan!C7, Feb!C7, Mar!C7) -> 74090 | D7: =SUM(Jan!D7, Feb!D7, Mar!D7) -> 0 | E7: =IF(AND(ISNUMBER(C7),ISNUMBER(D7)), C7-D7, "") -> 74090 | F7: =IFERROR(E7/D7, "") | G7: =SUM(Jan!G7, Feb!G7, Mar!G7) -> 75280.86 | H7: =SUM(Jan!H7, Feb!H7, Mar!H7) -> -1190.86 | I7: =IFERROR(H7/G7, "") -> -0.015818895
A8: Kohls - Buffalo | B8: NY | C8: =SUM(Jan!C8, Feb!C8, Mar!C8) -> 53909 | D8: =SUM(Jan!D8, Feb!D8, Mar!D8) -> 0 | E8: =IF(AND(ISNUMBER(C8),ISNUMBER(D8)), C8-D8, "") -> 53909 | F8: =IFERROR(E8/D8, "") | G8: =SUM(Jan!G8, Feb!G8, Mar!G8) -> 54727.37 | H8: =SUM(Jan!H8, Feb!H8, Mar!H8) -> -818.37 | I8: =IFERROR(H8/G8, "") -> -0.014953578
A9: Kohls - Canton | B9: CT | C9: =SUM(Jan!C9, Feb!C9, Mar!C9) -> 24565 | D9: =SUM(Jan!D9, Feb!D9, Mar!D9) -> 0 | E9: =IF(AND(ISNUMBER(C9),ISNUMBER(D9)), C9-D9, "") -> 24565 | F9: =IFERROR(E9/D9, "") | G9: =SUM(Jan!G9, Feb!G9, Mar!G9) -> 24055.05 | H9: =SUM(Jan!H9, Feb!H9, Mar!H9) -> 509.95 | I9: =IFERROR(H9/G9, "") -> 0.021199291
A10: Kohls - East Amherst | B10: NY | C10: =SUM(Jan!C10, Feb!C10, Mar!C10) -> 49240 | D10: =SUM(Jan!D10, Feb!D10, Mar!D10) -> 0 | E10: =IF(AND(ISNUMBER(C10),ISNUMBER(D10)), C10-D10, "") -> 49240 | F10: =IFERROR(E10/D10, "") | G10: =SUM(Jan!G10, Feb!G10, Mar!G10) -> 51548.69 | H10: =SUM(Jan!H10, Feb!H10, Mar!H10) -> -2308.69 | I10: =IFERROR(H10/G10, "") -> -0.044786589
A11: Kohls - East Brunswick | B11: NJ | C11: =SUM(Jan!C11, Feb!C11, Mar!C11) -> 79993 | D11: =SUM(Jan!D11, Feb!D11, Mar!D11) -> 0 | E11: =IF(AND(ISNUMBER(C11),ISNUMBER(D11)), C11-D11, "") -> 79993 | F11: =IFERROR(E11/D11, "") | G11: =SUM(Jan!G11, Feb!G11, Mar!G11) -> 100444.72 | H11: =SUM(Jan!H11, Feb!H11, Mar!H11) -> -20451.72 | I11: =IFERROR(H11/G11, "") -> -0.2036117
A12: Kohls - Edgewood | B12: MD | C12: =SUM(Jan!C12, Feb!C12, Mar!C12) -> 489062 | D12: =SUM(Jan!D12, Feb!D12, Mar!D12) -> 0 | E12: =IF(AND(ISNUMBER(C12),ISNUMBER(D12)), C12-D12, "") -> 489062 | F12: =IFERROR(E12/D12, "") | G12: =SUM(Jan!G12, Feb!G12, Mar!G12) -> 544665.87 | H12: =SUM(Jan!H12, Feb!H12, Mar!H12) -> -55603.87 | I12: =IFERROR(H12/G12, "") -> -0.10208804
A13: Kohls - Granite Run | B13: PA | C13: =SUM(Jan!C13, Feb!C13, Mar!C13) -> 63649 | D13: =SUM(Jan!D13, Feb!D13, Mar!D13) -> 0 | E13: =IF(AND(ISNUMBER(C13),ISNUMBER(D13)), C13-D13, "") -> 63649 | F13: =IFERROR(E13/D13, "") | G13: =SUM(Jan!G13, Feb!G13, Mar!G13) -> 65717.16 | H13: =SUM(Jan!H13, Feb!H13, Mar!H13) -> -2068.16 | I13: =IFERROR(H13/G13, "") -> -0.031470624
A14: Kohls - Greece | B14: NY | C14: =SUM(Jan!C14, Feb!C14, Mar!C14) -> 40858 | D14: =SUM(Jan!D14, Feb!D14, Mar!D14) -> 0 | E14: =IF(AND(ISNUMBER(C14),ISNUMBER(D14)), C14-D14, "") -> 40858 | F14: =IFERROR(E14/D14, "") | G14: =SUM(Jan!G14, Feb!G14, Mar!G14) -> 51958.83 | H14: =SUM(Jan!H14, Feb!H14, Mar!H14) -> -11100.83 | I14: =IFERROR(H14/G14, "") -> -0.21364665
A15: Kohls - Hanover | B15: PA | C15: =SUM(Jan!C15, Feb!C15, Mar!C15) -> 64193 | D15: =SUM(Jan!D15, Feb!D15, Mar!D15) -> 0 | E15: =IF(AND(ISNUMBER(C15),ISNUMBER(D15)), C15-D15, "") -> 64193 | F15: =IFERROR(E15/D15, "") | G15: =SUM(Jan!G15, Feb!G15, Mar!G15) -> 73738.67 | H15: =SUM(Jan!H15, Feb!H15, Mar!H15) -> -9545.67 | I15: =IFERROR(H15/G15, "") -> -0.1294527
A16: Kohls - Horsehead | B16: NY | C16: =SUM(Jan!C16, Feb!C16, Mar!C16) -> 44058 | D16: =SUM(Jan!D16, Feb!D16, Mar!D16) -> 0 | E16: =IF(AND(ISNUMBER(C16),ISNUMBER(D16)), C16-D16, "") -> 44058 | F16: =IFERROR(E16/D16, "") | G16: =SUM(Jan!G16, Feb!G16, Mar!G16) -> 53785.88 | H16: =SUM(Jan!H16, Feb!H16, Mar!H16) -> -9727.88 | I16: =IFERROR(H16/G16, "") -> -0.18086308
... A22: Kohls - North Amherst | B22: NY | C22: =SUM(Jan!C22, Feb!C22, Mar!C22) -> 37771 | D22: =SUM(Jan!D22, Feb!D22, Mar!D22) -> 0 | E22: =IF(AND(ISNUMBER(C22),ISNUMBER(D22)), C22-D22, "") -> 37771 | F22: =IFERROR(E22/D22, "") | G22: =SUM(Jan!G22, Feb!G22, Mar!G22) -> 44557.45 | H22: =SUM(Jan!H22, Feb!H22, Mar!H22) -> -6786.45 | I22: =IFERROR(H22/G22, "") -> -0.15230786
A23: Kohls - Staten Island | B23: NY | C23: =SUM(Jan!C23, Feb!C23, Mar!C23) -> 59937.6 | D23: =SUM(Jan!D23, Feb!D23, Mar!D23) -> 0 | E23: =IF(AND(ISNUMBER(C23),ISNUMBER(D23)), C23-D23, "") -> 59937.6 | F23: =IFERROR(E23/D23, "") | G23: =SUM(Jan!G23, Feb!G23, Mar!G24) -> 73401.73 | H23: =SUM(Jan!H23, Feb!H23, Mar!H23) -> -8920.7 | I23: =IFERROR(H23/G23, "") -> -0.12153256
A24: Kohls - Warminster | B24: PA | C24: =SUM(Jan!C24, Feb!C24, Mar!C24) -> 40475 | D24: =SUM(Jan!D24, Feb!D24, Mar!D24) -> 0 | E24: =IF(AND(ISNUMBER(C24),ISNUMBER(D24)), C24-D24, "") -> 40475 | F24: =IFERROR(E24/D24, "") | G24: =SUM(Jan!G24, Feb!G24, Mar!G25) -> 72736.63 | H24: =SUM(Jan!H24, Feb!H24, Mar!H24) -> -40277.78 | I24: =IFERROR(H24/G24, "") -> -0.55374823
A25: Kohls - Waterbury | B25: CT | C25: =SUM(Jan!C25, Feb!C25, Mar!C25) -> 61440 | D25: =SUM(Jan!D25, Feb!D25, Mar!D25) -> 0 | E25: =IF(AND(ISNUMBER(C25),ISNUMBER(D25)), C25-D25, "") -> 61440 | F25: =IFERROR(E25/D25, "") | G25: =SUM(Jan!G25, Feb!G25,Mar!G25) -> 63468.68 | H25: =SUM(Jan!H25, Feb!H25, Mar!H25) -> -2028.68 | I25: =IFERROR(H25/G25, "") -> -0.031963482
A26: Mojave Water Agency - Headquarters | B26: CA | C26: =SUM(Jan!C26, Feb!C26, Mar!C26) -> 0 | D26: =SUM(Jan!D26, Feb!D26, Mar!D26) -> 0 | E26: =IF(AND(ISNUMBER(C26),ISNUMBER(D26)), C26-D26, "") -> 0 | F26: =IFERROR(E26/D26, "") | G26: =SUM(Jan!G26, Feb!G26, Mar!G27) -> 0 | H26: =SUM(Jan!H26, Feb!H26, Mar!H26) -> 0 | I26: =IFERROR(H26/G26, "")
A27: CSU - Bakersfield | B27: CA | C27: =SUM(Jan!C27, Feb!C27, Mar!C27) -> 0 | D27: =SUM(Jan!D27, Feb!D27, Mar!D27) -> 0 | E27: =IF(AND(ISNUMBER(C27),ISNUMBER(D27)), C27-D27, "") -> 0 | F27: =IFERROR(E27/D27, "") | G27: =SUM(Jan!G27, Feb!G27,Mar!G27) -> 0 | H27: =SUM(Jan!H27, Feb!H27, Mar!H27) -> 0 | I27: =IFERROR(H27/G27, "")
A28: Greenfield USD - Fairfield ES | B28: CA | C28: =SUM(Jan!C28, Feb!C28, Mar!C28) -> 0 | D28: =SUM(Jan!D28, Feb!D28, Mar!D28) -> 0 | E28: =IF(AND(ISNUMBER(C28),ISNUMBER(D28)), C28-D28, "") -> 0 | F28: =IFERROR(E28/D28, "") | G28: =SUM(Jan!G28, Feb!G28, Mar!G29) -> 0 | H28: =SUM(Jan!H28, Feb!H28, Mar!H28) -> 0 | I28: =IFERROR(H28/G28, "")
A29: Greenfield USD - Granite Point ES | B29: CA | C29: =SUM(Jan!C29, Feb!C29, Mar!C29) -> 0 | D29: =SUM(Jan!D29, Feb!D29, Mar!D29) -> 0 | E29: =IF(AND(ISNUMBER(C29),ISNUMBER(D29)), C29-D29, "") -> 0 | F29: =IFERROR(E29/D29, "") | G29: =SUM(Jan!G29, Feb!G29,Mar!G29) -> 0 | H29: =SUM(Jan!H29, Feb!H29, Mar!H29) -> 0 | I29: =IFERROR(H29/G29, "")
A30: Greenfield USD - Greenfield MS | B30: CA | C30: =SUM(Jan!C30, Feb!C30, Mar!C30) -> 0 | D30: =SUM(Jan!D30, Feb!D30, Mar!D30) -> 0 | E30: =IF(AND(ISNUMBER(C30),ISNUMBER(D30)), C30-D30, "") -> 0 | F30: =IFERROR(E30/D30, "") | G30: =SUM(Jan!G30, Feb!G30, Mar!G31) -> 0 | H30: =SUM(Jan!H30, Feb!H30, Mar!H30) -> 0 | I30: =IFERROR(H30/G30, "")
A31: Greenfield USD - Horizon ES | B31: CA | C31: =SUM(Jan!C31, Feb!C31, Mar!C31) -> 0 | D31: =SUM(Jan!D31, Feb!D31, Mar!D31) -> 0 | E31: =IF(AND(ISNUMBER(C31),ISNUMBER(D31)), C31-D31, "") -> 0 | F31: =IFERROR(E31/D31, "") | G31: =SUM(Jan!G31, Feb!G31,Mar!G31) -> 0 | H31: =SUM(Jan!H31, Feb!H31, Mar!H31) -> 0 | I31: =IFERROR(H31/G31, "")
A32: Greenfield USD - McKee MS | B32: CA | C32: =SUM(Jan!C32, Feb!C32, Mar!C32) -> 0 | D32: =SUM(Jan!D32, Feb!D32, Mar!D32) -> 0 | E32: =IF(AND(ISNUMBER(C32),ISNUMBER(D32)), C32-D32, "") -> 0 | F32: =IFERROR(E32/D32, "") | G32: =SUM(Jan!G32, Feb!G32, Mar!G33) -> 0 | H32: =SUM(Jan!H32, Feb!H32, Mar!H32) -> 0 | I32: =IFERROR(H32/G32, "")
A33: Greenfield USD - Plantation ES | B33: CA | C33: =SUM(Jan!C33, Feb!C33, Mar!C33) -> 0 | D33: =SUM(Jan!D33, Feb!D33, Mar!D33) -> 0 | E33: =IF(AND(ISNUMBER(C33),ISNUMBER(D33)), C33-D33, "") -> 0 | F33: =IFERROR(E33/D33, "") | G33: =SUM(Jan!G33, Feb!G33,Mar!G33) -> 0 | H33: =SUM(Jan!H33, Feb!H33, Mar!H33) -> 0 | I33: =IFERROR(H33/G33, "")
A34: Greenfield USD - Planz ES | B34: CA | C34: =SUM(Jan!C34, Feb!C34, Mar!C34) -> 0 | D34: =SUM(Jan!D34, Feb!D34, Mar!D34) -> 0 | E34: =IF(AND(ISNUMBER(C34),ISNUMBER(D34)), C34-D34, "") -> 0 | F34: =IFERROR(E34/D34, "") | G34: =SUM(Jan!G34, Feb!G34, Mar!G35) -> 0 | H34: =SUM(Jan!H34, Feb!H34, Mar!H34) -> 0 | I34: =IFERROR(H34/G34, "")
A35: Greenfield USD - Raffaello Palla ES | B35: CA | C35: =SUM(Jan!C35, Feb!C35, Mar!C35) -> 0 | D35: =SUM(Jan!D35, Feb!D35, Mar!D35) -> 0 | E35: =IF(AND(ISNUMBER(C35),ISNUMBER(D35)), C35-D35, "") -> 0 | F35: =IFERROR(E35/D35, "") | G35: =SUM(Jan!G35, Feb!G35,Mar!G35) -> 0 | H35: =SUM(Jan!H35, Feb!H35, Mar!H35) -> 0 | I35: =IFERROR(H35/G35, "")
A36: Greenfield USD - Valle Verde ES | B36: CA | C36: =SUM(Jan!C36, Feb!C36, Mar!C36) -> 0 | D36: =SUM(Jan!D36, Feb!D36, Mar!D36) -> 0 | E36: =IF(AND(ISNUMBER(C36),ISNUMBER(D36)), C36-D36, "") -> 0 | F36: =IFERROR(E36/D36, "") | G36: =SUM(Jan!G36, Feb!G36, Mar!G37) -> 0 | H36: =SUM(Jan!H36, Feb!H36, Mar!H36) -> 0 | I36: =IFERROR(H36/G36, "")
A37: Greenfield USD - W.A. Kendrick ES | B37: CA | C37: =SUM(Jan!C37, Feb!C37, Mar!C37) -> 0 | D37: =SUM(Jan!D37, Feb!D37, Mar!D37) -> 0 | E37: =IF(AND(ISNUMBER(C37),ISNUMBER(D37)), C37-D37, "") -> 0 | F37: =IFERROR(E37/D37, "") | G37: =SUM(Jan!G37, Feb!G37,Mar!G37) -> 0 | H37: =SUM(Jan!H37, Feb!H37, Mar!H37) -> 0 | I37: =IFERROR(H37/G37, "")
A38: Muroc Joint USD - Boron HS | B38: CA | C38: =SUM(Jan!C38, Feb!C38, Mar!C38) -> 0 | D38: =SUM(Jan!D38, Feb!D38, Mar!D38) -> 0 | E38: =IF(AND(ISNUMBER(C38),ISNUMBER(D38)), C38-D38, "") -> 0 | F38: =IFERROR(E38/D38, "") | G38: =SUM(Jan!G38, Feb!G38, Mar!G39) -> 0 | H38: =SUM(Jan!H38, Feb!H38, Mar!H38) -> 0 | I38: =IFERROR(H38/G38, "")
A39: Muroc Joint USD - W. Boron ES | B39: CA | C39: =SUM(Jan!C39, Feb!C39, Mar!C39) -> 0 | D39: =SUM(Jan!D39, Feb!D39, Mar!D39) -> 0 | E39: =IF(AND(ISNUMBER(C39),ISNUMBER(D39)), C39-D39, "") -> 0 | F39: =IFERROR(E39/D39, "") | G39: =SUM(Jan!G39, Feb!G39,Mar!G39) -> 0 | H39: =SUM(Jan!H39, Feb!H39, Mar!H39) -> 0 | I39: =IFERROR(H39/G39, "")
A40: Colusa - WTP | B40: CA | C40: =SUM(Jan!C40, Feb!C40, Mar!C40) -> 0 | D40: =SUM(Jan!D40, Feb!D40, Mar!D40) -> 0 | E40: =IF(AND(ISNUMBER(C40),ISNUMBER(D40)), C40-D40, "") -> 0 | F40: =IFERROR(E40/D40, "") | G40: =SUM(Jan!G40, Feb!G40, Mar!G41) -> 0 | H40: =SUM(Jan!H40, Feb!H40, Mar!H40) -> 0 | I40: =IFERROR(H40/G40, "")
A41: CDCR-North Kern State Prision | B41: CA | C41: =SUM(Jan!C41, Feb!C41, Mar!C41) -> 0 | D41: =SUM(Jan!D41, Feb!D41, Mar!D41) -> 0 | E41: =IF(AND(ISNUMBER(C41),ISNUMBER(D41)), C41-D41, "") -> 0 | F41: =IFERROR(E41/D41, "") | G41: =SUM(Jan!G41, Feb!G41,Mar!G41) -> 0 | H41: =SUM(Jan!H41, Feb!H41, Mar!H41) -> 0 | I41: =IFERROR(H41/G41, "")
A42: Muroc Joint USD - District Office | B42: CA | C42: =SUM(Jan!C42, Feb!C42, Mar!C42) -> 0 | D42: =SUM(Jan!D42, Feb!D42, Mar!D42) -> 0 | E42: =IF(AND(ISNUMBER(C42),ISNUMBER(D42)), C42-D42, "") -> 0 | F42: =IFERROR(E42/D42, "") | G42: =SUM(Jan!G42, Feb!G42, Mar!G43) -> 0 | H42: =SUM(Jan!H42, Feb!H42, Mar!H42) -> 0 | I42: =IFERROR(H42/G42, "")
A43: Whole Foods - Manhattan Beach | B43: CA | C43: =SUM(Jan!C43, Feb!C43, Mar!C43) -> 0 | D43: =SUM(Jan!D43, Feb!D43, Mar!D43) -> 0 | E43: =IF(AND(ISNUMBER(C43),ISNUMBER(D43)), C43-D43, "") -> 0 | F43: =IFERROR(E43/D43, "") | G43: =SUM(Jan!G43, Feb!G43,Mar!G43) -> 0 | H43: =SUM(Jan!H43, Feb!H43, Mar!H43) -> 0 | I43: =IFERROR(H43/G43, "")
A44: Pioneer USD - Frontier ES | B44: CA | C44: =SUM(Jan!C44, Feb!C44, Mar!C44) -> 0 | D44: =SUM(Jan!D44, Feb!D44, Mar!D44) -> 0 | E44: =IF(AND(ISNUMBER(C44),ISNUMBER(D44)), C44-D44, "") -> 0 | F44: =IFERROR(E44/D44, "") | G44: =SUM(Jan!G44, Feb!G44, Mar!G45) -> 0 | H44: =SUM(Jan!H44, Feb!H44, Mar!H44) -> 0 | I44: =IFERROR(H44/G44, "")
A45: Pioneer USD - Pioneer ES | B45: CA | C45: =SUM(Jan!C45, Feb!C45, Mar!C45) -> 0 | D45: =SUM(Jan!D45, Feb!D45, Mar!D45) -> 0 | E45: =IF(AND(ISNUMBER(C45),ISNUMBER(D45)), C45-D45, "") -> 0 | F45: =IFERROR(E45/D45, "") | G45: =SUM(Jan!G45, Feb!G45,Mar!G45) -> 0 | H45: =SUM(Jan!H45, Feb!H45, Mar!H45) -> 0 | I45: =IFERROR(H45/G45, "")
A46: Pioneer USD - Pioneer MS | B46: CA | C46: =SUM(Jan!C46, Feb!C46, Mar!C46) -> 0 | D46: =SUM(Jan!D46, Feb!D46, Mar!D46) -> 0 | E46: =IF(AND(ISNUMBER(C46),ISNUMBER(D46)), C46-D46, "") -> 0 | F46: =IFERROR(E46/D46, "") | G46: =SUM(Jan!G46, Feb!G46, Mar!G47) -> 0 | H46: =SUM(Jan!H46, Feb!H46, Mar!H46) -> 0 | I46: =IFERROR(H46/G46, "")
A47: Kingsburg Joint UHSD - Kingsburg HS | B47: CA | C47: =SUM(Jan!C47, Feb!C47, Mar!C47) -> 0 | D47: =SUM(Jan!D47, Feb!D47, Mar!D47) -> 0 | E47: =IF(AND(ISNUMBER(C47),ISNUMBER(D47)), C47-D47, "") -> 0 | F47: =IFERROR(E47/D47, "") | G47: =SUM(Jan!G47, Feb!G47,Mar!G47) -> 0 | H47: =SUM(Jan!H47, Feb!H47, Mar!H47) -> 0 | I47: =IFERROR(H47/G47, "")
A48: CADRB | B48: CA | C48: =SUM(Jan!C48, Feb!C48, Mar!C48) -> 0 | D48: =SUM(Jan!D48, Feb!D48, Mar!D48) -> 0 | E48: =IF(AND(ISNUMBER(C48),ISNUMBER(D48)), C48-D48, "") -> 0 | F48: =IFERROR(E48/D48, "") | G48: =SUM(Jan!G48, Feb!G48, Mar!G49) -> 0 | H48: =SUM(Jan!H48, Feb!H48, Mar!H48) -> 0 | I48: =IFERROR(H48/G48, "")
A49: CDCR-CA State Prison LA County | B49: CA | C49: =SUM(Jan!C49, Feb!C49, Mar!C49) -> 0 | D49: =SUM(Jan!D49, Feb!D49, Mar!D49) -> 0 | E49: =IF(AND(ISNUMBER(C49),ISNUMBER(D49)), C49-D49, "") -> 0 | F49: =IFERROR(E49/D49, "") | G49: =SUM(Jan!G49, Feb!G49,Mar!G49) -> 0 | H49: =SUM(Jan!H49, Feb!H49, Mar!H49) -> 0 | I49: =IFERROR(H49/G49, "")
A50: Central USD Akers ES | B50: CA | C50: =SUM(Jan!C50, Feb!C50, Mar!C50) -> 0 | D50: =SUM(Jan!D50, Feb!D50, Mar!D50) -> 0 | E50: =IF(AND(ISNUMBER(C50),ISNUMBER(D50)), C50-D50, "") -> 0 | F50: =IFERROR(E50/D50, "") | G50: =SUM(Jan!G50, Feb!G50, Mar!G51) -> 0 | H50: =SUM(Jan!H50, Feb!H50, Mar!H50) -> 0 | I50: =IFERROR(H50/G50, "")
A51: CUSD - District Office | B51: CA | C51: =SUM(Jan!C51, Feb!C51, Mar!C51) -> 0 | D51: =SUM(Jan!D51, Feb!D51, Mar!D51) -> 0 | E51: =IF(AND(ISNUMBER(C51),ISNUMBER(D51)), C51-D51, "") -> 0 | F51: =IFERROR(E51/D51, "") | G51: =SUM(Jan!G51, Feb!G51,Mar!G51) -> 0 | H51: =SUM(Jan!H51, Feb!H51, Mar!H51) -> 0 | I51: =IFERROR(H51/G51, "")
A52: Parlier - WTP | B52: CA | C52: =SUM(Jan!C52, Feb!C52, Mar!C52) -> 0 | D52: =SUM(Jan!D52, Feb!D52, Mar!D52) -> 0 | E52: =IF(AND(ISNUMBER(C52),ISNUMBER(D52)), C52-D52, "") -> 0 | F52: =IFERROR(E52/D52, "") | G52: =SUM(Jan!G52, Feb!G52, Mar!G53) -> 0 | H52: =SUM(Jan!H52, Feb!H52, Mar!H52) -> 0 | I52: =IFERROR(H52/G52, "")
A53: Snowline SD - Quail Valley MS | B53: CA | C53: =SUM(Jan!C53, Feb!C53, Mar!C53) -> 0 | D53: =SUM(Jan!D53, Feb!D53, Mar!D53) -> 0 | E53: =IF(AND(ISNUMBER(C53),ISNUMBER(D53)), C53-D53, "") -> 0 | F53: =IFERROR(E53/D53, "") | G53: =SUM(Jan!G53, Feb!G53,Mar!G53) -> 0 | H53: =SUM(Jan!H53, Feb!H53, Mar!H53) -> 0 | I53: =IFERROR(H53/G53, "")
A54: Snowline SD - Serrano HS - Middle Lot | B54: CA | C54: =SUM(Jan!C54, Feb!C54, Mar!C54) -> 0 | D54: =SUM(Jan!D54, Feb!D54, Mar!D54) -> 0 | E54: =IF(AND(ISNUMBER(C54),ISNUMBER(D54)), C54-D54, "") -> 0 | F54: =IFERROR(E54/D54, "") | G54: =SUM(Jan!G54, Feb!G54, Mar!G55) -> 0 | H54: =SUM(Jan!H54, Feb!H54, Mar!H54) -> 0 | I54: =IFERROR(H54/G54, "")
A55: Snowline SD - Pinon Hills ES | B55: CA | C55: =SUM(Jan!C55, Feb!C55, Mar!C55) -> 0 | D55: =SUM(Jan!D55, Feb!D55, Mar!D55) -> 0 | E55: =IF(AND(ISNUMBER(C55),ISNUMBER(D55)), C55-D55, "") -> 0 | F55: =IFERROR(E55/D55, "") | G55: =SUM(Jan!G55, Feb!G55,Mar!G55) -> 0 | H55: =SUM(Jan!H55, Feb!H55, Mar!H55) -> 0 | I55: =IFERROR(H55/G55, "")
A56: Ramona - Santa Maria WTP | B56: CA | C56: =SUM(Jan!C56, Feb!C56, Mar!C56) -> 0 | D56: =SUM(Jan!D56, Feb!D56, Mar!D56) -> 0 | E56: =IF(AND(ISNUMBER(C56),ISNUMBER(D56)), C56-D56, "") -> 0 | F56: =IFERROR(E56/D56, "") | G56: =SUM(Jan!G56, Feb!G56, Mar!G57) -> 0 | H56: =SUM(Jan!H56, Feb!H56, Mar!H56) -> 0 | I56: =IFERROR(H56/G56, "")
A57: Kohls - Redding | B57: CA | C57: =SUM(Jan!C57, Feb!C57, Mar!C57) -> 0 | D57: =SUM(Jan!D57, Feb!D57, Mar!D57) -> 0 | E57: =IF(AND(ISNUMBER(C57),ISNUMBER(D57)), C57-D57, "") -> 0 | F57: =IFERROR(E57/D57, "") | G57: =SUM(Jan!G57, Feb!G57,Mar!G57) -> 0 | H57: =SUM(Jan!H57, Feb!H57, Mar!H57) -> 0 | I57: =IFERROR(H57/G57, "")
A58: Kohls - Salinas | B58: CA | C58: =SUM(Jan!C58, Feb!C58, Mar!C58) -> 0 | D58: =SUM(Jan!D58, Feb!D58, Mar!D58) -> 0 | E58: =IF(AND(ISNUMBER(C58),ISNUMBER(D58)), C58-D58, "") -> 0 | F58: =IFERROR(E58/D58, "") | G58: =SUM(Jan!G58, Feb!G58, Mar!G59) -> 0 | H58: =SUM(Jan!H58, Feb!H58, Mar!H58) -> 0 | I58: =IFERROR(H58/G58, "")
A59: Kohls - San Bernardino - Central | B59: CA | C59: =SUM(Jan!C59, Feb!C59, Mar!C59) -> 0 | D59: =SUM(Jan!D59, Feb!D59, Mar!D59) -> 0 | E59: =IF(AND(ISNUMBER(C59),ISNUMBER(D59)), C59-D59, "") -> 0 | F59: =IFERROR(E59/D59, "") | G59: =SUM(Jan!G59, Feb!G59,Mar!G59) -> 0 | H59: =SUM(Jan!H59, Feb!H59, Mar!H59) -> 0 | I59: =IFERROR(H59/G59, "")
A60: Kohls - Sonora | B60: CA | C60: =SUM(Jan!C60, Feb!C60, Mar!C60) -> 0 | D60: =SUM(Jan!D60, Feb!D60, Mar!D60) -> 0 | E60: =IF(AND(ISNUMBER(C60),ISNUMBER(D60)), C60-D60, "") -> 0 | F60: =IFERROR(E60/D60, "") | G60: =SUM(Jan!G60, Feb!G60, Mar!G61) -> 0 | H60: =SUM(Jan!H60, Feb!H60, Mar!H60) -> 0 | I60: =IFERROR(H60/G60, "")
A61: CUSD - Stratford ES | B61: CA | C61: =SUM(Jan!C61, Feb!C61, Mar!C61) -> 0 | D61: =SUM(Jan!D61, Feb!D61, Mar!D61) -> 0 | E61: =IF(AND(ISNUMBER(C61),ISNUMBER(D61)), C61-D61, "") -> 0 | F61: =IFERROR(E61/D61, "") | G61: =SUM(Jan!G61, Feb!G61,Mar!G61) -> 0 | H61: =SUM(Jan!H61, Feb!H61, Mar!H61) -> 0 | I61: =IFERROR(H61/G61, "")
A62: Taft - City Hall | B62: CA | C62: =SUM(Jan!C62, Feb!C62, Mar!C62) -> 0 | D62: =SUM(Jan!D62, Feb!D62, Mar!D62) -> 0 | E62: =IF(AND(ISNUMBER(C62),ISNUMBER(D62)), C62-D62, "") -> 0 | F62: =IFERROR(E62/D62, "") | G62: =SUM(Jan!G62, Feb!G62, Mar!G63) -> 0 | H62: =SUM(Jan!H62, Feb!H62, Mar!H62) -> 0 | I62: =IFERROR(H62/G62, "")
A63: Taft - Federal Prison | B63: CA | C63: =SUM(Jan!C63, Feb!C63, Mar!C63) -> 0 | D63: =SUM(Jan!D63, Feb!D63, Mar!D63) -> 0 | E63: =IF(AND(ISNUMBER(C63),ISNUMBER(D63)), C63-D63, "") -> 0 | F63: =IFERROR(E63/D63, "") | G63: =SUM(Jan!G63, Feb!G63,Mar!G63) -> 0 | H63: =SUM(Jan!H63, Feb!H63, Mar!H63) -> 0 | I63: =IFERROR(H63/G63, "")
A64: Taft - Police Department | B64: CA | C64: =SUM(Jan!C64, Feb!C64, Mar!C64) -> 0 | D64: =SUM(Jan!D64, Feb!D64, Mar!D64) -> 0 | E64: =IF(AND(ISNUMBER(C64),ISNUMBER(D64)), C64-D64, "") -> 0 | F64: =IFERROR(E64/D64, "") | G64: =SUM(Jan!G64, Feb!G64, Mar!G65) -> 0 | H64: =SUM(Jan!H64, Feb!H64, Mar!H64) -> 0 | I64: =IFERROR(H64/G64, "")
A65: Taft - WTP | B65: CA | C65: =SUM(Jan!C65, Feb!C65, Mar!C65) -> 0 | D65: =SUM(Jan!D65, Feb!D65, Mar!D65) -> 0 | E65: =IF(AND(ISNUMBER(C65),ISNUMBER(D65)), C65-D65, "") -> 0 | F65: =IFERROR(E65/D65, "") | G65: =SUM(Jan!G65, Feb!G65,Mar!G65) -> 0 | H65: =SUM(Jan!H65, Feb!H65, Mar!H65) -> 0 | I65: =IFERROR(H65/G65, "")
A66: CDCR - CA Correctional Institution | B66: CA | C66: =SUM(Jan!C66, Feb!C66, Mar!C66) -> 0 | D66: =SUM(Jan!D66, Feb!D66, Mar!D66) -> 0 | E66: =IF(AND(ISNUMBER(C66),ISNUMBER(D66)), C66-D66, "") -> 0 | F66: =IFERROR(E66/D66, "") | G66: =SUM(Jan!G66, Feb!G66, Mar!G67) -> 0 | H66: =SUM(Jan!H66, Feb!H66, Mar!H66) -> 0 | I66: =IFERROR(H66/G66, "")
A67: CDCR - CA Correctional Institution II | B67: CA | C67: =SUM(Jan!C67, Feb!C67, Mar!C67) -> 0 | D67: =SUM(Jan!D67, Feb!D67, Mar!D67) -> 0 | E67: =IF(AND(ISNUMBER(C67),ISNUMBER(D67)), C67-D67, "") -> 0 | F67: =IFERROR(E67/D67, "") | G67: =SUM(Jan!G67, Feb!G67,Mar!G67) -> 0 | H67: =SUM(Jan!H67, Feb!H67, Mar!H67) -> 0 | I67: =IFERROR(H67/G67, "")
A68: Snowline SD - Vista Verde ES | B68: CA | C68: =SUM(Jan!C68, Feb!C68, Mar!C68) -> 0 | D68: =SUM(Jan!D68, Feb!D68, Mar!D68) -> 0 | E68: =IF(AND(ISNUMBER(C68),ISNUMBER(D68)), C68-D68, "") -> 0 | F68: =IFERROR(E68/D68, "") | G68: =SUM(Jan!G68, Feb!G68, Mar!G69) -> 0 | H68: =SUM(Jan!H68, Feb!H68, Mar!H68) -> 0 | I68: =IFERROR(H68/G68, "")

Sheet 2nd Qtr
A1: {=portfolio} -> Silicon Ranch | D1: 2nd Quarter Actual v. Expected | G1: 2nd Quarter Actual v. Forecasted
A2: Total | C2: =SUM(C4:C100) -> 3213988.8 | D2: =SUM(D4:D100) -> 0 | E2: =C2-D2 -> 3213988.8 | F2: =IFERROR(E2/D2, 0) -> 0 | G2: =SUM(G4:G100) -> 3634080.2 | H2: =C2-G2 -> -420091.44 | I2: =IFERROR(H2/G2, 0) -> -0.11559773
A3: Site | B3: State | C3: Actual | D3: Expected | E3: Delta | F3: % | G3: Forecasted | H3: Delta | I3: %
A4: {=Sites[Site]} -> Iron Mountain - Windsor | B4: {=Sites[State]} -> CT | C4: =SUM(Apr!C4, May!C4, Jun!C4) -> 102274 | D4: =SUM(Apr!D4, May!D4, Jun!D4) -> 0 | E4: =IF(AND(ISNUMBER(C4),ISNUMBER(D4)), C4-D4, "") -> 102274 | F4: =IFERROR(E4/D4, "") | G4: =SUM(Apr!G4, May!G4, Jun!G4) -> 102351.26 | H4: =SUM(Apr!H4, May!H4, Jun!H4) -> -77.26 | I4: =IFERROR(H4/G4, "") -> -0.00075485148
A5: Kohls - Auburn | B5: NY | C5: =SUM(Apr!C5, May!C5, Jun!C5) -> 108468 | D5: =SUM(Apr!D5, May!D5, Jun!D5) -> 0 | E5: =IF(AND(ISNUMBER(C5),ISNUMBER(D5)), C5-D5, "") -> 108468 | F5: =IFERROR(E5/D5, "") | G5: =SUM(Apr!G5, May!G5, Jun!G5) -> 123949.89 | H5: =SUM(Apr!H5, May!H5, Jun!H5) -> -15481.89 | I5: =IFERROR(H5/G5, "") -> -0.12490443
A6: Kohls - Bensalem | B6: PA | C6: =SUM(Apr!C6, May!C6, Jun!C6) -> 121398 | D6: =SUM(Apr!D6, May!D6, Jun!D6) -> 0 | E6: =IF(AND(ISNUMBER(C6),ISNUMBER(D6)), C6-D6, "") -> 121398 | F6: =IFERROR(E6/D6, "") | G6: =SUM(Apr!G6, May!G6, Jun!G6) -> 111075.05 | H6: =SUM(Apr!H6, May!H6, Jun!H6) -> 10322.95 | I6: =IFERROR(H6/G6, "") -> 0.092936713
A7: Kohls - Brick | B7: NJ | C7: =SUM(Apr!C7, May!C7, Jun!C7) -> 136988 | D7: =SUM(Apr!D7, May!D7, Jun!D7) -> 0 | E7: =IF(AND(ISNUMBER(C7),ISNUMBER(D7)), C7-D7, "") -> 136988 | F7: =IFERROR(E7/D7, "") | G7: =SUM(Apr!G7, May!G7, Jun!G7) -> 135010.68 | H7: =SUM(Apr!H7, May!H7, Jun!H7) -> 1977.32 | I7: =IFERROR(H7/G7, "") -> 0.014645656
A8: Kohls - Buffalo | B8: NY | C8: =SUM(Apr!C8, May!C8, Jun!C8) -> 118377 | D8: =SUM(Apr!D8, May!D8, Jun!D8) -> 0 | E8: =IF(AND(ISNUMBER(C8),ISNUMBER(D8)), C8-D8, "") -> 118377 | F8: =IFERROR(E8/D8, "") | G8: =SUM(Apr!G8, May!G8, Jun!G8) -> 147114.18 | H8: =SUM(Apr!H8, May!H8, Jun!H8) -> -28737.18 | I8: =IFERROR(H8/G8, "") -> -0.19533929
A9: Kohls - Canton | B9: CT | C9: =SUM(Apr!C9, May!C9, Jun!C9) -> 50060 | D9: =SUM(Apr!D9, May!D9, Jun!D9) -> 0 | E9: =IF(AND(ISNUMBER(C9),ISNUMBER(D9)), C9-D9, "") -> 50060 | F9: =IFERROR(E9/D9, "") | G9: =SUM(Apr!G9, May!G9, Jun!G9) -> 45736.67 | H9: =SUM(Apr!H9, May!H9, Jun!H9) -> 4323.33 | I9: =IFERROR(H9/G9, "") -> 0.094526558
A10: Kohls - East Amherst | B10: NY | C10: =SUM(Apr!C10, May!C10, Jun!C10) -> 121268 | D10: =SUM(Apr!D10, May!D10, Jun!D10) -> 0 | E10: =IF(AND(ISNUMBER(C10),ISNUMBER(D10)), C10-D10, "") -> 121268 | F10: =IFERROR(E10/D10, "") | G10: =SUM(Apr!G10, May!G10, Jun!G10) -> 131248.74 | H10: =SUM(Apr!H10, May!H10, Jun!H10) -> -9980.74 | I10: =IFERROR(H10/G10, "") -> -0.076044463
A11: Kohls - East Brunswick | B11: NJ | C11: =SUM(Apr!C11, May!C11, Jun!C11) -> 125982 | D11: =SUM(Apr!D11, May!D11, Jun!D11) -> 0 | E11: =IF(AND(ISNUMBER(C11),ISNUMBER(D11)), C11-D11, "") -> 125982 | F11: =IFERROR(E11/D11, "") | G11: =SUM(Apr!G11, May!G11, Jun!G11) -> 174470.12 | H11: =SUM(Apr!H11, May!H11, Jun!H11) -> -48488.12 | I11: =IFERROR(H11/G11, "") -> -0.27791647
A12: Kohls - Edgewood | B12: MD | C12: =SUM(Apr!C12, May!C12, Jun!C12) -> 747904 | D12: =SUM(Apr!D12, May!D12, Jun!D12) -> 0 | E12: =IF(AND(ISNUMBER(C12),ISNUMBER(D12)), C12-D12, "") -> 747904 | F12: =IFERROR(E12/D12, "") | G12: =SUM(Apr!G12, May!G12, Jun!G12) -> 923709.28 | H12: =SUM(Apr!H12, May!H12, Jun!H12) -> -175805.28 | I12: =IFERROR(H12/G12, "") -> -0.19032534
A13: Kohls - Granite Run | B13: PA | C13: =SUM(Apr!C13, May!C13, Jun!C13) -> 113938 | D13: =SUM(Apr!D13, May!D13, Jun!D13) -> 0 | E13: =IF(AND(ISNUMBER(C13),ISNUMBER(D13)), C13-D13, "") -> 113938 | F13: =IFERROR(E13/D13, "") | G13: =SUM(Apr!G13, May!G13, Jun!G13) -> 110743.92 | H13: =SUM(Apr!H13, May!H13, Jun!H13) -> 3194.08 | I13: =IFERROR(H13/G13, "") -> 0.028842035
A14: Kohls - Greece | B14: NY | C14: =SUM(Apr!C14, May!C14, Jun!C14) -> 106708 | D14: =SUM(Apr!D14, May!D14, Jun!D14) -> 0 | E14: =IF(AND(ISNUMBER(C14),ISNUMBER(D14)), C14-D14, "") -> 106708 | F14: =IFERROR(E14/D14, "") | G14: =SUM(Apr!G14, May!G14, Jun!G14) -> 142210.99 | H14: =SUM(Apr!H14, May!H14, Jun!H14) -> -35502.99 | I14: =IFERROR(H14/G14, "") -> -0.24965011
A15: Kohls - Hanover | B15: PA | C15: =SUM(Apr!C15, May!C15, Jun!C15) -> 88097 | D15: =SUM(Apr!D15, May!D15, Jun!D15) -> 0 | E15: =IF(AND(ISNUMBER(C15),ISNUMBER(D15)), C15-D15, "") -> 88097 | F15: =IFERROR(E15/D15, "") | G15: =SUM(Apr!G15, May!G15, Jun!G15) -> 125782.71 | H15: =SUM(Apr!H15, May!H15, Jun!H15) -> -37685.71 | I15: =IFERROR(H15/G15, "") -> -0.29960962
A16: Kohls - Horsehead | B16: NY | C16: =SUM(Apr!C16, May!C16, Jun!C16) -> 94689 | D16: =SUM(Apr!D16, May!D16, Jun!D16) -> 0 | E16: =IF(AND(ISNUMBER(C16),ISNUMBER(D16)), C16-D16, "") -> 94689 | F16: =IFERROR(E16/D16, "") | G16: =SUM(Apr!G16, May!G16, Jun!G16) -> 101605.92 | H16: =SUM(Apr!H16, May!H16, Jun!H16) -> -6916.92 | I16: =IFERROR(H16/G16, "") -> -0.068075955
... A68: Snowline SD - Vista Verde ES | B68: CA | C68: =SUM(Apr!C68, May!C68, Jun!C68) -> 0 | D68: =SUM(Apr!D68, May!D68, Jun!D68) -> 0 | E68: =IF(AND(ISNUMBER(C68),ISNUMBER(D68)), C68-D68, "") -> 0 | F68: =IFERROR(E68/D68, "") | G68: =SUM(Apr!G68, May!G68, Jun!G68) -> 0 | H68: =SUM(Apr!H68, May!H68, Jun!H68) -> 0 | I68: =IFERROR(H68/G68, "")

Sheet 3rd Qtr
A1: {=portfolio} -> Silicon Ranch | D1: 3rd Quarter Actual v. Expected | G1: 3rd Quarter Actual v. Forecasted
A2: Total | C2: =SUM(C4:C100) -> #REF! | D2: =SUM(D4:D100) -> #REF! | E2: =C2-D2 -> #REF! | F2: =IFERROR(E2/D2, 0) -> 0 | G2: =SUM(G4:G100) -> #REF! | H2: =C2-G2 -> #REF! | I2: =IFERROR(H2/G2, 0) -> 0
A3: Site | B3: State | C3: Actual | D3: Expected | E3: Delta | F3: % | G3: Forecasted | H3: Delta | I3: %
A4: {=Sites[Site]} -> Iron Mountain - Windsor | B4: {=Sites[State]} -> CT | C4: =SUM(Jul!C4, Aug!C4, Sep!C4) -> 94554 | D4: =SUM(Jul!D4, Aug!D4, Sep!D4) -> 0 | E4: =IF(AND(ISNUMBER(C4),ISNUMBER(D4)), C4-D4, "") -> 94554 | F4: =IFERROR(E4/D4, "") | G4: =SUM(Jul!G4, Aug!G4, Sep!G4) -> 94962.49 | H4: =SUM(Jul!H4, Aug!H4, Sep!H4) -> -408.49 | I4: =IFERROR(H4/G4, "") -> -0.0043015932
A5: Kohls - Auburn | B5: NY | C5: =SUM(Jul!C5, Aug!C5, Sep!C5) -> 111498 | D5: =SUM(Jul!D5, Aug!D5, Sep!D5) -> 0 | E5: =IF(AND(ISNUMBER(C5),ISNUMBER(D5)), C5-D5, "") -> 111498 | F5: =IFERROR(E5/D5, "") | G5: =SUM(Jul!G5, Aug!G5, Sep!G5) -> 115914.18 | H5: =SUM(Jul!H5, Aug!H5, Sep!H5) -> -4416.18 | I5: =IFERROR(H5/G5, "") -> -0.038098704
A6: Kohls - Bensalem | B6: PA | C6: =SUM(Jul!C6, Aug!C6, Sep!C6) -> 114312 | D6: =SUM(Jul!D6, Aug!D6, Sep!D6) -> 0 | E6: =IF(AND(ISNUMBER(C6),ISNUMBER(D6)), C6-D6, "") -> 114312 | F6: =IFERROR(E6/D6, "") | G6: =SUM(Jul!G6, Aug!G6, Sep!G6) -> 108171.49 | H6: =SUM(Jul!H6, Aug!H6, Sep!H6) -> 6140.51 | I6: =IFERROR(H6/G6, "") -> 0.056766436
A7: Kohls - Brick | B7: NJ | C7: =SUM(Jul!C7, Aug!C7, Sep!C7) -> 135353 | D7: =SUM(Jul!D7, Aug!D7, Sep!D7) -> 0 | E7: =IF(AND(ISNUMBER(C7),ISNUMBER(D7)), C7-D7, "") -> 135353 | F7: =IFERROR(E7/D7, "") | G7: =SUM(Jul!G7, Aug!G7, Sep!G7) -> 128301.25 | H7: =SUM(Jul!H7, Aug!H7, Sep!H7) -> 7051.75 | I7: =IFERROR(H7/G7, "") -> 0.054962442
A8: Kohls - Buffalo | B8: NY | C8: =SUM(Jul!C8, Aug!C8, Sep!C8) -> 144418 | D8: =SUM(Jul!D8, Aug!D8, Sep!D8) -> 0 | E8: =IF(AND(ISNUMBER(C8),ISNUMBER(D8)), C8-D8, "") -> 144418 | F8: =IFERROR(E8/D8, "") | G8: =SUM(Jul!G8, Aug!G8, Sep!G8) -> 139851.94 | H8: =SUM(Jul!H8, Aug!H8, Sep!H8) -> 4566.06 | I8: =IFERROR(H8/G8, "") -> 0.032649243
A9: Kohls - Canton | B9: CT | C9: =SUM(Jul!C9, Aug!C9, Sep!C9) -> 47122 | D9: =SUM(Jul!D9, Aug!D9, Sep!D9) -> 0 | E9: =IF(AND(ISNUMBER(C9),ISNUMBER(D9)), C9-D9, "") -> 47122 | F9: =IFERROR(E9/D9, "") | G9: =SUM(Jul!G9, Aug!G9, Sep!G9) -> 43839.67 | H9: =SUM(Jul!H9, Aug!H9, Sep!H9) -> 3282.33 | I9: =IFERROR(H9/G9, "") -> 0.07487123
A10: Kohls - East Amherst | B10: NY | C10: =SUM(Jul!C10, Aug!C10, Sep!C10) -> 120994 | D10: =SUM(Jul!D10, Aug!D10, Sep!D10) -> 0 | E10: =IF(AND(ISNUMBER(C10),ISNUMBER(D10)), C10-D10, "") -> 120994 | F10: =IFERROR(E10/D10, "") | G10: =SUM(Jul!G10, Aug!G10, Sep!G10) -> 124722.83 | H10: =SUM(Jul!H10, Aug!H10, Sep!H10) -> -3728.83 | I10: =IFERROR(H10/G10, "") -> -0.029896932
A11: Kohls - East Brunswick | B11: NJ | C11: =SUM(Jul!C11, Aug!C11, Sep!C11) -> 155820 | D11: =SUM(Jul!D11, Aug!D11, Sep!D11) -> 0 | E11: =IF(AND(ISNUMBER(C11),ISNUMBER(D11)), C11-D11, "") -> 155820 | F11: =IFERROR(E11/D11, "") | G11: =SUM(Jul!G11, Aug!G11, Sep!G11) -> 164069.21 | H11: =SUM(Jul!H11, Aug!H11, Sep!H11) -> -8249.21 | I11: =IFERROR(H11/G11, "") -> -0.050278843
A12: Kohls - Edgewood | B12: MD | C12: =SUM(Jul!C12, Aug!C12, Sep!C12) -> 774929 | D12: =SUM(Jul!D12, Aug!D12, Sep!D12) -> 0 | E12: =IF(AND(ISNUMBER(C12),ISNUMBER(D12)), C12-D12, "") -> 774929 | F12: =IFERROR(E12/D12, "") | G12: =SUM(Jul!G12, Aug!G12, Sep!G12) -> 854668.8 | H12: =SUM(Jul!H12, Aug!H12, Sep!H12) -> -79739.8 | I12: =IFERROR(H12/G12, "") -> -0.093299065
A13: Kohls - Granite Run | B13: PA | C13: =SUM(Jul!C13, Aug!C13, Sep!C13) -> 106088 | D13: =SUM(Jul!D13, Aug!D13, Sep!D13) -> 0 | E13: =IF(AND(ISNUMBER(C13),ISNUMBER(D13)), C13-D13, "") -> 106088 | F13: =IFERROR(E13/D13, "") | G13: =SUM(Jul!G13, Aug!G13, Sep!G13) -> 107021.82 | H13: =SUM(Jul!H13, Aug!H13, Sep!H13) -> -933.82 | I13: =IFERROR(H13/G13, "") -> -0.0087255104
A14: Kohls - Greece | B14: NY | C14: =SUM(Jul!C14, Aug!C14, Sep!C14) -> 83935 | D14: =SUM(Jul!D14, Aug!D14, Sep!D14) -> 0 | E14: =IF(AND(ISNUMBER(C14),ISNUMBER(D14)), C14-D14, "") -> 83935 | F14: =IFERROR(E14/D14, "") | G14: =SUM(Jul!G14, Aug!G14, Sep!G14) -> 133325.32 | H14: =SUM(Jul!H14, Aug!H14, Sep!H14) -> -49390.32 | I14: =IFERROR(H14/G14, "") -> -0.37044966
A15: Kohls - Hanover | B15: PA | C15: =SUM(Jul!C15, Aug!C15, Sep!C15) -> 54426 | D15: =SUM(Jul!D15, Aug!D15, Sep!D15) -> 0 | E15: =IF(AND(ISNUMBER(C15),ISNUMBER(D15)), C15-D15, "") -> 54426 | F15: =IFERROR(E15/D15, "") | G15: =SUM(Jul!G15, Aug!G15, Sep!G15) -> 116209.23 | H15: =SUM(Jul!H15, Aug!H15, Sep!H15) -> -61783.23 | I15: =IFERROR(H15/G15, "") -> -0.5316551
A16: Kohls - Horsehead | B16: NY | C16: =SUM(Jul!C16, Aug!C16, Sep!C16) -> 92124 | D16: =SUM(Jul!D16, Aug!D16, Sep!D16) -> 0 | E16: =IF(AND(ISNUMBER(C16),ISNUMBER(D16)), C16-D16, "") -> 92124 | F16: =IFERROR(E16/D16, "") | G16: =SUM(Jul!G16, Aug!G16, Sep!G16) -> 97499.36 | H16: =SUM(Jul!H16, Aug!H16, Sep!H16) -> -5375.36 | I16: =IFERROR(H16/G16, "") -> -0.055132259
... A18: Kohls - Ithaca | B18: NY | C18: =SUM(Jul!C18, Aug!C18, Sep!C18) -> 97750 | D18: =SUM(Jul!D18, Aug!D18, Sep!D18) -> 0 | E18: =IF(AND(ISNUMBER(C18),ISNUMBER(D18)), C18-D18, "") -> 97750 | F18: =IFERROR(E18/D18, "") | G18: =SUM(Jul!G18, Aug!G18, Sep!G18) -> 112085.54 | H18: =SUM(Jul!H18, Aug!H18, Sep!H18) -> -14335.54 | I18: =IFERROR(H18/G18, "") -> -0.12789821
A19: Kohls - Kingston | B19: NY | C19: =SUM(Jul!C19, Aug!C19, Sep!C21) -> 162208 | D19: =SUM(Jul!D19, Aug!D19, Sep!D21) -> 0 | E19: =IF(AND(ISNUMBER(C19),ISNUMBER(D19)), C19-D19, "") -> 162208 | F19: =IFERROR(E19/D19, "") | G19: =SUM(Jul!G19, Aug!G19, Sep!G19) -> 165817.61 | H19: =SUM(Jul!H19, Aug!H19, Sep!H21) -> -13670.101 | I19: =IFERROR(H19/G19, "") -> -0.082440586
A20: Kohls - Mechanicsburg | B20: PA | C20: =SUM(Jul!C20, Aug!C20, Sep!C22) -> 98756 | D20: =SUM(Jul!D20, Aug!D20, Sep!D22) -> 0 | E20: =IF(AND(ISNUMBER(C20),ISNUMBER(D20)), C20-D20, "") -> 98756 | F20: =IFERROR(E20/D20, "") | G20: =SUM(Jul!G20, Aug!G20, Sep!G20) -> 135669.6 | H20: =SUM(Jul!H20, Aug!H20, Sep!H22) -> -32447.42 | I20: =IFERROR(H20/G20, "") -> -0.239165
A21: Kohls - Middletown | B21: NJ | C21: =SUM(Jul!C21, Aug!C21, Sep!C23) -> 145545 | D21: =SUM(Jul!D21, Aug!D21, Sep!D23) -> 0 | E21: =IF(AND(ISNUMBER(C21),ISNUMBER(D21)), C21-D21, "") -> 145545 | F21: =IFERROR(E21/D21, "") | G21: =SUM(Jul!G21, Aug!G21, Sep!G21) -> 194043.17 | H21: =SUM(Jul!H21, Aug!H21, Sep!H23) -> -23072.07 | I21: =IFERROR(H21/G21, "") -> -0.11890174
A22: Kohls - North Amherst | B22: NY | C22: =SUM(Jul!C22, Aug!C22, Sep!C24) -> 82346 | D22: =SUM(Jul!D22, Aug!D22, Sep!D24) -> 0 | E22: =IF(AND(ISNUMBER(C22),ISNUMBER(D22)), C22-D22, "") -> 82346 | F22: =IFERROR(E22/D22, "") | G22: =SUM(Jul!G22, Aug!G22, Sep!G22) -> 119080.95 | H22: =SUM(Jul!H22, Aug!H22, Sep!H24) -> -40041.97 | I22: =IFERROR(H22/G22, "") -> -0.3362584
A23: Kohls - Staten Island | B23: NY | C23: =SUM(Jul!C23, Aug!C23, Sep!C25) -> 87829 | D23: =SUM(Jul!D23, Aug!D23, Sep!D25) -> 0 | E23: =IF(AND(ISNUMBER(C23),ISNUMBER(D23)), C23-D23, "") -> 87829 | F23: =IFERROR(E23/D23, "") | G23: =SUM(Jul!G23, Aug!G23, Sep!G23) -> 110927.81 | H23: =SUM(Jul!H23, Aug!H23, Sep!H25) -> -23132.05 | I23: =IFERROR(H23/G23, "") -> -0.20853247
A24: Kohls - Warminster | B24: PA | C24: =SUM(Jul!C24, Aug!C24, Sep!C26) -> 134072 | D24: =SUM(Jul!D24, Aug!D24, Sep!D26) -> 0 | E24: =IF(AND(ISNUMBER(C24),ISNUMBER(D24)), C24-D24, "") -> 134072 | F24: =IFERROR(E24/D24, "") | G24: =SUM(Jul!G24, Aug!G24, Sep!G24) -> 132333.73 | H24: =SUM(Jul!H24, Aug!H24, Sep!H26) -> 4197.59 | I24: =IFERROR(H24/G24, "") -> 0.031719729
A25: Kohls - Waterbury | B25: CT | C25: =SUM(Jul!C25, Aug!C25, Sep!C27) -> 77301 | D25: =SUM(Jul!D25, Aug!D25, Sep!D27) -> 0 | E25: =IF(AND(ISNUMBER(C25),ISNUMBER(D25)), C25-D25, "") -> 77301 | F25: =IFERROR(E25/D25, "") | G25: =SUM(Jul!G25, Aug!G25, Sep!G27) -> 223054.33 | H25: =SUM(Jul!H25, Aug!H25, Sep!H27) -> -145753.33 | I25: =IFERROR(H25/G25, "") -> -0.65344318
A26: Mojave Water Agency - Headquarters | B26: CA | C26: =SUM(Jul!C26, Aug!C26, Sep!C28) -> 57396 | D26: =SUM(Jul!D26, Aug!D26, Sep!D28) -> 0 | E26: =IF(AND(ISNUMBER(C26),ISNUMBER(D26)), C26-D26, "") -> 57396 | F26: =IFERROR(E26/D26, "") | G26: =SUM(Jul!G26, Aug!G26, Sep!#REF!) -> #REF! | H26: =SUM(Jul!H26, Aug!H26, Sep!H28) -> 4774.49 | I26: =IFERROR(H26/G26, "")
A27: CSU - Bakersfield | B27: CA | C27: =SUM(Jul!C27, Aug!C27, Sep!C29) -> 46272 | D27: =SUM(Jul!D27, Aug!D27, Sep!D29) -> 0 | E27: =IF(AND(ISNUMBER(C27),ISNUMBER(D27)), C27-D27, "") -> 46272 | F27: =IFERROR(E27/D27, "") | G27: =SUM(Jul!G27, Aug!G27, Sep!#REF!) -> #REF! | H27: =SUM(Jul!H27, Aug!H27, Sep!H29) -> -167572.22 | I27: =IFERROR(H27/G27, "")
A28: Greenfield USD - Fairfield ES | B28: CA | C28: =SUM(Jul!C28, Aug!C28, Sep!C30) -> 23778 | D28: =SUM(Jul!D28, Aug!D28, Sep!D30) -> 0 | E28: =IF(AND(ISNUMBER(C28),ISNUMBER(D28)), C28-D28, "") -> 23778 | F28: =IFERROR(E28/D28, "") | G28: =SUM(Jul!G28, Aug!G28, Sep!G28) -> 31157.02 | H28: =SUM(Jul!H28, Aug!H28, Sep!H30) -> -18968.022 | I28: =IFERROR(H28/G28, "") -> -0.60878807
A29: Greenfield USD - Granite Point ES | B29: CA | C29: =SUM(Jul!C29, Aug!C29, Sep!C31) -> 34078 | D29: =SUM(Jul!D29, Aug!D29, Sep!D31) -> 0 | E29: =IF(AND(ISNUMBER(C29),ISNUMBER(D29)), C29-D29, "") -> 34078 | F29: =IFERROR(E29/D29, "") | G29: =SUM(Jul!G29, Aug!G29, Sep!G29) -> 82131.04 | H29: =SUM(Jul!H29, Aug!H29, Sep!H31) -> -49198.05 | I29: =IFERROR(H29/G29, "") -> -0.59901896
A30: Greenfield USD - Greenfield MS | B30: CA | C30: =SUM(Jul!C30, Aug!C30, Sep!C32) -> 28783 | D30: =SUM(Jul!D30, Aug!D30, Sep!D32) -> 0 | E30: =IF(AND(ISNUMBER(C30),ISNUMBER(D30)), C30-D30, "") -> 28783 | F30: =IFERROR(E30/D30, "") | G30: =SUM(Jul!G30, Aug!G30, Sep!G30) -> 56075.222 | H30: =SUM(Jul!H30, Aug!H30, Sep!H32) -> -25237.3 | I30: =IFERROR(H30/G30, "") -> -0.45006153
A31: Greenfield USD - Horizon ES | B31: CA | C31: =SUM(Jul!C31, Aug!C31, Sep!C33) -> 38836 | D31: =SUM(Jul!D31, Aug!D31, Sep!D33) -> 0 | E31: =IF(AND(ISNUMBER(C31),ISNUMBER(D31)), C31-D31, "") -> 38836 | F31: =IFERROR(E31/D31, "") | G31: =SUM(Jul!G31, Aug!G31, Sep!G31) -> 84927.39 | H31: =SUM(Jul!H31, Aug!H31, Sep!H33) -> -23940.85 | I31: =IFERROR(H31/G31, "") -> -0.28189787
A32: Greenfield USD - McKee MS | B32: CA | C32: =SUM(Jul!C32, Aug!C32, Sep!C34) -> 22606 | D32: =SUM(Jul!D32, Aug!D32, Sep!D34) -> 0 | E32: =IF(AND(ISNUMBER(C32),ISNUMBER(D32)), C32-D32, "") -> 22606 | F32: =IFERROR(E32/D32, "") | G32: =SUM(Jul!G32, Aug!G32, Sep!G32) -> 51909.84 | H32: =SUM(Jul!H32, Aug!H32, Sep!H34) -> -24999.62 | I32: =IFERROR(H32/G32, "") -> -0.48159694
A33: Greenfield USD - Plantation ES | B33: CA | C33: =SUM(Jul!C33, Aug!C33, Sep!C35) -> 26612 | D33: =SUM(Jul!D33, Aug!D33, Sep!D35) -> 0 | E33: =IF(AND(ISNUMBER(C33),ISNUMBER(D33)), C33-D33, "") -> 26612 | F33: =IFERROR(E33/D33, "") | G33: =SUM(Jul!G33, Aug!G33, Sep!G33) -> 37044.08 | H33: =SUM(Jul!H33, Aug!H33, Sep!H35) -> -36211.13 | I33: =IFERROR(H33/G33, "") -> -0.97751463
A34: Greenfield USD - Planz ES | B34: CA | C34: =SUM(Jul!C34, Aug!C34, Sep!C36) -> 37222 | D34: =SUM(Jul!D34, Aug!D34, Sep!D36) -> 0 | E34: =IF(AND(ISNUMBER(C34),ISNUMBER(D34)), C34-D34, "") -> 37222 | F34: =IFERROR(E34/D34, "") | G34: =SUM(Jul!G34, Aug!G34, Sep!G34) -> 42273.94 | H34: =SUM(Jul!H34, Aug!H34, Sep!H36) -> -25369.72 | I34: =IFERROR(H34/G34, "") -> -0.6001267
A35: Greenfield USD - Raffaello Palla ES | B35: CA | C35: =SUM(Jul!C35, Aug!C35, Sep!C37) -> 34936 | D35: =SUM(Jul!D35, Aug!D35, Sep!D37) -> 0 | E35: =IF(AND(ISNUMBER(C35),ISNUMBER(D35)), C35-D35, "") -> 34936 | F35: =IFERROR(E35/D35, "") | G35: =SUM(Jul!G35, Aug!G35, Sep!G35) -> 92230.69 | H35: =SUM(Jul!H35, Aug!H35, Sep!H37) -> -29821.72 | I35: =IFERROR(H35/G35, "") -> -0.32333836
A36: Greenfield USD - Valle Verde ES | B36: CA | C36: =SUM(Jul!C36, Aug!C36, Sep!C38) -> 38421 | D36: =SUM(Jul!D36, Aug!D36, Sep!D38) -> 0 | E36: =IF(AND(ISNUMBER(C36),ISNUMBER(D36)), C36-D36, "") -> 38421 | F36: =IFERROR(E36/D36, "") | G36: =SUM(Jul!G36, Aug!G36, Sep!G36) -> 86028.91 | H36: =SUM(Jul!H36, Aug!H36, Sep!H38) -> -42414.45 | I36: =IFERROR(H36/G36, "") -> -0.49302554
A37: Greenfield USD - W.A. Kendrick ES | B37: CA | C37: =SUM(Jul!C37, Aug!C37, Sep!C39) -> 12443 | D37: =SUM(Jul!D37, Aug!D37, Sep!D39) -> 0 | E37: =IF(AND(ISNUMBER(C37),ISNUMBER(D37)), C37-D37, "") -> 12443 | F37: =IFERROR(E37/D37, "") | G37: =SUM(Jul!G37, Aug!G37, Sep!G37) -> 33147.14 | H37: =SUM(Jul!H37, Aug!H37, Sep!H39) -> -6569.21 | I37: =IFERROR(H37/G37, "") -> -0.19818331
A38: Muroc Joint USD - Boron HS | B38: CA | C38: =SUM(Jul!C38, Aug!C38, Sep!C40) -> 0 | D38: =SUM(Jul!D38, Aug!D38, Sep!D40) -> 0 | E38: =IF(AND(ISNUMBER(C38),ISNUMBER(D38)), C38-D38, "") -> 0 | F38: =IFERROR(E38/D38, "") | G38: =SUM(Jul!G38, Aug!G38, Sep!G40) -> 83281.645 | H38: =SUM(Jul!H38, Aug!H38, Sep!H40) -> -83281.645 | I38: =IFERROR(H38/G38, "") -> -1
A39: Muroc Joint USD - W. Boron ES | B39: CA | C39: =SUM(Jul!C39, Aug!C39, Sep!C41) -> 55976 | D39: =SUM(Jul!D39, Aug!D39, Sep!D41) -> 0 | E39: =IF(AND(ISNUMBER(C39),ISNUMBER(D39)), C39-D39, "") -> 55976 | F39: =IFERROR(E39/D39, "") | G39: =SUM(Jul!G39, Aug!G39, Sep!G41) -> 219061.43 | H39: =SUM(Jul!H39, Aug!H39, Sep!H41) -> -163085.43 | I39: =IFERROR(H39/G39, "") -> -0.7444735
A40: Colusa - WTP | B40: CA | C40: =SUM(Jul!C40, Aug!C40, Sep!C42) -> 6209 | D40: =SUM(Jul!D40, Aug!D40, Sep!D42) -> 0 | E40: =IF(AND(ISNUMBER(C40),ISNUMBER(D40)), C40-D40, "") -> 6209 | F40: =IFERROR(E40/D40, "") | G40: =SUM(Jul!G40, Aug!G40, Sep!#REF!) -> #REF! | H40: =SUM(Jul!H40, Aug!H40, Sep!H42) -> -60817.492 | I40: =IFERROR(H40/G40, "")
A41: CDCR-North Kern State Prision | B41: CA | C41: =SUM(Jul!C41, Aug!C41, Sep!C43) -> 115318 | D41: =SUM(Jul!D41, Aug!D41, Sep!D43) -> 0 | E41: =IF(AND(ISNUMBER(C41),ISNUMBER(D41)), C41-D41, "") -> 115318 | F41: =IFERROR(E41/D41, "") | G41: =SUM(Jul!G41, Aug!G41, Sep!G43) -> 268120.74 | H41: =SUM(Jul!H41, Aug!H41, Sep!H43) -> -152802.74 | I41: =IFERROR(H41/G41, "") -> -0.56990272
A42: Muroc Joint USD - District Office | B42: CA | C42: =SUM(Jul!C42, Aug!C42, Sep!C44) -> 27626 | D42: =SUM(Jul!D42, Aug!D42, Sep!D44) -> 0 | E42: =IF(AND(ISNUMBER(C42),ISNUMBER(D42)), C42-D42, "") -> 27626 | F42: =IFERROR(E42/D42, "") | G42: =SUM(Jul!G42, Aug!G42, Sep!G42) -> 18999.3 | H42: =SUM(Jul!H42, Aug!H42, Sep!H44) -> -16429.87 | I42: =IFERROR(H42/G42, "") -> -0.86476186
A43: Whole Foods - Manhattan Beach | B43: CA | C43: =SUM(Jul!C43, Aug!C43, Sep!C45) -> 25736 | D43: =SUM(Jul!D43, Aug!D43, Sep!D45) -> 0 | E43: =IF(AND(ISNUMBER(C43),ISNUMBER(D43)), C43-D43, "") -> 25736 | F43: =IFERROR(E43/D43, "") | G43: =SUM(Jul!G43, Aug!G43, Sep!G45) -> 56802.06 | H43: =SUM(Jul!H43, Aug!H43, Sep!H45) -> -31066.06 | I43: =IFERROR(H43/G43, "") -> -0.54691784
A44: Pioneer USD - Frontier ES | B44: CA | C44: =SUM(Jul!C44, Aug!C44, Sep!C46) -> 62418 | D44: =SUM(Jul!D44, Aug!D44, Sep!D46) -> 0 | E44: =IF(AND(ISNUMBER(C44),ISNUMBER(D44)), C44-D44, "") -> 62418 | F44: =IFERROR(E44/D44, "") | G44: =SUM(Jul!G44, Aug!G44, Sep!G46) -> 85791.1 | H44: =SUM(Jul!H44, Aug!H44, Sep!H46) -> -23373.1 | I44: =IFERROR(H44/G44, "") -> -0.27244201
A45: Pioneer USD - Pioneer ES | B45: CA | C45: =SUM(Jul!C45, Aug!C45, Sep!C47) -> 40097 | D45: =SUM(Jul!D45, Aug!D45, Sep!D47) -> 0 | E45: =IF(AND(ISNUMBER(C45),ISNUMBER(D45)), C45-D45, "") -> 40097 | F45: =IFERROR(E45/D45, "") | G45: =SUM(Jul!G45, Aug!G45, Sep!G47) -> 122838.06 | H45: =SUM(Jul!H45, Aug!H45, Sep!H47) -> -82741.06 | I45: =IFERROR(H45/G45, "") -> -0.67357837
A46: Pioneer USD - Pioneer MS | B46: CA | C46: =SUM(Jul!C46, Aug!C46, Sep!C48) -> 566970 | D46: =SUM(Jul!D46, Aug!D46, Sep!D48) -> 0 | E46: =IF(AND(ISNUMBER(C46),ISNUMBER(D46)), C46-D46, "") -> 566970 | F46: =IFERROR(E46/D46, "") | G46: =SUM(Jul!G46, Aug!G46, Sep!#REF!) -> #REF! | H46: =SUM(Jul!H46, Aug!H46, Sep!H48) -> -209786.61 | I46: =IFERROR(H46/G46, "")
A47: Kingsburg Joint UHSD - Kingsburg HS | B47: CA | C47: =SUM(Jul!C47, Aug!C47, Sep!C49) -> 315975 | D47: =SUM(Jul!D47, Aug!D47, Sep!D49) -> 0 | E47: =IF(AND(ISNUMBER(C47),ISNUMBER(D47)), C47-D47, "") -> 315975 | F47: =IFERROR(E47/D47, "") | G47: =SUM(Jul!G47, Aug!G47, Sep!G49) -> 523598.04 | H47: =SUM(Jul!H47, Aug!H47, Sep!H49) -> -207623.04 | I47: =IFERROR(H47/G47, "") -> -0.39653135
A48: CADRB | B48: CA | C48: =SUM(Jul!C48, Aug!C48, Sep!C50) -> 675556 | D48: =SUM(Jul!D48, Aug!D48, Sep!D50) -> 0 | E48: =IF(AND(ISNUMBER(C48),ISNUMBER(D48)), C48-D48, "") -> 675556 | F48: =IFERROR(E48/D48, "") | G48: =SUM(Jul!G48, Aug!G48, Sep!G48) -> 1562309 | H48: =SUM(Jul!H48, Aug!H48, Sep!H50) -> -196748.68 | I48: =IFERROR(H48/G48, "") -> -0.12593455
A49: CDCR-CA State Prison LA County | B49: CA | C49: =SUM(Jul!C49, Aug!C49, Sep!C51) -> 326177 | D49: =SUM(Jul!D49, Aug!D49, Sep!D51) -> 0 | E49: =IF(AND(ISNUMBER(C49),ISNUMBER(D49)), C49-D49, "") -> 326177 | F49: =IFERROR(E49/D49, "") | G49: =SUM(Jul!G49, Aug!G49, Sep!G51) -> 539643.28 | H49: =SUM(Jul!H49, Aug!H49, Sep!H51) -> -213466.28 | I49: =IFERROR(H49/G49, "") -> -0.39556924
A50: Central USD Akers ES | B50: CA | C50: =SUM(Jul!C50, Aug!C50, Sep!C52) -> 56703 | D50: =SUM(Jul!D50, Aug!D50, Sep!D52) -> 0 | E50: =IF(AND(ISNUMBER(C50),ISNUMBER(D50)), C50-D50, "") -> 56703 | F50: =IFERROR(E50/D50, "") | G50: =SUM(Jul!G50, Aug!G50, Sep!G52) -> 120272.57 | H50: =SUM(Jul!H50, Aug!H50, Sep!H52) -> -63569.57 | I50: =IFERROR(H50/G50, "") -> -0.52854587
A51: CUSD - District Office | B51: CA | C51: =SUM(Jul!C51, Aug!C51, Sep!C53) -> 61481 | D51: =SUM(Jul!D51, Aug!D51, Sep!D53) -> 0 | E51: =IF(AND(ISNUMBER(C51),ISNUMBER(D51)), C51-D51, "") -> 61481 | F51: =IFERROR(E51/D51, "") | G51: =SUM(Jul!G51, Aug!G51, Sep!G53) -> 72011.52 | H51: =SUM(Jul!H51, Aug!H51, Sep!H53) -> -10530.52 | I51: =IFERROR(H51/G51, "") -> -0.14623382
A52: Parlier - WTP | B52: CA | C52: =SUM(Jul!C52, Aug!C52, Sep!C54) -> 72797 | D52: =SUM(Jul!D52, Aug!D52, Sep!D54) -> 0 | E52: =IF(AND(ISNUMBER(C52),ISNUMBER(D52)), C52-D52, "") -> 72797 | F52: =IFERROR(E52/D52, "") | G52: =SUM(Jul!G52, Aug!G52, Sep!G54) -> 150939 | H52: =SUM(Jul!H52, Aug!H52, Sep!H54) -> -78142 | I52: =IFERROR(H52/G52, "") -> -0.51770583
A53: Snowline SD - Quail Valley MS | B53: CA | C53: =SUM(Jul!C53, Aug!C53, Sep!C55) -> 55751 | D53: =SUM(Jul!D53, Aug!D53, Sep!D55) -> 0 | E53: =IF(AND(ISNUMBER(C53),ISNUMBER(D53)), C53-D53, "") -> 55751 | F53: =IFERROR(E53/D53, "") | G53: =SUM(Jul!G53, Aug!G53, Sep!G55) -> 69047.27 | H53: =SUM(Jul!H53, Aug!H53, Sep!H55) -> -13296.27 | I53: =IFERROR(H53/G53, "") -> -0.19256764
A54: Snowline SD - Serrano HS - Middle Lot | B54: CA | C54: =SUM(Jul!C54, Aug!C54, Sep!C56) -> 57478 | D54: =SUM(Jul!D54, Aug!D54, Sep!D56) -> 0 | E54: =IF(AND(ISNUMBER(C54),ISNUMBER(D54)), C54-D54, "") -> 57478 | F54: =IFERROR(E54/D54, "") | G54: =SUM(Jul!G54, Aug!G54, Sep!G56) -> 129698.39 | H54: =SUM(Jul!H54, Aug!H54, Sep!H56) -> -72220.39 | I54: =IFERROR(H54/G54, "") -> -0.55683336
A55: Snowline SD - Pinon Hills ES | B55: CA | C55: =SUM(Jul!C55, Aug!C55, Sep!C57) -> 37782 | D55: =SUM(Jul!D55, Aug!D55, Sep!D57) -> 0 | E55: =IF(AND(ISNUMBER(C55),ISNUMBER(D55)), C55-D55, "") -> 37782 | F55: =IFERROR(E55/D55, "") | G55: =SUM(Jul!G55, Aug!G55, Sep!#REF!) -> #REF! | H55: =SUM(Jul!H55, Aug!H55, Sep!H57) -> -17058.01 | I55: =IFERROR(H55/G55, "")
A56: Ramona - Santa Maria WTP | B56: CA | C56: =SUM(Jul!C56, Aug!C56, Sep!C58) -> 106984 | D56: =SUM(Jul!D56, Aug!D56, Sep!D58) -> 0 | E56: =IF(AND(ISNUMBER(C56),ISNUMBER(D56)), C56-D56, "") -> 106984 | F56: =IFERROR(E56/D56, "") | G56: =SUM(Jul!G56, Aug!G56, Sep!#REF!) -> #REF! | H56: =SUM(Jul!H56, Aug!H56, Sep!H58) -> -21525.88 | I56: =IFERROR(H56/G56, "")
A57: Kohls - Redding | B57: CA | C57: =SUM(Jul!C57, Aug!C57, Sep!C59) -> 130134 | D57: =SUM(Jul!D57, Aug!D57, Sep!D59) -> 0 | E57: =IF(AND(ISNUMBER(C57),ISNUMBER(D57)), C57-D57, "") -> 130134 | F57: =IFERROR(E57/D57, "") | G57: =SUM(Jul!G57, Aug!G57, Sep!G57) -> 64559.82 | H57: =SUM(Jul!H57, Aug!H57, Sep!H59) -> -44909.47 | I57: =IFERROR(H57/G57, "") -> -0.6956257
A58: Kohls - Salinas | B58: CA | C58: =SUM(Jul!C58, Aug!C58, Sep!C60) -> 68406 | D58: =SUM(Jul!D58, Aug!D58, Sep!D60) -> 0 | E58: =IF(AND(ISNUMBER(C58),ISNUMBER(D58)), C58-D58, "") -> 68406 | F58: =IFERROR(E58/D58, "") | G58: =SUM(Jul!G58, Aug!G58, Sep!G58) -> 93085.67 | H58: =SUM(Jul!H58, Aug!H58, Sep!H60) -> -11496.1 | I58: =IFERROR(H58/G58, "") -> -0.12350021
A59: Kohls - San Bernardino - Central | B59: CA | C59: =SUM(Jul!C59, Aug!C59, Sep!C61) -> 154269 | D59: =SUM(Jul!D59, Aug!D59, Sep!D61) -> 0 | E59: =IF(AND(ISNUMBER(C59),ISNUMBER(D59)), C59-D59, "") -> 154269 | F59: =IFERROR(E59/D59, "") | G59: =SUM(Jul!G59, Aug!G59, Sep!G61) -> 181797.61 | H59: =SUM(Jul!H59, Aug!H59, Sep!H61) -> -27528.61 | I59: =IFERROR(H59/G59, "") -> -0.15142449
A60: Kohls - Sonora | B60: CA | C60: =SUM(Jul!C60, Aug!C60, Sep!C62) -> 37763 | D60: =SUM(Jul!D60, Aug!D60, Sep!D62) -> 0 | E60: =IF(AND(ISNUMBER(C60),ISNUMBER(D60)), C60-D60, "") -> 37763 | F60: =IFERROR(E60/D60, "") | G60: =SUM(Jul!G60, Aug!G60, Sep!G60) -> 64840.1 | H60: =SUM(Jul!H60, Aug!H60, Sep!H62) -> -6717.77 | I60: =IFERROR(H60/G60, "") -> -0.10360518
A61: CUSD - Stratford ES | B61: CA | C61: =SUM(Jul!C61, Aug!C61, Sep!C63) -> 29429 | D61: =SUM(Jul!D61, Aug!D61, Sep!D63) -> 0 | E61: =IF(AND(ISNUMBER(C61),ISNUMBER(D61)), C61-D61, "") -> 29429 | F61: =IFERROR(E61/D61, "") | G61: =SUM(Jul!G61, Aug!G61, Sep!#REF!) -> #REF! | H61: =SUM(Jul!H61, Aug!H61, Sep!H63) -> -10344.88 | I61: =IFERROR(H61/G61, "")
A62: Taft - City Hall | B62: CA | C62: =SUM(Jul!C62, Aug!C62, Sep!C64) -> 19119 | D62: =SUM(Jul!D62, Aug!D62, Sep!D64) -> 0 | E62: =IF(AND(ISNUMBER(C62),ISNUMBER(D62)), C62-D62, "") -> 19119 | F62: =IFERROR(E62/D62, "") | G62: =SUM(Jul!G62, Aug!G62, Sep!G62) -> 20238.06 | H62: =SUM(Jul!H62, Aug!H62, Sep!H64) -> -2460.11 | I62: =IFERROR(H62/G62, "") -> -0.12155859
A63: Taft - Federal Prison | B63: CA | C63: =SUM(Jul!C63, Aug!C63, Sep!C65) -> 8481 | D63: =SUM(Jul!D63, Aug!D63, Sep!D65) -> 0 | E63: =IF(AND(ISNUMBER(C63),ISNUMBER(D63)), C63-D63, "") -> 8481 | F63: =IFERROR(E63/D63, "") | G63: =SUM(Jul!G63, Aug!G63, Sep!G63) -> 32520.79 | H63: =SUM(Jul!H63, Aug!H63, Sep!H65) -> -76788.87 | I63: =IFERROR(H63/G63, "") -> -2.361224
A64: Taft - Police Department | B64: CA | C64: =SUM(Jul!C64, Aug!C64, Sep!C66) -> 124962 | D64: =SUM(Jul!D64, Aug!D64, Sep!D66) -> 0 | E64: =IF(AND(ISNUMBER(C64),ISNUMBER(D64)), C64-D64, "") -> 124962 | F64: =IFERROR(E64/D64, "") | G64: =SUM(Jul!G64, Aug!G64, Sep!G66) -> 220597.41 | H64: =SUM(Jul!H64, Aug!H64, Sep!H66) -> -95635.41 | I64: =IFERROR(H64/G64, "") -> -0.43352916
A65: Taft - WTP | B65: CA | C65: =SUM(Jul!C65, Aug!C65, Sep!C67) -> 110217 | D65: =SUM(Jul!D65, Aug!D65, Sep!D67) -> 0 | E65: =IF(AND(ISNUMBER(C65),ISNUMBER(D65)), C65-D65, "") -> 110217 | F65: =IFERROR(E65/D65, "") | G65: =SUM(Jul!G65, Aug!G65, Sep!G67) -> 336377.28 | H65: =SUM(Jul!H65, Aug!H65, Sep!H67) -> -226160.28 | I65: =IFERROR(H65/G65, "") -> -0.67234113
A66: CDCR - CA Correctional Institution | B66: CA | C66: =SUM(Jul!C66, Aug!C66, Sep!C68) -> 33852 | D66: =SUM(Jul!D66, Aug!D66, Sep!D68) -> 0 | E66: =IF(AND(ISNUMBER(C66),ISNUMBER(D66)), C66-D66, "") -> 33852 | F66: =IFERROR(E66/D66, "") | G66: =SUM(Jul!G66, Aug!G66, Sep!G68) -> 54256.5 | H66: =SUM(Jul!H66, Aug!H66, Sep!H68) -> -20404.5 | I66: =IFERROR(H66/G66, "") -> -0.37607476
A67: CDCR - CA Correctional Institution II | B67: CA | C67: =SUM(Jul!C67, Aug!C67, Sep!#REF!) -> #REF! | D67: =SUM(Jul!D67, Aug!D67, Sep!#REF!) -> #REF! | E67: =IF(AND(ISNUMBER(C67),ISNUMBER(D67)), C67-D67, "") | F67: =IFERROR(E67/D67, "") | G67: =SUM(Jul!G67, Aug!G67, Sep!#REF!) -> #REF! | H67: =SUM(Jul!H67, Aug!H67, Sep!#REF!) -> #REF! | I67: =IFERROR(H67/G67, "")
A68: Snowline SD - Vista Verde ES | B68: CA | C68: =SUM(Jul!C68, Aug!C68, Sep!#REF!) -> #REF! | D68: =SUM(Jul!D68, Aug!D68, Sep!#REF!) -> #REF! | E68: =IF(AND(ISNUMBER(C68),ISNUMBER(D68)), C68-D68, "") | F68: =IFERROR(E68/D68, "") | G68: =SUM(Jul!G68, Aug!G68, Sep!#REF!) -> #REF! | H68: =SUM(Jul!H68, Aug!H68, Sep!#REF!) -> #REF! | I68: =IFERROR(H68/G68, "")

Sheet 4th Qtr
A1: {=portfolio} -> Silicon Ranch | D1: 4th Quarter Actual v. Expected | G1: 4th Quarter Actual v. Forecasted
A2: Total | C2: =SUM(C4:C100) -> 0 | D2: =SUM(D4:D100) -> 0 | E2: =C2-D2 -> 0 | F2: =IFERROR(E2/D2, 0) -> 0 | G2: =SUM(G4:G100) -> 0 | H2: =C2-G2 -> 0 | I2: =IFERROR(H2/G2, 0) -> 0
A3: Site | B3: State | C3: Actual | D3: Expected | E3: Delta | F3: % | G3: Forecasted | H3: Delta | I3: %
A4: {=Sites[Site]} -> Iron Mountain - Windsor | B4: {=Sites[State]} -> CT | C4: =SUM(Oct!C4, Nov!C4, Dec!C4) -> 0 | D4: =SUM(Oct!D4, Nov!D4, Dec!D4) -> 0 | E4: =IF(AND(ISNUMBER(C4),ISNUMBER(D4)), C4-D4, "") -> 0 | F4: =IFERROR(E4/D4, "") | H4: =SUM(Oct!H4, Nov!H4, Dec!H4) -> 0 | I4: =IFERROR(H4/G4, "")
A5: Kohls - Auburn | B5: NY | C5: =SUM(Oct!C5, Nov!C5, Dec!C5) -> 0 | D5: =SUM(Oct!D5, Nov!D5, Dec!D5) -> 0 | E5: =IF(AND(ISNUMBER(C5),ISNUMBER(D5)), C5-D5, "") -> 0 | F5: =IFERROR(E5/D5, "") | H5: =SUM(Oct!H5, Nov!H5, Dec!H5) -> 0 | I5: =IFERROR(H5/G5, "")
A6: Kohls - Bensalem | B6: PA | C6: =SUM(Oct!C6, Nov!C6, Dec!C6) -> 0 | D6: =SUM(Oct!D6, Nov!D6, Dec!D6) -> 0 | E6: =IF(AND(ISNUMBER(C6),ISNUMBER(D6)), C6-D6, "") -> 0 | F6: =IFERROR(E6/D6, "") | H6: =SUM(Oct!H6, Nov!H6, Dec!H6) -> 0 | I6: =IFERROR(H6/G6, "")
A7: Kohls - Brick | B7: NJ | C7: =SUM(Oct!C7, Nov!C7, Dec!C7) -> 0 | D7: =SUM(Oct!D7, Nov!D7, Dec!D7) -> 0 | E7: =IF(AND(ISNUMBER(C7),ISNUMBER(D7)), C7-D7, "") -> 0 | F7: =IFERROR(E7/D7, "") | H7: =SUM(Oct!H7, Nov!H7, Dec!H7) -> 0 | I7: =IFERROR(H7/G7, "")
A8: Kohls - Buffalo | B8: NY | C8: =SUM(Oct!C8, Nov!C8, Dec!C8) -> 0 | D8: =SUM(Oct!D8, Nov!D8, Dec!D8) -> 0 | E8: =IF(AND(ISNUMBER(C8),ISNUMBER(D8)), C8-D8, "") -> 0 | F8: =IFERROR(E8/D8, "") | H8: =SUM(Oct!H8, Nov!H8, Dec!H8) -> 0 | I8: =IFERROR(H8/G8, "")
A9: Kohls - Canton | B9: CT | C9: =SUM(Oct!C9, Nov!C9, Dec!C9) -> 0 | D9: =SUM(Oct!D9, Nov!D9, Dec!D9) -> 0 | E9: =IF(AND(ISNUMBER(C9),ISNUMBER(D9)), C9-D9, "") -> 0 | F9: =IFERROR(E9/D9, "") | H9: =SUM(Oct!H9, Nov!H9, Dec!H9) -> 0 | I9: =IFERROR(H9/G9, "")
A10: Kohls - East Amherst | B10: NY | C10: =SUM(Oct!C10, Nov!C10, Dec!C10) -> 0 | D10: =SUM(Oct!D10, Nov!D10, Dec!D10) -> 0 | E10: =IF(AND(ISNUMBER(C10),ISNUMBER(D10)), C10-D10, "") -> 0 | F10: =IFERROR(E10/D10, "") | H10: =SUM(Oct!H10, Nov!H10, Dec!H10) -> 0 | I10: =IFERROR(H10/G10, "")
A11: Kohls - East Brunswick | B11: NJ | C11: =SUM(Oct!C11, Nov!C11, Dec!C11) -> 0 | D11: =SUM(Oct!D11, Nov!D11, Dec!D11) -> 0 | E11: =IF(AND(ISNUMBER(C11),ISNUMBER(D11)), C11-D11, "") -> 0 | F11: =IFERROR(E11/D11, "") | H11: =SUM(Oct!H11, Nov!H11, Dec!H11) -> 0 | I11: =IFERROR(H11/G11, "")
A12: Kohls - Edgewood | B12: MD | C12: =SUM(Oct!C12, Nov!C12, Dec!C12) -> 0 | D12: =SUM(Oct!D12, Nov!D12, Dec!D12) -> 0 | E12: =IF(AND(ISNUMBER(C12),ISNUMBER(D12)), C12-D12, "") -> 0 | F12: =IFERROR(E12/D12, "") | H12: =SUM(Oct!H12, Nov!H12, Dec!H12) -> 0 | I12: =IFERROR(H12/G12, "")
A13: Kohls - Granite Run | B13: PA | C13: =SUM(Oct!C13, Nov!C13, Dec!C13) -> 0 | D13: =SUM(Oct!D13, Nov!D13, Dec!D13) -> 0 | E13: =IF(AND(ISNUMBER(C13),ISNUMBER(D13)), C13-D13, "") -> 0 | F13: =IFERROR(E13/D13, "") | H13: =SUM(Oct!H13, Nov!H13, Dec!H13) -> 0 | I13: =IFERROR(H13/G13, "")
A14: Kohls - Greece | B14: NY | C14: =SUM(Oct!C14, Nov!C14, Dec!C14) -> 0 | D14: =SUM(Oct!D14, Nov!D14, Dec!D14) -> 0 | E14: =IF(AND(ISNUMBER(C14),ISNUMBER(D14)), C14-D14, "") -> 0 | F14: =IFERROR(E14/D14, "") | H14: =SUM(Oct!H14, Nov!H14, Dec!H14) -> 0 | I14: =IFERROR(H14/G14, "")
A15: Kohls - Hanover | B15: PA | C15: =SUM(Oct!C15, Nov!C15, Dec!C15) -> 0 | D15: =SUM(Oct!D15, Nov!D15, Dec!D15) -> 0 | E15: =IF(AND(ISNUMBER(C15),ISNUMBER(D15)), C15-D15, "") -> 0 | F15: =IFERROR(E15/D15, "") | H15: =SUM(Oct!H15, Nov!H15, Dec!H15) -> 0 | I15: =IFERROR(H15/G15, "")
A16: Kohls - Horsehead | B16: NY | C16: =SUM(Oct!C16, Nov!C16, Dec!C16) -> 0 | D16: =SUM(Oct!D16, Nov!D16, Dec!D16) -> 0 | E16: =IF(AND(ISNUMBER(C16),ISNUMBER(D16)), C16-D16, "") -> 0 | F16: =IFERROR(E16/D16, "") | H16: =SUM(Oct!H16, Nov!H16, Dec!H16) -> 0 | I16: =IFERROR(H16/G16, "")
... A68: Snowline SD - Vista Verde ES | B68: CA | C68: =SUM(Oct!C68, Nov!C68, Dec!C68) -> 0 | D68: =SUM(Oct!D68, Nov!D68, Dec!D68) -> 0 | E68: =IF(AND(ISNUMBER(C68),ISNUMBER(D68)), C68-D68, "") -> 0 | F68: =IFERROR(E68/D68, "") | H68: =SUM(Oct!H68, Nov!H68, Dec!H68) -> 0 | I68: =IFERROR(H68/G68, "")

Sheet Jan
A1: {=portfolio} -> Silicon Ranch | D1: January Actual v. Expected | G1: January Actual v. Forecasted
A2: Total | C2: =SUM(C4:C99) -> 205652.6 | D2: =SUM(D4:D99) -> 0 | E2: =C2-D2 -> 205652.6 | F2: =IFERROR(E2/D2, 0) -> 0 | G2: =SUM(G4:G99) -> 444598.28 | H2: =C2-G2 -> -238945.68 | I2: =IFERROR(H2/G2, 0) -> -0.53744176 | J2: =IF(AND(TODAY()>DATE(2024, 1, 1), COUNTA(Sites[Site])<>(COUNT(C:C)-1)), "Some sites are missing actual data; if new sites were added, make sure they are aligned correctly (including prior months!)", "") -> Some sites are missing actual data; if new sites were added, make sure they are aligned correctly (including prior months!)
A3: Site | B3: State | C3: Actual | D3: Expected | E3: Delta | F3: % | G3: Forecasted | H3: Delta | I3: % | J3: Notes | K3: Service Requests
A4: {=Sites[Site]} -> Iron Mountain - Windsor | B4: {=Sites[State]} -> CT | C4: 6324 | D4: 0 | E4: =IF(AND(ISNUMBER(C4),ISNUMBER(D4)), C4-D4, "") -> 6324 | F4: =IFERROR(E4/D4, "") | G4: 13022.34 | H4: =IF(AND(ISNUMBER(C4),ISNUMBER(G4)), C4-G4, "") -> -6698.34 | I4: =IFERROR(H4/G4, "") -> -0.51437299
A5: Kohls - Auburn | B5: NY | C5: 4362 | D5: 0 | E5: =IF(AND(ISNUMBER(C5),ISNUMBER(D5)), C5-D5, "") -> 4362 | F5: =IFERROR(E5/D5, "") | G5: 4782 | H5: =IF(AND(ISNUMBER(C5),ISNUMBER(G5)), C5-G5, "") -> -420 | I5: =IFERROR(H5/G5, "") -> -0.08782936 | J5: 1. Site tripped offline due to a utility outage at 10pm on 01/09 and came back online at 3pm on 01/10. | K5: 1. SR080112
A6: Kohls - Bensalem | B6: PA | C6: 9630 | D6: 0 | E6: =IF(AND(ISNUMBER(C6),ISNUMBER(D6)), C6-D6, "") -> 9630 | F6: =IFERROR(E6/D6, "") | G6: 15754.4 | H6: =IF(AND(ISNUMBER(C6),ISNUMBER(G6)), C6-G6, "") -> -6124.4 | I6: =IFERROR(H6/G6, "") -> -0.38874219
A7: Kohls - Brick | B7: NJ | C7: 11393 | D7: 0 | E7: =IF(AND(ISNUMBER(C7),ISNUMBER(D7)), C7-D7, "") -> 11393 | F7: =IFERROR(E7/D7, "") | G7: 16696.5 | H7: =IF(AND(ISNUMBER(C7),ISNUMBER(G7)), C7-G7, "") -> -5303.5 | I7: =IFERROR(H7/G7, "") -> -0.31764142
A8: Kohls - Buffalo | B8: NY | C8: 3961 | D8: 0 | E8: =IF(AND(ISNUMBER(C8),ISNUMBER(D8)), C8-D8, "") -> 3961 | F8: =IFERROR(E8/D8, "") | G8: 8044.58 | H8: =IF(AND(ISNUMBER(C8),ISNUMBER(G8)), C8-G8, "") -> -4083.58 | I8: =IFERROR(H8/G8, "") -> -0.50761879
A9: Kohls - Canton | B9: CT | C9: 2979 | D9: 0 | E9: =IF(AND(ISNUMBER(C9),ISNUMBER(D9)), C9-D9, "") -> 2979 | F9: =IFERROR(E9/D9, "") | G9: 5837.36 | H9: =IF(AND(ISNUMBER(C9),ISNUMBER(G9)), C9-G9, "") -> -2858.36 | I9: =IFERROR(H9/G9, "") -> -0.48966656
A10: Kohls - East Amherst | B10: NY | C10: 2767 | D10: 0 | E10: =IF(AND(ISNUMBER(C10),ISNUMBER(D10)), C10-D10, "") -> 2767 | F10: =IFERROR(E10/D10, "") | G10: 8482.7 | H10: =IF(AND(ISNUMBER(C10),ISNUMBER(G10)), C10-G10, "") -> -5715.7 | I10: =IFERROR(H10/G10, "") -> -0.67380669
A11: Kohls - East Brunswick | B11: NJ | C11: 973 | D11: 0 | E11: =IF(AND(ISNUMBER(C11),ISNUMBER(D11)), C11-D11, "") -> 973 | F11: =IFERROR(E11/D11, "") | G11: 23294.45 | H11: =IF(AND(ISNUMBER(C11),ISNUMBER(G11)), C11-G11, "") -> -22321.45 | I11: =IFERROR(H11/G11, "") -> -0.95823039
A12: Kohls - Edgewood | B12: MD | C12: 71866 | D12: 0 | E12: =IF(AND(ISNUMBER(C12),ISNUMBER(D12)), C12-D12, "") -> 71866 | F12: =IFERROR(E12/D12, "") | G12: 136238.63 | H12: =IF(AND(ISNUMBER(C12),ISNUMBER(G12)), C12-G12, "") -> -64372.63 | I12: =IFERROR(H12/G12, "") -> -0.4724991 | J12: 1. Inverter 3 is offline from 01/01 to 01/03 | K12: 1. SR079771
A13: Kohls - Granite Run | B13: PA | C13: 9421 | D13: 0 | E13: =IF(AND(ISNUMBER(C13),ISNUMBER(D13)), C13-D13, "") -> 9421 | F13: =IFERROR(E13/D13, "") | G13: 16020.95 | H13: =IF(AND(ISNUMBER(C13),ISNUMBER(G13)), C13-G13, "") -> -6599.95 | I13: =IFERROR(H13/G13, "") -> -0.41195747
A14: Kohls - Greece | B14: NY | C14: 0 | D14: 0 | E14: =IF(AND(ISNUMBER(C14),ISNUMBER(D14)), C14-D14, "") -> 0 | F14: =IFERROR(E14/D14, "") | G14: 9424.18 | H14: =IF(AND(ISNUMBER(C14),ISNUMBER(G14)), C14-G14, "") -> -9424.18 | I14: =IFERROR(H14/G14, "") -> -1 | J14: 1. Site offline for module replacement work | K14: 1. SR078556
A15: Kohls - Hanover | B15: PA | C15: 11065 | D15: 0 | E15: =IF(AND(ISNUMBER(C15),ISNUMBER(D15)), C15-D15, "") -> 11065 | F15: =IFERROR(E15/D15, "") | G15: 18878.62 | H15: =IF(AND(ISNUMBER(C15),ISNUMBER(G15)), C15-G15, "") -> -7813.62 | I15: =IFERROR(H15/G15, "") -> -0.41388724
A16: Kohls - Horsehead | B16: NY | C16: 2351 | D16: 0 | E16: =IF(AND(ISNUMBER(C16),ISNUMBER(D16)), C16-D16, "") -> 2351 | F16: =IFERROR(E16/D16, "") | G16: 12770.65 | H16: =IF(AND(ISNUMBER(C16),ISNUMBER(G16)), C16-G16, "") -> -10419.65 | I16: =IFERROR(H16/G16, "") -> -0.815906 | J16: 1. Inverter is offline from 01/07 to 01/26 | K16: 1. SR080006
A17: Kohls - Hudson | B17: NY | C17: 197 | D17: 0 | E17: =IF(AND(ISNUMBER(C17),ISNUMBER(D17)), C17-D17, "") -> 197 | F17: =IFERROR(E17/D17, "") | G17: 12854.55 | H17: =IF(AND(ISNUMBER(C17),ISNUMBER(G17)), C17-G17, "") -> -12657.55 | I17: =IFERROR(H17/G17, "") -> -0.98467469 | J17: 1. Inverter is offline from 12/17 to 01/19. | K17: 1. SR079528
A18: Kohls - Ithaca | B18: NY | C18: 4385 | D18: 0 | E18: =IF(AND(ISNUMBER(C18),ISNUMBER(D18)), C18-D18, "") -> 4385 | F18: =IFERROR(E18/D18, "") | G18: 11913.06 | H18: =IF(AND(ISNUMBER(C18),ISNUMBER(G18)), C18-G18, "") -> -7528.06 | I18: =IFERROR(H18/G18, "") -> -0.63191657
A19: Kohls - Kingston | B19: NY | C19: 9244 | D19: 0 | E19: =IF(AND(ISNUMBER(C19),ISNUMBER(D19)), C19-D19, "") -> 9244 | F19: =IFERROR(E19/D19, "") | G19: 22381.27 | H19: =IF(AND(ISNUMBER(C19),ISNUMBER(G19)), C19-G19, "") -> -13137.27 | I19: =IFERROR(H19/G19, "") -> -0.58697607
A20: Kohls - Mechanicsburg | B20: PA | C20: 11788 | D20: 0 | E20: =IF(AND(ISNUMBER(C20),ISNUMBER(D20)), C20-D20, "") -> 11788 | F20: =IFERROR(E20/D20, "") | G20: 21618.64 | H20: =IF(AND(ISNUMBER(C20),ISNUMBER(G20)), C20-G20, "") -> -9830.64 | I20: =IFERROR(H20/G20, "") -> -0.45472981
A21: Kohls - Middletown | B21: NJ | C21: 15292 | D21: 0 | E21: =IF(AND(ISNUMBER(C21),ISNUMBER(D21)), C21-D21, "") -> 15292 | F21: =IFERROR(E21/D21, "") | G21: 29635.82 | H21: =IF(AND(ISNUMBER(C21),ISNUMBER(G21)), C21-G21, "") -> -14343.82 | I21: =IFERROR(H21/G21, "") -> -0.4840028 | J21: 1. Inverter 1 multiple times tripped offline | K21: 1. SR079062
A22: Kohls - North Amherst | B22: NY | C22: 2846 | D22: 0 | E22: =IF(AND(ISNUMBER(C22),ISNUMBER(D22)), C22-D22, "") -> 2846 | F22: =IFERROR(E22/D22, "") | G22: 6525.15 | H22: =IF(AND(ISNUMBER(C22),ISNUMBER(G22)), C22-G22, "") -> -3679.15 | I22: =IFERROR(H22/G22, "") -> -0.56384144
A23: Kohls - Staten Island | B23: NY | C23: 8661.6 | D23: 0 | E23: =IF(AND(ISNUMBER(C23),ISNUMBER(D23)), C23-D23, "") -> 8661.6 | F23: =IFERROR(E23/D23, "") | G23: 15476.69 | H23: =IF(AND(ISNUMBER(C23),ISNUMBER(G23)), C23-G23, "") -> -6815.09 | I23: =IFERROR(H23/G23, "") -> -0.44034545
A24: Kohls - Warminster | B24: PA | C24: 7770 | D24: 0 | E24: =IF(AND(ISNUMBER(C24),ISNUMBER(D24)), C24-D24, "") -> 7770 | F24: =IFERROR(E24/D24, "") | G24: 19541.34 | H24: =IF(AND(ISNUMBER(C24),ISNUMBER(G24)), C24-G24, "") -> -11771.34 | I24: =IFERROR(H24/G24, "") -> -0.60238141 | J24: 1. Inverter is frequentley offline & reporting "AC current Imbalance". | K24: 1. SR078291
A25: Kohls - Waterbury | B25: CT | C25: 8377 | D25: 0 | E25: =IF(AND(ISNUMBER(C25),ISNUMBER(D25)), C25-D25, "") -> 8377 | F25: =IFERROR(E25/D25, "") | G25: 15404.4 | H25: =IF(AND(ISNUMBER(C25),ISNUMBER(G25)), C25-G25, "") -> -7027.4 | I25: =IFERROR(H25/G25, "") -> -0.45619433
A26: Mojave Water Agency - Headquarters | B26: CA | E26: =IF(AND(ISNUMBER(C26),ISNUMBER(D26)), C26-D26, "") | F26: =IFERROR(E26/D26, "") | H26: =IF(AND(ISNUMBER(C26),ISNUMBER(G26)), C26-G26, "") | I26: =IFERROR(H26/G26, "")
A27: CSU - Bakersfield | B27: CA | E27: =IF(AND(ISNUMBER(C27),ISNUMBER(D27)), C27-D27, "") | F27: =IFERROR(E27/D27, "") | H27: =IF(AND(ISNUMBER(C27),ISNUMBER(G27)), C27-G27, "") | I27: =IFERROR(H27/G27, "")
A28: Greenfield USD - Fairfield ES | B28: CA | E28: =IF(AND(ISNUMBER(C28),ISNUMBER(D28)), C28-D28, "") | F28: =IFERROR(E28/D28, "") | H28: =IF(AND(ISNUMBER(C28),ISNUMBER(G28)), C28-G28, "") | I28: =IFERROR(H28/G28, "")
A29: Greenfield USD - Granite Point ES | B29: CA | E29: =IF(AND(ISNUMBER(C29),ISNUMBER(D29)), C29-D29, "") | F29: =IFERROR(E29/D29, "") | H29: =IF(AND(ISNUMBER(C29),ISNUMBER(G29)), C29-G29, "") | I29: =IFERROR(H29/G29, "")
A30: Greenfield USD - Greenfield MS | B30: CA | E30: =IF(AND(ISNUMBER(C30),ISNUMBER(D30)), C30-D30, "") | F30: =IFERROR(E30/D30, "") | H30: =IF(AND(ISNUMBER(C30),ISNUMBER(G30)), C30-G30, "") | I30: =IFERROR(H30/G30, "")
A31: Greenfield USD - Horizon ES | B31: CA | E31: =IF(AND(ISNUMBER(C31),ISNUMBER(D31)), C31-D31, "") | F31: =IFERROR(E31/D31, "") | H31: =IF(AND(ISNUMBER(C31),ISNUMBER(G31)), C31-G31, "") | I31: =IFERROR(H31/G31, "")
A32: Greenfield USD - McKee MS | B32: CA | E32: =IF(AND(ISNUMBER(C32),ISNUMBER(D32)), C32-D32, "") | F32: =IFERROR(E32/D32, "") | H32: =IF(AND(ISNUMBER(C32),ISNUMBER(G32)), C32-G32, "") | I32: =IFERROR(H32/G32, "")
A33: Greenfield USD - Plantation ES | B33: CA | E33: =IF(AND(ISNUMBER(C33),ISNUMBER(D33)), C33-D33, "") | F33: =IFERROR(E33/D33, "") | H33: =IF(AND(ISNUMBER(C33),ISNUMBER(G33)), C33-G33, "") | I33: =IFERROR(H33/G33, "")
A34: Greenfield USD - Planz ES | B34: CA | E34: =IF(AND(ISNUMBER(C34),ISNUMBER(D34)), C34-D34, "") | F34: =IFERROR(E34/D34, "") | H34: =IF(AND(ISNUMBER(C34),ISNUMBER(G34)), C34-G34, "") | I34: =IFERROR(H34/G34, "")
A35: Greenfield USD - Raffaello Palla ES | B35: CA | E35: =IF(AND(ISNUMBER(C35),ISNUMBER(D35)), C35-D35, "") | F35: =IFERROR(E35/D35, "") | H35: =IF(AND(ISNUMBER(C35),ISNUMBER(G35)), C35-G35, "") | I35: =IFERROR(H35/G35, "")
A36: Greenfield USD - Valle Verde ES | B36: CA | E36: =IF(AND(ISNUMBER(C36),ISNUMBER(D36)), C36-D36, "") | F36: =IFERROR(E36/D36, "") | H36: =IF(AND(ISNUMBER(C36),ISNUMBER(G36)), C36-G36, "") | I36: =IFERROR(H36/G36, "")
A37: Greenfield USD - W.A. Kendrick ES | B37: CA | E37: =IF(AND(ISNUMBER(C37),ISNUMBER(D37)), C37-D37, "") | F37: =IFERROR(E37/D37, "") | H37: =IF(AND(ISNUMBER(C37),ISNUMBER(G37)), C37-G37, "") | I37: =IFERROR(H37/G37, "")
... A68: Snowline SD - Vista Verde ES | B68: CA | E68: =IF(AND(ISNUMBER(C68),ISNUMBER(D68)), C68-D68, "") | F68: =IFERROR(E68/D68, "") | H68: =IF(AND(ISNUMBER(C68),ISNUMBER(G68)), C68-G68, "") | I68: =IFERROR(H68/G68, "")

Sheet Feb
A1: {=portfolio} -> Silicon Ranch | D1: February Actual v. Expected | G1: February Actual v. Forecasted
A2: Total | C2: =SUM(C4:C100) -> 603167.75 | D2: =SUM(D4:D100) -> 0 | E2: =C2-D2 -> 603167.75 | F2: =IFERROR(E2/D2, 0) -> 0 | G2: =SUM(G4:G100) -> 584890.32 | H2: =C2-G2 -> 18277.43 | I2: =IFERROR(H2/G2, 0) -> 0.031249329 | J2: =IF(AND(TODAY()>DATE(2024, 2, 1), COUNTA(Sites[Site])<>(COUNT(C:C)-1)), "Some sites are missing actual data; if new sites were added, make sure they are aligned correctly (including prior months!)", "") -> Some sites are missing actual data; if new sites were added, make sure they are aligned correctly (including prior months!)
A3: Site | B3: State | C3: Actual | D3: Expected | E3: Delta | F3: % | G3: Forecasted | H3: Delta | I3: % | J3: Notes | K3: Service Requests
A4: {=Sites[Site]} -> Iron Mountain - Windsor | B4: {=Sites[State]} -> CT | C4: 16946.75 | D4: 0 | E4: =IF(AND(ISNUMBER(C4),ISNUMBER(D4)), C4-D4, "") -> 16946.75 | F4: =IFERROR(E4/D4, "") | G4: 19218 | H4: =IF(AND(ISNUMBER(C4),ISNUMBER(G4)), C4-G4, "") -> -2271.25 | I4: =IFERROR(H4/G4, "") -> -0.11818347
A5: Kohls - Auburn | B5: NY | C5: 17104 | D5: 0 | E5: =IF(AND(ISNUMBER(C5),ISNUMBER(D5)), C5-D5, "") -> 17104 | F5: =IFERROR(E5/D5, "") | G5: 10813.11 | H5: =IF(AND(ISNUMBER(C5),ISNUMBER(G5)), C5-G5, "") -> 6290.89 | I5: =IFERROR(H5/G5, "") -> 0.58178359
A6: Kohls - Bensalem | B6: PA | C6: 24318 | D6: 0 | E6: =IF(AND(ISNUMBER(C6),ISNUMBER(D6)), C6-D6, "") -> 24318 | F6: =IFERROR(E6/D6, "") | G6: 20009.19 | H6: =IF(AND(ISNUMBER(C6),ISNUMBER(G6)), C6-G6, "") -> 4308.81 | I6: =IFERROR(H6/G6, "") -> 0.21534155
A7: Kohls - Brick | B7: NJ | C7: 26352 | D7: 0 | E7: =IF(AND(ISNUMBER(C7),ISNUMBER(D7)), C7-D7, "") -> 26352 | F7: =IFERROR(E7/D7, "") | G7: 22735.46 | H7: =IF(AND(ISNUMBER(C7),ISNUMBER(G7)), C7-G7, "") -> 3616.54 | I7: =IFERROR(H7/G7, "") -> 0.15907046
A8: Kohls - Buffalo | B8: NY | C8: 21121 | D8: 0 | E8: =IF(AND(ISNUMBER(C8),ISNUMBER(D8)), C8-D8, "") -> 21121 | F8: =IFERROR(E8/D8, "") | G8: 15492.57 | H8: =IF(AND(ISNUMBER(C8),ISNUMBER(G8)), C8-G8, "") -> 5628.43 | I8: =IFERROR(H8/G8, "") -> 0.36329867 | J8: 1. Inverter 7 offline due to "Grid Contactor Open from 02/19 to 02/29 | K8: 1. SR081105
A9: Kohls - Canton | B9: CT | C9: 8146 | D9: 0 | E9: =IF(AND(ISNUMBER(C9),ISNUMBER(D9)), C9-D9, "") -> 8146 | F9: =IFERROR(E9/D9, "") | G9: 7037.82 | H9: =IF(AND(ISNUMBER(C9),ISNUMBER(G9)), C9-G9, "") -> 1108.18 | I9: =IFERROR(H9/G9, "") -> 0.15746069
A10: Kohls - East Amherst | B10: NY | C10: 20665 | D10: 0 | E10: =IF(AND(ISNUMBER(C10),ISNUMBER(D10)), C10-D10, "") -> 20665 | F10: =IFERROR(E10/D10, "") | G10: 14355.33 | H10: =IF(AND(ISNUMBER(C10),ISNUMBER(G10)), C10-G10, "") -> 6309.67 | I10: =IFERROR(H10/G10, "") -> 0.439535
A11: Kohls - East Brunswick | B11: NJ | C11: 31269 | D11: 0 | E11: =IF(AND(ISNUMBER(C11),ISNUMBER(D11)), C11-D11, "") -> 31269 | F11: =IFERROR(E11/D11, "") | G11: 30992.07 | H11: =IF(AND(ISNUMBER(C11),ISNUMBER(G11)), C11-G11, "") -> 276.93 | I11: =IFERROR(H11/G11, "") -> 0.0089355116
A12: Kohls - Edgewood | B12: MD | C12: 184974 | D12: 0 | E12: =IF(AND(ISNUMBER(C12),ISNUMBER(D12)), C12-D12, "") -> 184974 | F12: =IFERROR(E12/D12, "") | G12: 169384.2 | H12: =IF(AND(ISNUMBER(C12),ISNUMBER(G12)), C12-G12, "") -> 15589.8 | I12: =IFERROR(H12/G12, "") -> 0.0920381
A13: Kohls - Granite Run | B13: PA | C13: 22487 | D13: 0 | E13: =IF(AND(ISNUMBER(C13),ISNUMBER(D13)), C13-D13, "") -> 22487 | F13: =IFERROR(E13/D13, "") | G13: 20204.97 | H13: =IF(AND(ISNUMBER(C13),ISNUMBER(G13)), C13-G13, "") -> 2282.03 | I13: =IFERROR(H13/G13, "") -> 0.11294399
A14: Kohls - Greece | B14: NY | C14: 16874 | D14: 0 | E14: =IF(AND(ISNUMBER(C14),ISNUMBER(D14)), C14-D14, "") -> 16874 | F14: =IFERROR(E14/D14, "") | G14: 14942.59 | H14: =IF(AND(ISNUMBER(C14),ISNUMBER(G14)), C14-G14, "") -> 1931.41 | I14: =IFERROR(H14/G14, "") -> 0.12925537
A15: Kohls - Hanover | B15: PA | C15: 26512 | D15: 0 | E15: =IF(AND(ISNUMBER(C15),ISNUMBER(D15)), C15-D15, "") -> 26512 | F15: =IFERROR(E15/D15, "") | G15: 22444.04 | H15: =IF(AND(ISNUMBER(C15),ISNUMBER(G15)), C15-G15, "") -> 4067.96 | I15: =IFERROR(H15/G15, "") -> 0.18124901
A16: Kohls - Horsehead | B16: NY | C16: 18647 | D16: 0 | E16: =IF(AND(ISNUMBER(C16),ISNUMBER(D16)), C16-D16, "") -> 18647 | F16: =IFERROR(E16/D16, "") | G16: 16126.44 | H16: =IF(AND(ISNUMBER(C16),ISNUMBER(G16)), C16-G16, "") -> 2520.56 | I16: =IFERROR(H16/G16, "") -> 0.15629984
A17: Kohls - Hudson | B17: NY | C17: 6932 | D17: 0 | E17: =IF(AND(ISNUMBER(C17),ISNUMBER(D17)), C17-D17, "") -> 6932 | F17: =IFERROR(E17/D17, "") | G17: 18708.54 | H17: =IF(AND(ISNUMBER(C17),ISNUMBER(G17)), C17-G17, "") -> -11776.54 | I17: =IFERROR(H17/G17, "") -> -0.62947403
A18: Kohls - Ithaca | B18: NY | C18: 16819 | D18: 0 | E18: =IF(AND(ISNUMBER(C18),ISNUMBER(D18)), C18-D18, "") -> 16819 | F18: =IFERROR(E18/D18, "") | G18: 17888.23 | H18: =IF(AND(ISNUMBER(C18),ISNUMBER(G18)), C18-G18, "") -> -1069.23 | I18: =IFERROR(H18/G18, "") -> -0.059772823
A19: Kohls - Kingston | B19: NY | C19: 35496 | D19: 0 | E19: =IF(AND(ISNUMBER(C19),ISNUMBER(D19)), C19-D19, "") -> 35496 | F19: =IFERROR(E19/D19, "") | G19: 24776.93 | H19: =IF(AND(ISNUMBER(C19),ISNUMBER(G19)), C19-G19, "") -> 10719.07 | I19: =IFERROR(H19/G19, "") -> 0.43262301
A20: Kohls - Mechanicsburg | B20: PA | C20: 30051 | D20: 0 | E20: =IF(AND(ISNUMBER(C20),ISNUMBER(D20)), C20-D20, "") -> 30051 | F20: =IFERROR(E20/D20, "") | G20: 25384.43 | H20: =IF(AND(ISNUMBER(C20),ISNUMBER(G20)), C20-G20, "") -> 4666.57 | I20: =IFERROR(H20/G20, "") -> 0.18383592
A21: Kohls - Middletown | B21: NJ | C21: 15419 | D21: 0 | E21: =IF(AND(ISNUMBER(C21),ISNUMBER(D21)), C21-D21, "") -> 15419 | F21: =IFERROR(E21/D21, "") | G21: 36407.89 | H21: =IF(AND(ISNUMBER(C21),ISNUMBER(G21)), C21-G21, "") -> -20988.89 | I21: =IFERROR(H21/G21, "") -> -0.5764929 | J21: 1. Inverter tripping offline and reporting "Coolant temperature" for multiple days | K21: 1. SR080696
A22: Kohls - North Amherst | B22: NY | C22: 15228 | D22: 0 | E22: =IF(AND(ISNUMBER(C22),ISNUMBER(D22)), C22-D22, "") -> 15228 | F22: =IFERROR(E22/D22, "") | G22: 12491 | H22: =IF(AND(ISNUMBER(C22),ISNUMBER(G22)), C22-G22, "") -> 2737 | I22: =IFERROR(H22/G22, "") -> 0.21911776
A23: Kohls - Staten Island | B23: NY | C23: 19596 | D23: 0 | E23: =IF(AND(ISNUMBER(C23),ISNUMBER(D23)), C23-D23, "") -> 19596 | F23: =IFERROR(E23/D23, "") | G23: 21345.24 | H23: =IF(AND(ISNUMBER(C23),ISNUMBER(G23)), C23-G23, "") -> -1749.24 | I23: =IFERROR(H23/G23, "") -> -0.081949887
A24: Kohls - Warminster | B24: PA | C24: 8422 | D24: 0 | E24: =IF(AND(ISNUMBER(C24),ISNUMBER(D24)), C24-D24, "") -> 8422 | F24: =IFERROR(E24/D24, "") | G24: 24631.64 | H24: =IF(AND(ISNUMBER(C24),ISNUMBER(G24)), C24-G24, "") -> -16209.64 | I24: =IFERROR(H24/G24, "") -> -0.65808204
A25: Kohls - Waterbury | B25: CT | C25: 19789 | D25: 0 | E25: =IF(AND(ISNUMBER(C25),ISNUMBER(D25)), C25-D25, "") -> 19789 | F25: =IFERROR(E25/D25, "") | G25: 19500.63 | H25: =IF(AND(ISNUMBER(C25),ISNUMBER(G25)), C25-G25, "") -> 288.37 | I25: =IFERROR(H25/G25, "") -> 0.014787727
A26: Mojave Water Agency - Headquarters | B26: CA | E26: =IF(AND(ISNUMBER(C26),ISNUMBER(D26)), C26-D26, "") | F26: =IFERROR(E26/D26, "") | H26: =IF(AND(ISNUMBER(C26),ISNUMBER(G26)), C26-G26, "") | I26: =IFERROR(H26/G26, "")
A27: CSU - Bakersfield | B27: CA | E27: =IF(AND(ISNUMBER(C27),ISNUMBER(D27)), C27-D27, "") | F27: =IFERROR(E27/D27, "") | H27: =IF(AND(ISNUMBER(C27),ISNUMBER(G27)), C27-G27, "") | I27: =IFERROR(H27/G27, "")
A28: Greenfield USD - Fairfield ES | B28: CA | E28: =IF(AND(ISNUMBER(C28),ISNUMBER(D28)), C28-D28, "") | F28: =IFERROR(E28/D28, "") | H28: =IF(AND(ISNUMBER(C28),ISNUMBER(G28)), C28-G28, "") | I28: =IFERROR(H28/G28, "")
A29: Greenfield USD - Granite Point ES | B29: CA | E29: =IF(AND(ISNUMBER(C29),ISNUMBER(D29)), C29-D29, "") | F29: =IFERROR(E29/D29, "") | H29: =IF(AND(ISNUMBER(C29),ISNUMBER(G29)), C29-G29, "") | I29: =IFERROR(H29/G29, "")
A30: Greenfield USD - Greenfield MS | B30: CA | E30: =IF(AND(ISNUMBER(C30),ISNUMBER(D30)), C30-D30, "") | F30: =IFERROR(E30/D30, "") | H30: =IF(AND(ISNUMBER(C30),ISNUMBER(G30)), C30-G30, "") | I30: =IFERROR(H30/G30, "")
A31: Greenfield USD - Horizon ES | B31: CA | E31: =IF(AND(ISNUMBER(C31),ISNUMBER(D31)), C31-D31, "") | F31: =IFERROR(E31/D31, "") | H31: =IF(AND(ISNUMBER(C31),ISNUMBER(G31)), C31-G31, "") | I31: =IFERROR(H31/G31, "")
A32: Greenfield USD - McKee MS | B32: CA | E32: =IF(AND(ISNUMBER(C32),ISNUMBER(D32)), C32-D32, "") | F32: =IFERROR(E32/D32, "") | H32: =IF(AND(ISNUMBER(C32),ISNUMBER(G32)), C32-G32, "") | I32: =IFERROR(H32/G32, "")
A33: Greenfield USD - Plantation ES | B33: CA | E33: =IF(AND(ISNUMBER(C33),ISNUMBER(D33)), C33-D33, "") | F33: =IFERROR(E33/D33, "") | H33: =IF(AND(ISNUMBER(C33),ISNUMBER(G33)), C33-G33, "") | I33: =IFERROR(H33/G33, "")
A34: Greenfield USD - Planz ES | B34: CA | E34: =IF(AND(ISNUMBER(C34),ISNUMBER(D34)), C34-D34, "") | F34: =IFERROR(E34/D34, "") | H34: =IF(AND(ISNUMBER(C34),ISNUMBER(G34)), C34-G34, "") | I34: =IFERROR(H34/G34, "")
A35: Greenfield USD - Raffaello Palla ES | B35: CA | E35: =IF(AND(ISNUMBER(C35),ISNUMBER(D35)), C35-D35, "") | F35: =IFERROR(E35/D35, "") | H35: =IF(AND(ISNUMBER(C35),ISNUMBER(G35)), C35-G35, "") | I35: =IFERROR(H35/G35, "")
A36: Greenfield USD - Valle Verde ES | B36: CA | E36: =IF(AND(ISNUMBER(C36),ISNUMBER(D36)), C36-D36, "") | F36: =IFERROR(E36/D36, "") | H36: =IF(AND(ISNUMBER(C36),ISNUMBER(G36)), C36-G36, "") | I36: =IFERROR(H36/G36, "")
A37: Greenfield USD - W.A. Kendrick ES | B37: CA | E37: =IF(AND(ISNUMBER(C37),ISNUMBER(D37)), C37-D37, "") | F37: =IFERROR(E37/D37, "") | H37: =IF(AND(ISNUMBER(C37),ISNUMBER(G37)), C37-G37, "") | I37: =IFERROR(H37/G37, "")
... A68: Snowline SD - Vista Verde ES | B68: CA | E68: =IF(AND(ISNUMBER(C68),ISNUMBER(D68)), C68-D68, "") | F68: =IFERROR(E68/D68, "") | H68: =IF(AND(ISNUMBER(C68),ISNUMBER(G68)), C68-G68, "") | I68: =IFERROR(H68/G68, "")

Sheet Mar
A1: {=portfolio} -> Silicon Ranch | D1: March Actual v. Expected | G1: March Actual v. Forecasted
A2: Total | C2: =SUM(C4:C100) -> 802214 | D2: =SUM(D4:D100) -> 0 | E2: =C2-D2 -> 802214 | F2: =IFERROR(E2/D2, 0) -> 0 | G2: =SUM(G4:G100) -> 897139.91 | H2: =C2-G2 -> -94925.909 | I2: =IFERROR(H2/G2, 0) -> -0.10580948 | J2: =IF(AND(TODAY()>DATE(2024, 3, 1), COUNTA(Sites[Site])<>(COUNT(C:C)-1)), "Some sites are missing actual data; if new sites were added, make sure they are aligned correctly (including prior months!)", "") -> Some sites are missing actual data; if new sites were added, make sure they are aligned correctly (including prior months!)
A3: Site | B3: State | C3: Actual | D3: Expected | E3: Delta | F3: % | G3: Forecasted | H3: Delta | I3: % | J3: Notes | K3: Service Requests
A4: {=Sites[Site]} -> Iron Mountain - Windsor | B4: {=Sites[State]} -> CT | C4: 26650 | D4: 0 | E4: =IF(AND(ISNUMBER(C4),ISNUMBER(D4)), C4-D4, "") -> 26650 | F4: =IFERROR(E4/D4, "") | G4: 25065.9 | H4: =IF(AND(ISNUMBER(C4),ISNUMBER(G4)), C4-G4, "") -> 1584.1 | I4: =IFERROR(H4/G4, "") -> 0.063197412
A5: Kohls - Auburn | B5: NY | C5: 23334 | D5: 0 | E5: =IF(AND(ISNUMBER(C5),ISNUMBER(D5)), C5-D5, "") -> 23334 | F5: =IFERROR(E5/D5, "") | G5: 23816.8 | H5: =IF(AND(ISNUMBER(C5),ISNUMBER(G5)), C5-G5, "") -> -482.8 | I5: =IFERROR(H5/G5, "") -> -0.020271405
A6: Kohls - Bensalem | B6: PA | C6: 32980 | D6: 0 | E6: =IF(AND(ISNUMBER(C6),ISNUMBER(D6)), C6-D6, "") -> 32980 | F6: =IFERROR(E6/D6, "") | G6: 29898.43 | H6: =IF(AND(ISNUMBER(C6),ISNUMBER(G6)), C6-G6, "") -> 3081.57 | I6: =IFERROR(H6/G6, "") -> 0.10306795
A7: Kohls - Brick | B7: NJ | C7: 36345 | D7: 0 | E7: =IF(AND(ISNUMBER(C7),ISNUMBER(D7)), C7-D7, "") -> 36345 | F7: =IFERROR(E7/D7, "") | G7: 35848.9 | H7: =IF(AND(ISNUMBER(C7),ISNUMBER(G7)), C7-G7, "") -> 496.1 | I7: =IFERROR(H7/G7, "") -> 0.013838639
A8: Kohls - Buffalo | B8: NY | C8: 28827 | D8: 0 | E8: =IF(AND(ISNUMBER(C8),ISNUMBER(D8)), C8-D8, "") -> 28827 | F8: =IFERROR(E8/D8, "") | G8: 31190.22 | H8: =IF(AND(ISNUMBER(C8),ISNUMBER(G8)), C8-G8, "") -> -2363.22 | I8: =IFERROR(H8/G8, "") -> -0.075767981
A9: Kohls - Canton | B9: CT | C9: 13440 | D9: 0 | E9: =IF(AND(ISNUMBER(C9),ISNUMBER(D9)), C9-D9, "") -> 13440 | F9: =IFERROR(E9/D9, "") | G9: 11179.87 | H9: =IF(AND(ISNUMBER(C9),ISNUMBER(G9)), C9-G9, "") -> 2260.13 | I9: =IFERROR(H9/G9, "") -> 0.20216067
A10: Kohls - East Amherst | B10: NY | C10: 25808 | D10: 0 | E10: =IF(AND(ISNUMBER(C10),ISNUMBER(D10)), C10-D10, "") -> 25808 | F10: =IFERROR(E10/D10, "") | G10: 28710.66 | H10: =IF(AND(ISNUMBER(C10),ISNUMBER(G10)), C10-G10, "") -> -2902.66 | I10: =IFERROR(H10/G10, "") -> -0.10110043
A11: Kohls - East Brunswick | B11: NJ | C11: 47751 | D11: 0 | E11: =IF(AND(ISNUMBER(C11),ISNUMBER(D11)), C11-D11, "") -> 47751 | F11: =IFERROR(E11/D11, "") | G11: 46158.2 | H11: =IF(AND(ISNUMBER(C11),ISNUMBER(G11)), C11-G11, "") -> 1592.8 | I11: =IFERROR(H11/G11, "") -> 0.034507411
A12: Kohls - Edgewood | B12: MD | C12: 232222 | D12: 0 | E12: =IF(AND(ISNUMBER(C12),ISNUMBER(D12)), C12-D12, "") -> 232222 | F12: =IFERROR(E12/D12, "") | G12: 239043.04 | H12: =IF(AND(ISNUMBER(C12),ISNUMBER(G12)), C12-G12, "") -> -6821.04 | I12: =IFERROR(H12/G12, "") -> -0.028534778
A13: Kohls - Granite Run | B13: PA | C13: 31741 | D13: 0 | E13: =IF(AND(ISNUMBER(C13),ISNUMBER(D13)), C13-D13, "") -> 31741 | F13: =IFERROR(E13/D13, "") | G13: 29491.24 | H13: =IF(AND(ISNUMBER(C13),ISNUMBER(G13)), C13-G13, "") -> 2249.76 | I13: =IFERROR(H13/G13, "") -> 0.076285704
A14: Kohls - Greece | B14: NY | C14: 23984 | D14: 0 | E14: =IF(AND(ISNUMBER(C14),ISNUMBER(D14)), C14-D14, "") -> 23984 | F14: =IFERROR(E14/D14, "") | G14: 27592.06 | H14: =IF(AND(ISNUMBER(C14),ISNUMBER(G14)), C14-G14, "") -> -3608.06 | I14: =IFERROR(H14/G14, "") -> -0.13076443
A15: Kohls - Hanover | B15: PA | C15: 26616 | D15: 0 | E15: =IF(AND(ISNUMBER(C15),ISNUMBER(D15)), C15-D15, "") -> 26616 | F15: =IFERROR(E15/D15, "") | G15: 32416.01 | H15: =IF(AND(ISNUMBER(C15),ISNUMBER(G15)), C15-G15, "") -> -5800.01 | I15: =IFERROR(H15/G15, "") -> -0.17892424
A16: Kohls - Horsehead | B16: NY | C16: 23060 | D16: 0 | E16: =IF(AND(ISNUMBER(C16),ISNUMBER(D16)), C16-D16, "") -> 23060 | F16: =IFERROR(E16/D16, "") | G16: 24888.79 | H16: =IF(AND(ISNUMBER(C16),ISNUMBER(G16)), C16-G16, "") -> -1828.79 | I16: =IFERROR(H16/G16, "") -> -0.073478462
... A20: Kohls - Mechanicsburg | B20: PA | C20: 41788 | D20: 0 | E20: =IF(AND(ISNUMBER(C20),ISNUMBER(D20)), C20-D20, "") -> 41788 | F20: =IFERROR(E20/D20, "") | G20: 37445.65 | H20: =IF(AND(ISNUMBER(C20),ISNUMBER(G20)), C20-G20, "") -> 4342.35 | I20: =IFERROR(H20/G20, "") -> 0.11596407
A21: Kohls - Middletown | B21: NJ | C21: 0 | D21: 0 | E21: =IF(AND(ISNUMBER(C21),ISNUMBER(D21)), C21-D21, "") -> 0 | F21: =IFERROR(E21/D21, "") | G21: 53012.75 | H21: =IF(AND(ISNUMBER(C21),ISNUMBER(G21)), C21-G21, "") -> -53012.75 | I21: =IFERROR(H21/G21, "") -> -1 | J21: 1. Inverter is offline throughout the month. | K21: 1. SR080696
A22: Kohls - North Amherst | B22: NY | C22: 19697 | D22: 0 | E22: =IF(AND(ISNUMBER(C22),ISNUMBER(D22)), C22-D22, "") -> 19697 | F22: =IFERROR(E22/D22, "") | G22: 25541.3 | H22: =IF(AND(ISNUMBER(C22),ISNUMBER(G22)), C22-G22, "") -> -5844.3 | I22: =IFERROR(H22/G22, "") -> -0.22881764
A23: Kohls - Staten Island | B23: NY | C23: 31680 | D23: 0 | E23: =IF(AND(ISNUMBER(C23),ISNUMBER(D23)), C23-D23, "") -> 31680 | F23: =IFERROR(E23/D23, "") | G23: 32036.37 | H23: =IF(AND(ISNUMBER(C23),ISNUMBER(G23)), C23-G23, "") -> -356.37 | I23: =IFERROR(H23/G23, "") -> -0.011123919
A24: Kohls - Warminster | B24: PA | C24: 24283 | D24: 0 | E24: =IF(AND(ISNUMBER(C24),ISNUMBER(D24)), C24-D24, "") -> 24283 | F24: =IFERROR(E24/D24, "") | G24: 36579.8 | H24: =IF(AND(ISNUMBER(C24),ISNUMBER(G24)), C24-G24, "") -> -12296.8 | I24: =IFERROR(H24/G24, "") -> -0.33616368 | J24: 1. Inverter was offline for multiple days. | K24: 1.SR078291
A25: Kohls - Waterbury | B25: CT | C25: 33274 | D25: 0 | E25: =IF(AND(ISNUMBER(C25),ISNUMBER(D25)), C25-D25, "") -> 33274 | F25: =IFERROR(E25/D25, "") | G25: 28563.65 | H25: =IF(AND(ISNUMBER(C25),ISNUMBER(G25)), C25-G25, "") -> 4710.35 | I25: =IFERROR(H25/G25, "") -> 0.16490715
A26: Mojave Water Agency - Headquarters | B26: CA | E26: =IF(AND(ISNUMBER(C26),ISNUMBER(D26)), C26-D26, "") | F26: =IFERROR(E26/D26, "") | H26: =IF(AND(ISNUMBER(C26),ISNUMBER(G26)), C26-G26, "") | I26: =IFERROR(H26/G26, "")
A27: CSU - Bakersfield | B27: CA | E27: =IF(AND(ISNUMBER(C27),ISNUMBER(D27)), C27-D27, "") | F27: =IFERROR(E27/D27, "") | H27: =IF(AND(ISNUMBER(C27),ISNUMBER(G27)), C27-G27, "") | I27: =IFERROR(H27/G27, "")
A28: Greenfield USD - Fairfield ES | B28: CA | E28: =IF(AND(ISNUMBER(C28),ISNUMBER(D28)), C28-D28, "") | F28: =IFERROR(E28/D28, "") | H28: =IF(AND(ISNUMBER(C28),ISNUMBER(G28)), C28-G28, "") | I28: =IFERROR(H28/G28, "")
A29: Greenfield USD - Granite Point ES | B29: CA | E29: =IF(AND(ISNUMBER(C29),ISNUMBER(D29)), C29-D29, "") | F29: =IFERROR(E29/D29, "") | H29: =IF(AND(ISNUMBER(C29),ISNUMBER(G29)), C29-G29, "") | I29: =IFERROR(H29/G29, "")
A30: Greenfield USD - Greenfield MS | B30: CA | E30: =IF(AND(ISNUMBER(C30),ISNUMBER(D30)), C30-D30, "") | F30: =IFERROR(E30/D30, "") | H30: =IF(AND(ISNUMBER(C30),ISNUMBER(G30)), C30-G30, "") | I30: =IFERROR(H30/G30, "")
A31: Greenfield USD - Horizon ES | B31: CA | E31: =IF(AND(ISNUMBER(C31),ISNUMBER(D31)), C31-D31, "") | F31: =IFERROR(E31/D31, "") | H31: =IF(AND(ISNUMBER(C31),ISNUMBER(G31)), C31-G31, "") | I31: =IFERROR(H31/G31, "")
A32: Greenfield USD - McKee MS | B32: CA | E32: =IF(AND(ISNUMBER(C32),ISNUMBER(D32)), C32-D32, "") | F32: =IFERROR(E32/D32, "") | H32: =IF(AND(ISNUMBER(C32),ISNUMBER(G32)), C32-G32, "") | I32: =IFERROR(H32/G32, "")
A33: Greenfield USD - Plantation ES | B33: CA | E33: =IF(AND(ISNUMBER(C33),ISNUMBER(D33)), C33-D33, "") | F33: =IFERROR(E33/D33, "") | H33: =IF(AND(ISNUMBER(C33),ISNUMBER(G33)), C33-G33, "") | I33: =IFERROR(H33/G33, "")
A34: Greenfield USD - Planz ES | B34: CA | E34: =IF(AND(ISNUMBER(C34),ISNUMBER(D34)), C34-D34, "") | F34: =IFERROR(E34/D34, "") | H34: =IF(AND(ISNUMBER(C34),ISNUMBER(G34)), C34-G34, "") | I34: =IFERROR(H34/G34, "")
A35: Greenfield USD - Raffaello Palla ES | B35: CA | E35: =IF(AND(ISNUMBER(C35),ISNUMBER(D35)), C35-D35, "") | F35: =IFERROR(E35/D35, "") | H35: =IF(AND(ISNUMBER(C35),ISNUMBER(G35)), C35-G35, "") | I35: =IFERROR(H35/G35, "")
A36: Greenfield USD - Valle Verde ES | B36: CA | E36: =IF(AND(ISNUMBER(C36),ISNUMBER(D36)), C36-D36, "") | F36: =IFERROR(E36/D36, "") | H36: =IF(AND(ISNUMBER(C36),ISNUMBER(G36)), C36-G36, "") | I36: =IFERROR(H36/G36, "")
A37: Greenfield USD - W.A. Kendrick ES | B37: CA | E37: =IF(AND(ISNUMBER(C37),ISNUMBER(D37)), C37-D37, "") | F37: =IFERROR(E37/D37, "") | H37: =IF(AND(ISNUMBER(C37),ISNUMBER(G37)), C37-G37, "") | I37: =IFERROR(H37/G37, "")
... A68: Snowline SD - Vista Verde ES | B68: CA | E68: =IF(AND(ISNUMBER(C68),ISNUMBER(D68)), C68-D68, "") | F68: =IFERROR(E68/D68, "") | H68: =IF(AND(ISNUMBER(C68),ISNUMBER(G68)), C68-G68, "") | I68: =IFERROR(H68/G68, "")

Sheet Apr
A1: {=portfolio} -> Silicon Ranch | D1: April Actual v. Expected | G1: April Actual v. Forecasted
A2: Total | C2: =SUM(C4:C100) -> 931826.2 | D2: =SUM(D4:D100) -> 0 | E2: =C2-D2 -> 931826.2 | F2: =IFERROR(E2/D2, 0) -> 0 | G2: =SUM(G4:G100) -> 1097110.3 | H2: =C2-G2 -> -165284.09 | I2: =IFERROR(H2/G2, 0) -> -0.15065403 | J2: =IF(AND(TODAY()>DATE(2024, 4, 1), COUNTA(Sites[Site])<>(COUNT(C:C)-1)), "Some sites are missing actual data; if new sites were added, make sure they are aligned correctly (including prior months!)", "") -> Some sites are missing actual data; if new sites were added, make sure they are aligned correctly (including prior months!)
A3: Site | B3: State | C3: Actual | D3: Expected | E3: Delta | F3: % | G3: Forecasted | H3: Delta | I3: % | J3: Notes | K3: Service Requests
A4: {=Sites[Site]} -> Iron Mountain - Windsor | B4: {=Sites[State]} -> CT | C4: 28698 | D4: 0 | E4: =IF(AND(ISNUMBER(C4),ISNUMBER(D4)), C4-D4, "") -> 28698 | F4: =IFERROR(E4/D4, "") | G4: 31152.93 | H4: =IF(AND(ISNUMBER(C4),ISNUMBER(G4)), C4-G4, "") -> -2454.93 | I4: =IFERROR(H4/G4, "") -> -0.07880254
A5: Kohls - Auburn | B5: NY | C5: 28241 | D5: 0 | E5: =IF(AND(ISNUMBER(C5),ISNUMBER(D5)), C5-D5, "") -> 28241 | F5: =IFERROR(E5/D5, "") | G5: 34098.57 | H5: =IF(AND(ISNUMBER(C5),ISNUMBER(G5)), C5-G5, "") -> -5857.57 | I5: =IFERROR(H5/G5, "") -> -0.17178345
A6: Kohls - Bensalem | B6: PA | C6: 35384 | D6: 0 | E6: =IF(AND(ISNUMBER(C6),ISNUMBER(D6)), C6-D6, "") -> 35384 | F6: =IFERROR(E6/D6, "") | G6: 33865.77 | H6: =IF(AND(ISNUMBER(C6),ISNUMBER(G6)), C6-G6, "") -> 1518.23 | I6: =IFERROR(H6/G6, "") -> 0.044830813
A7: Kohls - Brick | B7: NJ | C7: 38934 | D7: 0 | E7: =IF(AND(ISNUMBER(C7),ISNUMBER(D7)), C7-D7, "") -> 38934 | F7: =IFERROR(E7/D7, "") | G7: 41145.59 | H7: =IF(AND(ISNUMBER(C7),ISNUMBER(G7)), C7-G7, "") -> -2211.59 | I7: =IFERROR(H7/G7, "") -> -0.053750353
A8: Kohls - Buffalo | B8: NY | C8: 34857 | D8: 0 | E8: =IF(AND(ISNUMBER(C8),ISNUMBER(D8)), C8-D8, "") -> 34857 | F8: =IFERROR(E8/D8, "") | G8: 44287.13 | H8: =IF(AND(ISNUMBER(C8),ISNUMBER(G8)), C8-G8, "") -> -9430.13 | I8: =IFERROR(H8/G8, "") -> -0.21293161
A9: Kohls - Canton | B9: CT | C9: 13928 | D9: 0 | E9: =IF(AND(ISNUMBER(C9),ISNUMBER(D9)), C9-D9, "") -> 13928 | F9: =IFERROR(E9/D9, "") | G9: 13718.25 | H9: =IF(AND(ISNUMBER(C9),ISNUMBER(G9)), C9-G9, "") -> 209.75 | I9: =IFERROR(H9/G9, "") -> 0.015289851
A10: Kohls - East Amherst | B10: NY | C10: 32595 | D10: 0 | E10: =IF(AND(ISNUMBER(C10),ISNUMBER(D10)), C10-D10, "") -> 32595 | F10: =IFERROR(E10/D10, "") | G10: 38964.47 | H10: =IF(AND(ISNUMBER(C10),ISNUMBER(G10)), C10-G10, "") -> -6369.47 | I10: =IFERROR(H10/G10, "") -> -0.16346867
A11: Kohls - East Brunswick | B11: NJ | C11: 45596 | D11: 0 | E11: =IF(AND(ISNUMBER(C11),ISNUMBER(D11)), C11-D11, "") -> 45596 | F11: =IFERROR(E11/D11, "") | G11: 52856.96 | H11: =IF(AND(ISNUMBER(C11),ISNUMBER(G11)), C11-G11, "") -> -7260.96 | I11: =IFERROR(H11/G11, "") -> -0.13736999
A12: Kohls - Edgewood | B12: MD | C12: 236845 | D12: 0 | E12: =IF(AND(ISNUMBER(C12),ISNUMBER(D12)), C12-D12, "") -> 236845 | F12: =IFERROR(E12/D12, "") | G12: 283313.49 | H12: =IF(AND(ISNUMBER(C12),ISNUMBER(G12)), C12-G12, "") -> -46468.49 | I12: =IFERROR(H12/G12, "") -> -0.16401792
A13: Kohls - Granite Run | B13: PA | C13: 32668 | D13: 0 | E13: =IF(AND(ISNUMBER(C13),ISNUMBER(D13)), C13-D13, "") -> 32668 | F13: =IFERROR(E13/D13, "") | G13: 33875.63 | H13: =IF(AND(ISNUMBER(C13),ISNUMBER(G13)), C13-G13, "") -> -1207.63 | I13: =IFERROR(H13/G13, "") -> -0.035648931
A14: Kohls - Greece | B14: NY | C14: 27098 | D14: 0 | E14: =IF(AND(ISNUMBER(C14),ISNUMBER(D14)), C14-D14, "") -> 27098 | F14: =IFERROR(E14/D14, "") | G14: 41686.39 | H14: =IF(AND(ISNUMBER(C14),ISNUMBER(G14)), C14-G14, "") -> -14588.39 | I14: =IFERROR(H14/G14, "") -> -0.3499557
A15: Kohls - Hanover | B15: PA | C15: 22308 | D15: 0 | E15: =IF(AND(ISNUMBER(C15),ISNUMBER(D15)), C15-D15, "") -> 22308 | F15: =IFERROR(E15/D15, "") | G15: 39384.11 | H15: =IF(AND(ISNUMBER(C15),ISNUMBER(G15)), C15-G15, "") -> -17076.11 | I15: =IFERROR(H15/G15, "") -> -0.43357867 | J15: 1.Inverter was offline from 04/01 to 04/03 & back online at 04/04. 2.Inverter is offline on 04/21 & continued throught the month. | K15: 1.SR083032 2.SR083661
A16: Kohls - Horsehead | B16: NY | C16: 25184 | D16: 0 | E16: =IF(AND(ISNUMBER(C16),ISNUMBER(D16)), C16-D16, "") -> 25184 | F16: =IFERROR(E16/D16, "") | G16: 28710.66 | H16: =IF(AND(ISNUMBER(C16),ISNUMBER(G16)), C16-G16, "") -> -3526.66 | I16: =IFERROR(H16/G16, "") -> -0.12283452
A17: Kohls - Hudson | B17: NY | C17: 29971 | D17: 0 | E17: =IF(AND(ISNUMBER(C17),ISNUMBER(D17)), C17-D17, "") -> 29971 | F17: =IFERROR(E17/D17, "") | G17: 32756.26 | H17: =IF(AND(ISNUMBER(C17),ISNUMBER(G17)), C17-G17, "") -> -2785.26 | I17: =IFERROR(H17/G17, "") -> -0.085029854
A18: Kohls - Ithaca | B18: NY | C18: 26588 | D18: 0 | E18: =IF(AND(ISNUMBER(C18),ISNUMBER(D18)), C18-D18, "") -> 26588 | F18: =IFERROR(E18/D18, "") | G18: 34443.47 | H18: =IF(AND(ISNUMBER(C18),ISNUMBER(G18)), C18-G18, "") -> -7855.47 | I18: =IFERROR(H18/G18, "") -> -0.22806848
A19: Kohls - Kingston | B19: NY | C19: 36617 | D19: 0 | E19: =IF(AND(ISNUMBER(C19),ISNUMBER(D19)), C19-D19, "") -> 36617 | F19: =IFERROR(E19/D19, "") | G19: 53496.911 | H19: =IF(AND(ISNUMBER(C19),ISNUMBER(G19)), C19-G19, "") -> -16879.911 | I19: =IFERROR(H19/G19, "") -> -0.31553057 | J19: 1.Site stopped comms & modem is offline from 04/27 no visibility to monitor equipment or inverter. | K19: 1.SR083320
A20: Kohls - Mechanicsburg | B20: PA | C20: 41872 | D20: 0 | E20: =IF(AND(ISNUMBER(C20),ISNUMBER(D20)), C20-D20, "") -> 41872 | F20: =IFERROR(E20/D20, "") | G20: 46002.28 | H20: =IF(AND(ISNUMBER(C20),ISNUMBER(G20)), C20-G20, "") -> -4130.28 | I20: =IFERROR(H20/G20, "") -> -0.089784245
A21: Kohls - Middletown | B21: NJ | C21: 59946 | D21: 0 | E21: =IF(AND(ISNUMBER(C21),ISNUMBER(D21)), C21-D21, "") -> 59946 | F21: =IFERROR(E21/D21, "") | G21: 60664.54 | H21: =IF(AND(ISNUMBER(C21),ISNUMBER(G21)), C21-G21, "") -> -718.54 | I21: =IFERROR(H21/G21, "") -> -0.011844481 | J21: 1.inverter is offline from 04/01 & back online on 04/05 at 10:20. | K21: 1.SR081552
A22: Kohls - North Amherst | B22: NY | C22: 24695 | D22: 0 | E22: =IF(AND(ISNUMBER(C22),ISNUMBER(D22)), C22-D22, "") -> 24695 | F22: =IFERROR(E22/D22, "") | G22: 37286.57 | H22: =IF(AND(ISNUMBER(C22),ISNUMBER(G22)), C22-G22, "") -> -12591.57 | I22: =IFERROR(H22/G22, "") -> -0.33769719
A23: Kohls - Staten Island | B23: NY | C23: 33544.2 | D23: 0 | E23: =IF(AND(ISNUMBER(C23),ISNUMBER(D23)), C23-D23, "") -> 33544.2 | F23: =IFERROR(E23/D23, "") | G23: 36840.44 | H23: =IF(AND(ISNUMBER(C23),ISNUMBER(G23)), C23-G23, "") -> -3296.24 | I23: =IFERROR(H23/G23, "") -> -0.089473416
A24: Kohls - Warminster | B24: PA | C24: 41689 | D24: 0 | E24: =IF(AND(ISNUMBER(C24),ISNUMBER(D24)), C24-D24, "") -> 41689 | F24: =IFERROR(E24/D24, "") | G24: 41345.56 | H24: =IF(AND(ISNUMBER(C24),ISNUMBER(G24)), C24-G24, "") -> 343.44 | I24: =IFERROR(H24/G24, "") -> 0.0083065751
A25: Kohls - Waterbury | B25: CT | C25: 34568 | D25: 0 | E25: =IF(AND(ISNUMBER(C25),ISNUMBER(D25)), C25-D25, "") -> 34568 | F25: =IFERROR(E25/D25, "") | G25: 37214.31 | H25: =IF(AND(ISNUMBER(C25),ISNUMBER(G25)), C25-G25, "") -> -2646.31 | I25: =IFERROR(H25/G25, "") -> -0.071110011
A26: Mojave Water Agency - Headquarters | B26: CA | E26: =IF(AND(ISNUMBER(C26),ISNUMBER(D26)), C26-D26, "") | F26: =IFERROR(E26/D26, "") | H26: =IF(AND(ISNUMBER(C26),ISNUMBER(G26)), C26-G26, "") | I26: =IFERROR(H26/G26, "")
A27: CSU - Bakersfield | B27: CA | E27: =IF(AND(ISNUMBER(C27),ISNUMBER(D27)), C27-D27, "") | F27: =IFERROR(E27/D27, "") | H27: =IF(AND(ISNUMBER(C27),ISNUMBER(G27)), C27-G27, "") | I27: =IFERROR(H27/G27, "")
A28: Greenfield USD - Fairfield ES | B28: CA | E28: =IF(AND(ISNUMBER(C28),ISNUMBER(D28)), C28-D28, "") | F28: =IFERROR(E28/D28, "") | H28: =IF(AND(ISNUMBER(C28),ISNUMBER(G28)), C28-G28, "") | I28: =IFERROR(H28/G28, "")
A29: Greenfield USD - Granite Point ES | B29: CA | E29: =IF(AND(ISNUMBER(C29),ISNUMBER(D29)), C29-D29, "") | F29: =IFERROR(E29/D29, "") | H29: =IF(AND(ISNUMBER(C29),ISNUMBER(G29)), C29-G29, "") | I29: =IFERROR(H29/G29, "")
A30: Greenfield USD - Greenfield MS | B30: CA | E30: =IF(AND(ISNUMBER(C30),ISNUMBER(D30)), C30-D30, "") | F30: =IFERROR(E30/D30, "") | H30: =IF(AND(ISNUMBER(C30),ISNUMBER(G30)), C30-G30, "") | I30: =IFERROR(H30/G30, "")
A31: Greenfield USD - Horizon ES | B31: CA | E31: =IF(AND(ISNUMBER(C31),ISNUMBER(D31)), C31-D31, "") | F31: =IFERROR(E31/D31, "") | H31: =IF(AND(ISNUMBER(C31),ISNUMBER(G31)), C31-G31, "") | I31: =IFERROR(H31/G31, "")
A32: Greenfield USD - McKee MS | B32: CA | E32: =IF(AND(ISNUMBER(C32),ISNUMBER(D32)), C32-D32, "") | F32: =IFERROR(E32/D32, "") | H32: =IF(AND(ISNUMBER(C32),ISNUMBER(G32)), C32-G32, "") | I32: =IFERROR(H32/G32, "")
A33: Greenfield USD - Plantation ES | B33: CA | E33: =IF(AND(ISNUMBER(C33),ISNUMBER(D33)), C33-D33, "") | F33: =IFERROR(E33/D33, "") | H33: =IF(AND(ISNUMBER(C33),ISNUMBER(G33)), C33-G33, "") | I33: =IFERROR(H33/G33, "")
A34: Greenfield USD - Planz ES | B34: CA | E34: =IF(AND(ISNUMBER(C34),ISNUMBER(D34)), C34-D34, "") | F34: =IFERROR(E34/D34, "") | H34: =IF(AND(ISNUMBER(C34),ISNUMBER(G34)), C34-G34, "") | I34: =IFERROR(H34/G34, "")
A35: Greenfield USD - Raffaello Palla ES | B35: CA | E35: =IF(AND(ISNUMBER(C35),ISNUMBER(D35)), C35-D35, "") | F35: =IFERROR(E35/D35, "") | H35: =IF(AND(ISNUMBER(C35),ISNUMBER(G35)), C35-G35, "") | I35: =IFERROR(H35/G35, "")
A36: Greenfield USD - Valle Verde ES | B36: CA | E36: =IF(AND(ISNUMBER(C36),ISNUMBER(D36)), C36-D36, "") | F36: =IFERROR(E36/D36, "") | H36: =IF(AND(ISNUMBER(C36),ISNUMBER(G36)), C36-G36, "") | I36: =IFERROR(H36/G36, "")
A37: Greenfield USD - W.A. Kendrick ES | B37: CA | E37: =IF(AND(ISNUMBER(C37),ISNUMBER(D37)), C37-D37, "") | F37: =IFERROR(E37/D37, "") | H37: =IF(AND(ISNUMBER(C37),ISNUMBER(G37)), C37-G37, "") | I37: =IFERROR(H37/G37, "")
... A68: Snowline SD - Vista Verde ES | B68: CA | E68: =IF(AND(ISNUMBER(C68),ISNUMBER(D68)), C68-D68, "") | F68: =IFERROR(E68/D68, "") | H68: =IF(AND(ISNUMBER(C68),ISNUMBER(G68)), C68-G68, "") | I68: =IFERROR(H68/G68, "")

Sheet May
A1: {=portfolio} -> Silicon Ranch | D1: May Actual v. Expected | G1: May Actual v. Forecasted
A2: Total | C2: =SUM(C4:C100) -> 1030268.6 | D2: =SUM(D4:D100) -> 0 | E2: =C2-D2 -> 1030268.6 | F2: =IFERROR(E2/D2, 0) -> 0 | G2: =SUM(G4:G100) -> 1251173.9 | H2: =C2-G2 -> -220905.29 | I2: =IFERROR(H2/G2, 0) -> -0.17655842 | J2: =IF(AND(TODAY()>DATE(2024, 5, 1), COUNTA(Sites[Site])<>(COUNT(C:C)-1)), "Some sites are missing actual data; if new sites were added, make sure they are aligned correctly (including prior months!)", "") -> Some sites are missing actual data; if new sites were added, make sure they are aligned correctly (including prior months!)
A3: Site | B3: State | C3: Actual | D3: Expected | E3: Delta | F3: % | G3: Forecasted | H3: Delta | I3: % | J3: Notes | K3: Service Requests
A4: {=Sites[Site]} -> Iron Mountain - Windsor | B4: {=Sites[State]} -> CT | C4: 34715 | D4: 0 | E4: =IF(AND(ISNUMBER(C4),ISNUMBER(D4)), C4-D4, "") -> 34715 | F4: =IFERROR(E4/D4, "") | G4: 34555.33 | H4: =IF(AND(ISNUMBER(C4),ISNUMBER(G4)), C4-G4, "") -> 159.67 | I4: =IFERROR(H4/G4, "") -> 0.0046207054
A5: Kohls - Auburn | B5: NY | C5: 41260 | D5: 0 | E5: =IF(AND(ISNUMBER(C5),ISNUMBER(D5)), C5-D5, "") -> 41260 | F5: =IFERROR(E5/D5, "") | G5: 46002.31 | H5: =IF(AND(ISNUMBER(C5),ISNUMBER(G5)), C5-G5, "") -> -4742.31 | I5: =IFERROR(H5/G5, "") -> -0.10308852
A6: Kohls - Bensalem | B6: PA | C6: 37973 | D6: 0 | E6: =IF(AND(ISNUMBER(C6),ISNUMBER(D6)), C6-D6, "") -> 37973 | F6: =IFERROR(E6/D6, "") | G6: 38125.46 | H6: =IF(AND(ISNUMBER(C6),ISNUMBER(G6)), C6-G6, "") -> -152.46 | I6: =IFERROR(H6/G6, "") -> -0.0039989026
A7: Kohls - Brick | B7: NJ | C7: 42988 | D7: 0 | E7: =IF(AND(ISNUMBER(C7),ISNUMBER(D7)), C7-D7, "") -> 42988 | F7: =IFERROR(E7/D7, "") | G7: 46708.03 | H7: =IF(AND(ISNUMBER(C7),ISNUMBER(G7)), C7-G7, "") -> -3720.03 | I7: =IFERROR(H7/G7, "") -> -0.079644335
A8: Kohls - Buffalo | B8: NY | C8: 50680 | D8: 0 | E8: =IF(AND(ISNUMBER(C8),ISNUMBER(D8)), C8-D8, "") -> 50680 | F8: =IFERROR(E8/D8, "") | G8: 51352.93 | H8: =IF(AND(ISNUMBER(C8),ISNUMBER(G8)), C8-G8, "") -> -672.93 | I8: =IFERROR(H8/G8, "") -> -0.013104023
A9: Kohls - Canton | B9: CT | C9: 17208 | D9: 0 | E9: =IF(AND(ISNUMBER(C9),ISNUMBER(D9)), C9-D9, "") -> 17208 | F9: =IFERROR(E9/D9, "") | G9: 15413.56 | H9: =IF(AND(ISNUMBER(C9),ISNUMBER(G9)), C9-G9, "") -> 1794.44 | I9: =IFERROR(H9/G9, "") -> 0.11641957
A10: Kohls - East Amherst | B10: NY | C10: 46400 | D10: 0 | E10: =IF(AND(ISNUMBER(C10),ISNUMBER(D10)), C10-D10, "") -> 46400 | F10: =IFERROR(E10/D10, "") | G10: 46048.92 | H10: =IF(AND(ISNUMBER(C10),ISNUMBER(G10)), C10-G10, "") -> 351.08 | I10: =IFERROR(H10/G10, "") -> 0.0076240659
A11: Kohls - East Brunswick | B11: NJ | C11: 23830 | D11: 0 | E11: =IF(AND(ISNUMBER(C11),ISNUMBER(D11)), C11-D11, "") -> 23830 | F11: =IFERROR(E11/D11, "") | G11: 59629.03 | H11: =IF(AND(ISNUMBER(C11),ISNUMBER(G11)), C11-G11, "") -> -35799.03 | I11: =IFERROR(H11/G11, "") -> -0.60036244
A12: Kohls - Edgewood | B12: MD | C12: 217913 | D12: 0 | E12: =IF(AND(ISNUMBER(C12),ISNUMBER(D12)), C12-D12, "") -> 217913 | F12: =IFERROR(E12/D12, "") | G12: 312866.83 | H12: =IF(AND(ISNUMBER(C12),ISNUMBER(G12)), C12-G12, "") -> -94953.83 | I12: =IFERROR(H12/G12, "") -> -0.303496
A13: Kohls - Granite Run | B13: PA | C13: 35544 | D13: 0 | E13: =IF(AND(ISNUMBER(C13),ISNUMBER(D13)), C13-D13, "") -> 35544 | F13: =IFERROR(E13/D13, "") | G13: 38124.91 | H13: =IF(AND(ISNUMBER(C13),ISNUMBER(G13)), C13-G13, "") -> -2580.91 | I13: =IFERROR(H13/G13, "") -> -0.06769616
A14: Kohls - Greece | B14: NY | C14: 41359 | D14: 0 | E14: =IF(AND(ISNUMBER(C14),ISNUMBER(D14)), C14-D14, "") -> 41359 | F14: =IFERROR(E14/D14, "") | G14: 50159.76 | H14: =IF(AND(ISNUMBER(C14),ISNUMBER(G14)), C14-G14, "") -> -8800.76 | I14: =IFERROR(H14/G14, "") -> -0.17545459
A15: Kohls - Hanover | B15: PA | C15: 19615 | D15: 0 | E15: =IF(AND(ISNUMBER(C15),ISNUMBER(D15)), C15-D15, "") -> 19615 | F15: =IFERROR(E15/D15, "") | G15: 42210.82 | H15: =IF(AND(ISNUMBER(C15),ISNUMBER(G15)), C15-G15, "") -> -22595.82 | I15: =IFERROR(H15/G15, "") -> -0.53530872 | J15: 1. Inverter is offline from 04/21 and is back online on 05/20 at 10:00am. | K15: 1. SR083661
A16: Kohls - Horsehead | B16: NY | C16: 35520 | D16: 0 | E16: =IF(AND(ISNUMBER(C16),ISNUMBER(D16)), C16-D16, "") -> 35520 | F16: =IFERROR(E16/D16, "") | G16: 36167.98 | H16: =IF(AND(ISNUMBER(C16),ISNUMBER(G16)), C16-G16, "") -> -647.98 | I16: =IFERROR(H16/G16, "") -> -0.017915847
A17: Kohls - Hudson | B17: NY | C17: 30045 | D17: 0 | E17: =IF(AND(ISNUMBER(C17),ISNUMBER(D17)), C17-D17, "") -> 30045 | F17: =IFERROR(E17/D17, "") | G17: 36056.12 | H17: =IF(AND(ISNUMBER(C17),ISNUMBER(G17)), C17-G17, "") -> -6011.12 | I17: =IFERROR(H17/G17, "") -> -0.16671566
A18: Kohls - Ithaca | B18: NY | C18: 37669 | D18: 0 | E18: =IF(AND(ISNUMBER(C18),ISNUMBER(D18)), C18-D18, "") -> 37669 | G18: 41388.1 | H18: =IF(AND(ISNUMBER(C18),ISNUMBER(G18)), C18-G18, "") -> -3719.1 | I18: =IFERROR(H18/G18, "") -> -0.089859162
A19: Kohls - Kingston | B19: NY | C19: 52599 | D19: 0 | E19: =IF(AND(ISNUMBER(C19),ISNUMBER(D19)), C19-D19, "") -> 52599 | G19: 59509.371 | H19: =IF(AND(ISNUMBER(C19),ISNUMBER(G19)), C19-G19, "") -> -6910.371 | I19: =IFERROR(H19/G19, "") -> -0.1161224 | J19: 1. Site is communicating from 05/03 at 9:25am and no visibility to monitor equipment or inverter. | K19: 1. SR083320
A20: Kohls - Mechanicsburg | B20: PA | C20: 46986 | D20: 0 | E20: =IF(AND(ISNUMBER(C20),ISNUMBER(D20)), C20-D20, "") -> 46986 | G20: 49289.01 | H20: =IF(AND(ISNUMBER(C20),ISNUMBER(G20)), C20-G20, "") -> -2303.01 | I20: =IFERROR(H20/G20, "") -> -0.046724615
A21: Kohls - Middletown | B21: NJ | C21: 56041 | D21: 0 | E21: =IF(AND(ISNUMBER(C21),ISNUMBER(D21)), C21-D21, "") -> 56041 | G21: 72934.91 | H21: =IF(AND(ISNUMBER(C21),ISNUMBER(G21)), C21-G21, "") -> -16893.91 | I21: =IFERROR(H21/G21, "") -> -0.23162996 | J21: 1. The inverter tripped offline at 11:45am and back online at 3:45pm on 05/21 and having multiple tripping events. | K21: 1. SR084948
A22: Kohls - North Amherst | B22: NY | C22: 35813 | D22: 0 | E22: =IF(AND(ISNUMBER(C22),ISNUMBER(D22)), C22-D22, "") -> 35813 | G22: 44277.81 | H22: =IF(AND(ISNUMBER(C22),ISNUMBER(G22)), C22-G22, "") -> -8464.81 | I22: =IFERROR(H22/G22, "") -> -0.19117499
A23: Kohls - Staten Island | B23: NY | C23: 38451.6 | D23: 0 | E23: =IF(AND(ISNUMBER(C23),ISNUMBER(D23)), C23-D23, "") -> 38451.6 | G23: 41625.99 | H23: =IF(AND(ISNUMBER(C23),ISNUMBER(G23)), C23-G23, "") -> -3174.39 | I23: =IFERROR(H23/G23, "") -> -0.076259808
A24: Kohls - Warminster | B24: PA | C24: 45580 | D24: 0 | E24: =IF(AND(ISNUMBER(C24),ISNUMBER(D24)), C24-D24, "") -> 45580 | G24: 46481.46 | H24: =IF(AND(ISNUMBER(C24),ISNUMBER(G24)), C24-G24, "") -> -901.46 | I24: =IFERROR(H24/G24, "") -> -0.019393969
A25: Kohls - Waterbury | B25: CT | C25: 42079 | D25: 0 | E25: =IF(AND(ISNUMBER(C25),ISNUMBER(D25)), C25-D25, "") -> 42079 | G25: 42245.25 | H25: =IF(AND(ISNUMBER(C25),ISNUMBER(G25)), C25-G25, "") -> -166.25 | I25: =IFERROR(H25/G25, "") -> -0.0039353537
A26: Mojave Water Agency - Headquarters | B26: CA | E26: =IF(AND(ISNUMBER(C26),ISNUMBER(D26)), C26-D26, "") | H26: =IF(AND(ISNUMBER(C26),ISNUMBER(G26)), C26-G26, "") | I26: =IFERROR(H26/G26, "")
A27: CSU - Bakersfield | B27: CA | E27: =IF(AND(ISNUMBER(C27),ISNUMBER(D27)), C27-D27, "") | H27: =IF(AND(ISNUMBER(C27),ISNUMBER(G27)), C27-G27, "") | I27: =IFERROR(H27/G27, "")
A28: Greenfield USD - Fairfield ES | B28: CA | E28: =IF(AND(ISNUMBER(C28),ISNUMBER(D28)), C28-D28, "") | H28: =IF(AND(ISNUMBER(C28),ISNUMBER(G28)), C28-G28, "") | I28: =IFERROR(H28/G28, "")
A29: Greenfield USD - Granite Point ES | B29: CA | E29: =IF(AND(ISNUMBER(C29),ISNUMBER(D29)), C29-D29, "") | H29: =IF(AND(ISNUMBER(C29),ISNUMBER(G29)), C29-G29, "") | I29: =IFERROR(H29/G29, "")
A30: Greenfield USD - Greenfield MS | B30: CA | E30: =IF(AND(ISNUMBER(C30),ISNUMBER(D30)), C30-D30, "") | H30: =IF(AND(ISNUMBER(C30),ISNUMBER(G30)), C30-G30, "") | I30: =IFERROR(H30/G30, "")
A31: Greenfield USD - Horizon ES | B31: CA | E31: =IF(AND(ISNUMBER(C31),ISNUMBER(D31)), C31-D31, "") | H31: =IF(AND(ISNUMBER(C31),ISNUMBER(G31)), C31-G31, "") | I31: =IFERROR(H31/G31, "")
A32: Greenfield USD - McKee MS | B32: CA | E32: =IF(AND(ISNUMBER(C32),ISNUMBER(D32)), C32-D32, "") | H32: =IF(AND(ISNUMBER(C32),ISNUMBER(G32)), C32-G32, "") | I32: =IFERROR(H32/G32, "")
A33: Greenfield USD - Plantation ES | B33: CA | E33: =IF(AND(ISNUMBER(C33),ISNUMBER(D33)), C33-D33, "") | H33: =IF(AND(ISNUMBER(C33),ISNUMBER(G33)), C33-G33, "") | I33: =IFERROR(H33/G33, "")
A34: Greenfield USD - Planz ES | B34: CA | E34: =IF(AND(ISNUMBER(C34),ISNUMBER(D34)), C34-D34, "") | H34: =IF(AND(ISNUMBER(C34),ISNUMBER(G34)), C34-G34, "") | I34: =IFERROR(H34/G34, "")
A35: Greenfield USD - Raffaello Palla ES | B35: CA | E35: =IF(AND(ISNUMBER(C35),ISNUMBER(D35)), C35-D35, "") | H35: =IF(AND(ISNUMBER(C35),ISNUMBER(G35)), C35-G35, "") | I35: =IFERROR(H35/G35, "")
A36: Greenfield USD - Valle Verde ES | B36: CA | E36: =IF(AND(ISNUMBER(C36),ISNUMBER(D36)), C36-D36, "") | H36: =IF(AND(ISNUMBER(C36),ISNUMBER(G36)), C36-G36, "") | I36: =IFERROR(H36/G36, "")
A37: Greenfield USD - W.A. Kendrick ES | B37: CA | E37: =IF(AND(ISNUMBER(C37),ISNUMBER(D37)), C37-D37, "") | H37: =IF(AND(ISNUMBER(C37),ISNUMBER(G37)), C37-G37, "") | I37: =IFERROR(H37/G37, "")
... A68: Snowline SD - Vista Verde ES | B68: CA | E68: =IF(AND(ISNUMBER(C68),ISNUMBER(D68)), C68-D68, "") | H68: =IF(AND(ISNUMBER(C68),ISNUMBER(G68)), C68-G68, "") | I68: =IFERROR(H68/G68, "")

Sheet Jun
A1: {=portfolio} -> Silicon Ranch | D1: June Actual v. Expected | G1: June Actual v. Forecasted
A2: Total | C2: =SUM(C4:C100) -> 1251894 | D2: =SUM(D4:D100) -> 0 | E2: =C2-D2 -> 1251894 | F2: =IFERROR(E2/D2, 0) -> 0 | G2: =SUM(G4:G100) -> 1285796.1 | H2: =C2-G2 -> -33902.053 | I2: =IFERROR(H2/G2, 0) -> -0.026366587 | J2: =IF(AND(TODAY()>DATE(2024, 6, 1), COUNTA(Sites[Site])<>(COUNT(C:C)-1)), "Some sites are missing actual data; if new sites were added, make sure they are aligned correctly (including prior months!)", "") -> Some sites are missing actual data; if new sites were added, make sure they are aligned correctly (including prior months!)
A3: Site | B3: State | C3: Actual | D3: Expected | E3: Delta | F3: % | G3: Forecasted | H3: Delta | I3: % | J3: Notes | K3: Service Requests
A4: {=Sites[Site]} -> Iron Mountain - Windsor | B4: {=Sites[State]} -> CT | C4: 38861 | D4: 0 | E4: =IF(AND(ISNUMBER(C4),ISNUMBER(D4)), C4-D4, "") -> 38861 | F4: =IFERROR(E4/D4, "") | G4: 36643 | H4: =IF(AND(ISNUMBER(C4),ISNUMBER(G4)), C4-G4, "") -> 2218 | I4: =IFERROR(H4/G4, "") -> 0.060529978
A5: Kohls - Auburn | B5: NY | C5: 38967 | D5: 0 | E5: =IF(AND(ISNUMBER(C5),ISNUMBER(D5)), C5-D5, "") -> 38967 | F5: =IFERROR(E5/D5, "") | G5: 43849.01 | H5: =IF(AND(ISNUMBER(C5),ISNUMBER(G5)), C5-G5, "") -> -4882.01 | I5: =IFERROR(H5/G5, "") -> -0.11133684
A6: Kohls - Bensalem | B6: PA | C6: 48041 | D6: 0 | E6: =IF(AND(ISNUMBER(C6),ISNUMBER(D6)), C6-D6, "") -> 48041 | F6: =IFERROR(E6/D6, "") | G6: 39083.82 | H6: =IF(AND(ISNUMBER(C6),ISNUMBER(G6)), C6-G6, "") -> 8957.18 | I6: =IFERROR(H6/G6, "") -> 0.22917872
A7: Kohls - Brick | B7: NJ | C7: 55066 | D7: 0 | E7: =IF(AND(ISNUMBER(C7),ISNUMBER(D7)), C7-D7, "") -> 55066 | F7: =IFERROR(E7/D7, "") | G7: 47157.06 | H7: =IF(AND(ISNUMBER(C7),ISNUMBER(G7)), C7-G7, "") -> 7908.94 | I7: =IFERROR(H7/G7, "") -> 0.16771487
A8: Kohls - Buffalo | B8: NY | C8: 32840 | D8: 0 | E8: =IF(AND(ISNUMBER(C8),ISNUMBER(D8)), C8-D8, "") -> 32840 | F8: =IFERROR(E8/D8, "") | G8: 51474.12 | H8: =IF(AND(ISNUMBER(C8),ISNUMBER(G8)), C8-G8, "") -> -18634.12 | I8: =IFERROR(H8/G8, "") -> -0.36200949 | J8: 1. Meter was stopped reporting from 6/17 at 7:00 AM and still no communication, due to that the actual generation values were low | K8: 1. SR086338
A9: Kohls - Canton | B9: CT | C9: 18924 | D9: 0 | E9: =IF(AND(ISNUMBER(C9),ISNUMBER(D9)), C9-D9, "") -> 18924 | F9: =IFERROR(E9/D9, "") | G9: 16604.86 | H9: =IF(AND(ISNUMBER(C9),ISNUMBER(G9)), C9-G9, "") -> 2319.14 | I9: =IFERROR(H9/G9, "") -> 0.13966634
A10: Kohls - East Amherst | B10: NY | C10: 42273 | D10: 0 | E10: =IF(AND(ISNUMBER(C10),ISNUMBER(D10)), C10-D10, "") -> 42273 | F10: =IFERROR(E10/D10, "") | G10: 46235.35 | H10: =IF(AND(ISNUMBER(C10),ISNUMBER(G10)), C10-G10, "") -> -3962.35 | I10: =IFERROR(H10/G10, "") -> -0.085699578 | J10: 1. Site tripped offline at 01:05PM on 06/15 and back online at 2:20PM on 06/15 | K10: 1. SR086266
A11: Kohls - East Brunswick | B11: NJ | C11: 56556 | D11: 0 | E11: =IF(AND(ISNUMBER(C11),ISNUMBER(D11)), C11-D11, "") -> 56556 | F11: =IFERROR(E11/D11, "") | G11: 61984.13 | H11: =IF(AND(ISNUMBER(C11),ISNUMBER(G11)), C11-G11, "") -> -5428.13 | I11: =IFERROR(H11/G11, "") -> -0.0875729
A12: Kohls - Edgewood | B12: MD | C12: 293146 | D12: 0 | E12: =IF(AND(ISNUMBER(C12),ISNUMBER(D12)), C12-D12, "") -> 293146 | F12: =IFERROR(E12/D12, "") | G12: 327528.96 | H12: =IF(AND(ISNUMBER(C12),ISNUMBER(G12)), C12-G12, "") -> -34382.96 | I12: =IFERROR(H12/G12, "") -> -0.10497685 | J12: 1. Inverter 3 offline from 07:30AM on 06/08 and back online at 07:30AM on 06/11 Inverter again offline from 07:30AM on 06/18 and back online at 07:35AM on 06/22 and also Inverter again offline from 06/23 2. Inverter 1 tripped offline at 07:00AM on 06/28 and back online at 07:00AM on 06/30. and also Inverter 1 again tripped offline at on 06/30 and back online at on 07/03. | K12: 1. SR087100 2. SR087100
A13: Kohls - Granite Run | B13: PA | C13: 45726 | D13: 0 | E13: =IF(AND(ISNUMBER(C13),ISNUMBER(D13)), C13-D13, "") -> 45726 | F13: =IFERROR(E13/D13, "") | G13: 38743.38 | H13: =IF(AND(ISNUMBER(C13),ISNUMBER(G13)), C13-G13, "") -> 6982.62 | I13: =IFERROR(H13/G13, "") -> 0.18022743
A14: Kohls - Greece | B14: NY | C14: 38251 | D14: 0 | E14: =IF(AND(ISNUMBER(C14),ISNUMBER(D14)), C14-D14, "") -> 38251 | F14: =IFERROR(E14/D14, "") | G14: 50364.84 | H14: =IF(AND(ISNUMBER(C14),ISNUMBER(G14)), C14-G14, "") -> -12113.84 | I14: =IFERROR(H14/G14, "") -> -0.24052176
A15: Kohls - Hanover | B15: PA | C15: 46174 | D15: 0 | E15: =IF(AND(ISNUMBER(C15),ISNUMBER(D15)), C15-D15, "") -> 46174 | F15: =IFERROR(E15/D15, "") | G15: 44187.78 | H15: =IF(AND(ISNUMBER(C15),ISNUMBER(G15)), C15-G15, "") -> 1986.22 | I15: =IFERROR(H15/G15, "") -> 0.044949531
A16: Kohls - Horsehead | B16: NY | C16: 33985 | D16: 0 | E16: =IF(AND(ISNUMBER(C16),ISNUMBER(D16)), C16-D16, "") -> 33985 | F16: =IFERROR(E16/D16, "") | G16: 36727.28 | H16: =IF(AND(ISNUMBER(C16),ISNUMBER(G16)), C16-G16, "") -> -2742.28 | I16: =IFERROR(H16/G16, "") -> -0.074666025
A17: Kohls - Hudson | B17: NY | C17: 52488 | D17: 0 | E17: =IF(AND(ISNUMBER(C17),ISNUMBER(D17)), C17-D17, "") -> 52488 | F17: =IFERROR(E17/D17, "") | G17: 39160.22 | H17: =IF(AND(ISNUMBER(C17),ISNUMBER(G17)), C17-G17, "") -> 13327.78 | I17: =IFERROR(H17/G17, "") -> 0.34033976 | J17: 1. Meter was stopped reporting from 12:05PM on 06/04 and again started reporting from 11:30AM on 06/19 | K17: 1. SR085729
A18: Kohls - Ithaca | B18: NY | C18: 35516 | D18: 0 | E18: =IF(AND(ISNUMBER(C18),ISNUMBER(D18)), C18-D18, "") -> 35516 | G18: 41714.35 | H18: =IF(AND(ISNUMBER(C18),ISNUMBER(G18)), C18-G18, "") -> -6198.35 | I18: =IFERROR(H18/G18, "") -> -0.14859035
A19: Kohls - Kingston | B19: NY | C19: 57081 | D19: 0 | E19: =IF(AND(ISNUMBER(C19),ISNUMBER(D19)), C19-D19, "") -> 57081 | G19: 62809.233 | H19: =IF(AND(ISNUMBER(C19),ISNUMBER(G19)), C19-G19, "") -> -5728.233 | I19: =IFERROR(H19/G19, "") -> -0.091200493
A20: Kohls - Mechanicsburg | B20: PA | C20: 56711 | D20: 0 | E20: =IF(AND(ISNUMBER(C20),ISNUMBER(D20)), C20-D20, "") -> 56711 | G20: 51591.81 | H20: =IF(AND(ISNUMBER(C20),ISNUMBER(G20)), C20-G20, "") -> 5119.19 | I20: =IFERROR(H20/G20, "") -> 0.099224858
A21: Kohls - Middletown | B21: NJ | C21: 82960 | D21: 0 | E21: =IF(AND(ISNUMBER(C21),ISNUMBER(D21)), C21-D21, "") -> 82960 | G21: 71706.95 | H21: =IF(AND(ISNUMBER(C21),ISNUMBER(G21)), C21-G21, "") -> 11253.05 | I21: =IFERROR(H21/G21, "") -> 0.15693109 | J21: 1. Inverter was offline from 10:25AM to 12:10PM on 06/20. 2. Inverter was offline from 13:35 to 16:45 on 06/21. 3. Inverter tripped offline at 16:10 on 06/22 and back online at 08:15AM on 06/23 | K21: 1. SR086482 2. SR086612 3. SR086720
A22: Kohls - North Amherst | B22: NY | C22: 32245 | D22: 0 | E22: =IF(AND(ISNUMBER(C22),ISNUMBER(D22)), C22-D22, "") -> 32245 | G22: 44277.81 | H22: =IF(AND(ISNUMBER(C22),ISNUMBER(G22)), C22-G22, "") -> -12032.81 | I22: =IFERROR(H22/G22, "") -> -0.27175712
A23: Kohls - Staten Island | B23: NY | C23: 42365 | D23: 0 | E23: =IF(AND(ISNUMBER(C23),ISNUMBER(D23)), C23-D23, "") -> 42365 | G23: 44319.6 | H23: =IF(AND(ISNUMBER(C23),ISNUMBER(G23)), C23-G23, "") -> -1954.6 | I23: =IFERROR(H23/G23, "") -> -0.044102384 | J23: 1. Inverter 10 was offline on 06/17 and is being RMA'd 2. Inverter 20 was offline from 06/27 | K23: 1. SR086339,SR086973 2. SR087029
A24: Kohls - Warminster | B24: PA | C24: 56614 | D24: 0 | E24: =IF(AND(ISNUMBER(C24),ISNUMBER(D24)), C24-D24, "") -> 56614 | G24: 47753.8 | H24: =IF(AND(ISNUMBER(C24),ISNUMBER(G24)), C24-G24, "") -> 8860.2 | I24: =IFERROR(H24/G24, "") -> 0.18553916
A25: Kohls - Waterbury | B25: CT | C25: 47104 | D25: 0 | E25: =IF(AND(ISNUMBER(C25),ISNUMBER(D25)), C25-D25, "") -> 47104 | G25: 41878.69 | H25: =IF(AND(ISNUMBER(C25),ISNUMBER(G25)), C25-G25, "") -> 5225.31 | I25: =IFERROR(H25/G25, "") -> 0.12477253
A26: Mojave Water Agency - Headquarters | B26: CA | E26: =IF(AND(ISNUMBER(C26),ISNUMBER(D26)), C26-D26, "") | H26: =IF(AND(ISNUMBER(C26),ISNUMBER(G26)), C26-G26, "") | I26: =IFERROR(H26/G26, "")
A27: CSU - Bakersfield | B27: CA | E27: =IF(AND(ISNUMBER(C27),ISNUMBER(D27)), C27-D27, "") | H27: =IF(AND(ISNUMBER(C27),ISNUMBER(G27)), C27-G27, "") | I27: =IFERROR(H27/G27, "")
A28: Greenfield USD - Fairfield ES | B28: CA | E28: =IF(AND(ISNUMBER(C28),ISNUMBER(D28)), C28-D28, "") | H28: =IF(AND(ISNUMBER(C28),ISNUMBER(G28)), C28-G28, "") | I28: =IFERROR(H28/G28, "")
A29: Greenfield USD - Granite Point ES | B29: CA | E29: =IF(AND(ISNUMBER(C29),ISNUMBER(D29)), C29-D29, "") | H29: =IF(AND(ISNUMBER(C29),ISNUMBER(G29)), C29-G29, "") | I29: =IFERROR(H29/G29, "")
A30: Greenfield USD - Greenfield MS | B30: CA | E30: =IF(AND(ISNUMBER(C30),ISNUMBER(D30)), C30-D30, "") | H30: =IF(AND(ISNUMBER(C30),ISNUMBER(G30)), C30-G30, "") | I30: =IFERROR(H30/G30, "")
A31: Greenfield USD - Horizon ES | B31: CA | E31: =IF(AND(ISNUMBER(C31),ISNUMBER(D31)), C31-D31, "") | H31: =IF(AND(ISNUMBER(C31),ISNUMBER(G31)), C31-G31, "") | I31: =IFERROR(H31/G31, "")
A32: Greenfield USD - McKee MS | B32: CA | E32: =IF(AND(ISNUMBER(C32),ISNUMBER(D32)), C32-D32, "") | H32: =IF(AND(ISNUMBER(C32),ISNUMBER(G32)), C32-G32, "") | I32: =IFERROR(H32/G32, "")
A33: Greenfield USD - Plantation ES | B33: CA | E33: =IF(AND(ISNUMBER(C33),ISNUMBER(D33)), C33-D33, "") | H33: =IF(AND(ISNUMBER(C33),ISNUMBER(G33)), C33-G33, "") | I33: =IFERROR(H33/G33, "")
A34: Greenfield USD - Planz ES | B34: CA | E34: =IF(AND(ISNUMBER(C34),ISNUMBER(D34)), C34-D34, "") | H34: =IF(AND(ISNUMBER(C34),ISNUMBER(G34)), C34-G34, "") | I34: =IFERROR(H34/G34, "")
A35: Greenfield USD - Raffaello Palla ES | B35: CA | E35: =IF(AND(ISNUMBER(C35),ISNUMBER(D35)), C35-D35, "") | H35: =IF(AND(ISNUMBER(C35),ISNUMBER(G35)), C35-G35, "") | I35: =IFERROR(H35/G35, "")
A36: Greenfield USD - Valle Verde ES | B36: CA | E36: =IF(AND(ISNUMBER(C36),ISNUMBER(D36)), C36-D36, "") | H36: =IF(AND(ISNUMBER(C36),ISNUMBER(G36)), C36-G36, "") | I36: =IFERROR(H36/G36, "")
A37: Greenfield USD - W.A. Kendrick ES | B37: CA | E37: =IF(AND(ISNUMBER(C37),ISNUMBER(D37)), C37-D37, "") | H37: =IF(AND(ISNUMBER(C37),ISNUMBER(G37)), C37-G37, "") | I37: =IFERROR(H37/G37, "")
... A68: Snowline SD - Vista Verde ES | B68: CA | E68: =IF(AND(ISNUMBER(C68),ISNUMBER(D68)), C68-D68, "") | H68: =IF(AND(ISNUMBER(C68),ISNUMBER(G68)), C68-G68, "") | I68: =IFERROR(H68/G68, "")

Sheet Jul
A1: {=portfolio} -> Silicon Ranch | D1: July Actual v. Expected | G1: July Actual v. Forecasted
A2: Total | C2: =SUM(C4:C100) -> 1219814 | D2: =SUM(D4:D100) -> 0 | E2: =C2-D2 -> 1219814 | F2: =IFERROR(E2/D2, 0) -> 0 | G2: =SUM(G4:G100) -> 1290222 | H2: =C2-G2 -> -70408 | I2: =IFERROR(H2/G2, 0) -> -0.054570454 | J2: =IF(AND(TODAY()>DATE(2024, 7, 1), COUNTA(Sites[Site])<>(COUNT(C:C)-1)), "Some sites are missing actual data; if new sites were added, make sure they are aligned correctly (including prior months!)", "") -> Some sites are missing actual data; if new sites were added, make sure they are aligned correctly (including prior months!)
A3: Site | B3: State | C3: Actual | D3: Expected | E3: Delta | F3: % | G3: Forecasted | H3: Delta | I3: % | J3: Notes | K3: Service Requests
A4: {=Sites[Site]} -> Iron Mountain - Windsor | B4: {=Sites[State]} -> CT | C4: 35782 | D4: 0 | E4: =IF(AND(ISNUMBER(C4),ISNUMBER(D4)), C4-D4, "") -> 35782 | F4: =IFERROR(E4/D4, "") | G4: 35953 | H4: =IF(AND(ISNUMBER(C4),ISNUMBER(G4)), C4-G4, "") -> -171 | I4: =IFERROR(H4/G4, "") -> -0.0047562095
A5: Kohls - Auburn | B5: NY | C5: 43412 | D5: 0 | E5: =IF(AND(ISNUMBER(C5),ISNUMBER(D5)), C5-D5, "") -> 43412 | F5: =IFERROR(E5/D5, "") | G5: 44557 | H5: =IF(AND(ISNUMBER(C5),ISNUMBER(G5)), C5-G5, "") -> -1145 | I5: =IFERROR(H5/G5, "") -> -0.025697421
A6: Kohls - Bensalem | B6: PA | C6: 42901 | D6: 0 | E6: =IF(AND(ISNUMBER(C6),ISNUMBER(D6)), C6-D6, "") -> 42901 | F6: =IFERROR(E6/D6, "") | G6: 39812 | H6: =IF(AND(ISNUMBER(C6),ISNUMBER(G6)), C6-G6, "") -> 3089 | I6: =IFERROR(H6/G6, "") -> 0.077589671
A7: Kohls - Brick | B7: NJ | C7: 51013 | D7: 0 | E7: =IF(AND(ISNUMBER(C7),ISNUMBER(D7)), C7-D7, "") -> 51013 | F7: =IFERROR(E7/D7, "") | G7: 49484 | H7: =IF(AND(ISNUMBER(C7),ISNUMBER(G7)), C7-G7, "") -> 1529 | I7: =IFERROR(H7/G7, "") -> 0.030898876
A8: Kohls - Buffalo | B8: NY | C8: 65280 | D8: 0 | E8: =IF(AND(ISNUMBER(C8),ISNUMBER(D8)), C8-D8, "") -> 65280 | F8: =IFERROR(E8/D8, "") | G8: 52881 | H8: =IF(AND(ISNUMBER(C8),ISNUMBER(G8)), C8-G8, "") -> 12399 | I8: =IFERROR(H8/G8, "") -> 0.23446985 | J8: 1.Inverter 5 tripped offline at 10:40am on 07/12 and back online at 3:30pm on 07/22. 2.Meter has not communicated from 06/17 and regained its communication on 07/13. Again meter stopped communicating on 07/23 and regained communication on 07/30. | K8: 1.SR087625 2.SR086338
A9: Kohls - Canton | B9: CT | C9: 17428 | D9: 0 | E9: =IF(AND(ISNUMBER(C9),ISNUMBER(D9)), C9-D9, "") -> 17428 | F9: =IFERROR(E9/D9, "") | G9: 16394 | H9: =IF(AND(ISNUMBER(C9),ISNUMBER(G9)), C9-G9, "") -> 1034 | I9: =IFERROR(H9/G9, "") -> 0.063071856 | J9: 1.Inverter was taken offline from 12:20 on 07/15 to 14:50 on 07/15. | K9: 1.PM8439
A10: Kohls - East Amherst | B10: NY | C10: 47699 | D10: 0 | E10: =IF(AND(ISNUMBER(C10),ISNUMBER(D10)), C10-D10, "") -> 47699 | F10: =IFERROR(E10/D10, "") | G10: 48565 | H10: =IF(AND(ISNUMBER(C10),ISNUMBER(G10)), C10-G10, "") -> -866 | I10: =IFERROR(H10/G10, "") -> -0.017831772
A11: Kohls - East Brunswick | B11: NJ | C11: 59413 | D11: 0 | E11: =IF(AND(ISNUMBER(C11),ISNUMBER(D11)), C11-D11, "") -> 59413 | F11: =IFERROR(E11/D11, "") | G11: 61415 | H11: =IF(AND(ISNUMBER(C11),ISNUMBER(G11)), C11-G11, "") -> -2002 | I11: =IFERROR(H11/G11, "") -> -0.0325979
A12: Kohls - Edgewood | B12: MD | C12: 282815 | D12: 0 | E12: =IF(AND(ISNUMBER(C12),ISNUMBER(D12)), C12-D12, "") -> 282815 | F12: =IFERROR(E12/D12, "") | G12: 324326 | H12: =IF(AND(ISNUMBER(C12),ISNUMBER(G12)), C12-G12, "") -> -41511 | I12: =IFERROR(H12/G12, "") -> -0.12799159 | J12: 1.Inverter 3 offline from 07/01 and back online at 07:35AM on 07/02. 2.Inverter 1 offline from 07/01 and back online at 02:40PM on 07/03. 3.Inverter 2 is offline on 07/16 and back online on 07/17 and also again offline on 07/19 and back online on 07/20. | K12: 1.SR087100 2.SR087100 3.SR087740
A13: Kohls - Granite Run | B13: PA | C13: 41499 | D13: 0 | E13: =IF(AND(ISNUMBER(C13),ISNUMBER(D13)), C13-D13, "") -> 41499 | F13: =IFERROR(E13/D13, "") | G13: 39471 | H13: =IF(AND(ISNUMBER(C13),ISNUMBER(G13)), C13-G13, "") -> 2028 | I13: =IFERROR(H13/G13, "") -> 0.051379494
A14: Kohls - Greece | B14: NY | C14: 32688 | D14: 0 | E14: =IF(AND(ISNUMBER(C14),ISNUMBER(D14)), C14-D14, "") -> 32688 | F14: =IFERROR(E14/D14, "") | G14: 50411 | H14: =IF(AND(ISNUMBER(C14),ISNUMBER(G14)), C14-G14, "") -> -17723 | I14: =IFERROR(H14/G14, "") -> -0.35157009
A15: Kohls - Hanover | B15: PA | C15: 33019 | D15: 0 | E15: =IF(AND(ISNUMBER(C15),ISNUMBER(D15)), C15-D15, "") -> 33019 | F15: =IFERROR(E15/D15, "") | G15: 44333 | H15: =IF(AND(ISNUMBER(C15),ISNUMBER(G15)), C15-G15, "") -> -11314 | I15: =IFERROR(H15/G15, "") -> -0.25520493 | J15: 1.Inverter have multiple tripping events through out the month. | K15: 1.SR087422
A16: Kohls - Horsehead | B16: NY | C16: 37604 | D16: 0 | E16: =IF(AND(ISNUMBER(C16),ISNUMBER(D16)), C16-D16, "") -> 37604 | F16: =IFERROR(E16/D16, "") | G16: 37006 | H16: =IF(AND(ISNUMBER(C16),ISNUMBER(G16)), C16-G16, "") -> 598 | I16: =IFERROR(H16/G16, "") -> 0.016159542
A17: Kohls - Hudson | B17: NY | C17: 42163 | D17: 0 | E17: =IF(AND(ISNUMBER(C17),ISNUMBER(D17)), C17-D17, "") -> 42163 | F17: =IFERROR(E17/D17, "") | G17: 41900 | H17: =IF(AND(ISNUMBER(C17),ISNUMBER(G17)), C17-G17, "") -> 263 | I17: =IFERROR(H17/G17, "") -> 0.0062768496 | J17: 1.Inverter tripped offline at 03:20PM on 07/17 and back online at 4:25PM on same day. | K17: 1.SR087851
A18: Kohls - Ithaca | B18: NY | C18: 39218 | D18: 0 | E18: =IF(AND(ISNUMBER(C18),ISNUMBER(D18)), C18-D18, "") -> 39218 | F18: =IFERROR(E18/D18, "") | G18: 42348 | H18: =IF(AND(ISNUMBER(C18),ISNUMBER(G18)), C18-G18, "") -> -3130 | I18: =IFERROR(H18/G18, "") -> -0.073911401
A19: Kohls - Kingston | B19: NY | C19: 57863 | D19: 0 | E19: =IF(AND(ISNUMBER(C19),ISNUMBER(D19)), C19-D19, "") -> 57863 | F19: =IFERROR(E19/D19, "") | G19: 61988 | H19: =IF(AND(ISNUMBER(C19),ISNUMBER(G19)), C19-G19, "") -> -4125 | I19: =IFERROR(H19/G19, "") -> -0.066545138
A20: Kohls - Mechanicsburg | B20: PA | C20: 53334 | D20: 0 | E20: =IF(AND(ISNUMBER(C20),ISNUMBER(D20)), C20-D20, "") -> 53334 | F20: =IFERROR(E20/D20, "") | G20: 51760 | H20: =IF(AND(ISNUMBER(C20),ISNUMBER(G20)), C20-G20, "") -> 1574 | I20: =IFERROR(H20/G20, "") -> 0.030409583
A21: Kohls - Middletown | B21: NJ | C21: 76290 | D21: 0 | E21: =IF(AND(ISNUMBER(C21),ISNUMBER(D21)), C21-D21, "") -> 76290 | F21: =IFERROR(E21/D21, "") | G21: 70863 | H21: =IF(AND(ISNUMBER(C21),ISNUMBER(G21)), C21-G21, "") -> 5427 | I21: =IFERROR(H21/G21, "") -> 0.076584395
A22: Kohls - North Amherst | B22: NY | C22: 35059 | D22: 0 | E22: =IF(AND(ISNUMBER(C22),ISNUMBER(D22)), C22-D22, "") -> 35059 | F22: =IFERROR(E22/D22, "") | G22: 45023 | H22: =IF(AND(ISNUMBER(C22),ISNUMBER(G22)), C22-G22, "") -> -9964 | I22: =IFERROR(H22/G22, "") -> -0.22130911 | J22: 1.site is underperforming compared to previous year by about 2.5%, and peak power is about 9% low | K22: 1.SR087900
A23: Kohls - Staten Island | B23: NY | C23: 36847 | D23: 0 | E23: =IF(AND(ISNUMBER(C23),ISNUMBER(D23)), C23-D23, "") -> 36847 | F23: =IFERROR(E23/D23, "") | G23: 40968 | H23: =IF(AND(ISNUMBER(C23),ISNUMBER(G23)), C23-G23, "") -> -4121 | I23: =IFERROR(H23/G23, "") -> -0.1005907 | J23: 1.Inverter 20 offline from 07/01 and back online on 07/19 at 10:15AM and also again offline from 07/22. 2.Inverter 10 offline from 07/01 and is being RMA'd | K23: 1.SR087994 2.SR086339,SR086973
A24: Kohls - Warminster | B24: PA | C24: 49126 | D24: 0 | E24: =IF(AND(ISNUMBER(C24),ISNUMBER(D24)), C24-D24, "") -> 49126 | F24: =IFERROR(E24/D24, "") | G24: 48666 | H24: =IF(AND(ISNUMBER(C24),ISNUMBER(G24)), C24-G24, "") -> 460 | I24: =IFERROR(H24/G24, "") -> 0.0094521843 | J24: 1.Inverter tripped offline at 2:40 on 07/10 and back online at 04:20PM. | K24: 1.SR087560
A25: Kohls - Waterbury | B25: CT | C25: 39361 | D25: 0 | E25: =IF(AND(ISNUMBER(C25),ISNUMBER(D25)), C25-D25, "") -> 39361 | F25: =IFERROR(E25/D25, "") | G25: 42098 | H25: =IF(AND(ISNUMBER(C25),ISNUMBER(G25)), C25-G25, "") -> -2737 | I25: =IFERROR(H25/G25, "") -> -0.065014965 | J25: 1.Site tripped offline on 07/09 at 06:20AM and back online at 12:45PM on 07/10. | K25: 1.SR087539
A26: Mojave Water Agency - Headquarters | B26: CA | E26: =IF(AND(ISNUMBER(C26),ISNUMBER(D26)), C26-D26, "") | F26: =IFERROR(E26/D26, "") | H26: =IF(AND(ISNUMBER(C26),ISNUMBER(G26)), C26-G26, "") | I26: =IFERROR(H26/G26, "")
A27: CSU - Bakersfield | B27: CA | E27: =IF(AND(ISNUMBER(C27),ISNUMBER(D27)), C27-D27, "") | F27: =IFERROR(E27/D27, "") | H27: =IF(AND(ISNUMBER(C27),ISNUMBER(G27)), C27-G27, "") | I27: =IFERROR(H27/G27, "")
A28: Greenfield USD - Fairfield ES | B28: CA | E28: =IF(AND(ISNUMBER(C28),ISNUMBER(D28)), C28-D28, "") | F28: =IFERROR(E28/D28, "") | H28: =IF(AND(ISNUMBER(C28),ISNUMBER(G28)), C28-G28, "") | I28: =IFERROR(H28/G28, "")
A29: Greenfield USD - Granite Point ES | B29: CA | E29: =IF(AND(ISNUMBER(C29),ISNUMBER(D29)), C29-D29, "") | F29: =IFERROR(E29/D29, "") | H29: =IF(AND(ISNUMBER(C29),ISNUMBER(G29)), C29-G29, "") | I29: =IFERROR(H29/G29, "")
A30: Greenfield USD - Greenfield MS | B30: CA | E30: =IF(AND(ISNUMBER(C30),ISNUMBER(D30)), C30-D30, "") | F30: =IFERROR(E30/D30, "") | H30: =IF(AND(ISNUMBER(C30),ISNUMBER(G30)), C30-G30, "") | I30: =IFERROR(H30/G30, "")
A31: Greenfield USD - Horizon ES | B31: CA | E31: =IF(AND(ISNUMBER(C31),ISNUMBER(D31)), C31-D31, "") | F31: =IFERROR(E31/D31, "") | H31: =IF(AND(ISNUMBER(C31),ISNUMBER(G31)), C31-G31, "") | I31: =IFERROR(H31/G31, "")
A32: Greenfield USD - McKee MS | B32: CA | E32: =IF(AND(ISNUMBER(C32),ISNUMBER(D32)), C32-D32, "") | F32: =IFERROR(E32/D32, "") | H32: =IF(AND(ISNUMBER(C32),ISNUMBER(G32)), C32-G32, "") | I32: =IFERROR(H32/G32, "")
A33: Greenfield USD - Plantation ES | B33: CA | E33: =IF(AND(ISNUMBER(C33),ISNUMBER(D33)), C33-D33, "") | F33: =IFERROR(E33/D33, "") | H33: =IF(AND(ISNUMBER(C33),ISNUMBER(G33)), C33-G33, "") | I33: =IFERROR(H33/G33, "")
A34: Greenfield USD - Planz ES | B34: CA | E34: =IF(AND(ISNUMBER(C34),ISNUMBER(D34)), C34-D34, "") | F34: =IFERROR(E34/D34, "") | H34: =IF(AND(ISNUMBER(C34),ISNUMBER(G34)), C34-G34, "") | I34: =IFERROR(H34/G34, "")
A35: Greenfield USD - Raffaello Palla ES | B35: CA | E35: =IF(AND(ISNUMBER(C35),ISNUMBER(D35)), C35-D35, "") | F35: =IFERROR(E35/D35, "") | H35: =IF(AND(ISNUMBER(C35),ISNUMBER(G35)), C35-G35, "") | I35: =IFERROR(H35/G35, "")
A36: Greenfield USD - Valle Verde ES | B36: CA | E36: =IF(AND(ISNUMBER(C36),ISNUMBER(D36)), C36-D36, "") | F36: =IFERROR(E36/D36, "") | H36: =IF(AND(ISNUMBER(C36),ISNUMBER(G36)), C36-G36, "") | I36: =IFERROR(H36/G36, "")
A37: Greenfield USD - W.A. Kendrick ES | B37: CA | E37: =IF(AND(ISNUMBER(C37),ISNUMBER(D37)), C37-D37, "") | F37: =IFERROR(E37/D37, "") | H37: =IF(AND(ISNUMBER(C37),ISNUMBER(G37)), C37-G37, "") | I37: =IFERROR(H37/G37, "")
... A68: Snowline SD - Vista Verde ES | B68: CA | E68: =IF(AND(ISNUMBER(C68),ISNUMBER(D68)), C68-D68, "") | F68: =IFERROR(E68/D68, "") | H68: =IF(AND(ISNUMBER(C68),ISNUMBER(G68)), C68-G68, "") | I68: =IFERROR(H68/G68, "")

Sheet Aug
A1: {=portfolio} -> Silicon Ranch | D1: August Actual v. Expected | G1: August Actual v. Forecasted
A2: Total | C2: =SUM(C4:C100) -> 3139844 | D2: =SUM(D4:D100) -> 0 | E2: =C2-D2 -> 3139844 | F2: =IFERROR(E2/D2, 0) -> 0 | G2: =SUM(G4:G100) -> 4879636.3 | H2: =C2-G2 -> -1739792.3 | I2: =IFERROR(H2/G2, 0) -> -0.35654139 | J2: =IF(AND(TODAY()>DATE(2024, 8, 1), COUNTA(Sites[Site])<>(COUNT(C:C)-1)), "Some sites are missing actual data; if new sites were added, make sure they are aligned correctly (including prior months!)", "")
A3: {=portfolio} -> Silicon Ranch | B3: State | C3: Actual | D3: Expected | E3: Delta | F3: % | G3: Forecasted | H3: Delta | I3: % | J3: Notes | K3: Service Requests
A4: {=Sites[Site]} -> Iron Mountain - Windsor | B4: {=Sites[State]} -> CT | C4: 31134 | D4: 0 | E4: =IF(AND(ISNUMBER(C4),ISNUMBER(D4)), C4-D4, "") -> 31134 | F4: =IFERROR(E4/D4, "") | G4: 32647.29 | H4: =IF(AND(ISNUMBER(C4),ISNUMBER(G4)), C4-G4, "") -> -1513.29 | I4: =IFERROR(H4/G4, "") -> -0.046352699
A5: Kohls - Auburn | B5: NY | C5: 35466 | D5: 0 | E5: =IF(AND(ISNUMBER(C5),ISNUMBER(D5)), C5-D5, "") -> 35466 | F5: =IFERROR(E5/D5, "") | G5: 40166.96 | H5: =IF(AND(ISNUMBER(C5),ISNUMBER(G5)), C5-G5, "") -> -4700.96 | I5: =IFERROR(H5/G5, "") -> -0.11703549
A6: Kohls - Bensalem | B6: PA | C6: 39773 | D6: 0 | E6: =IF(AND(ISNUMBER(C6),ISNUMBER(D6)), C6-D6, "") -> 39773 | F6: =IFERROR(E6/D6, "") | G6: 38397.45 | H6: =IF(AND(ISNUMBER(C6),ISNUMBER(G6)), C6-G6, "") -> 1375.55 | I6: =IFERROR(H6/G6, "") -> 0.035823994
A7: Kohls - Brick | B7: NJ | C7: 47399 | D7: 0 | E7: =IF(AND(ISNUMBER(C7),ISNUMBER(D7)), C7-D7, "") -> 47399 | F7: =IFERROR(E7/D7, "") | G7: 42300.23 | H7: =IF(AND(ISNUMBER(C7),ISNUMBER(G7)), C7-G7, "") -> 5098.77 | I7: =IFERROR(H7/G7, "") -> 0.12053764
A8: Kohls - Buffalo | B8: NY | C8: 42103 | D8: 0 | E8: =IF(AND(ISNUMBER(C8),ISNUMBER(D8)), C8-D8, "") -> 42103 | F8: =IFERROR(E8/D8, "") | G8: 48752.2 | H8: =IF(AND(ISNUMBER(C8),ISNUMBER(G8)), C8-G8, "") -> -6649.2 | I8: =IFERROR(H8/G8, "") -> -0.13638769 | J8: 1.Inverter 5 underperforming ~10kW, possibly 2 strings down. | K8: 1.SR089711
A9: Kohls - Canton | B9: CT | C9: 15464 | D9: 0 | E9: =IF(AND(ISNUMBER(C9),ISNUMBER(D9)), C9-D9, "") -> 15464 | F9: =IFERROR(E9/D9, "") | G9: 15010.35 | H9: =IF(AND(ISNUMBER(C9),ISNUMBER(G9)), C9-G9, "") -> 453.65 | I9: =IFERROR(H9/G9, "") -> 0.03022248
A10: Kohls - East Amherst | B10: NY | C10: 38077 | D10: 0 | E10: =IF(AND(ISNUMBER(C10),ISNUMBER(D10)), C10-D10, "") -> 38077 | F10: =IFERROR(E10/D10, "") | G10: 42693.13 | H10: =IF(AND(ISNUMBER(C10),ISNUMBER(G10)), C10-G10, "") -> -4616.13 | I10: =IFERROR(H10/G10, "") -> -0.10812348
A11: Kohls - East Brunswick | B11: NJ | C11: 52428 | D11: 0 | E11: =IF(AND(ISNUMBER(C11),ISNUMBER(D11)), C11-D11, "") -> 52428 | F11: =IFERROR(E11/D11, "") | G11: 54698.89 | H11: =IF(AND(ISNUMBER(C11),ISNUMBER(G11)), C11-G11, "") -> -2270.89 | I11: =IFERROR(H11/G11, "") -> -0.041516199
A12: Kohls - Edgewood | B12: MD | C12: 275040 | D12: 0 | E12: =IF(AND(ISNUMBER(C12),ISNUMBER(D12)), C12-D12, "") -> 275040 | F12: =IFERROR(E12/D12, "") | G12: 288701.82 | H12: =IF(AND(ISNUMBER(C12),ISNUMBER(G12)), C12-G12, "") -> -13661.82 | I12: =IFERROR(H12/G12, "") -> -0.047321558
A13: Kohls - Granite Run | B13: PA | C13: 36675 | D13: 0 | E13: =IF(AND(ISNUMBER(C13),ISNUMBER(D13)), C13-D13, "") -> 36675 | F13: =IFERROR(E13/D13, "") | G13: 37691 | H13: =IF(AND(ISNUMBER(C13),ISNUMBER(G13)), C13-G13, "") -> -1016 | I13: =IFERROR(H13/G13, "") -> -0.026956037
A14: Kohls - Greece | B14: NY | C14: 27051 | D14: 0 | E14: =IF(AND(ISNUMBER(C14),ISNUMBER(D14)), C14-D14, "") -> 27051 | F14: =IFERROR(E14/D14, "") | G14: 45648.09 | H14: =IF(AND(ISNUMBER(C14),ISNUMBER(G14)), C14-G14, "") -> -18597.09 | I14: =IFERROR(H14/G14, "") -> -0.40740127
A15: Kohls - Hanover | B15: PA | C15: 13530 | D15: 0 | E15: =IF(AND(ISNUMBER(C15),ISNUMBER(D15)), C15-D15, "") -> 13530 | F15: =IFERROR(E15/D15, "") | G15: 39416.97 | H15: =IF(AND(ISNUMBER(C15),ISNUMBER(G15)), C15-G15, "") -> -25886.97 | I15: =IFERROR(H15/G15, "") -> -0.65674683 | J15: 1.Inverter frequently tripping on and off and reporting Erroneous values from 08/08 | K15: 1.SR087422
A16: Kohls - Horsehead | B16: NY | C16: 28363 | D16: 0 | E16: =IF(AND(ISNUMBER(C16),ISNUMBER(D16)), C16-D16, "") -> 28363 | F16: =IFERROR(E16/D16, "") | G16: 33464.7 | H16: =IF(AND(ISNUMBER(C16),ISNUMBER(G16)), C16-G16, "") -> -5101.7 | I16: =IFERROR(H16/G16, "") -> -0.15245019
A17: Kohls - Hudson | B17: NY | C17: 32446 | D17: 0 | E17: =IF(AND(ISNUMBER(C17),ISNUMBER(D17)), C17-D17, "") -> 32446 | F17: =IFERROR(E17/D17, "") | G17: 38526.35 | H17: =IF(AND(ISNUMBER(C17),ISNUMBER(G17)), C17-G17, "") -> -6080.35 | I17: =IFERROR(H17/G17, "") -> -0.15782315 | J17: 1.Site stopped communicating at 01:05 PM on 08/30, thermal damage to A and C phase blades and conductors in the AC Disconnect. The disconnect has been left in the off position. | K17: 1.SR089765
A18: Kohls - Ithaca | B18: NY | C18: 30408 | D18: 0 | E18: =IF(AND(ISNUMBER(C18),ISNUMBER(D18)), C18-D18, "") -> 30408 | F18: =IFERROR(E18/D18, "") | G18: 39654.27 | H18: =IF(AND(ISNUMBER(C18),ISNUMBER(G18)), C18-G18, "") -> -9246.27 | I18: =IFERROR(H18/G18, "") -> -0.23317211
A19: Kohls - Kingston | B19: NY | C19: 47188 | D19: 0 | E19: =IF(AND(ISNUMBER(C19),ISNUMBER(D19)), C19-D19, "") -> 47188 | F19: =IFERROR(E19/D19, "") | G19: 56955.241 | H19: =IF(AND(ISNUMBER(C19),ISNUMBER(G19)), C19-G19, "") -> -9767.241 | I19: =IFERROR(H19/G19, "") -> -0.17148977
A20: Kohls - Mechanicsburg | B20: PA | C20: 45422 | D20: 0 | E20: =IF(AND(ISNUMBER(C20),ISNUMBER(D20)), C20-D20, "") -> 45422 | F20: =IFERROR(E20/D20, "") | G20: 46027.84 | H20: =IF(AND(ISNUMBER(C20),ISNUMBER(G20)), C20-G20, "") -> -605.84 | I20: =IFERROR(H20/G20, "") -> -0.013162469
A21: Kohls - Middletown | B21: NJ | C21: 69153 | D21: 0 | E21: =IF(AND(ISNUMBER(C21),ISNUMBER(D21)), C21-D21, "") -> 69153 | F21: =IFERROR(E21/D21, "") | G21: 66245.31 | H21: =IF(AND(ISNUMBER(C21),ISNUMBER(G21)), C21-G21, "") -> 2907.69 | I21: =IFERROR(H21/G21, "") -> 0.043892768
A22: Kohls - North Amherst | B22: NY | C22: 9529 | D22: 0 | E22: =IF(AND(ISNUMBER(C22),ISNUMBER(D22)), C22-D22, "") -> 9529 | F22: =IFERROR(E22/D22, "") | G22: 40642.37 | H22: =IF(AND(ISNUMBER(C22),ISNUMBER(G22)), C22-G22, "") -> -31113.37 | I22: =IFERROR(H22/G22, "") -> -0.76554025 | J22: 1.Site tripped offline at 09:30 Am On 08/12 , inverter voltages are dropped to zero but meter voltages are available | K22: 1.SR088924
A23: Kohls - Staten Island | B23: NY | C23: 16302 | D23: 0 | E23: =IF(AND(ISNUMBER(C23),ISNUMBER(D23)), C23-D23, "") -> 16302 | F23: =IFERROR(E23/D23, "") | G23: 38451.05 | H23: =IF(AND(ISNUMBER(C23),ISNUMBER(G23)), C23-G23, "") -> -22149.05 | I23: =IFERROR(H23/G23, "") -> -0.57603238 | J23: 1.site tripped offline at 9:05am on 08/17 till date | K23: 1.SR089189
A24: Kohls - Warminster | B24: PA | C24: 46528 | D24: 0 | E24: =IF(AND(ISNUMBER(C24),ISNUMBER(D24)), C24-D24, "") -> 46528 | F24: =IFERROR(E24/D24, "") | G24: 46945.13 | H24: =IF(AND(ISNUMBER(C24),ISNUMBER(G24)), C24-G24, "") -> -417.13 | I24: =IFERROR(H24/G24, "") -> -0.0088854797
A25: Kohls - Waterbury | B25: CT | C25: 37940 | D25: 0 | E25: =IF(AND(ISNUMBER(C25),ISNUMBER(D25)), C25-D25, "") -> 37940 | F25: =IFERROR(E25/D25, "") | G25: 38854.63 | H25: =IF(AND(ISNUMBER(C25),ISNUMBER(G25)), C25-G25, "") -> -914.63 | I25: =IFERROR(H25/G25, "") -> -0.023539794
A26: Mojave Water Agency - Headquarters | B26: CA | C26: 47225 | D26: 0 | E26: =IF(AND(ISNUMBER(C26),ISNUMBER(D26)), C26-D26, "") -> 47225 | F26: =IFERROR(E26/D26, "") | G26: 38126 | H26: =IF(AND(ISNUMBER(C26),ISNUMBER(G26)), C26-G26, "") -> 9099 | I26: =IFERROR(H26/G26, "") -> 0.23865604
A27: CSU - Bakersfield | B27: CA | C27: 12502 | D27: 0 | E27: =IF(AND(ISNUMBER(C27),ISNUMBER(D27)), C27-D27, "") -> 12502 | F27: =IFERROR(E27/D27, "") | G27: 175723.62 | H27: =IF(AND(ISNUMBER(C27),ISNUMBER(G27)), C27-G27, "") -> -163221.62 | I27: =IFERROR(H27/G27, "") -> -0.92885419
A28: Greenfield USD - Fairfield ES | B28: CA | C28: 5479 | D28: 0 | E28: =IF(AND(ISNUMBER(C28),ISNUMBER(D28)), C28-D28, "") -> 5479 | F28: =IFERROR(E28/D28, "") | G28: 16661.51 | H28: =IF(AND(ISNUMBER(C28),ISNUMBER(G28)), C28-G28, "") -> -11182.51 | I28: =IFERROR(H28/G28, "") -> -0.67115826
A29: Greenfield USD - Granite Point ES | B29: CA | C29: 25332 | D29: 0 | E29: =IF(AND(ISNUMBER(C29),ISNUMBER(D29)), C29-D29, "") -> 25332 | F29: =IFERROR(E29/D29, "") | G29: 44010.44 | H29: =IF(AND(ISNUMBER(C29),ISNUMBER(G29)), C29-G29, "") -> -18678.44 | I29: =IFERROR(H29/G29, "") -> -0.4244093 | J29: 1.Inverter 1 Pad 1 is back online at 14:40 on 08/02 2.Inverter 1 pad 1 and inverter 2 pad 1 were offline from 16:25 on 08/07 and back online at 15:30 on 08/19 | K29: 1.SR088545 2.SR088546
A30: Greenfield USD - Greenfield MS | B30: CA | C30: 15624 | D30: 0 | E30: =IF(AND(ISNUMBER(C30),ISNUMBER(D30)), C30-D30, "") -> 15624 | F30: =IFERROR(E30/D30, "") | G30: 29990.71 | H30: =IF(AND(ISNUMBER(C30),ISNUMBER(G30)), C30-G30, "") -> -14366.71 | I30: =IFERROR(H30/G30, "") -> -0.47903868 | J30: 1.Inverter Pad 2 Offline is offline from 08/01 and back online from 13:35 on 08/14 2.Inverter Pad 1 is offline from 08/25 and back online on 08/27 at 09:30 | K30: 1.SR089022 2.SR089518
A31: Greenfield USD - Horizon ES | B31: CA | C31: 24256 | D31: 0 | E31: =IF(AND(ISNUMBER(C31),ISNUMBER(D31)), C31-D31, "") -> 24256 | F31: =IFERROR(E31/D31, "") | G31: 45661.78 | H31: =IF(AND(ISNUMBER(C31),ISNUMBER(G31)), C31-G31, "") -> -21405.78 | I31: =IFERROR(H31/G31, "") -> -0.46878987 | J31: 1.Inverter 2 Pad b is offline from 08/01 and inverter 1 pad b has tripped offline on 08/14 at 16:00 and inverter 1 pad b is back online on 08/23 at 14:05 & inverter 2 pad A is offline on 08/25 through out the month | K31: 1.SR088247, SR089669
A32: Greenfield USD - McKee MS | B32: CA | C32: 17189 | D32: 0 | E32: =IF(AND(ISNUMBER(C32),ISNUMBER(D32)), C32-D32, "") -> 17189 | F32: =IFERROR(E32/D32, "") | G32: 27880.25 | H32: =IF(AND(ISNUMBER(C32),ISNUMBER(G32)), C32-G32, "") -> -10691.25 | I32: =IFERROR(H32/G32, "") -> -0.38347038
A33: Greenfield USD - Plantation ES | B33: CA | C33: 9374 | D33: 0 | E33: =IF(AND(ISNUMBER(C33),ISNUMBER(D33)), C33-D33, "") -> 9374 | F33: =IFERROR(E33/D33, "") | G33: 19929.01 | H33: =IF(AND(ISNUMBER(C33),ISNUMBER(G33)), C33-G33, "") -> -10555.01 | I33: =IFERROR(H33/G33, "") -> -0.52963042 | J33: 1.Site is online from 08/15 at 08:50 | K33: 1.SR089051
A34: Greenfield USD - Planz ES | B34: CA | C34: 6294 | D34: 0 | E34: =IF(AND(ISNUMBER(C34),ISNUMBER(D34)), C34-D34, "") -> 6294 | F34: =IFERROR(E34/D34, "") | G34: 22548.57 | H34: =IF(AND(ISNUMBER(C34),ISNUMBER(G34)), C34-G34, "") -> -16254.57 | I34: =IFERROR(H34/G34, "") -> -0.72086922
A35: Greenfield USD - Raffaello Palla ES | B35: CA | C35: 34936 | D35: 0 | E35: =IF(AND(ISNUMBER(C35),ISNUMBER(D35)), C35-D35, "") -> 34936 | F35: =IFERROR(E35/D35, "") | G35: 49336.57 | H35: =IF(AND(ISNUMBER(C35),ISNUMBER(G35)), C35-G35, "") -> -14400.57 | I35: =IFERROR(H35/G35, "") -> -0.2918843
A36: Greenfield USD - Valle Verde ES | B36: CA | C36: 38421 | D36: 0 | E36: =IF(AND(ISNUMBER(C36),ISNUMBER(D36)), C36-D36, "") -> 38421 | F36: =IFERROR(E36/D36, "") | G36: 45985.76 | H36: =IF(AND(ISNUMBER(C36),ISNUMBER(G36)), C36-G36, "") -> -7564.76 | I36: =IFERROR(H36/G36, "") -> -0.16450223
A37: Greenfield USD - W.A. Kendrick ES | B37: CA | C37: 0 | D37: 0 | E37: =IF(AND(ISNUMBER(C37),ISNUMBER(D37)), C37-D37, "") -> 0 | F37: =IFERROR(E37/D37, "") | G37: 17725.99 | H37: =IF(AND(ISNUMBER(C37),ISNUMBER(G37)), C37-G37, "") -> -17725.99 | I37: =IFERROR(H37/G37, "") -> -1
A38: Muroc Joint USD - Boron HS | B38: CA | C38: 0 | D38: 0 | E38: =IF(AND(ISNUMBER(C38),ISNUMBER(D38)), C38-D38, "") -> 0 | F38: =IFERROR(E38/D38, "") | G38: 38193 | H38: =IF(AND(ISNUMBER(C38),ISNUMBER(G38)), C38-G38, "") -> -38193 | I38: =IFERROR(H38/G38, "") -> -1 | J38: 1.Site is back online on 08/28 | K38: 1.SR089027
A39: Muroc Joint USD - W. Boron ES | B39: CA | C39: 7600 | D39: 0 | E39: =IF(AND(ISNUMBER(C39),ISNUMBER(D39)), C39-D39, "") -> 7600 | F39: =IFERROR(E39/D39, "") | G39: 14088.83 | H39: =IF(AND(ISNUMBER(C39),ISNUMBER(G39)), C39-G39, "") -> -6488.83 | I39: =IFERROR(H39/G39, "") -> -0.46056557 | J39: 1.Site back online on 08/15 at 13:05 | K39: 1.SR089028
A40: Colusa - WTP | B40: CA | C40: 0 | D40: 0 | E40: =IF(AND(ISNUMBER(C40),ISNUMBER(D40)), C40-D40, "") -> 0 | F40: =IFERROR(E40/D40, "") | G40: 57962.212 | H40: =IF(AND(ISNUMBER(C40),ISNUMBER(G40)), C40-G40, "") -> -57962.212 | I40: =IFERROR(H40/G40, "") -> -1 | J40: 1.No communication to DAS, need a replacement needed for meter and modem | K40: 1.SR089464
A41: CDCR-North Kern State Prision | B41: CA | C41: 99430 | D41: 0 | E41: =IF(AND(ISNUMBER(C41),ISNUMBER(D41)), C41-D41, "") -> 99430 | F41: =IFERROR(E41/D41, "") | G41: 250932.45 | H41: =IF(AND(ISNUMBER(C41),ISNUMBER(G41)), C41-G41, "") -> -151502.45 | I41: =IFERROR(H41/G41, "") -> -0.6037579 | J41: 1.Inverter 3 is offline throughout the month | K41: 1.SR089460
A42: Muroc Joint USD - District Office | B42: CA | C42: 3768 | D42: 0 | E42: =IF(AND(ISNUMBER(C42),ISNUMBER(D42)), C42-D42, "") -> 3768 | F42: =IFERROR(E42/D42, "") | G42: 9935.02 | H42: =IF(AND(ISNUMBER(C42),ISNUMBER(G42)), C42-G42, "") -> -6167.02 | I42: =IFERROR(H42/G42, "") -> -0.62073554 | J42: 1.Site is back online on 08/15 at 13:15 | K42: 1.SR089031
A43: Whole Foods - Manhattan Beach | B43: CA | C43: 20073 | D43: 0 | E43: =IF(AND(ISNUMBER(C43),ISNUMBER(D43)), C43-D43, "") -> 20073 | F43: =IFERROR(E43/D43, "") | G43: 21967.92 | H43: =IF(AND(ISNUMBER(C43),ISNUMBER(G43)), C43-G43, "") -> -1894.92 | I43: =IFERROR(H43/G43, "") -> -0.086258508 | J43: 1.Inverters 3 & 8 are offline through out the month | K43: 1.SR089461
A44: Pioneer USD - Frontier ES | B44: CA | C44: 32052 | D44: 0 | E44: =IF(AND(ISNUMBER(C44),ISNUMBER(D44)), C44-D44, "") -> 32052 | F44: =IFERROR(E44/D44, "") | G44: 39025.04 | H44: =IF(AND(ISNUMBER(C44),ISNUMBER(G44)), C44-G44, "") -> -6973.04 | I44: =IFERROR(H44/G44, "") -> -0.17868117
A45: Pioneer USD - Pioneer ES | B45: CA | C45: 18816 | D45: 0 | E45: =IF(AND(ISNUMBER(C45),ISNUMBER(D45)), C45-D45, "") -> 18816 | F45: =IFERROR(E45/D45, "") | G45: 39672.16 | H45: =IF(AND(ISNUMBER(C45),ISNUMBER(G45)), C45-G45, "") -> -20856.16 | I45: =IFERROR(H45/G45, "") -> -0.52571274 | J45: 1.Weather station is not communicating through out the month | K45: 1.SR085968
A46: Pioneer USD - Pioneer MS | B46: CA | C46: 40716 | D46: 0 | E46: =IF(AND(ISNUMBER(C46),ISNUMBER(D46)), C46-D46, "") -> 40716 | F46: =IFERROR(E46/D46, "") | G46: 53195.61 | H46: =IF(AND(ISNUMBER(C46),ISNUMBER(G46)), C46-G46, "") -> -12479.61 | I46: =IFERROR(H46/G46, "") -> -0.23459849 | J46: 1.Weather station is not communicating through out the month 2.Inverter 2 offline through out the month | K46: 1.SR089470 2.SR089470
A47: Kingsburg Joint UHSD - Kingsburg HS | B47: CA | C47: 61245 | D47: 0 | E47: =IF(AND(ISNUMBER(C47),ISNUMBER(D47)), C47-D47, "") -> 61245 | F47: =IFERROR(E47/D47, "") | G47: 91972.44 | H47: =IF(AND(ISNUMBER(C47),ISNUMBER(G47)), C47-G47, "") -> -30727.44 | I47: =IFERROR(H47/G47, "") -> -0.334094 | J47: 1.Inverters A and B are offline through out the month, Pad C inverters 2 and 3 trip offline frequently | K47: 1.SR089612
A48: CADRB | B48: CA | C48: 649009 | D48: 0 | E48: =IF(AND(ISNUMBER(C48),ISNUMBER(D48)), C48-D48, "") -> 649009 | F48: =IFERROR(E48/D48, "") | G48: 838748 | H48: =IF(AND(ISNUMBER(C48),ISNUMBER(G48)), C48-G48, "") -> -189739 | I48: =IFERROR(H48/G48, "") -> -0.22621693 | J48: 1. Inverter 3 is being RMA'd (inverter 3 is offline from 08/19) | K48: 1. SR086220
A49: CDCR-CA State Prison LA County | B49: CA | C49: 304987 | D49: 0 | E49: =IF(AND(ISNUMBER(C49),ISNUMBER(D49)), C49-D49, "") -> 304987 | F49: =IFERROR(E49/D49, "") | G49: 530579 | H49: =IF(AND(ISNUMBER(C49),ISNUMBER(G49)), C49-G49, "") -> -225592 | I49: =IFERROR(H49/G49, "") -> -0.42518079 | J49: 1. Inverter 1 was not communicatig and inverter 3, 4 were offline. | K49: 1. SR082817
A50: Central USD Akers ES | B50: CA | C50: 30828 | D50: 0 | E50: =IF(AND(ISNUMBER(C50),ISNUMBER(D50)), C50-D50, "") -> 30828 | F50: =IFERROR(E50/D50, "") | G50: 40023 | H50: =IF(AND(ISNUMBER(C50),ISNUMBER(G50)), C50-G50, "") -> -9195 | I50: =IFERROR(H50/G50, "") -> -0.2297429 | J50: 1. Weather station is reporting 0w/m2 | K50: No SR
A51: CUSD - District Office | B51: CA | C51: 25512 | D51: 0 | E51: =IF(AND(ISNUMBER(C51),ISNUMBER(D51)), C51-D51, "") -> 25512 | F51: =IFERROR(E51/D51, "") | G51: 33540.14 | H51: =IF(AND(ISNUMBER(C51),ISNUMBER(G51)), C51-G51, "") -> -8028.14 | I51: =IFERROR(H51/G51, "") -> -0.23935917 | J51: 1. Inverter 1 and 2 were offline from 08/01 and back online on 08/02 at 12:05pm | K51: 1. SR089555
A52: Parlier - WTP | B52: CA | C52: 43735 | D52: 0 | E52: =IF(AND(ISNUMBER(C52),ISNUMBER(D52)), C52-D52, "") -> 43735 | F52: =IFERROR(E52/D52, "") | G52: 105214 | H52: =IF(AND(ISNUMBER(C52),ISNUMBER(G52)), C52-G52, "") -> -61479 | I52: =IFERROR(H52/G52, "") -> -0.58432338 | L52: d
A53: Snowline SD - Quail Valley MS | B53: CA | C53: 46328 | D53: 0 | E53: =IF(AND(ISNUMBER(C53),ISNUMBER(D53)), C53-D53, "") -> 46328 | F53: =IFERROR(E53/D53, "") | G53: 46059.09 | H53: =IF(AND(ISNUMBER(C53),ISNUMBER(G53)), C53-G53, "") -> 268.91 | I53: =IFERROR(H53/G53, "") -> 0.0058383698
A54: Snowline SD - Serrano HS - Middle Lot | B54: CA | C54: 39558 | D54: 0 | E54: =IF(AND(ISNUMBER(C54),ISNUMBER(D54)), C54-D54, "") -> 39558 | F54: =IFERROR(E54/D54, "") | G54: 55638 | H54: =IF(AND(ISNUMBER(C54),ISNUMBER(G54)), C54-G54, "") -> -16080 | I54: =IFERROR(H54/G54, "") -> -0.28901111
A55: Snowline SD - Pinon Hills ES | B55: CA | C55: 0 | D55: 0 | E55: =IF(AND(ISNUMBER(C55),ISNUMBER(D55)), C55-D55, "") -> 0 | F55: =IFERROR(E55/D55, "") | G55: 25006.66 | H55: =IF(AND(ISNUMBER(C55),ISNUMBER(G55)), C55-G55, "") -> -25006.66 | I55: =IFERROR(H55/G55, "") -> -1 | J55: 1. Site offline through out the month | K55: 1.SR080516
A56: Ramona - Santa Maria WTP | B56: CA | C56: 75841 | D56: 0 | E56: =IF(AND(ISNUMBER(C56),ISNUMBER(D56)), C56-D56, "") -> 75841 | F56: =IFERROR(E56/D56, "") | G56: 85658.65 | H56: =IF(AND(ISNUMBER(C56),ISNUMBER(G56)), C56-G56, "") -> -9817.65 | I56: =IFERROR(H56/G56, "") -> -0.11461364
A57: Kohls - Redding | B57: CA | C57: 3328 | D57: 0 | E57: =IF(AND(ISNUMBER(C57),ISNUMBER(D57)), C57-D57, "") -> 3328 | F57: =IFERROR(E57/D57, "") | G57: 34726.47 | H57: =IF(AND(ISNUMBER(C57),ISNUMBER(G57)), C57-G57, "") -> -31398.47 | I57: =IFERROR(H57/G57, "") -> -0.90416532 | J57: 1.Site is offline since 8/4 | K57: 1.SR089473 | L57: d
A58: Kohls - Salinas | B58: CA | C58: 40543 | D58: 0 | E58: =IF(AND(ISNUMBER(C58),ISNUMBER(D58)), C58-D58, "") -> 40543 | F58: =IFERROR(E58/D58, "") | G58: 50234.44 | H58: =IF(AND(ISNUMBER(C58),ISNUMBER(G58)), C58-G58, "") -> -9691.44 | I58: =IFERROR(H58/G58, "") -> -0.19292422 | J58: 1. Inverters 3, 7, 10, 11, 14, and 21 are offline for whole month. | K58: 1. SR089474
A59: Kohls - San Bernardino - Central | B59: CA | C59: 133441 | D59: 0 | E59: =IF(AND(ISNUMBER(C59),ISNUMBER(D59)), C59-D59, "") -> 133441 | F59: =IFERROR(E59/D59, "") | G59: 160429.9 | H59: =IF(AND(ISNUMBER(C59),ISNUMBER(G59)), C59-G59, "") -> -26988.9 | I59: =IFERROR(H59/G59, "") -> -0.16822862
A60: Kohls - Sonora | B60: CA | C60: 32035 | D60: 0 | E60: =IF(AND(ISNUMBER(C60),ISNUMBER(D60)), C60-D60, "") -> 32035 | F60: =IFERROR(E60/D60, "") | G60: 35172.44 | H60: =IF(AND(ISNUMBER(C60),ISNUMBER(G60)), C60-G60, "") -> -3137.44 | I60: =IFERROR(H60/G60, "") -> -0.089201659 | J60: 1. Inverters 3, 7 and 2 were offline for whole month
A61: CUSD - Stratford ES | B61: CA | C61: 24519 | D61: 0 | E61: =IF(AND(ISNUMBER(C61),ISNUMBER(D61)), C61-D61, "") -> 24519 | F61: =IFERROR(E61/D61, "") | G61: 24455.16 | H61: =IF(AND(ISNUMBER(C61),ISNUMBER(G61)), C61-G61, "") -> 63.84 | I61: =IFERROR(H61/G61, "") -> 0.002610492
A62: Taft - City Hall | B62: CA | C62: 7913 | D62: 0 | E62: =IF(AND(ISNUMBER(C62),ISNUMBER(D62)), C62-D62, "") -> 7913 | F62: =IFERROR(E62/D62, "") | G62: 10929.73 | H62: =IF(AND(ISNUMBER(C62),ISNUMBER(G62)), C62-G62, "") -> -3016.73 | I62: =IFERROR(H62/G62, "") -> -0.27601139 | J62: 1.Inverter 1 is back online on 09/04 at 15:00 inverter 2 offline for whole month | K62: 1.SR089732
A63: Taft - Federal Prison | B63: CA | C63: 8481 | D63: 0 | E63: =IF(AND(ISNUMBER(C63),ISNUMBER(D63)), C63-D63, "") -> 8481 | F63: =IFERROR(E63/D63, "") | G63: 17202.07 | H63: =IF(AND(ISNUMBER(C63),ISNUMBER(G63)), C63-G63, "") -> -8721.07 | I63: =IFERROR(H63/G63, "") -> -0.50697794 | J63: 1. Site was offline from 08/01 to 08/02 and again site tripped offline on 08/07 and back online on 08/08 site tripped offline on 08/16 and backonline on 08/20 and site tripped offline on 08/23. | K63: 1. SR088795
A64: Taft - Police Department | B64: CA | C64: 13121 | D64: 0 | E64: =IF(AND(ISNUMBER(C64),ISNUMBER(D64)), C64-D64, "") -> 13121 | F64: =IFERROR(E64/D64, "") | G64: 12499.65 | H64: =IF(AND(ISNUMBER(C64),ISNUMBER(G64)), C64-G64, "") -> 621.35 | I64: =IFERROR(H64/G64, "") -> 0.049709392
A65: Taft - WTP | B65: CA | C65: 0 | D65: 0 | E65: =IF(AND(ISNUMBER(C65),ISNUMBER(D65)), C65-D65, "") -> 0 | F65: =IFERROR(E65/D65, "") | H65: =IF(AND(ISNUMBER(C65),ISNUMBER(G65)), C65-G65, "") | I65: =IFERROR(H65/G65, "") | J65: 1. Inverter 1 being replaced and inverter 2 logic board being replaced. | K65: 1. SR089732
A66: CDCR - CA Correctional Institution | B66: CA | C66: 7488 | D66: 0 | E66: =IF(AND(ISNUMBER(C66),ISNUMBER(D66)), C66-D66, "") -> 7488 | F66: =IFERROR(E66/D66, "") | G66: 26205.7 | H66: =IF(AND(ISNUMBER(C66),ISNUMBER(G66)), C66-G66, "") -> -18717.7 | I66: =IFERROR(H66/G66, "") -> -0.71426064 | J66: 1. Site was not communicated from 08/01 to 08/15 and again site stopped communicating on 08/17. | K66: 1. SR087889, SR088675
A67: CDCR - CA Correctional Institution II | B67: CA | C67: 81731 | D67: 0 | E67: =IF(AND(ISNUMBER(C67),ISNUMBER(D67)), C67-D67, "") -> 81731 | F67: =IFERROR(E67/D67, "") | G67: 390993 | H67: =IF(AND(ISNUMBER(C67),ISNUMBER(G67)), C67-G67, "") -> -309262 | I67: =IFERROR(H67/G67, "") -> -0.79096557 | J67: 1. Site is offline since 08/17. 2. Inverter 1 was offline for whole month. | K67: 1. SR089260 2. SR082867
A68: Snowline SD - Vista Verde ES | B68: CA | C68: 33695 | D68: 0 | E68: =IF(AND(ISNUMBER(C68),ISNUMBER(D68)), C68-D68, "") -> 33695 | F68: =IFERROR(E68/D68, "") | G68: 33905.04 | H68: =IF(AND(ISNUMBER(C68),ISNUMBER(G68)), C68-G68, "") -> -210.04 | I68: =IFERROR(H68/G68, "") -> -0.0061949492

Sheet Sep
A1: {=portfolio} -> Silicon Ranch | D1: September Actual v. Expected | G1: September Actual v. Forecasted
A2: Total | C2: =SUM(C4:C100) -> 2619960 | D2: =SUM(D4:D100) -> 0 | E2: =C2-D2 -> 2619960 | F2: =IFERROR(E2/D2, 0) -> 0 | G2: =SUM(G4:G100) -> 4325337.1 | H2: =C2-G2 -> -1705377.1 | I2: =IFERROR(H2/G2, 0) -> -0.39427612 | J2: =IF(AND(TODAY()>DATE(2024, 9, 1), COUNTA(Sites[Site])<>(COUNT(C:C)-1)), "Some sites are missing actual data; if new sites were added, make sure they are aligned correctly (including prior months!)", "")
A3: Site | B3: State | C3: Actual | D3: Expected | E3: Delta | F3: % | G3: Forecasted | H3: Delta | I3: % | J3: Notes | K3: Service Requests
A4: {=Sites[Site]} -> Iron Mountain - Windsor | B4: {=Sites[State]} -> CT | C4: 27638 | D4: 0 | E4: =IF(AND(ISNUMBER(C4),ISNUMBER(D4)), C4-D4, "") -> 27638 | F4: =IFERROR(E4/D4, "") | G4: 26362.2 | H4: =IF(AND(ISNUMBER(C4),ISNUMBER(G4)), C4-G4, "") -> 1275.8 | I4: =IFERROR(H4/G4, "") -> 0.04839505
A5: Kohls - Auburn | B5: NY | C5: 32620 | D5: 0 | E5: =IF(AND(ISNUMBER(C5),ISNUMBER(D5)), C5-D5, "") -> 32620 | F5: =IFERROR(E5/D5, "") | G5: 31190.22 | H5: =IF(AND(ISNUMBER(C5),ISNUMBER(G5)), C5-G5, "") -> 1429.78 | I5: =IFERROR(H5/G5, "") -> 0.045840651
A6: Kohls - Bensalem | B6: PA | C6: 31638 | D6: 0 | E6: =IF(AND(ISNUMBER(C6),ISNUMBER(D6)), C6-D6, "") -> 31638 | F6: =IFERROR(E6/D6, "") | G6: 29962.04 | H6: =IF(AND(ISNUMBER(C6),ISNUMBER(G6)), C6-G6, "") -> 1675.96 | I6: =IFERROR(H6/G6, "") -> 0.055936111
A7: Kohls - Brick | B7: NJ | C7: 36941 | D7: 0 | E7: =IF(AND(ISNUMBER(C7),ISNUMBER(D7)), C7-D7, "") -> 36941 | F7: =IFERROR(E7/D7, "") | G7: 36517.02 | H7: =IF(AND(ISNUMBER(C7),ISNUMBER(G7)), C7-G7, "") -> 423.98 | I7: =IFERROR(H7/G7, "") -> 0.011610476
A8: Kohls - Buffalo | B8: NY | C8: 37035 | D8: 0 | E8: =IF(AND(ISNUMBER(C8),ISNUMBER(D8)), C8-D8, "") -> 37035 | F8: =IFERROR(E8/D8, "") | G8: 38218.74 | H8: =IF(AND(ISNUMBER(C8),ISNUMBER(G8)), C8-G8, "") -> -1183.74 | I8: =IFERROR(H8/G8, "") -> -0.030972764 | J8: 1.Inverter 5 underperforming ~10kW, possibly 2 strings down. | K8: 1.SR089711
A9: Kohls - Canton | B9: CT | C9: 14230 | D9: 0 | E9: =IF(AND(ISNUMBER(C9),ISNUMBER(D9)), C9-D9, "") -> 14230 | F9: =IFERROR(E9/D9, "") | G9: 12435.32 | H9: =IF(AND(ISNUMBER(C9),ISNUMBER(G9)), C9-G9, "") -> 1794.68 | I9: =IFERROR(H9/G9, "") -> 0.14432118
A10: Kohls - East Amherst | B10: NY | C10: 35218 | D10: 0 | E10: =IF(AND(ISNUMBER(C10),ISNUMBER(D10)), C10-D10, "") -> 35218 | F10: =IFERROR(E10/D10, "") | G10: 33464.7 | H10: =IF(AND(ISNUMBER(C10),ISNUMBER(G10)), C10-G10, "") -> 1753.3 | I10: =IFERROR(H10/G10, "") -> 0.052392521
A11: Kohls - East Brunswick | B11: NJ | C11: 43979 | D11: 0 | E11: =IF(AND(ISNUMBER(C11),ISNUMBER(D11)), C11-D11, "") -> 43979 | F11: =IFERROR(E11/D11, "") | G11: 47955.32 | H11: =IF(AND(ISNUMBER(C11),ISNUMBER(G11)), C11-G11, "") -> -3976.32 | I11: =IFERROR(H11/G11, "") -> -0.082917182
A12: Kohls - Edgewood | B12: MD | C12: 217074 | D12: 0 | E12: =IF(AND(ISNUMBER(C12),ISNUMBER(D12)), C12-D12, "") -> 217074 | F12: =IFERROR(E12/D12, "") | G12: 241640.98 | H12: =IF(AND(ISNUMBER(C12),ISNUMBER(G12)), C12-G12, "") -> -24566.98 | I12: =IFERROR(H12/G12, "") -> -0.10166728
A13: Kohls - Granite Run | B13: PA | C13: 27914 | D13: 0 | E13: =IF(AND(ISNUMBER(C13),ISNUMBER(D13)), C13-D13, "") -> 27914 | F13: =IFERROR(E13/D13, "") | G13: 29859.82 | H13: =IF(AND(ISNUMBER(C13),ISNUMBER(G13)), C13-G13, "") -> -1945.82 | I13: =IFERROR(H13/G13, "") -> -0.065165162
A14: Kohls - Greece | B14: NY | C14: 24196 | D14: 0 | E14: =IF(AND(ISNUMBER(C14),ISNUMBER(D14)), C14-D14, "") -> 24196 | F14: =IFERROR(E14/D14, "") | G14: 37266.23 | H14: =IF(AND(ISNUMBER(C14),ISNUMBER(G14)), C14-G14, "") -> -13070.23 | I14: =IFERROR(H14/G14, "") -> -0.35072584
A15: Kohls - Hanover | B15: PA | C15: 7877 | D15: 0 | E15: =IF(AND(ISNUMBER(C15),ISNUMBER(D15)), C15-D15, "") -> 7877 | F15: =IFERROR(E15/D15, "") | G15: 32459.26 | H15: =IF(AND(ISNUMBER(C15),ISNUMBER(G15)), C15-G15, "") -> -24582.26 | I15: =IFERROR(H15/G15, "") -> -0.75732657
A16: Kohls - Horsehead | B16: NY | C16: 26157 | D16: 0 | E16: =IF(AND(ISNUMBER(C16),ISNUMBER(D16)), C16-D16, "") -> 26157 | F16: =IFERROR(E16/D16, "") | G16: 27028.66 | H16: =IF(AND(ISNUMBER(C16),ISNUMBER(G16)), C16-G16, "") -> -871.66 | I16: =IFERROR(H16/G16, "") -> -0.032249471
A17: Kohls - Hudson | B17: NY | C17: 2433 | D17: 0 | E17: =IF(AND(ISNUMBER(C17),ISNUMBER(D17)), C17-D17, "") -> 2433 | F17: =IFERROR(E17/D17, "") | G17: 31907.99 | H17: =IF(AND(ISNUMBER(C17),ISNUMBER(G17)), C17-G17, "") -> -29474.99 | I17: =IFERROR(H17/G17, "") -> -0.92374951 | J17: 1.Site is back online on 09/27/2024 | K17: 1.SR089765
A18: Kohls - Ithaca | B18: NY | C18: 28124 | D18: 0 | E18: =IF(AND(ISNUMBER(C18),ISNUMBER(D18)), C18-D18, "") -> 28124 | F18: =IFERROR(E18/D18, "") | G18: 30083.27 | H18: =IF(AND(ISNUMBER(C18),ISNUMBER(G18)), C18-G18, "") -> -1959.27 | I18: =IFERROR(H18/G18, "") -> -0.065128226 | J18: 1.Site tripped offline from 10:35 to 11:45 on 09/26/2024 | K18: 1.SR090362
A19: Kohls - Kingston | B19: NY | C19: 44776 | D19: 0 | E19: =IF(AND(ISNUMBER(C19),ISNUMBER(D19)), C19-D19, "") -> 44776 | G19: 46874.369 | H19: =IF(AND(ISNUMBER(C19),ISNUMBER(G19)), C19-G19, "") -> -2098.369 | I19: =IFERROR(H19/G19, "") -> -0.044765808
A20: Kohls - Mechanicsburg | B20: PA | C20: 35945 | D20: 0 | E20: =IF(AND(ISNUMBER(C20),ISNUMBER(D20)), C20-D20, "") -> 35945 | G20: 37881.76 | H20: =IF(AND(ISNUMBER(C20),ISNUMBER(G20)), C20-G20, "") -> -1936.76 | I20: =IFERROR(H20/G20, "") -> -0.051126452
A21: Kohls - Middletown | B21: NJ | C21: 57157 | D21: 0 | E21: =IF(AND(ISNUMBER(C21),ISNUMBER(D21)), C21-D21, "") -> 57157 | F21: =IFERROR(E21/D21, "") | G21: 56934.86 | H21: =IF(AND(ISNUMBER(C21),ISNUMBER(G21)), C21-G21, "") -> 222.14 | I21: =IFERROR(H21/G21, "") -> 0.0039016518
A22: Kohls - North Amherst | B22: NY | C22: 0 | D22: 0 | E22: =IF(AND(ISNUMBER(C22),ISNUMBER(D22)), C22-D22, "") -> 0 | F22: =IFERROR(E22/D22, "") | G22: 33415.58 | H22: =IF(AND(ISNUMBER(C22),ISNUMBER(G22)), C22-G22, "") -> -33415.58 | I22: =IFERROR(H22/G22, "") -> -1 | J22: 1.Site tripped offline at 09:30 Am On 08/12 , inverter voltages are dropped to zero but meter voltages are available | K22: 1.SR088924
A23: Kohls - Staten Island | B23: NY | C23: 102 | D23: 0 | E23: =IF(AND(ISNUMBER(C23),ISNUMBER(D23)), C23-D23, "") -> 102 | F23: =IFERROR(E23/D23, "") | G23: 31508.76 | H23: =IF(AND(ISNUMBER(C23),ISNUMBER(G23)), C23-G23, "") -> -31406.76 | I23: =IFERROR(H23/G23, "") -> -0.99676281 | J23: 1.site tripped offline at 9:05am on 08/17 till date | K23: 1.SR089189
A24: Kohls - Warminster | B24: PA | C24: 37758 | D24: 0 | E24: =IF(AND(ISNUMBER(C24),ISNUMBER(D24)), C24-D24, "") -> 37758 | F24: =IFERROR(E24/D24, "") | G24: 36722.6 | H24: =IF(AND(ISNUMBER(C24),ISNUMBER(G24)), C24-G24, "") -> 1035.4 | I24: =IFERROR(H24/G24, "") -> 0.028195171
A25: Kohls - Waterbury | B25: CT | C25: 34680 | D25: 0 | E25: =IF(AND(ISNUMBER(C25),ISNUMBER(D25)), C25-D25, "") -> 34680 | F25: =IFERROR(E25/D25, "") | G25: 31542 | H25: =IF(AND(ISNUMBER(C25),ISNUMBER(G25)), C25-G25, "") -> 3138 | I25: =IFERROR(H25/G25, "") -> 0.099486399
A26: Mojave Water Agency - Headquarters | B26: CA | C26: 38418 | D26: 0 | E26: =IF(AND(ISNUMBER(C26),ISNUMBER(D26)), C26-D26, "") -> 38418 | F26: =IFERROR(E26/D26, "") | G26: 34263.28 | H26: =IF(AND(ISNUMBER(C26),ISNUMBER(G26)), C26-G26, "") -> 4154.72 | I26: =IFERROR(H26/G26, "") -> 0.12125868
A27: CSU - Bakersfield | B27: CA | C27: 0 | D27: 0 | E27: =IF(AND(ISNUMBER(C27),ISNUMBER(D27)), C27-D27, "") -> 0 | F27: =IFERROR(E27/D27, "") | G27: 142101.7 | H27: =IF(AND(ISNUMBER(C27),ISNUMBER(G27)), C27-G27, "") -> -142101.7 | I27: =IFERROR(H27/G27, "") -> -1
A28: Greenfield USD - Fairfield ES | B28: CA | C28: 10171 | D28: 0 | E28: =IF(AND(ISNUMBER(C28),ISNUMBER(D28)), C28-D28, "") -> 10171 | F28: =IFERROR(E28/D28, "") | G28: 14495.51 | H28: =IF(AND(ISNUMBER(C28),ISNUMBER(G28)), C28-G28, "") -> -4324.51 | I28: =IFERROR(H28/G28, "") -> -0.29833445
A29: Greenfield USD - Granite Point ES | B29: CA | C29: 33770 | D29: 0 | E29: =IF(AND(ISNUMBER(C29),ISNUMBER(D29)), C29-D29, "") -> 33770 | F29: =IFERROR(E29/D29, "") | G29: 38120.6 | H29: =IF(AND(ISNUMBER(C29),ISNUMBER(G29)), C29-G29, "") -> -4350.6 | I29: =IFERROR(H29/G29, "") -> -0.11412727
A30: Greenfield USD - Greenfield MS | B30: CA | C30: 18299 | D30: 0 | E30: =IF(AND(ISNUMBER(C30),ISNUMBER(D30)), C30-D30, "") -> 18299 | F30: =IFERROR(E30/D30, "") | G30: 26084.512 | H30: =IF(AND(ISNUMBER(C30),ISNUMBER(G30)), C30-G30, "") -> -7785.512 | I30: =IFERROR(H30/G30, "") -> -0.2984726
A31: Greenfield USD - Horizon ES | B31: CA | C31: 8746 | D31: 0 | E31: =IF(AND(ISNUMBER(C31),ISNUMBER(D31)), C31-D31, "") -> 8746 | F31: =IFERROR(E31/D31, "") | G31: 39265.61 | H31: =IF(AND(ISNUMBER(C31),ISNUMBER(G31)), C31-G31, "") -> -30519.61 | I31: =IFERROR(H31/G31, "") -> -0.77726056
A32: Greenfield USD - McKee MS | B32: CA | C32: 13159 | D32: 0 | E32: =IF(AND(ISNUMBER(C32),ISNUMBER(D32)), C32-D32, "") -> 13159 | F32: =IFERROR(E32/D32, "") | G32: 24029.59 | H32: =IF(AND(ISNUMBER(C32),ISNUMBER(G32)), C32-G32, "") -> -10870.59 | I32: =IFERROR(H32/G32, "") -> -0.4523835
A33: Greenfield USD - Plantation ES | B33: CA | C33: 14580 | D33: 0 | E33: =IF(AND(ISNUMBER(C33),ISNUMBER(D33)), C33-D33, "") -> 14580 | F33: =IFERROR(E33/D33, "") | G33: 17115.07 | H33: =IF(AND(ISNUMBER(C33),ISNUMBER(G33)), C33-G33, "") -> -2535.07 | I33: =IFERROR(H33/G33, "") -> -0.14811917 | J33: 1. Inverter 2 pad A is offline from 08/25 and also Inverter 1 pad B offline from 9/10 through out the month | K33: 1.SR089669
A34: Greenfield USD - Planz ES | B34: CA | C34: 5417 | D34: 0 | E34: =IF(AND(ISNUMBER(C34),ISNUMBER(D34)), C34-D34, "") -> 5417 | F34: =IFERROR(E34/D34, "") | G34: 19725.37 | H34: =IF(AND(ISNUMBER(C34),ISNUMBER(G34)), C34-G34, "") -> -14308.37 | I34: =IFERROR(H34/G34, "") -> -0.72537904
A35: Greenfield USD - Raffaello Palla ES | B35: CA | C35: 17238 | D35: 0 | E35: =IF(AND(ISNUMBER(C35),ISNUMBER(D35)), C35-D35, "") -> 17238 | F35: =IFERROR(E35/D35, "") | G35: 42894.12 | H35: =IF(AND(ISNUMBER(C35),ISNUMBER(G35)), C35-G35, "") -> -25656.12 | I35: =IFERROR(H35/G35, "") -> -0.59812674
A36: Greenfield USD - Valle Verde ES | B36: CA | C36: 30928 | D36: 0 | E36: =IF(AND(ISNUMBER(C36),ISNUMBER(D36)), C36-D36, "") -> 30928 | F36: =IFERROR(E36/D36, "") | G36: 40043.15 | H36: =IF(AND(ISNUMBER(C36),ISNUMBER(G36)), C36-G36, "") -> -9115.15 | I36: =IFERROR(H36/G36, "") -> -0.22763319
A37: Greenfield USD - W.A. Kendrick ES | B37: CA | C37: 0 | D37: 0 | E37: =IF(AND(ISNUMBER(C37),ISNUMBER(D37)), C37-D37, "") -> 0 | F37: =IFERROR(E37/D37, "") | G37: 15421.15 | H37: =IF(AND(ISNUMBER(C37),ISNUMBER(G37)), C37-G37, "") -> -15421.15 | I37: =IFERROR(H37/G37, "") -> -1
A38: Muroc Joint USD - Boron HS | B38: CA | C38: 0 | D38: 0 | E38: =IF(AND(ISNUMBER(C38),ISNUMBER(D38)), C38-D38, "") -> 0 | F38: =IFERROR(E38/D38, "") | G38: 34849.69 | H38: =IF(AND(ISNUMBER(C38),ISNUMBER(G38)), C38-G38, "") -> -34849.69 | I38: =IFERROR(H38/G38, "") -> -1
A39: Muroc Joint USD - W. Boron ES | B39: CA | C39: 12443 | D39: 0 | E39: =IF(AND(ISNUMBER(C39),ISNUMBER(D39)), C39-D39, "") -> 12443 | F39: =IFERROR(E39/D39, "") | G39: 1286.22 | H39: =IF(AND(ISNUMBER(C39),ISNUMBER(G39)), C39-G39, "") -> 11156.78 | I39: =IFERROR(H39/G39, "") -> 8.6740837
A40: Colusa - WTP | B40: CA | C40: 0 | D40: 0 | E40: =IF(AND(ISNUMBER(C40),ISNUMBER(D40)), C40-D40, "") -> 0 | F40: =IFERROR(E40/D40, "") | G40: 45088.645 | H40: =IF(AND(ISNUMBER(C40),ISNUMBER(G40)), C40-G40, "") -> -45088.645 | I40: =IFERROR(H40/G40, "") -> -1 | J40: 1.No communication to DAS, need a replacement needed for meter and modem | K40: 1.SR089464
A41: CDCR-North Kern State Prision | B41: CA | C41: 48376 | D41: 0 | E41: =IF(AND(ISNUMBER(C41),ISNUMBER(D41)), C41-D41, "") -> 48376 | F41: =IFERROR(E41/D41, "") | G41: 204972.6 | H41: =IF(AND(ISNUMBER(C41),ISNUMBER(G41)), C41-G41, "") -> -156596.6 | I41: =IFERROR(H41/G41, "") -> -0.76398797 | J41: 1.Inverter 3 is offline throughout the month | K41: 1.SR089460
A42: Muroc Joint USD - District Office | B42: CA | C42: 6209 | D42: 0 | E42: =IF(AND(ISNUMBER(C42),ISNUMBER(D42)), C42-D42, "") -> 6209 | F42: =IFERROR(E42/D42, "") | G42: 9064.28 | H42: =IF(AND(ISNUMBER(C42),ISNUMBER(G42)), C42-G42, "") -> -2855.28 | I42: =IFERROR(H42/G42, "") -> -0.31500351
A43: Whole Foods - Manhattan Beach | B43: CA | C43: 15888 | D43: 0 | E43: =IF(AND(ISNUMBER(C43),ISNUMBER(D43)), C43-D43, "") -> 15888 | F43: =IFERROR(E43/D43, "") | G43: 17188.29 | H43: =IF(AND(ISNUMBER(C43),ISNUMBER(G43)), C43-G43, "") -> -1300.29 | I43: =IFERROR(H43/G43, "") -> -0.075649759 | J43: 1.Inverters 3 & 8 are offline through out the month | K43: 1.SR089461,SR090375
A44: Pioneer USD - Frontier ES | B44: CA | C44: 23858 | D44: 0 | E44: =IF(AND(ISNUMBER(C44),ISNUMBER(D44)), C44-D44, "") -> 23858 | F44: =IFERROR(E44/D44, "") | G44: 34120.85 | H44: =IF(AND(ISNUMBER(C44),ISNUMBER(G44)), C44-G44, "") -> -10262.85 | I44: =IFERROR(H44/G44, "") -> -0.30077944
A45: Pioneer USD - Pioneer ES | B45: CA | C45: 5663 | D45: 0 | E45: =IF(AND(ISNUMBER(C45),ISNUMBER(D45)), C45-D45, "") -> 5663 | F45: =IFERROR(E45/D45, "") | G45: 34834.14 | H45: =IF(AND(ISNUMBER(C45),ISNUMBER(G45)), C45-G45, "") -> -29171.14 | I45: =IFERROR(H45/G45, "") -> -0.8374296 | J45: 1.Weather station is not communicating through out the month | K45: 1.SR085968
A46: Pioneer USD - Pioneer MS | B46: CA | C46: 30366 | D46: 0 | E46: =IF(AND(ISNUMBER(C46),ISNUMBER(D46)), C46-D46, "") -> 30366 | F46: =IFERROR(E46/D46, "") | G46: 46766.06 | H46: =IF(AND(ISNUMBER(C46),ISNUMBER(G46)), C46-G46, "") -> -16400.06 | I46: =IFERROR(H46/G46, "") -> -0.35068295 | J46: 1.Weather station is not communicating through out the month | K46: 1.SR089470
A47: Kingsburg Joint UHSD - Kingsburg HS | B47: CA | C47: 21281 | D47: 0 | E47: =IF(AND(ISNUMBER(C47),ISNUMBER(D47)), C47-D47, "") -> 21281 | F47: =IFERROR(E47/D47, "") | G47: 83165.9 | H47: =IF(AND(ISNUMBER(C47),ISNUMBER(G47)), C47-G47, "") -> -61884.9 | I47: =IFERROR(H47/G47, "") -> -0.74411387 | J47: 1.Inverters A and B are offline through out the month, Pad C inverters 2 and 3 trip offline frequently 2.Weather station stopped communicating since 9/11 through out the month. | K47: 1. SR089612 2.SR090298
A48: CADRB | B48: CA | C48: 526254 | D48: 0 | E48: =IF(AND(ISNUMBER(C48),ISNUMBER(D48)), C48-D48, "") -> 526254 | F48: =IFERROR(E48/D48, "") | G48: 723561 | H48: =IF(AND(ISNUMBER(C48),ISNUMBER(G48)), C48-G48, "") -> -197307 | I48: =IFERROR(H48/G48, "") -> -0.27268883 | J48: 1.Inverter 3 is being RMA'd (inverter 3 is offline from 08/19) 2.Pyranometer has been giving bad readings. Prior to 9/25, the pyranometer read at most 450 W/m2. Since then, readings are between 950 and 400 W/m2 3.weather station 1 is offline | K48: 1.SR086220 2.SR091312 3.SR090659
A49: CDCR-CA State Prison LA County | B49: CA | C49: 254730 | D49: 0 | E49: =IF(AND(ISNUMBER(C49),ISNUMBER(D49)), C49-D49, "") -> 254730 | F49: =IFERROR(E49/D49, "") | G49: 431625.6 | H49: =IF(AND(ISNUMBER(C49),ISNUMBER(G49)), C49-G49, "") -> -176895.6 | I49: =IFERROR(H49/G49, "") -> -0.40983575 | J49: 1.Inverter 1 was not communicatig and inverter 3, 4 were offline. | K49: 1. SR090378
A50: Central USD Akers ES | B50: CA | C50: 26547 | D50: 0 | E50: =IF(AND(ISNUMBER(C50),ISNUMBER(D50)), C50-D50, "") -> 26547 | F50: =IFERROR(E50/D50, "") | G50: 33556.68 | H50: =IF(AND(ISNUMBER(C50),ISNUMBER(G50)), C50-G50, "") -> -7009.68 | I50: =IFERROR(H50/G50, "") -> -0.20889075 | J50: 1.Weather station is reporting 0w/m2
A51: CUSD - District Office | B51: CA | C51: 21190 | D51: 0 | E51: =IF(AND(ISNUMBER(C51),ISNUMBER(D51)), C51-D51, "") -> 21190 | F51: =IFERROR(E51/D51, "") | G51: 9064.28 | H51: =IF(AND(ISNUMBER(C51),ISNUMBER(G51)), C51-G51, "") -> 12125.72 | I51: =IFERROR(H51/G51, "") -> 1.3377477
A52: Parlier - WTP | B52: CA | C52: 25875 | D52: 0 | E52: =IF(AND(ISNUMBER(C52),ISNUMBER(D52)), C52-D52, "") -> 25875 | F52: =IFERROR(E52/D52, "") | G52: 80249.57 | H52: =IF(AND(ISNUMBER(C52),ISNUMBER(G52)), C52-G52, "") -> -54374.57 | I52: =IFERROR(H52/G52, "") -> -0.67756837
A53: Snowline SD - Quail Valley MS | B53: CA | C53: 35969 | D53: 0 | E53: =IF(AND(ISNUMBER(C53),ISNUMBER(D53)), C53-D53, "") -> 35969 | F53: =IFERROR(E53/D53, "") | G53: 38471.38 | H53: =IF(AND(ISNUMBER(C53),ISNUMBER(G53)), C53-G53, "") -> -2502.38 | I53: =IFERROR(H53/G53, "") -> -0.065045236 | J53: 1.Inverter trips on and offline frequently | K53: 1.SR090965
A54: Snowline SD - Serrano HS - Middle Lot | B54: CA | C54: 29062 | D54: 0 | E54: =IF(AND(ISNUMBER(C54),ISNUMBER(D54)), C54-D54, "") -> 29062 | F54: =IFERROR(E54/D54, "") | G54: 45725 | H54: =IF(AND(ISNUMBER(C54),ISNUMBER(G54)), C54-G54, "") -> -16663 | I54: =IFERROR(H54/G54, "") -> -0.36441771
A55: Snowline SD - Pinon Hills ES | B55: CA | C55: 9423 | D55: 0 | E55: =IF(AND(ISNUMBER(C55),ISNUMBER(D55)), C55-D55, "") -> 9423 | F55: =IFERROR(E55/D55, "") | G55: 22988.18 | H55: =IF(AND(ISNUMBER(C55),ISNUMBER(G55)), C55-G55, "") -> -13565.18 | I55: =IFERROR(H55/G55, "") -> -0.59009369 | J55: 1.Site back online on 9/5 at 02:00pm | K55: 1.SR080516
A56: Ramona - Santa Maria WTP | B56: CA | C56: 17920 | D56: 0 | E56: =IF(AND(ISNUMBER(C56),ISNUMBER(D56)), C56-D56, "") -> 17920 | F56: =IFERROR(E56/D56, "") | G56: 74060.39 | H56: =IF(AND(ISNUMBER(C56),ISNUMBER(G56)), C56-G56, "") -> -56140.39 | I56: =IFERROR(H56/G56, "") -> -0.7580353 | J56: 1.Inverters 1 & 2 were left offline due to AC surge warnings | K56: 1.SR090053
A57: Kohls - Redding | B57: CA | C57: 37782 | D57: 0 | E57: =IF(AND(ISNUMBER(C57),ISNUMBER(D57)), C57-D57, "") -> 37782 | F57: =IFERROR(E57/D57, "") | G57: 29833.35 | H57: =IF(AND(ISNUMBER(C57),ISNUMBER(G57)), C57-G57, "") -> 7948.65 | I57: =IFERROR(H57/G57, "") -> 0.26643505 | J57: 1. Weather station does not report irradiance during the day. Likely a faulty pyranometer through out the month. | K57: 1. SR090293
A58: Kohls - Salinas | B58: CA | C58: 31143 | D58: 0 | E58: =IF(AND(ISNUMBER(C58),ISNUMBER(D58)), C58-D58, "") -> 31143 | F58: =IFERROR(E58/D58, "") | G58: 42851.23 | H58: =IF(AND(ISNUMBER(C58),ISNUMBER(G58)), C58-G58, "") -> -11708.23 | I58: =IFERROR(H58/G58, "") -> -0.27322973 | J58: 1.Inverters 3, 7, 10, 11, 14, and 21 are offline. Inverter 2 may have a string down through out the month | K58: 1. SR090381,SR090380 SR089474
A59: Kohls - San Bernardino - Central | B59: CA | C59: 126806 | D59: 0 | E59: =IF(AND(ISNUMBER(C59),ISNUMBER(D59)), C59-D59, "") -> 126806 | F59: =IFERROR(E59/D59, "") | G59: 140317 | H59: =IF(AND(ISNUMBER(C59),ISNUMBER(G59)), C59-G59, "") -> -13511 | I59: =IFERROR(H59/G59, "") -> -0.096289117
A60: Kohls - Sonora | B60: CA | C60: 27863 | D60: 0 | E60: =IF(AND(ISNUMBER(C60),ISNUMBER(D60)), C60-D60, "") -> 27863 | F60: =IFERROR(E60/D60, "") | G60: 29667.66 | H60: =IF(AND(ISNUMBER(C60),ISNUMBER(G60)), C60-G60, "") -> -1804.66 | I60: =IFERROR(H60/G60, "") -> -0.060829199 | J60: 1.Inverters 3, 7, and 12 are offline through out month | K60: 1.SR089477
A61: CUSD - Stratford ES | B61: CA | C61: 20828 | D61: 0 | E61: =IF(AND(ISNUMBER(C61),ISNUMBER(D61)), C61-D61, "") -> 20828 | F61: =IFERROR(E61/D61, "") | G61: 21367.71 | H61: =IF(AND(ISNUMBER(C61),ISNUMBER(G61)), C61-G61, "") -> -539.71 | I61: =IFERROR(H61/G61, "") -> -0.025258205 | J61: 1.Inverter 1 offline from 9/14 back online on 9/19 | K61: 1. SR090519
A62: Taft - City Hall | B62: CA | C62: 5728 | D62: 0 | E62: =IF(AND(ISNUMBER(C62),ISNUMBER(D62)), C62-D62, "") -> 5728 | F62: =IFERROR(E62/D62, "") | G62: 9308.33 | H62: =IF(AND(ISNUMBER(C62),ISNUMBER(G62)), C62-G62, "") -> -3580.33 | I62: =IFERROR(H62/G62, "") -> -0.3846372
A63: Taft - Federal Prison | B63: CA | C63: 4910 | D63: 0 | E63: =IF(AND(ISNUMBER(C63),ISNUMBER(D63)), C63-D63, "") -> 4910 | F63: =IFERROR(E63/D63, "") | G63: 15318.72 | H63: =IF(AND(ISNUMBER(C63),ISNUMBER(G63)), C63-G63, "") -> -10408.72 | I63: =IFERROR(H63/G63, "") -> -0.67947714 | J63: 1.Site back online on 9/21 | K63: 1.SR088795
A64: Taft - Police Department | B64: CA | C64: 11206 | D64: 0 | E64: =IF(AND(ISNUMBER(C64),ISNUMBER(D64)), C64-D64, "") -> 11206 | F64: =IFERROR(E64/D64, "") | G64: 10649.38 | H64: =IF(AND(ISNUMBER(C64),ISNUMBER(G64)), C64-G64, "") -> 556.62 | I64: =IFERROR(H64/G64, "") -> 0.052267832
A65: Taft - WTP | B65: CA | C65: 0 | D65: 0 | E65: =IF(AND(ISNUMBER(C65),ISNUMBER(D65)), C65-D65, "") -> 0 | F65: =IFERROR(E65/D65, "") | G65: 68067.8 | H65: =IF(AND(ISNUMBER(C65),ISNUMBER(G65)), C65-G65, "") -> -68067.8 | I65: =IFERROR(H65/G65, "") -> -1 | J65: 1. Inverter 1 being replaced and inverter 2 logic board being replaced. | K65: 1. SR089732
A66: CDCR - CA Correctional Institution | B66: CA | C66: 111841 | D66: 0 | E66: =IF(AND(ISNUMBER(C66),ISNUMBER(D66)), C66-D66, "") -> 111841 | F66: =IFERROR(E66/D66, "") | G66: 208097.76 | H66: =IF(AND(ISNUMBER(C66),ISNUMBER(G66)), C66-G66, "") -> -96256.76 | I66: =IFERROR(H66/G66, "") -> -0.46255548 | J66: 1.Site back online on 9/4 2.Inverter 3 offline from 9/6 back online on 9/12 at 13:40 3.Site offline from 9/24 | K66: 1. SR087889, SR088675 2.SR090295 3. SR091141
A67: CDCR - CA Correctional Institution II | B67: CA | C67: 110217 | D67: 0 | E67: =IF(AND(ISNUMBER(C67),ISNUMBER(D67)), C67-D67, "") -> 110217 | F67: =IFERROR(E67/D67, "") | G67: 336377.28 | H67: =IF(AND(ISNUMBER(C67),ISNUMBER(G67)), C67-G67, "") -> -226160.28 | I67: =IFERROR(H67/G67, "") -> -0.67234113 | J67: 1.Site back online on 9/4 2.Inverter 1 offline from 9/4 through out the month | K67: 1. SR089260 2.SR090296
A68: Snowline SD - Vista Verde ES | B68: CA | C68: 26364 | D68: 0 | E68: =IF(AND(ISNUMBER(C68),ISNUMBER(D68)), C68-D68, "") -> 26364 | F68: =IFERROR(E68/D68, "") | G68: 28050.8 | H68: =IF(AND(ISNUMBER(C68),ISNUMBER(G68)), C68-G68, "") -> -1686.8 | I68: =IFERROR(H68/G68, "") -> -0.060133757

Sheet Oct
A1: {=portfolio} -> Silicon Ranch | D1: October Actual v. Expected | G1: October Actual v. Forecasted
A2: Total | C2: =SUM(C4:C100) -> 0 | D2: =SUM(D4:D100) -> 0 | E2: =C2-D2 -> 0 | F2: =IFERROR(E2/D2, 0) -> 0 | G2: =SUM(G4:G100) -> 0 | H2: =C2-G2 -> 0 | I2: =IFERROR(H2/G2, 0) -> 0 | J2: =IF(AND(TODAY()>DATE(2024, 10, 1), COUNTA(Sites[Site])<>(COUNT(C:C)-1)), "Some sites are missing actual data; if new sites were added, make sure they are aligned correctly (including prior months!)", "") -> Some sites are missing actual data; if new sites were added, make sure they are aligned correctly (including prior months!)
A3: Site | B3: State | C3: Actual | D3: Expected | E3: Delta | F3: % | G3: Forecasted | H3: Delta | I3: % | J3: Notes | K3: Service Requests
A4: {=Sites[Site]} -> Iron Mountain - Windsor | B4: {=Sites[State]} -> CT | E4: =IF(AND(ISNUMBER(C4),ISNUMBER(D4)), C4-D4, "") | F4: =IFERROR(E4/D4, "") | H4: =IF(AND(ISNUMBER(C4),ISNUMBER(G4)), C4-G4, "") | I4: =IFERROR(H4/G4, "")
A5: Kohls - Auburn | B5: NY | E5: =IF(AND(ISNUMBER(C5),ISNUMBER(D5)), C5-D5, "") | F5: =IFERROR(E5/D5, "") | H5: =IF(AND(ISNUMBER(C5),ISNUMBER(G5)), C5-G5, "") | I5: =IFERROR(H5/G5, "")
A6: Kohls - Bensalem | B6: PA | E6: =IF(AND(ISNUMBER(C6),ISNUMBER(D6)), C6-D6, "") | F6: =IFERROR(E6/D6, "") | H6: =IF(AND(ISNUMBER(C6),ISNUMBER(G6)), C6-G6, "") | I6: =IFERROR(H6/G6, "")
A7: Kohls - Brick | B7: NJ | E7: =IF(AND(ISNUMBER(C7),ISNUMBER(D7)), C7-D7, "") | F7: =IFERROR(E7/D7, "") | H7: =IF(AND(ISNUMBER(C7),ISNUMBER(G7)), C7-G7, "") | I7: =IFERROR(H7/G7, "")
A8: Kohls - Buffalo | B8: NY | E8: =IF(AND(ISNUMBER(C8),ISNUMBER(D8)), C8-D8, "") | F8: =IFERROR(E8/D8, "") | H8: =IF(AND(ISNUMBER(C8),ISNUMBER(G8)), C8-G8, "") | I8: =IFERROR(H8/G8, "")
A9: Kohls - Canton | B9: CT | E9: =IF(AND(ISNUMBER(C9),ISNUMBER(D9)), C9-D9, "") | F9: =IFERROR(E9/D9, "") | H9: =IF(AND(ISNUMBER(C9),ISNUMBER(G9)), C9-G9, "") | I9: =IFERROR(H9/G9, "")
A10: Kohls - East Amherst | B10: NY | E10: =IF(AND(ISNUMBER(C10),ISNUMBER(D10)), C10-D10, "") | F10: =IFERROR(E10/D10, "") | H10: =IF(AND(ISNUMBER(C10),ISNUMBER(G10)), C10-G10, "") | I10: =IFERROR(H10/G10, "")
A11: Kohls - East Brunswick | B11: NJ | E11: =IF(AND(ISNUMBER(C11),ISNUMBER(D11)), C11-D11, "") | F11: =IFERROR(E11/D11, "") | H11: =IF(AND(ISNUMBER(C11),ISNUMBER(G11)), C11-G11, "") | I11: =IFERROR(H11/G11, "")
A12: Kohls - Edgewood | B12: MD | E12: =IF(AND(ISNUMBER(C12),ISNUMBER(D12)), C12-D12, "") | F12: =IFERROR(E12/D12, "") | H12: =IF(AND(ISNUMBER(C12),ISNUMBER(G12)), C12-G12, "") | I12: =IFERROR(H12/G12, "")
A13: Kohls - Granite Run | B13: PA | E13: =IF(AND(ISNUMBER(C13),ISNUMBER(D13)), C13-D13, "") | F13: =IFERROR(E13/D13, "") | H13: =IF(AND(ISNUMBER(C13),ISNUMBER(G13)), C13-G13, "") | I13: =IFERROR(H13/G13, "")
A14: Kohls - Greece | B14: NY | E14: =IF(AND(ISNUMBER(C14),ISNUMBER(D14)), C14-D14, "") | F14: =IFERROR(E14/D14, "") | H14: =IF(AND(ISNUMBER(C14),ISNUMBER(G14)), C14-G14, "") | I14: =IFERROR(H14/G14, "")
A15: Kohls - Hanover | B15: PA | E15: =IF(AND(ISNUMBER(C15),ISNUMBER(D15)), C15-D15, "") | F15: =IFERROR(E15/D15, "") | H15: =IF(AND(ISNUMBER(C15),ISNUMBER(G15)), C15-G15, "") | I15: =IFERROR(H15/G15, "")
A16: Kohls - Horsehead | B16: NY | E16: =IF(AND(ISNUMBER(C16),ISNUMBER(D16)), C16-D16, "") | F16: =IFERROR(E16/D16, "") | H16: =IF(AND(ISNUMBER(C16),ISNUMBER(G16)), C16-G16, "") | I16: =IFERROR(H16/G16, "")
A17: Kohls - Hudson | B17: NY | E17: =IF(AND(ISNUMBER(C17),ISNUMBER(D17)), C17-D17, "") | F17: =IFERROR(E17/D17, "") | H17: =IF(AND(ISNUMBER(C17),ISNUMBER(G17)), C17-G17, "") | I17: =IFERROR(H17/G17, "")
A18: Kohls - Ithaca | B18: NY
A19: Kohls - Kingston | B19: NY
A20: Kohls - Mechanicsburg | B20: PA
A21: Kohls - Middletown | B21: NJ
A22: Kohls - North Amherst | B22: NY
A23: Kohls - Staten Island | B23: NY
A24: Kohls - Warminster | B24: PA
A25: Kohls - Waterbury | B25: CT
A26: Mojave Water Agency - Headquarters | B26: CA
A27: CSU - Bakersfield | B27: CA
A28: Greenfield USD - Fairfield ES | B28: CA
A29: Greenfield USD - Granite Point ES | B29: CA
... A68: Snowline SD - Vista Verde ES | B68: CA

Sheet Nov
A1: {=portfolio} -> Silicon Ranch | D1: November Actual v. Expected | G1: November Actual v. Forecasted
A2: Total | C2: =SUM(C4:C100) -> 0 | D2: =SUM(D4:D100) -> 0 | E2: =C2-D2 -> 0 | F2: =IFERROR(E2/D2, 0) -> 0 | G2: =SUM(G4:G100) -> 0 | H2: =C2-G2 -> 0 | I2: =IFERROR(H2/G2, 0) -> 0 | J2: =IF(AND(TODAY()>DATE(2024, 11, 1), COUNTA(Sites[Site])<>(COUNT(C:C)-1)), "Some sites are missing actual data; if new sites were added, make sure they are aligned correctly (including prior months!)", "") -> Some sites are missing actual data; if new sites were added, make sure they are aligned correctly (including prior months!)
A3: Site | B3: State | C3: Actual | D3: Expected | E3: Delta | F3: % | G3: Forecasted | H3: Delta | I3: % | J3: Notes | K3: Service Requests
A4: {=Sites[Site]} -> Iron Mountain - Windsor | B4: {=Sites[State]} -> CT | E4: =IF(AND(ISNUMBER(C4),ISNUMBER(D4)), C4-D4, "") | F4: =IFERROR(E4/D4, "") | H4: =IF(AND(ISNUMBER(C4),ISNUMBER(G4)), C4-G4, "") | I4: =IFERROR(H4/G4, "")
A5: Kohls - Auburn | B5: NY | E5: =IF(AND(ISNUMBER(C5),ISNUMBER(D5)), C5-D5, "") | F5: =IFERROR(E5/D5, "") | H5: =IF(AND(ISNUMBER(C5),ISNUMBER(G5)), C5-G5, "") | I5: =IFERROR(H5/G5, "")
A6: Kohls - Bensalem | B6: PA | E6: =IF(AND(ISNUMBER(C6),ISNUMBER(D6)), C6-D6, "") | F6: =IFERROR(E6/D6, "") | H6: =IF(AND(ISNUMBER(C6),ISNUMBER(G6)), C6-G6, "") | I6: =IFERROR(H6/G6, "")
A7: Kohls - Brick | B7: NJ | E7: =IF(AND(ISNUMBER(C7),ISNUMBER(D7)), C7-D7, "") | F7: =IFERROR(E7/D7, "") | H7: =IF(AND(ISNUMBER(C7),ISNUMBER(G7)), C7-G7, "") | I7: =IFERROR(H7/G7, "")
A8: Kohls - Buffalo | B8: NY | E8: =IF(AND(ISNUMBER(C8),ISNUMBER(D8)), C8-D8, "") | F8: =IFERROR(E8/D8, "") | H8: =IF(AND(ISNUMBER(C8),ISNUMBER(G8)), C8-G8, "") | I8: =IFERROR(H8/G8, "")
A9: Kohls - Canton | B9: CT | E9: =IF(AND(ISNUMBER(C9),ISNUMBER(D9)), C9-D9, "") | F9: =IFERROR(E9/D9, "") | H9: =IF(AND(ISNUMBER(C9),ISNUMBER(G9)), C9-G9, "") | I9: =IFERROR(H9/G9, "")
A10: Kohls - East Amherst | B10: NY | E10: =IF(AND(ISNUMBER(C10),ISNUMBER(D10)), C10-D10, "") | F10: =IFERROR(E10/D10, "") | H10: =IF(AND(ISNUMBER(C10),ISNUMBER(G10)), C10-G10, "") | I10: =IFERROR(H10/G10, "")
A11: Kohls - East Brunswick | B11: NJ | E11: =IF(AND(ISNUMBER(C11),ISNUMBER(D11)), C11-D11, "") | F11: =IFERROR(E11/D11, "") | H11: =IF(AND(ISNUMBER(C11),ISNUMBER(G11)), C11-G11, "") | I11: =IFERROR(H11/G11, "")
A12: Kohls - Edgewood | B12: MD | E12: =IF(AND(ISNUMBER(C12),ISNUMBER(D12)), C12-D12, "") | F12: =IFERROR(E12/D12, "") | H12: =IF(AND(ISNUMBER(C12),ISNUMBER(G12)), C12-G12, "") | I12: =IFERROR(H12/G12, "")
A13: Kohls - Granite Run | B13: PA | E13: =IF(AND(ISNUMBER(C13),ISNUMBER(D13)), C13-D13, "") | F13: =IFERROR(E13/D13, "") | H13: =IF(AND(ISNUMBER(C13),ISNUMBER(G13)), C13-G13, "") | I13: =IFERROR(H13/G13, "")
A14: Kohls - Greece | B14: NY | E14: =IF(AND(ISNUMBER(C14),ISNUMBER(D14)), C14-D14, "") | F14: =IFERROR(E14/D14, "") | H14: =IF(AND(ISNUMBER(C14),ISNUMBER(G14)), C14-G14, "") | I14: =IFERROR(H14/G14, "")
A15: Kohls - Hanover | B15: PA | E15: =IF(AND(ISNUMBER(C15),ISNUMBER(D15)), C15-D15, "") | F15: =IFERROR(E15/D15, "") | H15: =IF(AND(ISNUMBER(C15),ISNUMBER(G15)), C15-G15, "") | I15: =IFERROR(H15/G15, "")
A16: Kohls - Horsehead | B16: NY | E16: =IF(AND(ISNUMBER(C16),ISNUMBER(D16)), C16-D16, "") | F16: =IFERROR(E16/D16, "") | H16: =IF(AND(ISNUMBER(C16),ISNUMBER(G16)), C16-G16, "") | I16: =IFERROR(H16/G16, "")
A17: Kohls - Hudson | B17: NY | E17: =IF(AND(ISNUMBER(C17),ISNUMBER(D17)), C17-D17, "") | F17: =IFERROR(E17/D17, "") | H17: =IF(AND(ISNUMBER(C17),ISNUMBER(G17)), C17-G17, "") | I17: =IFERROR(H17/G17, "")
A18: Kohls - Ithaca | B18: NY
A19: Kohls - Kingston | B19: NY
A20: Kohls - Mechanicsburg | B20: PA
A21: Kohls - Middletown | B21: NJ
A22: Kohls - North Amherst | B22: NY
A23: Kohls - Staten Island | B23: NY
A24: Kohls - Warminster | B24: PA
A25: Kohls - Waterbury | B25: CT
A26: Mojave Water Agency - Headquarters | B26: CA
A27: CSU - Bakersfield | B27: CA
A28: Greenfield USD - Fairfield ES | B28: CA
A29: Greenfield USD - Granite Point ES | B29: CA
... A68: Snowline SD - Vista Verde ES | B68: CA

Sheet Dec
A1: {=portfolio} -> Silicon Ranch | D1: December Actual v. Expected | G1: December Actual v. Forecasted
A2: Total | C2: =SUM(C4:C100) -> 0 | D2: =SUM(D4:D100) -> 0 | E2: =C2-D2 -> 0 | F2: =IFERROR(E2/D2, 0) -> 0 | G2: =SUM(G4:G100) -> 0 | H2: =C2-G2 -> 0 | I2: =IFERROR(H2/G2, 0) -> 0 | J2: =IF(AND(TODAY()>DATE(2024, 12, 1), COUNTA(Sites[Site])<>(COUNT(C:C)-1)), "Some sites are missing actual data; if new sites were added, make sure they are aligned correctly (including prior months!)", "")
A3: Site | B3: State | C3: Actual | D3: Expected | E3: Delta | F3: % | G3: Forecasted | H3: Delta | I3: % | J3: Notes | K3: Service Requests
A4: {=Sites[Site]} -> Iron Mountain - Windsor | B4: {=Sites[State]} -> CT | E4: =IF(AND(ISNUMBER(C4),ISNUMBER(D4)), C4-D4, "") | F4: =IFERROR(E4/D4, "") | H4: =IF(AND(ISNUMBER(C4),ISNUMBER(G4)), C4-G4, "") | I4: =IFERROR(H4/G4, "")
A5: Kohls - Auburn | B5: NY | E5: =IF(AND(ISNUMBER(C5),ISNUMBER(D5)), C5-D5, "") | F5: =IFERROR(E5/D5, "") | H5: =IF(AND(ISNUMBER(C5),ISNUMBER(G5)), C5-G5, "") | I5: =IFERROR(H5/G5, "")
A6: Kohls - Bensalem | B6: PA | E6: =IF(AND(ISNUMBER(C6),ISNUMBER(D6)), C6-D6, "") | F6: =IFERROR(E6/D6, "") | H6: =IF(AND(ISNUMBER(C6),ISNUMBER(G6)), C6-G6, "") | I6: =IFERROR(H6/G6, "")
A7: Kohls - Brick | B7: NJ | E7: =IF(AND(ISNUMBER(C7),ISNUMBER(D7)), C7-D7, "") | F7: =IFERROR(E7/D7, "") | H7: =IF(AND(ISNUMBER(C7),ISNUMBER(G7)), C7-G7, "") | I7: =IFERROR(H7/G7, "")
A8: Kohls - Buffalo | B8: NY | E8: =IF(AND(ISNUMBER(C8),ISNUMBER(D8)), C8-D8, "") | F8: =IFERROR(E8/D8, "") | H8: =IF(AND(ISNUMBER(C8),ISNUMBER(G8)), C8-G8, "") | I8: =IFERROR(H8/G8, "")
A9: Kohls - Canton | B9: CT | E9: =IF(AND(ISNUMBER(C9),ISNUMBER(D9)), C9-D9, "") | F9: =IFERROR(E9/D9, "") | H9: =IF(AND(ISNUMBER(C9),ISNUMBER(G9)), C9-G9, "") | I9: =IFERROR(H9/G9, "")
A10: Kohls - East Amherst | B10: NY | E10: =IF(AND(ISNUMBER(C10),ISNUMBER(D10)), C10-D10, "") | F10: =IFERROR(E10/D10, "") | H10: =IF(AND(ISNUMBER(C10),ISNUMBER(G10)), C10-G10, "") | I10: =IFERROR(H10/G10, "")
A11: Kohls - East Brunswick | B11: NJ | E11: =IF(AND(ISNUMBER(C11),ISNUMBER(D11)), C11-D11, "") | F11: =IFERROR(E11/D11, "") | H11: =IF(AND(ISNUMBER(C11),ISNUMBER(G11)), C11-G11, "") | I11: =IFERROR(H11/G11, "")
A12: Kohls - Edgewood | B12: MD | E12: =IF(AND(ISNUMBER(C12),ISNUMBER(D12)), C12-D12, "") | F12: =IFERROR(E12/D12, "") | H12: =IF(AND(ISNUMBER(C12),ISNUMBER(G12)), C12-G12, "") | I12: =IFERROR(H12/G12, "")
A13: Kohls - Granite Run | B13: PA | E13: =IF(AND(ISNUMBER(C13),ISNUMBER(D13)), C13-D13, "") | F13: =IFERROR(E13/D13, "") | H13: =IF(AND(ISNUMBER(C13),ISNUMBER(G13)), C13-G13, "") | I13: =IFERROR(H13/G13, "")
A14: Kohls - Greece | B14: NY | E14: =IF(AND(ISNUMBER(C14),ISNUMBER(D14)), C14-D14, "") | F14: =IFERROR(E14/D14, "") | H14: =IF(AND(ISNUMBER(C14),ISNUMBER(G14)), C14-G14, "") | I14: =IFERROR(H14/G14, "")
A15: Kohls - Hanover | B15: PA | E15: =IF(AND(ISNUMBER(C15),ISNUMBER(D15)), C15-D15, "") | F15: =IFERROR(E15/D15, "") | H15: =IF(AND(ISNUMBER(C15),ISNUMBER(G15)), C15-G15, "") | I15: =IFERROR(H15/G15, "")
A16: Kohls - Horsehead | B16: NY | E16: =IF(AND(ISNUMBER(C16),ISNUMBER(D16)), C16-D16, "") | F16: =IFERROR(E16/D16, "") | H16: =IF(AND(ISNUMBER(C16),ISNUMBER(G16)), C16-G16, "") | I16: =IFERROR(H16/G16, "")
A17: Kohls - Hudson | B17: NY | E17: =IF(AND(ISNUMBER(C17),ISNUMBER(D17)), C17-D17, "") | F17: =IFERROR(E17/D17, "") | H17: =IF(AND(ISNUMBER(C17),ISNUMBER(G17)), C17-G17, "") | I17: =IFERROR(H17/G17, "")
A18: Kohls - Ithaca | B18: NY
A19: Kohls - Kingston | B19: NY
A20: Kohls - Mechanicsburg | B20: PA
A21: Kohls - Middletown | B21: NJ
A22: Kohls - North Amherst | B22: NY
A23: Kohls - Staten Island | B23: NY
A24: Kohls - Warminster | B24: PA
A25: Kohls - Waterbury | B25: CT
A26: Mojave Water Agency - Headquarters | B26: CA
A27: CSU - Bakersfield | B27: CA
A28: Greenfield USD - Fairfield ES | B28: CA
A29: Greenfield USD - Granite Point ES | B29: CA
... A68: Snowline SD - Vista Verde ES | B68: CA

Sheet Sites
A1: Portfolio: | B1: Silicon Ranch
A3: Site DAS Name | B3: Site | C3: State | D3: Column1 | E3: DAS
A4: zz.Iron Mountain - Windsor | B4: Iron Mountain - Windsor | C4: CT | D4: AF | E4: Green Power Monitor
A5: zz.Kohls - Auburn | B5: Kohls - Auburn | C5: NY | D5: AF | E5: Green Power Monitor
A6: zz.Kohls - Bensalem | B6: Kohls - Bensalem | C6: PA | D6: AF | E6: Green Power Monitor
A7: zz.Kohls - Brick | B7: Kohls - Brick | C7: NJ | D7: AF | E7: Green Power Monitor
A8: zz.Kohls - Buffalo | B8: Kohls - Buffalo | C8: NY | D8: AF | E8: Green Power Monitor
A9: zz.Kohls - Canton | B9: Kohls - Canton | C9: CT | D9: AF | E9: Green Power Monitor
A10: zz.Kohls - East Amherst | B10: Kohls - East Amherst | C10: NY | D10: AF | E10: Green Power Monitor
A11: zz.Kohls - East Brunswick | B11: Kohls - East Brunswick | C11: NJ | D11: AF | E11: Green Power Monitor
A12: zz.Kohls - Edgewood | B12: Kohls - Edgewood | C12: MD | D12: AF | E12: Green Power Monitor
A13: zz.Kohls - Granite Run | B13: Kohls - Granite Run | C13: PA | D13: AF | E13: Green Power Monitor
A14: zz.Kohls - Greece | B14: Kohls - Greece | C14: NY | D14: AF | E14: Green Power Monitor
... A40: zz.Colusa - WTP | B40: Colusa - WTP | C40: CA | D40: AF | E40: Green Power Monitor
A41: zz.CDCR-North Kern State Prision | B41: CDCR-North Kern State Prision | C41: CA | E41: Green Power Monitor
A42: zz.Muroc Joint USD - District Office | B42: Muroc Joint USD - District Office | C42: CA | D42: AF | E42: Green Power Monitor
A43: zz.Whole Foods - Manhattan Beach | B43: Whole Foods - Manhattan Beach | C43: CA | D43: AF | E43: Green Power Monitor
A44: zz.Pioneer USD - Frontier ES | B44: Pioneer USD - Frontier ES | C44: CA | D44: AF | E44: Green Power Monitor
A45: zz.Pioneer USD - Pioneer ES | B45: Pioneer USD - Pioneer ES | C45: CA | D45: AF | E45: Green Power Monitor
A46: zz.Pioneer USD - Pioneer MS | B46: Pioneer USD - Pioneer MS | C46: CA | D46: AF | E46: Green Power Monitor
A47: zz.Kingsburg Joint UHSD - Kingsburg HS | B47: Kingsburg Joint UHSD - Kingsburg HS | C47: CA | D47: AF | E47: Green Power Monitor
A48: CADRB | B48: CADRB | C48: CA | D48: AF | E48: Green Power Monitor
A49: zz.CDCR-CA State Prison LA County | B49: CDCR-CA State Prison LA County | C49: CA | E49: Green Power Monitor
A50: zz.Central USD Akers ES | B50: Central USD Akers ES | C50: CA | E50: Green Power Monitor
A51: zz.CUSD - District Office | B51: CUSD - District Office | C51: CA | D51: AF | E51: Green Power Monitor
A52: zz.Parlier - WTP | B52: Parlier - WTP | C52: CA | E52: Green Power Monitor
A53: zz.Snowline SD - Quail Valley MS | B53: Snowline SD - Quail Valley MS | C53: CA | D53: AF | E53: Green Power Monitor
A54: zz.Snowline SD - Serrano HS - Middle Lot | B54: Snowline SD - Serrano HS - Middle Lot | C54: CA | E54: Green Power Monitor
A55: zz.Snowline SD - Pinon Hills ES | B55: Snowline SD - Pinon Hills ES | C55: CA | D55: AF | E55: Green Power Monitor
A56: zz.Ramona - Santa Maria WTP | B56: Ramona - Santa Maria WTP | C56: CA | D56: AF | E56: Green Power Monitor
A57: zz.Kohls - Redding | B57: Kohls - Redding | C57: CA | D57: AF | E57: Green Power Monitor
A58: zz.Kohls - Salinas | B58: Kohls - Salinas | C58: CA | D58: AF | E58: Green Power Monitor
A59: zz.Kohls - San Bernardino - Central | B59: Kohls - San Bernardino - Central | C59: CA | E59: Green Power Monitor
A60: zz.Kohls - Sonora | B60: Kohls - Sonora | C60: CA | D60: AF | E60: Green Power Monitor
A61: zz.CUSD - Stratford ES | B61: CUSD - Stratford ES | C61: CA | D61: AF | E61: Green Power Monitor
A62: zz.Taft - City Hall | B62: Taft - City Hall | C62: CA | D62: AF | E62: Green Power Monitor
A63: zz.Taft - Federal Prison | B63: Taft - Federal Prison | C63: CA | D63: AF | E63: Green Power Monitor
A64: zz.Taft - Police Department | B64: Taft - Police Department | C64: CA | D64: AF | E64: Green Power Monitor
A65: zz.Colusa - WTP | B65: Taft - WTP | C65: CA | E65: Green Power Monitor
A66: zz.CDCR - CA Correctional Institution | B66: CDCR - CA Correctional Institution | C66: CA | E66: Green Power Monitor
A67: zz.CDCR - CA Correctional Institution II | B67: CDCR - CA Correctional Institution II | C67: CA | E67: Green Power Monitor
A68: zz.Snowline SD - Vista Verde ES | B68: Snowline SD - Vista Verde ES | C68: CA | D68: AF | E68: Green Power Monitor
