Workbook
Name JanActual: #REF!
Name JanActual2: #REF!
Name JanExpected: #REF!
Name JanExpectedDelta: #REF!
Name JanExpectedPercent: #REF!
Name JanExpPercent: #REF!
Name JanForecasted: #REF!
Name JanForecastedDelta: #REF!
Name JanForecastedPercent: #REF!
Name portfolio: Sites!$B$1:$B$1
Name Year: Sites!#REF!

Sheet Year to Date
A1: {=portfolio} -> Walden Renewables Dev't LLC | D1: Year to Date Actual v. Expected | G1: Year to Date Actual v. Forecasted
A2: Total | C2: =SUM(C4:C60) -> 6525660 | D2: =SUM(D4:D60) -> 6637064.5 | E2: =C2-D2 -> -111404.51 | F2: =IFERROR(E2/D2, 0) -> -0.016785208 | G2: =SUM(G4:G60) -> 6904481.9 | H2: =C2-G2 -> -378821.86 | I2: =IFERROR(H2/G2, 0) -> -0.054866082
A3: Site | B3: State | C3: Actual | D3: Expected | E3: Delta | F3: % | G3: Forecasted | H3: Delta | I3: %
A4: {=Sites[Site]} -> ME: Wells - Littlefield Solar | B4: {=Sites[State]} -> MAINE | C4: =SUM('1st Qtr'!C4, '2nd Qtr'!C4, '3rd Qtr'!C4, '4th Qtr'!C4) -> 6525660 | D4: =SUM('1st Qtr'!D4, '2nd Qtr'!D4, '3rd Qtr'!D4, '4th Qtr'!D4) -> 6637064.5 | E4: =IF(AND(ISNUMBER(C4),ISNUMBER(D4)), C4-D4, "") -> -111404.51 | F4: =IFERROR(E4/D4, "") -> -0.016785208 | G4: =SUM('1st Qtr'!G4,'2nd Qtr'!G4,'3rd Qtr'!G4,'4th Qtr'!G4) -> 6904481.9 | H4: =SUM('1st Qtr'!H4, '2nd Qtr'!H4, '3rd Qtr'!H4, '4th Qtr'!H4) -> -378821.86 | I4: =IFERROR(H4/G4, "") -> -0.054866082

Sheet 1st Qtr
A1: {=portfolio} -> Walden Renewables Dev't LLC | D1: 1st Quarter Actual v. Expected | G1: 1st Quarter Actual v. Forecasted
A2: Total | C2: =SUM(C4:C68) -> 1445400 | D2: =SUM(D4:D68) -> 1701800 | E2: =C2-D2 -> -256399.95 | F2: =IFERROR(E2/D2, 0) -> -0.15066398 | G2: =SUM(G4:G68) -> 1751112.9 | H2: =C2-G2 -> -305712.92 | I2: =IFERROR(H2/G2, 0) -> -0.17458207
A3: Site | B3: State | C3: Actual | D3: Expected | E3: Delta | F3: % | G3: Forecasted | H3: Delta | I3: %
A4: {=Sites[Site]} -> ME: Wells - Littlefield Solar | B4: {=Sites[State]} -> MAINE | C4: =SUM(Jan!C4, Feb!C4, Mar!C4) -> 1445400 | D4: =SUM(Jan!D4, Feb!D4, Mar!D4) -> 1701800 | E4: =IF(AND(ISNUMBER(C4),ISNUMBER(D4)), C4-D4, "") -> -256399.95 | F4: =IFERROR(E4/D4, "") -> -0.15066398 | G4: =SUM(Jan!G4, Feb!G4, Mar!G4) -> 1751112.9 | H4: =SUM(Jan!H4, Feb!H4, Mar!H4) -> -305712.91 | I4: =IFERROR(H4/G4, "") -> -0.17458207

Sheet 2nd Qtr
A1: {=portfolio} -> Walden Renewables Dev't LLC | D1: 2nd Quarter Actual v. Expected | G1: 2nd Quarter Actual v. Forecasted
A2: Total | C2: =SUM(C4:C90) -> 2464875 | D2: =SUM(D4:D90) -> 2288937.7 | E2: =C2-D2 -> 175937.3 | F2: =IFERROR(E2/D2, 0) -> 0.076864172 | G2: =SUM(G4:G90) -> 2585592.6 | H2: =C2-G2 -> -120717.6 | I2: =IFERROR(H2/G2, 0) -> -0.046688562
A3: Site | B3: State | C3: Actual | D3: Expected | E3: Delta | F3: % | G3: Forecasted | H3: Delta | I3: %
A4: {=Sites[Site]} -> ME: Wells - Littlefield Solar | B4: {=Sites[State]} -> MAINE | C4: =SUM(Apr!C4, May!C4, Jun!C4) -> 2464875 | D4: =SUM(Apr!D4, May!D4, Jun!D4) -> 2288937.7 | E4: =IF(AND(ISNUMBER(C4),ISNUMBER(D4)), C4-D4, "") -> 175937.3 | F4: =IFERROR(E4/D4, "") -> 0.076864172 | G4: =SUM(Apr!G4,May!G4,Jun!G4) -> 2585592.6 | H4: =SUM(Apr!H4, May!H4, Jun!H4) -> -120717.6 | I4: =IFERROR(H4/G4, "") -> -0.046688562

Sheet 3rd Qtr
A1: {=portfolio} -> Walden Renewables Dev't LLC | D1: 3rd Quarter Actual v. Expected | G1: 3rd Quarter Actual v. Forecasted
A2: Total | C2: =SUM(C4:C89) -> 2615385 | D2: =SUM(D4:D89) -> 2646326.9 | E2: =C2-D2 -> -30941.857 | F2: =IFERROR(E2/D2, 0) -> -0.011692379 | G2: =SUM(G4:G89) -> 2567776.3 | H2: =C2-G2 -> 47608.65 | I2: =IFERROR(H2/G2, 0) -> 0.018540809
A3: Site | B3: State | C3: Actual | D3: Expected | E3: Delta | F3: % | G3: Forecasted | H3: Delta | I3: %
A4: {=Sites[Site]} -> ME: Wells - Littlefield Solar | B4: {=Sites[State]} -> MAINE | C4: =SUM(Jul!C4, Aug!C4, Sep!C4) -> 2615385 | D4: =SUM(Jul!D4, Aug!D4, Sep!D4) -> 2646326.9 | E4: =IF(AND(ISNUMBER(C4),ISNUMBER(D4)), C4-D4, "") -> -30941.857 | F4: =IFERROR(E4/D4, "") -> -0.011692379 | G4: =SUM(Jul!G4,Aug!G4,Sep!G4) -> 2567776.3 | H4: =SUM(Jul!H4, Aug!H4, Sep!H4) -> 47608.65 | I4: =IFERROR(H4/G4, "") -> 0.018540809

Sheet 4th Qtr
A1: {=portfolio} -> Walden Renewables Dev't LLC | D1: 4th Quarter Actual v. Expected | G1: 4th Quarter Actual v. Forecasted
A2: Total | C2: =SUM(C4:C89) -> 0 | D2: =SUM(D4:D89) -> 0 | E2: =C2-D2 -> 0 | F2: =IFERROR(E2/D2, 0) -> 0 | G2: =SUM(G4:G89) -> 0 | H2: =C2-G2 -> 0 | I2: =IFERROR(H2/G2, 0) -> 0
A3: Site | B3: State | C3: Actual | D3: Expected | E3: Delta | F3: % | G3: Forecasted | H3: Delta | I3: %
A4: {=Sites[Site]} -> ME: Wells - Littlefield Solar | B4: {=Sites[State]} -> MAINE | C4: =SUM(Oct!C4, Nov!C4, Dec!C4) -> 0 | D4: =SUM(Oct!D4, Nov!D4, Dec!D4) -> 0 | E4: =IF(AND(ISNUMBER(C4),ISNUMBER(D4)), C4-D4, "") -> 0 | F4: =IFERROR(E4/D4, "") | H4: =SUM(Oct!H4, Nov!H4, Dec!H4) -> 0 | I4: =IFERROR(H4/G4, "")

Sheet Jan
A1: {=portfolio} -> Walden Renewables Dev't LLC | D1: January Actual v. Expected | G1: January Actual v. Forecasted
A2: Total | C2: =SUM(C4:C89) -> 213608 | D2: =SUM(D4:D89) -> 396501.9 | E2: =C2-D2 -> -182893.9 | F2: =IFERROR(E2/D2, 0) -> -0.46126866 | G2: =SUM(G4:G89) -> 419715.6 | H2: =C2-G2 -> -206107.6 | I2: =IFERROR(H2/G2, 0) -> -0.4910649
A3: Site | B3: State | C3: Actual | D3: Expected | E3: Delta | F3: % | G3: Forecasted | H3: Delta | I3: % | J3: Notes | K3: Service Requests
A4: {=Sites[Site]} -> ME: Wells - Littlefield Solar | B4: {=Sites[State]} -> MAINE | C4: 213608 | D4: 396501.9 | E4: =IF(AND(ISNUMBER(C4),ISNUMBER(D4)), C4-D4, "") -> -182893.9 | F4: =IFERROR(E4/D4, "") -> -0.46126866 | G4: 419715.6 | H4: =IF(AND(ISNUMBER(C4),ISNUMBER(G4)), C4-G4, "") -> -206107.6 | I4: =IFERROR(H4/G4, "") -> -0.4910649 | J4: 1. Inverter 22 was offline on 01/10, 01/25 to 01/27, 01/29, 01/31 | K4: 1. SR079744
E5: =IF(AND(ISNUMBER(C5),ISNUMBER(D5)), C5-D5, "") | F5: =IFERROR(E5/D5, "") | H5: =IF(AND(ISNUMBER(C5),ISNUMBER(G5)), C5-G5, "") | I5: =IFERROR(H5/G5, "")
E6: =IF(AND(ISNUMBER(C6),ISNUMBER(D6)), C6-D6, "") | F6: =IFERROR(E6/D6, "") | H6: =IF(AND(ISNUMBER(C6),ISNUMBER(G6)), C6-G6, "") | I6: =IFERROR(H6/G6, "")

Sheet Feb
A1: {=portfolio} -> Walden Renewables Dev't LLC | D1: February Actual v. Expected | G1: February Actual v. Forecasted
A2: Total | C2: =SUM(C4:C85) -> 623639 | D2: =SUM(D4:D85) -> 682847 | E2: =C2-D2 -> -59208 | F2: =IFERROR(E2/D2, 0) -> -0.086707564 | G2: =SUM(G4:G85) -> 571610.7 | H2: =C2-G2 -> 52028.3 | I2: =IFERROR(H2/G2, 0) -> 0.091020514 | J2: =IF(AND(TODAY()>DATE(2024, 2, 1), COUNTA(Sites[Site])<>(COUNT(C:C)-1)), "Some sites are missing actual data; if new sites were added, make sure they are aligned correctly (including prior months!)", "")
A3: Site | B3: State | C3: Actual | D3: Expected | E3: Delta | F3: % | G3: Forecasted | H3: Delta | I3: % | J3: Notes | K3: Service Requests
A4: {=Sites[Site]} -> ME: Wells - Littlefield Solar | B4: {=Sites[State]} -> MAINE | C4: 623639 | D4: 682847 | E4: =IF(AND(ISNUMBER(C4),ISNUMBER(D4)), C4-D4, "") -> -59208 | F4: =IFERROR(E4/D4, "") -> -0.086707564 | G4: 571610.7 | H4: =IF(AND(ISNUMBER(C4),ISNUMBER(G4)), C4-G4, "") -> 52028.3 | I4: =IFERROR(H4/G4, "") -> 0.091020514 | J4: 1.Inverter 22 was offline on 02/02. The technician reset it on the same day, and it is back online. | K4: 1.SR079744

Sheet Mar
A1: {=portfolio} -> Walden Renewables Dev't LLC | D1: March Actual v. Expected | G1: March Actual v. Forecasted
A2: Total | C2: =SUM(C4:C90) -> 608153.01 | D2: =SUM(D4:D90) -> 622451.05 | E2: =C2-D2 -> -14298.049 | F2: =IFERROR(E2/D2, 0) -> -0.02297056 | G2: =SUM(G4:G90) -> 759786.62 | H2: =C2-G2 -> -151633.61 | I2: =IFERROR(H2/G2, 0) -> -0.19957395 | J2: =IF(AND(TODAY()>DATE(2024, 3, 1), COUNTA(Sites[Site])<>(COUNT(C:C)-1)), "Some sites are missing actual data; if new sites were added, make sure they are aligned correctly (including prior months!)", "")
A3: Site | B3: State | C3: Actual | D3: Expected | E3: Delta | F3: % | G3: Forecasted | H3: Delta | I3: % | J3: Notes | K3: Service Requests
A4: {=Sites[Site]} -> ME: Wells - Littlefield Solar | B4: {=Sites[State]} -> MAINE | C4: 608153.01 | D4: 622451.05 | E4: =IF(AND(ISNUMBER(C4),ISNUMBER(D4)), C4-D4, "") -> -14298.049 | F4: =IFERROR(E4/D4, "") -> -0.02297056 | G4: 759786.62 | H4: =IF(AND(ISNUMBER(C4),ISNUMBER(G4)), C4-G4, "") -> -151633.61 | I4: =IFERROR(H4/G4, "") -> -0.19957395 | J4: 1. Inverter 32 started late on 03/06 & was offline on 03/15 & back online on 03/16. 2. Site is offline from 03/23 at 20:00 to 03/27 at 10:00. | K4: 1. SR081601 2. SR082608
E5: =IF(AND(ISNUMBER(C5),ISNUMBER(D5)), C5-D5, "") | F5: =IFERROR(E5/D5, "") | H5: =IF(AND(ISNUMBER(C5),ISNUMBER(G5)), C5-G5, "") | I5: =IFERROR(H5/G5, "")

Sheet Apr
A1: {=portfolio} -> Walden Renewables Dev't LLC | D1: April Actual v. Expected | G1: April Actual v. Forecasted
A2: Total | C2: =SUM(C4:C90) -> 698240 | D2: =SUM(D4:D90) -> 705102 | E2: =C2-D2 -> -6862 | F2: =IFERROR(E2/D2, 0) -> -0.0097319253 | G2: =SUM(G4:G90) -> 788000 | H2: =C2-G2 -> -89760 | I2: =IFERROR(H2/G2, 0) -> -0.11390863 | J2: =IF(AND(TODAY()>DATE(2024, 4, 1), COUNTA(Sites[Site])<>(COUNT(C:C)-1)), "Some sites are missing actual data; if new sites were added, make sure they are aligned correctly (including prior months!)", "")
A3: Site | B3: State | C3: Actual | D3: Expected | E3: Delta | F3: % | G3: Forecasted | H3: Delta | I3: % | J3: Notes | K3: Service Requests
A4: {=Sites[Site]} -> ME: Wells - Littlefield Solar | B4: {=Sites[State]} -> MAINE | C4: 698240 | D4: 705102 | E4: =IF(AND(ISNUMBER(C4),ISNUMBER(D4)), C4-D4, "") -> -6862 | F4: =IFERROR(E4/D4, "") -> -0.0097319253 | G4: 788000 | H4: =IF(AND(ISNUMBER(C4),ISNUMBER(G4)), C4-G4, "") -> -89760 | I4: =IFERROR(H4/G4, "") -> -0.11390863 | J4: 1. Site is offline due to storm from 04/04/24 at 05:00AM and back online at 13:00 on 04/08/24. 2. Inverter 31 is offline from 13:00 to 15:15 on 04/08/24. 3. Inverter 22 is offline due to "Insolation fault" on 04/13 from 07:00AM to 11:15AM. 4. Inverter 20 is derating about 43kW and reporting "fan fail" from 04/13 and need to replace fan. 5. Inverter 5 is offline from 07:00AM to 11:45AM on 04/17/24. 6. Inverter 33 is derating about 17kW and reporting "potential fan fault" on 04/18/24. | K4: 1. SR083080 2. SR083205 3. SR083378 4. SR083431 5. SR083539 6. SR083601
E5: =IF(AND(ISNUMBER(C5),ISNUMBER(D5)), C5-D5, "") | F5: =IFERROR(E5/D5, "") | H5: =IF(AND(ISNUMBER(C5),ISNUMBER(G5)), C5-G5, "") | I5: =IFERROR(H5/G5, "")

Sheet May
A1: {=portfolio} -> Walden Renewables Dev't LLC | D1: May Actual v. Expected | G1: May Actual v. Forecasted
A2: Total | C2: =SUM(C4:C90) -> 872100 | D2: =SUM(D4:D90) -> 680511 | E2: =C2-D2 -> 191589 | F2: =IFERROR(E2/D2, 0) -> 0.28153696 | G2: =SUM(G4:G90) -> 917000 | H2: =C2-G2 -> -44900 | I2: =IFERROR(H2/G2, 0) -> -0.048964013 | J2: =IF(AND(TODAY()>DATE(2024, 5, 1), COUNTA(Sites[Site])<>(COUNT(C:C)-1)), "Some sites are missing actual data; if new sites were added, make sure they are aligned correctly (including prior months!)", "")
A3: Site | B3: State | C3: Actual | D3: Expected | E3: Delta | F3: % | G3: Forecasted | H3: Delta | I3: % | J3: Notes | K3: Service Requests
A4: {=Sites[Site]} -> ME: Wells - Littlefield Solar | B4: {=Sites[State]} -> MAINE | C4: 872100 | D4: 680511 | E4: =IF(AND(ISNUMBER(C4),ISNUMBER(D4)), C4-D4, "") -> 191589 | F4: =IFERROR(E4/D4, "") -> 0.28153696 | G4: 917000 | H4: =IF(AND(ISNUMBER(C4),ISNUMBER(G4)), C4-G4, "") -> -44900 | I4: =IFERROR(H4/G4, "") -> -0.048964013 | J4: 1. Inverter 20 tripped offline at 15:15 on 05/21/24 and back online at 07:00AM on 05/31/24. 2. Inverter 32 late started on 05/06/24 due to an insulation fault 3. The weather station stopped communicating on 05/24 at 15:00, and a technician reset the Weather Station DAS and restored communication on 05/31 at 8:30 AM. Due to this, the expected energy values are low compared to the previous month. | K4: 1. SR084988 2. SR081601 3. SR085273
E5: =IF(AND(ISNUMBER(C5),ISNUMBER(D5)), C5-D5, "") | F5: =IFERROR(E5/D5, "") | H5: =IF(AND(ISNUMBER(C5),ISNUMBER(G5)), C5-G5, "") | I5: =IFERROR(H5/G5, "")

Sheet Jun
A1: {=portfolio} -> Walden Renewables Dev't LLC | D1: June Actual v. Expected | G1: June Actual v. Forecasted
A2: Total | C2: =SUM(C4:C90) -> 894535 | D2: =SUM(D4:D90) -> 903324.7 | E2: =C2-D2 -> -8789.7 | F2: =IFERROR(E2/D2, 0) -> -0.0097303882 | G2: =SUM(G4:G90) -> 880592.6 | H2: =C2-G2 -> 13942.4 | I2: =IFERROR(H2/G2, 0) -> 0.015832974 | J2: =IF(AND(TODAY()>DATE(2024, 6, 1), COUNTA(Sites[Site])<>(COUNT(C:C)-1)), "Some sites are missing actual data; if new sites were added, make sure they are aligned correctly (including prior months!)", "")
A3: Site | B3: State | C3: Actual | D3: Expected | E3: Delta | F3: % | G3: Forecasted | H3: Delta | I3: % | J3: Notes | K3: Service Requests
A4: {=Sites[Site]} -> ME: Wells - Littlefield Solar | B4: {=Sites[State]} -> MAINE | C4: 894535 | D4: 903324.7 | E4: =IF(AND(ISNUMBER(C4),ISNUMBER(D4)), C4-D4, "") -> -8789.7 | F4: =IFERROR(E4/D4, "") -> -0.0097303882 | G4: 880592.6 | H4: =IF(AND(ISNUMBER(C4),ISNUMBER(G4)), C4-G4, "") -> 13942.4 | I4: =IFERROR(H4/G4, "") -> 0.015832974 | J4: 1. Site was offline from 6pm of 06/23 and back online at 2pm of 06/24, it was offline due to the recloser being open from the customer's end 2. Inverters 21, 22 & 31 have started late i.e., at 10am on 06/27 | K4: 1. SR086772 2. SR086893
E5: =IF(AND(ISNUMBER(C5),ISNUMBER(D5)), C5-D5, "") | F5: =IFERROR(E5/D5, "") | H5: =IF(AND(ISNUMBER(C5),ISNUMBER(G5)), C5-G5, "") | I5: =IFERROR(H5/G5, "")

Sheet Jul
A1: {=portfolio} -> Walden Renewables Dev't LLC | D1: July Actual v. Expected | G1: July Actual v. Forecasted
A2: Total | C2: =SUM(C4:C90) -> 916545 | D2: =SUM(D4:D90) -> 922407.79 | E2: =C2-D2 -> -5862.79 | F2: =IFERROR(E2/D2, 0) -> -0.0063559632 | G2: =SUM(G4:G90) -> 935829.2 | H2: =C2-G2 -> -19284.2 | I2: =IFERROR(H2/G2, 0) -> -0.020606538 | J2: =IF(AND(TODAY()>DATE(2024, 7, 1), COUNTA(Sites[Site])<>(COUNT(C:C)-1)), "Some sites are missing actual data; if new sites were added, make sure they are aligned correctly (including prior months!)", "")
A3: Site | B3: State | C3: Actual | D3: Expected | E3: Delta | F3: % | G3: Forecasted | H3: Delta | I3: % | J3: Notes | K3: Service Requests
A4: {=Sites[Site]} -> ME: Wells - Littlefield Solar | B4: {=Sites[State]} -> MAINE | C4: 916545 | D4: 922407.79 | E4: =IF(AND(ISNUMBER(C4),ISNUMBER(D4)), C4-D4, "") -> -5862.79 | F4: =IFERROR(E4/D4, "") -> -0.0063559632 | G4: 935829.2 | H4: =IF(AND(ISNUMBER(C4),ISNUMBER(G4)), C4-G4, "") -> -19284.2 | I4: =IFERROR(H4/G4, "") -> -0.020606538 | J4: 1.The main breaker on pad 1 had tripped, pad 2 was still running at 15:30pm on 07/01 and back online at 10:15 on 07/02. 2.Inverter 20 is underproducing 30kW compared to its peers | K4: 1.SR087219 2.SR089524
E5: =IF(AND(ISNUMBER(C5),ISNUMBER(D5)), C5-D5, "") | F5: =IFERROR(E5/D5, "") | H5: =IF(AND(ISNUMBER(C5),ISNUMBER(G5)), C5-G5, "") | I5: =IFERROR(H5/G5, "")

Sheet Aug
A1: {=portfolio} -> Walden Renewables Dev't LLC | D1: August Actual v. Expected | G1: August Actual v. Forecasted
A2: Total | C2: =SUM(C4:C30) -> 849701 | D2: =SUM(D4:D30) -> 861890.23 | E2: =C2-D2 -> -12189.235 | F2: =IFERROR(E2/D2, 0) -> -0.014142445 | G2: =SUM(G4:G30) -> 890773.33 | H2: =C2-G2 -> -41072.33 | I2: =IFERROR(H2/G2, 0) -> -0.046108621 | J2: =IF(AND(TODAY()>DATE(2024, 8, 1), COUNTA(Sites[Site])<>(COUNT(C:C)-1)), "Some sites are missing actual data; if new sites were added, make sure they are aligned correctly (including prior months!)", "")
A3: Site | B3: State | C3: Actual | D3: Expected | E3: Delta | F3: % | G3: Forecasted | H3: Delta | I3: % | J3: Notes | K3: Service Requests
A4: {=Sites[Site]} -> ME: Wells - Littlefield Solar | B4: {=Sites[State]} -> MAINE | C4: 849701 | D4: 861890.23 | E4: =IF(AND(ISNUMBER(C4),ISNUMBER(D4)), C4-D4, "") -> -12189.235 | F4: =IFERROR(E4/D4, "") -> -0.014142445 | G4: 890773.33 | H4: =IF(AND(ISNUMBER(C4),ISNUMBER(G4)), C4-G4, "") -> -41072.33 | I4: =IFERROR(H4/G4, "") -> -0.046108621 | J4: 1.Inverter 21 didn't start production on 08/05 & 08/06 until 13:00pm. 2. Inverter 20 is underproducing 30kW compared to its peers | K4: 1.SR088651 2.SR089524

Sheet Sep
A1: {=portfolio} -> Walden Renewables Dev't LLC | D1: September Actual v. Expected | G1: September Actual v. Forecasted
A2: Total | C2: =SUM(C4:C90) -> 849139 | D2: =SUM(D4:D90) -> 862028.83 | E2: =C2-D2 -> -12889.832 | F2: =IFERROR(E2/D2, 0) -> -0.014952901 | G2: =SUM(G4:G90) -> 741173.82 | H2: =C2-G2 -> 107965.18 | I2: =IFERROR(H2/G2, 0) -> 0.14566783 | J2: =IF(AND(TODAY()>DATE(2024, 9, 1), COUNTA(Sites[Site])<>(COUNT(C:C)-1)), "Some sites are missing actual data; if new sites were added, make sure they are aligned correctly (including prior months!)", "")
A3: Site | B3: State | C3: Actual | D3: Expected | E3: Delta | F3: % | G3: Forecasted | H3: Delta | I3: % | J3: Notes | K3: Service Requests
A4: {=Sites[Site]} -> ME: Wells - Littlefield Solar | B4: {=Sites[State]} -> MAINE | C4: 849139 | D4: 862028.83 | E4: =IF(AND(ISNUMBER(C4),ISNUMBER(D4)), C4-D4, "") -> -12889.832 | F4: =IFERROR(E4/D4, "") -> -0.014952901 | G4: 741173.82 | H4: =IF(AND(ISNUMBER(C4),ISNUMBER(G4)), C4-G4, "") -> 107965.18 | I4: =IFERROR(H4/G4, "") -> 0.14566783
E5: =IF(AND(ISNUMBER(C5),ISNUMBER(D5)), C5-D5, "") | F5: =IFERROR(E5/D5, "") | H5: =IF(AND(ISNUMBER(C5),ISNUMBER(G5)), C5-G5, "") | I5: =IFERROR(H5/G5, "")

Sheet Oct
A1: {=portfolio} -> Walden Renewables Dev't LLC | D1: October Actual v. Expected | G1: October Actual v. Forecasted
A2: Total | C2: =SUM(C4:C90) -> 0 | D2: =SUM(D4:D90) -> 0 | E2: =C2-D2 -> 0 | F2: =IFERROR(E2/D2, 0) -> 0 | G2: =SUM(G4:G90) -> 0 | H2: =C2-G2 -> 0 | I2: =IFERROR(H2/G2, 0) -> 0 | J2: =IF(AND(TODAY()>DATE(2024, 10, 1), COUNTA(Sites[Site])<>(COUNT(C:C)-1)), "Some sites are missing actual data; if new sites were added, make sure they are aligned correctly (including prior months!)", "") -> Some sites are missing actual data; if new sites were added, make sure they are aligned correctly (including prior months!)
A3: Site | B3: State | C3: Actual | D3: Expected | E3: Delta | F3: % | G3: Forecasted | H3: Delta | I3: % | J3: Notes | K3: Service Requests
A4: {=Sites[Site]} -> ME: Wells - Littlefield Solar | B4: {=Sites[State]} -> MAINE | E4: =IF(AND(ISNUMBER(C4),ISNUMBER(D4)), C4-D4, "") | F4: =IFERROR(E4/D4, "") | H4: =IF(AND(ISNUMBER(C4),ISNUMBER(G4)), C4-G4, "") | I4: =IFERROR(H4/G4, "")
E5: =IF(AND(ISNUMBER(C5),ISNUMBER(D5)), C5-D5, "") | F5: =IFERROR(E5/D5, "") | H5: =IF(AND(ISNUMBER(C5),ISNUMBER(G5)), C5-G5, "") | I5: =IFERROR(H5/G5, "")

Sheet Nov
A1: {=portfolio} -> Walden Renewables Dev't LLC | D1: November Actual v. Expected | G1: November Actual v. Forecasted
A2: Total | C2: =SUM(C4:C90) -> 0 | D2: =SUM(D4:D90) -> 0 | E2: =C2-D2 -> 0 | F2: =IFERROR(E2/D2, 0) -> 0 | G2: =SUM(G4:G90) -> 0 | H2: =C2-G2 -> 0 | I2: =IFERROR(H2/G2, 0) -> 0 | J2: =IF(AND(TODAY()>DATE(2024, 11, 1), COUNTA(Sites[Site])<>(COUNT(C:C)-1)), "Some sites are missing actual data; if new sites were added, make sure they are aligned correctly (including prior months!)", "")
A3: Site | B3: State | C3: Actual | D3: Expected | E3: Delta | F3: % | G3: Forecasted | H3: Delta | I3: % | J3: Notes | K3: Service Requests
A4: {=Sites[Site]} -> ME: Wells - Littlefield Solar | B4: {=Sites[State]} -> MAINE | E4: =IF(AND(ISNUMBER(C4),ISNUMBER(D4)), C4-D4, "") | F4: =IFERROR(E4/D4, "") | H4: =IF(AND(ISNUMBER(C4),ISNUMBER(G4)), C4-G4, "") | I4: =IFERROR(H4/G4, "")
E5: =IF(AND(ISNUMBER(C5),ISNUMBER(D5)), C5-D5, "") | F5: =IFERROR(E5/D5, "") | H5: =IF(AND(ISNUMBER(C5),ISNUMBER(G5)), C5-G5, "") | I5: =IFERROR(H5/G5, "")

Sheet Dec
A1: {=portfolio} -> Walden Renewables Dev't LLC | D1: December Actual v. Expected | G1: December Actual v. Forecasted
A2: Total | C2: =SUM(C4:C90) -> 0 | D2: =SUM(D4:D90) -> 0 | E2: =C2-D2 -> 0 | F2: =IFERROR(E2/D2, 0) -> 0 | G2: =SUM(G4:G90) -> 0 | H2: =C2-G2 -> 0 | I2: =IFERROR(H2/G2, 0) -> 0 | J2: =IF(AND(TODAY()>DATE(2024, 12, 1), COUNTA(Sites[Site])<>(COUNT(C:C)-1)), "Some sites are missing actual data; if new sites were added, make sure they are aligned correctly (including prior months!)", "")
A3: Site | B3: State | C3: Actual | D3: Expected | E3: Delta | F3: % | G3: Forecasted | H3: Delta | I3: % | J3: Notes | K3: Service Requests
A4: {=Sites[Site]} -> ME: Wells - Littlefield Solar | B4: {=Sites[State]} -> MAINE | E4: =IF(AND(ISNUMBER(C4),ISNUMBER(D4)), C4-D4, "") | F4: =IFERROR(E4/D4, "") | H4: =IF(AND(ISNUMBER(C4),ISNUMBER(G4)), C4-G4, "") | I4: =IFERROR(H4/G4, "")
E5: =IF(AND(ISNUMBER(C5),ISNUMBER(D5)), C5-D5, "") | F5: =IFERROR(E5/D5, "") | H5: =IF(AND(ISNUMBER(C5),ISNUMBER(G5)), C5-G5, "") | I5: =IFERROR(H5/G5, "")

Sheet Sites
A1: Portfolio: | B1: Walden Renewables Dev't LLC
A3: Site DAS Name | B3: Site | C3: State | D3: Update | E3: DAS
A4: Littlefield Solar | B4: ME: Wells - Littlefield Solar | C4: MAINE | D4: AEF | E4: PowerTrack
