Workbook
Name JanActual: #REF!
Name JanActual2: #REF!
Name JanExpected: #REF!
Name JanExpectedDelta: #REF!
Name JanExpectedPercent: #REF!
Name JanExpPercent: #REF!
Name JanForecasted: #REF!
Name JanForecastedDelta: #REF!
Name JanForecastedPercent: #REF!
Name portfolio: Sites!$B$1:$B$1
Name Year: Sites!#REF!

Sheet Year to Date
A1: {=portfolio} -> Northbridge Companies | D1: Year to Date Actual v. Expected | G1: Year to Date Actual v. Forecasted
A2: Total | C2: =SUM(C4:C90) -> 291845.65 | D2: =SUM(D4:D90) -> 141079.4 | E2: =C2-D2 -> 150766.25 | F2: =IFERROR(E2/D2, 0) -> 1.0686625 | G2: =SUM(G4:G90) -> 201110.42 | H2: =C2-G2 -> 90735.234 | I2: =IFERROR(H2/G2, 0) -> 0.45117123
A3: Site | B3: State | C3: Actual | D3: Expected | E3: Delta | F3: % | G3: Forecasted | H3: Delta | I3: %
A4: {=Sites[Site]} -> MA: North Dartmouth - 293 Cross St (Array 1) | B4: {=Sites[State]} -> MA | C4: =SUM('1st Qtr'!C4, '2nd Qtr'!C4, '3rd Qtr'!C4, '4th Qtr'!C4) -> 80923.4 | D4: =SUM('1st Qtr'!D4, '2nd Qtr'!D4, '3rd Qtr'!D4, '4th Qtr'!D4) -> 0 | E4: =IF(AND(ISNUMBER(C4),ISNUMBER(D4)), C4-D4, "") -> 80923.4 | F4: =IFERROR(E4/D4, "") | G4: =SUM('1st Qtr'!G4,'2nd Qtr'!G4,'3rd Qtr'!G4,'4th Qtr'!G4) -> 0 | H4: =SUM('1st Qtr'!H4, '2nd Qtr'!H4, '3rd Qtr'!H4, '4th Qtr'!H4) -> 0 | I4: =IFERROR(H4/G4, 0) -> 0
A5: MA: North Dartmouth - 293 Cross St (Array 2) | B5: MA | C5: =SUM('1st Qtr'!C5, '2nd Qtr'!C5, '3rd Qtr'!C5, '4th Qtr'!C5) -> 210922.25 | D5: =SUM('1st Qtr'!D5, '2nd Qtr'!D5, '3rd Qtr'!D5, '4th Qtr'!D5) -> 141079.4 | E5: =IF(AND(ISNUMBER(C5),ISNUMBER(D5)), C5-D5, "") -> 69842.854 | F5: =IFERROR(E5/D5, "") -> 0.49506063 | G5: =SUM('1st Qtr'!G5,'2nd Qtr'!G5,'3rd Qtr'!G5,'4th Qtr'!G5) -> 201110.42 | H5: =SUM('1st Qtr'!H5, '2nd Qtr'!H5, '3rd Qtr'!H5, '4th Qtr'!H5) -> 9811.834 | I5: =IFERROR(H5/G5, "") -> 0.048788293

Sheet 1st Qtr
A1: {=portfolio} -> Northbridge Companies | D1: 1st Quarter Actual v. Expected | G1: 1st Quarter Actual v. Forecasted
A2: Total | C2: =SUM(C4:C90) -> 118219.08 | D2: =SUM(D4:D90) -> 79193.593 | E2: =C2-D2 -> 39025.492 | F2: =IFERROR(E2/D2, 0) -> 0.49278598 | G2: =SUM(G4:G90) -> 51994.465 | H2: =C2-G2 -> 66224.62 | I2: =IFERROR(H2/G2, 0) -> 1.273686
A3: Site | B3: State | C3: Actual | D3: Expected | E3: Delta | F3: % | G3: Forecasted | H3: Delta | I3: %
A4: {=Sites[Site]} -> MA: North Dartmouth - 293 Cross St (Array 1) | B4: {=Sites[State]} -> MA | C4: =SUM(Jan!C4, Feb!C4, Mar!C4) -> 62466.96 | D4: =SUM(Jan!D4, Feb!D4, Mar!D4) -> 0 | E4: =IF(AND(ISNUMBER(C4),ISNUMBER(D4)), C4-D4, "") -> 62466.96 | F4: =IFERROR(E4/D4, "") | G4: =SUM(Jan!G4, Feb!G4, Mar!G4) -> 0 | H4: =SUM(Jan!H4, Feb!H4, Mar!H4) -> 0 | I4: =IFERROR(H4/G4, 0) -> 0
A5: MA: North Dartmouth - 293 Cross St (Array 2) | B5: MA | C5: =SUM(Jan!C5, Feb!C5, Mar!C5) -> 55752.125 | D5: =SUM(Jan!D5, Feb!D5, Mar!D5) -> 79193.593 | E5: =IF(AND(ISNUMBER(C5),ISNUMBER(D5)), C5-D5, "") -> -23441.468 | F5: =IFERROR(E5/D5, "") -> -0.29600208 | G5: =SUM(Jan!G5, Feb!G5, Mar!G5) -> 51994.465 | H5: =SUM(Jan!H5, Feb!H5, Mar!H5) -> 3757.66 | I5: =IFERROR(H5/G5, "") -> 0.072270385

Sheet 2nd Qtr
A1: {=portfolio} -> Northbridge Companies | D1: 2nd Quarter Actual v. Expected | G1: 2nd Quarter Actual v. Forecasted
A2: Total | C2: =SUM(C4:C90) -> 106640.82 | D2: =SUM(D4:D90) -> 34396.06 | E2: =C2-D2 -> 72244.755 | F2: =IFERROR(E2/D2, 0) -> 2.1003788 | G2: =SUM(G4:G90) -> 89142.738 | H2: =C2-G2 -> 17498.077 | I2: =IFERROR(H2/G2, 0) -> 0.19629279
A3: Site | B3: State | C3: Actual | D3: Expected | E3: Delta | F3: % | G3: Forecasted | H3: Delta | I3: %
A4: {=Sites[Site]} -> MA: North Dartmouth - 293 Cross St (Array 1) | B4: {=Sites[State]} -> MA | C4: =SUM(Apr!C4, May!C4, Jun!C4) -> 18456.44 | D4: =SUM(Apr!D4, May!D4, Jun!D4) -> 0 | E4: =IF(AND(ISNUMBER(C4),ISNUMBER(D4)), C4-D4, "") -> 18456.44 | F4: =IFERROR(E4/D4, "") | G4: =SUM(Apr!G4, May!G4, Jun!G4) -> 0 | H4: =SUM(Apr!H4, May!H4, Jun!H4) -> 0 | I4: =IFERROR(H4/G4, "")
A5: MA: North Dartmouth - 293 Cross St (Array 2) | B5: MA | C5: =SUM(Apr!C5, May!C5, Jun!C5) -> 88184.375 | D5: =SUM(Apr!D5, May!D5, Jun!D5) -> 34396.06 | E5: =IF(AND(ISNUMBER(C5),ISNUMBER(D5)), C5-D5, "") -> 53788.315 | F5: =IFERROR(E5/D5, "") -> 1.5637929 | G5: =SUM(Apr!G5, May!G5, Jun!G5) -> 89142.738 | H5: =SUM(Apr!H5, May!H5, Jun!H5) -> -958.363 | I5: =IFERROR(H5/G5, "") -> -0.010750881

Sheet 3rd Qtr
A1: {=portfolio} -> Northbridge Companies | D1: 3rd Quarter Actual v. Expected | G1: 3rd Quarter Actual v. Forecasted
A2: Total | C2: =SUM(C4:C90) -> 66985.75 | D2: =SUM(D4:D90) -> 27489.743 | E2: =C2-D2 -> 39496.007 | F2: =IFERROR(E2/D2, 0) -> 1.4367543 | G2: =SUM(G4:G90) -> 59973.213 | H2: =C2-G2 -> 7012.537 | I2: =IFERROR(H2/G2, 0) -> 0.11692782
A3: Site | B3: State | C3: Actual | D3: Expected | E3: Delta | F3: % | G3: Forecasted | H3: Delta | I3: %
A4: {=Sites[Site]} -> MA: North Dartmouth - 293 Cross St (Array 1) | B4: {=Sites[State]} -> MA | C4: =SUM(Jul!C4, Aug!C4, Sep!C4) -> 0 | D4: =SUM(Jul!D4, Aug!D4, Sep!D4) -> 0 | E4: =IF(AND(ISNUMBER(C4),ISNUMBER(D4)), C4-D4, "") -> 0 | F4: =IFERROR(E4/D4, "") | G4: =SUM(Jul!G4, Aug!G4, Sep!G4) -> 0 | H4: =SUM(Jul!H4, Aug!H4, Sep!H4) -> 0 | I4: =IFERROR(H4/G4, "")
A5: MA: North Dartmouth - 293 Cross St (Array 2) | B5: MA | C5: =SUM(Jul!C5, Aug!C5, Sep!C5) -> 66985.75 | D5: =SUM(Jul!D5, Aug!D5, Sep!D5) -> 27489.743 | E5: =IF(AND(ISNUMBER(C5),ISNUMBER(D5)), C5-D5, "") -> 39496.007 | F5: =IFERROR(E5/D5, "") -> 1.4367543 | G5: =SUM(Jul!G5, Aug!G5, Sep!G5) -> 59973.213 | H5: =SUM(Jul!H5, Aug!H5, Sep!H5) -> 7012.537 | I5: =IFERROR(H5/G5, "") -> 0.11692782

Sheet 4th Qtr
A1: {=portfolio} -> Northbridge Companies | D1: 4th Quarter Actual v. Expected | G1: 4th Quarter Actual v. Forecasted
A2: Total | C2: =SUM(C4:C90) -> 0 | D2: =SUM(D4:D90) -> 0 | E2: =C2-D2 -> 0 | F2: =IFERROR(E2/D2, 0) -> 0 | G2: =SUM(G4:G90) -> 0 | H2: =C2-G2 -> 0 | I2: =IFERROR(H2/G2, 0) -> 0
A3: Site | B3: State | C3: Actual | D3: Expected | E3: Delta | F3: % | G3: Forecasted | H3: Delta | I3: %
A4: {=Sites[Site]} -> MA: North Dartmouth - 293 Cross St (Array 1) | B4: {=Sites[State]} -> MA | C4: =SUM(Oct!C4, Nov!C4, Dec!C4) -> 0 | D4: =SUM(Oct!D4, Nov!D4, Dec!D4) -> 0 | E4: =IF(AND(ISNUMBER(C4),ISNUMBER(D4)), C4-D4, "") -> 0 | F4: =IFERROR(E4/D4, "") | G4: =SUM(Oct!G4,Nov!G4,Dec!G4) -> 0 | H4: =SUM(Oct!H4, Nov!H4, Dec!H4) -> 0 | I4: =IFERROR(H4/G4, "")
A5: MA: North Dartmouth - 293 Cross St (Array 2) | B5: MA | C5: =SUM(Oct!C5, Nov!C5, Dec!C5) -> 0 | D5: =SUM(Oct!D5, Nov!D5, Dec!D5) -> 0 | E5: =IF(AND(ISNUMBER(C5),ISNUMBER(D5)), C5-D5, "") -> 0 | F5: =IFERROR(E5/D5, "") | G5: =SUM(Oct!G5,Nov!G5,Dec!G5) -> 0 | H5: =SUM(Oct!H5, Nov!H5, Dec!H5) -> 0 | I5: =IFERROR(H5/G5, "")

Sheet Jan
A1: {=portfolio} -> Northbridge Companies | D1: January Actual v. Expected | G1: January Actual v. Forecasted
A2: Total | C2: =SUM(C4:C89) -> 32240.375 | D2: =SUM(D4:D89) -> 23990.493 | E2: =C2-D2 -> 8249.882 | F2: =IFERROR(E2/D2, 0) -> 0.3438813 | G2: =SUM(G4:G89) -> 13578.087 | H2: =C2-G2 -> 18662.288 | I2: =IFERROR(H2/G2, 0) -> 1.3744416 | J2: =IF(AND(TODAY()>DATE(2024, 1, 1), COUNTA(Sites[Site])<>(COUNT(C:C)-1)), "Some sites are missing actual data; if new sites were added, make sure they are aligned correctly (including prior months!)", "")
A3: Site | B3: State | C3: Actual | D3: Expected | E3: Delta | F3: % | G3: Forecasted | H3: Delta | I3: % | J3: Notes | K3: Service Requests
A4: {=Sites[Site]} -> MA: North Dartmouth - 293 Cross St (Array 1) | B4: {=Sites[State]} -> MA | C4: 17790 | D4: N/A | E4: =IF(AND(ISNUMBER(C4),ISNUMBER(D4)), C4-D4, "") | F4: =IFERROR(E4/D4, "") | G4: N/A | H4: =IF(AND(ISNUMBER(C4),ISNUMBER(G4)), C4-G4, "") | I4: =IFERROR(H4/G4, "")
A5: MA: North Dartmouth - 293 Cross St (Array 2) | B5: MA | C5: 14450.375 | D5: 23990.493 | E5: =IF(AND(ISNUMBER(C5),ISNUMBER(D5)), C5-D5, "") -> -9540.118 | F5: =IFERROR(E5/D5, "") -> -0.39766244 | G5: 13578.087 | H5: =IF(AND(ISNUMBER(C5),ISNUMBER(G5)), C5-G5, "") -> 872.288 | I5: =IFERROR(H5/G5, "") -> 0.064242334 | J5: 1.The POA irradiance sensor has intermittent communication issues and has been showing bad data since 11/03/2024. | K5: 1.SR094280
E6: =IF(AND(ISNUMBER(C6),ISNUMBER(D6)), C6-D6, "") | F6: =IFERROR(E6/D6, "") | H6: =IF(AND(ISNUMBER(C6),ISNUMBER(G6)), C6-G6, "") | I6: =IFERROR(H6/G6, "")

Sheet Feb
A1: {=portfolio} -> Northbridge Companies | D1: February Actual v. Expected | G1: February Actual v. Forecasted
A2: Total | C2: =SUM(C4:C90) -> 35400.51 | D2: =SUM(D4:D90) -> 31450.165 | E2: =C2-D2 -> 3950.345 | F2: =IFERROR(E2/D2, 0) -> 0.1256065 | G2: =SUM(G4:G90) -> 16170.202 | H2: =C2-G2 -> 19230.308 | I2: =IFERROR(H2/G2, 0) -> 1.1892435 | J2: =IF(AND(TODAY()>DATE(2024, 2, 1), COUNTA(Sites[Site])<>(COUNT(C:C)-1)), "Some sites are missing actual data; if new sites were added, make sure they are aligned correctly (including prior months!)", "")
A3: Site | B3: State | C3: Actual | D3: Expected | E3: Delta | F3: % | G3: Forecasted | H3: Delta | I3: % | J3: Notes | K3: Service Requests
A4: {=Sites[Site]} -> MA: North Dartmouth - 293 Cross St (Array 1) | B4: {=Sites[State]} -> MA | C4: 19120.26 | D4: N/A | E4: =IF(AND(ISNUMBER(C4),ISNUMBER(D4)), C4-D4, "") | F4: =IFERROR(E4/D4, "") | G4: N/A | H4: =IF(AND(ISNUMBER(C4),ISNUMBER(G4)), C4-G4, "") | I4: =IFERROR(H4/G4, "")
A5: MA: North Dartmouth - 293 Cross St (Array 2) | B5: MA | C5: 16280.25 | D5: 31450.165 | E5: =IF(AND(ISNUMBER(C5),ISNUMBER(D5)), C5-D5, "") -> -15169.915 | F5: =IFERROR(E5/D5, "") -> -0.48234771 | G5: 16170.202 | H5: =IF(AND(ISNUMBER(C5),ISNUMBER(G5)), C5-G5, "") -> 110.048 | I5: =IFERROR(H5/G5, "") -> 0.0068056045 | J5: 1. Inverter 2.3 has tripped offline at 09:00AM on 02/12 reporting Insulation Resistance Low and back online at 06:30AM on 02/14 and On 02/28 started late for production at 01:15PM. 2.The POA irradiance sensor has intermittent communication issues and has been showing bad data since 11/03/2024. | K5: 1.SR096732 2.SR094280 | L5: SR094280

Sheet Mar
A1: {=portfolio} -> Northbridge Companies | D1: March Actual v. Expected | G1: March Actual v. Forecasted
A2: Total | C2: =SUM(C4:C90) -> 50578.2 | D2: =SUM(D4:D90) -> 23752.935 | E2: =C2-D2 -> 26825.265 | F2: =IFERROR(E2/D2, 0) -> 1.1293453 | G2: =SUM(G4:G90) -> 22246.176 | H2: =C2-G2 -> 28332.024 | I2: =IFERROR(H2/G2, 0) -> 1.2735683 | J2: =IF(AND(TODAY()>DATE(2024, 3, 1), COUNTA(Sites[Site])<>(COUNT(C:C)-1)), "Some sites are missing actual data; if new sites were added, make sure they are aligned correctly (including prior months!)", "")
A3: Site | B3: State | C3: Actual | D3: Expected | E3: Delta | F3: % | G3: Forecasted | H3: Delta | I3: % | J3: Notes | K3: Service Requests
A4: {=Sites[Site]} -> MA: North Dartmouth - 293 Cross St (Array 1) | B4: {=Sites[State]} -> MA | C4: 25556.7 | D4: N/A | E4: =IF(AND(ISNUMBER(C4),ISNUMBER(D4)), C4-D4, "") | F4: =IFERROR(E4/D4, "") | G4: N/A | H4: =IF(AND(ISNUMBER(C4),ISNUMBER(G4)), C4-G4, "") | I4: =IFERROR(H4/G4, "")
A5: MA: North Dartmouth - 293 Cross St (Array 2) | B5: MA | C5: 25021.5 | D5: 23752.935 | E5: =IF(AND(ISNUMBER(C5),ISNUMBER(D5)), C5-D5, "") -> 1268.565 | F5: =IFERROR(E5/D5, "") -> 0.053406663 | G5: 22246.176 | H5: =IF(AND(ISNUMBER(C5),ISNUMBER(G5)), C5-G5, "") -> 2775.324 | I5: =IFERROR(H5/G5, "") -> 0.1247551 | J5: 1.The POA irradiance sensor has intermittent communication issues and has been showing bad data since 11/03/2024. | K5: 1.SR094280

Sheet Apr
A1: {=portfolio} -> Northbridge Companies | D1: April Actual v. Expected | G1: April Actual v. Forecasted
A2: Total | C2: =SUM(C4:C90) -> 46001.065 | D2: =SUM(D4:D90) -> 13297.438 | E2: =C2-D2 -> 32703.627 | F2: =IFERROR(E2/D2, 0) -> 2.4593931 | G2: =SUM(G4:G90) -> 26440.769 | H2: =C2-G2 -> 19560.296 | I2: =IFERROR(H2/G2, 0) -> 0.73977788 | J2: =IF(AND(TODAY()>DATE(2024, 4, 1), COUNTA(Sites[Site])<>(COUNT(C:C)-1)), "Some sites are missing actual data; if new sites were added, make sure they are aligned correctly (including prior months!)", "")
A3: Site | B3: State | C3: Actual | D3: Expected | E3: Delta | F3: % | G3: Forecasted | H3: Delta | I3: % | J3: Notes | K3: Service Requests
A4: {=Sites[Site]} -> MA: North Dartmouth - 293 Cross St (Array 1) | B4: {=Sites[State]} -> MA | C4: 18456.44 | D4: N/A | E4: =IF(AND(ISNUMBER(C4),ISNUMBER(D4)), C4-D4, "") | F4: =IFERROR(E4/D4, "") | G4: N/A | H4: =IF(AND(ISNUMBER(C4),ISNUMBER(G4)), C4-G4, "") | I4: =IFERROR(H4/G4, "") | J4: 1.Site tripped offline at 12:15 on 04/23,meter voltages were abnormal,techician checked in and found that site is running and producing without communication due to faulty step down transformer. | K4: 1.SR100216
A5: MA: North Dartmouth - 293 Cross St (Array 2) | B5: MA | C5: 27544.625 | D5: 13297.438 | E5: =IF(AND(ISNUMBER(C5),ISNUMBER(D5)), C5-D5, "") -> 14247.187 | F5: =IFERROR(E5/D5, "") -> 1.0714235 | G5: 26440.769 | H5: =IF(AND(ISNUMBER(C5),ISNUMBER(G5)), C5-G5, "") -> 1103.856 | I5: =IFERROR(H5/G5, "") -> 0.041748256 | J5: 1.Inverter 2.3 didn't start for production reporting "Insulation resistance low" and was back online at 12:44 on 04/22. 2.The POA irradiance sensor has intermittent communication issues and has been showing bad data since 11/03/2024. | K5: 1.SR098622 2.SR094280 | L5: SR094280

Sheet May
A1: {=portfolio} -> Northbridge Companies | D1: May Actual v. Expected | G1: May Actual v. Forecasted
A2: Total | C2: =SUM(C4:C90) -> 29245.125 | D2: =SUM(D4:D90) -> 13831.293 | E2: =C2-D2 -> 15413.832 | F2: =IFERROR(E2/D2, 0) -> 1.1144173 | G2: =SUM(G4:G90) -> 30978.309 | H2: =C2-G2 -> -1733.184 | I2: =IFERROR(H2/G2, 0) -> -0.055948309 | J2: =IF(AND(TODAY()>DATE(2024, 5, 1), COUNTA(Sites[Site])<>(COUNT(C:C)-1)), "Some sites are missing actual data; if new sites were added, make sure they are aligned correctly (including prior months!)", "")
A3: Site | B3: State | C3: Actual | D3: Expected | E3: Delta | F3: % | G3: Forecasted | H3: Delta | I3: % | J3: Notes | K3: Service Requests
A4: {=Sites[Site]} -> MA: North Dartmouth - 293 Cross St (Array 1) | B4: {=Sites[State]} -> MA | C4: 0 | D4: 0 | E4: =IF(AND(ISNUMBER(C4),ISNUMBER(D4)), C4-D4, "") -> 0 | F4: =IFERROR(E4/D4, "") | G4: 0 | H4: =IF(AND(ISNUMBER(C4),ISNUMBER(G4)), C4-G4, "") -> 0 | I4: =IFERROR(H4/G4, "") | J4: 1.Site was not communicated for whole month due to a damaged transformer affecting communications. | K4: 1.SR100216
A5: MA: North Dartmouth - 293 Cross St (Array 2) | B5: MA | C5: 29245.125 | D5: 13831.293 | E5: =IF(AND(ISNUMBER(C5),ISNUMBER(D5)), C5-D5, "") -> 15413.832 | F5: =IFERROR(E5/D5, "") -> 1.1144173 | G5: 30978.309 | H5: =IF(AND(ISNUMBER(C5),ISNUMBER(G5)), C5-G5, "") -> -1733.184 | I5: =IFERROR(H5/G5, "") -> -0.055948309 | J5: 1.The POA irradiance sensor has intermittent communication issues and has been showing bad data since 11/03/2024. | K5: 1. SR094280

Sheet Jun
A1: {=portfolio} -> Northbridge Companies | D1: June Actual v. Expected | G1: June Actual v. Forecasted
A2: Total | C2: =SUM(C4:C90) -> 31394.625 | D2: =SUM(D4:D90) -> 7267.329 | E2: =C2-D2 -> 24127.296 | F2: =IFERROR(E2/D2, 0) -> 3.3199675 | G2: =SUM(G4:G90) -> 31723.66 | H2: =C2-G2 -> -329.035 | I2: =IFERROR(H2/G2, 0) -> -0.010371912 | J2: =IF(AND(TODAY()>DATE(2024, 6, 1), COUNTA(Sites[Site])<>(COUNT(C:C)-1)), "Some sites are missing actual data; if new sites were added, make sure they are aligned correctly (including prior months!)", "")
A3: Site | B3: State | C3: Actual | D3: Expected | E3: Delta | F3: % | G3: Forecasted | H3: Delta | I3: % | J3: Notes | K3: Service Requests
A4: {=Sites[Site]} -> MA: North Dartmouth - 293 Cross St (Array 1) | B4: {=Sites[State]} -> MA | C4: 0 | D4: 0 | E4: =IF(AND(ISNUMBER(C4),ISNUMBER(D4)), C4-D4, "") -> 0 | F4: =IFERROR(E4/D4, "") | G4: 0 | H4: =IF(AND(ISNUMBER(C4),ISNUMBER(G4)), C4-G4, "") -> 0 | I4: =IFERROR(H4/G4, "") | J4: 1.Site was not communicated for whole month due to a damaged transformer affecting communications. | K4: 1.SR100216
A5: MA: North Dartmouth - 293 Cross St (Array 2) | B5: MA | C5: 31394.625 | D5: 7267.329 | E5: =IF(AND(ISNUMBER(C5),ISNUMBER(D5)), C5-D5, "") -> 24127.296 | F5: =IFERROR(E5/D5, "") -> 3.3199675 | G5: 31723.66 | H5: =IF(AND(ISNUMBER(C5),ISNUMBER(G5)), C5-G5, "") -> -329.035 | I5: =IFERROR(H5/G5, "") -> -0.010371912 | J5: 1.The POA irradiance sensor has intermittent communication issues and has been showing bad data since 11/03/2024. | K5: 1.SR094280

Sheet Jul
A1: {=portfolio} -> Northbridge Companies | D1: July Actual v. Expected | G1: July Actual v. Forecasted
A2: Total | C2: =SUM(C4:C90) -> 32655.625 | D2: =SUM(D4:D90) -> 12807.285 | E2: =C2-D2 -> 19848.34 | F2: =IFERROR(E2/D2, 0) -> 1.5497695 | G2: =SUM(G4:G90) -> 30863.213 | H2: =C2-G2 -> 1792.412 | I2: =IFERROR(H2/G2, 0) -> 0.058076001 | J2: =IF(AND(TODAY()>DATE(2024, 7, 1), COUNTA(Sites[Site])<>(COUNT(C:C)-1)), "Some sites are missing actual data; if new sites were added, make sure they are aligned correctly (including prior months!)", "")
A3: Site | B3: State | C3: Actual | D3: Expected | E3: Delta | F3: % | G3: Forecasted | H3: Delta | I3: % | J3: Notes | K3: Service Requests
A4: {=Sites[Site]} -> MA: North Dartmouth - 293 Cross St (Array 1) | B4: {=Sites[State]} -> MA | C4: 0 | D4: 0 | E4: =IF(AND(ISNUMBER(C4),ISNUMBER(D4)), C4-D4, "") -> 0 | F4: =IFERROR(E4/D4, "") | G4: 0 | H4: =IF(AND(ISNUMBER(C4),ISNUMBER(G4)), C4-G4, "") -> 0 | I4: =IFERROR(H4/G4, "") | J4: 1.Site was not communicated for whole month due to a damaged transformer affecting communications. | K4: 1.SR100216
A5: MA: North Dartmouth - 293 Cross St (Array 2) | B5: MA | C5: 32655.625 | D5: 12807.285 | E5: =IF(AND(ISNUMBER(C5),ISNUMBER(D5)), C5-D5, "") -> 19848.34 | F5: =IFERROR(E5/D5, "") -> 1.5497695 | G5: 30863.213 | H5: =IF(AND(ISNUMBER(C5),ISNUMBER(G5)), C5-G5, "") -> 1792.412 | I5: =IFERROR(H5/G5, "") -> 0.058076001 | J5: 1.The POA irradiance sensor has intermittent communication issues and has been showing bad data since 11/03/2024. | K5: 1.SR094280

Sheet Aug
A1: {=portfolio} -> Northbridge Companies | D1: August Actual v. Expected | G1: August Actual v. Forecasted
A2: Total | C2: =SUM(C4:C90) -> 34330.125 | D2: =SUM(D4:D90) -> 14682.458 | E2: =C2-D2 -> 19647.667 | F2: =IFERROR(E2/D2, 0) -> 1.3381729 | G2: =SUM(G4:G90) -> 29110 | H2: =C2-G2 -> 5220.125 | I2: =IFERROR(H2/G2, 0) -> 0.17932412 | J2: =IF(AND(TODAY()>DATE(2024, 8, 1), COUNTA(Sites[Site])<>(COUNT(C:C)-1)), "Some sites are missing actual data; if new sites were added, make sure they are aligned correctly (including prior months!)", "")
A3: Site | B3: State | C3: Actual | D3: Expected | E3: Delta | F3: % | G3: Forecasted | H3: Delta | I3: % | J3: Notes | K3: Service Requests
A4: {=Sites[Site]} -> MA: North Dartmouth - 293 Cross St (Array 1) | B4: {=Sites[State]} -> MA | C4: 0 | D4: 0 | E4: =IF(AND(ISNUMBER(C4),ISNUMBER(D4)), C4-D4, "") -> 0 | F4: =IFERROR(E4/D4, "") | G4: 0 | H4: =IF(AND(ISNUMBER(C4),ISNUMBER(G4)), C4-G4, "") -> 0 | I4: =IFERROR(H4/G4, "") | J4: 1.Site was not communicated for whole month due to a damaged transformer affecting communications. | K4: 1.SR100216
A5: MA: North Dartmouth - 293 Cross St (Array 2) | B5: MA | C5: 34330.125 | D5: 14682.458 | E5: =IF(AND(ISNUMBER(C5),ISNUMBER(D5)), C5-D5, "") -> 19647.667 | F5: =IFERROR(E5/D5, "") -> 1.3381729 | G5: 29110 | H5: =IF(AND(ISNUMBER(C5),ISNUMBER(G5)), C5-G5, "") -> 5220.125 | I5: =IFERROR(H5/G5, "") -> 0.17932412 | J5: 1.The POA irradiance sensor has intermittent communication issues and has been showing bad data since 11/03/2024. | K5: 1.SR094280

Sheet Sep
A1: {=portfolio} -> Northbridge Companies | D1: September Actual v. Expected | G1: September Actual v. Forecasted
A2: Total | C2: =SUM(C4:C90) -> 0 | D2: =SUM(D4:D90) -> 0 | E2: =C2-D2 -> 0 | F2: =IFERROR(E2/D2, 0) -> 0 | G2: =SUM(G4:G90) -> 0 | H2: =C2-G2 -> 0 | I2: =IFERROR(H2/G2, 0) -> 0 | J2: =IF(AND(TODAY()>DATE(2024, 9, 1), COUNTA(Sites[Site])<>(COUNT(C:C)-1)), "Some sites are missing actual data; if new sites were added, make sure they are aligned correctly (including prior months!)", "") -> Some sites are missing actual data; if new sites were added, make sure they are aligned correctly (including prior months!)
A3: Site | B3: State | C3: Actual | D3: Expected | E3: Delta | F3: % | G3: Forecasted | H3: Delta | I3: % | J3: Notes | K3: Service Requests
A4: {=Sites[Site]} -> MA: North Dartmouth - 293 Cross St (Array 1) | B4: {=Sites[State]} -> MA | E4: =IF(AND(ISNUMBER(C4),ISNUMBER(D4)), C4-D4, "") | F4: =IFERROR(E4/D4, "") | H4: =IF(AND(ISNUMBER(C4),ISNUMBER(G4)), C4-G4, "") | I4: =IFERROR(H4/G4, "")
A5: MA: North Dartmouth - 293 Cross St (Array 2) | B5: MA | E5: =IF(AND(ISNUMBER(C5),ISNUMBER(D5)), C5-D5, "") | F5: =IFERROR(E5/D5, "") | H5: =IF(AND(ISNUMBER(C5),ISNUMBER(G5)), C5-G5, "") | I5: =IFERROR(H5/G5, "")

Sheet Oct
A1: {=portfolio} -> Northbridge Companies | D1: October Actual v. Expected | G1: October Actual v. Forecasted
A2: Total | C2: =SUM(C4:C90) -> 0 | D2: =SUM(D4:D90) -> 0 | E2: =C2-D2 -> 0 | F2: =IFERROR(E2/D2, 0) -> 0 | G2: =SUM(G4:G90) -> 0 | H2: =C2-G2 -> 0 | I2: =IFERROR(H2/G2, 0) -> 0 | J2: =IF(AND(TODAY()>DATE(2024, 10, 1), COUNTA(Sites[Site])<>(COUNT(C:C)-1)), "Some sites are missing actual data; if new sites were added, make sure they are aligned correctly (including prior months!)", "") -> Some sites are missing actual data; if new sites were added, make sure they are aligned correctly (including prior months!)
A3: Site | B3: State | C3: Actual | D3: Expected | E3: Delta | F3: % | G3: Forecasted | H3: Delta | I3: % | J3: Notes | K3: Service Requests
A4: {=Sites[Site]} -> MA: North Dartmouth - 293 Cross St (Array 1) | B4: {=Sites[State]} -> MA | E4: =IF(AND(ISNUMBER(C4),ISNUMBER(D4)), C4-D4, "") | F4: =IFERROR(E4/D4, "") | H4: =IF(AND(ISNUMBER(C4),ISNUMBER(G4)), C4-G4, "") | I4: =IFERROR(H4/G4, "")
A5: MA: North Dartmouth - 293 Cross St (Array 2) | B5: MA | E5: =IF(AND(ISNUMBER(C5),ISNUMBER(D5)), C5-D5, "") | F5: =IFERROR(E5/D5, "") | H5: =IF(AND(ISNUMBER(C5),ISNUMBER(G5)), C5-G5, "") | I5: =IFERROR(H5/G5, "")

Sheet Nov
A1: {=portfolio} -> Northbridge Companies | D1: November Actual v. Expected | G1: November Actual v. Forecasted
A2: Total | C2: =SUM(C4:C90) -> 0 | D2: =SUM(D4:D90) -> 0 | E2: =C2-D2 -> 0 | F2: =IFERROR(E2/D2, 0) -> 0 | G2: =SUM(G4:G90) -> 0 | H2: =C2-G2 -> 0 | I2: =IFERROR(H2/G2, 0) -> 0 | J2: =IF(AND(TODAY()>DATE(2024, 11, 1), COUNTA(Sites[Site])<>(COUNT(C:C)-1)), "Some sites are missing actual data; if new sites were added, make sure they are aligned correctly (including prior months!)", "") -> Some sites are missing actual data; if new sites were added, make sure they are aligned correctly (including prior months!)
A3: Site | B3: State | C3: Actual | D3: Expected | E3: Delta | F3: % | G3: Forecasted | H3: Delta | I3: % | J3: Notes | K3: Service Requests
A4: {=Sites[Site]} -> MA: North Dartmouth - 293 Cross St (Array 1) | B4: {=Sites[State]} -> MA | E4: =IF(AND(ISNUMBER(C4),ISNUMBER(D4)), C4-D4, "") | F4: =IFERROR(E4/D4, "") | H4: =IF(AND(ISNUMBER(C4),ISNUMBER(G4)), C4-G4, "") | I4: =IFERROR(H4/G4, "")
A5: MA: North Dartmouth - 293 Cross St (Array 2) | B5: MA | E5: =IF(AND(ISNUMBER(C5),ISNUMBER(D5)), C5-D5, "") | F5: =IFERROR(E5/D5, "") | H5: =IF(AND(ISNUMBER(C5),ISNUMBER(G5)), C5-G5, "") | I5: =IFERROR(H5/G5, "")

Sheet Dec
A1: {=portfolio} -> Northbridge Companies | D1: December Actual v. Expected | G1: December Actual v. Forecasted
A2: Total | C2: =SUM(C4:C91) -> 0 | D2: =SUM(D4:D91) -> 0 | E2: =C2-D2 -> 0 | F2: =IFERROR(E2/D2, 0) -> 0 | G2: =SUM(G4:G91) -> 0 | H2: =C2-G2 -> 0 | I2: =IFERROR(H2/G2, 0) -> 0 | J2: =IF(AND(TODAY()>DATE(2024, 12, 1), COUNTA(Sites[Site])<>(COUNT(C:C)-1)), "Some sites are missing actual data; if new sites were added, make sure they are aligned correctly (including prior months!)", "") -> Some sites are missing actual data; if new sites were added, make sure they are aligned correctly (including prior months!)
A3: Site | B3: State | C3: Actual | D3: Expected | E3: Delta | F3: % | G3: Forecasted | H3: Delta | I3: % | J3: Notes | K3: Service Requests
A4: {=Sites[Site]} -> MA: North Dartmouth - 293 Cross St (Array 1) | B4: {=Sites[State]} -> MA | D4: 0 | F4: =IFERROR(E4/D4, "") | H4: =IF(AND(ISNUMBER(C4),ISNUMBER(G4)), C4-G4, "") | I4: =IFERROR(H4/G4, "")
A5: MA: North Dartmouth - 293 Cross St (Array 2) | B5: MA | E5: =IF(AND(ISNUMBER(C5),ISNUMBER(D5)), C5-D5, "") | F5: =IFERROR(E5/D5, "") | H5: =IF(AND(ISNUMBER(C5),ISNUMBER(G5)), C5-G5, "") | I5: =IFERROR(H5/G5, "")
E6: =IF(AND(ISNUMBER(C6),ISNUMBER(D6)), C6-D6, "") | F6: =IFERROR(E6/D6, "") | H6: =IF(AND(ISNUMBER(C6),ISNUMBER(G6)), C6-G6, "") | I6: =IFERROR(H6/G6, "")

Sheet Sites
A1: Portfolio: | B1: Northbridge Companies
A3: Site DAS Name | B3: Site | C3: State | D3: Update | E3: DAS
A4: MA - Northbridge Array 1 | B4: MA: North Dartmouth - 293 Cross St (Array 1) | C4: MA | E4: Inaccess
A5: Northbridge Array 2 | B5: MA: North Dartmouth - 293 Cross St (Array 2) | C5: MA | E5: PowerTrack
