Workbook
Name JanActual: #REF!
Name JanActual2: #REF!
Name JanExpected: #REF!
Name JanExpectedDelta: #REF!
Name JanExpectedPercent: #REF!
Name JanExpPercent: #REF!
Name JanForecasted: #REF!
Name JanForecastedDelta: #REF!
Name JanForecastedPercent: #REF!
Name portfolio: Sites!$B$1:$B$1
Name Year: Sites!#REF!

Sheet Year to Date
A1: {=portfolio} -> Troy School District | D1: Year to Date Actual v. Expected | G1: Year to Date Actual v. Forecasted
A2: Total | C2: =SUM(C4:C77) -> 2077739 | D2: =SUM(D4:D77) -> 2394181.1 | E2: =C2-D2 -> -316442.14 | F2: =IFERROR(E2/D2, 0) -> -0.13217134 | G2: =SUM(G4:G77) -> 0 | H2: =C2-G2 -> 2077739 | I2: =IFERROR(H2/G2, 0) -> 0
A3: Site | B3: State | C3: Actual | D3: Expected | E3: Delta | F3: % | G3: Forecasted | H3: Delta | I3: %
A4: {=Sites[Site]} -> Joliet - Craughwell | B4: {=Sites[State]} -> IL | C4: =SUM('1st Qtr'!C4, '2nd Qtr'!C4, '3rd Qtr'!C4, '4th Qtr'!C4) -> 347975.5 | D4: =SUM('1st Qtr'!D4, '2nd Qtr'!D4, '3rd Qtr'!D4, '4th Qtr'!D4) -> 384108 | E4: =IF(AND(ISNUMBER(C4),ISNUMBER(D4)), C4-D4, "") -> -36132.5 | F4: =IFERROR(E4/D4, "") -> -0.094068595 | G4: =SUM('1st Qtr'!G4, '2nd Qtr'!G4, '3rd Qtr'!G4, '4th Qtr'!G4) -> 0 | H4: =SUM('1st Qtr'!H4, '2nd Qtr'!H4, '3rd Qtr'!H4, '4th Qtr'!H4) -> 0 | I4: =IFERROR(H4/G4, "")
A5: Joliet - Heritage Trail | B5: IL | C5: =SUM('1st Qtr'!C5, '2nd Qtr'!C5, '3rd Qtr'!C5, '4th Qtr'!C5) -> 231063.75 | D5: =SUM('1st Qtr'!D5, '2nd Qtr'!D5, '3rd Qtr'!D5, '4th Qtr'!D5) -> 397366 | E5: =IF(AND(ISNUMBER(C5),ISNUMBER(D5)), C5-D5, "") -> -166302.25 | F5: =IFERROR(E5/D5, "") -> -0.41851152 | G5: =SUM('1st Qtr'!G5, '2nd Qtr'!G5, '3rd Qtr'!G5, '4th Qtr'!G5) -> 0 | H5: =SUM('1st Qtr'!H5, '2nd Qtr'!H5, '3rd Qtr'!H5, '4th Qtr'!H5) -> 0 | I5: =IFERROR(H5/G5, "")
A6: Plainfield - Troy | B6: IL | C6: =SUM('1st Qtr'!C6, '2nd Qtr'!C6, '3rd Qtr'!C6, '4th Qtr'!C6) -> 402971 | D6: =SUM('1st Qtr'!D6, '2nd Qtr'!D6, '3rd Qtr'!D6, '4th Qtr'!D6) -> 424601 | E6: =IF(AND(ISNUMBER(C6),ISNUMBER(D6)), C6-D6, "") -> -21630 | F6: =IFERROR(E6/D6, "") -> -0.050941943 | G6: =SUM('1st Qtr'!G6, '2nd Qtr'!G6, '3rd Qtr'!G6, '4th Qtr'!G6) -> 0 | H6: =SUM('1st Qtr'!H6, '2nd Qtr'!H6, '3rd Qtr'!H6, '4th Qtr'!H6) -> 0 | I6: =IFERROR(H6/G6, "")
A7: Plainfield - William B Orenic | B7: IL | C7: =SUM('1st Qtr'!C7, '2nd Qtr'!C7, '3rd Qtr'!C7, '4th Qtr'!C7) -> 368556.25 | D7: =SUM('1st Qtr'!D7, '2nd Qtr'!D7, '3rd Qtr'!D7, '4th Qtr'!D7) -> 391711 | E7: =IF(AND(ISNUMBER(C7),ISNUMBER(D7)), C7-D7, "") -> -23154.75 | F7: =IFERROR(E7/D7, "") -> -0.05911182 | G7: =SUM('1st Qtr'!G7, '2nd Qtr'!G7, '3rd Qtr'!G7, '4th Qtr'!G7) -> 0 | H7: =SUM('1st Qtr'!H7, '2nd Qtr'!H7, '3rd Qtr'!H7, '4th Qtr'!H7) -> 0 | I7: =IFERROR(H7/G7, "")
A8: Shorewood - Cronin | B8: IL | C8: =SUM('1st Qtr'!C8, '2nd Qtr'!C8, '3rd Qtr'!C8, '4th Qtr'!C8) -> 409528.75 | D8: =SUM('1st Qtr'!D8, '2nd Qtr'!D8, '3rd Qtr'!D8, '4th Qtr'!D8) -> 430755.14 | E8: =IF(AND(ISNUMBER(C8),ISNUMBER(D8)), C8-D8, "") -> -21226.39 | F8: =IFERROR(E8/D8, "") -> -0.04927716 | G8: =SUM('1st Qtr'!G8, '2nd Qtr'!G8, '3rd Qtr'!G8, '4th Qtr'!G8) -> 0 | H8: =SUM('1st Qtr'!H8, '2nd Qtr'!H8, '3rd Qtr'!H8, '4th Qtr'!H8) -> 0 | I8: =IFERROR(H8/G8, "")
A9: Shorewood - Hofer | B9: IL | C9: =SUM('1st Qtr'!C9, '2nd Qtr'!C9, '3rd Qtr'!C9, '4th Qtr'!C9) -> 317643.75 | D9: =SUM('1st Qtr'!D9, '2nd Qtr'!D9, '3rd Qtr'!D9, '4th Qtr'!D9) -> 365640 | E9: =IF(AND(ISNUMBER(C9),ISNUMBER(D9)), C9-D9, "") -> -47996.25 | F9: =IFERROR(E9/D9, "") -> -0.13126641 | G9: =SUM('1st Qtr'!G9, '2nd Qtr'!G9, '3rd Qtr'!G9, '4th Qtr'!G9) -> 0 | H9: =SUM('1st Qtr'!H9, '2nd Qtr'!H9, '3rd Qtr'!H9, '4th Qtr'!H9) -> 0 | I9: =IFERROR(H9/G9, "")

Sheet 1st Qtr
A1: {=portfolio} -> Troy School District | D1: 1st Quarter Actual v. Expected | G1: 1st Quarter Actual v. Forecasted
A2: Total | C2: =SUM(C4:C77) -> 461942.57 | D2: =SUM(D4:D77) -> 577975.17 | E2: =C2-D2 -> -116032.6 | F2: =IFERROR(E2/D2, 0) -> -0.20075707 | G2: =SUM(G4:G77) -> 0 | H2: =C2-G2 -> 461942.57 | I2: =IFERROR(H2/G2, 0) -> 0
A3: Site | B3: State | C3: Actual | D3: Expected | E3: Delta | F3: % | G3: Forecasted | H3: Delta | I3: %
A4: {=Sites[Site]} -> Joliet - Craughwell | B4: {=Sites[State]} -> IL | C4: =SUM(Jan!C4, Feb!C4, Mar!C4) -> 68519.5 | D4: =SUM(Jan!D4, Feb!D4, Mar!D4) -> 88972 | E4: =IF(AND(ISNUMBER(C4),ISNUMBER(D4)), C4-D4, "") -> -20452.5 | F4: =IFERROR(E4/D4, "") -> -0.22987569 | G4: =SUM(Jan!G4, Feb!G4, Mar!G4) -> 0 | H4: =SUM(Jan!H4, Feb!H4, Mar!H4) -> 0 | I4: =IFERROR(H4/G4, "")
A5: Joliet - Heritage Trail | B5: IL | C5: =SUM(Jan!C5, Feb!C5, Mar!C5) -> 71279.5 | D5: =SUM(Jan!D5, Feb!D5, Mar!D5) -> 94634 | E5: =IF(AND(ISNUMBER(C5),ISNUMBER(D5)), C5-D5, "") -> -23354.5 | F5: =IFERROR(E5/D5, "") -> -0.24678762 | G5: =SUM(Jan!G5, Feb!G5, Mar!G5) -> 0 | H5: =SUM(Jan!H5, Feb!H5, Mar!H5) -> 0 | I5: =IFERROR(H5/G5, "")
A6: Plainfield - Troy | B6: IL | C6: =SUM(Jan!C6, Feb!C6, Mar!C6) -> 84493.07 | D6: =SUM(Jan!D6, Feb!D6, Mar!D6) -> 98759 | E6: =IF(AND(ISNUMBER(C6),ISNUMBER(D6)), C6-D6, "") -> -14265.93 | F6: =IFERROR(E6/D6, "") -> -0.14445195 | G6: =SUM(Jan!G6, Feb!G6, Mar!G6) -> 0 | H6: =SUM(Jan!H6, Feb!H6, Mar!H6) -> 0 | I6: =IFERROR(H6/G6, "")
A7: Plainfield - William B Orenic | B7: IL | C7: =SUM(Jan!C7, Feb!C7, Mar!C7) -> 76819 | D7: =SUM(Jan!D7, Feb!D7, Mar!D7) -> 92662 | E7: =IF(AND(ISNUMBER(C7),ISNUMBER(D7)), C7-D7, "") -> -15843 | F7: =IFERROR(E7/D7, "") -> -0.17097624 | G7: =SUM(Jan!G7, Feb!G7, Mar!G7) -> 0 | H7: =SUM(Jan!H7, Feb!H7, Mar!H7) -> 0 | I7: =IFERROR(H7/G7, "")
A8: Shorewood - Cronin | B8: IL | C8: =SUM(Jan!C8, Feb!C8, Mar!C8) -> 84906.5 | D8: =SUM(Jan!D8, Feb!D8, Mar!D8) -> 103007.17 | E8: =IF(AND(ISNUMBER(C8),ISNUMBER(D8)), C8-D8, "") -> -18100.67 | F8: =IFERROR(E8/D8, "") -> -0.17572243 | G8: =SUM(Jan!G8, Feb!G8, Mar!G8) -> 0 | H8: =SUM(Jan!H8, Feb!H8, Mar!H8) -> 0 | I8: =IFERROR(H8/G8, "")
A9: Shorewood - Hofer | B9: IL | C9: =SUM(Jan!C9, Feb!C9, Mar!C9) -> 75925 | D9: =SUM(Jan!D9, Feb!D9, Mar!D9) -> 99941 | E9: =IF(AND(ISNUMBER(C9),ISNUMBER(D9)), C9-D9, "") -> -24016 | F9: =IFERROR(E9/D9, "") -> -0.24030178 | G9: =SUM(Jan!G9, Feb!G9, Mar!G9) -> 0 | H9: =SUM(Jan!H9, Feb!H9, Mar!H9) -> 0 | I9: =IFERROR(H9/G9, "")

Sheet 2nd Qtr
A1: {=portfolio} -> Troy School District | D1: 2nd Quarter Actual v. Expected | G1: 2nd Quarter Actual v. Forecasted
A2: Total | C2: =SUM(C4:C77) -> 855465.43 | D2: =SUM(D4:D77) -> 932664.97 | E2: =C2-D2 -> -77199.54 | F2: =IFERROR(E2/D2, 0) -> -0.082773067 | G2: =SUM(G4:G77) -> 0 | H2: =C2-G2 -> 855465.43 | I2: =IFERROR(H2/G2, 0) -> 0
A3: Site | B3: State | C3: Actual | D3: Expected | E3: Delta | F3: % | G3: Forecasted | H3: Delta | I3: %
A4: {=Sites[Site]} -> Joliet - Craughwell | B4: {=Sites[State]} -> IL | C4: =SUM(Apr!C4, May!C4, Jun!C4) -> 141319 | D4: =SUM(Apr!D4, May!D4, Jun!D4) -> 147283 | E4: =IF(AND(ISNUMBER(C4),ISNUMBER(D4)), C4-D4, "") -> -5964 | F4: =IFERROR(E4/D4, "") -> -0.040493472 | G4: =SUM(Apr!G4,May!G4,Jun!G4) -> 0 | H4: =SUM(Apr!H4, May!H4, Jun!H4) -> 0 | I4: =IFERROR(H4/G4, "")
A5: Joliet - Heritage Trail | B5: IL | C5: =SUM(Apr!C5, May!C5, Jun!C5) -> 97156.25 | D5: =SUM(Apr!D5, May!D5, Jun!D5) -> 150583 | E5: =IF(AND(ISNUMBER(C5),ISNUMBER(D5)), C5-D5, "") -> -53426.75 | F5: =IFERROR(E5/D5, "") -> -0.35479935 | G5: =SUM(Apr!G5,May!G5,Jun!G5) -> 0 | H5: =SUM(Apr!H5, May!H5, Jun!H5) -> 0 | I5: =IFERROR(H5/G5, "")
A6: Plainfield - Troy | B6: IL | C6: =SUM(Apr!C6, May!C6, Jun!C6) -> 160620.93 | D6: =SUM(Apr!D6, May!D6, Jun!D6) -> 160175 | E6: =IF(AND(ISNUMBER(C6),ISNUMBER(D6)), C6-D6, "") -> 445.93 | F6: =IFERROR(E6/D6, "") -> 0.0027840175 | G6: =SUM(Apr!G6,May!G6,Jun!G6) -> 0 | H6: =SUM(Apr!H6, May!H6, Jun!H6) -> 0 | I6: =IFERROR(H6/G6, "")
A7: Plainfield - William B Orenic | B7: IL | C7: =SUM(Apr!C7, May!C7, Jun!C7) -> 144388.25 | D7: =SUM(Apr!D7, May!D7, Jun!D7) -> 146249 | E7: =IF(AND(ISNUMBER(C7),ISNUMBER(D7)), C7-D7, "") -> -1860.75 | F7: =IFERROR(E7/D7, "") -> -0.012723164 | G7: =SUM(Apr!G7,May!G7,Jun!G7) -> 0 | H7: =SUM(Apr!H7, May!H7, Jun!H7) -> 0 | I7: =IFERROR(H7/G7, "")
A8: Shorewood - Cronin | B8: IL | C8: =SUM(Apr!C8, May!C8, Jun!C8) -> 163515.25 | D8: =SUM(Apr!D8, May!D8, Jun!D8) -> 168960.97 | E8: =IF(AND(ISNUMBER(C8),ISNUMBER(D8)), C8-D8, "") -> -5445.72 | F8: =IFERROR(E8/D8, "") -> -0.032230639 | G8: =SUM(Apr!G8,May!G8,Jun!G8) -> 0 | H8: =SUM(Apr!H8, May!H8, Jun!H8) -> 0 | I8: =IFERROR(H8/G8, "")
A9: Shorewood - Hofer | B9: IL | C9: =SUM(Apr!C9, May!C9, Jun!C9) -> 148465.75 | D9: =SUM(Apr!D9, May!D9, Jun!D9) -> 159414 | E9: =IF(AND(ISNUMBER(C9),ISNUMBER(D9)), C9-D9, "") -> -10948.25 | F9: =IFERROR(E9/D9, "") -> -0.068678096 | G9: =SUM(Apr!G9,May!G9,Jun!G9) -> 0 | H9: =SUM(Apr!H9, May!H9, Jun!H9) -> 0 | I9: =IFERROR(H9/G9, "")

Sheet 3rd Qtr
A1: {=portfolio} -> Troy School District | D1: 3rd Quarter Actual v. Expected | G1: 3rd Quarter Actual v. Forecasted
A2: Total | C2: =SUM(C4:C77) -> 760331 | D2: =SUM(D4:D77) -> 883541 | E2: =C2-D2 -> -123210 | F2: =IFERROR(E2/D2, 0) -> -0.13945023 | G2: =SUM(G4:G77) -> 0 | H2: =C2-G2 -> 760331 | I2: =IFERROR(H2/G2, 0) -> 0
A3: Site | B3: State | C3: Actual | D3: Expected | E3: Delta | F3: % | G3: Forecasted | H3: Delta | I3: %
A4: {=Sites[Site]} -> Joliet - Craughwell | B4: {=Sites[State]} -> IL | C4: =SUM(Jul!C4, Aug!C4, Sep!C4) -> 138137 | D4: =SUM(Jul!D4, Aug!D4, Sep!D4) -> 147853 | E4: =IF(AND(ISNUMBER(C4),ISNUMBER(D4)), C4-D4, "") -> -9716 | F4: =IFERROR(E4/D4, "") -> -0.065713919 | G4: =SUM(Oct!G4,Nov!G4,Dec!G4) -> 0 | H4: =SUM(Jul!H4, Aug!H4, Sep!H4) -> 0 | I4: =IFERROR(H4/G4, "")
A5: Joliet - Heritage Trail | B5: IL | C5: =SUM(Jul!C5, Aug!C5, Sep!C5) -> 62628 | D5: =SUM(Jul!D5, Aug!D5, Sep!D5) -> 152149 | E5: =IF(AND(ISNUMBER(C5),ISNUMBER(D5)), C5-D5, "") -> -89521 | F5: =IFERROR(E5/D5, "") -> -0.58837718 | G5: =SUM(Oct!G5,Nov!G5,Dec!G5) -> 0 | H5: =SUM(Jul!H5, Aug!H5, Sep!H5) -> 0 | I5: =IFERROR(H5/G5, "")
A6: Plainfield - Troy | B6: IL | C6: =SUM(Jul!C6, Aug!C6, Sep!C6) -> 157857 | D6: =SUM(Jul!D6, Aug!D6, Sep!D6) -> 165667 | E6: =IF(AND(ISNUMBER(C6),ISNUMBER(D6)), C6-D6, "") -> -7810 | F6: =IFERROR(E6/D6, "") -> -0.047142762 | G6: =SUM(Oct!G6,Nov!G6,Dec!G6) -> 0 | H6: =SUM(Jul!H6, Aug!H6, Sep!H6) -> 0 | I6: =IFERROR(H6/G6, "")
A7: Plainfield - William B Orenic | B7: IL | C7: =SUM(Jul!C7, Aug!C7, Sep!C7) -> 147349 | D7: =SUM(Jul!D7, Aug!D7, Sep!D7) -> 152800 | E7: =IF(AND(ISNUMBER(C7),ISNUMBER(D7)), C7-D7, "") -> -5451 | F7: =IFERROR(E7/D7, "") -> -0.035674084 | G7: =SUM(Oct!G7,Nov!G7,Dec!G7) -> 0 | H7: =SUM(Jul!H7, Aug!H7, Sep!H7) -> 0 | I7: =IFERROR(H7/G7, "")
A8: Shorewood - Cronin | B8: IL | C8: =SUM(Jul!C8, Aug!C9, Sep!C8) -> 161107 | D8: =SUM(Jul!D8, Aug!D9, Sep!D8) -> 158787 | E8: =IF(AND(ISNUMBER(C8),ISNUMBER(D8)), C8-D8, "") -> 2320 | F8: =IFERROR(E8/D8, "") -> 0.014610768 | G8: =SUM(Oct!G8,Nov!G8,Dec!G8) -> 0 | H8: =SUM(Jul!H8, Aug!H9, Sep!H8) -> 0 | I8: =IFERROR(H8/G8, "")
A9: Shorewood - Hofer | B9: IL | C9: =SUM(Jul!C9, Aug!C10, Sep!C9) -> 93253 | D9: =SUM(Jul!D9, Aug!D10, Sep!D9) -> 106285 | E9: =IF(AND(ISNUMBER(C9),ISNUMBER(D9)), C9-D9, "") -> -13032 | F9: =IFERROR(E9/D9, "") -> -0.12261373 | G9: =SUM(Oct!G9,Nov!G9,Dec!G9) -> 0 | H9: =SUM(Jul!H9, Aug!H10, Sep!H9) -> 0 | I9: =IFERROR(H9/G9, "")

Sheet 4th Qtr
A1: {=portfolio} -> Troy School District | D1: 4th Quarter Actual v. Expected | G1: 4th Quarter Actual v. Forecasted
A2: Total | C2: =SUM(C4:C77) -> 0 | D2: =SUM(D4:D77) -> 0 | E2: =C2-D2 -> 0 | F2: =IFERROR(E2/D2, 0) -> 0 | G2: =SUM(G4:G77) -> 0 | H2: =C2-G2 -> 0 | I2: =IFERROR(H2/G2, 0) -> 0
A3: Site | B3: State | C3: Actual | D3: Expected | E3: Delta | F3: % | G3: Forecasted | H3: Delta | I3: %
A4: {=Sites[Site]} -> Joliet - Craughwell | B4: {=Sites[State]} -> IL | C4: =SUM(Oct!C4, Nov!C4, Dec!C4) -> 0 | D4: =SUM(Oct!D4, Nov!D4, Dec!D4) -> 0 | E4: =IF(AND(ISNUMBER(C4),ISNUMBER(D4)), C4-D4, "") -> 0 | F4: =IFERROR(E4/D4, "") | H4: =SUM(Oct!H4, Nov!H4, Dec!H4) -> 0 | I4: =IFERROR(H4/G4, "")
A5: Joliet - Heritage Trail | B5: IL | C5: =SUM(Oct!C5, Nov!C5, Dec!C5) -> 0 | D5: =SUM(Oct!D5, Nov!D5, Dec!D5) -> 0 | E5: =IF(AND(ISNUMBER(C5),ISNUMBER(D5)), C5-D5, "") -> 0 | F5: =IFERROR(E5/D5, "") | H5: =SUM(Oct!H5, Nov!H5, Dec!H5) -> 0 | I5: =IFERROR(H5/G5, "")
A6: Plainfield - Troy | B6: IL | C6: =SUM(Oct!C6, Nov!C6, Dec!C6) -> 0 | D6: =SUM(Oct!D6, Nov!D6, Dec!D6) -> 0 | E6: =IF(AND(ISNUMBER(C6),ISNUMBER(D6)), C6-D6, "") -> 0 | F6: =IFERROR(E6/D6, "") | H6: =SUM(Oct!H6, Nov!H6, Dec!H6) -> 0 | I6: =IFERROR(H6/G6, "")
A7: Plainfield - William B Orenic | B7: IL | C7: =SUM(Oct!C7, Nov!C7, Dec!C7) -> 0 | D7: =SUM(Oct!D7, Nov!D7, Dec!D7) -> 0 | E7: =IF(AND(ISNUMBER(C7),ISNUMBER(D7)), C7-D7, "") -> 0 | F7: =IFERROR(E7/D7, "") | H7: =SUM(Oct!H7, Nov!H7, Dec!H7) -> 0 | I7: =IFERROR(H7/G7, "")
A8: Shorewood - Cronin | B8: IL | C8: =SUM(Oct!C8, Nov!C8, Dec!C8) -> 0 | D8: =SUM(Oct!D8, Nov!D8, Dec!D8) -> 0 | E8: =IF(AND(ISNUMBER(C8),ISNUMBER(D8)), C8-D8, "") -> 0 | F8: =IFERROR(E8/D8, "") | H8: =SUM(Oct!H8, Nov!H8, Dec!H8) -> 0 | I8: =IFERROR(H8/G8, "")
A9: Shorewood - Hofer | B9: IL | C9: =SUM(Oct!C9, Nov!C9, Dec!C9) -> 0 | D9: =SUM(Oct!D9, Nov!D9, Dec!D9) -> 0 | E9: =IF(AND(ISNUMBER(C9),ISNUMBER(D9)), C9-D9, "") -> 0 | F9: =IFERROR(E9/D9, "") | H9: =SUM(Oct!H9, Nov!H9, Dec!H9) -> 0 | I9: =IFERROR(H9/G9, "")

Sheet Jan
A1: {=portfolio} -> Troy School District | D1: January Actual v. Expected | G1: January Actual v. Forecasted
A2: Total | C2: =SUM(C4:C76) -> 89649 | D2: =SUM(D4:D76) -> 160957 | E2: =C2-D2 -> -71308 | F2: =IFERROR(E2/D2, 0) -> -0.44302516 | G2: =SUM(G4:G76) -> 0 | H2: =C2-G2 -> 89649 | I2: =IFERROR(H2/G2, 0) -> 0 | J2: =IF(AND(TODAY()>DATE(2024, 1, 1), COUNTA(Sites[Site])<>(COUNT(C:C)-1)), "Some sites are missing actual data; if new sites were added, make sure they are aligned correctly (including prior months!)", "")
A3: Site | B3: State | C3: Actual | D3: Expected | E3: Delta | F3: % | G3: Forecasted | H3: Delta | I3: % | J3: Notes | K3: Service Requests
A4: {=Sites[Site]} -> Joliet - Craughwell | B4: {=Sites[State]} -> IL | C4: 12686 | D4: 24570 | E4: =IF(AND(ISNUMBER(C4),ISNUMBER(D4)), C4-D4, "") -> -11884 | F4: =IFERROR(E4/D4, "") -> -0.48367928 | G4: N/A | H4: =IF(AND(ISNUMBER(C4),ISNUMBER(G4)), C4-G4, "") | I4: =IFERROR(H4/G4, "") | J4: 1. Low generation due to snow/rain
A5: Joliet - Heritage Trail | B5: IL | C5: 13469 | D5: 26110 | E5: =IF(AND(ISNUMBER(C5),ISNUMBER(D5)), C5-D5, "") -> -12641 | F5: =IFERROR(E5/D5, "") -> -0.48414401 | G5: N/A | H5: =IF(AND(ISNUMBER(C5),ISNUMBER(G5)), C5-G5, "") | I5: =IFERROR(H5/G5, "") | J5: 1. Low generation due to snow/rain
A6: Plainfield - Troy | B6: IL | C6: 16785 | D6: 27888 | E6: =IF(AND(ISNUMBER(C6),ISNUMBER(D6)), C6-D6, "") -> -11103 | F6: =IFERROR(E6/D6, "") -> -0.39812823 | G6: N/A | H6: =IF(AND(ISNUMBER(C6),ISNUMBER(G6)), C6-G6, "") | I6: =IFERROR(H6/G6, "") | J6: 1. Low generation due to snow/rain
A7: Plainfield - William B Orenic | B7: IL | C7: 15189 | D7: 26078 | E7: =IF(AND(ISNUMBER(C7),ISNUMBER(D7)), C7-D7, "") -> -10889 | F7: =IFERROR(E7/D7, "") -> -0.41755503 | G7: N/A | H7: =IF(AND(ISNUMBER(C7),ISNUMBER(G7)), C7-G7, "") | I7: =IFERROR(H7/G7, "") | J7: 1. Inverters 2, 3, 4, and 5 were tripped offline at 8:30 AM on 01/30/25 due to a permanent static GFCI fault (16) and issue self-resolved on 01/31/25. | K7: 1. SR096152
A8: Shorewood - Cronin | B8: IL | C8: 16823 | D8: 28100 | E8: =IF(AND(ISNUMBER(C8),ISNUMBER(D8)), C8-D8, "") -> -11277 | F8: =IFERROR(E8/D8, "") -> -0.40131673 | G8: N/A | H8: =IF(AND(ISNUMBER(C8),ISNUMBER(G8)), C8-G8, "") | I8: =IFERROR(H8/G8, "") | J8: 1. Low generation due to snow/rain
A9: Shorewood - Hofer | B9: IL | C9: 14697 | D9: 28211 | E9: =IF(AND(ISNUMBER(C9),ISNUMBER(D9)), C9-D9, "") -> -13514 | F9: =IFERROR(E9/D9, "") -> -0.479033 | G9: N/A | H9: =IF(AND(ISNUMBER(C9),ISNUMBER(G9)), C9-G9, "") | I9: =IFERROR(H9/G9, "") | J9: 1. Low generation due to snow/rain

Sheet Feb
A1: {=portfolio} -> Troy School District | D1: February Actual v. Expected | G1: February Actual v. Forecasted
A2: Total | C2: =SUM(C4:C77) -> 146034.66 | D2: =SUM(D4:D77) -> 176372 | E2: =C2-D2 -> -30337.34 | F2: =IFERROR(E2/D2, 0) -> -0.17200769 | G2: =SUM(G4:G77) -> 0 | H2: =C2-G2 -> 146034.66 | I2: =IFERROR(H2/G2, 0) -> 0 | J2: =IF(AND(TODAY()>DATE(2024, 2, 1), COUNTA(Sites[Site])<>(COUNT(C:C)-1)), "Some sites are missing actual data; if new sites were added, make sure they are aligned correctly (including prior months!)", "")
A3: Site | B3: State | C3: Actual | D3: Expected | E3: Delta | F3: % | G3: Forecasted | H3: Delta | I3: % | J3: Notes | K3: Service Requests
A4: {=Sites[Site]} -> Joliet - Craughwell | B4: {=Sites[State]} -> IL | C4: 21859 | D4: 27097 | E4: =IF(AND(ISNUMBER(C4),ISNUMBER(D4)), C4-D4, "") -> -5238 | F4: =IFERROR(E4/D4, "") -> -0.19330553 | G4: N/A | H4: =IF(AND(ISNUMBER(C4),ISNUMBER(G4)), C4-G4, "") | I4: =IFERROR(H4/G4, "") | J4: 1. Low generation due to snow/rain
A5: Joliet - Heritage Trail | B5: IL | C5: 22097 | D5: 28467 | E5: =IF(AND(ISNUMBER(C5),ISNUMBER(D5)), C5-D5, "") -> -6370 | F5: =IFERROR(E5/D5, "") -> -0.22376787 | G5: N/A | H5: =IF(AND(ISNUMBER(C5),ISNUMBER(G5)), C5-G5, "") | I5: =IFERROR(H5/G5, "") | J5: 1. Low generation due to snow/rain
A6: Plainfield - Troy | B6: IL | C6: 27054.16 | D6: 30214 | E6: =IF(AND(ISNUMBER(C6),ISNUMBER(D6)), C6-D6, "") -> -3159.84 | F6: =IFERROR(E6/D6, "") -> -0.10458198 | G6: N/A | H6: =IF(AND(ISNUMBER(C6),ISNUMBER(G6)), C6-G6, "") | I6: =IFERROR(H6/G6, "") | J6: 1. Low generation due to snow/rain
A7: Plainfield - William B Orenic | B7: IL | C7: 24770.5 | D7: 28297 | E7: =IF(AND(ISNUMBER(C7),ISNUMBER(D7)), C7-D7, "") -> -3526.5 | F7: =IFERROR(E7/D7, "") -> -0.12462452 | G7: N/A | H7: =IF(AND(ISNUMBER(C7),ISNUMBER(G7)), C7-G7, "") | I7: =IFERROR(H7/G7, "") | J7: 1.Inverters 2, 3, 4, and 5 were tripped offline at 9:30 AM on 02/06 due to a permanent static GFCI fault (16) and self-resolved on 02/07. Inverters 3, 4, and 5 tripped offline again at 1:15 PM on 02/08 and were later resolved on 02/09. Upon the technician's arrival on 02/11, the parameters were adjusted, and the inverters were brought back online. | K7: 1. SR096152
A8: Shorewood - Cronin | B8: IL | C8: 26290 | D8: 31465 | E8: =IF(AND(ISNUMBER(C8),ISNUMBER(D8)), C8-D8, "") -> -5175 | F8: =IFERROR(E8/D8, "") -> -0.16446846 | G8: N/A | H8: =IF(AND(ISNUMBER(C8),ISNUMBER(G8)), C8-G8, "") | I8: =IFERROR(H8/G8, "") | J8: 1. Low generation due to snow/rain
A9: Shorewood - Hofer | B9: IL | C9: 23964 | D9: 30832 | E9: =IF(AND(ISNUMBER(C9),ISNUMBER(D9)), C9-D9, "") -> -6868 | F9: =IFERROR(E9/D9, "") -> -0.22275558 | G9: N/A | H9: =IF(AND(ISNUMBER(C9),ISNUMBER(G9)), C9-G9, "") | I9: =IFERROR(H9/G9, "") | J9: 1. Low generation due to snow/rain

Sheet Mar
A1: {=portfolio} -> Troy School District | D1: March Actual v. Expected | G1: March Actual v. Forecasted
A2: Total | C2: =SUM(C4:C77) -> 226258.91 | D2: =SUM(D4:D77) -> 240646.17 | E2: =C2-D2 -> -14387.26 | F2: =IFERROR(E2/D2, 0) -> -0.05978595 | G2: =SUM(G4:G77) -> 0 | H2: =C2-G2 -> 226258.91 | I2: =IFERROR(H2/G2, 0) -> 0 | J2: =IF(AND(TODAY()>DATE(2024, 3, 1), COUNTA(Sites[Site])<>(COUNT(C:C)-1)), "Some sites are missing actual data; if new sites were added, make sure they are aligned correctly (including prior months!)", "")
A3: Site | B3: State | C3: Actual | D3: Expected | E3: Delta | F3: % | G3: Forecasted | H3: Delta | I3: % | J3: Notes | K3: Service Requests
A4: {=Sites[Site]} -> Joliet - Craughwell | B4: {=Sites[State]} -> IL | C4: 33974.5 | D4: 37305 | E4: =IF(AND(ISNUMBER(C4),ISNUMBER(D4)), C4-D4, "") -> -3330.5 | F4: =IFERROR(E4/D4, "") -> -0.089277577 | G4: N/A | H4: =IF(AND(ISNUMBER(C4),ISNUMBER(G4)), C4-G4, "") | I4: =IFERROR(H4/G4, "")
A5: Joliet - Heritage Trail | B5: IL | C5: 35713.5 | D5: 40057 | E5: =IF(AND(ISNUMBER(C5),ISNUMBER(D5)), C5-D5, "") -> -4343.5 | F5: =IFERROR(E5/D5, "") -> -0.10843298 | G5: N/A | H5: =IF(AND(ISNUMBER(C5),ISNUMBER(G5)), C5-G5, "") | I5: =IFERROR(H5/G5, "")
A6: Plainfield - Troy | B6: IL | C6: 40653.91 | D6: 40657 | E6: =IF(AND(ISNUMBER(C6),ISNUMBER(D6)), C6-D6, "") -> -3.09 | F6: =IFERROR(E6/D6, "") -> -7.6001673e-05 | G6: N/A | H6: =IF(AND(ISNUMBER(C6),ISNUMBER(G6)), C6-G6, "") | I6: =IFERROR(H6/G6, "")
A7: Plainfield - William B Orenic | B7: IL | C7: 36859.5 | D7: 38287 | E7: =IF(AND(ISNUMBER(C7),ISNUMBER(D7)), C7-D7, "") -> -1427.5 | F7: =IFERROR(E7/D7, "") -> -0.037284196 | G7: N/A | H7: =IF(AND(ISNUMBER(C7),ISNUMBER(G7)), C7-G7, "") | I7: =IFERROR(H7/G7, "")
A8: Shorewood - Cronin | B8: IL | C8: 41793.5 | D8: 43442.17 | E8: =IF(AND(ISNUMBER(C8),ISNUMBER(D8)), C8-D8, "") -> -1648.67 | F8: =IFERROR(E8/D8, "") -> -0.037950913 | G8: N/A | H8: =IF(AND(ISNUMBER(C8),ISNUMBER(G8)), C8-G8, "") | I8: =IFERROR(H8/G8, "")
A9: Shorewood - Hofer | B9: IL | C9: 37264 | D9: 40898 | E9: =IF(AND(ISNUMBER(C9),ISNUMBER(D9)), C9-D9, "") -> -3634 | F9: =IFERROR(E9/D9, "") -> -0.088855201 | G9: N/A | H9: =IF(AND(ISNUMBER(C9),ISNUMBER(G9)), C9-G9, "") | I9: =IFERROR(H9/G9, "")

Sheet Apr
A1: {=portfolio} -> Troy School District | D1: April Actual v. Expected | G1: April Actual v. Forecasted
A2: Total | C2: =SUM(C4:C77) -> 247995.25 | D2: =SUM(D4:D77) -> 256315.15 | E2: =C2-D2 -> -8319.9 | F2: =IFERROR(E2/D2, 0) -> -0.03245965 | G2: =SUM(G4:G77) -> 0 | H2: =C2-G2 -> 247995.25 | I2: =IFERROR(H2/G2, 0) -> 0 | J2: =IF(AND(TODAY()>DATE(2024, 4, 1), COUNTA(Sites[Site])<>(COUNT(C:C)-1)), "Some sites are missing actual data; if new sites were added, make sure they are aligned correctly (including prior months!)", "")
A3: Site | B3: State | C3: Actual | D3: Expected | E3: Delta | F3: % | G3: Forecasted | H3: Delta | I3: % | J3: Notes | K3: Service Requests
A4: {=Sites[Site]} -> Joliet - Craughwell | B4: {=Sites[State]} -> IL | C4: 38951.5 | D4: 40309 | E4: =IF(AND(ISNUMBER(C4),ISNUMBER(D4)), C4-D4, "") -> -1357.5 | F4: =IFERROR(E4/D4, "") -> -0.033677343 | G4: N/A | H4: =IF(AND(ISNUMBER(C4),ISNUMBER(G4)), C4-G4, "") | I4: =IFERROR(H4/G4, "")
A5: Joliet - Heritage Trail | B5: IL | C5: 37505.5 | D5: 41708 | E5: =IF(AND(ISNUMBER(C5),ISNUMBER(D5)), C5-D5, "") -> -4202.5 | F5: =IFERROR(E5/D5, "") -> -0.10076005 | G5: N/A | H5: =IF(AND(ISNUMBER(C5),ISNUMBER(G5)), C5-G5, "") | I5: =IFERROR(H5/G5, "") | J5: 1. Inverter 1 is offline and reporting permanent fault bus high failure and bus voltage difference is high on 04/23 and later it is back online at 9:30 on 04/24. Again inverter 1 is offline on 04/25 and reporting permanent fault bus high failure and bus voltage difference is high and it is being RMA'd 2. Inverter 2.1 was offline on 04/09 and back online on 04/10. | K5: 1. SR100203, SR100411 2. SR099608 | L5: SR100411 | M5: SR099608
A6: Plainfield - Troy | B6: IL | C6: 44348.5 | D6: 43667 | E6: =IF(AND(ISNUMBER(C6),ISNUMBER(D6)), C6-D6, "") -> 681.5 | F6: =IFERROR(E6/D6, "") -> 0.015606751 | G6: N/A | H6: =IF(AND(ISNUMBER(C6),ISNUMBER(G6)), C6-G6, "") | I6: =IFERROR(H6/G6, "") | J6: 1. Technician has confirmed that the pyranometer is experiencing the shading in the afternoon | K6: 1.SR099771
A7: Plainfield - William B Orenic | B7: IL | C7: 40008.5 | D7: 40237 | E7: =IF(AND(ISNUMBER(C7),ISNUMBER(D7)), C7-D7, "") -> -228.5 | F7: =IFERROR(E7/D7, "") -> -0.0056788528 | G7: N/A | H7: =IF(AND(ISNUMBER(C7),ISNUMBER(G7)), C7-G7, "") | I7: =IFERROR(H7/G7, "")
A8: Shorewood - Cronin | B8: IL | C8: 45821.5 | D8: 46545.15 | E8: =IF(AND(ISNUMBER(C8),ISNUMBER(D8)), C8-D8, "") -> -723.65 | F8: =IFERROR(E8/D8, "") -> -0.01554727 | G8: N/A | H8: =IF(AND(ISNUMBER(C8),ISNUMBER(G8)), C8-G8, "") | I8: =IFERROR(H8/G8, "")
A9: Shorewood - Hofer | B9: IL | C9: 41359.75 | D9: 43849 | E9: =IF(AND(ISNUMBER(C9),ISNUMBER(D9)), C9-D9, "") -> -2489.25 | F9: =IFERROR(E9/D9, "") -> -0.056768683 | G9: N/A | H9: =IF(AND(ISNUMBER(C9),ISNUMBER(G9)), C9-G9, "") | I9: =IFERROR(H9/G9, "") | J9: 1. Inverter 7 didn't started for production on 04/05 and back online on 04/07 and again offline on 04/08 and back online at 11:15 on 04/08. | K9: 1.SR099449

Sheet May
A1: {=portfolio} -> Troy School District | D1: May Actual v. Expected | G1: May Actual v. Forecasted
A2: Total | C2: =SUM(C4:C77) -> 304617.31 | D2: =SUM(D4:D77) -> 326914.39 | E2: =C2-D2 -> -22297.08 | F2: =IFERROR(E2/D2, 0) -> -0.068204645 | G2: =SUM(G4:G77) -> 0 | H2: =C2-G2 -> 304617.31 | I2: =IFERROR(H2/G2, 0) -> 0 | J2: =IF(AND(TODAY()>DATE(2024, 5, 1), COUNTA(Sites[Site])<>(COUNT(C:C)-1)), "Some sites are missing actual data; if new sites were added, make sure they are aligned correctly (including prior months!)", "")
A3: Site | B3: State | C3: Actual | D3: Expected | E3: Delta | F3: % | G3: Forecasted | H3: Delta | I3: % | J3: Notes | K3: Service Requests
A4: {=Sites[Site]} -> Joliet - Craughwell | B4: {=Sites[State]} -> IL | C4: 49559 | D4: 51606 | E4: =IF(AND(ISNUMBER(C4),ISNUMBER(D4)), C4-D4, "") -> -2047 | F4: =IFERROR(E4/D4, "") -> -0.03966593 | G4: N/A | H4: =IF(AND(ISNUMBER(C4),ISNUMBER(G4)), C4-G4, "") | I4: =IFERROR(H4/G4, "")
A5: Joliet - Heritage Trail | B5: IL | C5: 39379.75 | D5: 53287 | E5: =IF(AND(ISNUMBER(C5),ISNUMBER(D5)), C5-D5, "") -> -13907.25 | F5: =IFERROR(E5/D5, "") -> -0.26098767 | G5: N/A | H5: =IF(AND(ISNUMBER(C5),ISNUMBER(G5)), C5-G5, "") | I5: =IFERROR(H5/G5, "") | J5: 1. Inverter 1 was offline for whole month and being RMA | K5: 1. SR100411
A6: Plainfield - Troy | B6: IL | C6: 56123.56 | D6: 56003 | E6: =IF(AND(ISNUMBER(C6),ISNUMBER(D6)), C6-D6, "") -> 120.56 | F6: =IFERROR(E6/D6, "") -> 0.0021527418 | G6: N/A | H6: =IF(AND(ISNUMBER(C6),ISNUMBER(G6)), C6-G6, "") | I6: =IFERROR(H6/G6, "") | J6: 1. Technician has confirmed that the pyranometer is experiencing the shading in the afternoon | K6: 1.SR099771
A7: Plainfield - William B Orenic | B7: IL | C7: 50439.75 | D7: 51104 | E7: =IF(AND(ISNUMBER(C7),ISNUMBER(D7)), C7-D7, "") -> -664.25 | F7: =IFERROR(E7/D7, "") -> -0.012998004 | G7: N/A | H7: =IF(AND(ISNUMBER(C7),ISNUMBER(G7)), C7-G7, "") | I7: =IFERROR(H7/G7, "")
A8: Shorewood - Cronin | B8: IL | C8: 56877.5 | D8: 58996.39 | E8: =IF(AND(ISNUMBER(C8),ISNUMBER(D8)), C8-D8, "") -> -2118.89 | F8: =IFERROR(E8/D8, "") -> -0.035915587 | G8: N/A | H8: =IF(AND(ISNUMBER(C8),ISNUMBER(G8)), C8-G8, "") | I8: =IFERROR(H8/G8, "") | J8: 1. Meter is not capturing all inverter's total power. Reached out to the DAS provider and waiting for the response from the ASG team | K8: 1. SR101081
A9: Shorewood - Hofer | B9: IL | C9: 52237.75 | D9: 55918 | E9: =IF(AND(ISNUMBER(C9),ISNUMBER(D9)), C9-D9, "") -> -3680.25 | F9: =IFERROR(E9/D9, "") -> -0.065815122 | G9: N/A | H9: =IF(AND(ISNUMBER(C9),ISNUMBER(G9)), C9-G9, "") | I9: =IFERROR(H9/G9, "") | J9: 1. Inverter 7 did not start for production on 05/04 and reporting Bus high failure fault and back online on 05/05. Again inverter 7 didn't started for production on 05/28 and back online on 05/30. | K9: 1. SR100984

Sheet Jun
A1: {=portfolio} -> Troy School District | D1: June Actual v. Expected | G1: June Actual v. Forecasted
A2: Total | C2: =SUM(C4:C77) -> 302852.87 | D2: =SUM(D4:D77) -> 349435.43 | E2: =C2-D2 -> -46582.56 | F2: =IFERROR(E2/D2, 0) -> -0.13330806 | G2: =SUM(G4:G77) -> 0 | H2: =C2-G2 -> 302852.87 | I2: =IFERROR(H2/G2, 0) -> 0 | J2: =IF(AND(TODAY()>DATE(2024, 6, 1), COUNTA(Sites[Site])<>(COUNT(C:C)-1)), "Some sites are missing actual data; if new sites were added, make sure they are aligned correctly (including prior months!)", "")
A3: Site | B3: State | C3: Actual | D3: Expected | E3: Delta | F3: % | G3: Forecasted | H3: Delta | I3: % | J3: Notes | K3: Service Requests
A4: {=Sites[Site]} -> Joliet - Craughwell | B4: {=Sites[State]} -> IL | C4: 52808.5 | D4: 55368 | E4: =IF(AND(ISNUMBER(C4),ISNUMBER(D4)), C4-D4, "") -> -2559.5 | F4: =IFERROR(E4/D4, "") -> -0.046227063 | G4: N/A | H4: =IF(AND(ISNUMBER(C4),ISNUMBER(G4)), C4-G4, "") | I4: =IFERROR(H4/G4, "")
A5: Joliet - Heritage Trail | B5: IL | C5: 20271 | D5: 55588 | E5: =IF(AND(ISNUMBER(C5),ISNUMBER(D5)), C5-D5, "") -> -35317 | F5: =IFERROR(E5/D5, "") -> -0.63533496 | G5: N/A | H5: =IF(AND(ISNUMBER(C5),ISNUMBER(G5)), C5-G5, "") | I5: =IFERROR(H5/G5, "") | J5: 1. Inverters 2.1, and 2.2 are offline at 13:00 on 06/05 and continued through out the month. Inverter 3.1 is also offline at 8:15 on 06/06 and continued through out the month. Client holded for dispatch due to ongoing maintenance by school. | K5: 1. SR102543
A6: Plainfield - Troy | B6: IL | C6: 60148.87 | D6: 60505 | E6: =IF(AND(ISNUMBER(C6),ISNUMBER(D6)), C6-D6, "") -> -356.13 | F6: =IFERROR(E6/D6, "") -> -0.0058859598 | G6: N/A | H6: =IF(AND(ISNUMBER(C6),ISNUMBER(G6)), C6-G6, "") | I6: =IFERROR(H6/G6, "") | J6: 1. Technician has confirmed that the pyranometer is experiencing the shading in the afternoon | K6: 1.SR099771
A7: Plainfield - William B Orenic | B7: IL | C7: 53940 | D7: 54908 | E7: =IF(AND(ISNUMBER(C7),ISNUMBER(D7)), C7-D7, "") -> -968 | F7: =IFERROR(E7/D7, "") -> -0.017629489 | G7: N/A | H7: =IF(AND(ISNUMBER(C7),ISNUMBER(G7)), C7-G7, "") | I7: =IFERROR(H7/G7, "")
A8: Shorewood - Cronin | B8: IL | C8: 60816.25 | D8: 63419.43 | E8: =IF(AND(ISNUMBER(C8),ISNUMBER(D8)), C8-D8, "") -> -2603.18 | F8: =IFERROR(E8/D8, "") -> -0.041047042 | G8: N/A | H8: =IF(AND(ISNUMBER(C8),ISNUMBER(G8)), C8-G8, "") | I8: =IFERROR(H8/G8, "") | J8: 1. Meter is not capturing all inverter's total power. Reached out to the DAS provider and waiting for the response from the ASG team | K8: 1. SR101081
A9: Shorewood - Hofer | B9: IL | C9: 54868.25 | D9: 59647 | E9: =IF(AND(ISNUMBER(C9),ISNUMBER(D9)), C9-D9, "") -> -4778.75 | F9: =IFERROR(E9/D9, "") -> -0.080117189 | G9: N/A | H9: =IF(AND(ISNUMBER(C9),ISNUMBER(G9)), C9-G9, "") | I9: =IFERROR(H9/G9, "") | J9: 1. Inverter 7 offline on 06/06 and back online on 06/07 and again offline on 06/13 and back online on 06/15 and inverter is being RMA'd | K9: 1. SR100984

Sheet Jul
A1: {=portfolio} -> Troy School District | D1: July Actual v. Expected | G1: July Actual v. Forecasted
A2: Total | C2: =SUM(C4:C77) -> 278081 | D2: =SUM(D4:D77) -> 315516 | E2: =C2-D2 -> -37435 | F2: =IFERROR(E2/D2, 0) -> -0.11864691 | G2: =SUM(G4:G77) -> 0 | H2: =C2-G2 -> 278081 | I2: =IFERROR(H2/G2, 0) -> 0 | J2: =IF(AND(TODAY()>DATE(2024, 7, 1), COUNTA(Sites[Site])<>(COUNT(C:C)-1)), "Some sites are missing actual data; if new sites were added, make sure they are aligned correctly (including prior months!)", "")
A3: Site | B3: State | C3: Actual | D3: Expected | E3: Delta | F3: % | G3: Forecasted | H3: Delta | I3: % | J3: Notes | K3: Service Requests
A4: {=Sites[Site]} -> Joliet - Craughwell | B4: {=Sites[State]} -> IL | C4: 47348 | D4: 49498 | E4: =IF(AND(ISNUMBER(C4),ISNUMBER(D4)), C4-D4, "") -> -2150 | F4: =IFERROR(E4/D4, "") -> -0.043436098 | G4: N/A | H4: =IF(AND(ISNUMBER(C4),ISNUMBER(G4)), C4-G4, "") | I4: =IFERROR(H4/G4, "") | J4: 1. Inverter 2.1 is derated to 20kW on 07/05 and reporting "Fan fault" and occured multiple day in a month. | K4: 1. SR104047
A5: Joliet - Heritage Trail | B5: IL | C5: 15120 | D5: 51975 | E5: =IF(AND(ISNUMBER(C5),ISNUMBER(D5)), C5-D5, "") -> -36855 | F5: =IFERROR(E5/D5, "") -> -0.70909091 | G5: N/A | H5: =IF(AND(ISNUMBER(C5),ISNUMBER(G5)), C5-G5, "") | I5: =IFERROR(H5/G5, "") | J5: 1. Inverter 1 is offline since 04/25/25 and reporting "permanent fault bus high failure and bus voltage difference is high" and inverter is under RMA'd. 2. Inverters 2.1, and 2.2 are offline at 13:00 on 06/05 and continued through out the month. Inverter 3.1 is also offline at 8:15 on 06/06 and continued through out the month. Client holded for dispatch due to ongoing maintenance by school. | K5: 1. SR100203, SR100411 2. SR102543 | L5: SR100411 | M5: SR102543
A6: Plainfield - Troy | B6: IL | C6: 56226 | D6: 56615 | E6: =IF(AND(ISNUMBER(C6),ISNUMBER(D6)), C6-D6, "") -> -389 | F6: =IFERROR(E6/D6, "") -> -0.0068709706 | G6: N/A | H6: =IF(AND(ISNUMBER(C6),ISNUMBER(G6)), C6-G6, "") | I6: =IFERROR(H6/G6, "") | J6: 1. Technician has confirmed that the pyranometer is experiencing the shading in the afternoon | K6: 1.SR099771
A7: Plainfield - William B Orenic | B7: IL | C7: 50455 | D7: 51963 | E7: =IF(AND(ISNUMBER(C7),ISNUMBER(D7)), C7-D7, "") -> -1508 | F7: =IFERROR(E7/D7, "") -> -0.029020649 | G7: N/A | H7: =IF(AND(ISNUMBER(C7),ISNUMBER(G7)), C7-G7, "") | I7: =IFERROR(H7/G7, "")
A8: Shorewood - Cronin | B8: IL | C8: 56116 | D8: 49498 | E8: =IF(AND(ISNUMBER(C8),ISNUMBER(D8)), C8-D8, "") -> 6618 | F8: =IFERROR(E8/D8, "") -> 0.13370237 | G8: N/A | H8: =IF(AND(ISNUMBER(C8),ISNUMBER(G8)), C8-G8, "") | I8: =IFERROR(H8/G8, "") | J8: 1. Meter is not capturing all inverter's total power. Reached out to the DAS provider and waiting for the response from the AASG team. | K8: 1. SR101081, SR106362 | L8: SR106362
A9: Shorewood - Hofer | B9: IL | C9: 52816 | D9: 55967 | E9: =IF(AND(ISNUMBER(C9),ISNUMBER(D9)), C9-D9, "") -> -3151 | F9: =IFERROR(E9/D9, "") -> -0.056301035 | G9: N/A | H9: =IF(AND(ISNUMBER(C9),ISNUMBER(G9)), C9-G9, "") | I9: =IFERROR(H9/G9, "") | J9: 1. Inverter 7 is being RMA'd. on 08/01 technician replaced powerhead for the inverter and inverter is back online and producing as expected. | K9: 1. SR100984

Sheet Aug
A1: {=portfolio} -> Troy School District | D1: August Actual v. Expected | G1: August Actual v. Forecasted
A2: Total | C2: =SUM(C4:C78) -> 291459 | D2: =SUM(D4:D78) -> 327713 | E2: =C2-D2 -> -36254 | F2: =IFERROR(E2/D2, 0) -> -0.11062729 | G2: =SUM(G4:G78) -> 0 | H2: =C2-G2 -> 291459 | I2: =IFERROR(H2/G2, 0) -> 0 | J2: =IF(AND(TODAY()>DATE(2024, 8, 1), COUNTA(Sites[Site])<>(COUNT(C:C)-1)), "Some sites are missing actual data; if new sites were added, make sure they are aligned correctly (including prior months!)", "")
A3: Site | B3: State | C3: Actual | D3: Expected | E3: Delta | F3: % | G3: Forecasted | H3: Delta | I3: % | J3: Notes | K3: Service Requests
A4: {=Sites[Site]} -> Joliet - Craughwell | B4: {=Sites[State]} -> IL | C4: 48543 | D4: 52664 | E4: =IF(AND(ISNUMBER(C4),ISNUMBER(D4)), C4-D4, "") -> -4121 | F4: =IFERROR(E4/D4, "") -> -0.078250798 | G4: N/A | H4: =IF(AND(ISNUMBER(C4),ISNUMBER(G4)), C4-G4, "") | I4: =IFERROR(H4/G4, "") | J4: 1.1. Inverter 2.1 was underperforming since 07/05 and issue was resolved on 08/16. | K4: 1.SR104047
A5: Joliet - Heritage Trail | B5: IL | C5: 25108 | D5: 53344 | E5: =IF(AND(ISNUMBER(C5),ISNUMBER(D5)), C5-D5, "") -> -28236 | F5: =IFERROR(E5/D5, "") -> -0.52931914 | G5: N/A | H5: =IF(AND(ISNUMBER(C5),ISNUMBER(G5)), C5-G5, "") | I5: =IFERROR(H5/G5, "") | J5: 1.Inverter 1 derating at 42KW since 12:15 on 08/02 reporting " external fan alarm" and inverter was RMA'd on 08/13. Inverters 2.1, and 2.2 are offline at 13:00 on 06/05 and continued through out the month. Inverter 3.1 is also offline at 8:15 on 06/06 and continued through out the month. | K5: 1.SR105562 2.SR102543 | L5: SR102543
A6: Plainfield - Troy | B6: IL | C6: 56070 | D6: 58872 | E6: =IF(AND(ISNUMBER(C6),ISNUMBER(D6)), C6-D6, "") -> -2802 | F6: =IFERROR(E6/D6, "") -> -0.047594782 | G6: N/A | H6: =IF(AND(ISNUMBER(C6),ISNUMBER(G6)), C6-G6, "") | I6: =IFERROR(H6/G6, "")
A7: Plainfield - William B Orenic | B7: IL | C7: 51725 | D7: 54019 | E7: =IF(AND(ISNUMBER(C7),ISNUMBER(D7)), C7-D7, "") -> -2294 | F7: =IFERROR(E7/D7, "") -> -0.04246654 | G7: N/A | H7: =IF(AND(ISNUMBER(C7),ISNUMBER(G7)), C7-G7, "") | I7: =IFERROR(H7/G7, "") | J7: 1.Inverter 3 was offline on 08/12 reporting "permanent fault bus high failure" and was back online on 08/13 and was gain offline on 08/19 reporting "permanent fault bus high failure" and was back online on 08/20 .Self resolved. | K7: 1.SR106075
A8: Shorewood - Cronin | B8: IL | C8: 55200 | D8: 52664 | E8: =IF(AND(ISNUMBER(C8),ISNUMBER(D8)), C8-D8, "") -> 2536 | F8: =IFERROR(E8/D8, "") -> 0.048154337 | G8: N/A | J8: 1. Meter is not capturing all inverter's total power. Reached out to the DAS provider and waiting for the response from the AASG team. | K8: 1.SR106362 2.SR108081 | L8: SR108081
A9: Shorewood - Hofer | B9: IL | C9: 54813 | D9: 56150 | E9: =IF(AND(ISNUMBER(C9),ISNUMBER(D9)), C9-D9, "") -> -1337 | F9: =IFERROR(E9/D9, "") -> -0.02381122 | G9: N/A | H9: =IF(AND(ISNUMBER(C9),ISNUMBER(G9)), C9-G9, "") | I9: =IFERROR(H9/G9, "")
E10: =IF(AND(ISNUMBER(C10),ISNUMBER(D10)), C10-D10, "") | F10: =IFERROR(E10/D10, "") | H10: =IF(AND(ISNUMBER(C10),ISNUMBER(G10)), C10-G10, "") | I10: =IFERROR(H10/G10, "")

Sheet Sep
A1: {=portfolio} -> Troy School District | D1: September Actual v. Expected | G1: September Actual v. Forecasted
A2: Total | C2: =SUM(C4:C77) -> 245991 | D2: =SUM(D4:D77) -> 292976 | E2: =C2-D2 -> -46985 | F2: =IFERROR(E2/D2, 0) -> -0.1603715 | G2: =SUM(G4:G77) -> 0 | H2: =C2-G2 -> 245991 | I2: =IFERROR(H2/G2, 0) -> 0 | J2: =IF(AND(TODAY()>DATE(2024, 9, 1), COUNTA(Sites[Site])<>(COUNT(C:C)-1)), "Some sites are missing actual data; if new sites were added, make sure they are aligned correctly (including prior months!)", "")
A3: Site | B3: State | C3: Actual | D3: Expected | E3: Delta | F3: % | G3: Forecasted | H3: Delta | I3: % | J3: Notes | K3: Service Requests
A4: {=Sites[Site]} -> Joliet - Craughwell | B4: {=Sites[State]} -> IL | C4: 42246 | D4: 45691 | E4: =IF(AND(ISNUMBER(C4),ISNUMBER(D4)), C4-D4, "") -> -3445 | F4: =IFERROR(E4/D4, "") -> -0.075397781 | G4: N/A | H4: =IF(AND(ISNUMBER(C4),ISNUMBER(G4)), C4-G4, "") | I4: =IFERROR(H4/G4, "")
A5: Joliet - Heritage Trail | B5: IL | C5: 22400 | D5: 46830 | E5: =IF(AND(ISNUMBER(C5),ISNUMBER(D5)), C5-D5, "") -> -24430 | F5: =IFERROR(E5/D5, "") -> -0.52167414 | G5: N/A | H5: =IF(AND(ISNUMBER(C5),ISNUMBER(G5)), C5-G5, "") | I5: =IFERROR(H5/G5, "") | J5: 1. Inverters 2.1, and 2.2 are offline at 13:00 on 06/05 and continued through out the month. Inverter 3.1 is also offline at 8:15 on 06/06 and continued through out the month. | K5: 1. SR102543
A6: Plainfield - Troy | B6: IL | C6: 45561 | D6: 50180 | E6: =IF(AND(ISNUMBER(C6),ISNUMBER(D6)), C6-D6, "") -> -4619 | F6: =IFERROR(E6/D6, "") -> -0.092048625 | G6: N/A | H6: =IF(AND(ISNUMBER(C6),ISNUMBER(G6)), C6-G6, "") | I6: =IFERROR(H6/G6, "") | J6: 1. Few modules were offline for whole month. | K6: 1. SR106730
A7: Plainfield - William B Orenic | B7: IL | C7: 45169 | D7: 46818 | E7: =IF(AND(ISNUMBER(C7),ISNUMBER(D7)), C7-D7, "") -> -1649 | F7: =IFERROR(E7/D7, "") -> -0.035221496 | G7: N/A | H7: =IF(AND(ISNUMBER(C7),ISNUMBER(G7)), C7-G7, "") | I7: =IFERROR(H7/G7, "")
A8: Shorewood - Cronin | B8: IL | C8: 50178 | D8: 53139 | E8: =IF(AND(ISNUMBER(C8),ISNUMBER(D8)), C8-D8, "") -> -2961 | F8: =IFERROR(E8/D8, "") -> -0.055721786 | G8: N/A | H8: =IF(AND(ISNUMBER(C8),ISNUMBER(G8)), C8-G8, "") | I8: =IFERROR(H8/G8, "") | J8: 1. Meter is not capturing all inverter's total power. Reached out to the DAS provider and waiting for the response from the AASG team. | K8: 1.SR106362 2.SR108081 | L8: SR108081
A9: Shorewood - Hofer | B9: IL | C9: 40437 | D9: 50318 | E9: =IF(AND(ISNUMBER(C9),ISNUMBER(D9)), C9-D9, "") -> -9881 | F9: =IFERROR(E9/D9, "") -> -0.19637108 | G9: N/A | H9: =IF(AND(ISNUMBER(C9),ISNUMBER(G9)), C9-G9, "") | I9: =IFERROR(H9/G9, "") | J9: 1. Inverter 2 was offline from 07:45 on 09/10 to end of the month. | K9: 1. SR107779

Sheet Oct
A1: {=portfolio} -> Troy School District | D1: October Actual v. Expected | G1: October Actual v. Forecasted
A2: Total | C2: =SUM(C4:C77) -> 0 | D2: =SUM(D4:D77) -> 0 | E2: =C2-D2 -> 0 | F2: =IFERROR(E2/D2, 0) -> 0 | G2: =SUM(G4:G77) -> 0 | H2: =C2-G2 -> 0 | I2: =IFERROR(H2/G2, 0) -> 0 | J2: =IF(AND(TODAY()>DATE(2024, 10, 1), COUNTA(Sites[Site])<>(COUNT(C:C)-1)), "Some sites are missing actual data; if new sites were added, make sure they are aligned correctly (including prior months!)", "") -> Some sites are missing actual data; if new sites were added, make sure they are aligned correctly (including prior months!)
A3: Site | B3: State | C3: Actual | D3: Expected | E3: Delta | F3: % | G3: Forecasted | H3: Delta | I3: % | J3: Notes | K3: Service Requests
A4: {=Sites[Site]} -> Joliet - Craughwell | B4: {=Sites[State]} -> IL | E4: =IF(AND(ISNUMBER(C4),ISNUMBER(D4)), C4-D4, "") | F4: =IFERROR(E4/D4, "") | H4: =IF(AND(ISNUMBER(C4),ISNUMBER(G4)), C4-G4, "") | I4: =IFERROR(H4/G4, "")
A5: Joliet - Heritage Trail | B5: IL | E5: =IF(AND(ISNUMBER(C5),ISNUMBER(D5)), C5-D5, "") | F5: =IFERROR(E5/D5, "") | H5: =IF(AND(ISNUMBER(C5),ISNUMBER(G5)), C5-G5, "") | I5: =IFERROR(H5/G5, "")
A6: Plainfield - Troy | B6: IL | E6: =IF(AND(ISNUMBER(C6),ISNUMBER(D6)), C6-D6, "") | F6: =IFERROR(E6/D6, "") | H6: =IF(AND(ISNUMBER(C6),ISNUMBER(G6)), C6-G6, "") | I6: =IFERROR(H6/G6, "")
A7: Plainfield - William B Orenic | B7: IL | E7: =IF(AND(ISNUMBER(C7),ISNUMBER(D7)), C7-D7, "") | F7: =IFERROR(E7/D7, "") | H7: =IF(AND(ISNUMBER(C7),ISNUMBER(G7)), C7-G7, "") | I7: =IFERROR(H7/G7, "")
A8: Shorewood - Cronin | B8: IL | E8: =IF(AND(ISNUMBER(C8),ISNUMBER(D8)), C8-D8, "") | F8: =IFERROR(E8/D8, "") | H8: =IF(AND(ISNUMBER(C8),ISNUMBER(G8)), C8-G8, "") | I8: =IFERROR(H8/G8, "")
A9: Shorewood - Hofer | B9: IL | E9: =IF(AND(ISNUMBER(C9),ISNUMBER(D9)), C9-D9, "") | F9: =IFERROR(E9/D9, "") | H9: =IF(AND(ISNUMBER(C9),ISNUMBER(G9)), C9-G9, "") | I9: =IFERROR(H9/G9, "")

Sheet Nov
A1: {=portfolio} -> Troy School District | D1: November Actual v. Expected | G1: November Actual v. Forecasted
A2: Total | C2: =SUM(C4:C77) -> 0 | D2: =SUM(D4:D77) -> 0 | E2: =C2-D2 -> 0 | F2: =IFERROR(E2/D2, 0) -> 0 | G2: =SUM(G4:G77) -> 0 | H2: =C2-G2 -> 0 | I2: =IFERROR(H2/G2, 0) -> 0 | J2: =IF(AND(TODAY()>DATE(2024, 11, 1), COUNTA(Sites[Site])<>(COUNT(C:C)-1)), "Some sites are missing actual data; if new sites were added, make sure they are aligned correctly (including prior months!)", "") -> Some sites are missing actual data; if new sites were added, make sure they are aligned correctly (including prior months!)
A3: Site | B3: State | C3: Actual | D3: Expected | E3: Delta | F3: % | G3: Forecasted | H3: Delta | I3: % | J3: Notes | K3: Service Requests
A4: {=Sites[Site]} -> Joliet - Craughwell | B4: {=Sites[State]} -> IL | E4: =IF(AND(ISNUMBER(C4),ISNUMBER(D4)), C4-D4, "") | F4: =IFERROR(E4/D4, "") | H4: =IF(AND(ISNUMBER(C4),ISNUMBER(G4)), C4-G4, "") | I4: =IFERROR(H4/G4, "")
A5: Joliet - Heritage Trail | B5: IL | E5: =IF(AND(ISNUMBER(C5),ISNUMBER(D5)), C5-D5, "") | F5: =IFERROR(E5/D5, "") | H5: =IF(AND(ISNUMBER(C5),ISNUMBER(G5)), C5-G5, "") | I5: =IFERROR(H5/G5, "")
A6: Plainfield - Troy | B6: IL | E6: =IF(AND(ISNUMBER(C6),ISNUMBER(D6)), C6-D6, "") | F6: =IFERROR(E6/D6, "") | H6: =IF(AND(ISNUMBER(C6),ISNUMBER(G6)), C6-G6, "") | I6: =IFERROR(H6/G6, "")
A7: Plainfield - William B Orenic | B7: IL | E7: =IF(AND(ISNUMBER(C7),ISNUMBER(D7)), C7-D7, "") | F7: =IFERROR(E7/D7, "") | H7: =IF(AND(ISNUMBER(C7),ISNUMBER(G7)), C7-G7, "") | I7: =IFERROR(H7/G7, "")
A8: Shorewood - Cronin | B8: IL | E8: =IF(AND(ISNUMBER(C8),ISNUMBER(D8)), C8-D8, "") | F8: =IFERROR(E8/D8, "") | H8: =IF(AND(ISNUMBER(C8),ISNUMBER(G8)), C8-G8, "") | I8: =IFERROR(H8/G8, "")
A9: Shorewood - Hofer | B9: IL | E9: =IF(AND(ISNUMBER(C9),ISNUMBER(D9)), C9-D9, "") | F9: =IFERROR(E9/D9, "") | H9: =IF(AND(ISNUMBER(C9),ISNUMBER(G9)), C9-G9, "") | I9: =IFERROR(H9/G9, "")

Sheet Dec
A1: {=portfolio} -> Troy School District | D1: December Actual v. Expected | G1: December Actual v. Forecasted
A2: Total | C2: =SUM(C4:C77) -> 0 | D2: =SUM(D4:D77) -> 0 | E2: =C2-D2 -> 0 | F2: =IFERROR(E2/D2, 0) -> 0 | G2: =SUM(G4:G77) -> 0 | H2: =C2-G2 -> 0 | I2: =IFERROR(H2/G2, 0) -> 0 | J2: =IF(AND(TODAY()>DATE(2024, 12, 1), COUNTA(Sites[Site])<>(COUNT(C:C)-1)), "Some sites are missing actual data; if new sites were added, make sure they are aligned correctly (including prior months!)", "") -> Some sites are missing actual data; if new sites were added, make sure they are aligned correctly (including prior months!)
A3: Site | B3: State | C3: Actual | D3: Expected | E3: Delta | F3: % | G3: Forecasted | H3: Delta | I3: % | J3: Notes | K3: Service Requests
A4: {=Sites[Site]} -> Joliet - Craughwell | B4: {=Sites[State]} -> IL | E4: =IF(AND(ISNUMBER(C4),ISNUMBER(D4)), C4-D4, "") | F4: =IFERROR(E4/D4, "") | H4: =IF(AND(ISNUMBER(C4),ISNUMBER(G4)), C4-G4, "") | I4: =IFERROR(H4/G4, "")
A5: Joliet - Heritage Trail | B5: IL | E5: =IF(AND(ISNUMBER(C5),ISNUMBER(D5)), C5-D5, "") | F5: =IFERROR(E5/D5, "") | H5: =IF(AND(ISNUMBER(C5),ISNUMBER(G5)), C5-G5, "") | I5: =IFERROR(H5/G5, "")
A6: Plainfield - Troy | B6: IL | E6: =IF(AND(ISNUMBER(C6),ISNUMBER(D6)), C6-D6, "") | F6: =IFERROR(E6/D6, "") | H6: =IF(AND(ISNUMBER(C6),ISNUMBER(G6)), C6-G6, "") | I6: =IFERROR(H6/G6, "")
A7: Plainfield - William B Orenic | B7: IL | E7: =IF(AND(ISNUMBER(C7),ISNUMBER(D7)), C7-D7, "") | F7: =IFERROR(E7/D7, "") | H7: =IF(AND(ISNUMBER(C7),ISNUMBER(G7)), C7-G7, "") | I7: =IFERROR(H7/G7, "")
A8: Shorewood - Cronin | B8: IL | E8: =IF(AND(ISNUMBER(C8),ISNUMBER(D8)), C8-D8, "") | F8: =IFERROR(E8/D8, "") | H8: =IF(AND(ISNUMBER(C8),ISNUMBER(G8)), C8-G8, "") | I8: =IFERROR(H8/G8, "")
A9: Shorewood - Hofer | B9: IL | E9: =IF(AND(ISNUMBER(C9),ISNUMBER(D9)), C9-D9, "") | F9: =IFERROR(E9/D9, "") | H9: =IF(AND(ISNUMBER(C9),ISNUMBER(G9)), C9-G9, "") | I9: =IFERROR(H9/G9, "")

Sheet Sites
A1: Portfolio: | B1: Troy School District
A3: Site DAS Name | B3: Site | C3: State | D3: Update | E3: DAS
A4: IL: Joliet - Craughwell ES | B4: Joliet - Craughwell | C4: IL | E4: AssetPlanner
A5: IL: Joliet - Heritage Trail | B5: Joliet - Heritage Trail | C5: IL | E5: AssetPlanner
A6: IL: Plainfield - Troy MS | B6: Plainfield - Troy | C6: IL | E6: AssetPlanner
A7: IL: Plainfield - William B Orenic IS | B7: Plainfield - William B Orenic | C7: IL | E7: AssetPlanner
A8: IL: Shorewood - Cronin ES | B8: Shorewood - Cronin | C8: IL | E8: AssetPlanner
A9: IL: Shorewood - Hofer ES | B9: Shorewood - Hofer | C9: IL | E9: AssetPlanner
