Workbook
Name JanActual: #REF!
Name JanActual2: #REF!
Name JanExpected: #REF!
Name JanExpectedDelta: #REF!
Name JanExpectedPercent: #REF!
Name JanExpPercent: #REF!
Name JanForecasted: #REF!
Name JanForecastedDelta: #REF!
Name JanForecastedPercent: #REF!
Name portfolio: Sites!$B$1:$B$1
Name Year: Sites!#REF!

Sheet Year to Date
A1: {=portfolio} -> Valmont Industries | D1: Year to Date Actual v. Expected | G1: Year to Date Actual v. Forecasted
A2: Total | C2: =SUM(C4:C72) -> 519202.38 | D2: =SUM(D4:D72) -> 475098.19 | E2: =C2-D2 -> 44104.188 | F2: =IFERROR(E2/D2, 0) -> 0.092831733 | G2: =SUM(G4:G72) -> 279873.35 | H2: =C2-G2 -> 239329.02 | I2: =IFERROR(H2/G2, 0) -> 0.85513329
A3: Site | B3: State | C3: Actual | D3: Expected | E3: Delta | F3: % | G3: Forecasted | H3: Delta | I3: %
A4: {=Sites[Site]} -> Valmont | B4: {=Sites[State]} -> IN | C4: =SUM('1st Qtr'!C4, '2nd Qtr'!C4, '3rd Qtr'!C4, '4th Qtr'!C4) -> 519202.38 | D4: =SUM('1st Qtr'!D4, '2nd Qtr'!D4, '3rd Qtr'!D4, '4th Qtr'!D4) -> 475098.19 | E4: =IF(AND(ISNUMBER(C4),ISNUMBER(D4)), C4-D4, "") -> 44104.188 | F4: =IFERROR(E4/D4, "") -> 0.092831733 | G4: =SUM('1st Qtr'!G4, '2nd Qtr'!G4, '3rd Qtr'!G4, '4th Qtr'!G4) -> 279873.35 | H4: =SUM('1st Qtr'!H4, '2nd Qtr'!H4, '3rd Qtr'!H4, '4th Qtr'!H4) -> -167314.48 | I4: =IFERROR(H4/G4, "") -> -0.59782213

Sheet 1st Qtr
A1: {=portfolio} -> Valmont Industries | D1: 1st Quarter Actual v. Expected | G1: 1st Quarter Actual v. Forecasted
A2: Total | C2: =SUM(C4:C72) -> 150698.19 | D2: =SUM(D4:D72) -> 112449.57 | E2: =C2-D2 -> 38248.618 | F2: =IFERROR(E2/D2, 0) -> 0.34014019 | G2: =SUM(G4:G72) -> 0 | H2: =C2-G2 -> 150698.19 | I2: =IFERROR(H2/G2, 0) -> 0
A3: Site | B3: State | C3: Actual | D3: Expected | E3: Delta | F3: % | G3: Forecasted | H3: Delta | I3: %
A4: {=Sites[Site]} -> Valmont | B4: {=Sites[State]} -> IN | C4: =SUM(Jan!C4, Feb!C4, Mar!C4) -> 150698.19 | D4: =SUM(Jan!D4, Feb!D4, Mar!D4) -> 112449.57 | E4: =IF(AND(ISNUMBER(C4),ISNUMBER(D4)), C4-D4, "") -> 38248.618 | F4: =IFERROR(E4/D4, "") -> 0.34014019 | G4: =SUM(Jan!G4, Feb!G4, Mar!G4) -> 0 | H4: =SUM(Jan!H4, Feb!H4, Mar!H4) -> 0 | I4: =IFERROR(H4/G4, "")

Sheet 2nd Qtr
A1: {=portfolio} -> Valmont Industries | D1: 2nd Quarter Actual v. Expected | G1: 2nd Quarter Actual v. Forecasted
A2: Total | C2: =SUM(C4:C72) -> 229406.06 | D2: =SUM(D4:D72) -> 197246.69 | E2: =C2-D2 -> 32159.372 | F2: =IFERROR(E2/D2, 0) -> 0.16304138 | G2: =SUM(G4:G72) -> 279873.35 | H2: =C2-G2 -> -50467.291 | I2: =IFERROR(H2/G2, 0) -> -0.18032189
A3: Site | B3: State | C3: Actual | D3: Expected | E3: Delta | F3: % | G3: Forecasted | H3: Delta | I3: %
A4: {=Sites[Site]} -> Valmont | B4: {=Sites[State]} -> IN | C4: =SUM(Apr!C4, May!C4, Jun!C4) -> 229406.06 | D4: =SUM(Apr!D4, May!D4, Jun!D4) -> 197246.69 | E4: =IF(AND(ISNUMBER(C4),ISNUMBER(D4)), C4-D4, "") -> 32159.372 | F4: =IFERROR(E4/D4, "") -> 0.16304138 | G4: =SUM(Apr!G4,May!G4,Jun!G4) -> 279873.35 | H4: =SUM(Apr!H4, May!H4, Jun!H4) -> -36644.916 | I4: =IFERROR(H4/G4, "") -> -0.13093392

Sheet 3rd Qtr
A1: {=portfolio} -> Valmont Industries | D1: 3rd Quarter Actual v. Expected | G1: 3rd Quarter Actual v. Forecasted
A2: Total | C2: =SUM(C4:C72) -> 139098.13 | D2: =SUM(D4:D72) -> 165401.93 | E2: =C2-D2 -> -26303.802 | F2: =IFERROR(E2/D2, 0) -> -0.1590296 | G2: =SUM(G4:G72) -> 0 | H2: =C2-G2 -> 139098.13 | I2: =IFERROR(H2/G2, 0) -> 0
A3: Site | B3: State | C3: Actual | D3: Expected | E3: Delta | F3: % | G3: Forecasted | H3: Delta | I3: %
A4: {=Sites[Site]} -> Valmont | B4: {=Sites[State]} -> IN | C4: =SUM(Jul!C4, Aug!C4, Sep!C4) -> 139098.13 | D4: =SUM(Jul!D4, Aug!D4, Sep!D4) -> 165401.93 | E4: =IF(AND(ISNUMBER(C4),ISNUMBER(D4)), C4-D4, "") -> -26303.802 | F4: =IFERROR(E4/D4, "") -> -0.1590296 | H4: =SUM(Jul!H4, Aug!H4, Sep!H4) -> -130669.57 | I4: =IFERROR(H4/G4, "")

Sheet 4th Qtr
A1: {=portfolio} -> Valmont Industries | D1: 4th Quarter Actual v. Expected | G1: 4th Quarter Actual v. Forecasted
A2: Total | C2: =SUM(C4:C72) -> 0 | D2: =SUM(D4:D72) -> 0 | E2: =C2-D2 -> 0 | F2: =IFERROR(E2/D2, 0) -> 0 | G2: =SUM(G4:G72) -> 0 | H2: =C2-G2 -> 0 | I2: =IFERROR(H2/G2, 0) -> 0
A3: Site | B3: State | C3: Actual | D3: Expected | E3: Delta | F3: % | G3: Forecasted | H3: Delta | I3: %
A4: {=Sites[Site]} -> Valmont | B4: {=Sites[State]} -> IN | C4: =SUM(Oct!C4, Nov!C4, Dec!C4) -> 0 | D4: =SUM(Oct!D4, Nov!D4, Dec!D4) -> 0 | E4: =IF(AND(ISNUMBER(C4),ISNUMBER(D4)), C4-D4, "") -> 0 | F4: =IFERROR(E4/D4, "") | H4: =SUM(Oct!H4, Nov!H4, Dec!H4) -> 0 | I4: =IFERROR(H4/G4, "")

Sheet Jan
A1: {=portfolio} -> Valmont Industries | D1: January Actual v. Expected | G1: January Actual v. Forecasted
A2: Total | C2: =SUM(C4:C71) -> 26968.676 | D2: =SUM(D4:D71) -> 22909.665 | E2: =C2-D2 -> 4059.011 | F2: =IFERROR(E2/D2, 0) -> 0.17717461 | G2: =SUM(G4:G71) -> 0 | H2: =C2-G2 -> 26968.676 | I2: =IFERROR(H2/G2, 0) -> 0 | J2: =IF(AND(TODAY()>DATE(2024, 1, 1), COUNTA(Sites[Site])<>(COUNT(C:C)-1)), "Some sites are missing actual data; if new sites were added, make sure they are aligned correctly (including prior months!)", "")
A3: Site | B3: State | C3: Actual | D3: Expected | E3: Delta | F3: % | G3: Forecasted | H3: Delta | I3: % | J3: Notes | K3: Service Requests
A4: {=Sites[Site]} -> Valmont | B4: {=Sites[State]} -> IN | C4: 26968.676 | D4: 22909.665 | E4: =IF(AND(ISNUMBER(C4),ISNUMBER(D4)), C4-D4, "") -> 4059.011 | F4: =IFERROR(E4/D4, "") -> 0.17717461 | G4: N/A | H4: =IF(AND(ISNUMBER(C4),ISNUMBER(G4)), C4-G4, "") | I4: =IFERROR(H4/G4, "") | J4: 1.All trackers were stuck since 12/19/24. | K4: 1.SR092973

Sheet Feb
A1: {=portfolio} -> Valmont Industries | D1: February Actual v. Expected | G1: February Actual v. Forecasted
A2: Total | C2: =SUM(C4:C72) -> 41511.574 | D2: =SUM(D4:D72) -> 30572.197 | E2: =C2-D2 -> 10939.377 | F2: =IFERROR(E2/D2, 0) -> 0.35782109 | G2: =SUM(G4:G72) -> 0 | H2: =C2-G2 -> 41511.574 | I2: =IFERROR(H2/G2, 0) -> 0 | J2: =IF(AND(TODAY()>DATE(2024, 2, 1), COUNTA(Sites[Site])<>(COUNT(C:C)-1)), "Some sites are missing actual data; if new sites were added, make sure they are aligned correctly (including prior months!)", "")
A3: Site | B3: State | C3: Actual | D3: Expected | E3: Delta | F3: % | G3: Forecasted | H3: Delta | I3: % | J3: Notes | K3: Service Requests
A4: {=Sites[Site]} -> Valmont | B4: {=Sites[State]} -> IN | C4: 41511.574 | D4: 30572.197 | E4: =IF(AND(ISNUMBER(C4),ISNUMBER(D4)), C4-D4, "") -> 10939.377 | F4: =IFERROR(E4/D4, "") -> 0.35782109 | G4: N/A | H4: =IF(AND(ISNUMBER(C4),ISNUMBER(G4)), C4-G4, "") | I4: =IFERROR(H4/G4, "") | J4: 1.All trackers were stuck since 12/19/24. | K4: 1.SR092973

Sheet Mar
A1: {=portfolio} -> Valmont Industries | D1: March Actual v. Expected | G1: March Actual v. Forecasted
A2: Total | C2: =SUM(C4:C72) -> 82217.938 | D2: =SUM(D4:D72) -> 58967.708 | E2: =C2-D2 -> 23250.23 | F2: =IFERROR(E2/D2, 0) -> 0.3942875 | G2: =SUM(G4:G72) -> 0 | H2: =C2-G2 -> 82217.938 | I2: =IFERROR(H2/G2, 0) -> 0 | J2: =IF(AND(TODAY()>DATE(2024, 3, 1), COUNTA(Sites[Site])<>(COUNT(C:C)-1)), "Some sites are missing actual data; if new sites were added, make sure they are aligned correctly (including prior months!)", "")
A3: Site | B3: State | C3: Actual | D3: Expected | E3: Delta | F3: % | G3: Forecasted | H3: Delta | I3: % | J3: Notes | K3: Service Requests
A4: {=Sites[Site]} -> Valmont | B4: {=Sites[State]} -> IN | C4: 82217.938 | D4: 58967.708 | E4: =IF(AND(ISNUMBER(C4),ISNUMBER(D4)), C4-D4, "") -> 23250.23 | F4: =IFERROR(E4/D4, "") -> 0.3942875 | G4: N/A | H4: =IF(AND(ISNUMBER(C4),ISNUMBER(G4)), C4-G4, "") | I4: =IFERROR(H4/G4, "") | J4: 1.Inverter 2 tripped offline at 16:00 on 03/02 due to Grid Line Voltage Out of Range and back online at 8:45AM on 03/03. Again tripped offline from 12:00PM to 12:45PM on 03/11 due to Grid Line Voltage Out of Range. 2.Site tripped offline at 17:00 on 03/30 due to storm and remained offline whole month. 3.All trackers were stuck since 12/19/24 and Volmont site team working on trackers. | K4: 1.SR097973 2.SR099153 3.SR092973 | L4: SR099153 | M4: SR092973

Sheet Apr
A1: {=portfolio} -> Valmont Industries | D1: April Actual v. Expected | G1: April Actual v. Forecasted
A2: Total | C2: =SUM(C4:C72) -> 71050.125 | D2: =SUM(D4:D72) -> 53448.026 | E2: =C2-D2 -> 17602.099 | F2: =IFERROR(E2/D2, 0) -> 0.32933113 | G2: =SUM(G4:G72) -> 84872.5 | H2: =C2-G2 -> -13822.375 | I2: =IFERROR(H2/G2, 0) -> -0.16286047 | J2: =IF(AND(TODAY()>DATE(2024, 4, 1), COUNTA(Sites[Site])<>(COUNT(C:C)-1)), "Some sites are missing actual data; if new sites were added, make sure they are aligned correctly (including prior months!)", "")
A3: Site | B3: State | C3: Actual | D3: Expected | E3: Delta | F3: % | G3: Forecasted | H3: Delta | I3: % | J3: Notes | K3: Service Requests
A4: {=Sites[Site]} -> Valmont | B4: {=Sites[State]} -> IN | C4: 71050.125 | D4: 53448.026 | E4: =IF(AND(ISNUMBER(C4),ISNUMBER(D4)), C4-D4, "") -> 17602.099 | F4: =IFERROR(E4/D4, "") -> 0.32933113 | G4: 84872.5 | I4: =IFERROR(H4/G4, "") -> 0 | J4: 1. The site tripped offline at 17:00 on 03/30 and came back online at 14:15 on 04/07. 2. Inverter 4 tripped offline at 17:30 on 04/29 due to a 'Grid Line Voltage Out of Range' error. A technician was on-site on 04/30 and swapped the powerheads of Inverter 3 and Inverter 4 to check if the fault reoccurs. The inverter came back online at 09:00 on 04/30. 3. All trackers are not tracking. | K4: 1. SR099153 2. SR100671 3. SR099992 | L4: SR100671 | M4: SR099992

Sheet May
A1: {=portfolio} -> Valmont Industries | D1: May Actual v. Expected | G1: May Actual v. Forecasted
A2: Total | C2: =SUM(C4:C72) -> 84285.875 | D2: =SUM(D4:D72) -> 69529.908 | E2: =C2-D2 -> 14755.967 | F2: =IFERROR(E2/D2, 0) -> 0.21222475 | G2: =SUM(G4:G72) -> 96105.854 | H2: =C2-G2 -> -11819.979 | I2: =IFERROR(H2/G2, 0) -> -0.12298917 | J2: =IF(AND(TODAY()>DATE(2024, 5, 1), COUNTA(Sites[Site])<>(COUNT(C:C)-1)), "Some sites are missing actual data; if new sites were added, make sure they are aligned correctly (including prior months!)", "")
A3: Site | B3: State | C3: Actual | D3: Expected | E3: Delta | F3: % | G3: Forecasted | H3: Delta | I3: % | J3: Notes | K3: Service Requests
A4: {=Sites[Site]} -> Valmont | B4: {=Sites[State]} -> IN | C4: 84285.875 | D4: 69529.908 | E4: =IF(AND(ISNUMBER(C4),ISNUMBER(D4)), C4-D4, "") -> 14755.967 | F4: =IFERROR(E4/D4, "") -> 0.21222475 | G4: 96105.854 | H4: =IF(AND(ISNUMBER(C4),ISNUMBER(G4)), C4-G4, "") -> -11819.979 | I4: =IFERROR(H4/G4, "") -> -0.12298917 | J4: 1. Inverter 2 tripped offline at 11:30 on 05/15 due to "Grid Line Voltage Out of Range - GridV.OutLim". A technician was on-site on 05/16 and reset the inverter, which came back online at 13:00 on 05/16. The inverter tripped offline again at 16:00 on 05/19. 2. Inverter 4 tripped offline at 16:00 on 05/15 due to "Grid Line Voltage Out of Range - GridV.OutLim", came back online at 12:00 on 05/16, and is currently being RMA’d. 3. All trackers are not tracking. | K4: 1. SR101477 2. SR101551 3. SR099992 | L4: SR101551 | M4: SR099992

Sheet Jun
A1: {=portfolio} -> Valmont Industries | D1: June Actual v. Expected | G1: June Actual v. Forecasted
A2: Total | C2: =SUM(C4:C72) -> 74070.063 | D2: =SUM(D4:D72) -> 74268.757 | E2: =C2-D2 -> -198.694 | F2: =IFERROR(E2/D2, 0) -> -0.0026753376 | G2: =SUM(G4:G72) -> 98895 | H2: =C2-G2 -> -24824.937 | I2: =IFERROR(H2/G2, 0) -> -0.25102318 | J2: =IF(AND(TODAY()>DATE(2024, 6, 1), COUNTA(Sites[Site])<>(COUNT(C:C)-1)), "Some sites are missing actual data; if new sites were added, make sure they are aligned correctly (including prior months!)", "")
A3: Site | B3: State | C3: Actual | D3: Expected | E3: Delta | F3: % | G3: Forecasted | H3: Delta | I3: % | J3: Notes | K3: Service Requests
A4: {=Sites[Site]} -> Valmont | B4: {=Sites[State]} -> IN | C4: 74070.063 | D4: 74268.757 | E4: =IF(AND(ISNUMBER(C4),ISNUMBER(D4)), C4-D4, "") -> -198.694 | F4: =IFERROR(E4/D4, "") -> -0.0026753376 | G4: 98895 | H4: =IF(AND(ISNUMBER(C4),ISNUMBER(G4)), C4-G4, "") -> -24824.937 | I4: =IFERROR(H4/G4, "") -> -0.25102318 | J4: 1. Inverter 2 tripped offline at 16:00 from 05/19. inverter came back online on 06/06. And again inverter 2 tripped offline again 12:30 on 06/08 . Inverter was offline from 13:00 on 06/08 to 07:00 on 06/11 and again inverter was offline from 14:00 on 06/12 to 12:00 on 06/16 multiple days trough out the month 2.The site tripped offline from 15:45 to 16:15 on 06/20 due to a technician working on Inverter 2 3. Inverter 3 tripped offline from 13:45 on 06/21 to end of the month and reporting "Grid Line Voltage Out of Range - GridV.OutLim" 4.Inverter 4 tripped offline from 16:45 on 06/25 to end of the month and reporting "Grid Line Voltage Out of Range - GridV.OutLim". 5. All trackers are not tracking. | K4: 1.SR101477 2.SR101551 3. SR103258 4.SR103554 5. SR099992 | L4: SR101551 | M4: SR103258 | N4: SR103554 | O4: SR099992

Sheet Jul
A1: {=portfolio} -> Valmont Industries | D1: July Actual v. Expected | G1: July Actual v. Forecasted
A2: Total | C2: =SUM(C4:C72) -> 57409.25 | D2: =SUM(D4:D72) -> 73218.471 | E2: =C2-D2 -> -15809.221 | F2: =IFERROR(E2/D2, 0) -> -0.21591848 | G2: =SUM(G4:G72) -> 100560.77 | H2: =C2-G2 -> -43151.524 | I2: =IFERROR(H2/G2, 0) -> -0.42910891 | J2: =IF(AND(TODAY()>DATE(2024, 7, 1), COUNTA(Sites[Site])<>(COUNT(C:C)-1)), "Some sites are missing actual data; if new sites were added, make sure they are aligned correctly (including prior months!)", "")
A3: Site | B3: State | C3: Actual | D3: Expected | E3: Delta | F3: % | G3: Forecasted | H3: Delta | I3: % | J3: Notes | K3: Service Requests
A4: {=Sites[Site]} -> Valmont | B4: {=Sites[State]} -> IN | C4: 57409.25 | D4: 73218.471 | E4: =IF(AND(ISNUMBER(C4),ISNUMBER(D4)), C4-D4, "") -> -15809.221 | F4: =IFERROR(E4/D4, "") -> -0.21591848 | G4: 100560.77 | H4: =IF(AND(ISNUMBER(C4),ISNUMBER(G4)), C4-G4, "") -> -43151.524 | I4: =IFERROR(H4/G4, "") -> -0.42910891 | J4: 1. Inverter 3 tripped offline from 13:45 on 06/21 to end of the month and reporting "Grid Line Voltage Out of Range - GridV.OutLim" 2.Inverter 4 tripped offline from 16:45 on 06/25 to end of the month and reporting "Grid Line Voltage Out of Range - GridV.OutLim". 3.All trackers are not tracking from 04/18 | K4: 1.SR103258 2.SR103554 3.SR099992 | L4: SR103554 | M4: SR099992

Sheet Aug
A1: {=portfolio} -> Valmont Industries | D1: August Actual v. Expected | G1: August Actual v. Forecasted
A2: Total | C2: =SUM(C4:C72) -> 66772.313 | D2: =SUM(D4:D72) -> 71299.581 | E2: =C2-D2 -> -4527.268 | F2: =IFERROR(E2/D2, 0) -> -0.063496418 | G2: =SUM(G4:G72) -> 92052.42 | H2: =C2-G2 -> -25280.107 | I2: =IFERROR(H2/G2, 0) -> -0.27462729 | J2: =IF(AND(TODAY()>DATE(2024, 8, 1), COUNTA(Sites[Site])<>(COUNT(C:C)-1)), "Some sites are missing actual data; if new sites were added, make sure they are aligned correctly (including prior months!)", "")
A3: Site | B3: State | C3: Actual | D3: Expected | E3: Delta | F3: % | G3: Forecasted | H3: Delta | I3: % | J3: Notes | K3: Service Requests
A4: {=Sites[Site]} -> Valmont | B4: {=Sites[State]} -> IN | C4: 66772.313 | D4: 71299.581 | E4: =IF(AND(ISNUMBER(C4),ISNUMBER(D4)), C4-D4, "") -> -4527.268 | F4: =IFERROR(E4/D4, "") -> -0.063496418 | G4: 92052.42 | H4: =IF(AND(ISNUMBER(C4),ISNUMBER(G4)), C4-G4, "") -> -25280.107 | I4: =IFERROR(H4/G4, "") -> -0.27462729 | J4: 1. Inverter 3 was back online at 15:15 on 08/05 2. Inverter 4 is back online at 15:15 on 08/05 3.Inverter 3 tripped offline at 16:00 on 08/06 and back online at 15:45 on 08/26, while tech on site the site was offline from 11:00 to 15:45 4.Site tripped offline at 16:45 on 08/27 and back online at 13:30 on 08/28. Again site tripped offline at 14:45 on 08/30. 5.All trackers are not tracking from 04/18. On 08/27 tech replaced the ethernet cable but not connected rained out. | K4: 1.SR103258 2.SR103554 3.SR105771 4.SR107052 5.SR099992 | L4: SR103554 | M4: SR105771 | N4: SR107052 | O4: SR099992

Sheet Sep
A1: {=portfolio} -> Valmont Industries | D1: September Actual v. Expected | G1: September Actual v. Forecasted
A2: Total | C2: =SUM(C4:C72) -> 14916.563 | D2: =SUM(D4:D72) -> 20883.876 | E2: =C2-D2 -> -5967.313 | F2: =IFERROR(E2/D2, 0) -> -0.28573781 | G2: =SUM(G4:G72) -> 77154.5 | H2: =C2-G2 -> -62237.937 | I2: =IFERROR(H2/G2, 0) -> -0.80666633 | J2: =IF(AND(TODAY()>DATE(2024, 9, 1), COUNTA(Sites[Site])<>(COUNT(C:C)-1)), "Some sites are missing actual data; if new sites were added, make sure they are aligned correctly (including prior months!)", "")
A3: Site | B3: State | C3: Actual | D3: Expected | E3: Delta | F3: % | G3: Forecasted | H3: Delta | I3: % | J3: Notes | K3: Service Requests
A4: {=Sites[Site]} -> Valmont | B4: {=Sites[State]} -> IN | C4: 14916.563 | D4: 20883.876 | E4: =IF(AND(ISNUMBER(C4),ISNUMBER(D4)), C4-D4, "") -> -5967.313 | F4: =IFERROR(E4/D4, "") -> -0.28573781 | G4: 77154.5 | H4: =IF(AND(ISNUMBER(C4),ISNUMBER(G4)), C4-G4, "") -> -62237.937 | I4: =IFERROR(H4/G4, "") -> -0.80666633 | J4: 1. Site was back online at 09/02 at 12:30 2.Site tripped offline at 13:25 on 09/04 and back online at 04:30am on 09/05. 3.Site tripped offline on 09/06 at 12:15 and back online at 11:00 on 09/09 4. Site tripped offline on 09/10 at 14:45 and back online at 12:00 on 09/30 | K4: 1.SR107052 2.SR107447 3.SR107555 4.SR107782 | L4: SR107447 | M4: SR107555 | N4: SR107782

Sheet Oct
A1: {=portfolio} -> Valmont Industries | D1: October Actual v. Expected | G1: October Actual v. Forecasted
A2: Total | C2: =SUM(C4:C72) -> 0 | D2: =SUM(D4:D72) -> 0 | E2: =C2-D2 -> 0 | F2: =IFERROR(E2/D2, 0) -> 0 | G2: =SUM(G4:G72) -> 0 | H2: =C2-G2 -> 0 | I2: =IFERROR(H2/G2, 0) -> 0 | J2: =IF(AND(TODAY()>DATE(2024, 10, 1), COUNTA(Sites[Site])<>(COUNT(C:C)-1)), "Some sites are missing actual data; if new sites were added, make sure they are aligned correctly (including prior months!)", "") -> Some sites are missing actual data; if new sites were added, make sure they are aligned correctly (including prior months!)
A3: Site | B3: State | C3: Actual | D3: Expected | E3: Delta | F3: % | G3: Forecasted | H3: Delta | I3: % | J3: Notes | K3: Service Requests
A4: {=Sites[Site]} -> Valmont | B4: {=Sites[State]} -> IN | E4: =IF(AND(ISNUMBER(C4),ISNUMBER(D4)), C4-D4, "") | F4: =IFERROR(E4/D4, "") | G4: 0 | H4: =IF(AND(ISNUMBER(C4),ISNUMBER(G4)), C4-G4, "") | I4: =IFERROR(H4/G4, "")

Sheet Nov
A1: {=portfolio} -> Valmont Industries | D1: November Actual v. Expected | G1: November Actual v. Forecasted
A2: Total | C2: =SUM(C4:C72) -> 0 | D2: =SUM(D4:D72) -> 0 | E2: =C2-D2 -> 0 | F2: =IFERROR(E2/D2, 0) -> 0 | G2: =SUM(G4:G72) -> 0 | H2: =C2-G2 -> 0 | I2: =IFERROR(H2/G2, 0) -> 0 | J2: =IF(AND(TODAY()>DATE(2024, 11, 1), COUNTA(Sites[Site])<>(COUNT(C:C)-1)), "Some sites are missing actual data; if new sites were added, make sure they are aligned correctly (including prior months!)", "") -> Some sites are missing actual data; if new sites were added, make sure they are aligned correctly (including prior months!)
A3: Site | B3: State | C3: Actual | D3: Expected | E3: Delta | F3: % | G3: Forecasted | H3: Delta | I3: % | J3: Notes | K3: Service Requests
A4: {=Sites[Site]} -> Valmont | B4: {=Sites[State]} -> IN | E4: =IF(AND(ISNUMBER(C4),ISNUMBER(D4)), C4-D4, "") | F4: =IFERROR(E4/D4, "") | G4: 0 | H4: =IF(AND(ISNUMBER(C4),ISNUMBER(G4)), C4-G4, "") | I4: =IFERROR(H4/G4, "") | J4: 1. Inverter 4 is underperforming by 6kW from 11/02 due to stuck tracker. 2. Site tripped offline at 05:15 AM and back online at 06:00 AM on 11/25 due to utility outage. 3. Forecasted data is not available.

Sheet Dec
A1: {=portfolio} -> Valmont Industries | D1: December Actual v. Expected | G1: December Actual v. Forecasted
A2: Total | C2: =SUM(C4:C72) -> 0 | D2: =SUM(D4:D72) -> 0 | E2: =C2-D2 -> 0 | F2: =IFERROR(E2/D2, 0) -> 0 | G2: =SUM(G4:G72) -> 0 | H2: =C2-G2 -> 0 | I2: =IFERROR(H2/G2, 0) -> 0 | J2: =IF(AND(TODAY()>DATE(2024, 12, 1), COUNTA(Sites[Site])<>(COUNT(C:C)-1)), "Some sites are missing actual data; if new sites were added, make sure they are aligned correctly (including prior months!)", "") -> Some sites are missing actual data; if new sites were added, make sure they are aligned correctly (including prior months!)
A3: Site | B3: State | C3: Actual | D3: Expected | E3: Delta | F3: % | G3: Forecasted | H3: Delta | I3: % | J3: Notes | K3: Service Requests
A4: {=Sites[Site]} -> Valmont | B4: {=Sites[State]} -> IN | E4: =IF(AND(ISNUMBER(C4),ISNUMBER(D4)), C4-D4, "") | F4: =IFERROR(E4/D4, "") | G4: 0 | H4: =IF(AND(ISNUMBER(C4),ISNUMBER(G4)), C4-G4, "") | I4: =IFERROR(H4/G4, "")

Sheet Sites
A1: Portfolio: | B1: Valmont Industries
A3: Site DAS Name | B3: Site | C3: State | D3: Update | E3: DAS
A4: Valmont Bristol | B4: Valmont | C4: IN | E4: PowerTrack
