Workbook
Name JanActual: #REF!
Name JanActual2: #REF!
Name JanExpected: #REF!
Name JanExpectedDelta: #REF!
Name JanExpectedPercent: #REF!
Name JanExpPercent: #REF!
Name JanForecasted: #REF!
Name JanForecastedDelta: #REF!
Name JanForecastedPercent: #REF!
Name portfolio: Sites!$B$1:$B$1
Name Year: Sites!#REF!

Sheet Year to Date
A1: {=portfolio} -> Wells Fargo | C1: Year to Date Actual v. Expected | F1: Year to Date Actual v. Forecasted
A2: Total | B2: =SUM(B4:B95) -> 17321723 | C2: =SUM(C4:C94) -> 16765648 | D2: =B2-C2 -> 556075.08 | E2: =IFERROR(D2/C2, 0) -> 0.033167527 | F2: =SUM(F4:F94) -> 18327822 | G2: =B2-F2 -> -1006098.9 | H2: =IFERROR(G2/F2, 0) -> -0.054894623
A3: Site | B3: Actual | C3: Expected | D3: Delta | E3: % | F3: Forecasted | G3: Delta | H3: %
A4: {=_xlfn.UNIQUE(Sites[State])} -> CA | B4: =SUM('1st Qtr'!B4, '2nd Qtr'!B4, '3rd Qtr'!B4, '4th Qtr'!B4) -> 1155268.8 | C4: =SUM('1st Qtr'!C4, '2nd Qtr'!C4, '3rd Qtr'!C4, '4th Qtr'!C4) -> 1038132.4 | D4: =IF(AND(ISNUMBER($B4),ISNUMBER(C4)), $B4-C4, "") -> 117136.38 | E4: =IFERROR(D4/C4, "") -> 0.11283376 | F4: =SUM('1st Qtr'!F4, '2nd Qtr'!F4, '3rd Qtr'!F4, '4th Qtr'!F4) -> 1234377.8 | G4: =IF(AND(ISNUMBER($B4),ISNUMBER(F4)), $B4-F4, "") -> -79108.987 | H4: =IFERROR(G4/F4, "") -> -0.064088149
A5: CO | B5: =SUM('1st Qtr'!B5, '2nd Qtr'!B5, '3rd Qtr'!B5, '4th Qtr'!B5) -> 226625.61 | C5: =SUM('1st Qtr'!C5, '2nd Qtr'!C5, '3rd Qtr'!C5, '4th Qtr'!C5) -> 0 | D5: =IF(AND(ISNUMBER($B5),ISNUMBER(C5)), $B5-C5, "") -> 226625.61 | E5: =IFERROR(D5/C5, "") | F5: =SUM('1st Qtr'!F5, '2nd Qtr'!F5, '3rd Qtr'!F5, '4th Qtr'!F5) -> 233013.47 | G5: =IF(AND(ISNUMBER($B5),ISNUMBER(F5)), $B5-F5, "") -> -6387.8529 | H5: =IFERROR(G5/F5, "") -> -0.027414093
A6: CT | B6: =SUM('1st Qtr'!B6, '2nd Qtr'!B6, '3rd Qtr'!B6, '4th Qtr'!B6) -> 11886.723 | C6: =SUM('1st Qtr'!C6, '2nd Qtr'!C6, '3rd Qtr'!C6, '4th Qtr'!C6) -> 14097.136 | D6: =IF(AND(ISNUMBER($B6),ISNUMBER(C6)), $B6-C6, "") -> -2210.4131 | E6: =IFERROR(D6/C6, "") -> -0.15679874 | F6: =SUM('1st Qtr'!F6, '2nd Qtr'!F6, '3rd Qtr'!F6, '4th Qtr'!F6) -> 14860.036 | G6: =IF(AND(ISNUMBER($B6),ISNUMBER(F6)), $B6-F6, "") -> -2973.3136 | H6: =IFERROR(G6/F6, "") -> -0.20008791
A7: FL | B7: =SUM('1st Qtr'!B7, '2nd Qtr'!B7, '3rd Qtr'!B7, '4th Qtr'!B7) -> 11628.316 | C7: =SUM('1st Qtr'!C7, '2nd Qtr'!C7, '3rd Qtr'!C7, '4th Qtr'!C7) -> 36841.061 | D7: =IF(AND(ISNUMBER($B7),ISNUMBER(C7)), $B7-C7, "") -> -25212.745 | E7: =IFERROR(D7/C7, "") -> -0.68436533 | F7: =SUM('1st Qtr'!F7, '2nd Qtr'!F7, '3rd Qtr'!F7, '4th Qtr'!F7) -> 43768 | G7: =IF(AND(ISNUMBER($B7),ISNUMBER(F7)), $B7-F7, "") -> -32139.684 | H7: =IFERROR(G7/F7, "") -> -0.73431922
A8: IA | B8: =SUM('1st Qtr'!B8, '2nd Qtr'!B8, '3rd Qtr'!B8, '4th Qtr'!B8) -> 2240940.5 | C8: =SUM('1st Qtr'!C8, '2nd Qtr'!C8, '3rd Qtr'!C8, '4th Qtr'!C8) -> 2310057.3 | D8: =IF(AND(ISNUMBER($B8),ISNUMBER(C8)), $B8-C8, "") -> -69116.76 | E8: =IFERROR(D8/C8, "") -> -0.029919934 | F8: =SUM('1st Qtr'!F8, '2nd Qtr'!F8, '3rd Qtr'!F8, '4th Qtr'!F8) -> 2312856.2 | G8: =IF(AND(ISNUMBER($B8),ISNUMBER(F8)), $B8-F8, "") -> -71915.73 | H8: =IFERROR(G8/F8, "") -> -0.031093904
A9: NC | B9: =SUM('1st Qtr'!B9, '2nd Qtr'!B9, '3rd Qtr'!B9, '4th Qtr'!B9) -> 2804781.2 | C9: =SUM('1st Qtr'!C9, '2nd Qtr'!C9, '3rd Qtr'!C9, '4th Qtr'!C9) -> 2948151 | D9: =IF(AND(ISNUMBER($B9),ISNUMBER(C9)), $B9-C9, "") -> -143369.81 | E9: =IFERROR(D9/C9, "") -> -0.048630415 | F9: =SUM('1st Qtr'!F9, '2nd Qtr'!F9, '3rd Qtr'!F9, '4th Qtr'!F9) -> 2880008.7 | G9: =IF(AND(ISNUMBER($B9),ISNUMBER(F9)), $B9-F9, "") -> -75227.541 | H9: =IFERROR(G9/F9, "") -> -0.026120595
A10: NJ | B10: =SUM('1st Qtr'!B10, '2nd Qtr'!B10, '3rd Qtr'!B10, '4th Qtr'!B10) -> 694136.11 | C10: =SUM('1st Qtr'!C10, '2nd Qtr'!C10, '3rd Qtr'!C10, '4th Qtr'!C10) -> 687632.49 | D10: =IF(AND(ISNUMBER($B10),ISNUMBER(C10)), $B10-C10, "") -> 6503.6182 | E10: =IFERROR(D10/C10, "") -> 0.0094579857 | F10: =SUM('1st Qtr'!F10, '2nd Qtr'!F10, '3rd Qtr'!F10, '4th Qtr'!F10) -> 756542.08 | G10: =IF(AND(ISNUMBER($B10),ISNUMBER(F10)), $B10-F10, "") -> -62405.97 | H10: =IFERROR(G10/F10, "") -> -0.082488432
A11: TX | B11: =SUM('1st Qtr'!B11, '2nd Qtr'!B11, '3rd Qtr'!B11, '4th Qtr'!B11) -> 6236150.9 | C11: =SUM('1st Qtr'!C11, '2nd Qtr'!C11, '3rd Qtr'!C11, '4th Qtr'!C11) -> 6146609.4 | D11: =IF(AND(ISNUMBER($B11),ISNUMBER(C11)), $B11-C11, "") -> 89541.461 | E11: =IFERROR(D11/C11, "") -> 0.014567618 | F11: =SUM('1st Qtr'!F11, '2nd Qtr'!F11, '3rd Qtr'!F11, '4th Qtr'!F11) -> 6934260.3 | G11: =IF(AND(ISNUMBER($B11),ISNUMBER(F11)), $B11-F11, "") -> -698109.4 | H11: =IFERROR(G11/F11, "") -> -0.1006754
A12: AZ | B12: =SUM('1st Qtr'!B12, '2nd Qtr'!B12, '3rd Qtr'!B12, '4th Qtr'!B12) -> 3940304.9 | C12: =SUM('1st Qtr'!C12, '2nd Qtr'!C12, '3rd Qtr'!C12, '4th Qtr'!C12) -> 3584127.2 | D12: =IF(AND(ISNUMBER($B12),ISNUMBER(C12)), $B12-C12, "") -> 356177.73 | E12: =IFERROR(D12/C12, "") -> 0.09937642 | F12: =SUM('1st Qtr'!F12, '2nd Qtr'!F12, '3rd Qtr'!F12, '4th Qtr'!F12) -> 3855804.3 | G12: =IF(AND(ISNUMBER($B12),ISNUMBER(F12)), $B12-F12, "") -> 84500.594 | H12: =IFERROR(G12/F12, "") -> 0.021915166
C16: 62% of the sites (41 of the 66 sites from 2024; 81 sites as of September) outperformed vs September 2024 information.
C18: 17% of the sites (14 of the 81 sites) appear to have inaccurate modeling information. I will be reviewing the PVsyst information, assuming it was made available to O&M.
C20: Sites with positive performance (actual vs expected):
C21: N Black Canyon Hwy, Phoenix - North
C22: AZ: Tucson - RINCON
C23: CA: Ventura - BUENAVENTURA
C24: NJ: Barnegat - WF
C26: Sites with under-performance issues (actual vs. expected):
C27: FL:Hialeah Gardens | F27: SR098791 - re-power
C28: TX: San Antonio - Ops Ctr GM | F28: SR108958 - pending return visit
C29: NJ: Holmdel - WF | F29: SR100979 - pending return visit
C30: NJ: Mahwah | F30: SR100593 -pending return visit
C31: NJ: Middletown | F31: SR100592 -pending return visit
C32: CA: Sacramento - Arden Fair Mall | F32: Nothing mechanical
C34: Most common issues seen:
C35: Communication issues on equipment (meters, weather stations, etc). - Followed up with AE Support. Will address next time onsite.
C36: String issues on several inverters of various capacities.
C38: Plan to remediate:
C39: Operations is reviewing all open SRs and prioritizing accordingly.
C53: 81 sites | D53: 2025
D54: Actual | E54: Expected | F54: Delta | G54: % | H54: Forecasted | I54: Delta | J54: %
D55: 2009886 | E55: 1966799 | F55: 43087 | G55: 0.02 | H55: 2174763 | I55: -164877 | J55: -0.08
C57: 66 Sites | D57: 2024
D58: Actual | E58: Expected | F58: Delta | G58: % | H58: Forecasted | I58: Delta | J58: %
D59: 1566588 | E59: 1547344 | F59: 19244 | G59: 0.01 | H59: 1863295 | I59: -296707 | J59: -0.16

Sheet 1st Qtr
A1: {=portfolio} -> Wells Fargo | C1: 1st Quarter Actual v. Expected | F1: 1st Quarter Actual v. Forecasted
A2: Total | B2: =SUM(B4:B90) -> 4616998.7 | C2: =SUM(C4:C90) -> 4690989.6 | D2: =B2-C2 -> -73990.915 | E2: =IFERROR(D2/C2, 0) -> -0.015772986 | F2: =SUM(F4:F90) -> 4770063.2 | G2: =B2-F2 -> -153064.55 | H2: =IFERROR(G2/F2, 0) -> -0.032088578
A3: State | B3: Actual | C3: Expected | D3: Delta | E3: % | F3: Forecasted | G3: Delta | H3: %
A4: {=_xlfn.UNIQUE(Sites[State])} -> CA | B4: =SUM(SUMIF(_xlfn.ANCHORARRAY(Jan!$B$4), $A4, Jan!C$4:C$65), SUMIF(_xlfn.ANCHORARRAY(Feb!$B$4), $A4, Feb!C$4:C$76), SUMIF(_xlfn.ANCHORARRAY(Mar!$B$4), $A4, Mar!C$4:C$65)) -> 323914.59 | C4: =SUM(SUMIF(_xlfn.ANCHORARRAY(Jan!$B$4), $A4, Jan!D$4:D$65), SUMIF(_xlfn.ANCHORARRAY(Feb!$B$4), $A4, Feb!D$4:D$76), SUMIF(_xlfn.ANCHORARRAY(Mar!$B$4), $A4, Mar!D$4:D$65)) -> 315455.56 | D4: =IF(AND(ISNUMBER(B4),ISNUMBER(C4)), B4-C4, "") -> 8459.0248 | E4: =IFERROR(D4/C4, "") -> 0.026815266 | F4: =SUM(SUMIF(_xlfn.ANCHORARRAY(Jan!$B$4), $A4, Jan!G$4:G$65), SUMIF(_xlfn.ANCHORARRAY(Feb!$B$4), $A4, Feb!G$4:G$76), SUMIF(_xlfn.ANCHORARRAY(Mar!$B$4), $A4, Mar!G$4:G$65)) -> 335472.12 | G4: =IF(AND(ISNUMBER(B4),ISNUMBER(F4)), B4-F4, "") -> -11557.537 | H4: =IFERROR(G4/F4, "") -> -0.034451557
A5: CO | B5: =SUM(SUMIF(_xlfn.ANCHORARRAY(Jan!$B$4), $A5, Jan!C$4:C$65), SUMIF(_xlfn.ANCHORARRAY(Feb!$B$4), $A5, Feb!C$4:C$76), SUMIF(_xlfn.ANCHORARRAY(Mar!$B$4), $A5, Mar!C$4:C$65)) -> 54979.615 | C5: =SUM(SUMIF(_xlfn.ANCHORARRAY(Jan!$B$4), $A5, Jan!D$4:D$65), SUMIF(_xlfn.ANCHORARRAY(Feb!$B$4), $A5, Feb!D$4:D$76), SUMIF(_xlfn.ANCHORARRAY(Mar!$B$4), $A5, Mar!D$4:D$65)) -> 0 | D5: =IF(AND(ISNUMBER(B5),ISNUMBER(C5)), B5-C5, "") -> 54979.615 | E5: =IFERROR(D5/C5, "") | F5: =SUM(SUMIF(_xlfn.ANCHORARRAY(Jan!$B$4), $A5, Jan!G$4:G$65), SUMIF(_xlfn.ANCHORARRAY(Feb!$B$4), $A5, Feb!G$4:G$76), SUMIF(_xlfn.ANCHORARRAY(Mar!$B$4), $A5, Mar!G$4:G$65)) -> 55712.069 | G5: =IF(AND(ISNUMBER(B5),ISNUMBER(F5)), B5-F5, "") -> -732.45357 | H5: =IFERROR(G5/F5, "") -> -0.013147126
A6: CT | B6: =SUM(SUMIF(_xlfn.ANCHORARRAY(Jan!$B$4), $A6, Jan!C$4:C$65), SUMIF(_xlfn.ANCHORARRAY(Feb!$B$4), $A6, Feb!C$4:C$76), SUMIF(_xlfn.ANCHORARRAY(Mar!$B$4), $A6, Mar!C$4:C$65)) -> 1851.4829 | C6: =SUM(SUMIF(_xlfn.ANCHORARRAY(Jan!$B$4), $A6, Jan!D$4:D$65), SUMIF(_xlfn.ANCHORARRAY(Feb!$B$4), $A6, Feb!D$4:D$76), SUMIF(_xlfn.ANCHORARRAY(Mar!$B$4), $A6, Mar!D$4:D$65)) -> 5169.1618 | D6: =IF(AND(ISNUMBER(B6),ISNUMBER(C6)), B6-C6, "") -> -3317.6789 | E6: =IFERROR(D6/C6, "") -> -0.64182145 | F6: =SUM(SUMIF(_xlfn.ANCHORARRAY(Jan!$B$4), $A6, Jan!G$4:G$65), SUMIF(_xlfn.ANCHORARRAY(Feb!$B$4), $A6, Feb!G$4:G$76), SUMIF(_xlfn.ANCHORARRAY(Mar!$B$4), $A6, Mar!G$4:G$65)) -> 2893.9708 | G6: =IF(AND(ISNUMBER(B6),ISNUMBER(F6)), B6-F6, "") -> -1042.4879 | H6: =IFERROR(G6/F6, "") -> -0.36022752
A7: FL | B7: =SUM(SUMIF(_xlfn.ANCHORARRAY(Jan!$B$4), $A7, Jan!C$4:C$65), SUMIF(_xlfn.ANCHORARRAY(Feb!$B$4), $A7, Feb!C$4:C$76), SUMIF(_xlfn.ANCHORARRAY(Mar!$B$4), $A7, Mar!C$4:C$65)) -> 6794.6116 | C7: =SUM(SUMIF(_xlfn.ANCHORARRAY(Jan!$B$4), $A7, Jan!D$4:D$65), SUMIF(_xlfn.ANCHORARRAY(Feb!$B$4), $A7, Feb!D$4:D$76), SUMIF(_xlfn.ANCHORARRAY(Mar!$B$4), $A7, Mar!D$4:D$65)) -> 10102.5 | D7: =IF(AND(ISNUMBER(B7),ISNUMBER(C7)), B7-C7, "") -> -3307.8884 | E7: =IFERROR(D7/C7, "") -> -0.32743266 | F7: =SUM(SUMIF(_xlfn.ANCHORARRAY(Jan!$B$4), $A7, Jan!G$4:G$65), SUMIF(_xlfn.ANCHORARRAY(Feb!$B$4), $A7, Feb!G$4:G$76), SUMIF(_xlfn.ANCHORARRAY(Mar!$B$4), $A7, Mar!G$4:G$65)) -> 12194 | G7: =IF(AND(ISNUMBER(B7),ISNUMBER(F7)), B7-F7, "") -> -5399.3884 | H7: =IFERROR(G7/F7, "") -> -0.44279059
A8: IA | B8: =SUM(SUMIF(_xlfn.ANCHORARRAY(Jan!$B$4), $A8, Jan!C$4:C$65), SUMIF(_xlfn.ANCHORARRAY(Feb!$B$4), $A8, Feb!C$4:C$76), SUMIF(_xlfn.ANCHORARRAY(Mar!$B$4), $A8, Mar!C$4:C$65)) -> 613482 | C8: =SUM(SUMIF(_xlfn.ANCHORARRAY(Jan!$B$4), $A8, Jan!D$4:D$65), SUMIF(_xlfn.ANCHORARRAY(Feb!$B$4), $A8, Feb!D$4:D$76), SUMIF(_xlfn.ANCHORARRAY(Mar!$B$4), $A8, Mar!D$4:D$65)) -> 684039.11 | D8: =IF(AND(ISNUMBER(B8),ISNUMBER(C8)), B8-C8, "") -> -70557.11 | E8: =IFERROR(D8/C8, "") -> -0.10314777 | F8: =SUM(SUMIF(_xlfn.ANCHORARRAY(Jan!$B$4), $A8, Jan!G$4:G$65), SUMIF(_xlfn.ANCHORARRAY(Feb!$B$4), $A8, Feb!G$4:G$76), SUMIF(_xlfn.ANCHORARRAY(Mar!$B$4), $A8, Mar!G$4:G$65)) -> 584111.82 | G8: =IF(AND(ISNUMBER(B8),ISNUMBER(F8)), B8-F8, "") -> 29370.18 | H8: =IFERROR(G8/F8, "") -> 0.050281777
A9: NC | B9: =SUM(SUMIF(_xlfn.ANCHORARRAY(Jan!$B$4), $A9, Jan!C$4:C$65), SUMIF(_xlfn.ANCHORARRAY(Feb!$B$4), $A9, Feb!C$4:C$76), SUMIF(_xlfn.ANCHORARRAY(Mar!$B$4), $A9, Mar!C$4:C$65)) -> 815835 | C9: =SUM(SUMIF(_xlfn.ANCHORARRAY(Jan!$B$4), $A9, Jan!D$4:D$65), SUMIF(_xlfn.ANCHORARRAY(Feb!$B$4), $A9, Feb!D$4:D$76), SUMIF(_xlfn.ANCHORARRAY(Mar!$B$4), $A9, Mar!D$4:D$65)) -> 857584.95 | D9: =IF(AND(ISNUMBER(B9),ISNUMBER(C9)), B9-C9, "") -> -41749.95 | E9: =IFERROR(D9/C9, "") -> -0.048683165 | F9: =SUM(SUMIF(_xlfn.ANCHORARRAY(Jan!$B$4), $A9, Jan!G$4:G$65), SUMIF(_xlfn.ANCHORARRAY(Feb!$B$4), $A9, Feb!G$4:G$76), SUMIF(_xlfn.ANCHORARRAY(Mar!$B$4), $A9, Mar!G$4:G$65)) -> 817328.02 | G9: =IF(AND(ISNUMBER(B9),ISNUMBER(F9)), B9-F9, "") -> -1493.016 | H9: =IFERROR(G9/F9, "") -> -0.0018267036
A10: NJ | B10: =SUM(SUMIF(_xlfn.ANCHORARRAY(Jan!$B$4), $A10, Jan!C$4:C$65), SUMIF(_xlfn.ANCHORARRAY(Feb!$B$4), $A10, Feb!C$4:C$76), SUMIF(_xlfn.ANCHORARRAY(Mar!$B$4), $A10, Mar!C$4:C$65)) -> 170714.78 | C10: =SUM(SUMIF(_xlfn.ANCHORARRAY(Jan!$B$4), $A10, Jan!D$4:D$65), SUMIF(_xlfn.ANCHORARRAY(Feb!$B$4), $A10, Feb!D$4:D$76), SUMIF(_xlfn.ANCHORARRAY(Mar!$B$4), $A10, Mar!D$4:D$65)) -> 178700.01 | D10: =IF(AND(ISNUMBER(B10),ISNUMBER(C10)), B10-C10, "") -> -7985.2383 | E10: =IFERROR(D10/C10, "") -> -0.044685157 | F10: =SUM(SUMIF(_xlfn.ANCHORARRAY(Jan!$B$4), $A10, Jan!G$4:G$65), SUMIF(_xlfn.ANCHORARRAY(Feb!$B$4), $A10, Feb!G$4:G$76), SUMIF(_xlfn.ANCHORARRAY(Mar!$B$4), $A10, Mar!G$4:G$65)) -> 163692.16 | G10: =IF(AND(ISNUMBER(B10),ISNUMBER(F10)), B10-F10, "") -> 7022.6171 | H10: =IFERROR(G10/F10, "") -> 0.042901365
A11: TX | B11: =SUM(SUMIF(_xlfn.ANCHORARRAY(Jan!$B$4), $A11, Jan!C$4:C$65), SUMIF(_xlfn.ANCHORARRAY(Feb!$B$4), $A11, Feb!C$4:C$76), SUMIF(_xlfn.ANCHORARRAY(Mar!$B$4), $A11, Mar!C$4:C$65)) -> 1715281.4 | C11: =SUM(SUMIF(_xlfn.ANCHORARRAY(Jan!$B$4), $A11, Jan!D$4:D$65), SUMIF(_xlfn.ANCHORARRAY(Feb!$B$4), $A11, Feb!D$4:D$76), SUMIF(_xlfn.ANCHORARRAY(Mar!$B$4), $A11, Mar!D$4:D$65)) -> 1848663.6 | D11: =IF(AND(ISNUMBER(B11),ISNUMBER(C11)), B11-C11, "") -> -133382.27 | E11: =IFERROR(D11/C11, "") -> -0.072150642 | F11: =SUM(SUMIF(_xlfn.ANCHORARRAY(Jan!$B$4), $A11, Jan!G$4:G$65), SUMIF(_xlfn.ANCHORARRAY(Feb!$B$4), $A11, Feb!G$4:G$76), SUMIF(_xlfn.ANCHORARRAY(Mar!$B$4), $A11, Mar!G$4:G$65)) -> 1849858.5 | G11: =IF(AND(ISNUMBER(B11),ISNUMBER(F11)), B11-F11, "") -> -134577.11 | H11: =IFERROR(G11/F11, "") -> -0.072749949
A12: AZ | B12: =SUM(SUMIF(_xlfn.ANCHORARRAY(Jan!$B$4), $A12, Jan!C$4:C$65), SUMIF(_xlfn.ANCHORARRAY(Feb!$B$4), $A12, Feb!C$4:C$76), SUMIF(_xlfn.ANCHORARRAY(Mar!$B$4), $A12, Mar!C$4:C$65)) -> 914145.21 | C12: =SUM(SUMIF(_xlfn.ANCHORARRAY(Jan!$B$4), $A12, Jan!D$4:D$65), SUMIF(_xlfn.ANCHORARRAY(Feb!$B$4), $A12, Feb!D$4:D$76), SUMIF(_xlfn.ANCHORARRAY(Mar!$B$4), $A12, Mar!D$4:D$65)) -> 791274.63 | D12: =IF(AND(ISNUMBER(B12),ISNUMBER(C12)), B12-C12, "") -> 122870.58 | E12: =IFERROR(D12/C12, "") -> 0.15528184 | F12: =SUM(SUMIF(_xlfn.ANCHORARRAY(Jan!$B$4), $A12, Jan!G$4:G$65), SUMIF(_xlfn.ANCHORARRAY(Feb!$B$4), $A12, Feb!G$4:G$76), SUMIF(_xlfn.ANCHORARRAY(Mar!$B$4), $A12, Mar!G$4:G$65)) -> 948800.56 | G12: =IF(AND(ISNUMBER(B12),ISNUMBER(F12)), B12-F12, "") -> -34655.349 | H12: =IFERROR(G12/F12, "") -> -0.036525431

Sheet 2nd Qtr
A1: {=portfolio} -> Wells Fargo | C1: 2nd Quarter Actual v. Expected | F1: 2nd Quarter Actual v. Forecasted
A2: Total | B2: =SUM(B4:B85) -> 6574334.1 | C2: =SUM(C4:C85) -> 6120289.5 | D2: =B2-C2 -> 454044.6 | E2: =IFERROR(D2/C2, 0) -> 0.074186785 | F2: =SUM(F4:F85) -> 6888363.2 | G2: =B2-F2 -> -314029.09 | H2: =IFERROR(G2/F2, 0) -> -0.045588347
A3: State | B3: Actual | C3: Expected | D3: Delta | E3: % | F3: Forecasted | G3: Delta | H3: %
A4: {=_xlfn.UNIQUE(Sites[State])} -> CA | B4: =SUM(SUMIF(_xlfn.ANCHORARRAY(Apr!$B$4), $A4, Apr!C$4:C$78), SUMIF(_xlfn.ANCHORARRAY(May!$B$4), $A4, May!C$4:C$65), SUMIF(_xlfn.ANCHORARRAY(Jun!$B$4), $A4, Jun!C$4:C$65)) -> 454466.31 | C4: =SUM(SUMIF(_xlfn.ANCHORARRAY(Apr!$B$4), $A4, Apr!D$4:D$78), SUMIF(_xlfn.ANCHORARRAY(May!$B$4), $A4, May!D$4:D$65), SUMIF(_xlfn.ANCHORARRAY(Jun!$B$4), $A4, Jun!D$4:D$65)) -> 384952.97 | D4: =IF(AND(ISNUMBER(B4),ISNUMBER(C4)), B4-C4, "") -> 69513.337 | E4: =IFERROR(D4/C4, "") -> 0.18057618 | F4: =SUM(SUMIF(_xlfn.ANCHORARRAY(Apr!$B$4), $A4, Apr!G$4:G$78), SUMIF(_xlfn.ANCHORARRAY(May!$B$4), $A4, May!G$4:G$65), SUMIF(_xlfn.ANCHORARRAY(Jun!$B$4), $A4, Jun!G$4:G$65)) -> 468977.56 | G4: =IF(AND(ISNUMBER(B4),ISNUMBER(F4)), B4-F4, "") -> -14511.249 | H4: =IFERROR(G4/F4, "") -> -0.03094231
A5: CO | B5: =SUM(SUMIF(_xlfn.ANCHORARRAY(Apr!$B$4), $A5, Apr!C$4:C$78), SUMIF(_xlfn.ANCHORARRAY(May!$B$4), $A5, May!C$4:C$65), SUMIF(_xlfn.ANCHORARRAY(Jun!$B$4), $A5, Jun!C$4:C$65)) -> 86879.912 | C5: =SUM(SUMIF(_xlfn.ANCHORARRAY(Apr!$B$4), $A5, Apr!D$4:D$78), SUMIF(_xlfn.ANCHORARRAY(May!$B$4), $A5, May!D$4:D$65), SUMIF(_xlfn.ANCHORARRAY(Jun!$B$4), $A5, Jun!D$4:D$65)) -> 0 | D5: =IF(AND(ISNUMBER(B5),ISNUMBER(C5)), B5-C5, "") -> 86879.912 | E5: =IFERROR(D5/C5, "") | F5: =SUM(SUMIF(_xlfn.ANCHORARRAY(Apr!$B$4), $A5, Apr!G$4:G$78), SUMIF(_xlfn.ANCHORARRAY(May!$B$4), $A5, May!G$4:G$65), SUMIF(_xlfn.ANCHORARRAY(Jun!$B$4), $A5, Jun!G$4:G$65)) -> 91826.591 | G5: =IF(AND(ISNUMBER(B5),ISNUMBER(F5)), B5-F5, "") -> -4946.6787 | H5: =IFERROR(G5/F5, "") -> -0.053869785
A6: CT | B6: =SUM(SUMIF(_xlfn.ANCHORARRAY(Apr!$B$4), $A6, Apr!C$4:C$78), SUMIF(_xlfn.ANCHORARRAY(May!$B$4), $A6, May!C$4:C$65), SUMIF(_xlfn.ANCHORARRAY(Jun!$B$4), $A6, Jun!C$4:C$65)) -> 4925.5769 | C6: =SUM(SUMIF(_xlfn.ANCHORARRAY(Apr!$B$4), $A6, Apr!D$4:D$78), SUMIF(_xlfn.ANCHORARRAY(May!$B$4), $A6, May!D$4:D$65), SUMIF(_xlfn.ANCHORARRAY(Jun!$B$4), $A6, Jun!D$4:D$65)) -> 5258.8701 | D6: =IF(AND(ISNUMBER(B6),ISNUMBER(C6)), B6-C6, "") -> -333.29323 | E6: =IFERROR(D6/C6, "") -> -0.063377346 | F6: =SUM(SUMIF(_xlfn.ANCHORARRAY(Apr!$B$4), $A6, Apr!G$4:G$78), SUMIF(_xlfn.ANCHORARRAY(May!$B$4), $A6, May!G$4:G$65), SUMIF(_xlfn.ANCHORARRAY(Jun!$B$4), $A6, Jun!G$4:G$65)) -> 6002.8584 | G6: =IF(AND(ISNUMBER(B6),ISNUMBER(F6)), B6-F6, "") -> -1077.2815 | H6: =IFERROR(G6/F6, "") -> -0.17946142
A7: FL | B7: =SUM(SUMIF(_xlfn.ANCHORARRAY(Apr!$B$4), $A7, Apr!C$4:C$78), SUMIF(_xlfn.ANCHORARRAY(May!$B$4), $A7, May!C$4:C$65), SUMIF(_xlfn.ANCHORARRAY(Jun!$B$4), $A7, Jun!C$4:C$65)) -> 2624.6016 | C7: =SUM(SUMIF(_xlfn.ANCHORARRAY(Apr!$B$4), $A7, Apr!D$4:D$78), SUMIF(_xlfn.ANCHORARRAY(May!$B$4), $A7, May!D$4:D$65), SUMIF(_xlfn.ANCHORARRAY(Jun!$B$4), $A7, Jun!D$4:D$65)) -> 13156.327 | D7: =IF(AND(ISNUMBER(B7),ISNUMBER(C7)), B7-C7, "") -> -10531.725 | E7: =IFERROR(D7/C7, "") -> -0.80050651 | F7: =SUM(SUMIF(_xlfn.ANCHORARRAY(Apr!$B$4), $A7, Apr!G$4:G$78), SUMIF(_xlfn.ANCHORARRAY(May!$B$4), $A7, May!G$4:G$65), SUMIF(_xlfn.ANCHORARRAY(Jun!$B$4), $A7, Jun!G$4:G$65)) -> 16185 | G7: =IF(AND(ISNUMBER(B7),ISNUMBER(F7)), B7-F7, "") -> -13560.398 | H7: =IFERROR(G7/F7, "") -> -0.83783741
A8: IA | B8: =SUM(SUMIF(_xlfn.ANCHORARRAY(Apr!$B$4), $A8, Apr!C$4:C$78), SUMIF(_xlfn.ANCHORARRAY(May!$B$4), $A8, May!C$4:C$65), SUMIF(_xlfn.ANCHORARRAY(Jun!$B$4), $A8, Jun!C$4:C$65)) -> 832180 | C8: =SUM(SUMIF(_xlfn.ANCHORARRAY(Apr!$B$4), $A8, Apr!D$4:D$78), SUMIF(_xlfn.ANCHORARRAY(May!$B$4), $A8, May!D$4:D$65), SUMIF(_xlfn.ANCHORARRAY(Jun!$B$4), $A8, Jun!D$4:D$65)) -> 787358.67 | D8: =IF(AND(ISNUMBER(B8),ISNUMBER(C8)), B8-C8, "") -> 44821.33 | E8: =IFERROR(D8/C8, "") -> 0.056926191 | F8: =SUM(SUMIF(_xlfn.ANCHORARRAY(Apr!$B$4), $A8, Apr!G$4:G$78), SUMIF(_xlfn.ANCHORARRAY(May!$B$4), $A8, May!G$4:G$65), SUMIF(_xlfn.ANCHORARRAY(Jun!$B$4), $A8, Jun!G$4:G$65)) -> 856428.44 | G8: =IF(AND(ISNUMBER(B8),ISNUMBER(F8)), B8-F8, "") -> -24248.44 | H8: =IFERROR(G8/F8, "") -> -0.028313446
A9: NC | B9: =SUM(SUMIF(_xlfn.ANCHORARRAY(Apr!$B$4), $A9, Apr!C$4:C$78), SUMIF(_xlfn.ANCHORARRAY(May!$B$4), $A9, May!C$4:C$65), SUMIF(_xlfn.ANCHORARRAY(Jun!$B$4), $A9, Jun!C$4:C$65)) -> 1111185.5 | C9: =SUM(SUMIF(_xlfn.ANCHORARRAY(Apr!$B$4), $A9, Apr!D$4:D$78), SUMIF(_xlfn.ANCHORARRAY(May!$B$4), $A9, May!D$4:D$65), SUMIF(_xlfn.ANCHORARRAY(Jun!$B$4), $A9, Jun!D$4:D$65)) -> 1158864.9 | D9: =IF(AND(ISNUMBER(B9),ISNUMBER(C9)), B9-C9, "") -> -47679.437 | E9: =IFERROR(D9/C9, "") -> -0.041143222 | F9: =SUM(SUMIF(_xlfn.ANCHORARRAY(Apr!$B$4), $A9, Apr!G$4:G$78), SUMIF(_xlfn.ANCHORARRAY(May!$B$4), $A9, May!G$4:G$65), SUMIF(_xlfn.ANCHORARRAY(Jun!$B$4), $A9, Jun!G$4:G$65)) -> 1153402 | G9: =IF(AND(ISNUMBER(B9),ISNUMBER(F9)), B9-F9, "") -> -42216.525 | H9: =IFERROR(G9/F9, "") -> -0.036601743
A10: NJ | B10: =SUM(SUMIF(_xlfn.ANCHORARRAY(Apr!$B$4), $A10, Apr!C$4:C$78), SUMIF(_xlfn.ANCHORARRAY(May!$B$4), $A10, May!C$4:C$65), SUMIF(_xlfn.ANCHORARRAY(Jun!$B$4), $A10, Jun!C$4:C$65)) -> 247241.29 | C10: =SUM(SUMIF(_xlfn.ANCHORARRAY(Apr!$B$4), $A10, Apr!D$4:D$78), SUMIF(_xlfn.ANCHORARRAY(May!$B$4), $A10, May!D$4:D$65), SUMIF(_xlfn.ANCHORARRAY(Jun!$B$4), $A10, Jun!D$4:D$65)) -> 248115.66 | D10: =IF(AND(ISNUMBER(B10),ISNUMBER(C10)), B10-C10, "") -> -874.37344 | E10: =IFERROR(D10/C10, "") -> -0.0035240558 | F10: =SUM(SUMIF(_xlfn.ANCHORARRAY(Apr!$B$4), $A10, Apr!G$4:G$78), SUMIF(_xlfn.ANCHORARRAY(May!$B$4), $A10, May!G$4:G$65), SUMIF(_xlfn.ANCHORARRAY(Jun!$B$4), $A10, Jun!G$4:G$65)) -> 297563.63 | G10: =IF(AND(ISNUMBER(B10),ISNUMBER(F10)), B10-F10, "") -> -50322.342 | H10: =IFERROR(G10/F10, "") -> -0.16911456
A11: TX | B11: =SUM(SUMIF(_xlfn.ANCHORARRAY(Apr!$B$4), $A11, Apr!C$4:C$78), SUMIF(_xlfn.ANCHORARRAY(May!$B$4), $A11, May!C$4:C$65), SUMIF(_xlfn.ANCHORARRAY(Jun!$B$4), $A11, Jun!C$4:C$65)) -> 2239247 | C11: =SUM(SUMIF(_xlfn.ANCHORARRAY(Apr!$B$4), $A11, Apr!D$4:D$78), SUMIF(_xlfn.ANCHORARRAY(May!$B$4), $A11, May!D$4:D$65), SUMIF(_xlfn.ANCHORARRAY(Jun!$B$4), $A11, Jun!D$4:D$65)) -> 2042211.1 | D11: =IF(AND(ISNUMBER(B11),ISNUMBER(C11)), B11-C11, "") -> 197035.84 | E11: =IFERROR(D11/C11, "") -> 0.096481621 | F11: =SUM(SUMIF(_xlfn.ANCHORARRAY(Apr!$B$4), $A11, Apr!G$4:G$78), SUMIF(_xlfn.ANCHORARRAY(May!$B$4), $A11, May!G$4:G$65), SUMIF(_xlfn.ANCHORARRAY(Jun!$B$4), $A11, Jun!G$4:G$65)) -> 2473075.6 | G11: =IF(AND(ISNUMBER(B11),ISNUMBER(F11)), B11-F11, "") -> -233828.6 | H11: =IFERROR(G11/F11, "") -> -0.094549717
A12: AZ | B12: =SUM(SUMIF(_xlfn.ANCHORARRAY(Apr!$B$4), $A12, Apr!C$4:C$78), SUMIF(_xlfn.ANCHORARRAY(May!$B$4), $A12, May!C$4:C$65), SUMIF(_xlfn.ANCHORARRAY(Jun!$B$4), $A12, Jun!C$4:C$65)) -> 1595583.9 | C12: =SUM(SUMIF(_xlfn.ANCHORARRAY(Apr!$B$4), $A12, Apr!D$4:D$78), SUMIF(_xlfn.ANCHORARRAY(May!$B$4), $A12, May!D$4:D$65), SUMIF(_xlfn.ANCHORARRAY(Jun!$B$4), $A12, Jun!D$4:D$65)) -> 1480370.9 | D12: =IF(AND(ISNUMBER(B12),ISNUMBER(C12)), B12-C12, "") -> 115213.01 | E12: =IFERROR(D12/C12, "") -> 0.077827124 | F12: =SUM(SUMIF(_xlfn.ANCHORARRAY(Apr!$B$4), $A12, Apr!G$4:G$78), SUMIF(_xlfn.ANCHORARRAY(May!$B$4), $A12, May!G$4:G$65), SUMIF(_xlfn.ANCHORARRAY(Jun!$B$4), $A12, Jun!G$4:G$65)) -> 1524901.5 | G12: =IF(AND(ISNUMBER(B12),ISNUMBER(F12)), B12-F12, "") -> 70682.422 | H12: =IFERROR(G12/F12, "") -> 0.046352123

Sheet 3rd Qtr
A1: {=portfolio} -> Wells Fargo | C1: 3rd Quarter Actual v. Expected | F1: 3rd Quarter Actual v. Forecasted
A2: Total | B2: =SUM(B4:B90) -> 6130390.4 | C2: =SUM(C4:C90) -> 5954369 | D2: =B2-C2 -> 176021.39 | E2: =IFERROR(D2/C2, 0) -> 0.029561721 | F2: =SUM(F4:F90) -> 6607064.6 | G2: =B2-F2 -> -476674.25 | H2: =IFERROR(G2/F2, 0) -> -0.072146146
A3: State | B3: Actual | C3: Expected | D3: Delta | E3: % | F3: Forecasted | G3: Delta | H3: %
A4: {=_xlfn.UNIQUE(Sites[State])} -> CA | B4: =SUM(SUMIF(_xlfn.ANCHORARRAY(Jul!$B$4), $A4, Jul!C$4:C$65), SUMIF(_xlfn.ANCHORARRAY(Aug!$C$4), $A4, Aug!D$4:D$69), SUMIF(_xlfn.ANCHORARRAY(Sep!$B$4), $A4, Sep!C$4:C$69)) -> 376887.9 | C4: =SUM(SUMIF(_xlfn.ANCHORARRAY(Jul!$B$4), $A4, Jul!D$4:D$65), SUMIF(_xlfn.ANCHORARRAY(Aug!$C$4), $A4, Aug!E$4:E$69), SUMIF(_xlfn.ANCHORARRAY(Sep!$B$4), $A4, Sep!D$4:D$69)) -> 337723.88 | D4: =IF(AND(ISNUMBER(B4),ISNUMBER(C4)), B4-C4, "") -> 39164.023 | E4: =IFERROR(D4/C4, "") -> 0.11596463 | F4: =SUM(SUMIF(_xlfn.ANCHORARRAY(Jul!$B$4), $A4, Jul!G$4:G$65), SUMIF(_xlfn.ANCHORARRAY(Aug!$C$4), $A4, Aug!H$4:H$69), SUMIF(_xlfn.ANCHORARRAY(Sep!$B$4), $A4, Sep!G$4:G$69)) -> 429928.1 | G4: =IF(AND(ISNUMBER(B4),ISNUMBER(F4)), B4-F4, "") -> -53040.201 | H4: =IFERROR(G4/F4, "") -> -0.12336993
A5: CO | B5: =SUM(SUMIF(_xlfn.ANCHORARRAY(Jul!$B$4), $A5, Jul!C$4:C$65), SUMIF(_xlfn.ANCHORARRAY(Aug!$C$4), $A5, Aug!D$4:D$69), SUMIF(_xlfn.ANCHORARRAY(Sep!$B$4), $A5, Sep!C$4:C$69)) -> 84766.084 | C5: =SUM(SUMIF(_xlfn.ANCHORARRAY(Jul!$B$4), $A5, Jul!D$4:D$65), SUMIF(_xlfn.ANCHORARRAY(Aug!$C$4), $A5, Aug!E$4:E$69), SUMIF(_xlfn.ANCHORARRAY(Sep!$B$4), $A5, Sep!D$4:D$69)) -> 0 | D5: =IF(AND(ISNUMBER(B5),ISNUMBER(C5)), B5-C5, "") -> 84766.084 | E5: =IFERROR(D5/C5, "") | F5: =SUM(SUMIF(_xlfn.ANCHORARRAY(Jul!$B$4), $A5, Jul!G$4:G$65), SUMIF(_xlfn.ANCHORARRAY(Aug!$C$4), $A5, Aug!H$4:H$69), SUMIF(_xlfn.ANCHORARRAY(Sep!$B$4), $A5, Sep!G$4:G$69)) -> 85474.805 | G5: =IF(AND(ISNUMBER(B5),ISNUMBER(F5)), B5-F5, "") -> -708.72064 | H5: =IFERROR(G5/F5, "") -> -0.0082915737
A6: CT | B6: =SUM(SUMIF(_xlfn.ANCHORARRAY(Jul!$B$4), $A6, Jul!C$4:C$65), SUMIF(_xlfn.ANCHORARRAY(Aug!$C$4), $A6, Aug!D$4:D$69), SUMIF(_xlfn.ANCHORARRAY(Sep!$B$4), $A6, Sep!C$4:C$69)) -> 5109.663 | C6: =SUM(SUMIF(_xlfn.ANCHORARRAY(Jul!$B$4), $A6, Jul!D$4:D$65), SUMIF(_xlfn.ANCHORARRAY(Aug!$C$4), $A6, Aug!E$4:E$69), SUMIF(_xlfn.ANCHORARRAY(Sep!$B$4), $A6, Sep!D$4:D$69)) -> 3669.104 | D6: =IF(AND(ISNUMBER(B6),ISNUMBER(C6)), B6-C6, "") -> 1440.559 | E6: =IFERROR(D6/C6, "") -> 0.39261875 | F6: =SUM(SUMIF(_xlfn.ANCHORARRAY(Jul!$B$4), $A6, Jul!G$4:G$65), SUMIF(_xlfn.ANCHORARRAY(Aug!$C$4), $A6, Aug!H$4:H$69), SUMIF(_xlfn.ANCHORARRAY(Sep!$B$4), $A6, Sep!G$4:G$69)) -> 5963.2072 | G6: =IF(AND(ISNUMBER(B6),ISNUMBER(F6)), B6-F6, "") -> -853.54419 | H6: =IFERROR(G6/F6, "") -> -0.14313509
A7: FL | B7: =SUM(SUMIF(_xlfn.ANCHORARRAY(Jul!$B$4), $A7, Jul!C$4:C$65), SUMIF(_xlfn.ANCHORARRAY(Aug!$C$4), $A7, Aug!D$4:D$69), SUMIF(_xlfn.ANCHORARRAY(Sep!$B$4), $A7, Sep!C$4:C$69)) -> 2209.103 | C7: =SUM(SUMIF(_xlfn.ANCHORARRAY(Jul!$B$4), $A7, Jul!D$4:D$65), SUMIF(_xlfn.ANCHORARRAY(Aug!$C$4), $A7, Aug!E$4:E$69), SUMIF(_xlfn.ANCHORARRAY(Sep!$B$4), $A7, Sep!D$4:D$69)) -> 13582.234 | D7: =IF(AND(ISNUMBER(B7),ISNUMBER(C7)), B7-C7, "") -> -11373.131 | E7: =IFERROR(D7/C7, "") -> -0.83735348 | F7: =SUM(SUMIF(_xlfn.ANCHORARRAY(Jul!$B$4), $A7, Jul!G$4:G$65), SUMIF(_xlfn.ANCHORARRAY(Aug!$C$4), $A7, Aug!H$4:H$69), SUMIF(_xlfn.ANCHORARRAY(Sep!$B$4), $A7, Sep!G$4:G$69)) -> 15389 | G7: =IF(AND(ISNUMBER(B7),ISNUMBER(F7)), B7-F7, "") -> -13179.897 | H7: =IFERROR(G7/F7, "") -> -0.85644921
A8: IA | B8: =SUM(SUMIF(_xlfn.ANCHORARRAY(Jul!$B$4), $A8, Jul!C$4:C$65), SUMIF(_xlfn.ANCHORARRAY(Aug!$C$4), $A8, Aug!D$4:D$69), SUMIF(_xlfn.ANCHORARRAY(Sep!$B$4), $A8, Sep!C$4:C$69)) -> 795278.5 | C8: =SUM(SUMIF(_xlfn.ANCHORARRAY(Jul!$B$4), $A8, Jul!D$4:D$65), SUMIF(_xlfn.ANCHORARRAY(Aug!$C$4), $A8, Aug!E$4:E$69), SUMIF(_xlfn.ANCHORARRAY(Sep!$B$4), $A8, Sep!D$4:D$69)) -> 838659.48 | D8: =IF(AND(ISNUMBER(B8),ISNUMBER(C8)), B8-C8, "") -> -43380.98 | E8: =IFERROR(D8/C8, "") -> -0.051726572 | F8: =SUM(SUMIF(_xlfn.ANCHORARRAY(Jul!$B$4), $A8, Jul!G$4:G$65), SUMIF(_xlfn.ANCHORARRAY(Aug!$C$4), $A8, Aug!H$4:H$69), SUMIF(_xlfn.ANCHORARRAY(Sep!$B$4), $A8, Sep!G$4:G$69)) -> 872315.97 | G8: =IF(AND(ISNUMBER(B8),ISNUMBER(F8)), B8-F8, "") -> -77037.47 | H8: =IFERROR(G8/F8, "") -> -0.088313722
A9: NC | B9: =SUM(SUMIF(_xlfn.ANCHORARRAY(Jul!$B$4), $A9, Jul!C$4:C$65), SUMIF(_xlfn.ANCHORARRAY(Aug!$C$4), $A9, Aug!D$4:D$69), SUMIF(_xlfn.ANCHORARRAY(Sep!$B$4), $A9, Sep!C$4:C$69)) -> 877760.7 | C9: =SUM(SUMIF(_xlfn.ANCHORARRAY(Jul!$B$4), $A9, Jul!D$4:D$65), SUMIF(_xlfn.ANCHORARRAY(Aug!$C$4), $A9, Aug!E$4:E$69), SUMIF(_xlfn.ANCHORARRAY(Sep!$B$4), $A9, Sep!D$4:D$69)) -> 931701.12 | D9: =IF(AND(ISNUMBER(B9),ISNUMBER(C9)), B9-C9, "") -> -53940.421 | E9: =IFERROR(D9/C9, "") -> -0.057894554 | F9: =SUM(SUMIF(_xlfn.ANCHORARRAY(Jul!$B$4), $A9, Jul!G$4:G$65), SUMIF(_xlfn.ANCHORARRAY(Aug!$C$4), $A9, Aug!H$4:H$69), SUMIF(_xlfn.ANCHORARRAY(Sep!$B$4), $A9, Sep!G$4:G$69)) -> 909278.7 | G9: =IF(AND(ISNUMBER(B9),ISNUMBER(F9)), B9-F9, "") -> -31518 | H9: =IFERROR(G9/F9, "") -> -0.03466264
A10: NJ | B10: =SUM(SUMIF(_xlfn.ANCHORARRAY(Jul!$B$4), $A10, Jul!C$4:C$65), SUMIF(_xlfn.ANCHORARRAY(Aug!$C$4), $A10, Aug!D$4:D$69), SUMIF(_xlfn.ANCHORARRAY(Sep!$B$4), $A10, Sep!C$4:C$69)) -> 276180.04 | C10: =SUM(SUMIF(_xlfn.ANCHORARRAY(Jul!$B$4), $A10, Jul!D$4:D$65), SUMIF(_xlfn.ANCHORARRAY(Aug!$C$4), $A10, Aug!E$4:E$69), SUMIF(_xlfn.ANCHORARRAY(Sep!$B$4), $A10, Sep!D$4:D$69)) -> 260816.81 | D10: =IF(AND(ISNUMBER(B10),ISNUMBER(C10)), B10-C10, "") -> 15363.23 | E10: =IFERROR(D10/C10, "") -> 0.058904293 | F10: =SUM(SUMIF(_xlfn.ANCHORARRAY(Jul!$B$4), $A10, Jul!G$4:G$65), SUMIF(_xlfn.ANCHORARRAY(Aug!$C$4), $A10, Aug!H$4:H$69), SUMIF(_xlfn.ANCHORARRAY(Sep!$B$4), $A10, Sep!G$4:G$69)) -> 295286.29 | G10: =IF(AND(ISNUMBER(B10),ISNUMBER(F10)), B10-F10, "") -> -19106.244 | H10: =IFERROR(G10/F10, "") -> -0.064704137
A11: TX | B11: =SUM(SUMIF(_xlfn.ANCHORARRAY(Jul!$B$4), $A11, Jul!C$4:C$65), SUMIF(_xlfn.ANCHORARRAY(Aug!$C$4), $A11, Aug!D$4:D$69), SUMIF(_xlfn.ANCHORARRAY(Sep!$B$4), $A11, Sep!C$4:C$69)) -> 2281622.6 | C11: =SUM(SUMIF(_xlfn.ANCHORARRAY(Jul!$B$4), $A11, Jul!D$4:D$65), SUMIF(_xlfn.ANCHORARRAY(Aug!$C$4), $A11, Aug!E$4:E$69), SUMIF(_xlfn.ANCHORARRAY(Sep!$B$4), $A11, Sep!D$4:D$69)) -> 2255734.7 | D11: =IF(AND(ISNUMBER(B11),ISNUMBER(C11)), B11-C11, "") -> 25887.889 | E11: =IFERROR(D11/C11, "") -> 0.011476478 | F11: =SUM(SUMIF(_xlfn.ANCHORARRAY(Jul!$B$4), $A11, Jul!G$4:G$65), SUMIF(_xlfn.ANCHORARRAY(Aug!$C$4), $A11, Aug!H$4:H$69), SUMIF(_xlfn.ANCHORARRAY(Sep!$B$4), $A11, Sep!G$4:G$69)) -> 2611326.2 | G11: =IF(AND(ISNUMBER(B11),ISNUMBER(F11)), B11-F11, "") -> -329703.69 | H11: =IFERROR(G11/F11, "") -> -0.1262591
A12: AZ | B12: =SUM(SUMIF(_xlfn.ANCHORARRAY(Jul!$B$4), $A12, Jul!C$4:C$65), SUMIF(_xlfn.ANCHORARRAY(Aug!$C$4), $A12, Aug!D$4:D$69), SUMIF(_xlfn.ANCHORARRAY(Sep!$B$4), $A12, Sep!C$4:C$69)) -> 1430575.8 | C12: =SUM(SUMIF(_xlfn.ANCHORARRAY(Jul!$B$4), $A12, Jul!D$4:D$65), SUMIF(_xlfn.ANCHORARRAY(Aug!$C$4), $A12, Aug!E$4:E$69), SUMIF(_xlfn.ANCHORARRAY(Sep!$B$4), $A12, Sep!D$4:D$69)) -> 1312481.7 | D12: =IF(AND(ISNUMBER(B12),ISNUMBER(C12)), B12-C12, "") -> 118094.14 | E12: =IFERROR(D12/C12, "") -> 0.089977744 | F12: =SUM(SUMIF(_xlfn.ANCHORARRAY(Jul!$B$4), $A12, Jul!G$4:G$65), SUMIF(_xlfn.ANCHORARRAY(Aug!$C$4), $A12, Aug!H$4:H$69), SUMIF(_xlfn.ANCHORARRAY(Sep!$B$4), $A12, Sep!G$4:G$69)) -> 1382102.3 | G12: =IF(AND(ISNUMBER(B12),ISNUMBER(F12)), B12-F12, "") -> 48473.522 | H12: =IFERROR(G12/F12, "") -> 0.035072311

Sheet 4th Qtr
A1: {=portfolio} -> Wells Fargo | C1: 4th Quarter Actual v. Expected | F1: 4th Quarter Actual v. Forecasted
A2: Total | B2: =SUM(B4:B90) -> 0 | C2: =SUM(C4:C90) -> 0 | D2: =B2-C2 -> 0 | E2: =IFERROR(D2/C2, 0) -> 0 | F2: =SUM(F4:F90) -> 0 | G2: =B2-F2 -> 0 | H2: =IFERROR(G2/F2, 0) -> 0
A3: State | B3: Actual | C3: Expected | D3: Delta | E3: % | F3: Forecasted | G3: Delta | H3: %
A4: {=_xlfn.UNIQUE(Sites[State])} -> CA | B4: =SUM(SUMIF(_xlfn.ANCHORARRAY(Oct!$B$4), $A4, Oct!C$4:C$69), SUMIF(_xlfn.ANCHORARRAY(Nov!$B$4), $A4, Nov!C$4:C$69), SUMIF(_xlfn.ANCHORARRAY(Dec!$B$4), $A4, Dec!C$4:C$69)) -> 0 | C4: =SUM(SUMIF(_xlfn.ANCHORARRAY(Oct!$B$4), $A4, Oct!D$4:D$69), SUMIF(_xlfn.ANCHORARRAY(Nov!$B$4), $A4, Nov!D$4:D$69), SUMIF(_xlfn.ANCHORARRAY(Dec!$B$4), $A4, Dec!D$4:D$69)) -> 0 | D4: =IF(AND(ISNUMBER(B4),ISNUMBER(C4)), B4-C4, "") -> 0 | E4: =IFERROR(D4/C4, "") | F4: =SUM(SUMIF(_xlfn.ANCHORARRAY(Oct!$B$4), $A4, Oct!G$4:G$69), SUMIF(_xlfn.ANCHORARRAY(Nov!$B$4), $A4, Nov!G$4:G$69), SUMIF(_xlfn.ANCHORARRAY(Dec!$B$4), $A4, Dec!G$4:G$69)) -> 0 | G4: =IF(AND(ISNUMBER(B4),ISNUMBER(F4)), B4-F4, "") -> 0 | H4: =IFERROR(G4/F4, "")
A5: CO | B5: =SUM(SUMIF(_xlfn.ANCHORARRAY(Oct!$B$4), $A5, Oct!C$4:C$69), SUMIF(_xlfn.ANCHORARRAY(Nov!$B$4), $A5, Nov!C$4:C$69), SUMIF(_xlfn.ANCHORARRAY(Dec!$B$4), $A5, Dec!C$4:C$69)) -> 0 | C5: =SUM(SUMIF(_xlfn.ANCHORARRAY(Oct!$B$4), $A5, Oct!D$4:D$69), SUMIF(_xlfn.ANCHORARRAY(Nov!$B$4), $A5, Nov!D$4:D$69), SUMIF(_xlfn.ANCHORARRAY(Dec!$B$4), $A5, Dec!D$4:D$69)) -> 0 | D5: =IF(AND(ISNUMBER(B5),ISNUMBER(C5)), B5-C5, "") -> 0 | E5: =IFERROR(D5/C5, "") | F5: =SUM(SUMIF(_xlfn.ANCHORARRAY(Oct!$B$4), $A5, Oct!G$4:G$69), SUMIF(_xlfn.ANCHORARRAY(Nov!$B$4), $A5, Nov!G$4:G$69), SUMIF(_xlfn.ANCHORARRAY(Dec!$B$4), $A5, Dec!G$4:G$69)) -> 0 | G5: =IF(AND(ISNUMBER(B5),ISNUMBER(F5)), B5-F5, "") -> 0 | H5: =IFERROR(G5/F5, "")
A6: CT | B6: =SUM(SUMIF(_xlfn.ANCHORARRAY(Oct!$B$4), $A6, Oct!C$4:C$69), SUMIF(_xlfn.ANCHORARRAY(Nov!$B$4), $A6, Nov!C$4:C$69), SUMIF(_xlfn.ANCHORARRAY(Dec!$B$4), $A6, Dec!C$4:C$69)) -> 0 | C6: =SUM(SUMIF(_xlfn.ANCHORARRAY(Oct!$B$4), $A6, Oct!D$4:D$69), SUMIF(_xlfn.ANCHORARRAY(Nov!$B$4), $A6, Nov!D$4:D$69), SUMIF(_xlfn.ANCHORARRAY(Dec!$B$4), $A6, Dec!D$4:D$69)) -> 0 | D6: =IF(AND(ISNUMBER(B6),ISNUMBER(C6)), B6-C6, "") -> 0 | E6: =IFERROR(D6/C6, "") | F6: =SUM(SUMIF(_xlfn.ANCHORARRAY(Oct!$B$4), $A6, Oct!G$4:G$69), SUMIF(_xlfn.ANCHORARRAY(Nov!$B$4), $A6, Nov!G$4:G$69), SUMIF(_xlfn.ANCHORARRAY(Dec!$B$4), $A6, Dec!G$4:G$69)) -> 0 | G6: =IF(AND(ISNUMBER(B6),ISNUMBER(F6)), B6-F6, "") -> 0 | H6: =IFERROR(G6/F6, "")
A7: FL | B7: =SUM(SUMIF(_xlfn.ANCHORARRAY(Oct!$B$4), $A7, Oct!C$4:C$69), SUMIF(_xlfn.ANCHORARRAY(Nov!$B$4), $A7, Nov!C$4:C$69), SUMIF(_xlfn.ANCHORARRAY(Dec!$B$4), $A7, Dec!C$4:C$69)) -> 0 | C7: =SUM(SUMIF(_xlfn.ANCHORARRAY(Oct!$B$4), $A7, Oct!D$4:D$69), SUMIF(_xlfn.ANCHORARRAY(Nov!$B$4), $A7, Nov!D$4:D$69), SUMIF(_xlfn.ANCHORARRAY(Dec!$B$4), $A7, Dec!D$4:D$69)) -> 0 | D7: =IF(AND(ISNUMBER(B7),ISNUMBER(C7)), B7-C7, "") -> 0 | E7: =IFERROR(D7/C7, "") | F7: =SUM(SUMIF(_xlfn.ANCHORARRAY(Oct!$B$4), $A7, Oct!G$4:G$69), SUMIF(_xlfn.ANCHORARRAY(Nov!$B$4), $A7, Nov!G$4:G$69), SUMIF(_xlfn.ANCHORARRAY(Dec!$B$4), $A7, Dec!G$4:G$69)) -> 0 | G7: =IF(AND(ISNUMBER(B7),ISNUMBER(F7)), B7-F7, "") -> 0 | H7: =IFERROR(G7/F7, "")
A8: IA | B8: =SUM(SUMIF(_xlfn.ANCHORARRAY(Oct!$B$4), $A8, Oct!C$4:C$69), SUMIF(_xlfn.ANCHORARRAY(Nov!$B$4), $A8, Nov!C$4:C$69), SUMIF(_xlfn.ANCHORARRAY(Dec!$B$4), $A8, Dec!C$4:C$69)) -> 0 | C8: =SUM(SUMIF(_xlfn.ANCHORARRAY(Oct!$B$4), $A8, Oct!D$4:D$69), SUMIF(_xlfn.ANCHORARRAY(Nov!$B$4), $A8, Nov!D$4:D$69), SUMIF(_xlfn.ANCHORARRAY(Dec!$B$4), $A8, Dec!D$4:D$69)) -> 0 | D8: =IF(AND(ISNUMBER(B8),ISNUMBER(C8)), B8-C8, "") -> 0 | E8: =IFERROR(D8/C8, "") | F8: =SUM(SUMIF(_xlfn.ANCHORARRAY(Oct!$B$4), $A8, Oct!G$4:G$69), SUMIF(_xlfn.ANCHORARRAY(Nov!$B$4), $A8, Nov!G$4:G$69), SUMIF(_xlfn.ANCHORARRAY(Dec!$B$4), $A8, Dec!G$4:G$69)) -> 0 | G8: =IF(AND(ISNUMBER(B8),ISNUMBER(F8)), B8-F8, "") -> 0 | H8: =IFERROR(G8/F8, "")
A9: NC | B9: =SUM(SUMIF(_xlfn.ANCHORARRAY(Oct!$B$4), $A9, Oct!C$4:C$69), SUMIF(_xlfn.ANCHORARRAY(Nov!$B$4), $A9, Nov!C$4:C$69), SUMIF(_xlfn.ANCHORARRAY(Dec!$B$4), $A9, Dec!C$4:C$69)) -> 0 | C9: =SUM(SUMIF(_xlfn.ANCHORARRAY(Oct!$B$4), $A9, Oct!D$4:D$69), SUMIF(_xlfn.ANCHORARRAY(Nov!$B$4), $A9, Nov!D$4:D$69), SUMIF(_xlfn.ANCHORARRAY(Dec!$B$4), $A9, Dec!D$4:D$69)) -> 0 | D9: =IF(AND(ISNUMBER(B9),ISNUMBER(C9)), B9-C9, "") -> 0 | E9: =IFERROR(D9/C9, "") | F9: =SUM(SUMIF(_xlfn.ANCHORARRAY(Oct!$B$4), $A9, Oct!G$4:G$69), SUMIF(_xlfn.ANCHORARRAY(Nov!$B$4), $A9, Nov!G$4:G$69), SUMIF(_xlfn.ANCHORARRAY(Dec!$B$4), $A9, Dec!G$4:G$69)) -> 0 | G9: =IF(AND(ISNUMBER(B9),ISNUMBER(F9)), B9-F9, "") -> 0 | H9: =IFERROR(G9/F9, "")
A10: NJ | B10: =SUM(SUMIF(_xlfn.ANCHORARRAY(Oct!$B$4), $A10, Oct!C$4:C$69), SUMIF(_xlfn.ANCHORARRAY(Nov!$B$4), $A10, Nov!C$4:C$69), SUMIF(_xlfn.ANCHORARRAY(Dec!$B$4), $A10, Dec!C$4:C$69)) -> 0 | C10: =SUM(SUMIF(_xlfn.ANCHORARRAY(Oct!$B$4), $A10, Oct!D$4:D$69), SUMIF(_xlfn.ANCHORARRAY(Nov!$B$4), $A10, Nov!D$4:D$69), SUMIF(_xlfn.ANCHORARRAY(Dec!$B$4), $A10, Dec!D$4:D$69)) -> 0 | D10: =IF(AND(ISNUMBER(B10),ISNUMBER(C10)), B10-C10, "") -> 0 | E10: =IFERROR(D10/C10, "") | F10: =SUM(SUMIF(_xlfn.ANCHORARRAY(Oct!$B$4), $A10, Oct!G$4:G$69), SUMIF(_xlfn.ANCHORARRAY(Nov!$B$4), $A10, Nov!G$4:G$69), SUMIF(_xlfn.ANCHORARRAY(Dec!$B$4), $A10, Dec!G$4:G$69)) -> 0 | G10: =IF(AND(ISNUMBER(B10),ISNUMBER(F10)), B10-F10, "") -> 0 | H10: =IFERROR(G10/F10, "")
A11: TX | B11: =SUM(SUMIF(_xlfn.ANCHORARRAY(Oct!$B$4), $A11, Oct!C$4:C$69), SUMIF(_xlfn.ANCHORARRAY(Nov!$B$4), $A11, Nov!C$4:C$69), SUMIF(_xlfn.ANCHORARRAY(Dec!$B$4), $A11, Dec!C$4:C$69)) -> 0 | C11: =SUM(SUMIF(_xlfn.ANCHORARRAY(Oct!$B$4), $A11, Oct!D$4:D$69), SUMIF(_xlfn.ANCHORARRAY(Nov!$B$4), $A11, Nov!D$4:D$69), SUMIF(_xlfn.ANCHORARRAY(Dec!$B$4), $A11, Dec!D$4:D$69)) -> 0 | D11: =IF(AND(ISNUMBER(B11),ISNUMBER(C11)), B11-C11, "") -> 0 | E11: =IFERROR(D11/C11, "") | F11: =SUM(SUMIF(_xlfn.ANCHORARRAY(Oct!$B$4), $A11, Oct!G$4:G$69), SUMIF(_xlfn.ANCHORARRAY(Nov!$B$4), $A11, Nov!G$4:G$69), SUMIF(_xlfn.ANCHORARRAY(Dec!$B$4), $A11, Dec!G$4:G$69)) -> 0 | G11: =IF(AND(ISNUMBER(B11),ISNUMBER(F11)), B11-F11, "") -> 0 | H11: =IFERROR(G11/F11, "")
A12: AZ | B12: =SUM(SUMIF(_xlfn.ANCHORARRAY(Oct!$B$4), $A12, Oct!C$4:C$69), SUMIF(_xlfn.ANCHORARRAY(Nov!$B$4), $A12, Nov!C$4:C$69), SUMIF(_xlfn.ANCHORARRAY(Dec!$B$4), $A12, Dec!C$4:C$69)) -> 0 | C12: =SUM(SUMIF(_xlfn.ANCHORARRAY(Oct!$B$4), $A12, Oct!D$4:D$69), SUMIF(_xlfn.ANCHORARRAY(Nov!$B$4), $A12, Nov!D$4:D$69), SUMIF(_xlfn.ANCHORARRAY(Dec!$B$4), $A12, Dec!D$4:D$69)) -> 0 | D12: =IF(AND(ISNUMBER(B12),ISNUMBER(C12)), B12-C12, "") -> 0 | E12: =IFERROR(D12/C12, "") | F12: =SUM(SUMIF(_xlfn.ANCHORARRAY(Oct!$B$4), $A12, Oct!G$4:G$69), SUMIF(_xlfn.ANCHORARRAY(Nov!$B$4), $A12, Nov!G$4:G$69), SUMIF(_xlfn.ANCHORARRAY(Dec!$B$4), $A12, Dec!G$4:G$69)) -> 0 | G12: =IF(AND(ISNUMBER(B12),ISNUMBER(F12)), B12-F12, "") -> 0 | H12: =IFERROR(G12/F12, "")

Sheet Jan
A1: {=portfolio} -> Wells Fargo | D1: January Actual v. Expected | G1: January Actual v. Forecasted
A2: Total | C2: =SUM(C4:C65) -> 972233.77 | D2: =SUM(D4:D65) -> 1090495.1 | E2: =C2-D2 -> -118261.3 | F2: =IFERROR(E2/D2, 0) -> -0.10844735 | G2: =SUM(G4:G65) -> 1037915.7 | H2: =C2-G2 -> -65681.9 | I2: =IFERROR(H2/G2, 0) -> -0.063282502 | J2: =IF(AND(TODAY()>DATE(2024, 1, 1), COUNTA(Sites[Site])<>(COUNT(C:C)-1)), "Some sites are missing actual data; if new sites were added, make sure they are aligned correctly (including prior months!)", "") -> Some sites are missing actual data; if new sites were added, make sure they are aligned correctly (including prior months!)
A3: Site | B3: State | C3: Actual | D3: Expected | E3: Delta | F3: % | G3: Forecasted | H3: Delta | I3: % | J3: Notes | K3: Service Requests
A4: {=Sites[Site]} -> Adams & Broadway | B4: {=Sites[State]} -> CA | C4: 501.8 | D4: 0 | E4: =IF(AND(ISNUMBER(C4),ISNUMBER(D4)), C4-D4, "") -> 501.8 | F4: =IFERROR(E4/D4, "") | G4: 661 | H4: =IF(AND(ISNUMBER(C4),ISNUMBER(G4)), C4-G4, "") -> -159.2 | I4: =IFERROR(H4/G4, "") -> -0.2408472 | J4: 1.Low generation due to weather/snow.
A5: Otay Mesa | B5: CA | C5: 39.49 | D5: 0 | E5: =IF(AND(ISNUMBER(C5),ISNUMBER(D5)), C5-D5, "") -> 39.49 | F5: =IFERROR(E5/D5, "") | G5: 0 | H5: =IF(AND(ISNUMBER(C5),ISNUMBER(G5)), C5-G5, "") -> 39.49 | I5: =IFERROR(H5/G5, "") | J5: 1. Production data taken from consumption meter.
A6: San Leandro | B6: CA | C6: 25601 | D6: 35709.12 | E6: =IF(AND(ISNUMBER(C6),ISNUMBER(D6)), C6-D6, "") -> -10108.12 | F6: =IFERROR(E6/D6, "") -> -0.2830683 | G6: 22352.73 | H6: =IF(AND(ISNUMBER(C6),ISNUMBER(G6)), C6-G6, "") -> 3248.27 | I6: =IFERROR(H6/G6, "") -> 0.14531871 | J6: 1.Inverter 4 underperforming by 7kW since 06/11, down 2 strings. Dispatch has been scheduled. Inverter 2 underperforming by 3kW since 05/10, down 1 string. Dispatch has been scheduled. Inverter 7 underperforming by 3kW since 09/09, down 1 string. Dispatch has been scheduled. 2.The inverter 3 has a history of wire box damage, so a complete inverter and wire box upgrade was required. The current wire box string fuse configuration was not acceptable. So, Inverter 3 has been undergoing an RMA process since 07/26/24. | K6: 1.SR091496 2.SR088261 | L6: SR088261
A7: Van Nuys | B7: CA | C7: 914 | D7: 0 | E7: =IF(AND(ISNUMBER(C7),ISNUMBER(D7)), C7-D7, "") -> 914 | F7: =IFERROR(E7/D7, "") | G7: 1320.568 | H7: =IF(AND(ISNUMBER(C7),ISNUMBER(G7)), C7-G7, "") -> -406.568 | I7: =IFERROR(H7/G7, "") -> -0.30787358
A8: 98th & Grant | B8: CO | C8: 468.1 | D8: 0 | E8: =IF(AND(ISNUMBER(C8),ISNUMBER(D8)), C8-D8, "") -> 468.1 | F8: =IFERROR(E8/D8, "") | G8: 1170 | H8: =IF(AND(ISNUMBER(C8),ISNUMBER(G8)), C8-G8, "") -> -701.9 | I8: =IFERROR(H8/G8, "") -> -0.59991453
A9: Arapahoe Crossings | B9: CO | C9: 1869.1064 | D9: 0 | E9: =IF(AND(ISNUMBER(C9),ISNUMBER(D9)), C9-D9, "") -> 1869.1064 | F9: =IFERROR(E9/D9, "") | G9: 2127.951 | H9: =IF(AND(ISNUMBER(C9),ISNUMBER(G9)), C9-G9, "") -> -258.84462 | I9: =IFERROR(H9/G9, "") -> -0.12164031
A10: Aurora City Center | B10: CO | C10: 976.1 | D10: 0 | E10: =IF(AND(ISNUMBER(C10),ISNUMBER(D10)), C10-D10, "") -> 976.1 | F10: =IFERROR(E10/D10, "") | G10: 1050 | H10: =IF(AND(ISNUMBER(C10),ISNUMBER(G10)), C10-G10, "") -> -73.9 | I10: =IFERROR(H10/G10, "") -> -0.070380952
A11: Dry Creek | B11: CO | C11: 1116.8 | D11: 0 | E11: =IF(AND(ISNUMBER(C11),ISNUMBER(D11)), C11-D11, "") -> 1116.8 | F11: =IFERROR(E11/D11, "") | G11: 1261 | H11: =IF(AND(ISNUMBER(C11),ISNUMBER(G11)), C11-G11, "") -> -144.2 | I11: =IFERROR(H11/G11, "") -> -0.11435369
A12: Highlands Ranch S. | B12: CO | C12: 875.3 | D12: 0 | E12: =IF(AND(ISNUMBER(C12),ISNUMBER(D12)), C12-D12, "") -> 875.3 | F12: =IFERROR(E12/D12, "") | G12: 1109 | H12: =IF(AND(ISNUMBER(C12),ISNUMBER(G12)), C12-G12, "") -> -233.7 | I12: =IFERROR(H12/G12, "") -> -0.21073039 | J12: 1.Low generation due to weather/snow.
A13: Lone Tree | B13: CO | C13: 1474.8 | D13: 0 | E13: =IF(AND(ISNUMBER(C13),ISNUMBER(D13)), C13-D13, "") -> 1474.8 | F13: =IFERROR(E13/D13, "") | G13: 2554 | H13: =IF(AND(ISNUMBER(C13),ISNUMBER(G13)), C13-G13, "") -> -1079.2 | I13: =IFERROR(H13/G13, "") -> -0.42255286 | J13: 1.Low generation due to weather/snow.
A14: Meridian | B14: CO | C14: 1503.6 | D14: 0 | E14: =IF(AND(ISNUMBER(C14),ISNUMBER(D14)), C14-D14, "") -> 1503.6 | F14: =IFERROR(E14/D14, "") | G14: 1505 | H14: =IF(AND(ISNUMBER(C14),ISNUMBER(G14)), C14-G14, "") -> -1.4 | I14: =IFERROR(H14/G14, "") -> -0.00093023256
A15: Southglenn | B15: CO | C15: 1413.4 | D15: 0 | E15: =IF(AND(ISNUMBER(C15),ISNUMBER(D15)), C15-D15, "") -> 1413.4 | F15: =IFERROR(E15/D15, "") | H15: =IF(AND(ISNUMBER(C15),ISNUMBER(G15)), C15-G15, "") | I15: =IFERROR(H15/G15, "")
A16: Standley Lake | B16: CO | C16: 1429.4 | D16: 0 | E16: =IF(AND(ISNUMBER(C16),ISNUMBER(D16)), C16-D16, "") -> 1429.4 | F16: =IFERROR(E16/D16, "") | G16: 2142 | H16: =IF(AND(ISNUMBER(C16),ISNUMBER(G16)), C16-G16, "") -> -712.6 | I16: =IFERROR(H16/G16, "") -> -0.33267974 | J16: 1.Low generation due to weather/snow.
A17: Havana Gardens | B17: CO | C17: 1605.7 | D17: 0 | E17: =IF(AND(ISNUMBER(C17),ISNUMBER(D17)), C17-D17, "") -> 1605.7 | F17: =IFERROR(E17/D17, "") | G17: 839 | H17: =IF(AND(ISNUMBER(C17),ISNUMBER(G17)), C17-G17, "") -> 766.7 | I17: =IFERROR(H17/G17, "") -> 0.91382598
A18: East Hartford | B18: CT | C18: 207.4 | D18: 701.6656 | E18: =IF(AND(ISNUMBER(C18),ISNUMBER(D18)), C18-D18, "") -> -494.2656 | F18: =IFERROR(E18/D18, "") -> -0.7044176 | G18: 271.0787 | H18: =IF(AND(ISNUMBER(C18),ISNUMBER(G18)), C18-G18, "") -> -63.6787 | I18: =IFERROR(H18/G18, "") -> -0.23490853 | J18: 1.Low generation due to weather/snow.
A19: Norwalk | B19: CT | C19: -47.866832 | D19: 1301.297 | E19: =IF(AND(ISNUMBER(C19),ISNUMBER(D19)), C19-D19, "") -> -1349.1638 | F19: =IFERROR(E19/D19, "") -> -1.0367839 | G19: 380.0995 | H19: =IF(AND(ISNUMBER(C19),ISNUMBER(G19)), C19-G19, "") -> -427.96633 | I19: =IFERROR(H19/G19, "") -> -1.1259324 | J19: 1.Weather station reporting erroneous values from 07/04/2024. Will investigate next time onsite. 2.The meter's Phase C current/power factor was experiencing intermittent glitches, which are affecting the reported energy production, but there was no impact on actual production. Will investigate next time onsite. | K19: 1.SR088667 2.SR077700 | L19: SR077700
A20: Hialeah Gardens | B20: FL | C20: 2375.3065 | D20: 2836.864 | E20: =IF(AND(ISNUMBER(C20),ISNUMBER(D20)), C20-D20, "") -> -461.55753 | F20: =IFERROR(E20/D20, "") -> -0.16269991 | G20: 3416 | H20: =IF(AND(ISNUMBER(C20),ISNUMBER(G20)), C20-G20, "") -> -1040.6935 | I20: =IFERROR(H20/G20, "") -> -0.30465267 | J20: 1.Low generation due to weather/snow.
A21: W. Des Moines Campus EAST | B21: IA | C21: 118781 | D21: 137811.7 | E21: =IF(AND(ISNUMBER(C21),ISNUMBER(D21)), C21-D21, "") -> -19030.7 | F21: =IFERROR(E21/D21, "") -> -0.13809205 | G21: 103900 | H21: =IF(AND(ISNUMBER(C21),ISNUMBER(G21)), C21-G21, "") -> 14881 | I21: =IFERROR(H21/G21, "") -> 0.14322425
A22: W. Des Moines Campus SW | B22: IA | C22: 62762.75 | D22: 76926.26 | E22: =IF(AND(ISNUMBER(C22),ISNUMBER(D22)), C22-D22, "") -> -14163.51 | F22: =IFERROR(E22/D22, "") -> -0.18411801 | G22: 54917.89 | H22: =IF(AND(ISNUMBER(C22),ISNUMBER(G22)), C22-G22, "") -> 7844.86 | I22: =IFERROR(H22/G22, "") -> 0.14284708 | J22: 1.Low generation due to weather/snow.
A23: WF - CIC | B23: NC | C23: 116508 | D23: 113752.8 | E23: =IF(AND(ISNUMBER(C23),ISNUMBER(D23)), C23-D23, "") -> 2755.2 | F23: =IFERROR(E23/D23, "") -> 0.024220942 | G23: 106712 | H23: =IF(AND(ISNUMBER(C23),ISNUMBER(G23)), C23-G23, "") -> 9796 | I23: =IFERROR(H23/G23, "") -> 0.091798486
A24: Charlotte - Wells Fargo - DUC | B24: NC | C24: 110087 | D24: 128961.2 | E24: =IF(AND(ISNUMBER(C24),ISNUMBER(D24)), C24-D24, "") -> -18874.2 | F24: =IFERROR(E24/D24, "") -> -0.14635565 | G24: 129978 | H24: =IF(AND(ISNUMBER(C24),ISNUMBER(G24)), C24-G24, "") -> -19891 | I24: =IFERROR(H24/G24, "") -> -0.15303359 | J24: 1.Low generation due to weather/snow.
A25: East Windsor | B25: NJ | C25: 394.6 | D25: 635.3872 | E25: =IF(AND(ISNUMBER(C25),ISNUMBER(D25)), C25-D25, "") -> -240.7872 | F25: =IFERROR(E25/D25, "") -> -0.37896136 | G25: 406.457 | H25: =IF(AND(ISNUMBER(C25),ISNUMBER(G25)), C25-G25, "") -> -11.857 | I25: =IFERROR(H25/G25, "") -> -0.029171597 | J25: 1.Low generation due to weather/snow.
A26: Burlington | B26: NJ | C26: 1271.3 | D26: 1261 | E26: =IF(AND(ISNUMBER(C26),ISNUMBER(D26)), C26-D26, "") -> 10.3 | F26: =IFERROR(E26/D26, "") -> 0.0081681205 | G26: 1086.787 | H26: =IF(AND(ISNUMBER(C26),ISNUMBER(G26)), C26-G26, "") -> 184.513 | I26: =IFERROR(H26/G26, "") -> 0.16977844
A27: Bayonne | B27: NJ | C27: 1508.7 | D27: 1667.269 | E27: =IF(AND(ISNUMBER(C27),ISNUMBER(D27)), C27-D27, "") -> -158.569 | F27: =IFERROR(E27/D27, "") -> -0.095107028 | G27: 2001.37 | H27: =IF(AND(ISNUMBER(C27),ISNUMBER(G27)), C27-G27, "") -> -492.67 | I27: =IFERROR(H27/G27, "") -> -0.24616638 | J27: 1.Low generation due to weather/snow.
A28: Clifton | B28: NJ | C28: 1389.4922 | D28: 2166.088 | E28: =IF(AND(ISNUMBER(C28),ISNUMBER(D28)), C28-D28, "") -> -776.59581 | F28: =IFERROR(E28/D28, "") -> -0.35852459 | G28: 2509.623 | H28: =IF(AND(ISNUMBER(C28),ISNUMBER(G28)), C28-G28, "") -> -1120.1308 | I28: =IFERROR(H28/G28, "") -> -0.4463343 | J28: 1.Low generation due to weather/snow.
A29: North Elizabeth | B29: NJ | C29: 1257.8 | D29: 1301.25 | E29: =IF(AND(ISNUMBER(C29),ISNUMBER(D29)), C29-D29, "") -> -43.45 | F29: =IFERROR(E29/D29, "") -> -0.03339097 | G29: 1349.336 | H29: =IF(AND(ISNUMBER(C29),ISNUMBER(G29)), C29-G29, "") -> -91.536 | I29: =IFERROR(H29/G29, "") -> -0.067837811 | J29: 1. Low generation due to weather/snow.
A30: Haddon Westmont Plaza | B30: NJ | C30: 744.8 | D30: 1160.956 | E30: =IF(AND(ISNUMBER(C30),ISNUMBER(D30)), C30-D30, "") -> -416.156 | F30: =IFERROR(E30/D30, "") -> -0.35845975 | G30: 961.447 | H30: =IF(AND(ISNUMBER(C30),ISNUMBER(G30)), C30-G30, "") -> -216.647 | I30: =IFERROR(H30/G30, "") -> -0.22533431 | J30: 1.Low generation due to weather/snow.
A31: Parsippany | B31: NJ | C31: 1080 | D31: 2126.363 | E31: =IF(AND(ISNUMBER(C31),ISNUMBER(D31)), C31-D31, "") -> -1046.363 | F31: =IFERROR(E31/D31, "") -> -0.49209049 | G31: 1075.335 | H31: =IF(AND(ISNUMBER(C31),ISNUMBER(G31)), C31-G31, "") -> 4.665 | I31: =IFERROR(H31/G31, "") -> 0.004338183 | J31: 1.Low generation due to weather/snow.
A32: Clark | B32: NJ | C32: 904.5 | D32: 1197.726 | E32: =IF(AND(ISNUMBER(C32),ISNUMBER(D32)), C32-D32, "") -> -293.226 | F32: =IFERROR(E32/D32, "") -> -0.24481893 | G32: 915.5334 | H32: =IF(AND(ISNUMBER(C32),ISNUMBER(G32)), C32-G32, "") -> -11.0334 | I32: =IFERROR(H32/G32, "") -> -0.012051335 | J32: 1.Low generation due to weather/snow.
A33: Closter | B33: NJ | C33: 183.5 | D33: 273.6331 | E33: =IF(AND(ISNUMBER(C33),ISNUMBER(D33)), C33-D33, "") -> -90.1331 | F33: =IFERROR(E33/D33, "") -> -0.329394 | G33: 462.303 | H33: =IF(AND(ISNUMBER(C33),ISNUMBER(G33)), C33-G33, "") -> -278.803 | I33: =IFERROR(H33/G33, "") -> -0.60307417 | J33: 1.Low generation due to weather/snow.
A34: Holmdel | B34: NJ | C34: 761.3 | D34: 3879.251 | E34: =IF(AND(ISNUMBER(C34),ISNUMBER(D34)), C34-D34, "") -> -3117.951 | F34: =IFERROR(E34/D34, "") -> -0.80375078 | G34: 803.5939 | H34: =IF(AND(ISNUMBER(C34),ISNUMBER(G34)), C34-G34, "") -> -42.2939 | I34: =IFERROR(H34/G34, "") -> -0.052630937 | J34: 1.Low generation due to weather/snow.
A35: Ellisburg Circle Center | B35: NJ | C35: 357.1 | D35: 561.869 | E35: =IF(AND(ISNUMBER(C35),ISNUMBER(D35)), C35-D35, "") -> -204.769 | F35: =IFERROR(E35/D35, "") -> -0.3644426 | G35: 450.7773 | H35: =IF(AND(ISNUMBER(C35),ISNUMBER(G35)), C35-G35, "") -> -93.6773 | I35: =IFERROR(H35/G35, "") -> -0.20781282 | J35: 1.Low generation due to weather/snow.
A36: Nutley | B36: NJ | C36: 1173.7 | D36: 1685.373 | E36: =IF(AND(ISNUMBER(C36),ISNUMBER(D36)), C36-D36, "") -> -511.673 | F36: =IFERROR(E36/D36, "") -> -0.3035963 | G36: 1646.605 | H36: =IF(AND(ISNUMBER(C36),ISNUMBER(G36)), C36-G36, "") -> -472.905 | I36: =IFERROR(H36/G36, "") -> -0.28720003 | J36: 1.Low generation due to weather/snow.
A37: Marlton | B37: NJ | C37: 1398.6 | D37: 1470.661 | E37: =IF(AND(ISNUMBER(C37),ISNUMBER(D37)), C37-D37, "") -> -72.061 | F37: =IFERROR(E37/D37, "") -> -0.048999056 | G37: 1600.195 | H37: =IF(AND(ISNUMBER(C37),ISNUMBER(G37)), C37-G37, "") -> -201.595 | I37: =IFERROR(H37/G37, "") -> -0.12598152
A38: Middletown | B38: NJ | C38: 1802.6 | D38: 1488.243 | E38: =IF(AND(ISNUMBER(C38),ISNUMBER(D38)), C38-D38, "") -> 314.357 | F38: =IFERROR(E38/D38, "") -> 0.21122693 | G38: 1620.887 | H38: =IF(AND(ISNUMBER(C38),ISNUMBER(G38)), C38-G38, "") -> 181.713 | I38: =IFERROR(H38/G38, "") -> 0.11210714
A39: Whiting Crestwood | B39: NJ | C39: 2646.9 | D39: 2942.696 | E39: =IF(AND(ISNUMBER(C39),ISNUMBER(D39)), C39-D39, "") -> -295.796 | F39: =IFERROR(E39/D39, "") -> -0.10051871 | G39: 2442.152 | H39: =IF(AND(ISNUMBER(C39),ISNUMBER(G39)), C39-G39, "") -> 204.748 | I39: =IFERROR(H39/G39, "") -> 0.083839171
A40: Barnegat | B40: NJ | C40: 2473.5 | D40: 2067.944 | E40: =IF(AND(ISNUMBER(C40),ISNUMBER(D40)), C40-D40, "") -> 405.556 | F40: =IFERROR(E40/D40, "") -> 0.19611556 | G40: 2007.527 | H40: =IF(AND(ISNUMBER(C40),ISNUMBER(G40)), C40-G40, "") -> 465.973 | I40: =IFERROR(H40/G40, "") -> 0.23211294
A41: Manchester | B41: NJ | C41: 1525.8 | D41: 1804.835 | E41: =IF(AND(ISNUMBER(C41),ISNUMBER(D41)), C41-D41, "") -> -279.035 | F41: =IFERROR(E41/D41, "") -> -0.15460416 | G41: 2136.185 | H41: =IF(AND(ISNUMBER(C41),ISNUMBER(G41)), C41-G41, "") -> -610.385 | I41: =IFERROR(H41/G41, "") -> -0.28573602 | J41: 1.Low generation due to weather/snow.
A42: West Deptford - Woodbury | B42: NJ | C42: 2282.3 | D42: 2179.223 | E42: =IF(AND(ISNUMBER(C42),ISNUMBER(D42)), C42-D42, "") -> 103.077 | F42: =IFERROR(E42/D42, "") -> 0.047299886 | G42: 1943.466 | H42: =IF(AND(ISNUMBER(C42),ISNUMBER(G42)), C42-G42, "") -> 338.834 | I42: =IFERROR(H42/G42, "") -> 0.17434522
A43: Edison | B43: NJ | C43: 1779.2 | D43: 1552.424 | E43: =IF(AND(ISNUMBER(C43),ISNUMBER(D43)), C43-D43, "") -> 226.776 | F43: =IFERROR(E43/D43, "") -> 0.14607865 | G43: 1463.914 | H43: =IF(AND(ISNUMBER(C43),ISNUMBER(G43)), C43-G43, "") -> 315.286 | I43: =IFERROR(H43/G43, "") -> 0.21537194
A44: Flemington | B44: NJ | C44: 1188.6 | D44: 1601.248 | E44: =IF(AND(ISNUMBER(C44),ISNUMBER(D44)), C44-D44, "") -> -412.648 | F44: =IFERROR(E44/D44, "") -> -0.25770399 | G44: 1235.328 | H44: =IF(AND(ISNUMBER(C44),ISNUMBER(G44)), C44-G44, "") -> -46.728 | I44: =IFERROR(H44/G44, "") -> -0.037826391 | J44: 1.Low generation due to weather/snow.
A45: Route 22 | B45: NJ | C45: 1569 | D45: 1449.958 | E45: =IF(AND(ISNUMBER(C45),ISNUMBER(D45)), C45-D45, "") -> 119.042 | F45: =IFERROR(E45/D45, "") -> 0.082100309 | G45: 1384.807 | H45: =IF(AND(ISNUMBER(C45),ISNUMBER(G45)), C45-G45, "") -> 184.193 | I45: =IFERROR(H45/G45, "") -> 0.13300987
A46: Laurelton | B46: NJ | C46: 830.9 | D46: 1039.606 | E46: =IF(AND(ISNUMBER(C46),ISNUMBER(D46)), C46-D46, "") -> -208.706 | F46: =IFERROR(E46/D46, "") -> -0.2007549 | G46: 1167.772 | H46: =IF(AND(ISNUMBER(C46),ISNUMBER(G46)), C46-G46, "") -> -336.872 | I46: =IFERROR(H46/G46, "") -> -0.28847412 | J46: 1.Low generation due to weather/snow.
A47: Mahwah | B47: NJ | C47: 807.3 | D47: 1393.127 | E47: =IF(AND(ISNUMBER(C47),ISNUMBER(D47)), C47-D47, "") -> -585.827 | F47: =IFERROR(E47/D47, "") -> -0.42051227 | G47: 1017.264 | H47: =IF(AND(ISNUMBER(C47),ISNUMBER(G47)), C47-G47, "") -> -209.964 | I47: =IFERROR(H47/G47, "") -> -0.2064007 | J47: 1.Low generation due to weather/snow.
A48: Franklin Township WF | B48: NJ | C48: 1186.5 | D48: 1355.258 | E48: =IF(AND(ISNUMBER(C48),ISNUMBER(D48)), C48-D48, "") -> -168.758 | F48: =IFERROR(E48/D48, "") -> -0.12452094 | G48: 1713.133 | H48: =IF(AND(ISNUMBER(C48),ISNUMBER(G48)), C48-G48, "") -> -526.633 | I48: =IFERROR(H48/G48, "") -> -0.30740929 | J48: 1.Low generation due to weather/snow.
A49: Bordentown | B49: NJ | C49: 1339.4 | D49: 1122.487 | E49: =IF(AND(ISNUMBER(C49),ISNUMBER(D49)), C49-D49, "") -> 216.913 | F49: =IFERROR(E49/D49, "") -> 0.19324322 | G49: 1121.857 | H49: =IF(AND(ISNUMBER(C49),ISNUMBER(G49)), C49-G49, "") -> 217.543 | I49: =IFERROR(H49/G49, "") -> 0.19391331
A50: South Plainfield | B50: NJ | C50: 770.7 | D50: 765.9506 | E50: =IF(AND(ISNUMBER(C50),ISNUMBER(D50)), C50-D50, "") -> 4.7494 | F50: =IFERROR(E50/D50, "") -> 0.006200661 | G50: 743.5657 | H50: =IF(AND(ISNUMBER(C50),ISNUMBER(G50)), C50-G50, "") -> 27.1343 | I50: =IFERROR(H50/G50, "") -> 0.036492135
A51: Somerset | B51: NJ | C51: 1156 | D51: 2084.38 | E51: =IF(AND(ISNUMBER(C51),ISNUMBER(D51)), C51-D51, "") -> -928.38 | F51: =IFERROR(E51/D51, "") -> -0.44539863 | G51: 1055.832 | H51: =IF(AND(ISNUMBER(C51),ISNUMBER(G51)), C51-G51, "") -> 100.168 | I51: =IFERROR(H51/G51, "") -> 0.094871154 | J51: 1.Low generation due to weather/snow.
A52: Clinton Main Relo | B52: NJ | C52: 988.29688 | D52: 1560.274 | E52: =IF(AND(ISNUMBER(C52),ISNUMBER(D52)), C52-D52, "") -> -571.97712 | F52: =IFERROR(E52/D52, "") -> -0.36658762 | G52: 1074.493 | H52: =IF(AND(ISNUMBER(C52),ISNUMBER(G52)), C52-G52, "") -> -86.196125 | I52: =IFERROR(H52/G52, "") -> -0.080220276 | J52: 1.Low generation due to weather/snow.
A53: North Brunswick | B53: NJ | C53: 1330.3 | D53: 1367.243 | E53: =IF(AND(ISNUMBER(C53),ISNUMBER(D53)), C53-D53, "") -> -36.943 | F53: =IFERROR(E53/D53, "") -> -0.027020069 | G53: 1384.19 | H53: =IF(AND(ISNUMBER(C53),ISNUMBER(G53)), C53-G53, "") -> -53.89 | I53: =IFERROR(H53/G53, "") -> -0.038932516 | J53: 1.Inverter 1’s String 4 RSD was being RMA’d from 12/12/24. Dispatch has been scheduled for February. | K53: 1.SR090252
A54: Cherry Hill | B54: NJ | C54: 952.55379 | D54: 1172.102 | E54: =IF(AND(ISNUMBER(C54),ISNUMBER(D54)), C54-D54, "") -> -219.54821 | F54: =IFERROR(E54/D54, "") -> -0.18731152 | G54: 909.5579 | H54: =IF(AND(ISNUMBER(C54),ISNUMBER(G54)), C54-G54, "") -> 42.995888 | I54: =IFERROR(H54/G54, "") -> 0.047271194 | J54: 1. Meter Phase B current intermittently underreporting, but inverter production remains unaffected. Reported energy loss may be retroactively corrected once the meter/CT issue is resolved | K54: 1.SR077660
A55: Hainesport | B55: NJ | C55: 1266 | D55: 1241.485 | E55: =IF(AND(ISNUMBER(C55),ISNUMBER(D55)), C55-D55, "") -> 24.515 | F55: =IFERROR(E55/D55, "") -> 0.019746513 | G55: 988.3679 | H55: =IF(AND(ISNUMBER(C55),ISNUMBER(G55)), C55-G55, "") -> 277.6321 | I55: =IFERROR(H55/G55, "") -> 0.28089955
A56: San Antonio - Ops Ctr (Bldg 106) | B56: TX | C56: 29278.75 | D56: 35496.12 | E56: =IF(AND(ISNUMBER(C56),ISNUMBER(D56)), C56-D56, "") -> -6217.37 | F56: =IFERROR(E56/D56, "") -> -0.17515633 | G56: 34683.09 | H56: =IF(AND(ISNUMBER(C56),ISNUMBER(G56)), C56-G56, "") -> -5404.34 | I56: =IFERROR(H56/G56, "") -> -0.1558206 | J56: 1. Underperformance due to morning hours shading
A57: San Antonio - Ops Ctr GM | B57: TX | C57: 242775.18 | D57: 278246.8 | E57: =IF(AND(ISNUMBER(C57),ISNUMBER(D57)), C57-D57, "") -> -35471.623 | F57: =IFERROR(E57/D57, "") -> -0.12748259 | G57: 286543 | H57: =IF(AND(ISNUMBER(C57),ISNUMBER(G57)), C57-G57, "") -> -43767.823 | I57: =IFERROR(H57/G57, "") -> -0.15274435 | J57: 1. Underperformance due to morning hours shading
A58: San Antonio - Ctr (Bldg 201) | B58: TX | C58: 30240.438 | D58: 35142.93 | E58: =IF(AND(ISNUMBER(C58),ISNUMBER(D58)), C58-D58, "") -> -4902.4925 | F58: =IFERROR(E58/D58, "") -> -0.13950153 | G58: 35425.63 | H58: =IF(AND(ISNUMBER(C58),ISNUMBER(G58)), C58-G58, "") -> -5185.1925 | I58: =IFERROR(H58/G58, "") -> -0.14636839 | J58: 1. Underperformance due to morning hours shading
A59: San Antonio - Ops Ctr (Bldg 203) | B59: TX | C59: 32107.562 | D59: 31334.81 | E59: =IF(AND(ISNUMBER(C59),ISNUMBER(D59)), C59-D59, "") -> 772.7525 | F59: =IFERROR(E59/D59, "") -> 0.024661152 | G59: 36478.64 | H59: =IF(AND(ISNUMBER(C59),ISNUMBER(G59)), C59-G59, "") -> -4371.0775 | I59: =IFERROR(H59/G59, "") -> -0.11982567 | J59: 1. Underperformance due to morning hours shading
A60: San Antonio - Ops Ctr (Bldg 205) | B60: TX | C60: 27955.012 | D60: 32091.94 | E60: =IF(AND(ISNUMBER(C60),ISNUMBER(D60)), C60-D60, "") -> -4136.9281 | F60: =IFERROR(E60/D60, "") -> -0.12890863 | G60: 32995.3 | H60: =IF(AND(ISNUMBER(C60),ISNUMBER(G60)), C60-G60, "") -> -5040.2881 | I60: =IFERROR(H60/G60, "") -> -0.15275776 | J60: 1. Underperformance due to morning hours shading
A61: San Antonio - Ops Ctr (Bldg 307) | B61: TX | C61: 29449.375 | D61: 34829.83 | E61: =IF(AND(ISNUMBER(C61),ISNUMBER(D61)), C61-D61, "") -> -5380.455 | F61: =IFERROR(E61/D61, "") -> -0.15447836 | G61: 34192.67 | H61: =IF(AND(ISNUMBER(C61),ISNUMBER(G61)), C61-G61, "") -> -4743.295 | I61: =IFERROR(H61/G61, "") -> -0.13872257 | J61: 1. Underperformance due to morning hours shading
A62: San Antonio - Ctr (Bldg 308) | B62: TX | C62: 30173.854 | D62: 34055.89 | E62: =IF(AND(ISNUMBER(C62),ISNUMBER(D62)), C62-D62, "") -> -3882.0355 | F62: =IFERROR(E62/D62, "") -> -0.11399014 | G62: 33832.77 | H62: =IF(AND(ISNUMBER(C62),ISNUMBER(G62)), C62-G62, "") -> -3658.9155 | I62: =IFERROR(H62/G62, "") -> -0.10814709 | J62: 1. Underperformance due to morning hours shading
A63: San Antonio - Ops Ctr (Bldg 104) | B63: TX | C63: 7770.2949 | D63: 10657.28 | E63: =IF(AND(ISNUMBER(C63),ISNUMBER(D63)), C63-D63, "") -> -2886.9851 | F63: =IFERROR(E63/D63, "") -> -0.27089324 | G63: 10100 | H63: =IF(AND(ISNUMBER(C63),ISNUMBER(G63)), C63-G63, "") -> -2329.7051 | I63: =IFERROR(H63/G63, "") -> -0.23066387 | J63: 1. Underperformance due to morning hours shading
A64: San Antonio - Ops Ctr (Bldg 102) | B64: TX | C64: 32748.658 | D64: 31328.42 | E64: =IF(AND(ISNUMBER(C64),ISNUMBER(D64)), C64-D64, "") -> 1420.238 | F64: =IFERROR(E64/D64, "") -> 0.045333852 | G64: 37503.59 | H64: =IF(AND(ISNUMBER(C64),ISNUMBER(G64)), C64-G64, "") -> -4754.932 | I64: =IFERROR(H64/G64, "") -> -0.12678605 | J64: 1. Underperformance due to morning hours shading
A65: Lodi - Lodi Vineyard | B65: CA | C65: 20951.219 | D65: 21734.83 | E65: =IF(AND(ISNUMBER(C65),ISNUMBER(D65)), C65-D65, "") -> -783.61125 | F65: =IFERROR(E65/D65, "") -> -0.03605325 | G65: 17814 | H65: =IF(AND(ISNUMBER(C65),ISNUMBER(G65)), C65-G65, "") -> 3137.2188 | I65: =IFERROR(H65/G65, "") -> 0.17610973
A66: Arden Fair Mall | B66: CA | C66: 10599.656 | D66: 12935.16 | E66: =IF(AND(ISNUMBER(C66),ISNUMBER(D66)), C66-D66, "") -> -2335.5037 | F66: =IFERROR(E66/D66, "") -> -0.18055469 | G66: 10608 | H66: =IF(AND(ISNUMBER(C66),ISNUMBER(G66)), C66-G66, "") -> -8.34375 | I66: =IFERROR(H66/G66, "") -> -0.0007865526
A67: Modesto - Modesto Main | B67: CA | C67: 7933.9531 | D67: 10825.7 | E67: =IF(AND(ISNUMBER(C67),ISNUMBER(D67)), C67-D67, "") -> -2891.7469 | F67: =IFERROR(E67/D67, "") -> -0.2671187 | G67: 10268.68 | H67: =IF(AND(ISNUMBER(C67),ISNUMBER(G67)), C67-G67, "") -> -2334.7269 | I67: =IFERROR(H67/G67, "") -> -0.22736387 | J67: 1. The Ambient Temperature sensor was not communicating | K67: 1.SR091735
A68: Stevens Creek | B68: CA | C68: 3096.2009 | D68: 2594.087 | E68: =IF(AND(ISNUMBER(C68),ISNUMBER(D68)), C68-D68, "") -> 502.11386 | F68: =IFERROR(E68/D68, "") -> 0.19356092 | G68: 2416 | H68: =IF(AND(ISNUMBER(C68),ISNUMBER(G68)), C68-G68, "") -> 680.20086 | I68: =IFERROR(H68/G68, "") -> 0.28154009
A69: Covina Main | B69: CA | C69: 2141.7 | D69: 1912.706 | E69: =IF(AND(ISNUMBER(C69),ISNUMBER(D69)), C69-D69, "") -> 228.994 | F69: =IFERROR(E69/D69, "") -> 0.11972253 | G69: 2134 | H69: =IF(AND(ISNUMBER(C69),ISNUMBER(G69)), C69-G69, "") -> 7.7 | I69: =IFERROR(H69/G69, "") -> 0.0036082474
A70: Old Ranch Town Center | B70: CA | C70: 642.6062 | D70: 0 | E70: =IF(AND(ISNUMBER(C70),ISNUMBER(D70)), C70-D70, "") -> 642.6062 | F70: =IFERROR(E70/D70, "") | G70: 910 | H70: =IF(AND(ISNUMBER(C70),ISNUMBER(G70)), C70-G70, "") -> -267.3938 | I70: =IFERROR(H70/G70, "") -> -0.29383934 | J70: 1.Low generation due to weather/snow.
A71: Mountain Gate Plaza | B71: CA | C71: 5252.3032 | D71: 0 | E71: =IF(AND(ISNUMBER(C71),ISNUMBER(D71)), C71-D71, "") -> 5252.3032 | F71: =IFERROR(E71/D71, "") | G71: 6591 | H71: =IF(AND(ISNUMBER(C71),ISNUMBER(G71)), C71-G71, "") -> -1338.6968 | I71: =IFERROR(H71/G71, "") -> -0.20310982 | J71: 1.Low generation due to weather/snow.
A72: Arcadia Main | B72: CA | C72: 1679.0975 | D72: 0 | E72: =IF(AND(ISNUMBER(C72),ISNUMBER(D72)), C72-D72, "") -> 1679.0975 | F72: =IFERROR(E72/D72, "") | G72: 3550 | H72: =IF(AND(ISNUMBER(C72),ISNUMBER(G72)), C72-G72, "") -> -1870.9025 | I72: =IFERROR(H72/G72, "") -> -0.52701478 | J72: 1.Site stopped communicating from 01/28, communication card was need to be replaced and dispatch was scheduled for February. | K72: 1.SR096085
A73: Fairfield | B73: CA | C73: 2185.723 | D73: 2398.052 | E73: =IF(AND(ISNUMBER(C73),ISNUMBER(D73)), C73-D73, "") -> -212.32897 | F73: =IFERROR(E73/D73, "") -> -0.088542272 | G73: 2037 | H73: =IF(AND(ISNUMBER(C73),ISNUMBER(G73)), C73-G73, "") -> 148.72303 | I73: =IFERROR(H73/G73, "") -> 0.073010814
A74: Los Gatos | B74: CA | C74: 1247.8238 | D74: 1112.865 | E74: =IF(AND(ISNUMBER(C74),ISNUMBER(D74)), C74-D74, "") -> 134.95884 | F74: =IFERROR(E74/D74, "") -> 0.12127153 | G74: 0 | H74: =IF(AND(ISNUMBER(C74),ISNUMBER(G74)), C74-G74, "") -> 1247.8238 | I74: =IFERROR(H74/G74, "")
A75: San Marino | B75: CA | C75: 2293.8 | D75: 2367.908 | E75: =IF(AND(ISNUMBER(C75),ISNUMBER(D75)), C75-D75, "") -> -74.108 | F75: =IFERROR(E75/D75, "") -> -0.031296824 | G75: 2895.003 | H75: =IF(AND(ISNUMBER(C75),ISNUMBER(G75)), C75-G75, "") -> -601.203 | I75: =IFERROR(H75/G75, "") -> -0.20766921 | J75: 1.Low generation due to weather/snow.
A76: Buenaventura | B76: CA | C76: 3155.5898 | D76: 2389.828 | E76: =IF(AND(ISNUMBER(C76),ISNUMBER(D76)), C76-D76, "") -> 765.76184 | F76: =IFERROR(E76/D76, "") -> 0.3204255 | G76: 3932.196 | H76: =IF(AND(ISNUMBER(C76),ISNUMBER(G76)), C76-G76, "") -> -776.60616 | I76: =IFERROR(H76/G76, "") -> -0.19749935 | J76: 1.Low generation due to weather/snow.
A77: N Black Canyon Hwy, Phoenix - North | B77: AZ | C77: 61065.25 | D77: 57626.77 | E77: =IF(AND(ISNUMBER(C77),ISNUMBER(D77)), C77-D77, "") -> 3438.48 | F77: =IFERROR(E77/D77, "") -> 0.059668102 | G77: 57066 | H77: =IF(AND(ISNUMBER(C77),ISNUMBER(G77)), C77-G77, "") -> 3999.25 | I77: =IFERROR(H77/G77, "") -> 0.070081134
A78: N Black Canyon Hwy, Phoenix - South | B78: AZ | C78: 65447.125 | D78: 63092.13 | E78: =IF(AND(ISNUMBER(C78),ISNUMBER(D78)), C78-D78, "") -> 2354.995 | F78: =IFERROR(E78/D78, "") -> 0.037326288 | G78: 63382 | H78: =IF(AND(ISNUMBER(C78),ISNUMBER(G78)), C78-G78, "") -> 2065.125 | I78: =IFERROR(H78/G78, "") -> 0.0325822
A79: Building 2222, Rose Garden Ln, Phoenix | B79: AZ | C79: 38004.868 | D79: 39144.57 | E79: =IF(AND(ISNUMBER(C79),ISNUMBER(D79)), C79-D79, "") -> -1139.7017 | F79: =IFERROR(E79/D79, "") -> -0.029115192 | G79: 65567 | H79: =IF(AND(ISNUMBER(C79),ISNUMBER(G79)), C79-G79, "") -> -27562.132 | I79: =IFERROR(H79/G79, "") -> -0.42036591 | J79: 1.The site went offline at 07:45 MST on 12/16/24. The technician arrived and found the SES-A breaker switch tripped . After re-energizing the system, the site was back online at 10:30 MST on 01/14/25. | K79: 1.SR094853
A80: Building 2202, Rose Garden Ln, Phoenix | B80: AZ | C80: 62409.375 | D80: 32577.96 | E80: =IF(AND(ISNUMBER(C80),ISNUMBER(D80)), C80-D80, "") -> 29831.415 | F80: =IFERROR(E80/D80, "") -> 0.91569316 | G80: 50223.48 | H80: =IF(AND(ISNUMBER(C80),ISNUMBER(G80)), C80-G80, "") -> 12185.895 | I80: =IFERROR(H80/G80, "") -> 0.24263343 | J80: 1. The Virtual weather station resumed communication on 01/14.
A81: 99TH Ave & BELL | B81: AZ | C81: 10491.898 | D81: 8207.908 | E81: =IF(AND(ISNUMBER(C81),ISNUMBER(D81)), C81-D81, "") -> 2283.9895 | F81: =IFERROR(E81/D81, "") -> 0.27826695 | G81: 13506 | H81: =IF(AND(ISNUMBER(C81),ISNUMBER(G81)), C81-G81, "") -> -3014.1025 | I81: =IFERROR(H81/G81, "") -> -0.22316766 | J81: 1.Low generation due to weather/snow.
A82: Rincon | B82: AZ | C82: 5659.8906 | D82: 4142.009 | E82: =IF(AND(ISNUMBER(C82),ISNUMBER(D82)), C82-D82, "") -> 1517.8816 | F82: =IFERROR(E82/D82, "") -> 0.36646024 | G82: 4593 | H82: =IF(AND(ISNUMBER(C82),ISNUMBER(G82)), C82-G82, "") -> 1066.8906 | I82: =IFERROR(H82/G82, "") -> 0.23228622
A83: Tucson Main Parking Garage | B83: AZ | C83: 7710.8025 | D83: 9304.962 | E83: =IF(AND(ISNUMBER(C83),ISNUMBER(D83)), C83-D83, "") -> -1594.1595 | F83: =IFERROR(E83/D83, "") -> -0.17132359 | G83: 8400 | H83: =IF(AND(ISNUMBER(C83),ISNUMBER(G83)), C83-G83, "") -> -689.19752 | I83: =IFERROR(H83/G83, "") -> -0.082047324 | J83: 1.Low generation due to weather/snow.
A84: BE 199502 - Westgate | B84: CA

Sheet Feb
A1: {=portfolio} -> Wells Fargo | D1: February Actual v. Expected | G1: February Actual v. Forecasted
A2: Total | C2: =SUM(C4:C97) -> 1283462.5 | D2: =SUM(D4:D97) -> 1301887.9 | E2: =C2-D2 -> -18425.44 | F2: =IFERROR(E2/D2, 0) -> -0.014152862 | G2: =SUM(G4:G97) -> 1468472.4 | H2: =C2-G2 -> -185009.98 | I2: =IFERROR(H2/G2, 0) -> -0.12598805 | J2: Some sites are missing actual data; if new sites were added, make sure they are aligned correctly (including prior months!)
A3: Site | B3: State | C3: Actual | D3: Expected | E3: Delta | F3: % | G3: Forecasted | H3: Delta | I3: % | J3: Notes | K3: Service Requests
A4: {=Sites[Site]} -> Adams & Broadway | B4: {=Sites[State]} -> CA | C4: 715.3 | D4: 0 | E4: =IF(AND(ISNUMBER(C4),ISNUMBER(D4)), C4-D4, "") -> 715.3 | F4: =IFERROR(E4/D4, "") | G4: 734 | H4: =IF(AND(ISNUMBER(C4),ISNUMBER(G4)), C4-G4, "") -> -18.7 | I4: =IFERROR(H4/G4, "") -> -0.025476839
A5: Otay Mesa | B5: CA | C5: 35.7 | D5: 0 | E5: =IF(AND(ISNUMBER(C5),ISNUMBER(D5)), C5-D5, "") -> 35.7 | F5: =IFERROR(E5/D5, "") | G5: 0 | H5: =IF(AND(ISNUMBER(C5),ISNUMBER(G5)), C5-G5, "") -> 35.7 | I5: =IFERROR(H5/G5, "") | J5: 1. Production data taken from consumption meter.
A6: San Leandro | B6: CA | C6: 23817.5 | D6: 28486.74 | E6: =IF(AND(ISNUMBER(C6),ISNUMBER(D6)), C6-D6, "") -> -4669.24 | F6: =IFERROR(E6/D6, "") -> -0.16390924 | G6: 25171.85 | H6: =IF(AND(ISNUMBER(C6),ISNUMBER(G6)), C6-G6, "") -> -1354.35 | I6: =IFERROR(H6/G6, "") -> -0.05380415 | J6: 1.Inverter 4 is underperforming by 7KW from 06/13/24 due to 2 non-operational strings. Inverter 2 underperforming by 3kW since 05/10/24 due to a string down and after technician replaced blown fuse on 02/20/25 inverter is producing in line with peers. Inverter 7 underperforming by 3kW since 09/09/24 due to a string down and after technician replaced blown fuse on 02/20/25 inverter is producing in line with peers. Inverter 5 underperforming by 4kW since 02/08/2 due to a string down. 2. Inverter 3 has a history of wire box damage, necessitating a complete inverter and wire box upgrade. The current wire box string fuse configuration was not acceptable. As a result, Inverter 3 has been undergoing the RMA process since 07/26/24. After the technician installed a new wire box, an arc fault was detected due to a damaged negative home run, which needs to be replaced. 3. SIte stopped communicating at 17:00 on 02/14 and regained communication at 8AM on 02/16 energy was not backfilled. | K6: 1.SR091496 2.SR088261, SR097801 3.SR097144 | L6: SR088261 | M6: SR097801 | N6: SR097144
A7: Van Nuys | B7: CA | C7: 1286.2 | D7: 0 | E7: =IF(AND(ISNUMBER(C7),ISNUMBER(D7)), C7-D7, "") -> 1286.2 | F7: =IFERROR(E7/D7, "") | G7: 1479.198 | H7: =IF(AND(ISNUMBER(C7),ISNUMBER(G7)), C7-G7, "") -> -192.998 | I7: =IFERROR(H7/G7, "") -> -0.13047476 | J7: 1. Low generation due to weather/snow.
A8: 98th & Grant | B8: CO | C8: 685.8 | D8: 0 | E8: =IF(AND(ISNUMBER(C8),ISNUMBER(D8)), C8-D8, "") -> 685.8 | F8: =IFERROR(E8/D8, "") | G8: 1280 | H8: =IF(AND(ISNUMBER(C8),ISNUMBER(G8)), C8-G8, "") -> -594.2 | I8: =IFERROR(H8/G8, "") -> -0.46421875 | J8: 1. Low generation due to weather/snow.
A9: Arapahoe Crossings | B9: CO | C9: 2273.604 | D9: 0 | E9: =IF(AND(ISNUMBER(C9),ISNUMBER(D9)), C9-D9, "") -> 2273.604 | F9: =IFERROR(E9/D9, "") | G9: 2351.179 | H9: =IF(AND(ISNUMBER(C9),ISNUMBER(G9)), C9-G9, "") -> -77.574992 | I9: =IFERROR(H9/G9, "") -> -0.032994082
A10: Aurora City Center | B10: CO | C10: 1251.8 | D10: 0 | E10: =IF(AND(ISNUMBER(C10),ISNUMBER(D10)), C10-D10, "") -> 1251.8 | F10: =IFERROR(E10/D10, "") | G10: 1140 | H10: =IF(AND(ISNUMBER(C10),ISNUMBER(G10)), C10-G10, "") -> 111.8 | I10: =IFERROR(H10/G10, "") -> 0.098070175
A11: Dry Creek | B11: CO | C11: 1268.3 | D11: 0 | E11: =IF(AND(ISNUMBER(C11),ISNUMBER(D11)), C11-D11, "") -> 1268.3 | F11: =IFERROR(E11/D11, "") | G11: 1386 | H11: =IF(AND(ISNUMBER(C11),ISNUMBER(G11)), C11-G11, "") -> -117.7 | I11: =IFERROR(H11/G11, "") -> -0.084920635
A12: Highlands Ranch S. | B12: CO | C12: 1187.6 | D12: 0 | E12: =IF(AND(ISNUMBER(C12),ISNUMBER(D12)), C12-D12, "") -> 1187.6 | F12: =IFERROR(E12/D12, "") | G12: 1265 | H12: =IF(AND(ISNUMBER(C12),ISNUMBER(G12)), C12-G12, "") -> -77.4 | I12: =IFERROR(H12/G12, "") -> -0.061185771
A13: Lone Tree | B13: CO | C13: 1907.1 | D13: 0 | E13: =IF(AND(ISNUMBER(C13),ISNUMBER(D13)), C13-D13, "") -> 1907.1 | F13: =IFERROR(E13/D13, "") | G13: 2891 | H13: =IF(AND(ISNUMBER(C13),ISNUMBER(G13)), C13-G13, "") -> -983.9 | I13: =IFERROR(H13/G13, "") -> -0.34033207 | J13: 1. Low generation due to weather/snow.
A14: Meridian | B14: CO | C14: 2004.1 | D14: 0 | E14: =IF(AND(ISNUMBER(C14),ISNUMBER(D14)), C14-D14, "") -> 2004.1 | F14: =IFERROR(E14/D14, "") | G14: 1699 | H14: =IF(AND(ISNUMBER(C14),ISNUMBER(G14)), C14-G14, "") -> 305.1 | I14: =IFERROR(H14/G14, "") -> 0.17957622
A15: Southglenn | B15: CO | C15: 1877.4 | D15: 0 | E15: =IF(AND(ISNUMBER(C15),ISNUMBER(D15)), C15-D15, "") -> 1877.4 | F15: =IFERROR(E15/D15, "") | H15: =IF(AND(ISNUMBER(C15),ISNUMBER(G15)), C15-G15, "") | I15: =IFERROR(H15/G15, "")
A16: Standley Lake | B16: CO | C16: 1987 | D16: 0 | E16: =IF(AND(ISNUMBER(C16),ISNUMBER(D16)), C16-D16, "") -> 1987 | F16: =IFERROR(E16/D16, "") | G16: 2371 | H16: =IF(AND(ISNUMBER(C16),ISNUMBER(G16)), C16-G16, "") -> -384 | I16: =IFERROR(H16/G16, "") -> -0.16195698 | J16: 1. Low generation due to weather/snow.
A17: Havana Gardens | B17: CO | C17: 2177 | D17: 0 | E17: =IF(AND(ISNUMBER(C17),ISNUMBER(D17)), C17-D17, "") -> 2177 | F17: =IFERROR(E17/D17, "") | G17: 926 | H17: =IF(AND(ISNUMBER(C17),ISNUMBER(G17)), C17-G17, "") -> 1251 | I17: =IFERROR(H17/G17, "") -> 1.3509719 | J17: 1. Low generation due to weather/snow.
A18: East Hartford | B18: CT | C18: 203.1 | D18: 980.1935 | E18: =IF(AND(ISNUMBER(C18),ISNUMBER(D18)), C18-D18, "") -> -777.0935 | F18: =IFERROR(E18/D18, "") -> -0.79279601 | G18: 429.0254 | H18: =IF(AND(ISNUMBER(C18),ISNUMBER(G18)), C18-G18, "") -> -225.9254 | I18: =IFERROR(H18/G18, "") -> -0.52660146 | J18: 1. Low generation due to weather/snow.
A19: Norwalk | B19: CT | C19: 219.84971 | D19: 426.5024 | E19: =IF(AND(ISNUMBER(C19),ISNUMBER(D19)), C19-D19, "") -> -206.65269 | F19: =IFERROR(E19/D19, "") -> -0.48452879 | G19: 487.9305 | H19: =IF(AND(ISNUMBER(C19),ISNUMBER(G19)), C19-G19, "") -> -268.08079 | I19: =IFERROR(H19/G19, "") -> -0.54942414 | J19: 1.Weather station reporting erroneous values from 07/04/2024. Will investigate next time onsite. 2.The meter's Phase C current/power factor was experiencing intermittent glitches, which are affecting the reported energy production, but there was no impact on actual production. Will investigate next time onsite. | K19: 1.SR088667 2.SR077700 | L19: SR077700
A20: Hialeah Gardens | B20: FL | C20: 2564.7028 | D20: 3093.609 | E20: =IF(AND(ISNUMBER(C20),ISNUMBER(D20)), C20-D20, "") -> -528.90617 | F20: =IFERROR(E20/D20, "") -> -0.17096736 | G20: 3739 | H20: =IF(AND(ISNUMBER(C20),ISNUMBER(G20)), C20-G20, "") -> -1174.2972 | I20: =IFERROR(H20/G20, "") -> -0.31406718 | J20: 1. Low generation due to weather/snow.
A21: W. Des Moines Campus EAST | B21: IA | C21: 116148 | D21: 129057.3 | E21: =IF(AND(ISNUMBER(C21),ISNUMBER(D21)), C21-D21, "") -> -12909.3 | F21: =IFERROR(E21/D21, "") -> -0.10002766 | G21: 124800 | H21: =IF(AND(ISNUMBER(C21),ISNUMBER(G21)), C21-G21, "") -> -8652 | I21: =IFERROR(H21/G21, "") -> -0.069326923
A22: W. Des Moines Campus SW | B22: IA | C22: 49019.25 | D22: 70697.89 | E22: =IF(AND(ISNUMBER(C22),ISNUMBER(D22)), C22-D22, "") -> -21678.64 | F22: =IFERROR(E22/D22, "") -> -0.30663772 | G22: 62858.07 | H22: =IF(AND(ISNUMBER(C22),ISNUMBER(G22)), C22-G22, "") -> -13838.82 | I22: =IFERROR(H22/G22, "") -> -0.2201598 | J22: 1. Low generation due to weather/snow.
A23: WF - CIC | B23: NC | C23: 121252 | D23: 120285.93 | E23: =IF(AND(ISNUMBER(C23),ISNUMBER(D23)), C23-D23, "") -> 966.073 | F23: =IFERROR(E23/D23, "") -> 0.0080314715 | G23: 116371 | H23: =IF(AND(ISNUMBER(C23),ISNUMBER(G23)), C23-G23, "") -> 4881 | I23: =IFERROR(H23/G23, "") -> 0.04194344
A24: Charlotte - Wells Fargo - DUC | B24: NC | C24: 115950 | D24: 130575.52 | E24: =IF(AND(ISNUMBER(C24),ISNUMBER(D24)), C24-D24, "") -> -14625.523 | F24: =IFERROR(E24/D24, "") -> -0.11200815 | G24: 128348.52 | H24: =IF(AND(ISNUMBER(C24),ISNUMBER(G24)), C24-G24, "") -> -12398.516 | I24: =IFERROR(H24/G24, "") -> -0.096600385
A25: East Windsor | B25: NJ | C25: 572.2 | D25: 628.52 | E25: =IF(AND(ISNUMBER(C25),ISNUMBER(D25)), C25-D25, "") -> -56.32 | F25: =IFERROR(E25/D25, "") -> -0.089607332 | G25: 479.2575 | H25: =IF(AND(ISNUMBER(C25),ISNUMBER(G25)), C25-G25, "") -> 92.9425 | I25: =IFERROR(H25/G25, "") -> 0.19393019
A26: Burlington | B26: NJ | C26: 1564 | D26: 1361.461 | E26: =IF(AND(ISNUMBER(C26),ISNUMBER(D26)), C26-D26, "") -> 202.539 | F26: =IFERROR(E26/D26, "") -> 0.14876592 | G26: 1358.153 | H26: =IF(AND(ISNUMBER(C26),ISNUMBER(G26)), C26-G26, "") -> 205.847 | I26: =IFERROR(H26/G26, "") -> 0.15156393
A27: Bayonne | B27: NJ | C27: 1883.8 | D27: 1981.854 | E27: =IF(AND(ISNUMBER(C27),ISNUMBER(D27)), C27-D27, "") -> -98.054 | F27: =IFERROR(E27/D27, "") -> -0.049475895 | G27: 2310.944 | H27: =IF(AND(ISNUMBER(C27),ISNUMBER(G27)), C27-G27, "") -> -427.144 | I27: =IFERROR(H27/G27, "") -> -0.18483529 | J27: 1. Low generation due to weather/snow.
A28: Clifton | B28: NJ | C28: 2260.6562 | D28: 2567.895 | E28: =IF(AND(ISNUMBER(C28),ISNUMBER(D28)), C28-D28, "") -> -307.23875 | F28: =IFERROR(E28/D28, "") -> -0.11964615 | G28: 3023.081 | H28: =IF(AND(ISNUMBER(C28),ISNUMBER(G28)), C28-G28, "") -> -762.42475 | I28: =IFERROR(H28/G28, "") -> -0.25220123 | J28: 1. Low generation due to weather/snow.
A29: North Elizabeth | B29: NJ | C29: 1699.2 | D29: 1480.147 | E29: =IF(AND(ISNUMBER(C29),ISNUMBER(D29)), C29-D29, "") -> 219.053 | F29: =IFERROR(E29/D29, "") -> 0.14799408 | G29: 1907.788 | H29: =IF(AND(ISNUMBER(C29),ISNUMBER(G29)), C29-G29, "") -> -208.588 | I29: =IFERROR(H29/G29, "") -> -0.109335 | J29: 1. Low generation due to weather/snow.
A30: Haddon Westmont Plaza | B30: NJ | C30: 1316.4 | D30: 1300.732 | E30: =IF(AND(ISNUMBER(C30),ISNUMBER(D30)), C30-D30, "") -> 15.668 | F30: =IFERROR(E30/D30, "") -> 0.012045525 | G30: 1317.854 | H30: =IF(AND(ISNUMBER(C30),ISNUMBER(G30)), C30-G30, "") -> -1.454 | I30: =IFERROR(H30/G30, "") -> -0.0011033089
A31: Parsippany | B31: NJ | C31: 1672.1 | D31: 1810.192 | E31: =IF(AND(ISNUMBER(C31),ISNUMBER(D31)), C31-D31, "") -> -138.092 | F31: =IFERROR(E31/D31, "") -> -0.07628583 | G31: 1720.791 | H31: =IF(AND(ISNUMBER(C31),ISNUMBER(G31)), C31-G31, "") -> -48.691 | I31: =IFERROR(H31/G31, "") -> -0.028295708
A32: Clark | B32: NJ | C32: 1390 | D32: 1359.914 | E32: =IF(AND(ISNUMBER(C32),ISNUMBER(D32)), C32-D32, "") -> 30.086 | F32: =IFERROR(E32/D32, "") -> 0.022123458 | G32: 1373.208 | H32: =IF(AND(ISNUMBER(C32),ISNUMBER(G32)), C32-G32, "") -> 16.792 | I32: =IFERROR(H32/G32, "") -> 0.0122283
A33: Closter | B33: NJ | C33: 355 | D33: 417.414 | E33: =IF(AND(ISNUMBER(C33),ISNUMBER(D33)), C33-D33, "") -> -62.414 | F33: =IFERROR(E33/D33, "") -> -0.14952541 | G33: 766.5645 | H33: =IF(AND(ISNUMBER(C33),ISNUMBER(G33)), C33-G33, "") -> -411.5645 | I33: =IFERROR(H33/G33, "") -> -0.53689481 | J33: 1. Low generation due to weather/snow.
A34: Holmdel | B34: NJ | C34: 1229.7 | D34: 4382.009 | E34: =IF(AND(ISNUMBER(C34),ISNUMBER(D34)), C34-D34, "") -> -3152.309 | F34: =IFERROR(E34/D34, "") -> -0.71937529 | G34: 996.4268 | H34: =IF(AND(ISNUMBER(C34),ISNUMBER(G34)), C34-G34, "") -> 233.2732 | I34: =IFERROR(H34/G34, "") -> 0.23410972 | J34: 1. Low generation due to weather/snow.
A35: Ellisburg Circle Center | B35: NJ | C35: 599.7 | D35: 614.25 | E35: =IF(AND(ISNUMBER(C35),ISNUMBER(D35)), C35-D35, "") -> -14.55 | F35: =IFERROR(E35/D35, "") -> -0.023687424 | G35: 612.2838 | H35: =IF(AND(ISNUMBER(C35),ISNUMBER(G35)), C35-G35, "") -> -12.5838 | I35: =IFERROR(H35/G35, "") -> -0.020552234
A36: Nutley | B36: NJ | C36: 1890.8 | D36: 1981.634 | E36: =IF(AND(ISNUMBER(C36),ISNUMBER(D36)), C36-D36, "") -> -90.834 | F36: =IFERROR(E36/D36, "") -> -0.04583793 | G36: 2487.583 | H36: =IF(AND(ISNUMBER(C36),ISNUMBER(G36)), C36-G36, "") -> -596.783 | I36: =IFERROR(H36/G36, "") -> -0.23990476 | J36: 1. Low generation due to weather/snow.
A37: Marlton | B37: NJ | C37: 2317.3 | D37: 1706.001 | E37: =IF(AND(ISNUMBER(C37),ISNUMBER(D37)), C37-D37, "") -> 611.299 | F37: =IFERROR(E37/D37, "") -> 0.35832277 | G37: 2205.242 | H37: =IF(AND(ISNUMBER(C37),ISNUMBER(G37)), C37-G37, "") -> 112.058 | I37: =IFERROR(H37/G37, "") -> 0.050814378 | J37: 1. Low generation due to weather/snow.
A38: Middletown | B38: NJ | C38: 2083.7 | D38: 1649.62 | E38: =IF(AND(ISNUMBER(C38),ISNUMBER(D38)), C38-D38, "") -> 434.08 | F38: =IFERROR(E38/D38, "") -> 0.26313939 | G38: 1900.901 | H38: =IF(AND(ISNUMBER(C38),ISNUMBER(G38)), C38-G38, "") -> 182.799 | I38: =IFERROR(H38/G38, "") -> 0.096164398 | J38: 1. Low generation due to weather/snow.
A39: Whiting Crestwood | B39: NJ | C39: 2872.9 | D39: 2823.504 | E39: =IF(AND(ISNUMBER(C39),ISNUMBER(D39)), C39-D39, "") -> 49.396 | F39: =IFERROR(E39/D39, "") -> 0.017494574 | G39: 2952.801 | H39: =IF(AND(ISNUMBER(C39),ISNUMBER(G39)), C39-G39, "") -> -79.901 | I39: =IFERROR(H39/G39, "") -> -0.027059392
A40: Barnegat | B40: NJ | C40: 3220.985 | D40: 2723.455 | E40: =IF(AND(ISNUMBER(C40),ISNUMBER(D40)), C40-D40, "") -> 497.53 | F40: =IFERROR(E40/D40, "") -> 0.18268339 | G40: 2730.731 | H40: =IF(AND(ISNUMBER(C40),ISNUMBER(G40)), C40-G40, "") -> 490.254 | I40: =IFERROR(H40/G40, "") -> 0.17953215 | J40: 1. Low generation due to weather/snow.
A41: Manchester | B41: NJ | C41: 1477.8 | D41: 1829.171 | E41: =IF(AND(ISNUMBER(C41),ISNUMBER(D41)), C41-D41, "") -> -351.371 | F41: =IFERROR(E41/D41, "") -> -0.19209303 | G41: 2366.943 | H41: =IF(AND(ISNUMBER(C41),ISNUMBER(G41)), C41-G41, "") -> -889.143 | I41: =IFERROR(H41/G41, "") -> -0.37565036 | J41: 1. Low generation due to weather/snow.
A42: West Deptford - Woodbury | B42: NJ | C42: 2429.7 | D42: 2314.763 | E42: =IF(AND(ISNUMBER(C42),ISNUMBER(D42)), C42-D42, "") -> 114.937 | F42: =IFERROR(E42/D42, "") -> 0.049653895 | G42: 2342.392 | H42: =IF(AND(ISNUMBER(C42),ISNUMBER(G42)), C42-G42, "") -> 87.308 | I42: =IFERROR(H42/G42, "") -> 0.03727301 | J42: 1.Inverter 1 was offline on 02/09 due to a loss of main fault and self-resolved at 2:30 PM on 02/10. | K42: 1.SR096618
A43: Edison | B43: NJ | C43: 2143 | D43: 1706.395 | E43: =IF(AND(ISNUMBER(C43),ISNUMBER(D43)), C43-D43, "") -> 436.605 | F43: =IFERROR(E43/D43, "") -> 0.25586397 | G43: 2079.57 | H43: =IF(AND(ISNUMBER(C43),ISNUMBER(G43)), C43-G43, "") -> 63.43 | I43: =IFERROR(H43/G43, "") -> 0.030501498 | J43: 1. Low generation due to weather/snow.
A44: Flemington | B44: NJ | C44: 1790.8 | D44: 1627.633 | E44: =IF(AND(ISNUMBER(C44),ISNUMBER(D44)), C44-D44, "") -> 163.167 | F44: =IFERROR(E44/D44, "") -> 0.10024803 | G44: 1846.784 | H44: =IF(AND(ISNUMBER(C44),ISNUMBER(G44)), C44-G44, "") -> -55.984 | I44: =IFERROR(H44/G44, "") -> -0.030314319
A45: Route 22 | B45: NJ | C45: 1869.9 | D45: 2004.301 | E45: =IF(AND(ISNUMBER(C45),ISNUMBER(D45)), C45-D45, "") -> -134.401 | F45: =IFERROR(E45/D45, "") -> -0.067056295 | G45: 1907.736 | H45: =IF(AND(ISNUMBER(C45),ISNUMBER(G45)), C45-G45, "") -> -37.836 | I45: =IFERROR(H45/G45, "") -> -0.019832933
A46: Laurelton | B46: NJ | C46: 1086.7 | D46: 1514.016 | E46: =IF(AND(ISNUMBER(C46),ISNUMBER(D46)), C46-D46, "") -> -427.316 | F46: =IFERROR(E46/D46, "") -> -0.28224008 | G46: 1506.543 | H46: =IF(AND(ISNUMBER(C46),ISNUMBER(G46)), C46-G46, "") -> -419.843 | I46: =IFERROR(H46/G46, "") -> -0.27867973 | J46: 1. Low generation due to weather/snow.
A47: Mahwah | B47: NJ | C47: 1287.9 | D47: 1575.666 | E47: =IF(AND(ISNUMBER(C47),ISNUMBER(D47)), C47-D47, "") -> -287.766 | F47: =IFERROR(E47/D47, "") -> -0.18263134 | G47: 1464.158 | H47: =IF(AND(ISNUMBER(C47),ISNUMBER(G47)), C47-G47, "") -> -176.258 | I47: =IFERROR(H47/G47, "") -> -0.12038182 | J47: 1. Low generation due to weather/snow.
A48: Franklin Township WF | B48: NJ | C48: 1622 | D48: 1491.568 | E48: =IF(AND(ISNUMBER(C48),ISNUMBER(D48)), C48-D48, "") -> 130.432 | F48: =IFERROR(E48/D48, "") -> 0.087446231 | G48: 2145.676 | H48: =IF(AND(ISNUMBER(C48),ISNUMBER(G48)), C48-G48, "") -> -523.676 | I48: =IFERROR(H48/G48, "") -> -0.24406108 | J48: 1. Low generation due to weather/snow.
A49: Bordentown | B49: NJ | C49: 1431.8 | D49: 1136.649 | E49: =IF(AND(ISNUMBER(C49),ISNUMBER(D49)), C49-D49, "") -> 295.151 | F49: =IFERROR(E49/D49, "") -> 0.25966767 | G49: 1253.191 | H49: =IF(AND(ISNUMBER(C49),ISNUMBER(G49)), C49-G49, "") -> 178.609 | I49: =IFERROR(H49/G49, "") -> 0.14252337 | J49: 1. Low generation due to weather/snow.
A50: South Plainfield | B50: NJ | C50: 1015.3 | D50: 852.2822 | E50: =IF(AND(ISNUMBER(C50),ISNUMBER(D50)), C50-D50, "") -> 163.0178 | F50: =IFERROR(E50/D50, "") -> 0.19127209 | G50: 939.1522 | H50: =IF(AND(ISNUMBER(C50),ISNUMBER(G50)), C50-G50, "") -> 76.1478 | I50: =IFERROR(H50/G50, "") -> 0.081081426
A51: Somerset | B51: NJ | C51: 1472.4 | D51: 2123.888 | E51: =IF(AND(ISNUMBER(C51),ISNUMBER(D51)), C51-D51, "") -> -651.488 | F51: =IFERROR(E51/D51, "") -> -0.30674311 | G51: 1440.229 | H51: =IF(AND(ISNUMBER(C51),ISNUMBER(G51)), C51-G51, "") -> 32.171 | I51: =IFERROR(H51/G51, "") -> 0.02233742 | J51: 1. Low generation due to weather/snow.
A52: Clinton Main Relo | B52: NJ | C52: 1600.289 | E52: =IF(AND(ISNUMBER(C52),ISNUMBER(D52)), C52-D52, "") | F52: =IFERROR(E52/D52, "") | H52: =IF(AND(ISNUMBER(C52),ISNUMBER(G52)), C52-G52, "") | I52: =IFERROR(H52/G52, "") | K52: 1.SR090252
A53: North Brunswick | B53: NJ | C53: 1727.9 | D53: 1525.51 | E53: =IF(AND(ISNUMBER(C53),ISNUMBER(D53)), C53-D53, "") -> 202.39 | F53: =IFERROR(E53/D53, "") -> 0.13267039 | G53: 1842.835 | H53: =IF(AND(ISNUMBER(C53),ISNUMBER(G53)), C53-G53, "") -> -114.935 | I53: =IFERROR(H53/G53, "") -> -0.062368579 | J53: 1. Inverter 1's String 4 RSD was sent for RMA on 12/12/24. On 02/10/25, the technician installed a new RSD and inserted the fuse for String 5. The inverter came back online and is producing as expected | K53: 1.SR090252
A54: Cherry Hill | B54: NJ | C54: 1142.4657 | D54: 1225.783 | E54: =IF(AND(ISNUMBER(C54),ISNUMBER(D54)), C54-D54, "") -> -83.317256 | F54: =IFERROR(E54/D54, "") -> -0.067970641 | G54: 1191.871 | H54: =IF(AND(ISNUMBER(C54),ISNUMBER(G54)), C54-G54, "") -> -49.405256 | I54: =IFERROR(H54/G54, "") -> -0.041451849 | J54: 1. Meter Phase B current intermittently underreporting, but inverter production remains unaffected. Reported energy loss may be retroactively corrected once the meter/CT issue is resolved | K54: 1.SR077660
A55: Hainesport | B55: NJ | C55: 1390.6 | D55: 1335.822 | E55: =IF(AND(ISNUMBER(C55),ISNUMBER(D55)), C55-D55, "") -> 54.778 | F55: =IFERROR(E55/D55, "") -> 0.041006961 | G55: 1156.046 | H55: =IF(AND(ISNUMBER(C55),ISNUMBER(G55)), C55-G55, "") -> 234.554 | I55: =IFERROR(H55/G55, "") -> 0.20289331
A56: San Antonio - Ops Ctr (Bldg 106) | B56: TX | C56: 32009.125 | D56: 36207.881 | E56: =IF(AND(ISNUMBER(C56),ISNUMBER(D56)), C56-D56, "") -> -4198.756 | F56: =IFERROR(E56/D56, "") -> -0.11596249 | G56: 37510.75 | H56: =IF(AND(ISNUMBER(C56),ISNUMBER(G56)), C56-G56, "") -> -5501.625 | I56: =IFERROR(H56/G56, "") -> -0.14666796 | J56: 1. Underperformance due to morning hours shading
A57: San Antonio - Ops Ctr GM | B57: TX | C57: 239670.5 | D57: 272681.19 | E57: =IF(AND(ISNUMBER(C57),ISNUMBER(D57)), C57-D57, "") -> -33010.687 | F57: =IFERROR(E57/D57, "") -> -0.12105964 | G57: 304922 | H57: =IF(AND(ISNUMBER(C57),ISNUMBER(G57)), C57-G57, "") -> -65251.5 | I57: =IFERROR(H57/G57, "") -> -0.21399407 | J57: 1. Underperformance due to morning hours shading
A58: San Antonio - Ctr (Bldg 201) | B58: TX | C58: 32332.25 | D58: 35889.978 | E58: =IF(AND(ISNUMBER(C58),ISNUMBER(D58)), C58-D58, "") -> -3557.728 | F58: =IFERROR(E58/D58, "") -> -0.099128732 | G58: 37271.57 | H58: =IF(AND(ISNUMBER(C58),ISNUMBER(G58)), C58-G58, "") -> -4939.32 | I58: =IFERROR(H58/G58, "") -> -0.13252246 | J58: 1. Underperformance due to morning hours shading
A59: San Antonio - Ops Ctr (Bldg 203) | B59: TX | C59: 33951.5 | D59: 33073.794 | E59: =IF(AND(ISNUMBER(C59),ISNUMBER(D59)), C59-D59, "") -> 877.706 | F59: =IFERROR(E59/D59, "") -> 0.026537808 | G59: 38422.97 | H59: =IF(AND(ISNUMBER(C59),ISNUMBER(G59)), C59-G59, "") -> -4471.47 | I59: =IFERROR(H59/G59, "") -> -0.11637492 | J59: 1. Underperformance due to morning hours shading
A60: San Antonio - Ops Ctr (Bldg 205) | B60: TX | C60: 30207.426 | D60: 32733.752 | E60: =IF(AND(ISNUMBER(C60),ISNUMBER(D60)), C60-D60, "") -> -2526.326 | F60: =IFERROR(E60/D60, "") -> -0.077178015 | G60: 35606.25 | H60: =IF(AND(ISNUMBER(C60),ISNUMBER(G60)), C60-G60, "") -> -5398.824 | I60: =IFERROR(H60/G60, "") -> -0.15162574 | J60: 1.Inverter 4 is underperforming by 5kW since 02/16, down 1 string. Dispatch has been scheduled for next PM on 10/10/25. | K60: 1.SR097581
A61: San Antonio - Ops Ctr (Bldg 307) | B61: TX | C61: 31864.313 | D61: 35565.089 | E61: =IF(AND(ISNUMBER(C61),ISNUMBER(D61)), C61-D61, "") -> -3700.776 | F61: =IFERROR(E61/D61, "") -> -0.10405642 | G61: 36605.45 | H61: =IF(AND(ISNUMBER(C61),ISNUMBER(G61)), C61-G61, "") -> -4741.137 | I61: =IFERROR(H61/G61, "") -> -0.12951998 | J61: 1. Underperformance due to morning hours shading
A62: San Antonio - Ctr (Bldg 308) | B62: TX | C62: 31694.27 | D62: 34762.346 | E62: =IF(AND(ISNUMBER(C62),ISNUMBER(D62)), C62-D62, "") -> -3068.076 | F62: =IFERROR(E62/D62, "") -> -0.0882586 | G62: 35498.53 | H62: =IF(AND(ISNUMBER(C62),ISNUMBER(G62)), C62-G62, "") -> -3804.26 | I62: =IFERROR(H62/G62, "") -> -0.10716669 | J62: 1. Underperformance due to morning hours shading
A63: San Antonio - Ops Ctr (Bldg 104) | B63: TX | C63: 8831.266 | D63: 10883.53 | E63: =IF(AND(ISNUMBER(C63),ISNUMBER(D63)), C63-D63, "") -> -2052.264 | F63: =IFERROR(E63/D63, "") -> -0.18856603 | G63: 10911.07 | H63: =IF(AND(ISNUMBER(C63),ISNUMBER(G63)), C63-G63, "") -> -2079.804 | I63: =IFERROR(H63/G63, "") -> -0.19061412 | J63: 1. Underperformance due to morning hours shading
A64: San Antonio - Ops Ctr (Bldg 102) | B64: TX | C64: 34984.405 | D64: 32568.2 | E64: =IF(AND(ISNUMBER(C64),ISNUMBER(D64)), C64-D64, "") -> 2416.205 | F64: =IFERROR(E64/D64, "") -> 0.074189086 | G64: 39742.42 | H64: =IF(AND(ISNUMBER(C64),ISNUMBER(G64)), C64-G64, "") -> -4758.015 | I64: =IFERROR(H64/G64, "") -> -0.11972132 | J64: 1. Underperformance due to morning hours shading
A65: Lodi - Lodi Vineyard | B65: CA | C65: 23034.094 | D65: 24426.93 | E65: =IF(AND(ISNUMBER(C65),ISNUMBER(D65)), C65-D65, "") -> -1392.8363 | F65: =IFERROR(E65/D65, "") -> -0.05702052 | G65: 21975 | H65: =IF(AND(ISNUMBER(C65),ISNUMBER(G65)), C65-G65, "") -> 1059.0938 | I65: =IFERROR(H65/G65, "") -> 0.048195392
A66: Arden Fair Mall | B66: CA | C66: 11150.047 | D66: 12201.88 | E66: =IF(AND(ISNUMBER(C66),ISNUMBER(D66)), C66-D66, "") -> -1051.8331 | F66: =IFERROR(E66/D66, "") -> -0.086202546 | G66: 12337 | H66: =IF(AND(ISNUMBER(C66),ISNUMBER(G66)), C66-G66, "") -> -1186.9531 | I66: =IFERROR(H66/G66, "") -> -0.096210839
A67: Modesto - Modesto Main | B67: CA | C67: 8051.2031 | D67: 9829.347 | E67: =IF(AND(ISNUMBER(C67),ISNUMBER(D67)), C67-D67, "") -> -1778.1439 | F67: =IFERROR(E67/D67, "") -> -0.18090153 | G67: 12423.09 | H67: =IF(AND(ISNUMBER(C67),ISNUMBER(G67)), C67-G67, "") -> -4371.8869 | I67: =IFERROR(H67/G67, "") -> -0.35191622 | J67: 1. The Ambient Temperature sensor was not communicating . 2.The site lost communication at 7:30 AM on 02/02 and regained at 9:45 AM on 02/06. | K67: 1.SR091735 2.SR096229 | L67: SR096229
A68: Stevens Creek | B68: CA | C68: 2693.9403 | D68: 2447.772 | E68: =IF(AND(ISNUMBER(C68),ISNUMBER(D68)), C68-D68, "") -> 246.16834 | F68: =IFERROR(E68/D68, "") -> 0.10056833 | G68: 2894 | H68: =IF(AND(ISNUMBER(C68),ISNUMBER(G68)), C68-G68, "") -> -200.05966 | I68: =IFERROR(H68/G68, "") -> -0.069129115 | J68: 1.On 02/18, the technician de-energized the inverter from 09:46 AM to 10:15 AM to replace the comms card. After replacing it, the inverter was re-energized. 2.The site went offline at 06:45 AM on 02/21. Upon arrival, the technician found that the breaker had tripped and reset it. The site was back online by 09:30 AM on 02/24. | K68: 1.SR091107 2.SR097627 | L68: SR097627
A69: Covina Main | B69: CA | C69: 2712.1 | D69: 2191.417 | E69: =IF(AND(ISNUMBER(C69),ISNUMBER(D69)), C69-D69, "") -> 520.683 | F69: =IFERROR(E69/D69, "") -> 0.23760106 | G69: 2174 | H69: =IF(AND(ISNUMBER(C69),ISNUMBER(G69)), C69-G69, "") -> 538.1 | I69: =IFERROR(H69/G69, "") -> 0.2475161
A70: Old Ranch Town Center | B70: CA | C70: 861.57812 | D70: 0 | E70: =IF(AND(ISNUMBER(C70),ISNUMBER(D70)), C70-D70, "") -> 861.57812 | F70: =IFERROR(E70/D70, "") | G70: 990 | H70: =IF(AND(ISNUMBER(C70),ISNUMBER(G70)), C70-G70, "") -> -128.42188 | I70: =IFERROR(H70/G70, "") -> -0.12971907 | J70: 1. Low generation due to weather/snow.
A71: Mountain Gate Plaza | B71: CA | C71: 6050.2033 | D71: 0 | E71: =IF(AND(ISNUMBER(C71),ISNUMBER(D71)), C71-D71, "") -> 6050.2033 | F71: =IFERROR(E71/D71, "") | G71: 6590 | H71: =IF(AND(ISNUMBER(C71),ISNUMBER(G71)), C71-G71, "") -> -539.79667 | I71: =IFERROR(H71/G71, "") -> -0.081911483
A72: Arcadia Main | B72: CA | C72: 2375.0661 | D72: 0 | E72: =IF(AND(ISNUMBER(C72),ISNUMBER(D72)), C72-D72, "") -> 2375.0661 | F72: =IFERROR(E72/D72, "") | G72: 3533 | H72: =IF(AND(ISNUMBER(C72),ISNUMBER(G72)), C72-G72, "") -> -1157.9339 | I72: =IFERROR(H72/G72, "") -> -0.32774806 | J72: 1.Site stopped communicating from 01/28 and back online at 03:30PM on 02/07 . | K72: 1.SR096085
A73: Fairfield | B73: CA | C73: 2178.3008 | D73: 2211.023 | E73: =IF(AND(ISNUMBER(C73),ISNUMBER(D73)), C73-D73, "") -> -32.722219 | F73: =IFERROR(E73/D73, "") -> -0.014799583 | G73: 2330 | H73: =IF(AND(ISNUMBER(C73),ISNUMBER(G73)), C73-G73, "") -> -151.69922 | I73: =IFERROR(H73/G73, "") -> -0.065106961
A74: Los Gatos | B74: CA | C74: 1179.9865 | D74: 1107.98 | E74: =IF(AND(ISNUMBER(C74),ISNUMBER(D74)), C74-D74, "") -> 72.006455 | F74: =IFERROR(E74/D74, "") -> 0.064988948 | G74: 0 | H74: =IF(AND(ISNUMBER(C74),ISNUMBER(G74)), C74-G74, "") -> 1179.9865 | I74: =IFERROR(H74/G74, "")
A75: San Marino | B75: CA | C75: 2791.6 | D75: 2686.406 | E75: =IF(AND(ISNUMBER(C75),ISNUMBER(D75)), C75-D75, "") -> 105.194 | F75: =IFERROR(E75/D75, "") -> 0.039157893 | G75: 3237 | H75: =IF(AND(ISNUMBER(C75),ISNUMBER(G75)), C75-G75, "") -> -445.4 | I75: =IFERROR(H75/G75, "") -> -0.13759654 | J75: 1. Low generation due to weather/snow.
A76: Buenaventura | B76: CA | C76: 3679.5781 | D76: 2669.417 | E76: =IF(AND(ISNUMBER(C76),ISNUMBER(D76)), C76-D76, "") -> 1010.1611 | F76: =IFERROR(E76/D76, "") -> 0.37842013 | G76: 3947.291 | H76: =IF(AND(ISNUMBER(C76),ISNUMBER(G76)), C76-G76, "") -> -267.71288 | I76: =IFERROR(H76/G76, "") -> -0.067821925
A77: N Black Canyon Hwy, Phoenix - North | B77: AZ | C77: 63307.75 | D77: 60957.79 | E77: =IF(AND(ISNUMBER(C77),ISNUMBER(D77)), C77-D77, "") -> 2349.96 | F77: =IFERROR(E77/D77, "") -> 0.03855061 | G77: 61016 | H77: =IF(AND(ISNUMBER(C77),ISNUMBER(G77)), C77-G77, "") -> 2291.75 | I77: =IFERROR(H77/G77, "") -> 0.03755982
A78: N Black Canyon Hwy, Phoenix - South | B78: AZ | C78: 68221.875 | D78: 66699.73 | E78: =IF(AND(ISNUMBER(C78),ISNUMBER(D78)), C78-D78, "") -> 1522.145 | F78: =IFERROR(E78/D78, "") -> 0.022820857 | G78: 67660 | H78: =IF(AND(ISNUMBER(C78),ISNUMBER(G78)), C78-G78, "") -> 561.875 | I78: =IFERROR(H78/G78, "") -> 0.0083043896 | J78: 1.Inverter 16 is down 1 string. Dispatch has been scheduled for next PM on 05/26/25. | K78: 1.SR097838
A79: Building 2222, Rose Garden Ln, Phoenix | B79: AZ | C79: 13324.124 | D79: 15182.7 | E79: =IF(AND(ISNUMBER(C79),ISNUMBER(D79)), C79-D79, "") -> -1858.5759 | F79: =IFERROR(E79/D79, "") -> -0.12241406 | G79: 73696 | H79: =IF(AND(ISNUMBER(C79),ISNUMBER(G79)), C79-G79, "") -> -60371.876 | I79: =IFERROR(H79/G79, "") -> -0.81920153 | J79: 1.The site went offline at 5:32 PM on 01/31/25. On 02/24, a technician arrived and found that the SES-A breaker switch had tripped. After re-energizing the system, the site was back online at 10:20 AM on 02/24. | K79: 1.SR096213
A80: Building 2202, Rose Garden Ln, Phoenix | B80: AZ | C80: 69359.75 | D80: 13434.24 | E80: =IF(AND(ISNUMBER(C80),ISNUMBER(D80)), C80-D80, "") -> 55925.51 | F80: =IFERROR(E80/D80, "") -> 4.1629084 | G80: 57348.54 | H80: =IF(AND(ISNUMBER(C80),ISNUMBER(G80)), C80-G80, "") -> 12011.21 | I80: =IFERROR(H80/G80, "") -> 0.2094423 | J80: 1. The site stopped communication at 06:00PM on 02/08 and back at 03:45AM on 02/09. 2.The Virtual weather station resumed communication on 01/31 and back on 02/24. | K80: 1.SR096533
A81: 99TH Ave & BELL | B81: AZ | C81: 13291.397 | D81: 11366.34 | E81: =IF(AND(ISNUMBER(C81),ISNUMBER(D81)), C81-D81, "") -> 1925.0571 | F81: =IFERROR(E81/D81, "") -> 0.16936473 | G81: 14489 | H81: =IF(AND(ISNUMBER(C81),ISNUMBER(G81)), C81-G81, "") -> -1197.6029 | I81: =IFERROR(H81/G81, "") -> -0.082656008
A82: Rincon | B82: AZ | C82: 6553.3047 | D82: 4885.492 | E82: =IF(AND(ISNUMBER(C82),ISNUMBER(D82)), C82-D82, "") -> 1667.8127 | F82: =IFERROR(E82/D82, "") -> 0.3413807 | G82: 5215 | H82: =IF(AND(ISNUMBER(C82),ISNUMBER(G82)), C82-G82, "") -> 1338.3047 | I82: =IFERROR(H82/G82, "") -> 0.25662602 | J82: 1. Low generation due to weather/snow.
A83: Tucson Main Parking Garage | B83: AZ | C83: 8853.2 | D83: 10567.94 | E83: =IF(AND(ISNUMBER(C83),ISNUMBER(D83)), C83-D83, "") -> -1714.74 | F83: =IFERROR(E83/D83, "") -> -0.16225868 | G83: 8772 | H83: =IF(AND(ISNUMBER(C83),ISNUMBER(G83)), C83-G83, "") -> 81.2 | I83: =IFERROR(H83/G83, "") -> 0.0092567259 | J83: 1. Production meter is underreporting compared to the inverters, with B-phase current reading low compared to A & C. The meter is reporting lower by approximately 7kW. | K83: 1. SR099589
A84: BE 199502 - Westgate | B84: CA

Sheet Mar
A1: {=portfolio} -> Wells Fargo | D1: March Actual v. Expected | G1: March Actual v. Forecasted
A2: Total | C2: =SUM(C4:C86) -> 2070284.8 | D2: =SUM(D4:D86) -> 2047974 | E2: =C2-D2 -> 22310.775 | F2: =IFERROR(E2/D2, 0) -> 0.010894072 | G2: =SUM(G4:G86) -> 1955595.7 | H2: =C2-G2 -> 114689.03 | I2: =IFERROR(H2/G2, 0) -> 0.058646594 | J2: =IF(AND(TODAY()>DATE(2024, 3, 1), COUNTA(Sites[Site])<>(COUNT(C:C)-1)), "Some sites are missing actual data; if new sites were added, make sure they are aligned correctly (including prior months!)", "")
A3: Site | B3: State | C3: Actual | D3: Expected | E3: Delta | F3: % | G3: Forecasted | H3: Delta | I3: % | J3: Notes | K3: Service Requests
A4: {=Sites[Site]} -> Adams & Broadway | B4: {=Sites[State]} -> CA | C4: 1011.1 | D4: 0 | E4: =IF(AND(ISNUMBER(C4),ISNUMBER(D4)), C4-D4, "") -> 1011.1 | F4: =IFERROR(E4/D4, "") | G4: 1060 | H4: =IF(AND(ISNUMBER(C4),ISNUMBER(G4)), C4-G4, "") -> -48.9 | I4: =IFERROR(H4/G4, "") -> -0.046132075
A5: Otay Mesa | B5: CA | C5: 39.7 | D5: 0 | E5: =IF(AND(ISNUMBER(C5),ISNUMBER(D5)), C5-D5, "") -> 39.7 | F5: =IFERROR(E5/D5, "") | G5: 0 | H5: =IF(AND(ISNUMBER(C5),ISNUMBER(G5)), C5-G5, "") -> 39.7 | I5: =IFERROR(H5/G5, "") | J5: 1. Production data taken from consumption meter.
A6: San Leandro | B6: CA | C6: 38680.5 | D6: 42926.35 | E6: =IF(AND(ISNUMBER(C6),ISNUMBER(D6)), C6-D6, "") -> -4245.85 | F6: =IFERROR(E6/D6, "") -> -0.09891011 | G6: 37122.59 | H6: =IF(AND(ISNUMBER(C6),ISNUMBER(G6)), C6-G6, "") -> 1557.91 | I6: =IFERROR(H6/G6, "") -> 0.04196663 | J6: 1.Inverter 4 and 6 are underperforming by 7KW from 06/13/24 due to 2 non-operational strings. Inverter 5 underperforming by 4kW since 02/08/2 due to a string down. 2. Inverter 3 has a history of wire box damage, necessitating a complete inverter and wire box upgrade. The current wire box string fuse configuration was not acceptable. As a result, Inverter 3 has been undergoing the RMA process since 07/26/24. After the technician installed a new wire box, an arc fault was detected due to a damaged negative home run, which needs to be replaced. CPS Team is preparing quote for 36kW powerhead compatible with he V2 wirebox | K6: 1.SR091496 2.SR097801 | L6: SR097801
A7: Van Nuys | B7: CA | C7: 1659.7 | D7: 0 | E7: =IF(AND(ISNUMBER(C7),ISNUMBER(D7)), C7-D7, "") -> 1659.7 | F7: =IFERROR(E7/D7, "") | G7: 2116.141 | H7: =IF(AND(ISNUMBER(C7),ISNUMBER(G7)), C7-G7, "") -> -456.441 | I7: =IFERROR(H7/G7, "") -> -0.21569498 | J7: 1. Compared to last year’s delta values, we can still see a negative variance for this site, which suggests an issue with the forecasted value.
A8: 98th & Grant | B8: CO | C8: 1113.3 | D8: 0 | E8: =IF(AND(ISNUMBER(C8),ISNUMBER(D8)), C8-D8, "") -> 1113.3 | F8: =IFERROR(E8/D8, "") | G8: 1984 | H8: =IF(AND(ISNUMBER(C8),ISNUMBER(G8)), C8-G8, "") -> -870.7 | I8: =IFERROR(H8/G8, "") -> -0.43886089 | J8: 1. Compared to last year’s delta values, we still see a negative variance for this site, which suggests an issue with the forecasted value. Additionally, we do not have inverter communications for this site.
A9: Arapahoe Crossings | B9: CO | C9: 2757.205 | D9: 0 | E9: =IF(AND(ISNUMBER(C9),ISNUMBER(D9)), C9-D9, "") -> 2757.205 | F9: =IFERROR(E9/D9, "") | G9: 3646.939 | H9: =IF(AND(ISNUMBER(C9),ISNUMBER(G9)), C9-G9, "") -> -889.73395 | I9: =IFERROR(H9/G9, "") -> -0.24396733 | J9: 1. Compared to last year’s delta values, we still see a negative variance for this site, which suggests an issue with the forecasted value. Additionally, we do not have inverter communications for this site.
A10: Aurora City Center | B10: CO | C10: 1940.9 | D10: 0 | E10: =IF(AND(ISNUMBER(C10),ISNUMBER(D10)), C10-D10, "") -> 1940.9 | F10: =IFERROR(E10/D10, "") | G10: 1727 | H10: =IF(AND(ISNUMBER(C10),ISNUMBER(G10)), C10-G10, "") -> 213.9 | I10: =IFERROR(H10/G10, "") -> 0.1238564
A11: Dry Creek | B11: CO | C11: 2338 | D11: 0 | E11: =IF(AND(ISNUMBER(C11),ISNUMBER(D11)), C11-D11, "") -> 2338 | F11: =IFERROR(E11/D11, "") | G11: 2153 | H11: =IF(AND(ISNUMBER(C11),ISNUMBER(G11)), C11-G11, "") -> 185 | I11: =IFERROR(H11/G11, "") -> 0.085926614
A12: Highlands Ranch S. | B12: CO | C12: 1852.4 | D12: 0 | E12: =IF(AND(ISNUMBER(C12),ISNUMBER(D12)), C12-D12, "") -> 1852.4 | F12: =IFERROR(E12/D12, "") | G12: 2006 | H12: =IF(AND(ISNUMBER(C12),ISNUMBER(G12)), C12-G12, "") -> -153.6 | I12: =IFERROR(H12/G12, "") -> -0.076570289
A13: Lone Tree | B13: CO | C13: 2867.7 | D13: 0 | E13: =IF(AND(ISNUMBER(C13),ISNUMBER(D13)), C13-D13, "") -> 2867.7 | F13: =IFERROR(E13/D13, "") | G13: 4580 | H13: =IF(AND(ISNUMBER(C13),ISNUMBER(G13)), C13-G13, "") -> -1712.3 | I13: =IFERROR(H13/G13, "") -> -0.37386463 | J13: 1. Compared to last year’s delta values, we still see a negative variance for this site, which suggests an issue with the forecasted value. Additionally, we do not have inverter communications for this site.
A14: Meridian | B14: CO | C14: 2936.9 | D14: 0 | E14: =IF(AND(ISNUMBER(C14),ISNUMBER(D14)), C14-D14, "") -> 2936.9 | F14: =IFERROR(E14/D14, "") | G14: 2667 | H14: =IF(AND(ISNUMBER(C14),ISNUMBER(G14)), C14-G14, "") -> 269.9 | I14: =IFERROR(H14/G14, "") -> 0.10119985
A15: Southglenn | B15: CO | C15: 3091.8 | D15: 0 | E15: =IF(AND(ISNUMBER(C15),ISNUMBER(D15)), C15-D15, "") -> 3091.8 | F15: =IFERROR(E15/D15, "") | G15: 2762 | H15: =IF(AND(ISNUMBER(C15),ISNUMBER(G15)), C15-G15, "") -> 329.8 | I15: =IFERROR(H15/G15, "") -> 0.11940623
A16: Standley Lake | B16: CO | C16: 3175.1 | D16: 0 | E16: =IF(AND(ISNUMBER(C16),ISNUMBER(D16)), C16-D16, "") -> 3175.1 | F16: =IFERROR(E16/D16, "") | G16: 3683 | H16: =IF(AND(ISNUMBER(C16),ISNUMBER(G16)), C16-G16, "") -> -507.9 | I16: =IFERROR(H16/G16, "") -> -0.13790388 | J16: 1. Compared to last year’s delta values, we still see a negative variance for this site, which suggests an issue with the forecasted value. Additionally, we do not have inverter communications for this site.
A17: Havana Gardens | B17: CO | C17: 3554.3 | D17: 0 | E17: =IF(AND(ISNUMBER(C17),ISNUMBER(D17)), C17-D17, "") -> 3554.3 | F17: =IFERROR(E17/D17, "") | G17: 1436 | H17: =IF(AND(ISNUMBER(C17),ISNUMBER(G17)), C17-G17, "") -> 2118.3 | I17: =IFERROR(H17/G17, "") -> 1.4751393
A18: East Hartford | B18: CT | C18: 614.9 | D18: 1498.199 | E18: =IF(AND(ISNUMBER(C18),ISNUMBER(D18)), C18-D18, "") -> -883.299 | F18: =IFERROR(E18/D18, "") -> -0.58957388 | G18: 595.6942 | H18: =IF(AND(ISNUMBER(C18),ISNUMBER(G18)), C18-G18, "") -> 19.2058 | I18: =IFERROR(H18/G18, "") -> 0.032241039 | J18: 1. Site production was low 03/05, 03/06, 03/15 to 03/17, 03/24, 03/29 to 03/31 due to rain.
A19: Norwalk | B19: CT | C19: 654.1 | D19: 261.3043 | E19: =IF(AND(ISNUMBER(C19),ISNUMBER(D19)), C19-D19, "") -> 392.7957 | F19: =IFERROR(E19/D19, "") -> 1.5032118 | G19: 730.1425 | H19: =IF(AND(ISNUMBER(C19),ISNUMBER(G19)), C19-G19, "") -> -76.0425 | I19: =IFERROR(H19/G19, "") -> -0.10414748 | J19: 1. Weather station reporting erroneous values from 07/04/2024. Will investigate while next time onsite. 2.The meter's Phase C current/power factor was experiencing intermittent glitches, which are affecting the reported energy production, but there was no impact on actual production. Will investigate next time onsite. | K19: 1. SR088667 2. SR077700 | L19: SR077700
A20: Hialeah Gardens | B20: FL | C20: 1854.6023 | D20: 4172.027 | E20: =IF(AND(ISNUMBER(C20),ISNUMBER(D20)), C20-D20, "") -> -2317.4247 | F20: =IFERROR(E20/D20, "") -> -0.55546733 | G20: 5039 | H20: =IF(AND(ISNUMBER(C20),ISNUMBER(G20)), C20-G20, "") -> -3184.3977 | I20: =IFERROR(H20/G20, "") -> -0.63195033 | J20: 1. Site underperforming by ~15 kW since 03/12. Will investigate next time onsite. | K20: 1.SR098782
A21: W. Des Moines Campus EAST | B21: IA | C21: 178354 | D21: 177207.8 | E21: =IF(AND(ISNUMBER(C21),ISNUMBER(D21)), C21-D21, "") -> 1146.2 | F21: =IFERROR(E21/D21, "") -> 0.0064681126 | G21: 159000 | H21: =IF(AND(ISNUMBER(C21),ISNUMBER(G21)), C21-G21, "") -> 19354 | I21: =IFERROR(H21/G21, "") -> 0.12172327
A22: W. Des Moines Campus SW | B22: IA | C22: 88417 | D22: 92338.16 | E22: =IF(AND(ISNUMBER(C22),ISNUMBER(D22)), C22-D22, "") -> -3921.16 | F22: =IFERROR(E22/D22, "") -> -0.042465217 | G22: 78635.86 | H22: =IF(AND(ISNUMBER(C22),ISNUMBER(G22)), C22-G22, "") -> 9781.14 | I22: =IFERROR(H22/G22, "") -> 0.12438524
A23: WF - CIC | B23: NC | C23: 178134 | D23: 175835.9 | E23: =IF(AND(ISNUMBER(C23),ISNUMBER(D23)), C23-D23, "") -> 2298.1 | F23: =IFERROR(E23/D23, "") -> 0.013069572 | G23: 171329 | H23: =IF(AND(ISNUMBER(C23),ISNUMBER(G23)), C23-G23, "") -> 6805 | I23: =IFERROR(H23/G23, "") -> 0.039718903
A24: Charlotte - Wells Fargo - DUC | B24: NC | C24: 173904 | D24: 188173.6 | E24: =IF(AND(ISNUMBER(C24),ISNUMBER(D24)), C24-D24, "") -> -14269.6 | F24: =IFERROR(E24/D24, "") -> -0.075832104 | G24: 164589.5 | H24: =IF(AND(ISNUMBER(C24),ISNUMBER(G24)), C24-G24, "") -> 9314.5 | I24: =IFERROR(H24/G24, "") -> 0.05659231
A25: East Windsor | B25: NJ | C25: 939.8 | D25: 939.9828 | E25: =IF(AND(ISNUMBER(C25),ISNUMBER(D25)), C25-D25, "") -> -0.1828 | F25: =IFERROR(E25/D25, "") -> -0.00019447164 | G25: 754.097 | H25: =IF(AND(ISNUMBER(C25),ISNUMBER(G25)), C25-G25, "") -> 185.703 | I25: =IFERROR(H25/G25, "") -> 0.24625877
A26: Burlington | B26: NJ | C26: 2514.8 | D26: 2271.587 | E26: =IF(AND(ISNUMBER(C26),ISNUMBER(D26)), C26-D26, "") -> 243.213 | F26: =IFERROR(E26/D26, "") -> 0.10706744 | G26: 1965.07 | H26: =IF(AND(ISNUMBER(C26),ISNUMBER(G26)), C26-G26, "") -> 549.73 | I26: =IFERROR(H26/G26, "") -> 0.27975085
A27: Bayonne | B27: NJ | C27: 3042.3 | D27: 2939.387 | E27: =IF(AND(ISNUMBER(C27),ISNUMBER(D27)), C27-D27, "") -> 102.913 | F27: =IFERROR(E27/D27, "") -> 0.035011722 | G27: 3068.582 | H27: =IF(AND(ISNUMBER(C27),ISNUMBER(G27)), C27-G27, "") -> -26.282 | I27: =IFERROR(H27/G27, "") -> -0.0085648681
A28: Clifton | B28: NJ | C28: 3721.6172 | D28: 3688.134 | E28: =IF(AND(ISNUMBER(C28),ISNUMBER(D28)), C28-D28, "") -> 33.483187 | F28: =IFERROR(E28/D28, "") -> 0.0090786255 | G28: 3861.396 | H28: =IF(AND(ISNUMBER(C28),ISNUMBER(G28)), C28-G28, "") -> -139.77881 | I28: =IFERROR(H28/G28, "") -> -0.036199036
A29: North Elizabeth | B29: NJ | C29: 3123.7 | D29: 2304.236 | E29: =IF(AND(ISNUMBER(C29),ISNUMBER(D29)), C29-D29, "") -> 819.464 | F29: =IFERROR(E29/D29, "") -> 0.35563371 | G29: 2666.921 | H29: =IF(AND(ISNUMBER(C29),ISNUMBER(G29)), C29-G29, "") -> 456.779 | I29: =IFERROR(H29/G29, "") -> 0.17127579
A30: Haddon Westmont Plaza | B30: NJ | C30: 2326.9 | D30: 2205.759 | E30: =IF(AND(ISNUMBER(C30),ISNUMBER(D30)), C30-D30, "") -> 121.141 | F30: =IFERROR(E30/D30, "") -> 0.054920324 | G30: 1891.779 | H30: =IF(AND(ISNUMBER(C30),ISNUMBER(G30)), C30-G30, "") -> 435.121 | I30: =IFERROR(H30/G30, "") -> 0.23000625
A31: Parsippany | B31: NJ | C31: 2752.8 | D31: 2604.521 | E31: =IF(AND(ISNUMBER(C31),ISNUMBER(D31)), C31-D31, "") -> 148.279 | F31: =IFERROR(E31/D31, "") -> 0.05693139 | G31: 2192.303 | H31: =IF(AND(ISNUMBER(C31),ISNUMBER(G31)), C31-G31, "") -> 560.497 | I31: =IFERROR(H31/G31, "") -> 0.25566585
A32: Clark | B32: NJ | C32: 2314.5 | D32: 2107 | E32: =IF(AND(ISNUMBER(C32),ISNUMBER(D32)), C32-D32, "") -> 207.5 | F32: =IFERROR(E32/D32, "") -> 0.098481253 | G32: 1833.524 | H32: =IF(AND(ISNUMBER(C32),ISNUMBER(G32)), C32-G32, "") -> 480.976 | I32: =IFERROR(H32/G32, "") -> 0.26232326
A33: Closter | B33: NJ | C33: 844.8 | D33: 817.7407 | E33: =IF(AND(ISNUMBER(C33),ISNUMBER(D33)), C33-D33, "") -> 27.0593 | F33: =IFERROR(E33/D33, "") -> 0.033090318 | G33: 1036.139 | H33: =IF(AND(ISNUMBER(C33),ISNUMBER(G33)), C33-G33, "") -> -191.339 | I33: =IFERROR(H33/G33, "") -> -0.18466538 | J33: 1. Compared to last year’s delta values, we can still see a negative variance for this site, which suggests an issue with the forecasted value.
A34: Holmdel | B34: NJ | C34: 2025.5 | D34: 5442.503 | E34: =IF(AND(ISNUMBER(C34),ISNUMBER(D34)), C34-D34, "") -> -3417.003 | F34: =IFERROR(E34/D34, "") -> -0.62783668 | G34: 1588.153 | H34: =IF(AND(ISNUMBER(C34),ISNUMBER(G34)), C34-G34, "") -> 437.347 | I34: =IFERROR(H34/G34, "") -> 0.2753809 | J34: 1. Site production was low on 03/05, 03/15, 03/17, 03/24, 03/30 due to bad weather.
A35: Ellisburg Circle Center | B35: NJ | C35: 1050.7 | D35: 1015.474 | E35: =IF(AND(ISNUMBER(C35),ISNUMBER(D35)), C35-D35, "") -> 35.226 | F35: =IFERROR(E35/D35, "") -> 0.034689219 | G35: 869.2863 | H35: =IF(AND(ISNUMBER(C35),ISNUMBER(G35)), C35-G35, "") -> 181.4137 | I35: =IFERROR(H35/G35, "") -> 0.20869269
A36: Nutley | B36: NJ | C36: 3196.9 | D36: 2931.448 | E36: =IF(AND(ISNUMBER(C36),ISNUMBER(D36)), C36-D36, "") -> 265.452 | F36: =IFERROR(E36/D36, "") -> 0.090553201 | G36: 3119.122 | H36: =IF(AND(ISNUMBER(C36),ISNUMBER(G36)), C36-G36, "") -> 77.778 | I36: =IFERROR(H36/G36, "") -> 0.024935863
A37: Marlton | B37: NJ | C37: 3884.2 | D37: 3144.942 | E37: =IF(AND(ISNUMBER(C37),ISNUMBER(D37)), C37-D37, "") -> 739.258 | F37: =IFERROR(E37/D37, "") -> 0.23506252 | G37: 3125.928 | H37: =IF(AND(ISNUMBER(C37),ISNUMBER(G37)), C37-G37, "") -> 758.272 | I37: =IFERROR(H37/G37, "") -> 0.242575
A38: Middletown | B38: NJ | C38: 3205.3 | D38: 2593.554 | E38: =IF(AND(ISNUMBER(C38),ISNUMBER(D38)), C38-D38, "") -> 611.746 | F38: =IFERROR(E38/D38, "") -> 0.2358717 | G38: 2618.888 | H38: =IF(AND(ISNUMBER(C38),ISNUMBER(G38)), C38-G38, "") -> 586.412 | I38: =IFERROR(H38/G38, "") -> 0.22391641
A39: Whiting Crestwood | B39: NJ | C39: 4260.8 | D39: 4143.522 | E39: =IF(AND(ISNUMBER(C39),ISNUMBER(D39)), C39-D39, "") -> 117.278 | F39: =IFERROR(E39/D39, "") -> 0.02830394 | G39: 3746.99 | H39: =IF(AND(ISNUMBER(C39),ISNUMBER(G39)), C39-G39, "") -> 513.81 | I39: =IFERROR(H39/G39, "") -> 0.13712607
A40: Barnegat | B40: NJ | C40: 5279.9203 | D40: 4551.484 | E40: =IF(AND(ISNUMBER(C40),ISNUMBER(D40)), C40-D40, "") -> 728.43631 | F40: =IFERROR(E40/D40, "") -> 0.16004369 | G40: 4382.064 | H40: =IF(AND(ISNUMBER(C40),ISNUMBER(G40)), C40-G40, "") -> 897.85631 | I40: =IFERROR(H40/G40, "") -> 0.20489347
A41: Manchester | B41: NJ | C41: 2410.4 | D41: 2672.945 | E41: =IF(AND(ISNUMBER(C41),ISNUMBER(D41)), C41-D41, "") -> -262.545 | F41: =IFERROR(E41/D41, "") -> -0.098223121 | G41: 3157.339 | H41: =IF(AND(ISNUMBER(C41),ISNUMBER(G41)), C41-G41, "") -> -746.939 | I41: =IFERROR(H41/G41, "") -> -0.23657232 | J41: 1. Compared to last year’s delta values, we can still see a negative variance for this site, which suggests an issue with the forecasted value.
A42: West Deptford - Woodbury | B42: NJ | C42: 3757 | D42: 3632.567 | E42: =IF(AND(ISNUMBER(C42),ISNUMBER(D42)), C42-D42, "") -> 124.433 | F42: =IFERROR(E42/D42, "") -> 0.03425484 | G42: 2957.622 | H42: =IF(AND(ISNUMBER(C42),ISNUMBER(G42)), C42-G42, "") -> 799.378 | I42: =IFERROR(H42/G42, "") -> 0.27027727
A43: Edison | B43: NJ | C43: 3228 | D43: 2730.11 | E43: =IF(AND(ISNUMBER(C43),ISNUMBER(D43)), C43-D43, "") -> 497.89 | F43: =IFERROR(E43/D43, "") -> 0.18236994 | G43: 2486.837 | H43: =IF(AND(ISNUMBER(C43),ISNUMBER(G43)), C43-G43, "") -> 741.163 | I43: =IFERROR(H43/G43, "") -> 0.29803441
A44: Flemington | B44: NJ | C44: 2843.4 | D44: 2391.215 | E44: =IF(AND(ISNUMBER(C44),ISNUMBER(D44)), C44-D44, "") -> 452.185 | F44: =IFERROR(E44/D44, "") -> 0.18910261 | G44: 2324.833 | H44: =IF(AND(ISNUMBER(C44),ISNUMBER(G44)), C44-G44, "") -> 518.567 | I44: =IFERROR(H44/G44, "") -> 0.22305559
A45: Route 22 | B45: NJ | C45: 2824.7 | D45: 2664.357 | E45: =IF(AND(ISNUMBER(C45),ISNUMBER(D45)), C45-D45, "") -> 160.343 | F45: =IFERROR(E45/D45, "") -> 0.060180749 | G45: 2325.854 | H45: =IF(AND(ISNUMBER(C45),ISNUMBER(G45)), C45-G45, "") -> 498.846 | I45: =IFERROR(H45/G45, "") -> 0.21447864
A46: Laurelton | B46: NJ | C46: 1726 | D46: 2453.389 | E46: =IF(AND(ISNUMBER(C46),ISNUMBER(D46)), C46-D46, "") -> -727.389 | F46: =IFERROR(E46/D46, "") -> -0.29648335 | G46: 2154.748 | H46: =IF(AND(ISNUMBER(C46),ISNUMBER(G46)), C46-G46, "") -> -428.748 | I46: =IFERROR(H46/G46, "") -> -0.19897826 | J46: 1. Site production was low on 03/05, 03/13, 03/15 to 03/17, 03/20, 03/24 due to rain.
A47: Mahwah | B47: NJ | C47: 2166.5 | D47: 1804.046 | E47: =IF(AND(ISNUMBER(C47),ISNUMBER(D47)), C47-D47, "") -> 362.454 | F47: =IFERROR(E47/D47, "") -> 0.20091173 | G47: 1894.991 | H47: =IF(AND(ISNUMBER(C47),ISNUMBER(G47)), C47-G47, "") -> 271.509 | I47: =IFERROR(H47/G47, "") -> 0.1432772 | J47: 1.Weather station is reporting 0 during production hours even on a good irradiance day
A48: Franklin Township WF | B48: NJ | C48: 2673 | D48: 2388.133 | E48: =IF(AND(ISNUMBER(C48),ISNUMBER(D48)), C48-D48, "") -> 284.867 | F48: =IFERROR(E48/D48, "") -> 0.11928439 | G48: 2728.558 | H48: =IF(AND(ISNUMBER(C48),ISNUMBER(G48)), C48-G48, "") -> -55.558 | I48: =IFERROR(H48/G48, "") -> -0.020361671
A49: Bordentown | B49: NJ | C49: 2242.8 | D49: 1823.829 | E49: =IF(AND(ISNUMBER(C49),ISNUMBER(D49)), C49-D49, "") -> 418.971 | F49: =IFERROR(E49/D49, "") -> 0.22972055 | G49: 1707.972 | H49: =IF(AND(ISNUMBER(C49),ISNUMBER(G49)), C49-G49, "") -> 534.828 | I49: =IFERROR(H49/G49, "") -> 0.31313628
A50: South Plainfield | B50: NJ | C50: 1548 | D50: 1343.054 | E50: =IF(AND(ISNUMBER(C50),ISNUMBER(D50)), C50-D50, "") -> 204.946 | F50: =IFERROR(E50/D50, "") -> 0.15259699 | G50: 1221.216 | H50: =IF(AND(ISNUMBER(C50),ISNUMBER(G50)), C50-G50, "") -> 326.784 | I50: =IFERROR(H50/G50, "") -> 0.26758903
A51: Somerset | B51: NJ | C51: 2368.5 | D51: 3126.464 | E51: =IF(AND(ISNUMBER(C51),ISNUMBER(D51)), C51-D51, "") -> -757.964 | F51: =IFERROR(E51/D51, "") -> -0.2424349 | G51: 1883.257 | H51: =IF(AND(ISNUMBER(C51),ISNUMBER(G51)), C51-G51, "") -> 485.243 | I51: =IFERROR(H51/G51, "") -> 0.25766159 | J51: 1. Site production was low on 03/05, 03/13, 03/15 to 03/17, 03/24, 03/30 due to bad weather.
A52: Clinton Main Relo | B52: NJ | C52: 2710.5781 | D52: 2698 | E52: =IF(AND(ISNUMBER(C52),ISNUMBER(D52)), C52-D52, "") -> 12.578125 | F52: =IFERROR(E52/D52, "") -> 0.0046620182 | G52: 2152.154 | H52: =IF(AND(ISNUMBER(C52),ISNUMBER(G52)), C52-G52, "") -> 558.42413 | I52: =IFERROR(H52/G52, "") -> 0.2594722
A53: North Brunswick | B53: NJ | C53: 2795.4 | D53: 2440.35 | E53: =IF(AND(ISNUMBER(C53),ISNUMBER(D53)), C53-D53, "") -> 355.05 | F53: =IFERROR(E53/D53, "") -> 0.14549143 | G53: 2416.194 | H53: =IF(AND(ISNUMBER(C53),ISNUMBER(G53)), C53-G53, "") -> 379.206 | I53: =IFERROR(H53/G53, "") -> 0.15694352
A54: Cherry Hill | B54: NJ | C54: 1992.9219 | D54: 1969.461 | E54: =IF(AND(ISNUMBER(C54),ISNUMBER(D54)), C54-D54, "") -> 23.460875 | F54: =IFERROR(E54/D54, "") -> 0.011912333 | G54: 1649.27 | H54: =IF(AND(ISNUMBER(C54),ISNUMBER(G54)), C54-G54, "") -> 343.65188 | I54: =IFERROR(H54/G54, "") -> 0.20836605 | J54: 1.Meter Phase B current was intermittently underreporting, but inverter production remained unaffected. On 03/06, a technician identified an issue with Phase B and swapped the CT for Phase B with the CT for Phase C. The issue was resolved after the technician's visit. | K54: 1.SR077660
A55: Hainesport | B55: NJ | C55: 2204.8 | D55: 2233.461 | E55: =IF(AND(ISNUMBER(C55),ISNUMBER(D55)), C55-D55, "") -> -28.661 | F55: =IFERROR(E55/D55, "") -> -0.01283255 | G55: 1604.675 | H55: =IF(AND(ISNUMBER(C55),ISNUMBER(G55)), C55-G55, "") -> 600.125 | I55: =IFERROR(H55/G55, "") -> 0.37398539
A56: San Antonio - Ops Ctr (Bldg 106) | B56: TX | C56: 52376.812 | D56: 52442.49 | E56: =IF(AND(ISNUMBER(C56),ISNUMBER(D56)), C56-D56, "") -> -65.6775 | F56: =IFERROR(E56/D56, "") -> -0.0012523719 | G56: 50658.68 | H56: =IF(AND(ISNUMBER(C56),ISNUMBER(G56)), C56-G56, "") -> 1718.1325 | I56: =IFERROR(H56/G56, "") -> 0.033915856
A57: San Antonio - Ops Ctr GM | B57: TX | C57: 392241.75 | D57: 429672.3 | E57: =IF(AND(ISNUMBER(C57),ISNUMBER(D57)), C57-D57, "") -> -37430.55 | F57: =IFERROR(E57/D57, "") -> -0.08711418 | G57: 366154 | H57: =IF(AND(ISNUMBER(C57),ISNUMBER(G57)), C57-G57, "") -> 26087.75 | I57: =IFERROR(H57/G57, "") -> 0.071248027
A58: San Antonio - Ctr (Bldg 201) | B58: TX | C58: 53578.875 | D58: 52003.89 | E58: =IF(AND(ISNUMBER(C58),ISNUMBER(D58)), C58-D58, "") -> 1574.985 | F58: =IFERROR(E58/D58, "") -> 0.030285907 | G58: 50695.24 | H58: =IF(AND(ISNUMBER(C58),ISNUMBER(G58)), C58-G58, "") -> 2883.635 | I58: =IFERROR(H58/G58, "") -> 0.05688177
A59: San Antonio - Ops Ctr (Bldg 203) | B59: TX | C59: 54983.5 | D59: 53458.88 | E59: =IF(AND(ISNUMBER(C59),ISNUMBER(D59)), C59-D59, "") -> 1524.62 | F59: =IFERROR(E59/D59, "") -> 0.02851949 | G59: 51279.11 | H59: =IF(AND(ISNUMBER(C59),ISNUMBER(G59)), C59-G59, "") -> 3704.39 | I59: =IFERROR(H59/G59, "") -> 0.072239748
A60: San Antonio - Ops Ctr (Bldg 205) | B60: TX | C60: 48894.375 | D60: 47420.04 | E60: =IF(AND(ISNUMBER(C60),ISNUMBER(D60)), C60-D60, "") -> 1474.335 | F60: =IFERROR(E60/D60, "") -> 0.031090969 | G60: 47943.82 | H60: =IF(AND(ISNUMBER(C60),ISNUMBER(G60)), C60-G60, "") -> 950.555 | I60: =IFERROR(H60/G60, "") -> 0.019826434
A61: San Antonio - Ops Ctr (Bldg 307) | B61: TX | C61: 52224.062 | D61: 51530.86 | E61: =IF(AND(ISNUMBER(C61),ISNUMBER(D61)), C61-D61, "") -> 693.2025 | F61: =IFERROR(E61/D61, "") -> 0.013452182 | G61: 49099.71 | H61: =IF(AND(ISNUMBER(C61),ISNUMBER(G61)), C61-G61, "") -> 3124.3525 | I61: =IFERROR(H61/G61, "") -> 0.06363281
A62: San Antonio - Ctr (Bldg 308) | B62: TX | C62: 51650.188 | D62: 50368.51 | E62: =IF(AND(ISNUMBER(C62),ISNUMBER(D62)), C62-D62, "") -> 1281.6775 | F62: =IFERROR(E62/D62, "") -> 0.025446008 | G62: 47704.74 | H62: =IF(AND(ISNUMBER(C62),ISNUMBER(G62)), C62-G62, "") -> 3945.4475 | I62: =IFERROR(H62/G62, "") -> 0.082705566
A63: San Antonio - Ops Ctr (Bldg 104) | B63: TX | C63: 14427.703 | D63: 15770.85 | E63: =IF(AND(ISNUMBER(C63),ISNUMBER(D63)), C63-D63, "") -> -1343.1469 | F63: =IFERROR(E63/D63, "") -> -0.085166422 | G63: 14698.6 | H63: =IF(AND(ISNUMBER(C63),ISNUMBER(G63)), C63-G63, "") -> -270.89687 | I63: =IFERROR(H63/G63, "") -> -0.018430114
A64: San Antonio - Ops Ctr (Bldg 102) | B64: TX | C64: 56859.938 | D64: 48446.05 | E64: =IF(AND(ISNUMBER(C64),ISNUMBER(D64)), C64-D64, "") -> 8413.8875 | F64: =IFERROR(E64/D64, "") -> 0.17367541 | G64: 53378.89 | H64: =IF(AND(ISNUMBER(C64),ISNUMBER(G64)), C64-G64, "") -> 3481.0475 | I64: =IFERROR(H64/G64, "") -> 0.065213936 | J64: 1.Inverter 3 stopped communicating at 12:00 CDT on 03/31, and production cannot be confirmed at the meter level. It has not regained communication since then. | K64: 1.SR099238
A65: Lodi - Lodi Vineyard | B65: CA | C65: 35355.625 | D65: 38012.72 | E65: =IF(AND(ISNUMBER(C65),ISNUMBER(D65)), C65-D65, "") -> -2657.095 | F65: =IFERROR(E65/D65, "") -> -0.069900154 | G65: 32370 | H65: =IF(AND(ISNUMBER(C65),ISNUMBER(G65)), C65-G65, "") -> 2985.625 | I65: =IFERROR(H65/G65, "") -> 0.092234322
A66: Arden Fair Mall | B66: CA | C66: 16843.047 | D66: 17634.4 | E66: =IF(AND(ISNUMBER(C66),ISNUMBER(D66)), C66-D66, "") -> -791.35313 | F66: =IFERROR(E66/D66, "") -> -0.044875534 | G66: 19350 | H66: =IF(AND(ISNUMBER(C66),ISNUMBER(G66)), C66-G66, "") -> -2506.9531 | I66: =IFERROR(H66/G66, "") -> -0.1295583 | J66: 1.Inverters 1 and 2 were offline from 06:30 PST to 14:50 PST on 03/06 | K66: 1.SR098213
A67: Modesto - Modesto Main | B67: CA | C67: 13610.084 | D67: 15389.38 | E67: =IF(AND(ISNUMBER(C67),ISNUMBER(D67)), C67-D67, "") -> -1779.2961 | F67: =IFERROR(E67/D67, "") -> -0.11561844 | G67: 18601.35 | H67: =IF(AND(ISNUMBER(C67),ISNUMBER(G67)), C67-G67, "") -> -4991.2661 | I67: =IFERROR(H67/G67, "") -> -0.26832816 | J67: 1.The site remained offline from 22:45 PDT on 03/16 until 14:45 PDT on 03/17.Issue got self resolved | K67: 1.SR098649
A68: Stevens Creek | B68: CA | C68: 4575.0458 | D68: 4274.869 | E68: =IF(AND(ISNUMBER(C68),ISNUMBER(D68)), C68-D68, "") -> 300.17676 | F68: =IFERROR(E68/D68, "") -> 0.070218937 | G68: 4937 | H68: =IF(AND(ISNUMBER(C68),ISNUMBER(G68)), C68-G68, "") -> -361.95424 | I68: =IFERROR(H68/G68, "") -> -0.073314613
A69: Covina Main | B69: CA | C69: 3455.8 | D69: 2873.588 | E69: =IF(AND(ISNUMBER(C69),ISNUMBER(D69)), C69-D69, "") -> 582.212 | F69: =IFERROR(E69/D69, "") -> 0.20260803 | G69: 3109 | H69: =IF(AND(ISNUMBER(C69),ISNUMBER(G69)), C69-G69, "") -> 346.8 | I69: =IFERROR(H69/G69, "") -> 0.11154712
A70: Old Ranch Town Center | B70: CA | C70: 1245.9932 | D70: 0 | E70: =IF(AND(ISNUMBER(C70),ISNUMBER(D70)), C70-D70, "") -> 1245.9932 | F70: =IFERROR(E70/D70, "") | G70: 1294 | H70: =IF(AND(ISNUMBER(C70),ISNUMBER(G70)), C70-G70, "") -> -48.006836 | I70: =IFERROR(H70/G70, "") -> -0.037099564
A71: Mountain Gate Plaza | B71: CA | C71: 8124.8 | D71: 0 | E71: =IF(AND(ISNUMBER(C71),ISNUMBER(D71)), C71-D71, "") -> 8124.8 | F71: =IFERROR(E71/D71, "") | G71: 9526 | H71: =IF(AND(ISNUMBER(C71),ISNUMBER(G71)), C71-G71, "") -> -1401.2 | I71: =IFERROR(H71/G71, "") -> -0.14709217 | J71: 1. Compared to last year’s (November and December) delta values, we still see a negative variance for this site, which suggests an issue with the forecasted value. Additionally, we do not have inverter communications for this site.
A72: Arcadia Main | B72: CA | C72: 3899.9489 | D72: 0 | E72: =IF(AND(ISNUMBER(C72),ISNUMBER(D72)), C72-D72, "") -> 3899.9489 | F72: =IFERROR(E72/D72, "") | G72: 4681 | H72: =IF(AND(ISNUMBER(C72),ISNUMBER(G72)), C72-G72, "") -> -781.0511 | I72: =IFERROR(H72/G72, "") -> -0.16685561 | J72: 1. Compared to last year’s (November and December) delta values, we still see a negative variance for this site, which suggests an issue with the forecasted value. Additionally, we do not have inverter communications for this site.
A73: Fairfield | B73: CA | C73: 3354.1356 | D73: 3359.502 | E73: =IF(AND(ISNUMBER(C73),ISNUMBER(D73)), C73-D73, "") -> -5.366389 | F73: =IFERROR(E73/D73, "") -> -0.0015973763 | G73: 3588 | H73: =IF(AND(ISNUMBER(C73),ISNUMBER(G73)), C73-G73, "") -> -233.86439 | I73: =IFERROR(H73/G73, "") -> -0.065179596
A74: Los Gatos | B74: CA | C74: 1727.5341 | D74: 1680.709 | E74: =IF(AND(ISNUMBER(C74),ISNUMBER(D74)), C74-D74, "") -> 46.825141 | F74: =IFERROR(E74/D74, "") -> 0.02786035 | G74: 0 | H74: =IF(AND(ISNUMBER(C74),ISNUMBER(G74)), C74-G74, "") -> 1727.5341 | I74: =IFERROR(H74/G74, "")
A75: San Marino | B75: CA | C75: 2913.3 | D75: 3623.307 | E75: =IF(AND(ISNUMBER(C75),ISNUMBER(D75)), C75-D75, "") -> -710.007 | F75: =IFERROR(E75/D75, "") -> -0.19595552 | G75: 4867.438 | H75: =IF(AND(ISNUMBER(C75),ISNUMBER(G75)), C75-G75, "") -> -1954.138 | I75: =IFERROR(H75/G75, "") -> -0.40147157 | J75: 1.Inverter 1 was offline from 06:45 PDT to 16:45 PDT on 03/09 and self resolved and we don't have SR for this issue.
A76: Buenaventura | B76: CA | C76: 4847.7148 | D76: 3441.57 | E76: =IF(AND(ISNUMBER(C76),ISNUMBER(D76)), C76-D76, "") -> 1406.1448 | F76: =IFERROR(E76/D76, "") -> 0.40857656 | G76: 5544 | H76: =IF(AND(ISNUMBER(C76),ISNUMBER(G76)), C76-G76, "") -> -696.28516 | I76: =IFERROR(H76/G76, "") -> -0.12559256 | J76: 1. Compared to last year’s (November and December) delta values, we still see a negative variance for this site, which suggests an issue with the forecasted value.
A77: N Black Canyon Hwy, Phoenix - North | B77: AZ | C77: 85410.875 | D77: 77197.31 | E77: =IF(AND(ISNUMBER(C77),ISNUMBER(D77)), C77-D77, "") -> 8213.565 | F77: =IFERROR(E77/D77, "") -> 0.10639704 | G77: 80919 | H77: =IF(AND(ISNUMBER(C77),ISNUMBER(G77)), C77-G77, "") -> 4491.875 | I77: =IFERROR(H77/G77, "") -> 0.055510758
A78: N Black Canyon Hwy, Phoenix - South | B78: AZ | C78: 90956.625 | D78: 84695.48 | E78: =IF(AND(ISNUMBER(C78),ISNUMBER(D78)), C78-D78, "") -> 6261.145 | F78: =IFERROR(E78/D78, "") -> 0.073925374 | G78: 89640 | H78: =IF(AND(ISNUMBER(C78),ISNUMBER(G78)), C78-G78, "") -> 1316.625 | I78: =IFERROR(H78/G78, "") -> 0.014687918 | J78: 1.Inverter 16 has one string down. A dispatch has been scheduled for the next PM on 05/26/25 | K78: 1.SR097838
A79: Building 2222, Rose Garden Ln, Phoenix | B79: AZ | C79: 104419.75 | D79: 103295.7 | E79: =IF(AND(ISNUMBER(C79),ISNUMBER(D79)), C79-D79, "") -> 1124.05 | F79: =IFERROR(E79/D79, "") -> 0.010881866 | G79: 104525 | H79: =IF(AND(ISNUMBER(C79),ISNUMBER(G79)), C79-G79, "") -> -105.25 | I79: =IFERROR(H79/G79, "") -> -0.0010069361
A80: Building 2202, Rose Garden Ln, Phoenix | B80: AZ | C80: 104380.12 | D80: 94117.18 | E80: =IF(AND(ISNUMBER(C80),ISNUMBER(D80)), C80-D80, "") -> 10262.945 | F80: =IFERROR(E80/D80, "") -> 0.10904433 | G80: 84590.54 | H80: =IF(AND(ISNUMBER(C80),ISNUMBER(G80)), C80-G80, "") -> 19789.585 | I80: =IFERROR(H80/G80, "") -> 0.2339456
A81: 99TH Ave & BELL | B81: AZ | C81: 18692.1 | D81: 18682.68 | E81: =IF(AND(ISNUMBER(C81),ISNUMBER(D81)), C81-D81, "") -> 9.42 | F81: =IFERROR(E81/D81, "") -> 0.00050421032 | G81: 19248 | H81: =IF(AND(ISNUMBER(C81),ISNUMBER(G81)), C81-G81, "") -> -555.9 | I81: =IFERROR(H81/G81, "") -> -0.028880923 | J81: 1.Inverter 2 tripped offline at 14:25 MDT on 03/18 and back online at 14:55 MDT on the same day.It tripped offline at 13:00 MDT on 03/19 and back online at 14:45 MDT on 03/19.
A82: Rincon | B82: AZ | C82: 8415.0234 | D82: 6682.046 | E82: =IF(AND(ISNUMBER(C82),ISNUMBER(D82)), C82-D82, "") -> 1732.9774 | F82: =IFERROR(E82/D82, "") -> 0.25934832 | G82: 7610 | H82: =IF(AND(ISNUMBER(C82),ISNUMBER(G82)), C82-G82, "") -> 805.02344 | I82: =IFERROR(H82/G82, "") -> 0.10578495
A83: Tucson Main Parking Garage | B83: AZ | C83: 8170.1025 | D83: 9413.695 | E83: =IF(AND(ISNUMBER(C83),ISNUMBER(D83)), C83-D83, "") -> -1243.5925 | F83: =IFERROR(E83/D83, "") -> -0.13210461 | G83: 11334 | H83: =IF(AND(ISNUMBER(C83),ISNUMBER(G83)), C83-G83, "") -> -3163.8975 | I83: =IFERROR(H83/G83, "") -> -0.27915101 | J83: 1.Site stopped communicating at 18:30 on 03/22,Unable to confirm production and Site did not regain the communication for the rest of the month. 2.Production meter is underreporting compared to the inverters, with B-phase current reading low compared to A & C. The meter is reporting lower by approximately 7kW. | K83: 1.SR098897 2.SR099589
A84: BE 199502 - Westgate | B84: CA | C84: 1722.2 | D84: 0 | E84: =IF(AND(ISNUMBER(C84),ISNUMBER(D84)), C84-D84, "") -> 1722.2 | F84: =IFERROR(E84/D84, "") | G84: 0 | H84: =IF(AND(ISNUMBER(C84),ISNUMBER(G84)), C84-G84, "") -> 1722.2 | I84: =IFERROR(H84/G84, "")

Sheet Apr
A1: {=portfolio} -> Wells Fargo | D1: April Actual v. Expected | G1: April Actual v. Forecasted
A2: Total | C2: =SUM(C4:C99) -> 2067960.5 | D2: =SUM(D4:D99) -> 1996226 | E2: =C2-D2 -> 71734.571 | F2: =IFERROR(E2/D2, 0) -> 0.035935095 | G2: =SUM(G4:G99) -> 2191014.8 | H2: =C2-G2 -> -123054.28 | I2: =IFERROR(H2/G2, 0) -> -0.056163145 | J2: =IF(AND(TODAY()>DATE(2024, 4, 1), COUNTA(Sites[Site])<>(COUNT(C:C)-1)), "Some sites are missing actual data; if new sites were added, make sure they are aligned correctly (including prior months!)", "")
A3: Site | B3: State | C3: Actual | D3: Expected | E3: Delta | F3: % | G3: Forecasted | H3: Delta | I3: % | J3: Notes | K3: Service Requests
A4: {=Sites[Site]} -> Adams & Broadway | B4: {=Sites[State]} -> CA | C4: 1178.7 | D4: NA | E4: =IF(AND(ISNUMBER(C4),ISNUMBER(D4)), C4-D4, "") | F4: =IFERROR(E4/D4, "") | G4: 1189 | H4: =IF(AND(ISNUMBER(C4),ISNUMBER(G4)), C4-G4, "") -> -10.3 | I4: =IFERROR(H4/G4, "") -> -0.0086627418
A5: Otay Mesa | B5: CA | C5: 38.2 | D5: NA | E5: =IF(AND(ISNUMBER(C5),ISNUMBER(D5)), C5-D5, "") | F5: =IFERROR(E5/D5, "") | H5: =IF(AND(ISNUMBER(C5),ISNUMBER(G5)), C5-G5, "") | I5: =IFERROR(H5/G5, "") | J5: 1. Production data taken from consumption meter.
A6: San Leandro | B6: CA | C6: 10927.75 | D6: 11196.35 | E6: =IF(AND(ISNUMBER(C6),ISNUMBER(D6)), C6-D6, "") -> -268.6 | F6: =IFERROR(E6/D6, "") -> -0.023989961 | G6: 44719.21 | H6: =IF(AND(ISNUMBER(C6),ISNUMBER(G6)), C6-G6, "") -> -33791.46 | I6: =IFERROR(H6/G6, "") -> -0.75563634 | J6: 1. Inverter 3 has a history of wire box damage, necessitating a complete inverter and wire box upgrade. The current wire box string fuse configuration was not acceptable. As a result, Inverter 3 has been undergoing the RMA process since 07/26/24. After the technician installed a new wire box, an arc fault was detected due to a damaged negative home run, which needs to be replaced. CPS Team is preparing quote for 36kW powerhead compatible with he V2 wirebox 2. Site was stopped communicating on 04/08 at 07:30am. The site was down for EPC testing on nearby project. 3. Inverter 4 and 6 are underperforming by 7KW from 06/13/24 due to 2 non-operational strings. Inverter 5 underperforming by 4kW since 02/08/2 due to a string down. | K6: 1. SR097801 2. SR099548 3. SR091496 | L6: SR099548 | M6: SR091496
A7: Van Nuys | B7: CA | C7: 1914.7 | D7: NA | E7: =IF(AND(ISNUMBER(C7),ISNUMBER(D7)), C7-D7, "") | F7: =IFERROR(E7/D7, "") | G7: 2371.125 | H7: =IF(AND(ISNUMBER(C7),ISNUMBER(G7)), C7-G7, "") -> -456.425 | I7: =IFERROR(H7/G7, "") -> -0.19249301 | J7: 1. Compared to last year’s delta values, we can still see a negative variance for this site, which suggests an issue with the forecasted value.
A8: 98th & Grant | B8: CO | C8: 1132.1 | D8: NA | E8: =IF(AND(ISNUMBER(C8),ISNUMBER(D8)), C8-D8, "") | F8: =IFERROR(E8/D8, "") | G8: 2136 | H8: =IF(AND(ISNUMBER(C8),ISNUMBER(G8)), C8-G8, "") -> -1003.9 | I8: =IFERROR(H8/G8, "") -> -0.46999064 | J8: 1. Compared to last year’s delta values, we still see a negative variance for this site, which suggests an issue with the forecasted value. Additionally, we do not have inverter communications for this site.
A9: Arapahoe Crossings | B9: CO | C9: 2890.2075 | D9: NA | E9: =IF(AND(ISNUMBER(C9),ISNUMBER(D9)), C9-D9, "") | F9: =IFERROR(E9/D9, "") | G9: 3938.046 | H9: =IF(AND(ISNUMBER(C9),ISNUMBER(G9)), C9-G9, "") -> -1047.8385 | I9: =IFERROR(H9/G9, "") -> -0.26608082 | J9: 1. Compared to last year’s (November and December) delta values, we still see a negative variance for this site, which suggests an issue with the forecasted value. Additionally, we do not have inverter communications for this site.
A10: Aurora City Center | B10: CO | C10: 1927.9 | D10: NA | E10: =IF(AND(ISNUMBER(C10),ISNUMBER(D10)), C10-D10, "") | F10: =IFERROR(E10/D10, "") | G10: 1830 | H10: =IF(AND(ISNUMBER(C10),ISNUMBER(G10)), C10-G10, "") -> 97.9 | I10: =IFERROR(H10/G10, "") -> 0.053497268
A11: Dry Creek | B11: CO | C11: 2238.5 | D11: NA | E11: =IF(AND(ISNUMBER(C11),ISNUMBER(D11)), C11-D11, "") | F11: =IFERROR(E11/D11, "") | G11: 2326 | H11: =IF(AND(ISNUMBER(C11),ISNUMBER(G11)), C11-G11, "") -> -87.5 | I11: =IFERROR(H11/G11, "") -> -0.037618229
A12: Highlands Ranch S. | B12: CO | C12: 1893.2 | D12: NA | E12: =IF(AND(ISNUMBER(C12),ISNUMBER(D12)), C12-D12, "") | F12: =IFERROR(E12/D12, "") | G12: 2208 | H12: =IF(AND(ISNUMBER(C12),ISNUMBER(G12)), C12-G12, "") -> -314.8 | I12: =IFERROR(H12/G12, "") -> -0.14257246 | J12: 1. Compared to last year’s (November and December) delta values, we still see a negative variance for this site, which suggests an issue with the forecasted value. Additionally, we do not have inverter communications for this site.
A13: Lone Tree | B13: CO | C13: 2930 | D13: NA | E13: =IF(AND(ISNUMBER(C13),ISNUMBER(D13)), C13-D13, "") | F13: =IFERROR(E13/D13, "") | G13: 5022 | H13: =IF(AND(ISNUMBER(C13),ISNUMBER(G13)), C13-G13, "") -> -2092 | I13: =IFERROR(H13/G13, "") -> -0.4165671 | J13: 1.Inverter 2 was offline for the entire month due to 'Fault State 401: Communication Fault.' The inverter needs to be replaced, but the client has not approved it. | K13: 1. SR084532, SR088671, PM4252 | L13: SR088671
A14: Meridian | B14: CO | C14: 3210.6 | D14: NA | E14: =IF(AND(ISNUMBER(C14),ISNUMBER(D14)), C14-D14, "") | F14: =IFERROR(E14/D14, "") | G14: 2914 | H14: =IF(AND(ISNUMBER(C14),ISNUMBER(G14)), C14-G14, "") -> 296.6 | I14: =IFERROR(H14/G14, "") -> 0.10178449
A15: Southglenn | B15: CO | C15: 3124.9 | D15: NA | E15: =IF(AND(ISNUMBER(C15),ISNUMBER(D15)), C15-D15, "") | F15: =IFERROR(E15/D15, "") | G15: 2987 | H15: =IF(AND(ISNUMBER(C15),ISNUMBER(G15)), C15-G15, "") -> 137.9 | I15: =IFERROR(H15/G15, "") -> 0.046166722
A16: Standley Lake | B16: CO | C16: 3214.8 | D16: NA | E16: =IF(AND(ISNUMBER(C16),ISNUMBER(D16)), C16-D16, "") | F16: =IFERROR(E16/D16, "") | G16: 3982 | H16: =IF(AND(ISNUMBER(C16),ISNUMBER(G16)), C16-G16, "") -> -767.2 | I16: =IFERROR(H16/G16, "") -> -0.192667 | J16: 1. Compared to last year’s delta values, we still see a negative variance for this site, which suggests an issue with the forecasted value. Additionally, we do not have inverter communications for this site.
A17: Havana Gardens | B17: CO | C17: 3616.7 | D17: NA | E17: =IF(AND(ISNUMBER(C17),ISNUMBER(D17)), C17-D17, "") | F17: =IFERROR(E17/D17, "") | G17: 1550 | H17: =IF(AND(ISNUMBER(C17),ISNUMBER(G17)), C17-G17, "") -> 2066.7 | I17: =IFERROR(H17/G17, "") -> 1.3333548
A18: East Hartford | B18: CT | C18: 723.2 | D18: 1739.418 | E18: =IF(AND(ISNUMBER(C18),ISNUMBER(D18)), C18-D18, "") -> -1016.218 | F18: =IFERROR(E18/D18, "") -> -0.58422875 | G18: 796.537 | H18: =IF(AND(ISNUMBER(C18),ISNUMBER(G18)), C18-G18, "") -> -73.337 | I18: =IFERROR(H18/G18, "") -> -0.092069797 | J18: 1. Site production was low on 04/03, 04/05, 04/07, 04/11 and 04/12 due to rain.
A19: Norwalk | B19: CT | C19: 899.51166 | D19: 95.7591 | E19: =IF(AND(ISNUMBER(C19),ISNUMBER(D19)), C19-D19, "") -> 803.75256 | F19: =IFERROR(E19/D19, "") -> 8.3934849 | G19: 988.8046 | H19: =IF(AND(ISNUMBER(C19),ISNUMBER(G19)), C19-G19, "") -> -89.292937 | I19: =IFERROR(H19/G19, "") -> -0.090303926 | J19: 1.Weather station reporting erroneous values from 07/04/2024 | K19: 1.SR088667
A20: Hialeah Gardens | B20: FL | C20: 911.9 | D20: 4622.757 | E20: =IF(AND(ISNUMBER(C20),ISNUMBER(D20)), C20-D20, "") -> -3710.857 | F20: =IFERROR(E20/D20, "") -> -0.80273677 | G20: 5532 | H20: =IF(AND(ISNUMBER(C20),ISNUMBER(G20)), C20-G20, "") -> -4620.1 | I20: =IFERROR(H20/G20, "") -> -0.83515907 | J20: 1.Site underperforming by ~15 kW since 03/12. Will investigate next time onsite | K20: 1.SR098782
A21: W. Des Moines Campus EAST | B21: IA | C21: 171303.5 | D21: 165349.4 | E21: =IF(AND(ISNUMBER(C21),ISNUMBER(D21)), C21-D21, "") -> 5954.1 | F21: =IFERROR(E21/D21, "") -> 0.036009202 | G21: 177300 | H21: =IF(AND(ISNUMBER(C21),ISNUMBER(G21)), C21-G21, "") -> -5996.5 | I21: =IFERROR(H21/G21, "") -> -0.033821207
A22: W. Des Moines Campus SW | B22: IA | C22: 85146.5 | D22: 83403.95 | E22: =IF(AND(ISNUMBER(C22),ISNUMBER(D22)), C22-D22, "") -> 1742.55 | F22: =IFERROR(E22/D22, "") -> 0.020892895 | G22: 87570.38 | H22: =IF(AND(ISNUMBER(C22),ISNUMBER(G22)), C22-G22, "") -> -2423.88 | I22: =IFERROR(H22/G22, "") -> -0.027679222
A23: WF - CIC | B23: NC | C23: 181200 | D23: 181100.24 | E23: =IF(AND(ISNUMBER(C23),ISNUMBER(D23)), C23-D23, "") -> 99.763 | F23: =IFERROR(E23/D23, "") -> 0.00055087173 | G23: 194273 | H23: =IF(AND(ISNUMBER(C23),ISNUMBER(G23)), C23-G23, "") -> -13073 | I23: =IFERROR(H23/G23, "") -> -0.067291904
A24: Charlotte - Wells Fargo - DUC | B24: NC | C24: 182298 | D24: 197108 | E24: =IF(AND(ISNUMBER(C24),ISNUMBER(D24)), C24-D24, "") -> -14809.996 | F24: =IFERROR(E24/D24, "") -> -0.075136455 | G24: 175059 | H24: =IF(AND(ISNUMBER(C24),ISNUMBER(G24)), C24-G24, "") -> 7239 | I24: =IFERROR(H24/G24, "") -> 0.041351773
A25: East Windsor | B25: NJ | C25: 950.6 | D25: 827.86 | E25: =IF(AND(ISNUMBER(C25),ISNUMBER(D25)), C25-D25, "") -> 122.74 | F25: =IFERROR(E25/D25, "") -> 0.14826178 | G25: 1082.876 | H25: =IF(AND(ISNUMBER(C25),ISNUMBER(G25)), C25-G25, "") -> -132.276 | I25: =IFERROR(H25/G25, "") -> -0.12215249 | J25: 1. Compared to last year’s delta values, we can still see a negative variance for this site, which suggests an issue with the forecasted value.
A26: Burlington | B26: NJ | C26: 2418.5 | D26: 2340.075 | E26: =IF(AND(ISNUMBER(C26),ISNUMBER(D26)), C26-D26, "") -> 78.425 | F26: =IFERROR(E26/D26, "") -> 0.033513883 | G26: 2737.725 | H26: =IF(AND(ISNUMBER(C26),ISNUMBER(G26)), C26-G26, "") -> -319.225 | I26: =IFERROR(H26/G26, "") -> -0.11660229 | J26: 1. Compared to last year’s delta values, we can still see a negative variance for this site, which suggests an issue with the forecasted value.
A27: Bayonne | B27: NJ | C27: 3164 | D27: 3018.93 | E27: =IF(AND(ISNUMBER(C27),ISNUMBER(D27)), C27-D27, "") -> 145.07 | F27: =IFERROR(E27/D27, "") -> 0.048053449 | G27: 3301.63 | H27: =IF(AND(ISNUMBER(C27),ISNUMBER(G27)), C27-G27, "") -> -137.63 | I27: =IFERROR(H27/G27, "") -> -0.041685471
A28: Clifton | B28: NJ | C28: 3850.2266 | D28: 3905.98 | E28: =IF(AND(ISNUMBER(C28),ISNUMBER(D28)), C28-D28, "") -> -55.753438 | F28: =IFERROR(E28/D28, "") -> -0.014273867 | G28: 4379.771 | H28: =IF(AND(ISNUMBER(C28),ISNUMBER(G28)), C28-G28, "") -> -529.54444 | I28: =IFERROR(H28/G28, "") -> -0.12090688 | J28: 1. Compared to last year’s delta values, we can still see a negative variance for this site, which suggests an issue with the forecasted value.
A29: North Elizabeth | B29: NJ | C29: 3379.9 | D29: 2552.034 | E29: =IF(AND(ISNUMBER(C29),ISNUMBER(D29)), C29-D29, "") -> 827.866 | F29: =IFERROR(E29/D29, "") -> 0.32439458 | G29: 3644.03 | H29: =IF(AND(ISNUMBER(C29),ISNUMBER(G29)), C29-G29, "") -> -264.13 | I29: =IFERROR(H29/G29, "") -> -0.072482938
A30: Haddon Westmont Plaza | B30: NJ | C30: 2352.4 | D30: 2273.354 | E30: =IF(AND(ISNUMBER(C30),ISNUMBER(D30)), C30-D30, "") -> 79.046 | F30: =IFERROR(E30/D30, "") -> 0.034770652 | G30: 2652.288 | H30: =IF(AND(ISNUMBER(C30),ISNUMBER(G30)), C30-G30, "") -> -299.888 | I30: =IFERROR(H30/G30, "") -> -0.11306766 | J30: 1. Compared to last year’s delta values, we can still see a negative variance for this site, which suggests an issue with the forecasted value.
A31: Parsippany | B31: NJ | C31: 2855.2 | D31: 2683.226 | E31: =IF(AND(ISNUMBER(C31),ISNUMBER(D31)), C31-D31, "") -> 171.974 | F31: =IFERROR(E31/D31, "") -> 0.064092253 | G31: 3019.046 | H31: =IF(AND(ISNUMBER(C31),ISNUMBER(G31)), C31-G31, "") -> -163.846 | I31: =IFERROR(H31/G31, "") -> -0.054270786
A32: Clark | B32: NJ | C32: 2377 | D32: 2258.222 | E32: =IF(AND(ISNUMBER(C32),ISNUMBER(D32)), C32-D32, "") -> 118.778 | F32: =IFERROR(E32/D32, "") -> 0.052598017 | G32: 2524.698 | H32: =IF(AND(ISNUMBER(C32),ISNUMBER(G32)), C32-G32, "") -> -147.698 | I32: =IFERROR(H32/G32, "") -> -0.058501254
A33: Closter | B33: NJ | C33: 1232.4 | D33: 999.4585 | E33: =IF(AND(ISNUMBER(C33),ISNUMBER(D33)), C33-D33, "") -> 232.9415 | F33: =IFERROR(E33/D33, "") -> 0.23306771 | G33: 1502.353 | H33: =IF(AND(ISNUMBER(C33),ISNUMBER(G33)), C33-G33, "") -> -269.953 | I33: =IFERROR(H33/G33, "") -> -0.1796868 | J33: 1. Compared to last year’s delta values, we can still see a negative variance for this site, which suggests an issue with the forecasted value.
A34: Holmdel | B34: NJ | C34: 2005.7 | D34: 5818.511 | E34: =IF(AND(ISNUMBER(C34),ISNUMBER(D34)), C34-D34, "") -> -3812.811 | F34: =IFERROR(E34/D34, "") -> -0.65528982 | G34: 2179.335 | H34: =IF(AND(ISNUMBER(C34),ISNUMBER(G34)), C34-G34, "") -> -173.635 | I34: =IFERROR(H34/G34, "") -> -0.079673387 | J34: 1. Weather station constantly reporting a fixed value of 1237.22 W/m2 01/09. | K34: 1. SR100979
A35: Ellisburg Circle Center | B35: NJ | C35: 1046.4 | D35: 1034.757 | E35: =IF(AND(ISNUMBER(C35),ISNUMBER(D35)), C35-D35, "") -> 11.643 | F35: =IFERROR(E35/D35, "") -> 0.011251917 | G35: 1215.695 | H35: =IF(AND(ISNUMBER(C35),ISNUMBER(G35)), C35-G35, "") -> -169.295 | I35: =IFERROR(H35/G35, "") -> -0.13925779 | J35: 1. Compared to last year’s delta values, we can still see a negative variance for this site, which suggests an issue with the forecasted value.
A36: Nutley | B36: NJ | C36: 4065.1 | D36: 3304.769 | E36: =IF(AND(ISNUMBER(C36),ISNUMBER(D36)), C36-D36, "") -> 760.331 | F36: =IFERROR(E36/D36, "") -> 0.23007085 | G36: 4263.087 | H36: =IF(AND(ISNUMBER(C36),ISNUMBER(G36)), C36-G36, "") -> -197.987 | I36: =IFERROR(H36/G36, "") -> -0.046442167
A37: Marlton | B37: NJ | C37: 3781.9 | D37: 3337.494 | E37: =IF(AND(ISNUMBER(C37),ISNUMBER(D37)), C37-D37, "") -> 444.406 | F37: =IFERROR(E37/D37, "") -> 0.1331556 | G37: 4176.629 | H37: =IF(AND(ISNUMBER(C37),ISNUMBER(G37)), C37-G37, "") -> -394.729 | I37: =IFERROR(H37/G37, "") -> -0.094508993
A38: Middletown | B38: NJ | C38: 2971.6 | D38: 2413.903 | E38: =IF(AND(ISNUMBER(C38),ISNUMBER(D38)), C38-D38, "") -> 557.697 | F38: =IFERROR(E38/D38, "") -> 0.23103538 | G38: 3483.805 | H38: =IF(AND(ISNUMBER(C38),ISNUMBER(G38)), C38-G38, "") -> -512.205 | I38: =IFERROR(H38/G38, "") -> -0.14702459 | J38: 1. Weather station is frequently reporting erroneous values since 04/14. | K38: 1. SR100592
A39: Whiting Crestwood | B39: NJ | C39: 3892.6 | D39: 3672.167 | E39: =IF(AND(ISNUMBER(C39),ISNUMBER(D39)), C39-D39, "") -> 220.433 | F39: =IFERROR(E39/D39, "") -> 0.060028043 | G39: 4680.268 | H39: =IF(AND(ISNUMBER(C39),ISNUMBER(G39)), C39-G39, "") -> -787.668 | I39: =IFERROR(H39/G39, "") -> -0.16829549 | J39: 1. Compared to last year’s delta values, we can still see a negative variance for this site, which suggests an issue with the forecasted value.
A40: Barnegat | B40: NJ | C40: 5388.5009 | D40: 4836.056 | E40: =IF(AND(ISNUMBER(C40),ISNUMBER(D40)), C40-D40, "") -> 552.44494 | F40: =IFERROR(E40/D40, "") -> 0.1142346 | G40: 6060.426 | H40: =IF(AND(ISNUMBER(C40),ISNUMBER(G40)), C40-G40, "") -> -671.92506 | I40: =IFERROR(H40/G40, "") -> -0.11087093 | J40: 1. The site went offline at 18:05 on 04/22 later self resolved and back online at 15:15 on 04/22. | K40: 1. SR100186
A41: Manchester | B41: NJ | C41: 2211.2 | D41: 2485.739 | E41: =IF(AND(ISNUMBER(C41),ISNUMBER(D41)), C41-D41, "") -> -274.539 | F41: =IFERROR(E41/D41, "") -> -0.11044563 | G41: 3945.98 | H41: =IF(AND(ISNUMBER(C41),ISNUMBER(G41)), C41-G41, "") -> -1734.78 | I41: =IFERROR(H41/G41, "") -> -0.43963223 | J41: 1. Site production was low on 04/07, 04/11 and 04/12 due to rain.
A42: West Deptford - Woodbury | B42: NJ | C42: 3415 | D42: 3542.484 | E42: =IF(AND(ISNUMBER(C42),ISNUMBER(D42)), C42-D42, "") -> -127.484 | F42: =IFERROR(E42/D42, "") -> -0.035987177 | G42: 3774.898 | H42: =IF(AND(ISNUMBER(C42),ISNUMBER(G42)), C42-G42, "") -> -359.898 | I42: =IFERROR(H42/G42, "") -> -0.095339795
A43: Edison | B43: NJ | C43: 3046.8 | D43: 2910.412 | E43: =IF(AND(ISNUMBER(C43),ISNUMBER(D43)), C43-D43, "") -> 136.388 | F43: =IFERROR(E43/D43, "") -> 0.046862094 | G43: 3309.446 | H43: =IF(AND(ISNUMBER(C43),ISNUMBER(G43)), C43-G43, "") -> -262.646 | I43: =IFERROR(H43/G43, "") -> -0.079362528
A44: Flemington | B44: NJ | C44: 2898.1 | D44: 2720.434 | E44: =IF(AND(ISNUMBER(C44),ISNUMBER(D44)), C44-D44, "") -> 177.666 | F44: =IFERROR(E44/D44, "") -> 0.065307962 | G44: 3283.906 | H44: =IF(AND(ISNUMBER(C44),ISNUMBER(G44)), C44-G44, "") -> -385.806 | I44: =IFERROR(H44/G44, "") -> -0.11748387 | J44: 1. Compared to last year’s delta values, we can still see a negative variance for this site, which suggests an issue with the forecasted value.
A45: Route 22 | B45: NJ | C45: 2799.2 | D45: 2986.564 | E45: =IF(AND(ISNUMBER(C45),ISNUMBER(D45)), C45-D45, "") -> -187.364 | F45: =IFERROR(E45/D45, "") -> -0.062735639 | G45: 3173.046 | H45: =IF(AND(ISNUMBER(C45),ISNUMBER(G45)), C45-G45, "") -> -373.846 | I45: =IFERROR(H45/G45, "") -> -0.11781928 | J45: 1.The site tripped offline at 11:37 AM on 04/25 due to "Loss of Main - GridV.OutLim" but was back online by 12:00 PM. The outage was brief with minimal production loss | K45: 1.SR100412
A46: Laurelton | B46: NJ | C46: 1171.7 | D46: 1737.468 | E46: =IF(AND(ISNUMBER(C46),ISNUMBER(D46)), C46-D46, "") -> -565.768 | F46: =IFERROR(E46/D46, "") -> -0.32562787 | G46: 2844.59 | H46: =IF(AND(ISNUMBER(C46),ISNUMBER(G46)), C46-G46, "") -> -1672.89 | I46: =IFERROR(H46/G46, "") -> -0.5880953 | J46: 1.The site lost communication at 20:00 EDT on 04/23. Production cannot be confirmed, and the issue remains unresolved for rest of the month. | K46: 1.SR100432
A47: Mahwah | B47: NJ | C47: 2351 | D47: 1143.74 | E47: =IF(AND(ISNUMBER(C47),ISNUMBER(D47)), C47-D47, "") -> 1207.26 | F47: =IFERROR(E47/D47, "") -> 1.0555371 | G47: 2592.199 | H47: =IF(AND(ISNUMBER(C47),ISNUMBER(G47)), C47-G47, "") -> -241.199 | I47: =IFERROR(H47/G47, "") -> -0.093048026 | J47: 1.Weather station is frequently reporting erroneous values ( 0 w/m^2) during mid days from 03/10. | K47: 1.SR100593
A48: Franklin Township WF | B48: NJ | C48: 2616.2 | D48: 2522.432 | E48: =IF(AND(ISNUMBER(C48),ISNUMBER(D48)), C48-D48, "") -> 93.768 | F48: =IFERROR(E48/D48, "") -> 0.037173648 | G48: 3131.784 | H48: =IF(AND(ISNUMBER(C48),ISNUMBER(G48)), C48-G48, "") -> -515.584 | I48: =IFERROR(H48/G48, "") -> -0.16462949 | J48: 1. Compared to last year’s delta values, we can still see a negative variance for this site, which suggests an issue with the forecasted value.
A49: Bordentown | B49: NJ | C49: 2019.1 | D49: 1809.119 | E49: =IF(AND(ISNUMBER(C49),ISNUMBER(D49)), C49-D49, "") -> 209.981 | F49: =IFERROR(E49/D49, "") -> 0.1160681 | G49: 2244.876 | H49: =IF(AND(ISNUMBER(C49),ISNUMBER(G49)), C49-G49, "") -> -225.776 | I49: =IFERROR(H49/G49, "") -> -0.10057393 | J49: 1. Compared to last year’s delta values, we can still see a negative variance for this site, which suggests an issue with the forecasted value.
A50: South Plainfield | B50: NJ | C50: 1501.3 | D50: 1442.119 | E50: =IF(AND(ISNUMBER(C50),ISNUMBER(D50)), C50-D50, "") -> 59.181 | F50: =IFERROR(E50/D50, "") -> 0.041037529 | G50: 1587.594 | H50: =IF(AND(ISNUMBER(C50),ISNUMBER(G50)), C50-G50, "") -> -86.294 | I50: =IFERROR(H50/G50, "") -> -0.054355207
A51: Somerset | B51: NJ | C51: 2356.7 | D51: 2363.841 | E51: =IF(AND(ISNUMBER(C51),ISNUMBER(D51)), C51-D51, "") -> -7.141 | F51: =IFERROR(E51/D51, "") -> -0.0030209308 | G51: 2651.527 | H51: =IF(AND(ISNUMBER(C51),ISNUMBER(G51)), C51-G51, "") -> -294.827 | I51: =IFERROR(H51/G51, "") -> -0.1111914 | J51: 1. Compared to last year’s delta values, we can still see a negative variance for this site, which suggests an issue with the forecasted value.
A52: Clinton Main Relo | B52: NJ | C52: 2804.016 | D52: 2794.365 | E52: =IF(AND(ISNUMBER(C52),ISNUMBER(D52)), C52-D52, "") -> 9.651 | F52: =IFERROR(E52/D52, "") -> 0.0034537364 | G52: 3050 | H52: =IF(AND(ISNUMBER(C52),ISNUMBER(G52)), C52-G52, "") -> -245.984 | I52: =IFERROR(H52/G52, "") -> -0.080650492
A53: North Brunswick | B53: NJ | C53: 2819.1 | D53: 2556.078 | E53: =IF(AND(ISNUMBER(C53),ISNUMBER(D53)), C53-D53, "") -> 263.022 | F53: =IFERROR(E53/D53, "") -> 0.10290062 | G53: 3314.221 | H53: =IF(AND(ISNUMBER(C53),ISNUMBER(G53)), C53-G53, "") -> -495.121 | I53: =IFERROR(H53/G53, "") -> -0.14939287 | J53: 1. Compared to last year’s delta values, we can still see a negative variance for this site, which suggests an issue with the forecasted value.
A54: Cherry Hill | B54: NJ | C54: 1939.5078 | D54: 1866.141 | E54: =IF(AND(ISNUMBER(C54),ISNUMBER(D54)), C54-D54, "") -> 73.366812 | F54: =IFERROR(E54/D54, "") -> 0.039314721 | G54: 2159.379 | H54: =IF(AND(ISNUMBER(C54),ISNUMBER(G54)), C54-G54, "") -> -219.87119 | I54: =IFERROR(H54/G54, "") -> -0.10182149 | J54: 1. Compared to last year’s delta values, we can still see a negative variance for this site, which suggests an issue with the forecasted value.
A55: Hainesport | B55: NJ | C55: 2018.9 | D55: 2197.309 | E55: =IF(AND(ISNUMBER(C55),ISNUMBER(D55)), C55-D55, "") -> -178.409 | F55: =IFERROR(E55/D55, "") -> -0.081194315 | G55: 2178.601 | H55: =IF(AND(ISNUMBER(C55),ISNUMBER(G55)), C55-G55, "") -> -159.701 | I55: =IFERROR(H55/G55, "") -> -0.073304382
A56: San Antonio - Ops Ctr (Bldg 106) | B56: TX | C56: 50921.375 | D56: 43776.03 | E56: =IF(AND(ISNUMBER(C56),ISNUMBER(D56)), C56-D56, "") -> 7145.345 | F56: =IFERROR(E56/D56, "") -> 0.16322506 | G56: 53476.867 | H56: =IF(AND(ISNUMBER(C56),ISNUMBER(G56)), C56-G56, "") -> -2555.492 | I56: =IFERROR(H56/G56, "") -> -0.047786868
A57: San Antonio - Ops Ctr GM | B57: TX | C57: 343832.5 | D57: 381732.22 | E57: =IF(AND(ISNUMBER(C57),ISNUMBER(D57)), C57-D57, "") -> -37899.717 | F57: =IFERROR(E57/D57, "") -> -0.099283517 | G57: 398948 | H57: =IF(AND(ISNUMBER(C57),ISNUMBER(G57)), C57-G57, "") -> -55115.5 | I57: =IFERROR(H57/G57, "") -> -0.13815209 | J57: 1. Compared to last year’s delta values, we can still see a negative variance for this site, which suggests an issue with the forecasted value.
A58: San Antonio - Ctr (Bldg 201) | B58: TX | C58: 50362.063 | D58: 43402.646 | E58: =IF(AND(ISNUMBER(C58),ISNUMBER(D58)), C58-D58, "") -> 6959.417 | F58: =IFERROR(E58/D58, "") -> 0.16034545 | G58: 51796.959 | H58: =IF(AND(ISNUMBER(C58),ISNUMBER(G58)), C58-G58, "") -> -1434.896 | I58: =IFERROR(H58/G58, "") -> -0.027702321
A59: San Antonio - Ops Ctr (Bldg 203) | B59: TX | C59: 50898.563 | D59: 49204.072 | E59: =IF(AND(ISNUMBER(C59),ISNUMBER(D59)), C59-D59, "") -> 1694.491 | F59: =IFERROR(E59/D59, "") -> 0.034438024 | G59: 52755.654 | H59: =IF(AND(ISNUMBER(C59),ISNUMBER(G59)), C59-G59, "") -> -1857.091 | I59: =IFERROR(H59/G59, "") -> -0.035201743
A60: San Antonio - Ops Ctr (Bldg 205) | B60: TX | C60: 46936.929 | D60: 39580.127 | E60: =IF(AND(ISNUMBER(C60),ISNUMBER(D60)), C60-D60, "") -> 7356.802 | F60: =IFERROR(E60/D60, "") -> 0.18587111 | G60: 50476.89 | H60: =IF(AND(ISNUMBER(C60),ISNUMBER(G60)), C60-G60, "") -> -3539.961 | I60: =IFERROR(H60/G60, "") -> -0.070130331
A61: San Antonio - Ops Ctr (Bldg 307) | B61: TX | C61: 46442.938 | D61: 43015.009 | E61: =IF(AND(ISNUMBER(C61),ISNUMBER(D61)), C61-D61, "") -> 3427.929 | F61: =IFERROR(E61/D61, "") -> 0.079691463 | G61: 51302.79 | H61: =IF(AND(ISNUMBER(C61),ISNUMBER(G61)), C61-G61, "") -> -4859.852 | I61: =IFERROR(H61/G61, "") -> -0.094728805
A62: San Antonio - Ctr (Bldg 308) | B62: TX | C62: 47781 | D62: 42038.88 | E62: =IF(AND(ISNUMBER(C62),ISNUMBER(D62)), C62-D62, "") -> 5742.12 | F62: =IFERROR(E62/D62, "") -> 0.1365907 | G62: 48875.47 | H62: =IF(AND(ISNUMBER(C62),ISNUMBER(G62)), C62-G62, "") -> -1094.47 | I62: =IFERROR(H62/G62, "") -> -0.022393033
A63: San Antonio - Ops Ctr (Bldg 104) | B63: TX | C63: 13775.526 | D63: 13173.689 | E63: =IF(AND(ISNUMBER(C63),ISNUMBER(D63)), C63-D63, "") -> 601.837 | F63: =IFERROR(E63/D63, "") -> 0.045684774 | G63: 15480.73 | H63: =IF(AND(ISNUMBER(C63),ISNUMBER(G63)), C63-G63, "") -> -1705.204 | I63: =IFERROR(H63/G63, "") -> -0.1101501 | J63: 1. Compared to last year’s delta values, we can still see a negative variance for this site, which suggests an issue with the forecasted value.
A64: San Antonio - Ops Ctr (Bldg 102) | B64: TX | C64: 47893.688 | D64: 41440.58 | E64: =IF(AND(ISNUMBER(C64),ISNUMBER(D64)), C64-D64, "") -> 6453.108 | F64: =IFERROR(E64/D64, "") -> 0.15571954 | G64: 55228.81 | H64: =IF(AND(ISNUMBER(C64),ISNUMBER(G64)), C64-G64, "") -> -7335.122 | I64: =IFERROR(H64/G64, "") -> -0.13281333 | J64: 1.Inverter-3 was offline since 03/31,on 04/11 ,technician rebooted and cleared gateway fault after that inverter was back online at 11:08 on 04/11,again it was oflline at 14:35 on 04/12 technician checked in on 04/15 and reconnected NEP gateway to internet ,after which it came back online at 08:15 on 04/16,again it was offline at 14:00 on 04/16.On 04/18 techician replaced faulty RSD unit with the new one and issue was resolved.Inverter was back online at 10:00 on 04/21. | K64: 1.SR099238
A65: Lodi - Lodi Vineyard | B65: CA | C65: 46039.719 | D65: 49502.01 | E65: =IF(AND(ISNUMBER(C65),ISNUMBER(D65)), C65-D65, "") -> -3462.2913 | F65: =IFERROR(E65/D65, "") -> -0.069942438 | G65: 36362 | H65: =IF(AND(ISNUMBER(C65),ISNUMBER(G65)), C65-G65, "") -> 9677.7188 | I65: =IFERROR(H65/G65, "") -> 0.26614924
A66: Arden Fair Mall | B66: CA | C66: 22643.859 | D66: 22916.56 | E66: =IF(AND(ISNUMBER(C66),ISNUMBER(D66)), C66-D66, "") -> -272.70063 | F66: =IFERROR(E66/D66, "") -> -0.011899719 | G66: 23272 | H66: =IF(AND(ISNUMBER(C66),ISNUMBER(G66)), C66-G66, "") -> -628.14062 | I66: =IFERROR(H66/G66, "") -> -0.026991261
A67: Modesto - Modesto Main | B67: CA | C67: 17813.406 | D67: 19239.15 | E67: =IF(AND(ISNUMBER(C67),ISNUMBER(D67)), C67-D67, "") -> -1425.7438 | F67: =IFERROR(E67/D67, "") -> -0.074106379 | G67: 21715.17 | H67: =IF(AND(ISNUMBER(C67),ISNUMBER(G67)), C67-G67, "") -> -3901.7637 | I67: =IFERROR(H67/G67, "") -> -0.17967917 | J67: 1. Compared to last year’s delta values, we can still see a negative variance for this site, which suggests an issue with the forecasted value.
A68: Stevens Creek | B68: CA | C68: 5770.6433 | D68: 5580.483 | E68: =IF(AND(ISNUMBER(C68),ISNUMBER(D68)), C68-D68, "") -> 190.16026 | F68: =IFERROR(E68/D68, "") -> 0.03407595 | G68: 5993 | H68: =IF(AND(ISNUMBER(C68),ISNUMBER(G68)), C68-G68, "") -> -222.35674 | I68: =IFERROR(H68/G68, "") -> -0.037102744
A69: Covina Main | B69: CA | C69: 3922 | D69: 3411.209 | E69: =IF(AND(ISNUMBER(C69),ISNUMBER(D69)), C69-D69, "") -> 510.791 | F69: =IFERROR(E69/D69, "") -> 0.14973899 | G69: 3350 | H69: =IF(AND(ISNUMBER(C69),ISNUMBER(G69)), C69-G69, "") -> 572 | I69: =IFERROR(H69/G69, "") -> 0.17074627
A70: Old Ranch Town Center | B70: CA | C70: 1396.8203 | D70: NA | E70: =IF(AND(ISNUMBER(C70),ISNUMBER(D70)), C70-D70, "") | F70: =IFERROR(E70/D70, "") | G70: 1468 | H70: =IF(AND(ISNUMBER(C70),ISNUMBER(G70)), C70-G70, "") -> -71.179688 | I70: =IFERROR(H70/G70, "") -> -0.048487526
A71: Mountain Gate Plaza | B71: CA | C71: 9495.5 | D71: NA | E71: =IF(AND(ISNUMBER(C71),ISNUMBER(D71)), C71-D71, "") | F71: =IFERROR(E71/D71, "") | G71: 9942 | H71: =IF(AND(ISNUMBER(C71),ISNUMBER(G71)), C71-G71, "") -> -446.5 | I71: =IFERROR(H71/G71, "") -> -0.044910481
A72: Arcadia Main | B72: CA | C72: 3914.4594 | D72: NA | E72: =IF(AND(ISNUMBER(C72),ISNUMBER(D72)), C72-D72, "") | F72: =IFERROR(E72/D72, "") | G72: 5021 | H72: =IF(AND(ISNUMBER(C72),ISNUMBER(G72)), C72-G72, "") -> -1106.5406 | I72: =IFERROR(H72/G72, "") -> -0.22038251 | J72: 1. Compared to last year’s (November and December) delta values, we still see a negative variance for this site, which suggests an issue with the forecasted value. Additionally, we do not have inverter communications for this site.
A73: Fairfield | B73: CA | C73: 4272.1207 | D73: 4180.985 | E73: =IF(AND(ISNUMBER(C73),ISNUMBER(D73)), C73-D73, "") -> 91.135742 | F73: =IFERROR(E73/D73, "") -> 0.021797673 | G73: 4343 | H73: =IF(AND(ISNUMBER(C73),ISNUMBER(G73)), C73-G73, "") -> -70.879258 | I73: =IFERROR(H73/G73, "") -> -0.016320345
A74: Los Gatos | B74: CA | C74: 2202.1374 | D74: 2210.178 | E74: =IF(AND(ISNUMBER(C74),ISNUMBER(D74)), C74-D74, "") -> -8.0406367 | F74: =IFERROR(E74/D74, "") -> -0.0036380041 | G74: 0 | H74: =IF(AND(ISNUMBER(C74),ISNUMBER(G74)), C74-G74, "") -> 2202.1374 | I74: =IFERROR(H74/G74, "")
A75: San Marino | B75: CA | C75: 3742 | D75: 4308.516 | E75: =IF(AND(ISNUMBER(C75),ISNUMBER(D75)), C75-D75, "") -> -566.516 | F75: =IFERROR(E75/D75, "") -> -0.1314875 | G75: 5485.241 | H75: =IF(AND(ISNUMBER(C75),ISNUMBER(G75)), C75-G75, "") -> -1743.241 | I75: =IFERROR(H75/G75, "") -> -0.31780573 | J75: 1.Inverter 2 is down a string from 04/25 | K75: 1.SR100421
A76: Buenaventura | B76: CA | C76: 5513.7305 | D76: 3923.227 | E76: =IF(AND(ISNUMBER(C76),ISNUMBER(D76)), C76-D76, "") -> 1590.5035 | F76: =IFERROR(E76/D76, "") -> 0.40540694 | G76: 5950.638 | H76: =IF(AND(ISNUMBER(C76),ISNUMBER(G76)), C76-G76, "") -> -436.90753 | I76: =IFERROR(H76/G76, "") -> -0.073421964
A77: N Black Canyon Hwy, Phoenix - North | B77: AZ | C77: 96811.875 | D77: 84016.8 | E77: =IF(AND(ISNUMBER(C77),ISNUMBER(D77)), C77-D77, "") -> 12795.075 | F77: =IFERROR(E77/D77, "") -> 0.15229186 | G77: 95505 | H77: =IF(AND(ISNUMBER(C77),ISNUMBER(G77)), C77-G77, "") -> 1306.875 | I77: =IFERROR(H77/G77, "") -> 0.013683839
A78: N Black Canyon Hwy, Phoenix - South | B78: AZ | C78: 102327.25 | D78: 92222.4 | E78: =IF(AND(ISNUMBER(C78),ISNUMBER(D78)), C78-D78, "") -> 10104.85 | F78: =IFERROR(E78/D78, "") -> 0.10957045 | G78: 105383 | H78: =IF(AND(ISNUMBER(C78),ISNUMBER(G78)), C78-G78, "") -> -3055.75 | I78: =IFERROR(H78/G78, "") -> -0.028996612 | J78: 1.Inverter-16 is down a string and PM event was scheduled for 05/26/24 | K78: 1.SR097838
A79: Building 2222, Rose Garden Ln, Phoenix | B79: AZ | C79: 127172.62 | D79: 122284.6 | E79: =IF(AND(ISNUMBER(C79),ISNUMBER(D79)), C79-D79, "") -> 4888.025 | F79: =IFERROR(E79/D79, "") -> 0.039972531 | G79: 129398 | H79: =IF(AND(ISNUMBER(C79),ISNUMBER(G79)), C79-G79, "") -> -2225.375 | I79: =IFERROR(H79/G79, "") -> -0.017197909
A80: Building 2202, Rose Garden Ln, Phoenix | B80: AZ | C80: 127272.62 | D80: 117897.2 | E80: =IF(AND(ISNUMBER(C80),ISNUMBER(D80)), C80-D80, "") -> 9375.425 | F80: =IFERROR(E80/D80, "") -> 0.079522033 | G80: 100842.3 | H80: =IF(AND(ISNUMBER(C80),ISNUMBER(G80)), C80-G80, "") -> 26430.325 | I80: =IFERROR(H80/G80, "") -> 0.26209562
A81: 99TH Ave & BELL | B81: AZ | C81: 22918.594 | D81: 22548.12 | E81: =IF(AND(ISNUMBER(C81),ISNUMBER(D81)), C81-D81, "") -> 370.4736 | F81: =IFERROR(E81/D81, "") -> 0.016430354 | G81: 22764 | H81: =IF(AND(ISNUMBER(C81),ISNUMBER(G81)), C81-G81, "") -> 154.5936 | I81: =IFERROR(H81/G81, "") -> 0.006791144
A82: Rincon | B82: AZ | C82: 9308.2812 | D82: 7690.669 | E82: =IF(AND(ISNUMBER(C82),ISNUMBER(D82)), C82-D82, "") -> 1617.6122 | F82: =IFERROR(E82/D82, "") -> 0.2103344 | G82: 8846 | H82: =IF(AND(ISNUMBER(C82),ISNUMBER(G82)), C82-G82, "") -> 462.28125 | I82: =IFERROR(H82/G82, "") -> 0.052258789
A83: Tucson Main Parking Garage | B83: AZ | C83: 10133.298 | D83: 11959.71 | E83: =IF(AND(ISNUMBER(C83),ISNUMBER(D83)), C83-D83, "") -> -1826.412 | F83: =IFERROR(E83/D83, "") -> -0.15271374 | G83: 12075 | H83: =IF(AND(ISNUMBER(C83),ISNUMBER(G83)), C83-G83, "") -> -1941.702 | I83: =IFERROR(H83/G83, "") -> -0.16080348 | J83: 1.Inverters 1&3 were tripped offline at 11:30AM on 04/20 repoting "Grid Phase Voltage Out of Range - GridV.OutLim"and were back online at 17:45 on 04/20 2.Site stopped communicating at 18:30 on 03/22,unable to confirm voltages.SIte came back online at 10:00MDT on 04/09 but energy was not backfilled 3.Production meter is reporting lower by approximately 7KW with B-phase current reading low compared to A&C. | K83: 1.SR100039 2.SR098897 3.SR099589 | L83: SR098897 | M83: SR099589
A84: BE 199502 - Westgate | B84: CA | C84: 2024.3 | D84: NA | E84: =IF(AND(ISNUMBER(C84),ISNUMBER(D84)), C84-D84, "") | F84: =IFERROR(E84/D84, "") | G84: 2119.5 | H84: =IF(AND(ISNUMBER(C84),ISNUMBER(G84)), C84-G84, "") -> -95.2 | I84: =IFERROR(H84/G84, "") -> -0.044916254

Sheet May
A1: {=portfolio} -> Wells Fargo | D1: May Actual v. Expected | G1: May Actual v. Forecasted
A2: Total | C2: =SUM(C4:C87) -> 2214599.7 | D2: =SUM(D4:D87) -> 2048063.1 | E2: =C2-D2 -> 166536.53 | F2: =IFERROR(E2/D2, 0) -> 0.081314156 | G2: =SUM(G4:G87) -> 2329514.1 | H2: =C2-G2 -> -114914.43 | I2: =IFERROR(H2/G2, 0) -> -0.049329783 | J2: =IF(AND(TODAY()>DATE(2024, 5, 1), COUNTA(Sites[Site])<>(COUNT(C:C)-1)), "Some sites are missing actual data; if new sites were added, make sure they are aligned correctly (including prior months!)", "")
A3: Site | B3: State | C3: Actual | D3: Expected | E3: Delta | F3: % | G3: Forecasted | H3: Delta | I3: % | J3: Notes | K3: Service Requests
A4: {=Sites[Site]} -> Adams & Broadway | B4: {=Sites[State]} -> CA | C4: 1195.5 | D4: NA | E4: =IF(AND(ISNUMBER(C4),ISNUMBER(D4)), C4-D4, "") | F4: =IFERROR(E4/D4, "") | G4: 1376 | H4: =IF(AND(ISNUMBER(C4),ISNUMBER(G4)), C4-G4, "") -> -180.5 | I4: =IFERROR(H4/G4, "") -> -0.13117733 | J4: 1. Compared to last year’s delta values, we can still see a negative variance for this site, which suggests an issue with the forecasted value.
A5: Otay Mesa | B5: CA | C5: 39.39 | D5: NA | E5: =IF(AND(ISNUMBER(C5),ISNUMBER(D5)), C5-D5, "") | F5: =IFERROR(E5/D5, "") | G5: NA | H5: =IF(AND(ISNUMBER(C5),ISNUMBER(G5)), C5-G5, "") | I5: =IFERROR(H5/G5, "") | J5: 1. Production data taken from consumption meter.
A6: San Leandro | B6: CA | C6: 0 | D6: 0 | E6: =IF(AND(ISNUMBER(C6),ISNUMBER(D6)), C6-D6, "") -> 0 | F6: =IFERROR(E6/D6, "") | G6: 0 | H6: =IF(AND(ISNUMBER(C6),ISNUMBER(G6)), C6-G6, "") -> 0 | I6: =IFERROR(H6/G6, "") | J6: 1.Site was offline throughout the month for EPC testing on nearby project and informed that site may remain offline until PTO of new project | K6: 1.SR099548
A7: Van Nuys | B7: CA | C7: 2061.3 | D7: NA | E7: =IF(AND(ISNUMBER(C7),ISNUMBER(D7)), C7-D7, "") | F7: =IFERROR(E7/D7, "") | G7: 2794.801 | H7: =IF(AND(ISNUMBER(C7),ISNUMBER(G7)), C7-G7, "") -> -733.501 | I7: =IFERROR(H7/G7, "") -> -0.26245196 | J7: 1. Compared to last year’s delta values, we can still see a negative variance for this site, which suggests an issue with the forecasted value.
A8: 98th & Grant | B8: CO | C8: 1300 | D8: NA | E8: =IF(AND(ISNUMBER(C8),ISNUMBER(D8)), C8-D8, "") | F8: =IFERROR(E8/D8, "") | G8: 2339 | H8: =IF(AND(ISNUMBER(C8),ISNUMBER(G8)), C8-G8, "") -> -1039 | I8: =IFERROR(H8/G8, "") -> -0.44420693 | J8: 1. Compared to last year’s delta values, we still see a negative variance for this site, which suggests an issue with the forecasted value. Additionally, we do not have inverter communications for this site.
A9: Arapahoe Crossings | B9: CO | C9: 3269.7052 | D9: NA | E9: =IF(AND(ISNUMBER(C9),ISNUMBER(D9)), C9-D9, "") | F9: =IFERROR(E9/D9, "") | G9: 4306.588 | H9: =IF(AND(ISNUMBER(C9),ISNUMBER(G9)), C9-G9, "") -> -1036.8828 | I9: =IFERROR(H9/G9, "") -> -0.24076666 | J9: 1. On 05/19 technican was onsite for preventive maintenance. Tech found inverter 3 has a derating issue that will need more troubleshooting and additionally the POA needs more troubleshooting to report accurately. | K9: 1. PM8080
A10: Aurora City Center | B10: CO | C10: 2109.8 | D10: NA | E10: =IF(AND(ISNUMBER(C10),ISNUMBER(D10)), C10-D10, "") | F10: =IFERROR(E10/D10, "") | G10: 1972 | H10: =IF(AND(ISNUMBER(C10),ISNUMBER(G10)), C10-G10, "") -> 137.8 | I10: =IFERROR(H10/G10, "") -> 0.069878296
A11: Dry Creek | B11: CO | C11: 2695.8 | D11: NA | E11: =IF(AND(ISNUMBER(C11),ISNUMBER(D11)), C11-D11, "") | F11: =IFERROR(E11/D11, "") | G11: 2551 | H11: =IF(AND(ISNUMBER(C11),ISNUMBER(G11)), C11-G11, "") -> 144.8 | I11: =IFERROR(H11/G11, "") -> 0.056762054
A12: Highlands Ranch S. | B12: CO | C12: 1924.8 | D12: NA | E12: =IF(AND(ISNUMBER(C12),ISNUMBER(D12)), C12-D12, "") | F12: =IFERROR(E12/D12, "") | G12: 2417 | H12: =IF(AND(ISNUMBER(C12),ISNUMBER(G12)), C12-G12, "") -> -492.2 | I12: =IFERROR(H12/G12, "") -> -0.20364088 | J12: 1. The site was offline from 10:31 to 10:54 on 05/21 due to technician was onsite for preventive maintenance work. | K12: 1. PM8141
A13: Lone Tree | B13: CO | C13: 3676.6 | D13: NA | E13: =IF(AND(ISNUMBER(C13),ISNUMBER(D13)), C13-D13, "") | F13: =IFERROR(E13/D13, "") | G13: 5500 | H13: =IF(AND(ISNUMBER(C13),ISNUMBER(G13)), C13-G13, "") -> -1823.4 | I13: =IFERROR(H13/G13, "") -> -0.33152727 | J13: 1.Inverter 2 has been offline since 05/20 and is currently in the process of being replaced. | K13: 1.SR101743
A14: Meridian | B14: CO | C14: 3650.4 | D14: NA | E14: =IF(AND(ISNUMBER(C14),ISNUMBER(D14)), C14-D14, "") | F14: =IFERROR(E14/D14, "") | G14: 3150 | H14: =IF(AND(ISNUMBER(C14),ISNUMBER(G14)), C14-G14, "") -> 500.4 | I14: =IFERROR(H14/G14, "") -> 0.15885714
A15: Southglenn | B15: CO | C15: 3662.6 | D15: NA | E15: =IF(AND(ISNUMBER(C15),ISNUMBER(D15)), C15-D15, "") | F15: =IFERROR(E15/D15, "") | G15: 3267 | H15: =IF(AND(ISNUMBER(C15),ISNUMBER(G15)), C15-G15, "") -> 395.6 | I15: =IFERROR(H15/G15, "") -> 0.12108968
A16: Standley Lake | B16: CO | C16: 4329.1 | D16: NA | E16: =IF(AND(ISNUMBER(C16),ISNUMBER(D16)), C16-D16, "") | F16: =IFERROR(E16/D16, "") | G16: 4357 | H16: =IF(AND(ISNUMBER(C16),ISNUMBER(G16)), C16-G16, "") -> -27.9 | I16: =IFERROR(H16/G16, "") -> -0.0064034886
A17: Havana Gardens | B17: CO | C17: 4144 | D17: NA | E17: =IF(AND(ISNUMBER(C17),ISNUMBER(D17)), C17-D17, "") | F17: =IFERROR(E17/D17, "") | G17: 1695 | H17: =IF(AND(ISNUMBER(C17),ISNUMBER(G17)), C17-G17, "") -> 2449 | I17: =IFERROR(H17/G17, "") -> 1.4448378
A18: East Hartford | B18: CT | C18: 711.6 | D18: 1655.805 | E18: =IF(AND(ISNUMBER(C18),ISNUMBER(D18)), C18-D18, "") -> -944.205 | F18: =IFERROR(E18/D18, "") -> -0.57023925 | G18: 1047.231 | H18: =IF(AND(ISNUMBER(C18),ISNUMBER(G18)), C18-G18, "") -> -335.631 | I18: =IFERROR(H18/G18, "") -> -0.32049376 | J18: 1. Site production was low on 05/05, 05/06, 05/21 to 05/23, 05/31 due to rain.
A19: Norwalk | B19: CT | C19: 843.92148 | D19: 1.652061 | E19: =IF(AND(ISNUMBER(C19),ISNUMBER(D19)), C19-D19, "") -> 842.26942 | F19: =IFERROR(E19/D19, "") -> 509.82949 | G19: 1235.497 | H19: =IF(AND(ISNUMBER(C19),ISNUMBER(G19)), C19-G19, "") -> -391.57552 | I19: =IFERROR(H19/G19, "") -> -0.31693765 | J19: 1.An intermittent issue with Meter Phase C/Power Factor is slightly affecting the reported energy production. A case has been created with AlsoEnergy, and they have confirmed a site visit for further investigation 2.Weather station reporting erroneous values from 07/04/2024.This issue is to be investigated next time onsite | K19: 1.SR077700 2.SR088667 | L19: SR088667
A20: Hialeah Gardens | B20: FL | C20: 956.6 | D20: 4534.93 | E20: =IF(AND(ISNUMBER(C20),ISNUMBER(D20)), C20-D20, "") -> -3578.33 | F20: =IFERROR(E20/D20, "") -> -0.78905959 | G20: 5552 | H20: =IF(AND(ISNUMBER(C20),ISNUMBER(G20)), C20-G20, "") -> -4595.4 | I20: =IFERROR(H20/G20, "") -> -0.82770173 | J20: 1. Site underperforming by ~15 kW. Production appears capped at 1.6 kW on high irradiance days, with brief spikes. Will be investigating during next site visit. | K20: 1.SR098782
A21: W. Des Moines Campus EAST | B21: IA | C21: 196672.5 | D21: 184996.3 | E21: =IF(AND(ISNUMBER(C21),ISNUMBER(D21)), C21-D21, "") -> 11676.2 | F21: =IFERROR(E21/D21, "") -> 0.063115857 | G21: 192800 | H21: =IF(AND(ISNUMBER(C21),ISNUMBER(G21)), C21-G21, "") -> 3872.5 | I21: =IFERROR(H21/G21, "") -> 0.020085581 | J21: 1. All inverters tripped offline at 15:45 and back online at 16:45 on 05/21.Issue got self resolved | K21: 1.SR102015
A22: W. Des Moines Campus SW | B22: IA | C22: 97840.5 | D22: 90857.18 | E22: =IF(AND(ISNUMBER(C22),ISNUMBER(D22)), C22-D22, "") -> 6983.32 | F22: =IFERROR(E22/D22, "") -> 0.076860409 | G22: 94940.66 | H22: =IF(AND(ISNUMBER(C22),ISNUMBER(G22)), C22-G22, "") -> 2899.84 | I22: =IFERROR(H22/G22, "") -> 0.03054371 | J22: 1.Inverter 3 may be down a string, reaching 125 kW later in the morning and dropping off earlier than others in the afternoon | K22: 1.SR101435
A23: WF - CIC | B23: NC | C23: 169288 | D23: 171249.17 | E23: =IF(AND(ISNUMBER(C23),ISNUMBER(D23)), C23-D23, "") -> -1961.168 | F23: =IFERROR(E23/D23, "") -> -0.011452132 | G23: 206726.94 | H23: =IF(AND(ISNUMBER(C23),ISNUMBER(G23)), C23-G23, "") -> -37438.936 | I23: =IFERROR(H23/G23, "") -> -0.18110333 | J23: 1.Inverter 13 tripped offline at 17:00 on 05/03,possibly due to bad weather and back online on 05/04 | K23: 1.SR100975
A24: Charlotte - Wells Fargo - DUC | B24: NC | C24: 170113 | D24: 186468.48 | E24: =IF(AND(ISNUMBER(C24),ISNUMBER(D24)), C24-D24, "") -> -16355.484 | F24: =IFERROR(E24/D24, "") -> -0.087711787 | G24: 184494.09 | H24: =IF(AND(ISNUMBER(C24),ISNUMBER(G24)), C24-G24, "") -> -14381.089 | I24: =IFERROR(H24/G24, "") -> -0.077948779
A25: East Windsor | B25: NJ | C25: 976.1 | D25: 780.778 | E25: =IF(AND(ISNUMBER(C25),ISNUMBER(D25)), C25-D25, "") -> 195.322 | F25: =IFERROR(E25/D25, "") -> 0.2501633 | G25: 1295.173 | H25: =IF(AND(ISNUMBER(C25),ISNUMBER(G25)), C25-G25, "") -> -319.073 | I25: =IFERROR(H25/G25, "") -> -0.24635551 | J25: 1. Compared to last year’s delta values, we can still see a negative variance for this site, which suggests an issue with the forecasted value.
A26: Burlington | B26: NJ | C26: 2446.8 | D26: 2403.474 | E26: =IF(AND(ISNUMBER(C26),ISNUMBER(D26)), C26-D26, "") -> 43.326 | F26: =IFERROR(E26/D26, "") -> 0.018026407 | G26: 3331.724 | H26: =IF(AND(ISNUMBER(C26),ISNUMBER(G26)), C26-G26, "") -> -884.924 | I26: =IFERROR(H26/G26, "") -> -0.26560543 | J26: 1. Compared to last year’s delta values, we can still see a negative variance for this site, which suggests an issue with the forecasted value.
A27: Bayonne | B27: NJ | C27: 3159.8 | D27: 2968.658 | E27: =IF(AND(ISNUMBER(C27),ISNUMBER(D27)), C27-D27, "") -> 191.142 | F27: =IFERROR(E27/D27, "") -> 0.064386669 | G27: 3775.676 | H27: =IF(AND(ISNUMBER(C27),ISNUMBER(G27)), C27-G27, "") -> -615.876 | I27: =IFERROR(H27/G27, "") -> -0.16311675 | J27: 1. Site production was low on 05/04, 05/05, 05/09, 05/13, 05/22, 05/28 due to rain.
A28: Clifton | B28: NJ | C28: 3722.5234 | D28: 3823.163 | E28: =IF(AND(ISNUMBER(C28),ISNUMBER(D28)), C28-D28, "") -> -100.63956 | F28: =IFERROR(E28/D28, "") -> -0.026323639 | G28: 4452.789 | H28: =IF(AND(ISNUMBER(C28),ISNUMBER(G28)), C28-G28, "") -> -730.26556 | I28: =IFERROR(H28/G28, "") -> -0.16400183 | J28: 1. Site production was low on 05/04, 05/05, 05/09, 05/13, 05/22, 05/28 due to rain.
A29: North Elizabeth | B29: NJ | C29: 2521.7 | D29: 1917.766 | E29: =IF(AND(ISNUMBER(C29),ISNUMBER(D29)), C29-D29, "") -> 603.934 | F29: =IFERROR(E29/D29, "") -> 0.31491538 | G29: 4135.881 | H29: =IF(AND(ISNUMBER(C29),ISNUMBER(G29)), C29-G29, "") -> -1614.181 | I29: =IFERROR(H29/G29, "") -> -0.3902871 | J29: 1.The site was offline from 14:30 on 05/15 to 13:00 on 05/19 and again from 08:15 on 05/25 to 11:15 on 05/27. The issue occurred because the disconnect lock was opened by the fire department. The site was restored after a CBRE technician closed the disconnect | K29: 1.SR101597,SR101928 | L29: SR101928
A30: Haddon Westmont Plaza | B30: NJ | C30: 2492.4 | D30: 2439.306 | E30: =IF(AND(ISNUMBER(C30),ISNUMBER(D30)), C30-D30, "") -> 53.094 | F30: =IFERROR(E30/D30, "") -> 0.021766027 | G30: 3062.708 | H30: =IF(AND(ISNUMBER(C30),ISNUMBER(G30)), C30-G30, "") -> -570.308 | I30: =IFERROR(H30/G30, "") -> -0.18621037 | J30: 1. Compared to last year’s delta values, we can still see a negative variance for this site, which suggests an issue with the forecasted value.
A31: Parsippany | B31: NJ | C31: 2729.7 | D31: 2518.732 | E31: =IF(AND(ISNUMBER(C31),ISNUMBER(D31)), C31-D31, "") -> 210.968 | F31: =IFERROR(E31/D31, "") -> 0.083759606 | G31: 3535.873 | H31: =IF(AND(ISNUMBER(C31),ISNUMBER(G31)), C31-G31, "") -> -806.173 | I31: =IFERROR(H31/G31, "") -> -0.22799829 | J31: 1. Compared to last year’s delta values, we can still see a negative variance for this site, which suggests an issue with the forecasted value.
A32: Clark | B32: NJ | C32: 172.5 | D32: 2290.371 | E32: =IF(AND(ISNUMBER(C32),ISNUMBER(D32)), C32-D32, "") -> -2117.871 | F32: =IFERROR(E32/D32, "") -> -0.92468469 | G32: 2877.856 | H32: =IF(AND(ISNUMBER(C32),ISNUMBER(G32)), C32-G32, "") -> -2705.356 | I32: =IFERROR(H32/G32, "") -> -0.94005954 | J32: 1.Inverter 1 tripped offline due to an insolation error at 13:15 on 05/02 and remained offline throughout the month. | K32: 1.SR100951
A33: Closter | B33: NJ | C33: 1220.2 | D33: 1006.164 | E33: =IF(AND(ISNUMBER(C33),ISNUMBER(D33)), C33-D33, "") -> 214.036 | F33: =IFERROR(E33/D33, "") -> 0.21272476 | G33: 1801.885 | H33: =IF(AND(ISNUMBER(C33),ISNUMBER(G33)), C33-G33, "") -> -581.685 | I33: =IFERROR(H33/G33, "") -> -0.32282027 | J33: 1. Compared to last year’s delta values, we can still see a negative variance for this site, which suggests an issue with the forecasted value.
A34: Holmdel | B34: NJ | C34: 2065 | D34: 6304.697 | E34: =IF(AND(ISNUMBER(C34),ISNUMBER(D34)), C34-D34, "") -> -4239.697 | F34: =IFERROR(E34/D34, "") -> -0.67246642 | G34: 2539.706 | H34: =IF(AND(ISNUMBER(C34),ISNUMBER(G34)), C34-G34, "") -> -474.706 | I34: =IFERROR(H34/G34, "") -> -0.18691376 | J34: 1.Weather station constantly reporting a fixed value of 1237.22 W/m2 during production hours.Reached out to AlsoEnergy for remote assistance and waiting for their response | K34: 1.SR100979
A35: Ellisburg Circle Center | B35: NJ | C35: 1101.4 | D35: 1094.771 | E35: =IF(AND(ISNUMBER(C35),ISNUMBER(D35)), C35-D35, "") -> 6.629 | F35: =IFERROR(E35/D35, "") -> 0.0060551476 | G35: 1417.071 | H35: =IF(AND(ISNUMBER(C35),ISNUMBER(G35)), C35-G35, "") -> -315.671 | I35: =IFERROR(H35/G35, "") -> -0.22276301 | J35: 1. Compared to last year’s delta values, we can still see a negative variance for this site, which suggests an issue with the forecasted value.
A36: Nutley | B36: NJ | C36: 4065.8 | D36: 3291.056 | E36: =IF(AND(ISNUMBER(C36),ISNUMBER(D36)), C36-D36, "") -> 774.744 | F36: =IFERROR(E36/D36, "") -> 0.23540894 | G36: 4964.172 | H36: =IF(AND(ISNUMBER(C36),ISNUMBER(G36)), C36-G36, "") -> -898.372 | I36: =IFERROR(H36/G36, "") -> -0.18097117 | J36: 1. Compared to last year’s delta values, we can still see a negative variance for this site, which suggests an issue with the forecasted value.
A37: Marlton | B37: NJ | C37: 3815.3 | D37: 3516.328 | E37: =IF(AND(ISNUMBER(C37),ISNUMBER(D37)), C37-D37, "") -> 298.972 | F37: =IFERROR(E37/D37, "") -> 0.085023923 | G37: 4949.098 | H37: =IF(AND(ISNUMBER(C37),ISNUMBER(G37)), C37-G37, "") -> -1133.798 | I37: =IFERROR(H37/G37, "") -> -0.22909185 | J37: 1. Compared to last year’s delta values, we can still see a negative variance for this site, which suggests an issue with the forecasted value.
A38: Middletown | B38: NJ | C38: 2881.2 | D38: 2489.43 | E38: =IF(AND(ISNUMBER(C38),ISNUMBER(D38)), C38-D38, "") -> 391.77 | F38: =IFERROR(E38/D38, "") -> 0.15737337 | G38: 4026.368 | H38: =IF(AND(ISNUMBER(C38),ISNUMBER(G38)), C38-G38, "") -> -1145.168 | I38: =IFERROR(H38/G38, "") -> -0.28441712 | J38: 1.Weather station is frequently reporting erroneous values ( 0 w/m^2). Has been happening intermittently since 4/14 | K38: 1.SR100592
A39: Whiting Crestwood | B39: NJ | C39: 3678.5 | D39: 3506.223 | E39: =IF(AND(ISNUMBER(C39),ISNUMBER(D39)), C39-D39, "") -> 172.277 | F39: =IFERROR(E39/D39, "") -> 0.049134639 | G39: 5306.583 | H39: =IF(AND(ISNUMBER(C39),ISNUMBER(G39)), C39-G39, "") -> -1628.083 | I39: =IFERROR(H39/G39, "") -> -0.3068044 | J39: 1. Compared to last year’s delta values, we can still see a negative variance for this site, which suggests an issue with the forecasted value.
A40: Barnegat | B40: NJ | C40: 5837.3563 | D40: 5282.613 | E40: =IF(AND(ISNUMBER(C40),ISNUMBER(D40)), C40-D40, "") -> 554.74325 | F40: =IFERROR(E40/D40, "") -> 0.10501304 | G40: 7664.656 | H40: =IF(AND(ISNUMBER(C40),ISNUMBER(G40)), C40-G40, "") -> -1827.2997 | I40: =IFERROR(H40/G40, "") -> -0.23840597 | J40: 1. Compared to last year’s delta values, we can still see a negative variance for this site, which suggests an issue with the forecasted value.
A41: Manchester | B41: NJ | C41: 2101.7 | D41: 2379.386 | E41: =IF(AND(ISNUMBER(C41),ISNUMBER(D41)), C41-D41, "") -> -277.686 | F41: =IFERROR(E41/D41, "") -> -0.1167049 | G41: 4398.262 | H41: =IF(AND(ISNUMBER(C41),ISNUMBER(G41)), C41-G41, "") -> -2296.562 | I41: =IFERROR(H41/G41, "") -> -0.52215216 | J41: 1. Site production was low on 05/04, 05/05, 05/13, 05/14, 05/22, 05/28, 05/30 due to rain.
A42: West Deptford - Woodbury | B42: NJ | C42: 3351.6 | D42: 3604.586 | E42: =IF(AND(ISNUMBER(C42),ISNUMBER(D42)), C42-D42, "") -> -252.986 | F42: =IFERROR(E42/D42, "") -> -0.070184482 | G42: 4204.078 | H42: =IF(AND(ISNUMBER(C42),ISNUMBER(G42)), C42-G42, "") -> -852.478 | I42: =IFERROR(H42/G42, "") -> -0.20277407 | J42: 1. Compared to last year’s delta values, we can still see a negative variance for this site, which suggests an issue with the forecasted value.
A43: Edison | B43: NJ | C43: 2955.3 | D43: 2967.463 | E43: =IF(AND(ISNUMBER(C43),ISNUMBER(D43)), C43-D43, "") -> -12.163 | F43: =IFERROR(E43/D43, "") -> -0.0040987874 | G43: 3786.716 | H43: =IF(AND(ISNUMBER(C43),ISNUMBER(G43)), C43-G43, "") -> -831.416 | I43: =IFERROR(H43/G43, "") -> -0.21956122 | J43: 1. Compared to last year’s delta values, we can still see a negative variance for this site, which suggests an issue with the forecasted value.
A44: Flemington | B44: NJ | C44: 2910.9 | D44: 2993.551 | E44: =IF(AND(ISNUMBER(C44),ISNUMBER(D44)), C44-D44, "") -> -82.651 | F44: =IFERROR(E44/D44, "") -> -0.027609685 | G44: 3785.519 | H44: =IF(AND(ISNUMBER(C44),ISNUMBER(G44)), C44-G44, "") -> -874.619 | I44: =IFERROR(H44/G44, "") -> -0.23104335 | J44: 1.Inverter 1 tripped offline at 11:15 on 05/16 and back online at 12:45 on 05/16 likely due to bad weather | K44: 1.SR101587
A45: Route 22 | B45: NJ | C45: 2753.9 | D45: 2990.223 | E45: =IF(AND(ISNUMBER(C45),ISNUMBER(D45)), C45-D45, "") -> -236.323 | F45: =IFERROR(E45/D45, "") -> -0.079031898 | G45: 3533.127 | H45: =IF(AND(ISNUMBER(C45),ISNUMBER(G45)), C45-G45, "") -> -779.227 | I45: =IFERROR(H45/G45, "") -> -0.22054882 | J45: 1. Compared to last year’s delta values, we can still see a negative variance for this site, which suggests an issue with the forecasted value.
A46: Laurelton | B46: NJ | C46: 1712.7 | D46: 2647.258 | E46: =IF(AND(ISNUMBER(C46),ISNUMBER(D46)), C46-D46, "") -> -934.558 | F46: =IFERROR(E46/D46, "") -> -0.35302868 | G46: 3328.617 | H46: =IF(AND(ISNUMBER(C46),ISNUMBER(G46)), C46-G46, "") -> -1615.917 | I46: =IFERROR(H46/G46, "") -> -0.48546198 | J46: 1. Site production was low on 05/04, 05/05, 05/13, 05/14, 05/22, 05/28, 05/30 due to rain.
A47: Mahwah | B47: NJ | C47: 2184.7 | D47: 389.7638 | E47: =IF(AND(ISNUMBER(C47),ISNUMBER(D47)), C47-D47, "") -> 1794.9362 | F47: =IFERROR(E47/D47, "") -> 4.6051896 | G47: 3198.321 | H47: =IF(AND(ISNUMBER(C47),ISNUMBER(G47)), C47-G47, "") -> -1013.621 | I47: =IFERROR(H47/G47, "") -> -0.31692285 | J47: 1. Weather station is frequently reporting erroneous values ( 0 w/m^2) during mid days.We have reached out to AlsoEnergy for remote assistance and waiting for their response | K47: 1.SR100593
A48: Franklin Township WF | B48: NJ | C48: 2601.6 | D48: 2630.284 | E48: =IF(AND(ISNUMBER(C48),ISNUMBER(D48)), C48-D48, "") -> -28.684 | F48: =IFERROR(E48/D48, "") -> -0.010905286 | G48: 3294.74 | H48: =IF(AND(ISNUMBER(C48),ISNUMBER(G48)), C48-G48, "") -> -693.14 | I48: =IFERROR(H48/G48, "") -> -0.21037775 | J48: 1. Compared to last year’s delta values, we can still see a negative variance for this site, which suggests an issue with the forecasted value.
A49: Bordentown | B49: NJ | C49: 1965.6 | D49: 1835.988 | E49: =IF(AND(ISNUMBER(C49),ISNUMBER(D49)), C49-D49, "") -> 129.612 | F49: =IFERROR(E49/D49, "") -> 0.070595233 | G49: 2562.271 | H49: =IF(AND(ISNUMBER(C49),ISNUMBER(G49)), C49-G49, "") -> -596.671 | I49: =IFERROR(H49/G49, "") -> -0.23286803 | J49: 1. Compared to last year’s delta values, we can still see a negative variance for this site, which suggests an issue with the forecasted value.
A50: South Plainfield | B50: NJ | C50: 1436.5 | D50: 1453.826 | E50: =IF(AND(ISNUMBER(C50),ISNUMBER(D50)), C50-D50, "") -> -17.326 | F50: =IFERROR(E50/D50, "") -> -0.01191752 | G50: 1804.236 | H50: =IF(AND(ISNUMBER(C50),ISNUMBER(G50)), C50-G50, "") -> -367.736 | I50: =IFERROR(H50/G50, "") -> -0.20381813 | J50: 1. Compared to last year’s delta values, we can still see a negative variance for this site, which suggests an issue with the forecasted value.
A51: Somerset | B51: NJ | C51: 2348.8 | D51: 2308.903 | E51: =IF(AND(ISNUMBER(C51),ISNUMBER(D51)), C51-D51, "") -> 39.897 | F51: =IFERROR(E51/D51, "") -> 0.017279635 | G51: 3042.656 | H51: =IF(AND(ISNUMBER(C51),ISNUMBER(G51)), C51-G51, "") -> -693.856 | I51: =IFERROR(H51/G51, "") -> -0.22804287 | J51: 1. Compared to last year’s delta values, we can still see a negative variance for this site, which suggests an issue with the forecasted value.
A52: Clinton Main Relo | B52: NJ | C52: 2834.563 | D52: 2844.919 | E52: =IF(AND(ISNUMBER(C52),ISNUMBER(D52)), C52-D52, "") -> -10.356 | F52: =IFERROR(E52/D52, "") -> -0.0036401739 | G52: 3388.474 | H52: =IF(AND(ISNUMBER(C52),ISNUMBER(G52)), C52-G52, "") -> -553.911 | I52: =IFERROR(H52/G52, "") -> -0.16346916 | J52: 1. Compared to last year’s delta values, we can still see a negative variance for this site, which suggests an issue with the forecasted value.
A53: North Brunswick | B53: NJ | C53: 2828.4 | D53: 2666.093 | E53: =IF(AND(ISNUMBER(C53),ISNUMBER(D53)), C53-D53, "") -> 162.307 | F53: =IFERROR(E53/D53, "") -> 0.060878221 | G53: 3910.016 | H53: =IF(AND(ISNUMBER(C53),ISNUMBER(G53)), C53-G53, "") -> -1081.616 | I53: =IFERROR(H53/G53, "") -> -0.276627 | J53: 1. Compared to last year’s delta values, we can still see a negative variance for this site, which suggests an issue with the forecasted value.
A54: Cherry Hill | B54: NJ | C54: 1977.0692 | D54: 1908.925 | E54: =IF(AND(ISNUMBER(C54),ISNUMBER(D54)), C54-D54, "") -> 68.144177 | F54: =IFERROR(E54/D54, "") -> 0.035697671 | G54: 2561.854 | H54: =IF(AND(ISNUMBER(C54),ISNUMBER(G54)), C54-G54, "") -> -584.78482 | I54: =IFERROR(H54/G54, "") -> -0.22826626 | J54: 1. Compared to last year’s delta values, we can still see a negative variance for this site, which suggests an issue with the forecasted value.
A55: Hainesport | B55: NJ | C55: 1960.6 | D55: 2235.579 | E55: =IF(AND(ISNUMBER(C55),ISNUMBER(D55)), C55-D55, "") -> -274.979 | F55: =IFERROR(E55/D55, "") -> -0.12300124 | G55: 2590.074 | H55: =IF(AND(ISNUMBER(C55),ISNUMBER(G55)), C55-G55, "") -> -629.474 | I55: =IFERROR(H55/G55, "") -> -0.24303321 | J55: 1. Site production was low on 05/04, 05/05, 05/13, 05/14, 05/22, 05/28, 05/30 due to rain.
A56: San Antonio - Ops Ctr (Bldg 106) | B56: TX | C56: 56872.163 | D56: 41952.059 | E56: =IF(AND(ISNUMBER(C56),ISNUMBER(D56)), C56-D56, "") -> 14920.104 | F56: =IFERROR(E56/D56, "") -> 0.35564653 | G56: 57872.528 | H56: =IF(AND(ISNUMBER(C56),ISNUMBER(G56)), C56-G56, "") -> -1000.365 | I56: =IFERROR(H56/G56, "") -> -0.017285663 | J56: 1.Inverter 4 has been derating to 40 kW due to a fan fault on intermittent days since 04/01.Reached out to CPS for RMA of fans | K56: 1.SR099750
A57: San Antonio - Ops Ctr GM | B57: TX | C57: 377298.5 | D57: 414547.58 | E57: =IF(AND(ISNUMBER(C57),ISNUMBER(D57)), C57-D57, "") -> -37249.077 | F57: =IFERROR(E57/D57, "") -> -0.08985477 | G57: 419950.92 | H57: =IF(AND(ISNUMBER(C57),ISNUMBER(G57)), C57-G57, "") -> -42652.42 | I57: =IFERROR(H57/G57, "") -> -0.10156525 | J57: 1. Compared to last year’s delta values, we can still see a negative variance for this site, which suggests an issue with the forecasted value.
A58: San Antonio - Ctr (Bldg 201) | B58: TX | C58: 56619.062 | D58: 41658.254 | E58: =IF(AND(ISNUMBER(C58),ISNUMBER(D58)), C58-D58, "") -> 14960.808 | F58: =IFERROR(E58/D58, "") -> 0.3591319 | G58: 56256.378 | H58: =IF(AND(ISNUMBER(C58),ISNUMBER(G58)), C58-G58, "") -> 362.684 | I58: =IFERROR(H58/G58, "") -> 0.0064469846
A59: San Antonio - Ops Ctr (Bldg 203) | B59: TX | C59: 56545 | D59: 54798.44 | E59: =IF(AND(ISNUMBER(C59),ISNUMBER(D59)), C59-D59, "") -> 1746.56 | F59: =IFERROR(E59/D59, "") -> 0.03187244 | G59: 56838.463 | H59: =IF(AND(ISNUMBER(C59),ISNUMBER(G59)), C59-G59, "") -> -293.463 | I59: =IFERROR(H59/G59, "") -> -0.0051631058
A60: San Antonio - Ops Ctr (Bldg 205) | B60: TX | C60: 52663.134 | D60: 37950.305 | E60: =IF(AND(ISNUMBER(C60),ISNUMBER(D60)), C60-D60, "") -> 14712.829 | F60: =IFERROR(E60/D60, "") -> 0.38768671 | G60: 54581.69 | H60: =IF(AND(ISNUMBER(C60),ISNUMBER(G60)), C60-G60, "") -> -1918.556 | I60: =IFERROR(H60/G60, "") -> -0.035150176
A61: San Antonio - Ops Ctr (Bldg 307) | B61: TX | C61: 45089.813 | D61: 41272.47 | E61: =IF(AND(ISNUMBER(C61),ISNUMBER(D61)), C61-D61, "") -> 3817.343 | F61: =IFERROR(E61/D61, "") -> 0.092491266 | G61: 55342.998 | H61: =IF(AND(ISNUMBER(C61),ISNUMBER(G61)), C61-G61, "") -> -10253.185 | I61: =IFERROR(H61/G61, "") -> -0.18526617 | J61: 1. The inverter was offline from 09:30 CDT on 04/20. The technician later replaced the inverter's powerhead on 05/29, and it came back online at 11:00 CDT on the same day. | K61: 1. SR100040
A62: San Antonio - Ctr (Bldg 308) | B62: TX | C62: 53189.313 | D62: 40326.718 | E62: =IF(AND(ISNUMBER(C62),ISNUMBER(D62)), C62-D62, "") -> 12862.595 | F62: =IFERROR(E62/D62, "") -> 0.31895963 | G62: 52694.581 | H62: =IF(AND(ISNUMBER(C62),ISNUMBER(G62)), C62-G62, "") -> 494.732 | I62: =IFERROR(H62/G62, "") -> 0.0093886694
A63: San Antonio - Ops Ctr (Bldg 104) | B63: TX | C63: 12161.607 | D63: 12637.498 | E63: =IF(AND(ISNUMBER(C63),ISNUMBER(D63)), C63-D63, "") -> -475.891 | F63: =IFERROR(E63/D63, "") -> -0.037657058 | G63: 16752.946 | H63: =IF(AND(ISNUMBER(C63),ISNUMBER(G63)), C63-G63, "") -> -4591.339 | I63: =IFERROR(H63/G63, "") -> -0.27406159 | J63: 1. The meter had no communication starting from 05/01. Technician later found water intrusion in an unused enclosure, disconnected the unused wiring, and the meter resumed normal communication at 11:00 CDT on 05/20. 2. Inverter 104.1 underperforming from 05/20 since meter rewiring performed on SR101240 (unused wiring disconnected). Capacity appears to be down about 2/3, may be 2 MPPTs offline. Possibility of wiring disconnected on SR101240 causing underperformance. | K63: 1. SR101240 2. SR101804 | L63: SR101804
A64: San Antonio - Ops Ctr (Bldg 102) | B64: TX | C64: 59387.303 | E64: =IF(AND(ISNUMBER(C64),ISNUMBER(D64)), C64-D64, "") | F64: =IFERROR(E64/D64, "") | G64: 59469.789 | H64: =IF(AND(ISNUMBER(C64),ISNUMBER(G64)), C64-G64, "") -> -82.486 | I64: =IFERROR(H64/G64, "") -> -0.0013870236
A65: Lodi - Lodi Vineyard | B65: CA | C65: 55588.031 | D65: 55516.86 | E65: =IF(AND(ISNUMBER(C65),ISNUMBER(D65)), C65-D65, "") -> 71.17125 | F65: =IFERROR(E65/D65, "") -> 0.0012819754 | G65: 41391 | H65: =IF(AND(ISNUMBER(C65),ISNUMBER(G65)), C65-G65, "") -> 14197.031 | I65: =IFERROR(H65/G65, "") -> 0.34299802
A66: Arden Fair Mall | B66: CA | C66: 27816.438 | D66: 28226.62 | E66: =IF(AND(ISNUMBER(C66),ISNUMBER(D66)), C66-D66, "") -> -410.1825 | F66: =IFERROR(E66/D66, "") -> -0.014531761 | G66: 26985 | H66: =IF(AND(ISNUMBER(C66),ISNUMBER(G66)), C66-G66, "") -> 831.4375 | I66: =IFERROR(H66/G66, "") -> 0.030811099
A67: Modesto - Modesto Main | B67: CA | C67: 21456.459 | D67: 23407.07 | E67: =IF(AND(ISNUMBER(C67),ISNUMBER(D67)), C67-D67, "") -> -1950.6107 | F67: =IFERROR(E67/D67, "") -> -0.083334254 | G67: 25072.93 | H67: =IF(AND(ISNUMBER(C67),ISNUMBER(G67)), C67-G67, "") -> -3616.4707 | I67: =IFERROR(H67/G67, "") -> -0.14423806 | J67: 1. Inverters 1, 4, and 5 have some afternoon shading. Inverter 5 is underperforming by 3kW; likely soiling. | K67: 1. SR101247
A68: Stevens Creek | B68: CA | C68: 7316.849 | D68: 7254.674 | E68: =IF(AND(ISNUMBER(C68),ISNUMBER(D68)), C68-D68, "") -> 62.174956 | F68: =IFERROR(E68/D68, "") -> 0.0085703308 | G68: 7072 | H68: =IF(AND(ISNUMBER(C68),ISNUMBER(G68)), C68-G68, "") -> 244.84896 | I68: =IFERROR(H68/G68, "") -> 0.034622307
A69: Covina Main | B69: CA | C69: 4076.3 | D69: 3613.622 | E69: =IF(AND(ISNUMBER(C69),ISNUMBER(D69)), C69-D69, "") -> 462.678 | F69: =IFERROR(E69/D69, "") -> 0.12803719 | G69: 3616 | H69: =IF(AND(ISNUMBER(C69),ISNUMBER(G69)), C69-G69, "") -> 460.3 | I69: =IFERROR(H69/G69, "") -> 0.12729535
A70: Old Ranch Town Center | B70: CA | C70: 1461.2817 | D70: NA | E70: =IF(AND(ISNUMBER(C70),ISNUMBER(D70)), C70-D70, "") | F70: =IFERROR(E70/D70, "") | G70: 1587 | H70: =IF(AND(ISNUMBER(C70),ISNUMBER(G70)), C70-G70, "") -> -125.71826 | I70: =IFERROR(H70/G70, "") -> -0.079217556
A71: Mountain Gate Plaza | B71: CA | C71: 10399.4 | D71: NA | E71: =IF(AND(ISNUMBER(C71),ISNUMBER(D71)), C71-D71, "") | F71: =IFERROR(E71/D71, "") | G71: 10810 | H71: =IF(AND(ISNUMBER(C71),ISNUMBER(G71)), C71-G71, "") -> -410.6 | I71: =IFERROR(H71/G71, "") -> -0.037983349
A72: Arcadia Main | B72: CA | C72: 4669.9695 | D72: NA | E72: =IF(AND(ISNUMBER(C72),ISNUMBER(D72)), C72-D72, "") | F72: =IFERROR(E72/D72, "") | G72: 5150 | H72: =IF(AND(ISNUMBER(C72),ISNUMBER(G72)), C72-G72, "") -> -480.03053 | I72: =IFERROR(H72/G72, "") -> -0.093209811
A73: Fairfield | B73: CA | C73: 5151.7617 | D73: 5046.2 | E73: =IF(AND(ISNUMBER(C73),ISNUMBER(D73)), C73-D73, "") -> 105.56166 | F73: =IFERROR(E73/D73, "") -> 0.02091904 | G73: 4903 | H73: =IF(AND(ISNUMBER(C73),ISNUMBER(G73)), C73-G73, "") -> 248.76166 | I73: =IFERROR(H73/G73, "") -> 0.050736623
A74: Los Gatos | B74: CA | C74: 2858.0046 | D74: 2849.903 | E74: =IF(AND(ISNUMBER(C74),ISNUMBER(D74)), C74-D74, "") -> 8.1016436 | F74: =IFERROR(E74/D74, "") -> 0.0028427787 | G74: 0 | H74: =IF(AND(ISNUMBER(C74),ISNUMBER(G74)), C74-G74, "") -> 2858.0046 | I74: =IFERROR(H74/G74, "")
A75: San Marino | B75: CA | C75: 3834.7 | D75: 4617.916 | E75: =IF(AND(ISNUMBER(C75),ISNUMBER(D75)), C75-D75, "") -> -783.216 | F75: =IFERROR(E75/D75, "") -> -0.16960378 | G75: 6185.349 | H75: =IF(AND(ISNUMBER(C75),ISNUMBER(G75)), C75-G75, "") -> -2350.649 | I75: =IFERROR(H75/G75, "") -> -0.38003498 | J75: 1.Inverter 2 is down a string from 04/25 | K75: 1. SR100421
A76: Buenaventura | B76: CA | C76: 5898.0078 | D76: 4300.907 | E76: =IF(AND(ISNUMBER(C76),ISNUMBER(D76)), C76-D76, "") -> 1597.1008 | F76: =IFERROR(E76/D76, "") -> 0.37134047 | G76: 6331.402 | H76: =IF(AND(ISNUMBER(C76),ISNUMBER(G76)), C76-G76, "") -> -433.39419 | I76: =IFERROR(H76/G76, "") -> -0.068451535
A77: N Black Canyon Hwy, Phoenix - North | B77: AZ | C77: 104373.5 | D77: 90016.72 | E77: =IF(AND(ISNUMBER(C77),ISNUMBER(D77)), C77-D77, "") -> 14356.78 | F77: =IFERROR(E77/D77, "") -> 0.15949015 | G77: 103734 | H77: =IF(AND(ISNUMBER(C77),ISNUMBER(G77)), C77-G77, "") -> 639.5 | I77: =IFERROR(H77/G77, "") -> 0.0061648061
A78: N Black Canyon Hwy, Phoenix - South | B78: AZ | C78: 109630.88 | D78: 98742.83 | E78: =IF(AND(ISNUMBER(C78),ISNUMBER(D78)), C78-D78, "") -> 10888.045 | F78: =IFERROR(E78/D78, "") -> 0.11026669 | G78: 114142 | H78: =IF(AND(ISNUMBER(C78),ISNUMBER(G78)), C78-G78, "") -> -4511.125 | I78: =IFERROR(H78/G78, "") -> -0.039522043 | J78: 1. Inverter 16 is derating at 32 kW on 05/22, 05/24, 05/28, 05/29 and reporting "External Fan Err - ExtFanerr". | K78: 1. SR101864
A79: Building 2222, Rose Garden Ln, Phoenix | B79: AZ | C79: 141166.16 | D79: 135637.5 | E79: =IF(AND(ISNUMBER(C79),ISNUMBER(D79)), C79-D79, "") -> 5528.6583 | F79: =IFERROR(E79/D79, "") -> 0.040760544 | G79: 145680 | H79: =IF(AND(ISNUMBER(C79),ISNUMBER(G79)), C79-G79, "") -> -4513.8417 | I79: =IFERROR(H79/G79, "") -> -0.030984636
A80: Building 2202, Rose Garden Ln, Phoenix | B80: AZ | C80: 141412.75 | D80: 135364.7 | E80: =IF(AND(ISNUMBER(C80),ISNUMBER(D80)), C80-D80, "") -> 6048.05 | F80: =IFERROR(E80/D80, "") -> 0.044679669 | G80: 115500.9 | H80: =IF(AND(ISNUMBER(C80),ISNUMBER(G80)), C80-G80, "") -> 25911.85 | I80: =IFERROR(H80/G80, "") -> 0.22434327
A81: 99TH Ave & BELL | B81: AZ | C81: 25161.796 | D81: 24369.26 | E81: =IF(AND(ISNUMBER(C81),ISNUMBER(D81)), C81-D81, "") -> 792.53561 | F81: =IFERROR(E81/D81, "") -> 0.03252194 | G81: 25018 | H81: =IF(AND(ISNUMBER(C81),ISNUMBER(G81)), C81-G81, "") -> 143.79561 | I81: =IFERROR(H81/G81, "") -> 0.0057476862 | J81: 1. Inverter 2 is tripping on and offline frequently through out the month. | K81: 1. SR101434
A82: Rincon | B82: AZ | C82: 9598.3516 | D82: 8335.477 | E82: =IF(AND(ISNUMBER(C82),ISNUMBER(D82)), C82-D82, "") -> 1262.8746 | F82: =IFERROR(E82/D82, "") -> 0.15150597 | G82: 10052 | H82: =IF(AND(ISNUMBER(C82),ISNUMBER(G82)), C82-G82, "") -> -453.64844 | I82: =IFERROR(H82/G82, "") -> -0.045130167
A83: Tucson Main Parking Garage | B83: AZ | C83: 10922.016 | D83: 14365.77 | E83: =IF(AND(ISNUMBER(C83),ISNUMBER(D83)), C83-D83, "") -> -3443.7541 | F83: =IFERROR(E83/D83, "") -> -0.23971942 | G83: 13062 | H83: =IF(AND(ISNUMBER(C83),ISNUMBER(G83)), C83-G83, "") -> -2139.9841 | I83: =IFERROR(H83/G83, "") -> -0.1638328 | J83: 1. Production meter is reporting lower by approximately 7KW with B-phase current reading low compared to A&C. 2. Inverter 1 tripping on and off frequently on 05/17, 05/19, 05/20, 05/24, 05/25 due to "Grid Phase Voltage Out of Range - GridV.OutLim". | K83: 1. SR99589 2. SR101626 | L83: SR101626
A84: BE 199502 - Westgate | B84: CA | C84: 2685.8 | D84: NA | E84: =IF(AND(ISNUMBER(C84),ISNUMBER(D84)), C84-D84, "") | F84: =IFERROR(E84/D84, "") | G84: 2413.242 | H84: =IF(AND(ISNUMBER(C84),ISNUMBER(G84)), C84-G84, "") -> 272.558 | I84: =IFERROR(H84/G84, "") -> 0.11294267

Sheet Jun
A1: {=portfolio} -> Wells Fargo | D1: June Actual v. Expected | G1: June Actual v. Forecasted
A2: Total | C2: =SUM(C4:C87) -> 2291773.9 | D2: =SUM(D4:D87) -> 2076000.4 | E2: =C2-D2 -> 215773.5 | F2: =IFERROR(E2/D2, 0) -> 0.10393712 | G2: =SUM(G4:G87) -> 2367834.2 | H2: =C2-G2 -> -76060.379 | I2: =IFERROR(H2/G2, 0) -> -0.032122341 | J2: =IF(AND(TODAY()>DATE(2024, 6, 1), COUNTA(Sites[Site])<>(COUNT(C:C)-1)), "Some sites are missing actual data; if new sites were added, make sure they are aligned correctly (including prior months!)", "")
A3: Site | B3: State | C3: Actual | D3: Expected | E3: Delta | F3: % | G3: Forecasted | H3: Delta | I3: % | J3: Notes | K3: Service Requests
A4: {=Sites[Site]} -> Adams & Broadway | B4: {=Sites[State]} -> CA | C4: 1280.8 | D4: N/A | E4: =IF(AND(ISNUMBER(C4),ISNUMBER(D4)), C4-D4, "") | F4: =IFERROR(E4/D4, "") | G4: 1338 | H4: =IF(AND(ISNUMBER(C4),ISNUMBER(G4)), C4-G4, "") -> -57.2 | I4: =IFERROR(H4/G4, "") -> -0.042750374
A5: Otay Mesa | B5: CA | C5: 38.201 | D5: N/A | E5: =IF(AND(ISNUMBER(C5),ISNUMBER(D5)), C5-D5, "") | F5: =IFERROR(E5/D5, "") | G5: N/A | H5: =IF(AND(ISNUMBER(C5),ISNUMBER(G5)), C5-G5, "") | I5: =IFERROR(H5/G5, "") | J5: 1. Production data taken from consumption meter.
A6: San Leandro | B6: CA | C6: 0 | D6: N/A | E6: =IF(AND(ISNUMBER(C6),ISNUMBER(D6)), C6-D6, "") | F6: =IFERROR(E6/D6, "") | G6: 0 | H6: =IF(AND(ISNUMBER(C6),ISNUMBER(G6)), C6-G6, "") -> 0 | I6: =IFERROR(H6/G6, "") | J6: 1. Site was not communicated for whole month. | K6: 1. SR099548
A7: Van Nuys | B7: CA | C7: 2144.9 | D7: N/A | E7: =IF(AND(ISNUMBER(C7),ISNUMBER(D7)), C7-D7, "") | F7: =IFERROR(E7/D7, "") | G7: 2731.422 | H7: =IF(AND(ISNUMBER(C7),ISNUMBER(G7)), C7-G7, "") -> -586.522 | I7: =IFERROR(H7/G7, "") -> -0.21473137 | J7: 1. Compared to last year’s delta values, we can still see a negative variance for this site, which suggests an issue with the forecasted value.
A8: 98th & Grant | B8: CO | C8: 1894.9 | D8: N/A | E8: =IF(AND(ISNUMBER(C8),ISNUMBER(D8)), C8-D8, "") | F8: =IFERROR(E8/D8, "") | G8: 2315 | H8: =IF(AND(ISNUMBER(C8),ISNUMBER(G8)), C8-G8, "") -> -420.1 | I8: =IFERROR(H8/G8, "") -> -0.18146868 | J8: 1. Compared to last year’s delta values, we still see a negative variance for this site, which suggests an issue with the forecasted value. Additionally, we do not have inverter communications for this site.
A9: Arapahoe Crossings | B9: CO | C9: 3183.6997 | D9: N/A | E9: =IF(AND(ISNUMBER(C9),ISNUMBER(D9)), C9-D9, "") | F9: =IFERROR(E9/D9, "") | G9: 4280.957 | H9: =IF(AND(ISNUMBER(C9),ISNUMBER(G9)), C9-G9, "") -> -1097.2573 | I9: =IFERROR(H9/G9, "") -> -0.25631123 | J9: 1. Tech found inverter 3 has a derating issue that will need more troubleshooting and additionally the POA needs more troubleshooting to report accurately. | K9: 1. PM8080
A10: Aurora City Center | B10: CO | C10: 2153.5 | D10: N/A | E10: =IF(AND(ISNUMBER(C10),ISNUMBER(D10)), C10-D10, "") | F10: =IFERROR(E10/D10, "") | G10: 1950 | H10: =IF(AND(ISNUMBER(C10),ISNUMBER(G10)), C10-G10, "") -> 203.5 | I10: =IFERROR(H10/G10, "") -> 0.10435897
A11: Dry Creek | B11: CO | C11: 2659.2 | D11: N/A | E11: =IF(AND(ISNUMBER(C11),ISNUMBER(D11)), C11-D11, "") | F11: =IFERROR(E11/D11, "") | G11: 2528 | H11: =IF(AND(ISNUMBER(C11),ISNUMBER(G11)), C11-G11, "") -> 131.2 | I11: =IFERROR(H11/G11, "") -> 0.051898734
A12: Highlands Ranch S. | B12: CO | C12: 2194.1 | D12: N/A | E12: =IF(AND(ISNUMBER(C12),ISNUMBER(D12)), C12-D12, "") | F12: =IFERROR(E12/D12, "") | G12: 2420 | H12: =IF(AND(ISNUMBER(C12),ISNUMBER(G12)), C12-G12, "") -> -225.9 | I12: =IFERROR(H12/G12, "") -> -0.093347107
A13: Lone Tree | B13: CO | C13: 3084.9 | D13: N/A | E13: =IF(AND(ISNUMBER(C13),ISNUMBER(D13)), C13-D13, "") | F13: =IFERROR(E13/D13, "") | G13: 5490 | H13: =IF(AND(ISNUMBER(C13),ISNUMBER(G13)), C13-G13, "") -> -2405.1 | I13: =IFERROR(H13/G13, "") -> -0.43808743 | J13: 1. Inverter 2 was offline for the entire month and will be investigated in 2026 | K13: 1. SR101743
A14: Meridian | B14: CO | C14: 3588.3 | D14: N/A | E14: =IF(AND(ISNUMBER(C14),ISNUMBER(D14)), C14-D14, "") | F14: =IFERROR(E14/D14, "") | G14: 3132 | H14: =IF(AND(ISNUMBER(C14),ISNUMBER(G14)), C14-G14, "") -> 456.3 | I14: =IFERROR(H14/G14, "") -> 0.14568966
A15: Southglenn | B15: CO | C15: 3486.4 | D15: N/A | E15: =IF(AND(ISNUMBER(C15),ISNUMBER(D15)), C15-D15, "") | F15: =IFERROR(E15/D15, "") | G15: 3248 | H15: =IF(AND(ISNUMBER(C15),ISNUMBER(G15)), C15-G15, "") -> 238.4 | I15: =IFERROR(H15/G15, "") -> 0.073399015
A16: Standley Lake | B16: CO | C16: 3540.4 | D16: N/A | E16: =IF(AND(ISNUMBER(C16),ISNUMBER(D16)), C16-D16, "") | F16: =IFERROR(E16/D16, "") | G16: 4331 | H16: =IF(AND(ISNUMBER(C16),ISNUMBER(G16)), C16-G16, "") -> -790.6 | I16: =IFERROR(H16/G16, "") -> -0.18254445 | J16: 1. The site was offline from 10:15 to 11:30 on 06/13 due to technician was onsite for preventive maintenance. | K16: 1. PM9554
A17: Havana Gardens | B17: CO | C17: 4152.8 | D17: N/A | E17: =IF(AND(ISNUMBER(C17),ISNUMBER(D17)), C17-D17, "") | F17: =IFERROR(E17/D17, "") | G17: 1684 | H17: =IF(AND(ISNUMBER(C17),ISNUMBER(G17)), C17-G17, "") -> 2468.8 | I17: =IFERROR(H17/G17, "") -> 1.4660333 | J17: The plant is performing as expected. The forecasted (theoretical) values may appear lower and they are based on long-term average weather data (typically over 10–15 years). In contrast, the actual vs. expected generation reflects real-time weather conditions during the period, offering a more accurate representation of current performance.
A18: East Hartford | B18: CT | C18: 796.8 | D18: 1756.46 | E18: =IF(AND(ISNUMBER(C18),ISNUMBER(D18)), C18-D18, "") -> -959.66 | F18: =IFERROR(E18/D18, "") -> -0.54636029 | G18: 891.9238 | H18: =IF(AND(ISNUMBER(C18),ISNUMBER(G18)), C18-G18, "") -> -95.1238 | I18: =IFERROR(H18/G18, "") -> -0.10665014 | J18: 1. Site production was low on 06/07, 06/10, 06/14, 06/15, 06/17 due to cloudy weather and rain.
A19: Norwalk | B19: CT | C19: 950.54376 | D19: 9.775973 | E19: =IF(AND(ISNUMBER(C19),ISNUMBER(D19)), C19-D19, "") -> 940.76778 | F19: =IFERROR(E19/D19, "") -> 96.232649 | G19: 1042.865 | H19: =IF(AND(ISNUMBER(C19),ISNUMBER(G19)), C19-G19, "") -> -92.321244 | I19: =IFERROR(H19/G19, "") -> -0.088526554 | J19: 1. Weather station reporting erroneous values from 07/04/2024. Will investigate next time onsite 2. An intermittent issue with Meter Phase C/Power Factor is slightly affecting the reported energy production. A case has been created with AlsoEnergy, and they have confirmed a site visit for further investigation | K19: 1. SR088667 2. SR066760 SR077700 | L19: SR066760 | M19: SR077700
A20: Hialeah Gardens | B20: FL | C20: 756.10158 | D20: 3998.64 | E20: =IF(AND(ISNUMBER(C20),ISNUMBER(D20)), C20-D20, "") -> -3242.5384 | F20: =IFERROR(E20/D20, "") -> -0.81091031 | G20: 5101 | H20: =IF(AND(ISNUMBER(C20),ISNUMBER(G20)), C20-G20, "") -> -4344.8984 | I20: =IFERROR(H20/G20, "") -> -0.85177385 | J20: 1. Site underperforming by ~15 kW. Production appears capped at 1.6 kW on high irradiance days, with brief spikes. Will be investigating during next site visit. | K20: 1.SR098782
A21: W. Des Moines Campus EAST | B21: IA | C21: 187573 | D21: 177055.7 | E21: =IF(AND(ISNUMBER(C21),ISNUMBER(D21)), C21-D21, "") -> 10517.3 | F21: =IFERROR(E21/D21, "") -> 0.059401081 | G21: 203700 | H21: =IF(AND(ISNUMBER(C21),ISNUMBER(G21)), C21-G21, "") -> -16127 | I21: =IFERROR(H21/G21, "") -> -0.079170349
A22: W. Des Moines Campus SW | B22: IA | C22: 93644 | D22: 85696.14 | E22: =IF(AND(ISNUMBER(C22),ISNUMBER(D22)), C22-D22, "") -> 7947.86 | F22: =IFERROR(E22/D22, "") -> 0.092744667 | G22: 100117.4 | H22: =IF(AND(ISNUMBER(C22),ISNUMBER(G22)), C22-G22, "") -> -6473.4 | I22: =IFERROR(H22/G22, "") -> -0.064658091
A23: WF - CIC | B23: NC | C23: 203688 | D23: 201034.02 | E23: =IF(AND(ISNUMBER(C23),ISNUMBER(D23)), C23-D23, "") -> 2653.981 | F23: =IFERROR(E23/D23, "") -> 0.013201651 | G23: 209637 | H23: =IF(AND(ISNUMBER(C23),ISNUMBER(G23)), C23-G23, "") -> -5949 | I23: =IFERROR(H23/G23, "") -> -0.028377624
A24: Charlotte - Wells Fargo - DUC | B24: NC | C24: 204598.5 | D24: 221905.03 | E24: =IF(AND(ISNUMBER(C24),ISNUMBER(D24)), C24-D24, "") -> -17306.533 | F24: =IFERROR(E24/D24, "") -> -0.077990719 | G24: 183212 | H24: =IF(AND(ISNUMBER(C24),ISNUMBER(G24)), C24-G24, "") -> 21386.5 | I24: =IFERROR(H24/G24, "") -> 0.11673089
A25: East Windsor | B25: NJ | C25: 1055.1 | D25: 852.4384 | E25: =IF(AND(ISNUMBER(C25),ISNUMBER(D25)), C25-D25, "") -> 202.6616 | F25: =IFERROR(E25/D25, "") -> 0.2377434 | G25: 1071.14 | H25: =IF(AND(ISNUMBER(C25),ISNUMBER(G25)), C25-G25, "") -> -16.04 | I25: =IFERROR(H25/G25, "") -> -0.0149747
A26: Burlington | B26: NJ | C26: 2641.1 | D26: 2574.545 | E26: =IF(AND(ISNUMBER(C26),ISNUMBER(D26)), C26-D26, "") -> 66.555 | F26: =IFERROR(E26/D26, "") -> 0.02585117 | G26: 2790.497 | H26: =IF(AND(ISNUMBER(C26),ISNUMBER(G26)), C26-G26, "") -> -149.397 | I26: =IFERROR(H26/G26, "") -> -0.053537775
A27: Bayonne | B27: NJ | C27: 3371.3 | D27: 3112.869 | E27: =IF(AND(ISNUMBER(C27),ISNUMBER(D27)), C27-D27, "") -> 258.431 | F27: =IFERROR(E27/D27, "") -> 0.083020198 | G27: 3828.182 | H27: =IF(AND(ISNUMBER(C27),ISNUMBER(G27)), C27-G27, "") -> -456.882 | I27: =IFERROR(H27/G27, "") -> -0.11934699 | J27: As per site weather station data, the plant is performing as expected. The forecasted (theoretical) values appear higher because they are based on long-term average weather data (typically 10–15 years). In contrast, actual vs expected generation reflects real-time weather conditions during the period, providing a more accurate measure of current performance.
